{"type": "FeatureCollection", "features": [{"type": "Feature", "id": 1592, "geometry": {"type": "Polygon", "coordinates": [[[-50.6663438, -23.509321699309165], [-50.6664088, -23.509262099309158], [-50.666441199999994, -23.50923229930917], [-50.666473599999996, -23.50923239930916], [-50.666506, -23.50923239930917], [-50.6665384, -23.50923249930916], [-50.666603099999996, -23.509262499309163], [-50.666635299999996, -23.50935219930916], [-50.66666759999999, -23.50941199930917], [-50.666699799999996, -23.509471799309157], [-50.666731999999996, -23.50953169930916], [-50.6667644, -23.50956159930915], [-50.66679679999999, -23.509561699309153], [-50.6667966, -23.50962139930916], [-50.6668289, -23.50965139930916], [-50.6668612, -23.509681299309154], [-50.66689359999999, -23.50971129930915], [-50.6668934, -23.509770999309158], [-50.6669257, -23.509830799309153], [-50.666958, -23.50986079930914], [-50.6669579, -23.509890599309152], [-50.6669902, -23.509920599309147], [-50.667022499999995, -23.50995049930915], [-50.667022499999995, -23.50998039930915], [-50.667054799999995, -23.51001029930915], [-50.667086999999995, -23.510099999309148], [-50.6671192, -23.510159799309143], [-50.667151499999996, -23.51018979930915], [-50.6671838, -23.510219699309143], [-50.6671838, -23.510249599309137], [-50.667183699999995, -23.510279499309146], [-50.6672161, -23.510279599309143], [-50.667215999999996, -23.51030939930914], [-50.66721589999999, -23.510339299309138], [-50.667215899999995, -23.510369199309142], [-50.6672157, -23.51042889930914], [-50.6672156, -23.510488699309132], [-50.667215399999996, -23.510548399309133], [-50.667215299999995, -23.510608199309136], [-50.66721509999999, -23.510667899309134], [-50.667215, -23.51072769930913], [-50.667214799999996, -23.510787399309134], [-50.667214699999995, -23.51081729930914], [-50.66721469999999, -23.51084719930913], [-50.6671823, -23.51081719930913], [-50.6670855, -23.51066759930913], [-50.667021000000005, -23.510547999309143], [-50.6670211, -23.51051809930914], [-50.6669888, -23.510488199309133], [-50.66698889999999, -23.510458299309136], [-50.6669565, -23.510428399309145], [-50.6669242, -23.510398399309135], [-50.666891899999996, -23.510368499309127], [-50.666892, -23.510338599309144], [-50.666859599999995, -23.510338499309157], [-50.666859699999996, -23.51030869930914], [-50.666859699999996, -23.510278799309138], [-50.666827299999994, -23.51027869930914], [-50.666827399999995, -23.510248799309153], [-50.666795, -23.51024879930914], [-50.66679509999999, -23.51021889930914], [-50.6667628, -23.51018899930915], [-50.66673049999999, -23.51015899930915], [-50.6667305, -23.510129099309143], [-50.6666982, -23.51009919930915], [-50.6666983, -23.510069299309148], [-50.666666, -23.510039399309157], [-50.6666661, -23.509979599309148], [-50.66663380000001, -23.509949699309153], [-50.6666016, -23.50988989930915], [-50.6665692, -23.509859899309156], [-50.666569300000006, -23.509830099309156], [-50.666181599999994, -23.50941099930916], [-50.66621399999999, -23.509411099309155], [-50.6663438, -23.509321699309165]]]}, "properties": {"esp_cd": 155362, "cod_snisb": 0, "cod_sar": 0, "nmoriginal": " ", "nmalternat": " ", "nmgenerico": " ", "nmligacao": " ", "detipomass": "Artificial", "dedominial": "Estadual", "dedominio": "Corpo Hídrico Estadual", "defiscaliz": "ESTADO", "nmemp": " ", "fonmemp": " ", "dtreserv": " ", "fodtreserv": " ", "nuvolumhm3": 0, "fonuvolume": " ", "nuperimkm": 0.455917068516012, "nuareakm2": 0.00574208327938, "nuareaha": 0.57420832793799, "nucompgeom": 1.69668107767869, "usoprinc": " ", "fousoprinc": " ", "detipoapr": " ", "detipomda": " ", "salinidade": " ", "regime": " ", "nmriocomp": " ", "nmufe": "PARANÁ", "nmmun": "SANTO ANTÔNIO DO PARAÍSO", "defonte": " ", "desatelite": "Rapideye (MMA)", "deversao": "FBDS (2017)", "deobs": " ", "nuvzreg": 0, "nuvzlago": 0, "nuvzdeflu": 0, "cdtipooper": 0, "detipooper": " ", "fovzlago": " ", "fovzdeflu": " ", "fovzreg": " ", "cobarprin": 0, "cotrecho": 0, "nuvzrecebe": 0, "nuvztransf": 0, "deobsvazao": " ", "cocda2013": " ", "cocda2017": " ", "FID": 1592, "gid": 110328, "nmespecifi": " "}}, {"type": "Feature", "id": 22593, "geometry": {"type": "Polygon", "coordinates": [[[-50.683313899999995, -23.457017599310344], [-50.68334639999999, -23.456987799310337], [-50.683411199999995, -23.45695809931034], [-50.68347609999999, -23.45692829931035], [-50.683508499999995, -23.456898499310345], [-50.6835734, -23.456868799310346], [-50.6836382, -23.45683899931033], [-50.68370299999999, -23.45683919931034], [-50.68376769999999, -23.45683929931034], [-50.6838001, -23.456839399310347], [-50.683832499999994, -23.456839399310347], [-50.6838324, -23.456869299310345], [-50.6838647, -23.45689919931034], [-50.683897, -23.45692919931034], [-50.683929299999996, -23.45698899931034], [-50.683961599999996, -23.457018899310345], [-50.6840261, -23.457138599310337], [-50.6841552, -23.457288199310337], [-50.68421989999999, -23.457348099310327], [-50.683668499999996, -23.45770549931032], [-50.683668399999995, -23.45773529931033], [-50.6836684, -23.457765199310323], [-50.6836683, -23.45779509931032], [-50.6836682, -23.457824999310326], [-50.6836681, -23.457884699310316], [-50.683668, -23.45791459931032], [-50.6836679, -23.457944399310314], [-50.683667899999996, -23.457974299310322], [-50.683667799999995, -23.45800419931032], [-50.68366770000001, -23.45803409931032], [-50.6836353, -23.458033999310317], [-50.6836029, -23.458063799310317], [-50.6835056, -23.458123399310313], [-50.683473199999995, -23.45812329931032], [-50.68347310000001, -23.458153199310306], [-50.6834407, -23.45818299931031], [-50.68340829999999, -23.458182899310312], [-50.682565600000004, -23.458509799310296], [-50.6825331, -23.458539599310303], [-50.6825008, -23.458539599310313], [-50.682435899999994, -23.4585692993103], [-50.682371200000006, -23.4585691993103], [-50.6823387, -23.458598999310308], [-50.6823063, -23.4585988993103], [-50.6822739, -23.458628699310296], [-50.682209099999994, -23.45862859931031], [-50.6821767, -23.458628499310308], [-50.6821443, -23.45865829931031], [-50.682111899999995, -23.45865829931031], [-50.6820795, -23.458658199310303], [-50.682014699999996, -23.4586580993103], [-50.681982299999994, -23.458687899310306], [-50.681917500000004, -23.4586876993103], [-50.681885099999995, -23.458717599310294], [-50.6818527, -23.4587174993103], [-50.681787899999996, -23.458747199310295], [-50.681723, -23.458776999310306], [-50.6816259, -23.458776799310293], [-50.681560999999995, -23.458806499310295], [-50.681528699999994, -23.458806399310305], [-50.68146379999999, -23.458836199310294], [-50.6813991, -23.458836099310293], [-50.681399, -23.458865899310293], [-50.681334199999995, -23.4588657993103], [-50.6812694, -23.458895499310305], [-50.6812045, -23.458925299310295], [-50.681107399999995, -23.458925099310292], [-50.6810749, -23.458954899310292], [-50.68104259999999, -23.45895479931029], [-50.681010199999996, -23.45895479931029], [-50.6809453, -23.458984499310297], [-50.68091289999999, -23.459014299310297], [-50.6808805, -23.45901419931029], [-50.6808481, -23.459044099310297], [-50.6807832, -23.459073799310293], [-50.6807508, -23.45907369931029], [-50.680686099999996, -23.459073599310294], [-50.6805889, -23.45907339931029], [-50.680556499999994, -23.459073299310294], [-50.6804918, -23.459073199310293], [-50.68042699999999, -23.459073099310295], [-50.6803946, -23.45907299931029], [-50.6803622, -23.45907289931029], [-50.68029749999999, -23.459072799310295], [-50.680297599999996, -23.45904289931029], [-50.6802652, -23.45904289931029], [-50.6802005, -23.459012899310288], [-50.680135799999995, -23.45898279931029], [-50.680103499999994, -23.458952899310294], [-50.6800389, -23.458892999310297], [-50.6799742, -23.458862999310302], [-50.6799095, -23.4588030993103], [-50.6798449, -23.458773099310296], [-50.6798126, -23.4587132993103], [-50.679747899999995, -23.4586832993103], [-50.6797155, -23.458683199310293], [-50.6796832, -23.458653299310303], [-50.67965089999999, -23.45862339931031], [-50.6796186, -23.4585933993103], [-50.67955389999999, -23.458563399310304], [-50.6794892, -23.458533399310305], [-50.6794893, -23.458503499310304], [-50.679424600000004, -23.458473499310305], [-50.67932759999999, -23.458413599310312], [-50.679230499999996, -23.4583834993103], [-50.67913349999999, -23.458353399310308], [-50.6791011, -23.458323499310307], [-50.67906879999999, -23.4582934993103], [-50.679036599999996, -23.45823369931031], [-50.678971999999995, -23.458173799310313], [-50.6789397, -23.45811399931032], [-50.678939799999995, -23.458084199310314], [-50.678939899999996, -23.458054299310316], [-50.67894, -23.45802439931032], [-50.67893999999999, -23.457994499310317], [-50.678940100000005, -23.457964699310313], [-50.678972599999994, -23.457934899310324], [-50.678972599999994, -23.457904999310323], [-50.679005, -23.457904999310323], [-50.6790375, -23.457875199310333], [-50.679069899999995, -23.457845399310326], [-50.6791023, -23.45784549931032], [-50.6791024, -23.45781559931032], [-50.6791348, -23.457815699310324], [-50.6791348, -23.45778579931033], [-50.679167299999996, -23.457755999310333], [-50.6792321, -23.457726299310323], [-50.679264599999996, -23.457696499310323], [-50.6793294, -23.45766669931032], [-50.679361899999996, -23.457636899310323], [-50.6794267, -23.45760719931032], [-50.6794592, -23.457577399310328], [-50.6794916, -23.457547599310324], [-50.679556399999996, -23.45754769931033], [-50.6796212, -23.457517899310336], [-50.679686, -23.45751809931033], [-50.6797184, -23.457488299310324], [-50.67975080000001, -23.457488299310324], [-50.6798156, -23.457488499310337], [-50.67984799999999, -23.457488499310337], [-50.679880299999994, -23.457488599310324], [-50.6799451, -23.45748869931033], [-50.6799775, -23.457488799310326], [-50.680042199999995, -23.457488899310324], [-50.6800746, -23.45748899931033], [-50.680139399999995, -23.457489099310333], [-50.6802042, -23.45748929931033], [-50.6802365, -23.45748929931033], [-50.68026889999999, -23.457489399310326], [-50.680301299999996, -23.45748949931032], [-50.6803337, -23.457489499310327], [-50.680398399999994, -23.457489699310326], [-50.6804631, -23.45751969931032], [-50.680625, -23.45751999931033], [-50.6806574, -23.457520099310333], [-50.6808841, -23.457520499310323], [-50.680948900000004, -23.457520699310326], [-50.682406, -23.45755349931032], [-50.682470699999996, -23.45755359931033], [-50.6825355, -23.457553799310325], [-50.6826003, -23.457553899310327], [-50.6826327, -23.457524099310334], [-50.68269759999999, -23.457464499310333], [-50.68273, -23.457464599310324], [-50.6827949, -23.457404899310326], [-50.68289219999999, -23.457345399310327], [-50.682956999999995, -23.457315599310334], [-50.683054299999995, -23.457256099310335], [-50.6830868, -23.45722629931033], [-50.6831192, -23.45719649931034], [-50.68315179999999, -23.457136799310344], [-50.683216699999996, -23.45704729931034], [-50.6832491, -23.457047399310344], [-50.683313899999995, -23.457017599310344]]]}, "properties": {"esp_cd": 121911, "cod_snisb": 0, "cod_sar": 0, "nmoriginal": " ", "nmalternat": " ", "nmgenerico": " ", "nmligacao": " ", "detipomass": "Artificial", "dedominial": "Estadual", "dedominio": "Corpo Hídrico Estadual", "defiscaliz": "ESTADO", "nmemp": " ", "fonmemp": " ", "dtreserv": " ", "fodtreserv": " ", "nuvolumhm3": 0, "fonuvolume": " ", "nuperimkm": 1.31443714667372, "nuareakm2": 0.066200318427466, "nuareaha": 6.62003184274663, "nucompgeom": 1.44065135848481, "usoprinc": " ", "fousoprinc": " ", "detipoapr": " ", "detipomda": " ", "salinidade": " ", "regime": " ", "nmriocomp": " ", "nmufe": "PARANÁ", "nmmun": "SÃO SEBASTIÃO DA AMOREIRA", "defonte": " ", "desatelite": "Rapideye (MMA)", "deversao": "FBDS (2017)", "deobs": " ", "nuvzreg": 0, "nuvzlago": 0, "nuvzdeflu": 0, "cdtipooper": 0, "detipooper": " ", "fovzlago": " ", "fovzdeflu": " ", "fovzreg": " ", "cobarprin": 0, "cotrecho": 0, "nuvzrecebe": 0, "nuvztransf": 0, "deobsvazao": " ", "cocda2013": " ", "cocda2017": " ", "FID": 22593, "gid": 91163, "nmespecifi": " "}}, {"type": "Feature", "id": 28029, "geometry": {"type": "Polygon", "coordinates": [[[-50.6743318, -23.44884349931052], [-50.67436429999999, -23.448813699310517], [-50.6744615, -23.448783999310518], [-50.674493899999995, -23.44878409931052], [-50.6745263, -23.44878409931053], [-50.674591, -23.44878429931053], [-50.6746882, -23.44878449931052], [-50.674785199999995, -23.448814499310526], [-50.674817499999996, -23.44884449931053], [-50.6748821, -23.448904399310525], [-50.67494680000001, -23.448964199310524], [-50.675011399999995, -23.44902409931052], [-50.675043599999995, -23.449083899310516], [-50.675075799999995, -23.449143799310516], [-50.675108099999996, -23.449173699310514], [-50.67514029999999, -23.449263399310514], [-50.6752049, -23.44932329931051], [-50.67520479999999, -23.44935309931051], [-50.6752372, -23.449383099310516], [-50.6752694, -23.449442899310508], [-50.67536630000001, -23.449532699310506], [-50.6753985, -23.449592499310523], [-50.67539850000001, -23.449622399310496], [-50.67543080000001, -23.4496523993105], [-50.675463099999995, -23.449682299310506], [-50.675495399999996, -23.449712199310508], [-50.675495299999994, -23.4497420993105], [-50.675527699999996, -23.449742199310506], [-50.6755924, -23.449772199310498], [-50.6756248, -23.449772299310503], [-50.6756247, -23.449802099310503], [-50.6756571, -23.44980219931051], [-50.675689399999996, -23.449832099310505], [-50.6757217, -23.449862099310497], [-50.675721599999996, -23.449891999310502], [-50.675721499999995, -23.4499516993105], [-50.67572129999999, -23.450011499310502], [-50.6757212, -23.4500412993105], [-50.67572109999999, -23.45010109931049], [-50.6756886, -23.45016079931048], [-50.675656, -23.450220399310492], [-50.675623599999994, -23.45025019931049], [-50.675591, -23.45033979931049], [-50.6755584, -23.450429399310483], [-50.675558300000006, -23.450489099310484], [-50.67552569999999, -23.45054879931048], [-50.675525500000006, -23.45063839931048], [-50.67552539999999, -23.450698199310484], [-50.675525199999996, -23.450757899310474], [-50.6755251, -23.450787799310476], [-50.675525, -23.450847499310484], [-50.67555720000001, -23.450907299310476], [-50.6755572, -23.45093719931047], [-50.6755893, -23.45102689931047], [-50.67562160000001, -23.451086699310476], [-50.6756537, -23.45117639931047], [-50.67568599999999, -23.45120639931048], [-50.6756859, -23.45123619931048], [-50.6756858, -23.451295999310474], [-50.675718, -23.451355799310466], [-50.675717899999995, -23.45141549931047], [-50.6757178, -23.45144539931047], [-50.67571770000001, -23.451505199310464], [-50.67571749999999, -23.451564899310462], [-50.675717399999996, -23.45162469931047], [-50.67571729999999, -23.451654499310465], [-50.6757172, -23.45168439931046], [-50.6756846, -23.451773999310454], [-50.6756197, -23.451833599310454], [-50.675554899999995, -23.451863299310453], [-50.6755225, -23.45186319931045], [-50.6754901, -23.451893099310457], [-50.6752634, -23.451892599310455], [-50.675231, -23.451892499310446], [-50.6751988, -23.451832699310454], [-50.675166499999996, -23.451802799310457], [-50.675069699999995, -23.45165319931046], [-50.675037499999995, -23.451563499310467], [-50.6750052, -23.451533599310462], [-50.675005299999995, -23.451503699310468], [-50.6749729, -23.45150359931046], [-50.674972999999994, -23.451473699310462], [-50.674940799999995, -23.451383999310462], [-50.674908499999994, -23.451354099310464], [-50.6748762, -23.451324199310474], [-50.674876299999994, -23.451294299310472], [-50.674876399999995, -23.451264399310464], [-50.674844099999994, -23.451204599310472], [-50.67481180000001, -23.451204499310467], [-50.67481180000001, -23.451174699310464], [-50.67477950000001, -23.451144699310476], [-50.6747796, -23.451114799310464], [-50.6747797, -23.451084999310478], [-50.674779799999996, -23.451025199310468], [-50.6747475, -23.450995299310474], [-50.674747599999996, -23.45096539931048], [-50.6747477, -23.450935499310482], [-50.674747800000006, -23.450875799310484], [-50.6747479, -23.45084589931048], [-50.6747479, -23.450815999310482], [-50.674748, -23.45078619931048], [-50.674780500000004, -23.450756399310468], [-50.6748129, -23.450726499310484], [-50.674845399999995, -23.450696699310477], [-50.674845499999996, -23.45066689931048], [-50.6748456, -23.450607099310485], [-50.6748457, -23.45054739931049], [-50.67484579999999, -23.450517499310486], [-50.6748136, -23.450457699310487], [-50.6747813, -23.450427699310488], [-50.6747167, -23.450367899310486], [-50.6746844, -23.45033789931049], [-50.6746197, -23.450307899310484], [-50.6745549, -23.45030779931049], [-50.6744901, -23.450307599310495], [-50.6744578, -23.450307599310495], [-50.6744254, -23.45030749931049], [-50.6743606, -23.450337199310486], [-50.6743281, -23.450366999310486], [-50.6742956, -23.450396899310483], [-50.67426329999999, -23.450396799310493], [-50.6742309, -23.45039669931049], [-50.6742308, -23.450426599310486], [-50.674198399999995, -23.450426499310492], [-50.6741661, -23.450426499310492], [-50.6741337, -23.45042639931048], [-50.6741013, -23.450426299310482], [-50.674068899999995, -23.450426299310482], [-50.67400419999999, -23.450396199310497], [-50.6739395, -23.450366199310487], [-50.67387489999999, -23.450306399310495], [-50.6738102, -23.45027629931049], [-50.6738103, -23.450246499310488], [-50.6737779, -23.45024639931049], [-50.6737456, -23.4502164993105], [-50.673713199999995, -23.45021639931049], [-50.673680899999994, -23.450216299310487], [-50.6736161, -23.450216199310503], [-50.6735513, -23.450216099310484], [-50.6734866, -23.45021589931049], [-50.673454199999995, -23.450215799310495], [-50.6734218, -23.450215799310495], [-50.6733894, -23.450215699310487], [-50.673357100000004, -23.45021559931049], [-50.673324799999996, -23.450185699310495], [-50.6732601, -23.450155699310496], [-50.6731954, -23.4501256993105], [-50.673163, -23.450125599310493], [-50.6731306, -23.45012549931049], [-50.67309830000001, -23.45009559931049], [-50.6730336, -23.450095499310493], [-50.6729689, -23.450065499310494], [-50.672936500000006, -23.450065399310503], [-50.6729041, -23.450065299310502], [-50.672871699999995, -23.450065299310502], [-50.672807, -23.4500650993105], [-50.6727746, -23.4500650993105], [-50.672742199999995, -23.450064999310495], [-50.6727098, -23.450064899310487], [-50.6726775, -23.450064799310503], [-50.67261269999999, -23.450064699310488], [-50.67258030000001, -23.450064599310494], [-50.6725804, -23.450034799310494], [-50.672580499999995, -23.44997499931049], [-50.672580700000005, -23.449915299310497], [-50.672613299999995, -23.449825699310498], [-50.672678299999994, -23.449736199310507], [-50.672775599999994, -23.4496766993105], [-50.6729051, -23.4496470993105], [-50.673034699999995, -23.449617499310506], [-50.67316429999999, -23.449587899310504], [-50.673261499999995, -23.449588099310514], [-50.6732939, -23.449588199310508], [-50.6733587, -23.449558399310508], [-50.6734235, -23.449528699310505], [-50.6734884, -23.449498899310502], [-50.6735207, -23.449498999310503], [-50.673585599999996, -23.449469299310515], [-50.67361789999999, -23.449469299310515], [-50.6737152, -23.44943969931051], [-50.673779999999994, -23.44940989931051], [-50.673812399999996, -23.449380099310517], [-50.6738448, -23.449380199310507], [-50.673909699999996, -23.449350399310518], [-50.67397449999999, -23.449320699310512], [-50.6740393, -23.44929099931051], [-50.6740718, -23.449261199310506], [-50.674104199999995, -23.44923139931051], [-50.6741366, -23.44923139931051], [-50.6741367, -23.449201499310526], [-50.674169199999994, -23.449141899310508], [-50.6741694, -23.449082099310516], [-50.674202, -23.448992599310518], [-50.6742345, -23.44893289931052], [-50.6742346, -23.448902999310523], [-50.674267, -23.44887319931052], [-50.674299399999995, -23.448873299310517], [-50.6743318, -23.44884349931052]]]}, "properties": {"esp_cd": 106678, "cod_snisb": 0, "cod_sar": 0, "nmoriginal": " ", "nmalternat": " ", "nmgenerico": " ", "nmligacao": " ", "detipomass": "Artificial", "dedominial": "Estadual", "dedominio": "Corpo Hídrico Estadual", "defiscaliz": "ESTADO", "nmemp": " ", "fonmemp": " ", "dtreserv": " ", "fodtreserv": " ", "nuvolumhm3": 0, "fonuvolume": " ", "nuperimkm": 1.17543797801005, "nuareakm2": 0.045450348233668, "nuareaha": 4.54503482336678, "nucompgeom": 1.55482036115094, "usoprinc": " ", "fousoprinc": " ", "detipoapr": " ", "detipomda": " ", "salinidade": " ", "regime": " ", "nmriocomp": " ", "nmufe": "PARANÁ", "nmmun": "SÃO SEBASTIÃO DA AMOREIRA", "defonte": " ", "desatelite": "Rapideye (MMA)", "deversao": "FBDS (2017)", "deobs": " ", "nuvzreg": 0, "nuvzlago": 0, "nuvzdeflu": 0, "cdtipooper": 0, "detipooper": " ", "fovzlago": " ", "fovzdeflu": " ", "fovzreg": " ", "cobarprin": 0, "cotrecho": 0, "nuvzrecebe": 0, "nuvztransf": 0, "deobsvazao": " ", "cocda2013": " ", "cocda2017": " ", "FID": 28029, "gid": 195415, "nmespecifi": " "}}, {"type": "Feature", "id": 30215, "geometry": {"type": "Polygon", "coordinates": [[[-50.6566482, -23.494820699309496], [-50.65676089999999, -23.4945729993095], [-50.6567934, -23.49451329930949], [-50.65711689999999, -23.4946633993095], [-50.6571493, -23.494663499309485], [-50.657181699999995, -23.494663499309485], [-50.6572141, -23.494663599309487], [-50.6572465, -23.49466369930949], [-50.6573113, -23.49466379930949], [-50.6573437, -23.4946638993095], [-50.657376, -23.494663999309488], [-50.6574084, -23.494663999309488], [-50.657440799999996, -23.494664099309492], [-50.6574732, -23.49466419930949], [-50.6575055, -23.494694099309495], [-50.657570199999995, -23.494753999309495], [-50.657602399999995, -23.49481379930949], [-50.65766699999999, -23.49487369930949], [-50.6576994, -23.494873799309488], [-50.6577317, -23.494903699309493], [-50.6577317, -23.49493359930949], [-50.65776400000001, -23.49493369930949], [-50.657796399999995, -23.49493379930949], [-50.6578288, -23.49493379930949], [-50.6578612, -23.494933899309487], [-50.65789350000001, -23.494963899309486], [-50.6579259, -23.494963899309486], [-50.657958199999996, -23.494993899309485], [-50.6579905, -23.49502379930949], [-50.6580229, -23.49505379930948], [-50.6580228, -23.495083599309474], [-50.65805509999999, -23.49511359930949], [-50.6580874, -23.495143499309478], [-50.6581197, -23.495173499309487], [-50.658184399999996, -23.49520349930948], [-50.658281599999995, -23.49520369930948], [-50.658346400000006, -23.49520379930948], [-50.658411199999996, -23.495203999309474], [-50.6584759, -23.495204099309486], [-50.6585407, -23.49523409930948], [-50.658573, -23.495234199309486], [-50.6586701, -23.495264299309483], [-50.6586701, -23.495294199309477], [-50.6587672, -23.495324299309484], [-50.65879949999999, -23.495324299309484], [-50.658856799999995, -23.495377399309476], [-50.6588642, -23.495384199309488], [-50.658888, -23.495384299309475], [-50.6588966, -23.495384299309475], [-50.6588992, -23.495386699309474], [-50.65892889999999, -23.495414199309472], [-50.6589612, -23.495444199309475], [-50.6589611, -23.49547399930948], [-50.65896099999999, -23.49550389930947], [-50.658961, -23.495533799309477], [-50.6589284, -23.495593499309475], [-50.658896, -23.495623299309468], [-50.6588309, -23.495712799309473], [-50.6587659, -23.49580219930947], [-50.658733399999996, -23.495861899309464], [-50.658701, -23.49586179930948], [-50.6586686, -23.495861799309466], [-50.6586362, -23.495861699309465], [-50.658603899999996, -23.49583179930947], [-50.6585715, -23.495831699309473], [-50.65853919999999, -23.49580169930946], [-50.65847449999999, -23.495771699309472], [-50.658442099999995, -23.495771699309472], [-50.6584098, -23.495741699309473], [-50.6583774, -23.49574159930947], [-50.6583451, -23.49571169930947], [-50.658312699999996, -23.495711599309466], [-50.658248, -23.495681599309474], [-50.6582156, -23.49568149930947], [-50.658183199999996, -23.49568149930947], [-50.65815079999999, -23.49568139930947], [-50.658086, -23.495681199309477], [-50.65802120000001, -23.495681099309472], [-50.6579888, -23.495710899309472], [-50.657956399999996, -23.495710799309474], [-50.657923999999994, -23.495710799309474], [-50.6578916, -23.49571069930948], [-50.65785919999999, -23.495710599309465], [-50.65782670000001, -23.49574039930946], [-50.65776199999999, -23.495740299309468], [-50.6576972, -23.495740099309472], [-50.6576648, -23.495740099309472], [-50.657599999999995, -23.495739899309473], [-50.6575353, -23.49570989930947], [-50.657470499999995, -23.49570979930948], [-50.6574381, -23.495709699309465], [-50.657340999999995, -23.495679599309472], [-50.6572763, -23.49564959930947], [-50.6572439, -23.49564949930947], [-50.65721149999999, -23.49564949930947], [-50.657179199999995, -23.49561949930948], [-50.6571146, -23.495559599309473], [-50.6570499, -23.495529599309474], [-50.6569852, -23.495499599309472], [-50.6569528, -23.495499499309478], [-50.656855799999995, -23.495439599309478], [-50.6567588, -23.495349699309486], [-50.656694099999996, -23.49531969930949], [-50.6566294, -23.495319599309486], [-50.656597, -23.495319499309478], [-50.656499800000006, -23.495319299309482], [-50.65646739999999, -23.495319199309467], [-50.6564675, -23.495289299309476], [-50.65646759999999, -23.495229599309486], [-50.6564677, -23.495199699309488], [-50.656467799999994, -23.495169799309487], [-50.65653299999999, -23.49499069930949], [-50.6565655, -23.49496089930949], [-50.6565656, -23.494931099309493], [-50.65659799999999, -23.494931099309497], [-50.6566482, -23.494820699309496]]]}, "properties": {"esp_cd": 223952, "cod_snisb": 0, "cod_sar": 0, "nmoriginal": " ", "nmalternat": " ", "nmgenerico": " ", "nmligacao": " ", "detipomass": "Artificial", "dedominial": "Estadual", "dedominio": "Corpo Hídrico Estadual", "defiscaliz": "ESTADO", "nmemp": " ", "fonmemp": " ", "dtreserv": " ", "fodtreserv": " ", "nuvolumhm3": 0, "fonuvolume": " ", "nuperimkm": 0.674344551419891, "nuareakm2": 0.019517824615642, "nuareaha": 1.95178246156416, "nucompgeom": 1.36117904795503, "usoprinc": " ", "fousoprinc": " ", "detipoapr": " ", "detipomda": " ", "salinidade": " ", "regime": " ", "nmriocomp": " ", "nmufe": "PARANÁ", "nmmun": "SANTO ANTÔNIO DO PARAÍSO, SÃO SEBASTIÃO DA AMOREIRA", "defonte": " ", "desatelite": "Rapideye (MMA)", "deversao": "FBDS (2017)", "deobs": " ", "nuvzreg": 0, "nuvzlago": 0, "nuvzdeflu": 0, "cdtipooper": 0, "detipooper": " ", "fovzlago": " ", "fovzdeflu": " ", "fovzreg": " ", "cobarprin": 0, "cotrecho": 0, "nuvzrecebe": 0, "nuvztransf": 0, "deobsvazao": " ", "cocda2013": " ", "cocda2017": " ", "FID": 30215, "gid": 165630, "nmespecifi": " "}}, {"type": "Feature", "id": 32942, "geometry": {"type": "Polygon", "coordinates": [[[-50.66968319999999, -23.469207899310067], [-50.6695861, -23.46920769931006], [-50.6695213, -23.46920759931007], [-50.6694566, -23.469207399310058], [-50.669424199999995, -23.469207399310058], [-50.6693594, -23.469207199310063], [-50.669262200000006, -23.469206999310057], [-50.669229900000005, -23.469177099310066], [-50.669165199999995, -23.469176899310064], [-50.669067999999996, -23.46917669931007], [-50.6690033, -23.46914669931007], [-50.6689386, -23.469116699310067], [-50.668873899999994, -23.469116599310063], [-50.6688415, -23.46908659931006], [-50.668776799999996, -23.469056599310065], [-50.6687769, -23.469026699310074], [-50.668712199999995, -23.46899669931007], [-50.6686799, -23.468966799310074], [-50.66864759999999, -23.46893679931007], [-50.668583, -23.468876999310073], [-50.6685507, -23.468846999310077], [-50.668518399999996, -23.468817099310066], [-50.66842129999999, -23.46878699931008], [-50.668389, -23.46875709931008], [-50.668356599999996, -23.468756999310084], [-50.6683242, -23.46875689931008], [-50.6682918, -23.46875679931008], [-50.66825939999999, -23.46875679931008], [-50.66822709999999, -23.46875669931007], [-50.6681947, -23.468756599310076], [-50.6681299, -23.46875649931007], [-50.668097499999995, -23.468756399310077], [-50.6680651, -23.468756399310077], [-50.667967999999995, -23.468756199310075], [-50.66793560000001, -23.46875609931007], [-50.6679357, -23.468726199310073], [-50.6679357, -23.46869629931008], [-50.6679682, -23.468666499310068], [-50.6679684, -23.468606799310077], [-50.668000799999994, -23.468576999310073], [-50.6680334, -23.46848739931008], [-50.668065999999996, -23.468427799310085], [-50.66809839999999, -23.46839789931008], [-50.668163299999996, -23.468338299310076], [-50.6682607, -23.46824889931009], [-50.6682608, -23.468218999310086], [-50.668325599999996, -23.468189299310087], [-50.66842289999999, -23.468129799310084], [-50.66919909999999, -23.46854969931008], [-50.669231499999995, -23.46854969931008], [-50.669231399999994, -23.468579599310086], [-50.669263799999996, -23.46857969931008], [-50.6692961, -23.468609599310078], [-50.6693285, -23.468609699310072], [-50.669393199999995, -23.46863969931008], [-50.6694902, -23.468699599310074], [-50.6695874, -23.46869979931007], [-50.6696521, -23.46872989931008], [-50.669684399999994, -23.46872989931008], [-50.669716799999996, -23.468729999310078], [-50.669781500000006, -23.468759999310073], [-50.669846199999995, -23.468789999310072], [-50.6699433, -23.468820099310072], [-50.669975699999995, -23.46882019931008], [-50.6700081, -23.46882019931008], [-50.6700404, -23.468820299310075], [-50.6700728, -23.46885019931007], [-50.6701051, -23.468850299310077], [-50.67013749999999, -23.468850399310075], [-50.67016979999999, -23.468880299310072], [-50.6702346, -23.46888049931008], [-50.67033159999999, -23.468940399310068], [-50.6703963, -23.468970399310066], [-50.67062250000001, -23.469150199310075], [-50.6706225, -23.469179999310064], [-50.6706224, -23.46920989931007], [-50.67059, -23.469209799310065], [-50.67052519999999, -23.469209699310063], [-50.6704605, -23.469209599310073], [-50.6703632, -23.46923919931007], [-50.6702984, -23.46926899931006], [-50.670233599999996, -23.469268799310058], [-50.67016890000001, -23.46926869931007], [-50.6701365, -23.46926859931007], [-50.670104099999996, -23.46926859931007], [-50.6700717, -23.469268499310065], [-50.6700069, -23.469268299310063], [-50.669974599999996, -23.469268299310063], [-50.669942199999994, -23.46926819931006], [-50.6699098, -23.469268099310064], [-50.6698774, -23.469268099310064], [-50.669845099999996, -23.46923809931006], [-50.66978029999999, -23.46923799931007], [-50.66968319999999, -23.469207899310067]]]}, "properties": {"esp_cd": 153343, "cod_snisb": 0, "cod_sar": 0, "nmoriginal": " ", "nmalternat": " ", "nmgenerico": " ", "nmligacao": " ", "detipomass": "Artificial", "dedominial": "Estadual", "dedominio": "Corpo Hídrico Estadual", "defiscaliz": "ESTADO", "nmemp": " ", "fonmemp": " ", "dtreserv": " ", "fodtreserv": " ", "nuvolumhm3": 0, "fonuvolume": " ", "nuperimkm": 0.655857538435407, "nuareakm2": 0.015073178738477, "nuareaha": 1.50731787384771, "nucompgeom": 1.50645512240112, "usoprinc": " ", "fousoprinc": " ", "detipoapr": " ", "detipomda": " ", "salinidade": " ", "regime": " ", "nmriocomp": " ", "nmufe": "PARANÁ", "nmmun": "SÃO SEBASTIÃO DA AMOREIRA", "defonte": " ", "desatelite": "Rapideye (MMA)", "deversao": "FBDS (2017)", "deobs": " ", "nuvzreg": 0, "nuvzlago": 0, "nuvzdeflu": 0, "cdtipooper": 0, "detipooper": " ", "fovzlago": " ", "fovzdeflu": " ", "fovzreg": " ", "cobarprin": 0, "cotrecho": 0, "nuvzrecebe": 0, "nuvztransf": 0, "deobsvazao": " ", "cocda2013": " ", "cocda2017": " ", "FID": 32942, "gid": 224566, "nmespecifi": " "}}, {"type": "Feature", "id": 39135, "geometry": {"type": "Polygon", "coordinates": [[[-50.6692294, -23.495376699309475], [-50.669261799999994, -23.495346899309478], [-50.66929419999999, -23.49534699930948], [-50.669326600000005, -23.49534699930948], [-50.669359, -23.49534709930948], [-50.669391399999995, -23.49534719930948], [-50.6694238, -23.49534719930948], [-50.6694886, -23.495347399309484], [-50.669520999999996, -23.495347399309484], [-50.6695534, -23.495347499309485], [-50.6696181, -23.495347599309476], [-50.669650499999996, -23.495347699309477], [-50.6696829, -23.49534779930948], [-50.66974769999999, -23.49534789930948], [-50.6697476, -23.495377799309477], [-50.6698124, -23.495377899309478], [-50.66984479999999, -23.495377999309476], [-50.6699096, -23.49537809930947], [-50.669942, -23.49537819930948], [-50.670006799999996, -23.49537829930947], [-50.6700391, -23.49540829930947], [-50.6701039, -23.495408399309483], [-50.670201, -23.495408599309478], [-50.67026569999999, -23.495438599309473], [-50.6703305, -23.495438799309476], [-50.6703628, -23.495468699309477], [-50.6704276, -23.495468799309474], [-50.6704599, -23.495498799309477], [-50.6704923, -23.495498899309464], [-50.670557, -23.495528899309477], [-50.670621700000005, -23.495558899309472], [-50.6707512, -23.495618899309466], [-50.670848299999996, -23.495619099309472], [-50.67088059999999, -23.495649099309475], [-50.6709454, -23.495649199309476], [-50.671042500000006, -23.495679299309472], [-50.6710749, -23.495679299309472], [-50.6711396, -23.495709299309468], [-50.671236799999996, -23.495709599309464], [-50.671269099999996, -23.49573949930947], [-50.67133389999999, -23.495739599309474], [-50.671366199999994, -23.49576959930947], [-50.67143099999999, -23.495769699309477], [-50.671528099999996, -23.49579979930947], [-50.6715604, -23.495829699309468], [-50.671625199999994, -23.49582989930947], [-50.671657599999996, -23.49582989930947], [-50.67172229999999, -23.495859899309465], [-50.6717547, -23.495859999309467], [-50.671819400000004, -23.495889999309465], [-50.6718841, -23.495919999309464], [-50.6719812, -23.495950099309464], [-50.672045999999995, -23.49595019930946], [-50.6721431, -23.49598029930947], [-50.67217540000001, -23.496010299309454], [-50.672207799999995, -23.496010299309454], [-50.6722401, -23.496040299309456], [-50.6723048, -23.49607029930946], [-50.6723694, -23.49615999930946], [-50.672401799999996, -23.496160099309463], [-50.6724664, -23.496219999309453], [-50.67253099999999, -23.496279899309457], [-50.672531, -23.496309799309447], [-50.672563200000006, -23.49636959930946], [-50.6726278, -23.496459299309453], [-50.6726277, -23.49648919930946], [-50.6726599, -23.49654899930944], [-50.6726598, -23.49660879930945], [-50.6726919, -23.496728299309446], [-50.672724200000005, -23.496758299309445], [-50.67275639999999, -23.496847999309445], [-50.6728209, -23.496967599309443], [-50.672820800000004, -23.49699749930944], [-50.672852999999996, -23.497057299309436], [-50.672852999999996, -23.497087199309433], [-50.67291729999999, -23.497266499309436], [-50.6729172, -23.497296399309445], [-50.672949499999994, -23.497356199309433], [-50.6729585, -23.497415299309434], [-50.67298129999999, -23.497565399309423], [-50.672981199999995, -23.49762519930942], [-50.6725929, -23.497474999309425], [-50.672560499999996, -23.497474899309434], [-50.672528099999994, -23.497474799309433], [-50.6724634, -23.49744479930943], [-50.6724311, -23.497384999309425], [-50.672366399999994, -23.497354999309433], [-50.6723017, -23.49732499930943], [-50.672204699999995, -23.497264999309444], [-50.6721077, -23.49720509930944], [-50.672042999999995, -23.497145199309436], [-50.6719137, -23.497055299309448], [-50.6717843, -23.496965399309445], [-50.671752000000005, -23.496935499309444], [-50.67165500000001, -23.49687549930944], [-50.6715257, -23.496785599309447], [-50.6714286, -23.496725699309454], [-50.6713962, -23.49672559930945], [-50.671331499999994, -23.49669559930944], [-50.67129919999999, -23.496665699309457], [-50.6712345, -23.496635599309442], [-50.67113749999999, -23.496575699309453], [-50.6710081, -23.49651569930946], [-50.6709433, -23.496485699309453], [-50.6708462, -23.49645559930945], [-50.67081389999999, -23.496425599309458], [-50.6707168, -23.496395599309462], [-50.6706198, -23.49633559930945], [-50.6705227, -23.49630549930945], [-50.6704904, -23.496275599309467], [-50.670457999999996, -23.49627549930945], [-50.670425599999994, -23.49627539930946], [-50.67036089999999, -23.496245399309455], [-50.670296199999996, -23.49621539930946], [-50.67016669999999, -23.496185299309463], [-50.670134299999994, -23.496185199309465], [-50.6700696, -23.49615519930946], [-50.6700372, -23.496155099309448], [-50.67000480000001, -23.496155099309462], [-50.66997239999999, -23.496154999309457], [-50.669907599999995, -23.49615489930947], [-50.6698429, -23.496154699309457], [-50.6698105, -23.49615459930945], [-50.66977809999999, -23.496154599309463], [-50.66971329999999, -23.496154399309454], [-50.6696485, -23.49615429930947], [-50.669551299999995, -23.49618399930947], [-50.66945389999999, -23.49624349930946], [-50.6694216, -23.496243399309456], [-50.6693244, -23.49624319930946], [-50.669292, -23.49624319930946], [-50.6692597, -23.496213199309462], [-50.6692597, -23.496183399309462], [-50.6692274, -23.496153399309453], [-50.6691952, -23.496093599309457], [-50.6691953, -23.49606369930947], [-50.66916289999999, -23.496033799309462], [-50.669163, -23.49600389930946], [-50.6691632, -23.495944199309466], [-50.669131, -23.49585449930947], [-50.6691312, -23.495764799309473], [-50.6691313, -23.49573499930948], [-50.669131500000006, -23.49567519930947], [-50.66913160000001, -23.49561549930947], [-50.6691317, -23.495555699309477], [-50.6691643, -23.49549599930948], [-50.6691643, -23.49549139930947], [-50.6691644, -23.49546619930948], [-50.6691644, -23.495436299309482], [-50.6691968, -23.495436399309476], [-50.669196899999996, -23.495406499309475], [-50.6692293, -23.495406599309472], [-50.6692294, -23.495376699309475]]]}, "properties": {"esp_cd": 108282, "cod_snisb": 0, "cod_sar": 0, "nmoriginal": " ", "nmalternat": " ", "nmgenerico": " ", "nmligacao": " ", "detipomass": "Artificial", "dedominial": "Estadual", "dedominio": "Corpo Hídrico Estadual", "defiscaliz": "ESTADO", "nmemp": " ", "fonmemp": " ", "dtreserv": " ", "fodtreserv": " ", "nuvolumhm3": 0, "fonuvolume": " ", "nuperimkm": 1.07167755011752, "nuareakm2": 0.038877335528947, "nuareaha": 3.88773355289471, "nucompgeom": 1.53272766045729, "usoprinc": " ", "fousoprinc": " ", "detipoapr": " ", "detipomda": " ", "salinidade": " ", "regime": " ", "nmriocomp": " ", "nmufe": "PARANÁ", "nmmun": "SANTO ANTÔNIO DO PARAÍSO, SÃO SEBASTIÃO DA AMOREIRA", "defonte": " ", "desatelite": "Rapideye (MMA)", "deversao": "FBDS (2017)", "deobs": " ", "nuvzreg": 0, "nuvzlago": 0, "nuvzdeflu": 0, "cdtipooper": 0, "detipooper": " ", "fovzlago": " ", "fovzdeflu": " ", "fovzreg": " ", "cobarprin": 0, "cotrecho": 0, "nuvzrecebe": 0, "nuvztransf": 0, "deobsvazao": " ", "cocda2013": " ", "cocda2017": " ", "FID": 39135, "gid": 196739, "nmespecifi": " "}}, {"type": "Feature", "id": 68895, "geometry": {"type": "Polygon", "coordinates": [[[-50.6886169, -23.474086499309955], [-50.6886818, -23.47405669930995], [-50.6887141, -23.474056799309952], [-50.68874650000001, -23.474056899309943], [-50.688778899999996, -23.474056899309943], [-50.6888113, -23.47405699930995], [-50.688876099999995, -23.474057099309956], [-50.6889408, -23.474057299309948], [-50.6890055, -23.474087299309947], [-50.689135, -23.474117399309954], [-50.6892322, -23.47411759930997], [-50.689296899999995, -23.47411769930996], [-50.689394, -23.474147799309957], [-50.689426399999995, -23.47414789930995], [-50.6894912, -23.474147999309956], [-50.68958829999999, -23.47417799930996], [-50.6897178, -23.47417829930995], [-50.689847400000005, -23.47417859930995], [-50.6898798, -23.47417859930995], [-50.689944499999996, -23.474178799309957], [-50.6900093, -23.47417889930995], [-50.6901065, -23.474149199309952], [-50.6902037, -23.474119499309968], [-50.690236199999994, -23.474089699309957], [-50.690301, -23.474089799309954], [-50.6903981, -23.47408999930996], [-50.6905277, -23.474090299309953], [-50.69062479999999, -23.474090499309963], [-50.6906572, -23.474090499309963], [-50.6906896, -23.474090599309953], [-50.690754399999996, -23.474090699309954], [-50.69081909999999, -23.474120699309964], [-50.690883799999995, -23.474150699309952], [-50.6909485, -23.474180699309944], [-50.6910132, -23.474210799309947], [-50.691045499999994, -23.474240699309956], [-50.6910454, -23.474270599309946], [-50.6910777, -23.47430049930995], [-50.691110099999996, -23.47433039930995], [-50.691109999999995, -23.47436029930995], [-50.691142299999996, -23.474390299309945], [-50.6911746, -23.47442019930995], [-50.6911746, -23.47445009930995], [-50.6911744, -23.474509799309946], [-50.691174399999994, -23.474539699309936], [-50.6911743, -23.47456959930994], [-50.691141800000004, -23.474629199309952], [-50.6911093, -23.474659099309928], [-50.6910768, -23.474688899309943], [-50.6910768, -23.474718699309943], [-50.6910442, -23.474808299309945], [-50.6910117, -23.474838099309935], [-50.690979299999995, -23.474867899309945], [-50.6909469, -23.474867899309945], [-50.69091449999999, -23.474867799309937], [-50.690882099999996, -23.47486769930994], [-50.6908497, -23.474867699309925], [-50.69078499999999, -23.47486749930993], [-50.690752599999996, -23.47486749930993], [-50.69072020000001, -23.474867399309932], [-50.6906554, -23.47486729930994], [-50.690622999999995, -23.474867199309934], [-50.69059059999999, -23.474867099309936], [-50.6905259, -23.474866999309935], [-50.6904935, -23.474866999309935], [-50.6904611, -23.474866899309934], [-50.6904286, -23.47489669930994], [-50.6903639, -23.474896599309936], [-50.690298999999996, -23.474926299309935], [-50.690234100000005, -23.474985899309942], [-50.69020169999999, -23.474985899309942], [-50.6901693, -23.47501569930994], [-50.6901368, -23.475045499309932], [-50.690072, -23.475075199309934], [-50.690039399999996, -23.475134899309932], [-50.6899746, -23.47516469930992], [-50.6899745, -23.475194499309936], [-50.689942099999996, -23.47519449930992], [-50.6899097, -23.475224299309925], [-50.6898449, -23.47525399930993], [-50.68978, -23.475283799309935], [-50.6896828, -23.475283599309936], [-50.6895856, -23.475313299309928], [-50.6895532, -23.475313199309927], [-50.6895208, -23.47534299930993], [-50.68948839999999, -23.475342899309926], [-50.689456, -23.475342899309926], [-50.6894236, -23.475342799309928], [-50.689391199999996, -23.475372599309924], [-50.6893587, -23.47540239930993], [-50.689326200000004, -23.47546209930993], [-50.6892614, -23.475461999309935], [-50.689229, -23.475491799309925], [-50.6891641, -23.47552149930992], [-50.689099299999995, -23.475551299309917], [-50.689034400000004, -23.475580999309912], [-50.689001999999995, -23.47561079930992], [-50.688904699999995, -23.47564049930992], [-50.688807499999996, -23.47567019930993], [-50.6887751, -23.475699999309917], [-50.6887103, -23.475699899309916], [-50.6886131, -23.47572959930992], [-50.68854820000001, -23.47575929930992], [-50.688483399999996, -23.475789099309914], [-50.6884509, -23.475818899309917], [-50.68838609999999, -23.475848599309916], [-50.6883212, -23.47587829930992], [-50.68828879999999, -23.47587829930992], [-50.6882564, -23.475908099309912], [-50.688191599999996, -23.47590799930992], [-50.6881592, -23.475937799309918], [-50.6881268, -23.475937699309913], [-50.68809439999999, -23.475937599309912], [-50.688061999999995, -23.475937599309912], [-50.687997200000005, -23.475937399309913], [-50.687964799999996, -23.47596729930991], [-50.687900000000006, -23.47596709930991], [-50.6878676, -23.47596709930991], [-50.687835199999995, -23.475966999309914], [-50.687835199999995, -23.475996899309916], [-50.6878028, -23.47599679930991], [-50.6878027, -23.476026699309912], [-50.68777029999999, -23.4760265993099], [-50.6877379, -23.47605639930991], [-50.6877054, -23.476086199309904], [-50.687673, -23.476086199309904], [-50.68764059999999, -23.476115999309915], [-50.6876081, -23.47614579930991], [-50.6875757, -23.47614569930991], [-50.687543299999994, -23.47614569930991], [-50.6874785, -23.476175399309902], [-50.6874137, -23.476175299309904], [-50.687381300000006, -23.476175199309907], [-50.6873165, -23.476175099309913], [-50.687251800000006, -23.476174899309914], [-50.6871869, -23.476204699309907], [-50.6871222, -23.476204599309902], [-50.6870573, -23.47623429930991], [-50.6870249, -23.476234199309904], [-50.6869602, -23.4762340993099], [-50.6868954, -23.47623399930991], [-50.686798200000005, -23.4762337993099], [-50.6867011, -23.476233599309914], [-50.6866687, -23.476233499309913], [-50.686636299999996, -23.476233499309913], [-50.6865715, -23.47623329930991], [-50.6865391, -23.47623329930991], [-50.6865068, -23.476203299309905], [-50.686474399999994, -23.476203299309905], [-50.686409700000006, -23.476203099309906], [-50.686377300000004, -23.476203099309906], [-50.68631260000001, -23.476173099309918], [-50.68621549999999, -23.4761429993099], [-50.6861184, -23.476112899309907], [-50.686021399999994, -23.476052999309907], [-50.68592419999999, -23.476052799309915], [-50.6858594, -23.476052699309907], [-50.6857624, -23.476022599309907], [-50.6856652, -23.4760223993099], [-50.685632899999995, -23.475992399309913], [-50.6856005, -23.475992399309913], [-50.685535699999996, -23.475992299309908], [-50.6854709, -23.475992099309906], [-50.6854386, -23.475992099309906], [-50.6854062, -23.475991999309905], [-50.6853738, -23.475991899309903], [-50.68534139999999, -23.475991899309903], [-50.685276599999995, -23.47599169930991], [-50.6852442, -23.47599169930991], [-50.6852119, -23.475991599309918], [-50.6851795, -23.475991499309913], [-50.685147099999995, -23.475991499309913], [-50.6850823, -23.475991299309914], [-50.6849852, -23.475991099309905], [-50.6849528, -23.475991099309905], [-50.6848556, -23.47599089930991], [-50.6848232, -23.47599079930992], [-50.6847585, -23.47596079930991], [-50.68472609999999, -23.475960699309912], [-50.684629, -23.475930699309917], [-50.6845967, -23.475930599309915], [-50.6845643, -23.475930499309914], [-50.6845319, -23.475930499309914], [-50.6844995, -23.475930399309913], [-50.6844671, -23.475930299309912], [-50.68446719999999, -23.475900499309915], [-50.6844348, -23.475900399309918], [-50.6844349, -23.475870499309917], [-50.6844026, -23.475810699309925], [-50.6844027, -23.475780799309913], [-50.6843706, -23.475661299309916], [-50.6843712, -23.475422299309916], [-50.684371299999995, -23.47536249930992], [-50.685148899999994, -23.475214699309923], [-50.685181400000005, -23.47518489930993], [-50.6852138, -23.47515509930993], [-50.6853111, -23.475125399309917], [-50.685343499999995, -23.47509559930993], [-50.68540840000001, -23.475065899309936], [-50.6854408, -23.47506599930994], [-50.685505600000006, -23.47503619930993], [-50.685538099999995, -23.474976499309946], [-50.68557049999999, -23.474976599309937], [-50.6857001, -23.474946999309932], [-50.6857325, -23.474947099309933], [-50.685764899999995, -23.474947099309933], [-50.685764799999994, -23.474976999309938], [-50.68579719999999, -23.47497709930995], [-50.685797099999995, -23.47500689930993], [-50.68582949999999, -23.475006999309937], [-50.6858618, -23.47503689930993], [-50.6858942, -23.475066899309937], [-50.685958899999996, -23.475096899309932], [-50.6859913, -23.475096899309932], [-50.6860236, -23.475126899309934], [-50.686088299999994, -23.475156899309937], [-50.686153, -23.475156999309934], [-50.68618540000001, -23.47515709930993], [-50.68625019999999, -23.47515719930993], [-50.686315, -23.475127499309934], [-50.686347399999995, -23.475127499309924], [-50.6863798, -23.475127599309946], [-50.686444699999996, -23.47506799930993], [-50.6864772, -23.475038199309928], [-50.6865096, -23.475008399309928], [-50.6865745, -23.474978599309946], [-50.6866069, -23.47494879930993], [-50.68660699999999, -23.474918899309934], [-50.6866718, -23.47491909930994], [-50.6867042, -23.474889299309936], [-50.6867367, -23.474859499309936], [-50.68676910000001, -23.474859499309936], [-50.686801499999994, -23.474829699309932], [-50.686833899999996, -23.474829799309934], [-50.6868663, -23.474829799309934], [-50.68693109999999, -23.474829999309943], [-50.6869959, -23.47483009930993], [-50.6871254, -23.474830399309944], [-50.687157799999994, -23.474830399309944], [-50.6872226, -23.47483059930994], [-50.6873198, -23.47480089930993], [-50.687384599999994, -23.474800999309938], [-50.6874494, -23.47477129930994], [-50.687514199999995, -23.474741499309943], [-50.6875467, -23.47471169930994], [-50.6875791, -23.474711799309933], [-50.687611499999996, -23.474681999309944], [-50.68764399999999, -23.47465219930994], [-50.687708799999996, -23.474622399309954], [-50.687773799999995, -23.474562799309936], [-50.6878062, -23.474532999309943], [-50.687871099999995, -23.474473399309943], [-50.6879036, -23.474443599309954], [-50.687968399999995, -23.47444369930995], [-50.6880008, -23.474413899309948], [-50.688065599999995, -23.47438409930994], [-50.6881305, -23.47435439930995], [-50.6881953, -23.474324599309952], [-50.6881954, -23.47429479930994], [-50.68826019999999, -23.47426499930995], [-50.6883251, -23.474235299309957], [-50.6883899, -23.47420549930996], [-50.688454799999995, -23.474145899309953], [-50.6885197, -23.47411619930995], [-50.688552099999995, -23.47411619930995], [-50.6886169, -23.474086499309955]]]}, "properties": {"esp_cd": 48762, "cod_snisb": 0, "cod_sar": 0, "nmoriginal": " ", "nmalternat": " ", "nmgenerico": " ", "nmligacao": " ", "detipomass": "Natural", "dedominial": "Estadual", "dedominio": "Corpo Hídrico Estadual", "defiscaliz": " ", "nmemp": " ", "fonmemp": " ", "dtreserv": " ", "fodtreserv": " ", "nuvolumhm3": 0, "fonuvolume": " ", "nuperimkm": 1.64347466194455, "nuareakm2": 0.086605535280068, "nuareaha": 8.66055352800681, "nucompgeom": 1.57485036696734, "usoprinc": " ", "fousoprinc": " ", "detipoapr": " ", "detipomda": "Lago/Lagoa", "salinidade": " ", "regime": "Permanente", "nmriocomp": " ", "nmufe": "PARANÁ", "nmmun": "SÃO SEBASTIÃO DA AMOREIRA", "defonte": " ", "desatelite": "Rapideye (MMA)", "deversao": "FBDS (2017)", "deobs": " ", "nuvzreg": 0, "nuvzlago": 0, "nuvzdeflu": 0, "cdtipooper": 0, "detipooper": " ", "fovzlago": " ", "fovzdeflu": " ", "fovzreg": " ", "cobarprin": 0, "cotrecho": 0, "nuvzrecebe": 0, "nuvztransf": 0, "deobsvazao": " ", "cocda2013": " ", "cocda2017": " ", "FID": 68895, "gid": 13893, "nmespecifi": " "}}, {"type": "Feature", "id": 69030, "geometry": {"type": "Polygon", "coordinates": [[[-50.683287299999996, -23.48175339930978], [-50.683352199999995, -23.481693799309795], [-50.683352299999996, -23.481663899309783], [-50.6834171, -23.481634199309784], [-50.68344959999999, -23.481604399309784], [-50.6834821, -23.48157459930979], [-50.683547, -23.48148509930979], [-50.6835471, -23.481455199309792], [-50.683579699999996, -23.48136559930979], [-50.6836122, -23.4813357993098], [-50.6836123, -23.481276099309788], [-50.683709799999995, -23.4811567993098], [-50.68377479999999, -23.481037399309802], [-50.6838073, -23.481007599309795], [-50.6838074, -23.480977699309808], [-50.6838723, -23.480888299309804], [-50.6838725, -23.48082849930981], [-50.6850698, -23.481249199309804], [-50.685102199999996, -23.481249199309794], [-50.685102099999995, -23.481279099309784], [-50.6851345, -23.48127919930979], [-50.6851669, -23.481309099309797], [-50.685263799999994, -23.481398899309788], [-50.685328399999996, -23.481458799309785], [-50.6853931, -23.481488799309783], [-50.685457799999995, -23.48151879930979], [-50.6855549, -23.48157879930978], [-50.685651899999996, -23.481638699309787], [-50.68568429999999, -23.481638799309795], [-50.68574899999999, -23.48166879930979], [-50.6858137, -23.481698799309783], [-50.6858784, -23.48172879930978], [-50.6859755, -23.48175889930979], [-50.686072599999996, -23.481788899309773], [-50.6861697, -23.481818999309784], [-50.6862344, -23.48184899930978], [-50.6862991, -23.481849099309784], [-50.6863315, -23.481879099309783], [-50.686396200000004, -23.481879199309773], [-50.6864286, -23.481879299309778], [-50.6864933, -23.481909299309773], [-50.6865905, -23.481909499309783], [-50.68665529999999, -23.481909599309777], [-50.68672, -23.481909699309778], [-50.6867848, -23.481909899309777], [-50.68684959999999, -23.481909999309785], [-50.686882, -23.481909999309785], [-50.68691439999999, -23.481910099309783], [-50.6869143, -23.481939999309784], [-50.6869467, -23.481940099309792], [-50.68697889999999, -23.481999899309777], [-50.6870112, -23.482059699309787], [-50.687043499999994, -23.48208959930977], [-50.6870434, -23.48214939930978], [-50.68704329999999, -23.482179199309773], [-50.6870755, -23.48223909930977], [-50.6870755, -23.482268899309773], [-50.6871078, -23.48229889930977], [-50.68714, -23.482358699309774], [-50.6871722, -23.482448399309767], [-50.68720439999999, -23.48253809930977], [-50.6872366, -23.482597899309763], [-50.6872365, -23.482657599309764], [-50.687236399999996, -23.48268749930976], [-50.687236299999995, -23.48274719930976], [-50.6872361, -23.482836899309756], [-50.6872683, -23.482896699309755], [-50.6872682, -23.482956399309757], [-50.687268, -23.48301619930976], [-50.687267999999996, -23.483045999309756], [-50.687267899999995, -23.483075899309757], [-50.6872678, -23.48310579930976], [-50.6872677, -23.48316549930976], [-50.6872999, -23.483255199309752], [-50.6872998, -23.483285099309743], [-50.6873321, -23.483314999309744], [-50.68733199999999, -23.48334489930975], [-50.6873967, -23.483404799309753], [-50.6874289, -23.483464599309748], [-50.687428800000006, -23.483494499309746], [-50.687461199999994, -23.48352439930974], [-50.687493499999995, -23.48355439930974], [-50.687525699999995, -23.483614199309745], [-50.687557999999996, -23.483673999309744], [-50.6875578, -23.483733699309738], [-50.6875578, -23.48376359930974], [-50.6875253, -23.483793399309732], [-50.6875252, -23.483823299309734], [-50.6874928, -23.483823199309736], [-50.68749280000001, -23.483853099309734], [-50.68749259999999, -23.48391279930973], [-50.6875249, -23.483972699309735], [-50.687557, -23.484092199309732], [-50.6876216, -23.484181999309737], [-50.6876539, -23.484211899309727], [-50.687718399999994, -23.48430169930973], [-50.6878154, -23.484391499309723], [-50.68788000000001, -23.484451399309716], [-50.6880094, -23.484541199309724], [-50.6881388, -23.48460119930973], [-50.688171100000005, -23.484631199309717], [-50.6883005, -23.484691199309715], [-50.688429899999996, -23.484751199309716], [-50.688559299999994, -23.484811199309714], [-50.688721099999995, -23.48487129930971], [-50.6888182, -23.48490129930971], [-50.688979999999994, -23.484961399309707], [-50.6890771, -23.48499149930971], [-50.6892066, -23.4850215993097], [-50.689336, -23.48508159930971], [-50.689465500000004, -23.485111799309713], [-50.689594899999996, -23.485171799309708], [-50.6896273, -23.485171799309708], [-50.68975679999999, -23.485201999309712], [-50.6898863, -23.48523209930971], [-50.68998339999999, -23.485262199309705], [-50.6900804, -23.485322099309702], [-50.69011279999999, -23.485322199309703], [-50.6902099, -23.485352199309713], [-50.690307, -23.485382299309695], [-50.69043639999999, -23.485442299309707], [-50.690468800000005, -23.485442399309708], [-50.690565799999995, -23.485502299309704], [-50.6906952, -23.485562299309695], [-50.6907922, -23.4856520993097], [-50.6908892, -23.485712099309694], [-50.6909539, -23.4857420993097], [-50.691050999999995, -23.485801999309697], [-50.69114789999999, -23.485891799309687], [-50.6911803, -23.485891899309685], [-50.69127739999999, -23.48592199930969], [-50.6913744, -23.485981899309696], [-50.69150379999999, -23.486041899309686], [-50.69163330000001, -23.486071999309683], [-50.6917628, -23.48610219930968], [-50.69186, -23.486102399309672], [-50.6919572, -23.48610249930968], [-50.69205429999999, -23.48610269930969], [-50.692151599999995, -23.486073099309692], [-50.6922489, -23.48601349930968], [-50.69228129999999, -23.485983699309685], [-50.6923138, -23.485953899309695], [-50.6923787, -23.48589429930969], [-50.692411199999995, -23.485864399309698], [-50.6924437, -23.485774899309693], [-50.6924761, -23.4857749993097], [-50.6924761, -23.485804799309687], [-50.692476, -23.485834699309695], [-50.692475900000005, -23.485864599309696], [-50.6925082, -23.485894499309687], [-50.692540599999994, -23.485924499309693], [-50.692572899999995, -23.48595439930969], [-50.692605199999996, -23.48598429930968], [-50.6926375, -23.48601429930968], [-50.6926698, -23.486044199309685], [-50.6927022, -23.486044299309686], [-50.692734599999994, -23.486074199309694], [-50.692799199999996, -23.48613409930968], [-50.6928639, -23.486164099309686], [-50.692928599999995, -23.486194099309685], [-50.69296099999999, -23.486194099309685], [-50.6930257, -23.486224099309677], [-50.69305799999999, -23.486254099309676], [-50.693122699999996, -23.486313999309687], [-50.693155, -23.48634389930967], [-50.6932196, -23.486403799309677], [-50.693284299999995, -23.48643379930968], [-50.693349, -23.486463799309675], [-50.6933814, -23.486493699309687], [-50.6934136, -23.48655349930967], [-50.693510599999996, -23.486613499309673], [-50.693543, -23.486643399309667], [-50.6936399, -23.48673319930967], [-50.69370449999999, -23.486822999309666], [-50.6937691, -23.486882799309672], [-50.6938661, -23.486972699309668], [-50.693930699999996, -23.487032499309663], [-50.6940278, -23.48706259930966], [-50.694060199999996, -23.487062699309664], [-50.694221999999996, -23.487122699309666], [-50.6942544, -23.487122799309656], [-50.694221999999996, -23.487152599309667], [-50.694189400000006, -23.487212299309657], [-50.694157000000004, -23.487242099309665], [-50.6941245, -23.487271899309658], [-50.694059499999995, -23.487361399309663], [-50.693962, -23.48751059930966], [-50.6939296, -23.487510499309657], [-50.693897199999995, -23.487510499309657], [-50.6938001, -23.487480399309657], [-50.693767799999996, -23.487480299309652], [-50.693735399999994, -23.487450399309655], [-50.693703000000006, -23.487450299309657], [-50.693638299999996, -23.487420299309658], [-50.6935736, -23.487420199309664], [-50.6935088, -23.487420099309656], [-50.693476399999994, -23.48741999930967], [-50.6934117, -23.487389999309652], [-50.6933793, -23.487389899309658], [-50.693346899999995, -23.487389899309658], [-50.6932821, -23.48738969930966], [-50.69324969999999, -23.487389699309652], [-50.693185, -23.487389599309658], [-50.6931526, -23.487389499309653], [-50.6930878, -23.48738939930965], [-50.693023, -23.48738919930966], [-50.692990599999995, -23.48738919930966], [-50.6929258, -23.48738899930966], [-50.692861099999995, -23.487388899309664], [-50.6928287, -23.487388899309664], [-50.6927963, -23.48738879930965], [-50.692699100000006, -23.48738859930965], [-50.692569600000006, -23.487388299309647], [-50.6924724, -23.48738809930966], [-50.692440000000005, -23.48738809930966], [-50.6923752, -23.487387999309657], [-50.692278099999996, -23.48738779930967], [-50.6922133, -23.487387599309653], [-50.692181, -23.487357699309662], [-50.6920838, -23.487357499309653], [-50.69195419999999, -23.487357299309664], [-50.6919218, -23.48735719930965], [-50.6918571, -23.487357099309662], [-50.6917599, -23.48735689930965], [-50.6916951, -23.48735669930966], [-50.69163029999999, -23.487356599309653], [-50.691533199999995, -23.487356399309657], [-50.6914683, -23.487386199309654], [-50.6913711, -23.48741579930966], [-50.691338699999996, -23.48741579930966], [-50.691241500000004, -23.48744549930966], [-50.6911766, -23.487475199309657], [-50.691111799999995, -23.48750499930965], [-50.691046899999996, -23.48753469930965], [-50.691046899999996, -23.487564599309646], [-50.690982, -23.487594299309652], [-50.690949499999995, -23.48762409930965], [-50.69091699999999, -23.487683799309643], [-50.6908846, -23.487683799309643], [-50.690852199999995, -23.487683699309656], [-50.6907875, -23.48768359930966], [-50.6907551, -23.487683499309647], [-50.6906903, -23.487683399309645], [-50.6906579, -23.48768329930966], [-50.69062549999999, -23.487683199309654], [-50.6905608, -23.48765319930965], [-50.6905285, -23.487623299309643], [-50.6904961, -23.487623199309652], [-50.690463799999996, -23.48759329930966], [-50.69039909999999, -23.48756329930965], [-50.6903668, -23.48753339930965], [-50.6903668, -23.487503499309657], [-50.6903345, -23.487473499309655], [-50.6903021, -23.487473499309655], [-50.6903022, -23.48744359930966], [-50.6903023, -23.487413699309656], [-50.6903023, -23.48738389930966], [-50.6903024, -23.48735399930967], [-50.69030249999999, -23.48732409930966], [-50.69030249999999, -23.487294199309662], [-50.690302599999995, -23.48726439930966], [-50.69027029999999, -23.487234399309656], [-50.690270399999996, -23.48717469930967], [-50.690238099999995, -23.487144699309663], [-50.690238199999996, -23.487114899309656], [-50.690205899999995, -23.487084899309657], [-50.6901411, -23.487054899309666], [-50.690076399999995, -23.487024899309674], [-50.690044, -23.487024799309673], [-50.6900117, -23.486994899309668], [-50.689979400000006, -23.486964999309667], [-50.689947, -23.48696489930967], [-50.68988239999999, -23.48690499930966], [-50.68985, -23.48690499930966], [-50.689752999999996, -23.486844999309668], [-50.6896883, -23.486814999309665], [-50.6896235, -23.48681489930967], [-50.689591199999995, -23.486784999309663], [-50.6895588, -23.486784899309672], [-50.6894941, -23.486724999309672], [-50.68942949999999, -23.48666509930968], [-50.6893325, -23.486605199309672], [-50.6892354, -23.486575099309672], [-50.6892031, -23.48651529930968], [-50.6891709, -23.48645549930968], [-50.6891386, -23.486395699309686], [-50.689138699999994, -23.486365799309677], [-50.6891064, -23.486335899309697], [-50.6891064, -23.48630599930969], [-50.6890742, -23.486246199309683], [-50.6890419, -23.486186399309688], [-50.689042, -23.48615649930968], [-50.68900970000001, -23.48612659930969], [-50.6889775, -23.486036899309685], [-50.6889452, -23.48600689930969], [-50.6889129, -23.48597699930969], [-50.6888806, -23.485947099309698], [-50.688848199999995, -23.4859170993097], [-50.688815899999994, -23.48588719930969], [-50.68875129999999, -23.485827299309687], [-50.6886866, -23.485797299309695], [-50.6886219, -23.4857672993097], [-50.6885572, -23.485737299309694], [-50.688492499999995, -23.485707299309695], [-50.68842769999999, -23.485707199309697], [-50.688395299999996, -23.4857070993097], [-50.6883305, -23.4857069993097], [-50.68823339999999, -23.485706799309696], [-50.688168600000004, -23.485706599309694], [-50.6881038, -23.485706499309693], [-50.688039, -23.48570639930969], [-50.688006599999994, -23.485706299309697], [-50.6879419, -23.485706199309686], [-50.687909499999996, -23.485706099309688], [-50.687877099999994, -23.485706099309688], [-50.6878448, -23.4856760993097], [-50.68778009999999, -23.4856460993097], [-50.6877153, -23.4856160993097], [-50.687683, -23.485586199309704], [-50.687650600000005, -23.485586099309696], [-50.6876183, -23.485556199309702], [-50.687586100000004, -23.4854963993097], [-50.687553799999996, -23.485436499309703], [-50.687521499999995, -23.485406599309698], [-50.687489299999996, -23.485346799309696], [-50.6874246, -23.485286899309692], [-50.6873924, -23.4852270993097], [-50.6873601, -23.485167299309712], [-50.687295400000004, -23.48513729930971], [-50.687230799999995, -23.4850773993097], [-50.6871985, -23.485047499309704], [-50.6871338, -23.48501749930971], [-50.687101399999996, -23.484987499309707], [-50.68706909999999, -23.484957599309713], [-50.687036799999994, -23.484927699309708], [-50.6869721, -23.48489759930972], [-50.68690739999999, -23.484867599309716], [-50.6868427, -23.48483759930971], [-50.686778000000004, -23.48480759930972], [-50.6866808, -23.484807399309716], [-50.6866161, -23.484777399309717], [-50.6865513, -23.48477729930971], [-50.686486599999995, -23.484777199309708], [-50.6864218, -23.48477699930972], [-50.686389399999996, -23.484776999309705], [-50.686357099999995, -23.48474699930971], [-50.68632469999999, -23.48474699930971], [-50.6862924, -23.484716999309722], [-50.686260000000004, -23.484716999309722], [-50.6862277, -23.484686999309716], [-50.686195299999994, -23.484657099309718], [-50.686130600000006, -23.484627099309726], [-50.686066, -23.484567199309723], [-50.6860013, -23.484537199309717], [-50.6859367, -23.484477299309717], [-50.6859043, -23.484447399309733], [-50.685871999999996, -23.484417399309717], [-50.6858398, -23.484357599309728], [-50.6857751, -23.484297799309733], [-50.685775199999995, -23.484267899309728], [-50.6857429, -23.484237899309736], [-50.6857106, -23.484207999309728], [-50.685710699999994, -23.48414829930973], [-50.6856783, -23.484148199309733], [-50.685678499999995, -23.484088399309726], [-50.6856462, -23.484028599309735], [-50.6856139, -23.483998699309726], [-50.68558170000001, -23.483908999309737], [-50.6855495, -23.48384919930973], [-50.68551720000001, -23.483819199309735], [-50.6855172, -23.48378939930974], [-50.6854849, -23.48375939930974], [-50.685452700000006, -23.48369959930974], [-50.68542049999999, -23.48360989930974], [-50.6853559, -23.483550099309742], [-50.6853235, -23.48352009930975], [-50.6853236, -23.483490199309742], [-50.685258999999995, -23.483430399309746], [-50.685226699999994, -23.483400399309733], [-50.6851943, -23.48337049930974], [-50.6851297, -23.48331059930974], [-50.6850974, -23.483280699309745], [-50.685032799999995, -23.48322079930975], [-50.6849681, -23.483160899309755], [-50.6849035, -23.483100999309762], [-50.684871099999995, -23.48310099930975], [-50.68483879999999, -23.483070999309753], [-50.6848065, -23.483041099309744], [-50.6847741, -23.48304099930975], [-50.68470939999999, -23.48298109930976], [-50.6846447, -23.482951099309762], [-50.6846124, -23.482951099309762], [-50.684547699999996, -23.482921099309753], [-50.6845153, -23.48292099930975], [-50.6844506, -23.48289099930976], [-50.684418199999996, -23.482890899309755], [-50.6843535, -23.482860899309756], [-50.684256399999995, -23.482830899309754], [-50.684224, -23.482830799309752], [-50.684191600000005, -23.48283069930976], [-50.684159199999996, -23.48283069930976], [-50.6840621, -23.48280059930976], [-50.6840298, -23.482770599309763], [-50.683997399999996, -23.482770599309763], [-50.683965, -23.482770499309755], [-50.683965099999995, -23.48274059930976], [-50.6839004, -23.482710599309748], [-50.683868, -23.48271059930976], [-50.683835699999996, -23.48268059930976], [-50.683803399999995, -23.482650699309758], [-50.68373859999999, -23.48265059930976], [-50.6837387, -23.482620699309763], [-50.6837063, -23.48262059930977], [-50.6837063, -23.48259069930976], [-50.683673999999996, -23.48259069930976], [-50.683673999999996, -23.48256079930977], [-50.6836093, -23.48253079930976], [-50.6835446, -23.482500799309772], [-50.68348, -23.48244089930977], [-50.68344769999999, -23.48241099930977], [-50.683383, -23.482351099309763], [-50.6833184, -23.482291199309774], [-50.6832861, -23.482261299309773], [-50.683253799999996, -23.482201499309763], [-50.6831892, -23.48214159930978], [-50.6831569, -23.482111599309786], [-50.6831246, -23.482081699309774], [-50.6830923, -23.482021899309782], [-50.6830925, -23.481932299309783], [-50.68309259999999, -23.481902399309785], [-50.683125000000004, -23.481902499309772], [-50.6831251, -23.48187259930978], [-50.6831575, -23.481842799309774], [-50.683189899999995, -23.481842799309774], [-50.683189999999996, -23.481812999309785], [-50.6832225, -23.48178319930978], [-50.6832548, -23.48178319930978], [-50.683287299999996, -23.48175339930978]]]}, "properties": {"esp_cd": 59875, "cod_snisb": 0, "cod_sar": 0, "nmoriginal": " ", "nmalternat": " ", "nmgenerico": " ", "nmligacao": " ", "detipomass": "Natural", "dedominial": "Estadual", "dedominio": "Corpo Hídrico Estadual", "defiscaliz": " ", "nmemp": " ", "fonmemp": " ", "dtreserv": " ", "fodtreserv": " ", "nuvolumhm3": 0, "fonuvolume": " ", "nuperimkm": 3.11367316652075, "nuareakm2": 0.203092662965159, "nuareaha": 20.3092662965159, "nucompgeom": 1.94838606682889, "usoprinc": " ", "fousoprinc": " ", "detipoapr": " ", "detipomda": "Rio", "salinidade": " ", "regime": " ", "nmriocomp": "Água do Chapadão ou Água da Marreca", "nmufe": "PARANÁ", "nmmun": "SÃO SEBASTIÃO DA AMOREIRA", "defonte": " ", "desatelite": "Rapideye (MMA)", "deversao": "FBDS (2017)", "deobs": " ", "nuvzreg": 0, "nuvzlago": 0, "nuvzdeflu": 0, "cdtipooper": 0, "detipooper": " ", "fovzlago": " ", "fovzdeflu": " ", "fovzreg": " ", "cobarprin": 0, "cotrecho": 0, "nuvzrecebe": 0, "nuvztransf": 0, "deobsvazao": " ", "cocda2013": " ", "cocda2017": "86422742", "FID": 69030, "gid": 25736, "nmespecifi": " "}}, {"type": "Feature", "id": 106983, "geometry": {"type": "Polygon", "coordinates": [[[-50.666447399999996, -23.455279599310373], [-50.6665445, -23.455279899310373], [-50.666576899999995, -23.455279899310373], [-50.6666417, -23.455280099310375], [-50.666674, -23.455280099310382], [-50.666706399999995, -23.45531009931038], [-50.6667387, -23.455339999310382], [-50.6667709, -23.45539979931037], [-50.666802999999994, -23.455489499310374], [-50.666835400000004, -23.455519499310363], [-50.666835299999995, -23.45554929931037], [-50.66683519999999, -23.455579199310367], [-50.666867499999995, -23.45560919931037], [-50.6668674, -23.455638999310366], [-50.6668674, -23.45566889931037], [-50.6668673, -23.455698799310376], [-50.6668672, -23.455728699310367], [-50.6668671, -23.455758499310367], [-50.666218699999995, -23.45608579931036], [-50.6661539, -23.45608559931037], [-50.6661215, -23.45608559931037], [-50.6660569, -23.45605549931036], [-50.666056999999995, -23.45599579931036], [-50.666057200000004, -23.455935999310356], [-50.6660573, -23.455876299310365], [-50.666057499999994, -23.45578669931036], [-50.666057699999996, -23.45572689931037], [-50.66605779999999, -23.455667199310362], [-50.666058, -23.455607399310377], [-50.666090399999995, -23.455577599310367], [-50.666122900000005, -23.45554779931037], [-50.6661553, -23.455547899310375], [-50.66615530000001, -23.45551799931037], [-50.6661554, -23.455488099310376], [-50.666155499999995, -23.455458299310372], [-50.666188, -23.455428499310372], [-50.666188, -23.455398599310374], [-50.6661881, -23.455368699310377], [-50.666220599999995, -23.45533889931038], [-50.66625299999999, -23.45530909931038], [-50.6662854, -23.45530919931038], [-50.66631779999999, -23.45530919931038], [-50.6663502, -23.455309299310375], [-50.666447399999996, -23.455279599310373]]]}, "properties": {"esp_cd": 197393, "cod_snisb": 0, "cod_sar": 0, "nmoriginal": " ", "nmalternat": " ", "nmgenerico": " ", "nmligacao": " ", "detipomass": "Artificial", "dedominial": "Estadual", "dedominio": "Corpo Hídrico Estadual", "defiscaliz": "ESTADO", "nmemp": " ", "fonmemp": " ", "dtreserv": " ", "fodtreserv": " ", "nuvolumhm3": 0, "fonuvolume": " ", "nuperimkm": 0.289221233675252, "nuareakm2": 0.005391285763189, "nuareaha": 0.53912857631886, "nucompgeom": 1.11079292917802, "usoprinc": " ", "fousoprinc": " ", "detipoapr": " ", "detipomda": " ", "salinidade": " ", "regime": " ", "nmriocomp": " ", "nmufe": "PARANÁ", "nmmun": "SÃO SEBASTIÃO DA AMOREIRA", "defonte": " ", "desatelite": "Rapideye (MMA)", "deversao": "FBDS (2017)", "deobs": " ", "nuvzreg": 0, "nuvzlago": 0, "nuvzdeflu": 0, "cdtipooper": 0, "detipooper": " ", "fovzlago": " ", "fovzdeflu": " ", "fovzreg": " ", "cobarprin": 0, "cotrecho": 0, "nuvzrecebe": 0, "nuvztransf": 0, "deobsvazao": " ", "cocda2013": " ", "cocda2017": " ", "FID": 106983, "gid": 76122, "nmespecifi": " "}}, {"type": "Feature", "id": 109655, "geometry": {"type": "Polygon", "coordinates": [[[-50.64279169999999, -23.497797899309422], [-50.6428241, -23.497797899309422], [-50.6428565, -23.49779799930942], [-50.642888799999994, -23.49779809930942], [-50.642921199999996, -23.497798199309422], [-50.6429535, -23.497828099309427], [-50.6429535, -23.49785799930942], [-50.6429534, -23.497887899309422], [-50.64295329999999, -23.497917699309415], [-50.6429531, -23.49797749930941], [-50.6429531, -23.498007399309415], [-50.6429853, -23.498067199309418], [-50.6429851, -23.498126899309412], [-50.6430173, -23.498216599309405], [-50.643017099999994, -23.498276399309407], [-50.643049399999995, -23.49830629930942], [-50.6430817, -23.498336299309408], [-50.64311409999999, -23.498366199309405], [-50.6431464, -23.498366299309417], [-50.64317880000001, -23.498396199309404], [-50.6431787, -23.49842609930941], [-50.643211, -23.498456099309404], [-50.6432757, -23.498486099309407], [-50.6433081, -23.498486199309408], [-50.6433404, -23.498516099309413], [-50.6434052, -23.498516299309408], [-50.6434375, -23.498546199309413], [-50.64346979999999, -23.4985760993094], [-50.64350219999999, -23.498576199309408], [-50.64353459999999, -23.498576299309402], [-50.6435345, -23.49860619930941], [-50.6435669, -23.49860619930941], [-50.6435993, -23.49860629930941], [-50.6435992, -23.498636199309402], [-50.64363159999999, -23.498636299309403], [-50.6436639, -23.49866619930941], [-50.6436962, -23.4986961993094], [-50.64369610000001, -23.4987259993094], [-50.6436961, -23.4987558993094], [-50.643696, -23.498785799309402], [-50.6436959, -23.498815699309397], [-50.6436958, -23.4988454993094], [-50.6436634, -23.49884549930939], [-50.6435986, -23.4988751993094], [-50.643501400000005, -23.4988749993094], [-50.6434366, -23.498874799309398], [-50.6434042, -23.4988746993094], [-50.643339499999996, -23.4988446993094], [-50.6433071, -23.498844599309393], [-50.643274899999994, -23.498784799309398], [-50.6432102, -23.498754799309395], [-50.6431456, -23.498694899309402], [-50.643113299999996, -23.498664999309394], [-50.6430809, -23.498664899309404], [-50.6430485, -23.498634899309405], [-50.6430162, -23.498604999309407], [-50.642983799999996, -23.498604899309406], [-50.6428868, -23.498544899309405], [-50.642854500000006, -23.4985149993094], [-50.6428222, -23.49848499930941], [-50.6427899, -23.498455099309414], [-50.642725299999995, -23.49839519930941], [-50.642692999999994, -23.49836519930941], [-50.642692999999994, -23.498335399309422], [-50.6426607, -23.498305399309405], [-50.642596100000006, -23.498245499309412], [-50.6425962, -23.498215699309416], [-50.6425963, -23.498185799309415], [-50.642564, -23.498155799309423], [-50.6425324, -23.497856999309427], [-50.642564799999995, -23.497857099309428], [-50.6426295, -23.497857199309426], [-50.642694399999996, -23.497827499309413], [-50.6427268, -23.497827599309417], [-50.64279169999999, -23.497797899309422]]]}, "properties": {"esp_cd": 230633, "cod_snisb": 0, "cod_sar": 0, "nmoriginal": " ", "nmalternat": " ", "nmgenerico": " ", "nmligacao": " ", "detipomass": "Artificial", "dedominial": "Estadual", "dedominio": "Corpo Hídrico Estadual", "defiscaliz": "ESTADO", "nmemp": " ", "fonmemp": " ", "dtreserv": " ", "fodtreserv": " ", "nuvolumhm3": 0, "fonuvolume": " ", "nuperimkm": 0.395542582358786, "nuareakm2": 0.005292513844573, "nuareaha": 0.529251384457349, "nucompgeom": 1.53324427416671, "usoprinc": " ", "fousoprinc": " ", "detipoapr": " ", "detipomda": " ", "salinidade": " ", "regime": " ", "nmriocomp": " ", "nmufe": "PARANÁ", "nmmun": "SANTO ANTÔNIO DO PARAÍSO", "defonte": " ", "desatelite": "Rapideye (MMA)", "deversao": "FBDS (2017)", "deobs": " ", "nuvzreg": 0, "nuvzlago": 0, "nuvzdeflu": 0, "cdtipooper": 0, "detipooper": " ", "fovzlago": " ", "fovzdeflu": " ", "fovzreg": " ", "cobarprin": 0, "cotrecho": 0, "nuvzrecebe": 0, "nuvztransf": 0, "deobsvazao": " ", "cocda2013": " ", "cocda2017": " ", "FID": 109655, "gid": 172200, "nmespecifi": " "}}, {"type": "Feature", "id": 158585, "geometry": {"type": "Polygon", "coordinates": [[[-50.682610399999994, -23.481007899309798], [-50.682609199999995, -23.4810243993098], [-50.6826049, -23.481042799309794], [-50.682597699999995, -23.481063099309804], [-50.68258739999999, -23.481085499309795], [-50.6825742, -23.481109799309802], [-50.682558, -23.481135999309807], [-50.6825388, -23.4811641993098], [-50.6825166, -23.4811943993098], [-50.6824923, -23.4812256993098], [-50.68246949999999, -23.48125499930979], [-50.6824484, -23.48128209930979], [-50.682429199999994, -23.481306899309793], [-50.6824116, -23.4813293993098], [-50.682395899999996, -23.481349699309796], [-50.68238189999999, -23.481367699309796], [-50.6823696, -23.481383399309784], [-50.6823592, -23.48139679930979], [-50.6823505, -23.48140799930979], [-50.6823431, -23.48141699930979], [-50.6823279, -23.481423899309792], [-50.6823013, -23.481428799309793], [-50.682263299999995, -23.48143189930979], [-50.6822138, -23.4814328993098], [-50.682153, -23.481432099309785], [-50.68208069999999, -23.48142919930979], [-50.681996999999996, -23.481424499309796], [-50.681902, -23.481417799309792], [-50.681795400000006, -23.481409099309793], [-50.6816775, -23.48139849930979], [-50.68155409999999, -23.481385499309795], [-50.6814343, -23.481369099309788], [-50.681318, -23.48134929930979], [-50.681205399999996, -23.4813262993098], [-50.681096399999994, -23.48129989930979], [-50.680991, -23.481270199309794], [-50.68088929999999, -23.4812371993098], [-50.6807911, -23.481200799309796], [-50.6806966, -23.4811611993098], [-50.68060570000001, -23.481118199309794], [-50.6805184, -23.4810717993098], [-50.6804341, -23.481022199309805], [-50.680352899999995, -23.480969199309808], [-50.6802747, -23.4809128993098], [-50.6801995, -23.480853199309795], [-50.68012729999999, -23.480790299309806], [-50.6800581, -23.480723999309813], [-50.679992, -23.4806542993098], [-50.67992890000001, -23.48058139930981], [-50.6798687, -23.48050509930981], [-50.6798116, -23.48042549930981], [-50.679753999999996, -23.48034479930982], [-50.679694, -23.480263999309816], [-50.6796316, -23.48018319930982], [-50.67956679999999, -23.48010239930983], [-50.6794996, -23.48002159930983], [-50.679429999999996, -23.47994079930983], [-50.6793579, -23.479859999309827], [-50.67928349999999, -23.47977919930983], [-50.67920659999999, -23.479698399309832], [-50.6791274, -23.479617499309832], [-50.6790459, -23.479537899309832], [-50.6789626, -23.479461999309834], [-50.6788774, -23.47938999930983], [-50.678790500000005, -23.47932189930983], [-50.6787017, -23.479257699309834], [-50.678611100000005, -23.479197399309832], [-50.6785187, -23.479140999309838], [-50.678424500000006, -23.47908839930984], [-50.6783284, -23.479039799309845], [-50.678230600000006, -23.478994999309844], [-50.67813109999999, -23.478953399309844], [-50.6780312, -23.478908799309846], [-50.6779314, -23.478859799309845], [-50.6778316, -23.478806399309846], [-50.677731800000004, -23.478748399309854], [-50.677631999999996, -23.478686099309847], [-50.677532199999995, -23.47861929930986], [-50.6774325, -23.478548099309855], [-50.6773327, -23.478472399309858], [-50.67723300000001, -23.47839229930986], [-50.6771332, -23.478307699309855], [-50.6770351, -23.478222599309863], [-50.67694, -23.478140199309863], [-50.6768479, -23.478060699309857], [-50.67675879999999, -23.47798389930987], [-50.6766727, -23.477909899309857], [-50.6765896, -23.47783869930987], [-50.676509599999996, -23.477770199309873], [-50.6764325, -23.477704599309874], [-50.6763584, -23.477641699309874], [-50.6762873, -23.477581599309875], [-50.67621909999999, -23.477524099309882], [-50.6761534, -23.477468299309887], [-50.676089999999995, -23.477414199309884], [-50.6760291, -23.477361699309885], [-50.6759705, -23.47731089930988], [-50.675914399999996, -23.47726179930988], [-50.6758607, -23.477214299309885], [-50.6758093, -23.477168599309888], [-50.675760399999994, -23.477124499309888], [-50.67571389999999, -23.47708199930989], [-50.675669899999995, -23.477041199309884], [-50.6756296, -23.47700099930988], [-50.6755935, -23.476960999309885], [-50.675561699999996, -23.476921299309883], [-50.6755341, -23.476881799309886], [-50.6755107, -23.47684259930989], [-50.6754915, -23.47680369930989], [-50.675476499999995, -23.476764899309888], [-50.675465800000005, -23.476726499309894], [-50.675459200000006, -23.47668829930991], [-50.67545689999999, -23.4766502993099], [-50.675457, -23.476613599309896], [-50.675456999999994, -23.476579699309898], [-50.675457099999996, -23.4765483993099], [-50.6754572, -23.476519799309894], [-50.6754573, -23.476493899309894], [-50.6754573, -23.476470799309894], [-50.6754574, -23.4764502993099], [-50.6754574, -23.476432499309894], [-50.6754574, -23.47641739930991], [-50.6754575, -23.4764049993099], [-50.6754581, -23.476394299309895], [-50.67546189999999, -23.476380999309903], [-50.6754694, -23.4763642993099], [-50.6754805, -23.476344199309914], [-50.6754952, -23.476320799309896], [-50.675513499999994, -23.476294099309904], [-50.6755355, -23.47626409930991], [-50.675561099999996, -23.47623069930991], [-50.675590299999996, -23.476193999309913], [-50.6756231, -23.476153899309914], [-50.675659499999995, -23.476110699309913], [-50.67569830000001, -23.476071499309906], [-50.6757389, -23.476039899309917], [-50.6757813, -23.476015999309908], [-50.675825499999995, -23.475999699309916], [-50.6758714, -23.47599099930993], [-50.675919199999996, -23.475989899309912], [-50.6759687, -23.475996499309908], [-50.67602, -23.476010699309903], [-50.67607319999999, -23.47603249930991], [-50.67612810000001, -23.476061999309916], [-50.676185, -23.476096499309907], [-50.676244200000006, -23.47613119930991], [-50.676306, -23.47616589930991], [-50.6763701, -23.476200599309905], [-50.676436599999995, -23.47623529930991], [-50.6765055, -23.476269999309906], [-50.6765769, -23.4763047993099], [-50.676650599999995, -23.476339499309905], [-50.6767268, -23.47637419930991], [-50.676805400000006, -23.476408899309902], [-50.676886100000004, -23.476443599309892], [-50.6769672, -23.4764777993099], [-50.677048299999996, -23.476511499309897], [-50.6771294, -23.476544599309896], [-50.6772106, -23.4765770993099], [-50.677291700000005, -23.476609099309897], [-50.6773728, -23.47664059930989], [-50.677453899999996, -23.476671399309886], [-50.67753499999999, -23.476701799309886], [-50.677616199999996, -23.47673149930989], [-50.6776973, -23.4767606993099], [-50.6777777, -23.47678809930989], [-50.677856999999996, -23.476812699309885], [-50.677935, -23.476834499309884], [-50.678011899999994, -23.47685359930989], [-50.6780875, -23.476869799309895], [-50.678162, -23.476883299309893], [-50.678235199999996, -23.47689399930988], [-50.6783073, -23.476901899309894], [-50.67837809999999, -23.47690709930989], [-50.67844780000001, -23.476909399309886], [-50.678516599999995, -23.476909699309893], [-50.678585299999995, -23.47690979930989], [-50.678653999999995, -23.47690999930989], [-50.678722699999994, -23.476910099309897], [-50.67879139999999, -23.476910199309888], [-50.678860099999994, -23.4769103993099], [-50.678928799999994, -23.476910499309888], [-50.6789975, -23.47691069930989], [-50.6790662, -23.4769107993099], [-50.6791349, -23.47691089930989], [-50.6792034, -23.476911199309903], [-50.6792686, -23.476912699309906], [-50.67932949999999, -23.476915899309887], [-50.6793863, -23.476920699309886], [-50.67943880000001, -23.476927199309884], [-50.6794871, -23.47693539930989], [-50.6795312, -23.476945199309892], [-50.67957109999999, -23.476956699309888], [-50.679606699999994, -23.476969799309888], [-50.6796382, -23.476984599309887], [-50.6796654, -23.47700099930988], [-50.67968809999999, -23.477019899309884], [-50.679705999999996, -23.477042099309887], [-50.679719, -23.47706759930989], [-50.679727199999995, -23.477096499309887], [-50.67973059999999, -23.477128599309896], [-50.67972919999999, -23.47716409930988], [-50.679723, -23.47720289930989], [-50.6797119, -23.477245099309894], [-50.67969600000001, -23.477290499309873], [-50.6796753, -23.47733929930989], [-50.6796509, -23.477391099309887], [-50.6796277, -23.477444799309886], [-50.6796064, -23.477500099309875], [-50.6795869, -23.477556999309876], [-50.67956909999999, -23.477615699309872], [-50.6795532, -23.477675999309877], [-50.6795391, -23.47773799930987], [-50.6795267, -23.47780159930988], [-50.679516199999995, -23.477866899309866], [-50.6795075, -23.477933899309875], [-50.6795006, -23.478002599309868], [-50.6794959, -23.478072499309867], [-50.67949369999999, -23.47814349930986], [-50.679493799999996, -23.478215699309867], [-50.6794963, -23.478288999309864], [-50.6795013, -23.478363399309856], [-50.6795087, -23.478438899309864], [-50.6795184, -23.478515499309854], [-50.67953059999999, -23.478593299309857], [-50.6795452, -23.478672099309854], [-50.6795622, -23.478752099309844], [-50.679581999999996, -23.47883239930985], [-50.6796054, -23.478911599309857], [-50.6796325, -23.47898969930985], [-50.6796631, -23.479066699309858], [-50.679697399999995, -23.47914259930984], [-50.6797353, -23.47921739930984], [-50.679776800000006, -23.47929109930984], [-50.679821999999994, -23.479363599309842], [-50.679870699999995, -23.479435099309832], [-50.679923099999996, -23.479505499309834], [-50.67997880000001, -23.479574599309828], [-50.680036, -23.47964109930983], [-50.680094499999996, -23.479704899309827], [-50.68015409999999, -23.479765799309828], [-50.680215, -23.47982399930983], [-50.680277100000005, -23.479879499309828], [-50.6803404, -23.47993209930983], [-50.6804049, -23.47998199930983], [-50.6804706, -23.480029099309824], [-50.6805375, -23.480073399309827], [-50.6806056, -23.480114999309812], [-50.6806743, -23.480155799309827], [-50.6807429, -23.48019719930983], [-50.6808115, -23.480239099309813], [-50.68088009999999, -23.480281599309816], [-50.680948699999995, -23.480324599309814], [-50.6810173, -23.4803681993098], [-50.6810859, -23.480412299309805], [-50.6811545, -23.48045699930981], [-50.681223100000004, -23.480502299309816], [-50.6812917, -23.480548099309818], [-50.6813608, -23.480593399309807], [-50.6814316, -23.480635499309805], [-50.6815043, -23.480674299309808], [-50.6815788, -23.48070969930981], [-50.6816551, -23.480741799309808], [-50.6817332, -23.48077059930981], [-50.6818131, -23.480795999309812], [-50.6818948, -23.480818199309798], [-50.6819784, -23.4808369993098], [-50.682063799999995, -23.480852399309814], [-50.682150299999996, -23.480864799309803], [-50.68223090000001, -23.480876499309808], [-50.6823036, -23.480888099309798], [-50.6823686, -23.480899799309796], [-50.682425699999996, -23.480911399309804], [-50.682475, -23.4809230993098], [-50.6825164, -23.48093469930981], [-50.6825501, -23.48094629930981], [-50.6825759, -23.480957799309802], [-50.6825938, -23.4809693993098], [-50.68260399999999, -23.4809808993098], [-50.682610399999994, -23.481007899309798]]]}, "properties": {"esp_cd": 59882, "cod_snisb": 0, "cod_sar": 0, "nmoriginal": " ", "nmalternat": " ", "nmgenerico": " ", "nmligacao": " ", "detipomass": "Natural", "dedominial": "Estadual", "dedominio": "Corpo Hídrico Estadual", "defiscaliz": " ", "nmemp": " ", "fonmemp": " ", "dtreserv": " ", "fodtreserv": " ", "nuvolumhm3": 0, "fonuvolume": " ", "nuperimkm": 2.09532930513336, "nuareakm2": 0.116645909354569, "nuareaha": 11.6645909354569, "nucompgeom": 1.73008180515066, "usoprinc": " ", "fousoprinc": " ", "detipoapr": " ", "detipomda": " ", "salinidade": " ", "regime": " ", "nmriocomp": " ", "nmufe": "PARANÁ", "nmmun": "SÃO SEBASTIÃO DA AMOREIRA", "defonte": " ", "desatelite": " ", "deversao": "hid_trecho_massa_dagua_a_bc250k_2015", "deobs": " ", "nuvzreg": 0, "nuvzlago": 0, "nuvzdeflu": 0, "cdtipooper": 0, "detipooper": " ", "fovzlago": " ", "fovzdeflu": " ", "fovzreg": " ", "cobarprin": 0, "cotrecho": 0, "nuvzrecebe": 0, "nuvztransf": 0, "deobsvazao": " ", "cocda2013": " ", "cocda2017": " ", "FID": 158585, "gid": 25776, "nmespecifi": " "}}, {"type": "Feature", "id": 158621, "geometry": {"type": "Polygon", "coordinates": [[[-50.64127229999999, -23.47549389930992], [-50.6411978, -23.475366999309923], [-50.641169399999995, -23.475302699309932], [-50.641146899999995, -23.475237799309934], [-50.641130399999994, -23.475172499309927], [-50.6411198, -23.47510659930994], [-50.6411151, -23.47504009930993], [-50.641116399999994, -23.474973199309925], [-50.64112359999999, -23.474905699309936], [-50.64113669999999, -23.47483759930993], [-50.6411549, -23.47476919930994], [-50.641174299999996, -23.47470129930994], [-50.641194299999995, -23.47463389930994], [-50.641214899999994, -23.474566999309953], [-50.641236, -23.474500699309946], [-50.6412578, -23.474434899309944], [-50.64128009999999, -23.47436969930995], [-50.641303099999995, -23.474304999309954], [-50.6413266, -23.474240899309944], [-50.6413507, -23.47417729930996], [-50.6413754, -23.474114299309957], [-50.641400700000005, -23.47405239930995], [-50.641426599999996, -23.473992199309954], [-50.6414531, -23.47393369930996], [-50.6414802, -23.473876799309952], [-50.6415078, -23.473821499309956], [-50.641536099999996, -23.47376789930995], [-50.6415649, -23.473715899309962], [-50.641594299999994, -23.473665499309963], [-50.641624300000004, -23.47361679930997], [-50.6416549, -23.47356969930997], [-50.6416855, -23.47352379930996], [-50.6417139, -23.47347689930996], [-50.64173989999999, -23.473428899309972], [-50.6417636, -23.473379799309974], [-50.6417849, -23.47332959930997], [-50.6418039, -23.473278299309978], [-50.6418204, -23.473225899309977], [-50.641834599999996, -23.473172399309973], [-50.6418465, -23.47311779930998], [-50.641856, -23.473062099309978], [-50.641863, -23.47300539930998], [-50.641866099999994, -23.47294939930998], [-50.6418645, -23.472894999309986], [-50.6418581, -23.472842199309977], [-50.641847, -23.472791099309983], [-50.64183109999999, -23.47274159930998], [-50.6418105, -23.472693699309986], [-50.641785199999994, -23.47264739930998], [-50.6417551, -23.472602799309993], [-50.641720199999995, -23.472559799309995], [-50.6416806, -23.472518399309994], [-50.641639299999994, -23.472478099309996], [-50.641604, -23.472437399309996], [-50.6415753, -23.472396099309982], [-50.641552999999995, -23.472354299309984], [-50.641537299999996, -23.472311899309997], [-50.641528199999996, -23.47226899930999], [-50.6415255, -23.47222559930999], [-50.641529399999996, -23.47218169931], [-50.64153979999999, -23.472137199309998], [-50.641556699999995, -23.47209219930999], [-50.641579899999996, -23.472046699310003], [-50.6416067, -23.472002299309995], [-50.641635799999996, -23.471959599310015], [-50.6416672, -23.471918499309997], [-50.6417011, -23.47187899931], [-50.641737299999996, -23.471841199310013], [-50.6417758, -23.471805099309996], [-50.6418168, -23.47177049931001], [-50.64186, -23.47173769931001], [-50.641905699999995, -23.47170639931001], [-50.641953699999995, -23.471676899310005], [-50.64200249999999, -23.47164999931001], [-50.642049, -23.471627999310005], [-50.642093200000005, -23.47161099931001], [-50.6421349, -23.47159879931001], [-50.6421742, -23.47159159931001], [-50.6422112, -23.471589199310007], [-50.6422458, -23.47159179931001], [-50.642278, -23.47159929931001], [-50.6423078, -23.47161169931001], [-50.64233519999999, -23.47162909931001], [-50.6423603, -23.471651199310013], [-50.6423829, -23.47167649931], [-50.6424032, -23.471704499310004], [-50.6424211, -23.471735199310004], [-50.6424367, -23.47176859931001], [-50.642449799999994, -23.47180479931], [-50.6424606, -23.471843699310003], [-50.642469, -23.471885399310008], [-50.642475, -23.47192969931], [-50.6424787, -23.471976799310003], [-50.6424799, -23.47202669931001], [-50.64248, -23.47207849931], [-50.6424807, -23.472131499309995], [-50.642482, -23.472185599310002], [-50.642483899999995, -23.472240799309994], [-50.642486299999995, -23.472296999309997], [-50.642489399999995, -23.472354399309985], [-50.64249299999999, -23.472412799309982], [-50.642497299999995, -23.472472399309986], [-50.64250209999999, -23.472532999309994], [-50.6425075, -23.472594699309983], [-50.642513400000006, -23.472657499309992], [-50.6425195, -23.472720899309987], [-50.64252549999999, -23.472784899309985], [-50.6425315, -23.472849399309975], [-50.642537499999996, -23.47291439930998], [-50.642543499999995, -23.472979999309974], [-50.642549599999995, -23.473046099309986], [-50.6425556, -23.473112799309973], [-50.6425616, -23.473179999309984], [-50.64256759999999, -23.473247799309977], [-50.6425736, -23.473316099309972], [-50.642579299999994, -23.473384199309972], [-50.6425845, -23.47345109930997], [-50.64258900000001, -23.47351699930996], [-50.6425929, -23.473581699309968], [-50.6425963, -23.47364539930997], [-50.642599100000005, -23.473707999309962], [-50.642601199999994, -23.473769499309967], [-50.6426028, -23.47382989930995], [-50.642603799999996, -23.473889099309947], [-50.6426042, -23.473947299309962], [-50.642604899999995, -23.474004199309956], [-50.6426097, -23.47405849930996], [-50.642619200000006, -23.47411009930995], [-50.642633499999995, -23.47415889930996], [-50.6426526, -23.474205099309952], [-50.6426764, -23.474248499309954], [-50.6427049, -23.474289199309954], [-50.6427382, -23.47432719930995], [-50.642776299999994, -23.474362399309946], [-50.6428191, -23.474394899309956], [-50.6428666, -23.47442469930995], [-50.6429168, -23.474453799309934], [-50.64296819999999, -23.47448329930995], [-50.6430207, -23.47451339930994], [-50.6430745, -23.47454409930995], [-50.6431294, -23.47457529930995], [-50.643185499999994, -23.474607099309942], [-50.643242799999996, -23.474639399309943], [-50.643301300000005, -23.474672199309946], [-50.6433609, -23.474705599309946], [-50.64342179999999, -23.47473959930994], [-50.643483499999995, -23.47477369930993], [-50.6435454, -23.47480619930994], [-50.6436073, -23.474837199309935], [-50.6436692, -23.47486639930994], [-50.643730999999995, -23.47489409930994], [-50.6437929, -23.474920099309944], [-50.6438548, -23.474944499309938], [-50.643916700000005, -23.47496719930993], [-50.6439786, -23.474988299309928], [-50.644040499999996, -23.475007699309934], [-50.6441024, -23.475025599309934], [-50.6441631, -23.47504589930993], [-50.644222000000006, -23.47507049930993], [-50.6442791, -23.475099499309938], [-50.6443344, -23.47513289930994], [-50.6443879, -23.475170699309924], [-50.6444397, -23.475212799309926], [-50.6444896, -23.475259199309928], [-50.644537799999995, -23.475310099309922], [-50.64458419999999, -23.47536529930992], [-50.6446288, -23.47542489930992], [-50.6446694, -23.475486399309922], [-50.644700199999996, -23.475543299309926], [-50.644721, -23.47559529930992], [-50.6447317, -23.47564229930992], [-50.644732399999995, -23.47568429930992], [-50.644723, -23.47572149930993], [-50.64470360000001, -23.475753599309915], [-50.644673999999995, -23.475780899309914], [-50.644634499999995, -23.475803199309915], [-50.6445848, -23.475820499309908], [-50.6445255, -23.475832999309908], [-50.644464, -23.475840899309915], [-50.6444031, -23.475844399309914], [-50.6443428, -23.47584359930992], [-50.644283099999996, -23.475838399309918], [-50.644224, -23.475828799309916], [-50.64416549999999, -23.475814899309917], [-50.6441076, -23.475796499309922], [-50.644050299999996, -23.475773799309916], [-50.643993599999995, -23.47574679930992], [-50.6439375, -23.475715299309922], [-50.6438814, -23.47568189930992], [-50.6438242, -23.47565109930993], [-50.6437658, -23.47562299930992], [-50.643706099999996, -23.47559759930992], [-50.643645299999996, -23.475574999309924], [-50.643583299999996, -23.47555509930993], [-50.643520099999996, -23.475537999309918], [-50.6434557, -23.47552349930992], [-50.64339009999999, -23.475511799309924], [-50.6433234, -23.47550279930992], [-50.643255499999995, -23.475496699309918], [-50.6431884, -23.475494099309923], [-50.6431225, -23.475495399309924], [-50.6430577, -23.47550049930992], [-50.642994099999996, -23.475509399309924], [-50.6429317, -23.475522099309917], [-50.6428704, -23.47553869930992], [-50.64281039999999, -23.475559099309926], [-50.642751499999996, -23.47558339930992], [-50.642693699999995, -23.475611499309924], [-50.64263719999999, -23.475643399309913], [-50.6425804, -23.47567609930993], [-50.6425212, -23.47570569930992], [-50.642459599999995, -23.47573189930992], [-50.642395699999994, -23.475754899309905], [-50.642329499999995, -23.475774599309915], [-50.642260799999995, -23.475790999309922], [-50.6421898, -23.475804099309922], [-50.6421165, -23.475813899309912], [-50.6420408, -23.47582039930992], [-50.6419627, -23.475823699309913], [-50.6418829, -23.47582329930992], [-50.6418058, -23.475817399309918], [-50.6417322, -23.47580549930992], [-50.6416622, -23.47578759930993], [-50.6415958, -23.475763599309918], [-50.641532899999994, -23.475733699309913], [-50.64147369999999, -23.475697799309916], [-50.641417999999994, -23.475655799309916], [-50.641365799999996, -23.47560789930992], [-50.641317300000004, -23.475553899309915], [-50.64127229999999, -23.47549389930992]]]}, "properties": {"esp_cd": 60111, "cod_snisb": 0, "cod_sar": 0, "nmoriginal": " ", "nmalternat": " ", "nmgenerico": " ", "nmligacao": " ", "detipomass": "Natural", "dedominial": "Estadual", "dedominio": "Corpo Hídrico Estadual", "defiscaliz": " ", "nmemp": " ", "fonmemp": " ", "dtreserv": " ", "fodtreserv": " ", "nuvolumhm3": 0, "fonuvolume": " ", "nuperimkm": 1.4681869304031, "nuareakm2": 0.069152137883392, "nuareaha": 6.91521378833915, "nucompgeom": 1.57444558880329, "usoprinc": " ", "fousoprinc": " ", "detipoapr": " ", "detipomda": " ", "salinidade": " ", "regime": " ", "nmriocomp": " ", "nmufe": "PARANÁ", "nmmun": "SANTO ANTÔNIO DO PARAÍSO, SÃO SEBASTIÃO DA AMOREIRA", "defonte": " ", "desatelite": " ", "deversao": "hid_trecho_massa_dagua_a_bc250k_2015", "deobs": " ", "nuvzreg": 0, "nuvzlago": 0, "nuvzdeflu": 0, "cdtipooper": 0, "detipooper": " ", "fovzlago": " ", "fovzdeflu": " ", "fovzreg": " ", "cobarprin": 0, "cotrecho": 0, "nuvzrecebe": 0, "nuvztransf": 0, "deobsvazao": " ", "cocda2013": " ", "cocda2017": " ", "FID": 158621, "gid": 24460, "nmespecifi": " "}}, {"type": "Feature", "id": 186616, "geometry": {"type": "Polygon", "coordinates": [[[-50.6635992, -23.467521999310094], [-50.663631699999996, -23.46746229931011], [-50.6637292, -23.467342999310098], [-50.6637616, -23.4673131993101], [-50.6638265, -23.46728349931011], [-50.663858899999994, -23.467253599310112], [-50.664732699999995, -23.467494499310106], [-50.6647326, -23.467524399310108], [-50.664764999999996, -23.467524499310098], [-50.6647974, -23.46752449931011], [-50.6648298, -23.467524599310092], [-50.664862199999995, -23.4675246993101], [-50.6648621, -23.467554499310094], [-50.664894499999996, -23.4675545993101], [-50.6649269, -23.46755469931009], [-50.6649915, -23.467584699310105], [-50.665023899999994, -23.467584799310107], [-50.665056299999996, -23.467584799310107], [-50.66512110000001, -23.467584999310102], [-50.66518579999999, -23.4676149993101], [-50.6652181, -23.467644899310105], [-50.6652829, -23.4676450993101], [-50.665315199999995, -23.467674999310095], [-50.6653799, -23.467704999310094], [-50.6654446, -23.467734999310093], [-50.665541499999996, -23.467824899310095], [-50.665541399999995, -23.4678546993101], [-50.665509, -23.4678546993101], [-50.6655089, -23.4678845993101], [-50.6654766, -23.467884499310088], [-50.6654117, -23.46791419931009], [-50.6653469, -23.467914099310093], [-50.66528219999999, -23.467913899310087], [-50.665217399999996, -23.467913799310093], [-50.665184999999994, -23.4679136993101], [-50.66512029999999, -23.46791359931009], [-50.665055499999994, -23.467913499310097], [-50.6649908, -23.467883399310097], [-50.664958399999996, -23.467883399310097], [-50.66489359999999, -23.46788319931009], [-50.664828899999996, -23.467853199310085], [-50.6647642, -23.467853099310084], [-50.664699500000005, -23.467823099310092], [-50.664667099999996, -23.467822999310087], [-50.664634799999995, -23.467793099310093], [-50.6645701, -23.467762999310093], [-50.6645377, -23.467762999310093], [-50.664505299999995, -23.467762899310106], [-50.6644406, -23.4677328993101], [-50.6644083, -23.467732799310102], [-50.664375899999996, -23.4677326993101], [-50.664343499999994, -23.4677326993101], [-50.66431109999999, -23.467732599310096], [-50.66427869999999, -23.467732499310095], [-50.664246299999995, -23.467732499310095], [-50.66421390000001, -23.467732399310098], [-50.6641816, -23.467732299310104], [-50.664149099999996, -23.467762099310093], [-50.6641167, -23.467762099310093], [-50.664052000000005, -23.467761899310087], [-50.6639548, -23.467761699310095], [-50.6638576, -23.467761499310097], [-50.663793, -23.467731499310087], [-50.663728199999994, -23.46773139931009], [-50.663728299999995, -23.4677014993101], [-50.66369590000001, -23.4677013993101], [-50.66366349999999, -23.4677012993101], [-50.66363119999999, -23.4676713993101], [-50.663598799999995, -23.4676712993101], [-50.6635665, -23.467641399310097], [-50.663566599999996, -23.467611499310106], [-50.663566599999996, -23.467581599310098], [-50.6635667, -23.467551799310108], [-50.66359909999999, -23.46755179931011], [-50.6635992, -23.467521999310094]]]}, "properties": {"esp_cd": 91320, "cod_snisb": 0, "cod_sar": 0, "nmoriginal": " ", "nmalternat": " ", "nmgenerico": " ", "nmligacao": " ", "detipomass": "Artificial", "dedominial": "Estadual", "dedominio": "Corpo Hídrico Estadual", "defiscaliz": "ESTADO", "nmemp": " ", "fonmemp": " ", "dtreserv": " ", "fodtreserv": " ", "nuvolumhm3": 0, "fonuvolume": " ", "nuperimkm": 0.472547151180489, "nuareakm2": 0.007340080587915, "nuareaha": 0.734008058791472, "nucompgeom": 1.55540626372718, "usoprinc": " ", "fousoprinc": " ", "detipoapr": " ", "detipomda": " ", "salinidade": " ", "regime": " ", "nmriocomp": " ", "nmufe": "PARANÁ", "nmmun": "SÃO SEBASTIÃO DA AMOREIRA", "defonte": " ", "desatelite": "Rapideye (MMA)", "deversao": "FBDS (2017)", "deobs": " ", "nuvzreg": 0, "nuvzlago": 0, "nuvzdeflu": 0, "cdtipooper": 0, "detipooper": " ", "fovzlago": " ", "fovzdeflu": " ", "fovzreg": " ", "cobarprin": 0, "cotrecho": 0, "nuvzrecebe": 0, "nuvztransf": 0, "deobsvazao": " ", "cocda2013": " ", "cocda2017": " ", "FID": 186616, "gid": 197317, "nmespecifi": " "}}, {"type": "Feature", "id": 188148, "geometry": {"type": "Polygon", "coordinates": [[[-50.671200299999995, -23.510437399309144], [-50.6712651, -23.510407599309133], [-50.671297599999995, -23.510377799309136], [-50.67142729999999, -23.510318399309142], [-50.67145969999999, -23.510318399309142], [-50.671524399999996, -23.510348399309137], [-50.671524299999994, -23.510378299309146], [-50.6715567, -23.510408299309137], [-50.671589, -23.51043819930913], [-50.671588799999995, -23.51049799930913], [-50.671588799999995, -23.51052779930913], [-50.6715887, -23.51055769930915], [-50.6715886, -23.51058759930914], [-50.671555999999995, -23.510677099309135], [-50.67155589999999, -23.510706999309136], [-50.671555899999994, -23.51073689930913], [-50.6715558, -23.510766699309137], [-50.67152319999999, -23.510826399309128], [-50.671523, -23.51091599930913], [-50.671457700000005, -23.511124999309132], [-50.6714576, -23.51115489930911], [-50.6714576, -23.51118479930912], [-50.67071250000001, -23.511183199309123], [-50.67068009999999, -23.51118309930912], [-50.6706479, -23.51109339930913], [-50.6706157, -23.51103359930912], [-50.67055109999999, -23.510943899309126], [-50.6705512, -23.510884099309127], [-50.67055130000001, -23.51085419930913], [-50.670583799999996, -23.51082439930914], [-50.6706163, -23.510764799309133], [-50.6706489, -23.510675199309137], [-50.670713899999996, -23.51061559930914], [-50.670714000000004, -23.51058569930914], [-50.6707787, -23.510585899309135], [-50.670811199999996, -23.510556099309138], [-50.6708437, -23.510526299309138], [-50.670908499999996, -23.510526399309136], [-50.6709409, -23.510526499309133], [-50.67097329999999, -23.51052649930914], [-50.671005699999995, -23.510526599309138], [-50.6710381, -23.51052669930914], [-50.6710705, -23.510496899309143], [-50.671102899999994, -23.510496899309143], [-50.67113539999999, -23.510467099309142], [-50.671167800000006, -23.51046719930914], [-50.671200299999995, -23.510437399309144]]]}, "properties": {"esp_cd": 135714, "cod_snisb": 0, "cod_sar": 0, "nmoriginal": " ", "nmalternat": " ", "nmgenerico": " ", "nmligacao": " ", "detipomass": "Artificial", "dedominial": "Estadual", "dedominio": "Corpo Hídrico Estadual", "defiscaliz": "ESTADO", "nmemp": " ", "fonmemp": " ", "dtreserv": " ", "fodtreserv": " ", "nuvolumhm3": 0, "fonuvolume": " ", "nuperimkm": 0.346265234318008, "nuareakm2": 0.007377998600709, "nuareaha": 0.737799860070928, "nucompgeom": 1.13681216890609, "usoprinc": " ", "fousoprinc": " ", "detipoapr": " ", "detipomda": " ", "salinidade": " ", "regime": " ", "nmriocomp": " ", "nmufe": "PARANÁ", "nmmun": "SANTO ANTÔNIO DO PARAÍSO", "defonte": " ", "desatelite": "Rapideye (MMA)", "deversao": "FBDS (2017)", "deobs": " ", "nuvzreg": 0, "nuvzlago": 0, "nuvzdeflu": 0, "cdtipooper": 0, "detipooper": " ", "fovzlago": " ", "fovzdeflu": " ", "fovzreg": " ", "cobarprin": 0, "cotrecho": 0, "nuvzrecebe": 0, "nuvztransf": 0, "deobsvazao": " ", "cocda2013": " ", "cocda2017": " ", "FID": 188148, "gid": 84646, "nmespecifi": " "}}, {"type": "Feature", "id": 200866, "geometry": {"type": "Polygon", "coordinates": [[[-50.6634466, -23.51487199930904], [-50.6634792, -23.514812399309037], [-50.6635117, -23.514752699309042], [-50.6635443, -23.514663099309043], [-50.663576899999995, -23.514603499309054], [-50.663577, -23.514573599309045], [-50.6636096, -23.51448399930905], [-50.663609900000004, -23.514364499309064], [-50.66364239999999, -23.514304899309046], [-50.663675000000005, -23.51424519930905], [-50.663707599999995, -23.514155599309053], [-50.663772699999996, -23.514036299309055], [-50.663837699999995, -23.51394679930907], [-50.6638379, -23.51388709930906], [-50.663902799999995, -23.513827399309065], [-50.6639029, -23.51379759930907], [-50.66393539999999, -23.51376779930907], [-50.663967799999995, -23.513737999309065], [-50.663967899999996, -23.513708099309053], [-50.6640328, -23.513648499309074], [-50.66406539999999, -23.51358879930907], [-50.664097899999994, -23.51355899930907], [-50.6641303, -23.513529199309072], [-50.664162700000006, -23.51352929930907], [-50.66419510000001, -23.513529299309077], [-50.664227499999996, -23.51352939930908], [-50.6642599, -23.513529499309072], [-50.664259799999996, -23.51355929930907], [-50.6642922, -23.51355939930907], [-50.6642922, -23.513589299309075], [-50.66432459999999, -23.513589399309062], [-50.6643245, -23.513619199309066], [-50.664356899999994, -23.51361929930906], [-50.66435680000001, -23.51364919930907], [-50.6643892, -23.51364919930907], [-50.664421399999995, -23.51370909930908], [-50.6644861, -23.51376899930906], [-50.6645185, -23.51376899930906], [-50.6645831, -23.513828899309058], [-50.664583, -23.513858799309066], [-50.66464779999999, -23.513888799309065], [-50.6646801, -23.51391869930906], [-50.6647447, -23.513978599309056], [-50.6648417, -23.514038599309053], [-50.6648741, -23.514068499309055], [-50.664938799999995, -23.514098499309046], [-50.6650035, -23.51412859930906], [-50.6650682, -23.51415859930906], [-50.6651977, -23.51418869930906], [-50.66523, -23.51421869930906], [-50.665294800000005, -23.51424869930905], [-50.6653919, -23.51427879930906], [-50.6654889, -23.514338699309043], [-50.6656183, -23.514398699309044], [-50.665683099999995, -23.514398899309047], [-50.6657154, -23.51442879930905], [-50.6657478, -23.514428899309056], [-50.6657802, -23.51445879930905], [-50.6658126, -23.51445889930905], [-50.6663953, -23.514609499309035], [-50.6664277, -23.51460959930905], [-50.665907399999995, -23.515385199309023], [-50.66590730000001, -23.515415099309035], [-50.6659073, -23.515444999309032], [-50.66587479999999, -23.515474799309022], [-50.6658097, -23.515594099309027], [-50.665744800000006, -23.51565369930902], [-50.665712299999996, -23.515683499309024], [-50.665712199999994, -23.51571339930902], [-50.6656798, -23.51571329930902], [-50.6656474, -23.515713299309017], [-50.6656475, -23.515683399309026], [-50.6656151, -23.515683299309025], [-50.6655827, -23.515683199309024], [-50.6655179, -23.515683099309022], [-50.66548549999999, -23.51568299930903], [-50.66545309999999, -23.515682999309018], [-50.66542069999999, -23.515682899309013], [-50.6653884, -23.515652999309022], [-50.6653236, -23.515652799309027], [-50.6652913, -23.51562289930903], [-50.665258900000005, -23.515622799309018], [-50.665161700000006, -23.51562259930902], [-50.6650645, -23.515622399309027], [-50.6649996, -23.515652099309015], [-50.66493489999999, -23.515651999309014], [-50.664870099999995, -23.51565179930903], [-50.6648376, -23.515681599309026], [-50.664805199999996, -23.515681599309026], [-50.66477270000001, -23.515711399309023], [-50.6647402, -23.51574119930902], [-50.664707899999996, -23.515741099309018], [-50.6646754, -23.51577089930903], [-50.6646429, -23.51580069930902], [-50.6645781, -23.515800599309028], [-50.6645456, -23.515830399309014], [-50.664513199999995, -23.51586019930901], [-50.6644807, -23.515889999309014], [-50.6644158, -23.51591969930902], [-50.664318599999994, -23.51594939930901], [-50.664253599999995, -23.51600899930902], [-50.6642212, -23.516008899309014], [-50.6641888, -23.516038699309014], [-50.664058999999995, -23.516098199309013], [-50.663961799999996, -23.516097999309004], [-50.663897, -23.516127699309013], [-50.66383210000001, -23.516157499309013], [-50.663767299999996, -23.516157299309018], [-50.6637025, -23.51615719930901], [-50.66363779999999, -23.51612719930901], [-50.6635406, -23.516126999309012], [-50.6634435, -23.516096899309012], [-50.66341109999999, -23.516096799309008], [-50.6633788, -23.51606689930901], [-50.663346499999996, -23.516036899309018], [-50.663314199999995, -23.515977099309026], [-50.6632818, -23.51597699930902], [-50.6632819, -23.51594719930902], [-50.663281999999995, -23.515917299309013], [-50.663282099999996, -23.515857499309014], [-50.6632823, -23.51579779930902], [-50.6632824, -23.515737999309025], [-50.663315, -23.51567839930903], [-50.6633151, -23.515618599309025], [-50.6633152, -23.515588699309017], [-50.6633478, -23.515529099309024], [-50.6633478, -23.515499199309023], [-50.6633479, -23.51546929930903], [-50.663348, -23.51543939930903], [-50.66334809999999, -23.515409599309027], [-50.663380599999996, -23.515349899309033], [-50.6633807, -23.515319999309032], [-50.6633808, -23.515290099309023], [-50.6633808, -23.515260299309038], [-50.663413299999995, -23.515230499309038], [-50.6634135, -23.515170699309028], [-50.6634136, -23.51511099930903], [-50.6634137, -23.51508109930904], [-50.6634138, -23.515051199309024], [-50.6634138, -23.515021299309034], [-50.663413899999995, -23.514991499309033], [-50.663413999999996, -23.514961599309032], [-50.6634141, -23.51490189930904], [-50.66344649999999, -23.51490189930904], [-50.6634466, -23.51487199930904]]]}, "properties": {"esp_cd": 169099, "cod_snisb": 0, "cod_sar": 0, "nmoriginal": " ", "nmalternat": " ", "nmgenerico": " ", "nmligacao": " ", "detipomass": "Artificial", "dedominial": "Estadual", "dedominio": "Corpo Hídrico Estadual", "defiscaliz": "ESTADO", "nmemp": " ", "fonmemp": " ", "dtreserv": " ", "fodtreserv": " ", "nuvolumhm3": 0, "fonuvolume": " ", "nuperimkm": 1.01019920794605, "nuareakm2": 0.053085779788743, "nuareaha": 5.30857797887426, "nucompgeom": 1.23642287518063, "usoprinc": " ", "fousoprinc": " ", "detipoapr": " ", "detipomda": " ", "salinidade": " ", "regime": " ", "nmriocomp": " ", "nmufe": "PARANÁ", "nmmun": "SANTO ANTÔNIO DO PARAÍSO", "defonte": " ", "desatelite": "Rapideye (MMA)", "deversao": "FBDS (2017)", "deobs": " ", "nuvzreg": 0, "nuvzlago": 0, "nuvzdeflu": 0, "cdtipooper": 0, "detipooper": " ", "fovzlago": " ", "fovzdeflu": " ", "fovzreg": " ", "cobarprin": 0, "cotrecho": 0, "nuvzrecebe": 0, "nuvztransf": 0, "deobsvazao": " ", "cocda2013": " ", "cocda2017": " ", "FID": 200866, "gid": 116227, "nmespecifi": " "}}, {"type": "Feature", "id": 208023, "geometry": {"type": "Polygon", "coordinates": [[[-50.6422692, -23.49935009930939], [-50.6422369, -23.499320199309384], [-50.6422045, -23.499320099309386], [-50.6421722, -23.499290099309395], [-50.64213979999999, -23.499290099309395], [-50.642107499999995, -23.499260099309385], [-50.642075199999994, -23.499230199309384], [-50.642075299999995, -23.49920029930939], [-50.64204300000001, -23.499140499309394], [-50.642010799999994, -23.4990806993094], [-50.641978699999996, -23.4989909993094], [-50.641881999999995, -23.498781599309396], [-50.641817399999994, -23.498721699309396], [-50.6416562, -23.498452499309415], [-50.6416563, -23.4984225993094], [-50.6416563, -23.498392699309413], [-50.64168869999999, -23.498392799309404], [-50.6417211, -23.498392899309408], [-50.6417535, -23.49839299930941], [-50.641785899999995, -23.49839299930941], [-50.6418183, -23.498393099309407], [-50.6418507, -23.49839319930941], [-50.641883, -23.4984230993094], [-50.6419478, -23.498423299309405], [-50.6419802, -23.498423399309406], [-50.64201249999999, -23.49845329930941], [-50.642044899999995, -23.49845339930941], [-50.6420773, -23.49845349930941], [-50.6420772, -23.498483299309402], [-50.6421096, -23.498483399309407], [-50.6421742, -23.498543299309404], [-50.6422065, -23.49857329930941], [-50.6422713, -23.498573399309407], [-50.6423036, -23.498603299309405], [-50.642336, -23.498603399309417], [-50.6423682, -23.498663199309405], [-50.642432899999996, -23.4987230993094], [-50.6424976, -23.498753199309395], [-50.64252990000001, -23.498783099309406], [-50.642594499999994, -23.498842999309392], [-50.64259439999999, -23.498872899309404], [-50.6426267, -23.498902799309402], [-50.642658999999995, -23.4989626993094], [-50.642691299999996, -23.498992599309386], [-50.6427236, -23.499022499309408], [-50.6427234, -23.499082299309386], [-50.6427557, -23.499142099309392], [-50.6427878, -23.49923179930939], [-50.6427876, -23.49929159930939], [-50.6427876, -23.49932139930939], [-50.6427875, -23.49935129930938], [-50.642755099999995, -23.499351199309395], [-50.6426903, -23.499351099309397], [-50.642657799999995, -23.499380899309386], [-50.6426254, -23.499380799309375], [-50.642560599999996, -23.49941049930938], [-50.64249579999999, -23.49941039930938], [-50.6424634, -23.499410299309375], [-50.642431099999996, -23.499380399309388], [-50.6423987, -23.499380299309387], [-50.6423663, -23.499380199309385], [-50.6423339, -23.499380099309374], [-50.642301499999995, -23.499380099309374], [-50.6422692, -23.49935009930939]]]}, "properties": {"esp_cd": 100185, "cod_snisb": 0, "cod_sar": 0, "nmoriginal": " ", "nmalternat": " ", "nmgenerico": " ", "nmligacao": " ", "detipomass": "Artificial", "dedominial": "Estadual", "dedominio": "Corpo Hídrico Estadual", "defiscaliz": "ESTADO", "nmemp": " ", "fonmemp": " ", "dtreserv": " ", "fodtreserv": " ", "nuvolumhm3": 0, "fonuvolume": " ", "nuperimkm": 0.36890816752249, "nuareakm2": 0.006781484367602, "nuareaha": 0.678148436760219, "nucompgeom": 1.26329563725613, "usoprinc": " ", "fousoprinc": " ", "detipoapr": " ", "detipomda": " ", "salinidade": " ", "regime": " ", "nmriocomp": " ", "nmufe": "PARANÁ", "nmmun": "SANTO ANTÔNIO DO PARAÍSO", "defonte": " ", "desatelite": "Rapideye (MMA)", "deversao": "FBDS (2017)", "deobs": " ", "nuvzreg": 0, "nuvzlago": 0, "nuvzdeflu": 0, "cdtipooper": 0, "detipooper": " ", "fovzlago": " ", "fovzdeflu": " ", "fovzreg": " ", "cobarprin": 0, "cotrecho": 0, "nuvzrecebe": 0, "nuvztransf": 0, "deobsvazao": " ", "cocda2013": " ", "cocda2017": " ", "FID": 208023, "gid": 201491, "nmespecifi": " "}}, {"type": "Feature", "id": 211846, "geometry": {"type": "Polygon", "coordinates": [[[-50.6441885, -23.49630739930945], [-50.6442209, -23.49630739930945], [-50.6442533, -23.496307499309452], [-50.64428569999999, -23.496307599309468], [-50.64431810000001, -23.49630769930945], [-50.644350499999994, -23.49630769930945], [-50.64435040000001, -23.496337599309456], [-50.644382799999995, -23.496337699309446], [-50.6444152, -23.496337799309455], [-50.644415099999996, -23.49636759930946], [-50.6444475, -23.496367699309456], [-50.6444799, -23.496367799309454], [-50.644512299999995, -23.49636789930946], [-50.6445769, -23.496427699309457], [-50.6446093, -23.496427799309455], [-50.644673999999995, -23.49645779930945], [-50.64473859999999, -23.496517699309457], [-50.644444299999996, -23.49756269930943], [-50.6444442, -23.49759249930943], [-50.6444441, -23.49762239930942], [-50.6444116, -23.497682099309422], [-50.6444115, -23.497711999309423], [-50.644379, -23.49774179930943], [-50.6443789, -23.497801499309418], [-50.644378700000004, -23.497861199309423], [-50.64437859999999, -23.497891099309424], [-50.644378499999995, -23.49795089930942], [-50.6443783, -23.498010599309413], [-50.6443782, -23.498040499309415], [-50.64437809999999, -23.49807039930942], [-50.6443781, -23.49810019930942], [-50.6443455, -23.498159899309417], [-50.6443454, -23.498189799309415], [-50.6443453, -23.498219699309413], [-50.644312899999996, -23.498249499309413], [-50.644248, -23.49827919930941], [-50.64421549999999, -23.498338899309413], [-50.6441831, -23.498338799309405], [-50.644150499999995, -23.49839849930941], [-50.6440856, -23.49842819930941], [-50.6440209, -23.498427999309406], [-50.64395609999999, -23.4984278993094], [-50.643923699999995, -23.498427799309408], [-50.64389130000001, -23.498427699309413], [-50.6438589, -23.498427699309413], [-50.64382649999999, -23.4984275993094], [-50.6437293, -23.498427399309403], [-50.64369689999999, -23.498427299309412], [-50.64366460000001, -23.498427199309408], [-50.6436322, -23.498427099309406], [-50.6436322, -23.49839729930941], [-50.6435998, -23.498397199309405], [-50.6435351, -23.498397099309408], [-50.6435027, -23.498396999309406], [-50.643437899999995, -23.498396799309408], [-50.6434056, -23.49836689930941], [-50.643373200000006, -23.49836679930941], [-50.643308499999996, -23.498336799309406], [-50.6433086, -23.498306899309405], [-50.6433086, -23.498276999309404], [-50.6433087, -23.498247199309414], [-50.64330880000001, -23.49821729930942], [-50.643308999999995, -23.498157499309407], [-50.643309, -23.498127699309418], [-50.643309099999996, -23.49809779930942], [-50.6433416, -23.498067999309413], [-50.6433417, -23.49803809930942], [-50.643374200000004, -23.49800829930942], [-50.643374200000004, -23.497978399309414], [-50.6434067, -23.49794859930942], [-50.6434068, -23.497918799309414], [-50.6434393, -23.497888999309424], [-50.6434717, -23.49785919930942], [-50.64350439999999, -23.49776959930943], [-50.643537, -23.497680099309438], [-50.643601999999994, -23.49759059930943], [-50.6436021, -23.49756069930942], [-50.6435698, -23.49753079930943], [-50.6435374, -23.49753069930943], [-50.6434728, -23.497470799309426], [-50.643408099999995, -23.497440799309437], [-50.6433433, -23.49744059930942], [-50.6432138, -23.49741049930943], [-50.643181399999996, -23.497410399309423], [-50.6431815, -23.497380499309433], [-50.643181600000005, -23.497350699309433], [-50.6432146, -23.49711169930943], [-50.643214799999996, -23.497051999309445], [-50.643636, -23.496993199309436], [-50.6436685, -23.49696339930944], [-50.643701, -23.496933599309436], [-50.643701, -23.49690369930944], [-50.6437011, -23.496873899309442], [-50.6437336, -23.496844099309442], [-50.643733700000006, -23.496814199309448], [-50.6437338, -23.496784299309446], [-50.64373380000001, -23.496754399309445], [-50.6437663, -23.49672459930944], [-50.6437664, -23.496694799309452], [-50.6437665, -23.49666489930945], [-50.643798999999994, -23.496605199309453], [-50.6438315, -23.49657539930945], [-50.6438316, -23.49654549930945], [-50.643864, -23.49651569930946], [-50.64389649999999, -23.496485899309448], [-50.6439291, -23.49642629930945], [-50.6439291, -23.496396399309454], [-50.643961499999996, -23.496396499309455], [-50.6439616, -23.496366599309454], [-50.643994, -23.496366699309455], [-50.644026499999995, -23.496336899309465], [-50.6440589, -23.496336899309465], [-50.64409130000001, -23.49633699930945], [-50.644123699999994, -23.496337099309457], [-50.644156, -23.496337199309462], [-50.6441885, -23.49630739930945]]]}, "properties": {"esp_cd": 142391, "cod_snisb": 0, "cod_sar": 0, "nmoriginal": " ", "nmalternat": " ", "nmgenerico": " ", "nmligacao": " ", "detipomass": "Artificial", "dedominial": "Estadual", "dedominio": "Corpo Hídrico Estadual", "defiscaliz": "ESTADO", "nmemp": " ", "fonmemp": " ", "dtreserv": " ", "fodtreserv": " ", "nuvolumhm3": 0, "fonuvolume": " ", "nuperimkm": 0.724987444570149, "nuareakm2": 0.023332994413564, "nuareaha": 2.33329944135639, "nucompgeom": 1.33842597133313, "usoprinc": " ", "fousoprinc": " ", "detipoapr": " ", "detipomda": " ", "salinidade": " ", "regime": " ", "nmriocomp": " ", "nmufe": "PARANÁ", "nmmun": "SANTO ANTÔNIO DO PARAÍSO", "defonte": " ", "desatelite": "Rapideye (MMA)", "deversao": "FBDS (2017)", "deobs": " ", "nuvzreg": 0, "nuvzlago": 0, "nuvzdeflu": 0, "cdtipooper": 0, "detipooper": " ", "fovzlago": " ", "fovzdeflu": " ", "fovzreg": " ", "cobarprin": 0, "cotrecho": 0, "nuvzrecebe": 0, "nuvztransf": 0, "deobsvazao": " ", "cocda2013": " ", "cocda2017": " ", "FID": 211846, "gid": 208383, "nmespecifi": " "}}, {"type": "Feature", "id": 214360, "geometry": {"type": "Polygon", "coordinates": [[[-50.662751199999995, -23.495332899309478], [-50.6627836, -23.495332999309472], [-50.662848399999994, -23.495333099309477], [-50.662880799999996, -23.495333199309467], [-50.662905599999995, -23.495333299309472], [-50.662913200000006, -23.495333299309472], [-50.6629456, -23.495333299309472], [-50.662951899999996, -23.49533919930949], [-50.662977899999994, -23.495363299309478], [-50.6630426, -23.495393299309484], [-50.663139699999995, -23.495423399309473], [-50.6632368, -23.49545349930948], [-50.663301499999996, -23.495483499309465], [-50.66333389999999, -23.49548359930948], [-50.6634311, -23.49548379930948], [-50.66349580000001, -23.495513799309478], [-50.663528199999995, -23.495513899309476], [-50.663560600000004, -23.495513899309476], [-50.6636253, -23.495514099309474], [-50.663657699999995, -23.495514099309474], [-50.6637225, -23.495514299309484], [-50.663787199999994, -23.495544299309476], [-50.6638844, -23.49554449930947], [-50.66394919999999, -23.495544599309483], [-50.6640464, -23.49554479930948], [-50.6641111, -23.49554499930947], [-50.6641759, -23.495545099309474], [-50.6642407, -23.49554529930947], [-50.6643055, -23.49554539930947], [-50.664370299999995, -23.495545499309475], [-50.6644027, -23.49554559930948], [-50.664435, -23.495545699309474], [-50.6644674, -23.49554579930947], [-50.664499799999994, -23.49554579930948], [-50.6645322, -23.495545899309484], [-50.664564600000006, -23.495545999309478], [-50.6645675, -23.495545999309478], [-50.664597, -23.495545999309478], [-50.6646942, -23.49554619930947], [-50.664759, -23.495516499309474], [-50.6647914, -23.49551659930948], [-50.6648239, -23.495486799309475], [-50.6648564, -23.495456999309486], [-50.664921099999994, -23.495457099309483], [-50.6649536, -23.49542729930948], [-50.664986, -23.495427399309477], [-50.66498609999999, -23.49539749930948], [-50.66501849999999, -23.495397599309477], [-50.6650509, -23.495397599309477], [-50.66508319999999, -23.495397699309468], [-50.6651479, -23.495457599309475], [-50.6652448, -23.495547399309476], [-50.6653095, -23.49560729930948], [-50.66534179999999, -23.495637299309475], [-50.665364999999994, -23.49564799930947], [-50.665406499999996, -23.49566729930947], [-50.665406399999995, -23.495697099309474], [-50.6654711, -23.495727199309467], [-50.6655035, -23.495727199309467], [-50.665568199999996, -23.495757199309473], [-50.6656329, -23.49578719930946], [-50.665697599999994, -23.495817299309465], [-50.66579469999999, -23.495847299309457], [-50.6659242, -23.49587749930947], [-50.665988899999995, -23.495907499309467], [-50.66602129999999, -23.49590759930946], [-50.666118399999995, -23.49593769930946], [-50.6662156, -23.495937899309453], [-50.66634510000001, -23.495938099309466], [-50.6664099, -23.495938299309465], [-50.6664423, -23.49593839930947], [-50.6665071, -23.49593849930946], [-50.6665719, -23.495938599309472], [-50.6666367, -23.49593879930946], [-50.6666691, -23.49593879930946], [-50.666701499999995, -23.495908999309467], [-50.6667987, -23.49590919930946], [-50.6668959, -23.495879599309465], [-50.6669932, -23.495849899309466], [-50.667025699999996, -23.495820099309466], [-50.667058, -23.495820199309463], [-50.6671553, -23.495790499309468], [-50.667220099999994, -23.495790599309473], [-50.667220199999996, -23.49576079930947], [-50.6672849, -23.495760899309474], [-50.6673091, -23.49573879930947], [-50.667317399999995, -23.495731099309467], [-50.66738230000001, -23.495701399309468], [-50.667447, -23.49570149930946], [-50.6674795, -23.495671699309472], [-50.6675119, -23.495671799309473], [-50.667544299999996, -23.495671799309473], [-50.6675767, -23.49567189930947], [-50.6676091, -23.495671999309472], [-50.66764149999999, -23.495671999309472], [-50.6676739, -23.495672099309466], [-50.6677062, -23.49567219930947], [-50.6677386, -23.495672299309476], [-50.667770999999995, -23.495672299309476], [-50.6678034, -23.49567239930947], [-50.6679624, -23.495697999309467], [-50.6687424, -23.495823799309466], [-50.668742300000005, -23.495853599309473], [-50.66867729999999, -23.49594309930946], [-50.668677200000005, -23.49597299930947], [-50.6685796, -23.496151999309458], [-50.668547, -23.496241599309453], [-50.6685145, -23.496271399309457], [-50.6684821, -23.496271299309463], [-50.668417299999994, -23.496301099309456], [-50.6683525, -23.49630089930946], [-50.668222899999996, -23.496330499309444], [-50.668093299999995, -23.49633019930945], [-50.667963699999994, -23.496329999309467], [-50.667866599999996, -23.496329799309457], [-50.6677695, -23.49629969930946], [-50.66767240000001, -23.49626959930946], [-50.6676076, -23.49626949930946], [-50.667575199999995, -23.496269399309455], [-50.6675105, -23.496239399309452], [-50.66744569999999, -23.49623919930946], [-50.667348499999996, -23.496238999309455], [-50.667251400000005, -23.496208999309463], [-50.667186599999994, -23.496208799309453], [-50.6670571, -23.496208499309464], [-50.666959999999996, -23.496178499309462], [-50.6668628, -23.496178199309462], [-50.6668304, -23.496178199309462], [-50.6667332, -23.496177999309467], [-50.6666685, -23.49617779930946], [-50.6665713, -23.49617759930945], [-50.6665065, -23.49617749930946], [-50.66640929999999, -23.496177299309462], [-50.6663445, -23.496177099309463], [-50.6663121, -23.496177099309463], [-50.666247399999996, -23.496176899309464], [-50.666215, -23.496176899309464], [-50.666117799999995, -23.496176699309462], [-50.666053, -23.496176499309456], [-50.6659882, -23.49617639930946], [-50.6659558, -23.49617629930946], [-50.6659235, -23.496176199309453], [-50.665891099999996, -23.496176199309453], [-50.6658587, -23.49617609930946], [-50.6658262, -23.49620589930946], [-50.6657614, -23.496205799309454], [-50.66572899999999, -23.49620569930945], [-50.665664199999995, -23.496235399309455], [-50.665566999999996, -23.496235199309456], [-50.6655022, -23.49623509930946], [-50.665437399999995, -23.49623489930945], [-50.665405, -23.49623489930945], [-50.665307899999995, -23.496234699309458], [-50.6651782, -23.49626429930946], [-50.6650487, -23.49626399930945], [-50.664951499999994, -23.49626379930946], [-50.6649191, -23.49626369930946], [-50.6648867, -23.49626359930946], [-50.6648219, -23.496263499309453], [-50.6647895, -23.496263399309456], [-50.664724799999995, -23.49623339930946], [-50.6646277, -23.496233199309458], [-50.6645629, -23.496203199309452], [-50.6645306, -23.496203099309458], [-50.664465899999996, -23.496143199309454], [-50.6643688, -23.496142999309463], [-50.664303999999994, -23.496112999309464], [-50.6642393, -23.49611289930946], [-50.66420689999999, -23.49608289930946], [-50.66414220000001, -23.496082799309463], [-50.6641099, -23.496052799309453], [-50.664045099999996, -23.49602279930946], [-50.664012799999995, -23.49602279930946], [-50.66398039999999, -23.495992799309462], [-50.6639157, -23.49599269930947], [-50.663883299999995, -23.495992599309453], [-50.6638509, -23.495992499309462], [-50.6637861, -23.495992399309465], [-50.66372129999999, -23.49599229930946], [-50.663656599999996, -23.495962199309467], [-50.663591800000006, -23.49596209930947], [-50.663526999999995, -23.495961999309472], [-50.663462300000006, -23.49596179930946], [-50.6633975, -23.495961699309472], [-50.66333269999999, -23.49596149930947], [-50.663300299999996, -23.495961499309463], [-50.6632679, -23.49596139930946], [-50.6630088, -23.495960799309458], [-50.662943999999996, -23.495960699309467], [-50.6628468, -23.495960499309465], [-50.662814399999995, -23.495960399309464], [-50.6627497, -23.495960299309473], [-50.662684899999995, -23.49596009930946], [-50.6626201, -23.49595999930947], [-50.6625553, -23.495959899309458], [-50.66249049999999, -23.49595969930948], [-50.6624257, -23.49598949930946], [-50.662393200000004, -23.49601929930947], [-50.662360799999995, -23.49601919930947], [-50.6623284, -23.496019099309457], [-50.662296000000005, -23.496018999309456], [-50.662263599999996, -23.496018999309463], [-50.6622312, -23.49601889930946], [-50.6621988, -23.496018799309464], [-50.6621665, -23.496018799309464], [-50.662134099999996, -23.495988799309462], [-50.662101799999995, -23.495958899309464], [-50.662069599999995, -23.495899099309465], [-50.662037399999996, -23.495809399309476], [-50.662005099999995, -23.495779399309473], [-50.6620053, -23.49571969930948], [-50.662005300000004, -23.495689799309467], [-50.66200550000001, -23.495630099309466], [-50.66200559999999, -23.49560019930948], [-50.662070400000005, -23.495600299309476], [-50.66210280000001, -23.495570499309462], [-50.6621677, -23.495540799309477], [-50.662264799999996, -23.495540999309473], [-50.6622649, -23.49551109930948], [-50.6622973, -23.49551119930947], [-50.6623297, -23.49551129930948], [-50.662362099999996, -23.49551129930948], [-50.662427, -23.49548159930947], [-50.6624918, -23.49545189930948], [-50.6625242, -23.49545189930948], [-50.6625891, -23.495422199309473], [-50.662653899999995, -23.49539249930948], [-50.6626863, -23.495392499309474], [-50.6626864, -23.495362699309474], [-50.66271880000001, -23.495362699309474], [-50.662751199999995, -23.495332899309478]]]}, "properties": {"esp_cd": 149768, "cod_snisb": 0, "cod_sar": 0, "nmoriginal": " ", "nmalternat": " ", "nmgenerico": " ", "nmligacao": " ", "detipomass": "Artificial", "dedominial": "Estadual", "dedominio": "Corpo Hídrico Estadual", "defiscaliz": "ESTADO", "nmemp": " ", "fonmemp": " ", "dtreserv": " ", "fodtreserv": " ", "nuvolumhm3": 0, "fonuvolume": " ", "nuperimkm": 1.52422951386347, "nuareakm2": 0.03764009103832, "nuareaha": 3.76400910383199, "nucompgeom": 2.21551218235125, "usoprinc": " ", "fousoprinc": " ", "detipoapr": " ", "detipomda": " ", "salinidade": " ", "regime": " ", "nmriocomp": " ", "nmufe": "PARANÁ", "nmmun": "SANTO ANTÔNIO DO PARAÍSO, SÃO SEBASTIÃO DA AMOREIRA", "defonte": " ", "desatelite": "Rapideye (MMA)", "deversao": "FBDS (2017)", "deobs": " ", "nuvzreg": 0, "nuvzlago": 0, "nuvzdeflu": 0, "cdtipooper": 0, "detipooper": " ", "fovzlago": " ", "fovzdeflu": " ", "fovzreg": " ", "cobarprin": 0, "cotrecho": 0, "nuvzrecebe": 0, "nuvztransf": 0, "deobsvazao": " ", "cocda2013": " ", "cocda2017": " ", "FID": 214360, "gid": 216303, "nmespecifi": " "}}, {"type": "Feature", "id": 224258, "geometry": {"type": "Polygon", "coordinates": [[[-50.634319299999994, -23.50438039930928], [-50.634351699999996, -23.50438039930928], [-50.6343841, -23.504380499309278], [-50.6344164, -23.504380599309275], [-50.63444880000001, -23.504380699309273], [-50.634481199999996, -23.504380699309273], [-50.63451359999999, -23.50438079930929], [-50.634546, -23.504380899309275], [-50.6345783, -23.50441079930927], [-50.63461059999999, -23.504440799309275], [-50.634642899999996, -23.50450059930928], [-50.6346751, -23.504560399309266], [-50.634739599999996, -23.504650199309264], [-50.6347719, -23.50470999930927], [-50.6348041, -23.50476989930927], [-50.634803999999995, -23.50479969930927], [-50.63483619999999, -23.504859599309267], [-50.634836, -23.504949199309262], [-50.6348357, -23.50503879930926], [-50.6348355, -23.505128399309253], [-50.6348354, -23.505158299309265], [-50.63483529999999, -23.50518819930926], [-50.6348351, -23.50527779930926], [-50.6348348, -23.505367399309254], [-50.6348346, -23.50545699930926], [-50.634834299999994, -23.50554669930925], [-50.6348342, -23.505606399309247], [-50.634833900000004, -23.505695999309253], [-50.63480149999999, -23.505725799309243], [-50.6347689, -23.505785499309248], [-50.634736399999994, -23.505815299309244], [-50.63473630000001, -23.505874999309246], [-50.6347037, -23.50593469930924], [-50.6346388, -23.50599429930923], [-50.6345739, -23.506023999309242], [-50.634541399999996, -23.506053799309242], [-50.63450899999999, -23.506053799309242], [-50.6344766, -23.506053699309238], [-50.634411899999996, -23.50602359930924], [-50.6343472, -23.50599359930925], [-50.6343148, -23.505993499309238], [-50.6343149, -23.505963699309238], [-50.6342825, -23.505963599309236], [-50.634282600000006, -23.50593369930924], [-50.6342503, -23.505903799309237], [-50.634185599999995, -23.505873699309234], [-50.6341533, -23.50581389930924], [-50.634088600000005, -23.505813799309244], [-50.634056199999996, -23.505813699309236], [-50.634023799999994, -23.50581359930924], [-50.6339914, -23.505813499309234], [-50.633926599999995, -23.505813399309236], [-50.6338618, -23.505813199309248], [-50.633829399999996, -23.505813199309248], [-50.6337647, -23.505783099309244], [-50.6337323, -23.505783099309244], [-50.633699899999996, -23.50578299930925], [-50.633667599999995, -23.505752999309234], [-50.633635299999995, -23.50572309930924], [-50.63360300000001, -23.505693099309244], [-50.6335707, -23.50566319930924], [-50.63353839999999, -23.505633199309248], [-50.6335384, -23.505603399309248], [-50.6335061, -23.50557339930925], [-50.633473699999996, -23.505573299309244], [-50.6334738, -23.505543499309248], [-50.633441499999996, -23.505513499309252], [-50.63344159999999, -23.50548359930925], [-50.633409199999996, -23.50548359930925], [-50.633376899999995, -23.505453599309245], [-50.633376999999996, -23.505423699309254], [-50.6333447, -23.50539379930925], [-50.6333124, -23.50536379930924], [-50.63328, -23.50533389930925], [-50.6332477, -23.505303899309247], [-50.633086, -23.50521389930926], [-50.6330536, -23.50521389930926], [-50.6330537, -23.505183999309267], [-50.6330861, -23.505184099309265], [-50.63311849999999, -23.505184099309265], [-50.633118599999996, -23.505154299309257], [-50.633151, -23.50515429930925], [-50.6331511, -23.505124499309257], [-50.633183599999995, -23.50506479930926], [-50.633183900000006, -23.50497519930926], [-50.633216399999995, -23.504915499309273], [-50.633249, -23.504855799309265], [-50.633313799999996, -23.504826099309263], [-50.633314, -23.504766399309258], [-50.6333142, -23.504706599309266], [-50.63325, -23.504497299309275], [-50.6332178, -23.50440759930928], [-50.6342219, -23.504439899309265], [-50.634254299999995, -23.504439999309273], [-50.634286800000005, -23.504410199309273], [-50.6343192, -23.504410199309273], [-50.634319299999994, -23.50438039930928]]]}, "properties": {"esp_cd": 139642, "cod_snisb": 0, "cod_sar": 0, "nmoriginal": " ", "nmalternat": " ", "nmgenerico": " ", "nmligacao": " ", "detipomass": "Artificial", "dedominial": "Estadual", "dedominio": "Corpo Hídrico Estadual", "defiscaliz": "ESTADO", "nmemp": " ", "fonmemp": " ", "dtreserv": " ", "fodtreserv": " ", "nuvolumhm3": 0, "fonuvolume": " ", "nuperimkm": 0.654249258313724, "nuareakm2": 0.024355920918309, "nuareaha": 2.43559209183087, "nucompgeom": 1.18219758997703, "usoprinc": " ", "fousoprinc": " ", "detipoapr": " ", "detipomda": " ", "salinidade": " ", "regime": " ", "nmriocomp": " ", "nmufe": "PARANÁ", "nmmun": "SANTO ANTÔNIO DO PARAÍSO", "defonte": " ", "desatelite": "Rapideye (MMA)", "deversao": "FBDS (2017)", "deobs": " ", "nuvzreg": 0, "nuvzlago": 0, "nuvzdeflu": 0, "cdtipooper": 0, "detipooper": " ", "fovzlago": " ", "fovzdeflu": " ", "fovzreg": " ", "cobarprin": 0, "cotrecho": 0, "nuvzrecebe": 0, "nuvztransf": 0, "deobsvazao": " ", "cocda2013": " ", "cocda2017": " ", "FID": 224258, "gid": 202531, "nmespecifi": " "}}, {"type": "Feature", "id": 225348, "geometry": {"type": "Polygon", "coordinates": [[[-50.6471028, -23.496642599309453], [-50.64713520000001, -23.496642699309444], [-50.647167599999996, -23.496642799309456], [-50.6472, -23.496642799309456], [-50.6472324, -23.496642899309457], [-50.647264799999995, -23.496642999309447], [-50.647297099999996, -23.496672899309452], [-50.6473618, -23.496702899309444], [-50.647394, -23.496762799309437], [-50.6474263, -23.496822599309443], [-50.6474584, -23.496912299309443], [-50.6474907, -23.49697209930944], [-50.647490499999996, -23.497031799309436], [-50.647490399999995, -23.497061699309434], [-50.6474903, -23.497091599309446], [-50.6474903, -23.49712149930945], [-50.647490100000006, -23.49718119930944], [-50.647457599999996, -23.497240899309435], [-50.6474251, -23.497270699309432], [-50.647360199999994, -23.497300399309424], [-50.6472954, -23.497330099309433], [-50.6472629, -23.49735989930943], [-50.6472305, -23.49735989930944], [-50.6472304, -23.497389699309434], [-50.647197999999996, -23.497389699309434], [-50.647197899999995, -23.497419499309437], [-50.647197899999995, -23.497449399309442], [-50.6471655, -23.497449299309427], [-50.6471331, -23.497449299309427], [-50.647100699999996, -23.49744919930943], [-50.647100599999995, -23.497479099309434], [-50.6466784, -23.49789639930941], [-50.6466783, -23.497956099309423], [-50.646678099999995, -23.49801579930941], [-50.646677999999994, -23.49804569930942], [-50.64667789999999, -23.498105499309418], [-50.6466778, -23.498135299309403], [-50.646677700000005, -23.49816519930941], [-50.6467421, -23.498314699309407], [-50.6467743, -23.498374599309404], [-50.6468067, -23.498374599309418], [-50.6468066, -23.498404499309412], [-50.6466771, -23.498404199309405], [-50.646644699999996, -23.49837429930941], [-50.64657999999999, -23.49837409930942], [-50.64654769999999, -23.49834419930941], [-50.6465153, -23.49831419930941], [-50.646482999999996, -23.498284299309404], [-50.6464831, -23.498254399309417], [-50.646418399999995, -23.498224399309404], [-50.6463539, -23.498134599309417], [-50.6462893, -23.49804479930941], [-50.646224700000005, -23.497984899309415], [-50.64619239999999, -23.497954999309414], [-50.6461925, -23.49792509930942], [-50.64616009999999, -23.497895199309426], [-50.64612779999999, -23.497865199309427], [-50.6460308, -23.497805299309423], [-50.64599859999999, -23.49774539930943], [-50.6459663, -23.49771549930942], [-50.645934000000004, -23.497685499309416], [-50.645901699999996, -23.497655599309432], [-50.6458693, -23.49762559930942], [-50.64586949999999, -23.497565899309443], [-50.645837099999994, -23.497565799309427], [-50.6458372, -23.497535999309434], [-50.64583729999999, -23.49747619930943], [-50.645837400000005, -23.497446299309434], [-50.6458376, -23.49738659930943], [-50.645837699999994, -23.497326799309434], [-50.64590279999999, -23.49723739930943], [-50.6459677, -23.49717779930944], [-50.646065099999994, -23.49708839930944], [-50.6460976, -23.497058599309433], [-50.64613, -23.497058599309433], [-50.6462273, -23.49699909930945], [-50.64632459999999, -23.49696949930945], [-50.6464218, -23.49693979930944], [-50.64648659999999, -23.496939899309435], [-50.646519000000005, -23.49693999930944], [-50.64658389999999, -23.496910299309448], [-50.6466487, -23.496880599309446], [-50.6467136, -23.496850799309442], [-50.646778499999996, -23.496821099309432], [-50.6468434, -23.496761499309443], [-50.6468759, -23.496731699309446], [-50.646940699999995, -23.496701999309444], [-50.646973200000005, -23.49667219930944], [-50.6470056, -23.496672299309445], [-50.6470704, -23.49667239930945], [-50.6471028, -23.496642599309453]]]}, "properties": {"esp_cd": 140772, "cod_snisb": 0, "cod_sar": 0, "nmoriginal": " ", "nmalternat": " ", "nmgenerico": " ", "nmligacao": " ", "detipomass": "Artificial", "dedominial": "Estadual", "dedominio": "Corpo Hídrico Estadual", "defiscaliz": "ESTADO", "nmemp": " ", "fonmemp": " ", "dtreserv": " ", "fodtreserv": " ", "nuvolumhm3": 0, "fonuvolume": " ", "nuperimkm": 0.601711454236632, "nuareakm2": 0.016857801994252, "nuareaha": 1.68578019942521, "nucompgeom": 1.30688361464401, "usoprinc": " ", "fousoprinc": " ", "detipoapr": " ", "detipomda": " ", "salinidade": " ", "regime": " ", "nmriocomp": " ", "nmufe": "PARANÁ", "nmmun": "SANTO ANTÔNIO DO PARAÍSO", "defonte": " ", "desatelite": "Rapideye (MMA)", "deversao": "FBDS (2017)", "deobs": " ", "nuvzreg": 0, "nuvzlago": 0, "nuvzdeflu": 0, "cdtipooper": 0, "detipooper": " ", "fovzlago": " ", "fovzdeflu": " ", "fovzreg": " ", "cobarprin": 0, "cotrecho": 0, "nuvzrecebe": 0, "nuvztransf": 0, "deobsvazao": " ", "cocda2013": " ", "cocda2017": " ", "FID": 225348, "gid": 203822, "nmespecifi": " "}}, {"type": "Feature", "id": 226287, "geometry": {"type": "Polygon", "coordinates": [[[-50.6747294, -23.498017199309412], [-50.6747618, -23.498017299309417], [-50.6747942, -23.498017299309417], [-50.67485899999999, -23.49801749930942], [-50.6748913, -23.49804739930941], [-50.6749236, -23.498077299309415], [-50.6749559, -23.498107299309417], [-50.6749557, -23.49819689930941], [-50.6749878, -23.498316499309404], [-50.67498759999999, -23.498406099309413], [-50.6749873, -23.498525599309414], [-50.6749547, -23.498585299309394], [-50.6749547, -23.4986150993094], [-50.6749545, -23.498674899309407], [-50.6749544, -23.498734599309397], [-50.6749866, -23.498794399309396], [-50.6750189, -23.49882439930941], [-50.6750511, -23.498914099309395], [-50.67508339999999, -23.498973899309387], [-50.6751157, -23.498973999309392], [-50.67511569999999, -23.4990037993094], [-50.675148099999994, -23.499003899309393], [-50.675180499999996, -23.499003999309398], [-50.675212900000005, -23.499003999309398], [-50.6752452, -23.499004099309403], [-50.6753101, -23.498974399309393], [-50.675374999999995, -23.498944599309393], [-50.67540739999999, -23.498914799309404], [-50.67543980000001, -23.4989148993094], [-50.67543990000001, -23.498884999309393], [-50.6755047, -23.498855299309405], [-50.6755371, -23.498855299309405], [-50.67553720000001, -23.49882549930939], [-50.6755697, -23.498795699309397], [-50.6756021, -23.498795699309397], [-50.675667000000004, -23.4987360993094], [-50.6756995, -23.4987062993094], [-50.67569949999999, -23.498676399309407], [-50.6757321, -23.49861679930941], [-50.6757645, -23.498586999309406], [-50.675796999999996, -23.4985570993094], [-50.6758294, -23.49855719930941], [-50.6758619, -23.4984974993094], [-50.6758944, -23.498467699309405], [-50.6759269, -23.498437899309415], [-50.675959299999995, -23.498437999309406], [-50.67599169999999, -23.498408199309413], [-50.676056499999994, -23.49840829930941], [-50.676089, -23.498378499309414], [-50.67612140000001, -23.498378599309408], [-50.67618619999999, -23.49834879930941], [-50.6762186, -23.498348899309406], [-50.676251099999995, -23.498319099309413], [-50.676315900000006, -23.498319199309407], [-50.67638059999999, -23.498319399309413], [-50.6764454, -23.498319499309407], [-50.676510199999996, -23.49831959930941], [-50.676542600000005, -23.49831969930941], [-50.676575, -23.49831979930941], [-50.6766074, -23.49831979930941], [-50.676639699999996, -23.498349799309416], [-50.676671999999996, -23.49837969930941], [-50.67670429999999, -23.498409699309413], [-50.6767367, -23.498409699309413], [-50.67676899999999, -23.498439699309404], [-50.67676899999999, -23.49846949930941], [-50.6768013, -23.498499499309407], [-50.6768012, -23.498529399309415], [-50.67683350000001, -23.498589199309407], [-50.6768334, -23.4986189993094], [-50.6768332, -23.498678799309403], [-50.6768332, -23.498708699309397], [-50.6768654, -23.4987684993094], [-50.676865299999996, -23.498828199309404], [-50.6768651, -23.498917899309394], [-50.6768648, -23.499007499309396], [-50.676832399999995, -23.499037299309393], [-50.676832299999994, -23.49906719930939], [-50.676767299999995, -23.499156599309394], [-50.6767347, -23.49924619930939], [-50.6766696, -23.49936559930938], [-50.6766371, -23.49942519930939], [-50.6766046, -23.49945499930938], [-50.6765395, -23.499574399309388], [-50.6764422, -23.499633999309385], [-50.67628009999999, -23.499693399309383], [-50.676215199999994, -23.499723099309385], [-50.6761504, -23.49975279930937], [-50.67611479999999, -23.499763699309383], [-50.6760531, -23.499782499309383], [-50.675956, -23.499782299309373], [-50.6758588, -23.499782099309375], [-50.6758264, -23.499781999309374], [-50.675761599999994, -23.499781899309387], [-50.675697, -23.499721999309376], [-50.675599899999995, -23.49969189930938], [-50.675502699999996, -23.49969169930938], [-50.675438, -23.499661699309378], [-50.6754056, -23.49966169930939], [-50.67530860000001, -23.499601699309373], [-50.6752439, -23.49957169930939], [-50.6751791, -23.499571599309395], [-50.6751467, -23.499541599309385], [-50.6751144, -23.499541599309385], [-50.67504960000001, -23.499511599309383], [-50.6750173, -23.499511499309385], [-50.6749849, -23.499511399309387], [-50.67495249999999, -23.499511399309387], [-50.674920099999994, -23.49951129930938], [-50.674887700000006, -23.499511199309374], [-50.6748553, -23.499511199309374], [-50.6748228, -23.49954099930938], [-50.6747904, -23.49957079930939], [-50.674758, -23.49957069930938], [-50.67469309999999, -23.49960039930938], [-50.6746607, -23.49960039930938], [-50.6745959, -23.499600199309388], [-50.674498799999995, -23.499599999309375], [-50.674401599999996, -23.499599799309383], [-50.6743368, -23.49959969930938], [-50.6743044, -23.499599599309388], [-50.67427199999999, -23.499599599309388], [-50.6742396, -23.499599499309387], [-50.67417479999999, -23.49959939930939], [-50.6741101, -23.499569299309375], [-50.6740778, -23.49953939930938], [-50.6740455, -23.49950949930939], [-50.674013099999996, -23.499509399309385], [-50.673980799999995, -23.499479499309388], [-50.6739484, -23.49947939930938], [-50.67391599999999, -23.499479299309378], [-50.6738838, -23.49941949930939], [-50.6738192, -23.499329699309392], [-50.67375459999999, -23.499239999309395], [-50.673722399999996, -23.499180199309396], [-50.6737225, -23.499150299309395], [-50.67369009999999, -23.49912039930939], [-50.673690199999996, -23.499090499309393], [-50.673657799999994, -23.49909039930939], [-50.673657899999995, -23.499060499309394], [-50.673465400000005, -23.498313299309412], [-50.6734979, -23.49825359930941], [-50.6735952, -23.498194099309416], [-50.673692599999995, -23.49813449930943], [-50.6737573, -23.498134599309417], [-50.673789799999994, -23.498104799309417], [-50.6738222, -23.49810489930942], [-50.6738546, -23.498104999309415], [-50.67386690000001, -23.498104999309415], [-50.67388699999999, -23.498104999309426], [-50.673919399999996, -23.498105099309424], [-50.6739518, -23.498105199309418], [-50.6739842, -23.49810529930941], [-50.674016599999995, -23.49810529930941], [-50.674048899999995, -23.498105399309427], [-50.674081300000005, -23.498105499309418], [-50.67414609999999, -23.49810559930941], [-50.6742109, -23.498105699309416], [-50.674275699999995, -23.498105899309415], [-50.6743081, -23.498105899309415], [-50.6743405, -23.49807609930942], [-50.674372899999995, -23.49807619930941], [-50.6744053, -23.498076299309414], [-50.6744378, -23.498046499309417], [-50.674470199999995, -23.498046499309417], [-50.674535, -23.498046699309416], [-50.674632100000004, -23.498046899309415], [-50.6747294, -23.498017199309412]]]}, "properties": {"esp_cd": 148468, "cod_snisb": 0, "cod_sar": 0, "nmoriginal": " ", "nmalternat": " ", "nmgenerico": " ", "nmligacao": " ", "detipomass": "Artificial", "dedominial": "Estadual", "dedominio": "Corpo Hídrico Estadual", "defiscaliz": "ESTADO", "nmemp": " ", "fonmemp": " ", "dtreserv": " ", "fodtreserv": " ", "nuvolumhm3": 0, "fonuvolume": " ", "nuperimkm": 1.05906516856105, "nuareakm2": 0.043873920552009, "nuareaha": 4.38739205520092, "nucompgeom": 1.42583270104182, "usoprinc": " ", "fousoprinc": " ", "detipoapr": " ", "detipomda": " ", "salinidade": " ", "regime": " ", "nmriocomp": " ", "nmufe": "PARANÁ", "nmmun": "SANTO ANTÔNIO DO PARAÍSO, SÃO SEBASTIÃO DA AMOREIRA", "defonte": " ", "desatelite": "Rapideye (MMA)", "deversao": "FBDS (2017)", "deobs": " ", "nuvzreg": 0, "nuvzlago": 0, "nuvzdeflu": 0, "cdtipooper": 0, "detipooper": " ", "fovzlago": " ", "fovzdeflu": " ", "fovzreg": " ", "cobarprin": 0, "cotrecho": 0, "nuvzrecebe": 0, "nuvztransf": 0, "deobsvazao": " ", "cocda2013": " ", "cocda2017": " ", "FID": 226287, "gid": 214973, "nmespecifi": " "}}, {"type": "Feature", "id": 229928, "geometry": {"type": "Polygon", "coordinates": [[[-50.647760399999996, -23.505158199309264], [-50.6477606, -23.50509839930926], [-50.6477607, -23.50506859930926], [-50.6477935, -23.50488939930926], [-50.6477936, -23.504859499309273], [-50.647793899999996, -23.50476989930927], [-50.647793899999996, -23.50473999930926], [-50.647794, -23.504710199309265], [-50.6478264, -23.504710199309265], [-50.64785879999999, -23.504710299309266], [-50.647891099999995, -23.504740199309264], [-50.6479235, -23.50474029930927], [-50.64795579999999, -23.50477029930927], [-50.64811779999999, -23.50477059930927], [-50.6482139, -23.505189099309256], [-50.6481815, -23.505188999309254], [-50.648181400000006, -23.505218899309263], [-50.6481813, -23.50524879930925], [-50.648181199999996, -23.505278599309257], [-50.648181099999995, -23.505308499309248], [-50.6481487, -23.505338299309248], [-50.6481162, -23.505368099309255], [-50.648116099999996, -23.50539799930925], [-50.6480837, -23.50539789930925], [-50.6480836, -23.50542779930925], [-50.6480513, -23.505427699309248], [-50.648018799999996, -23.50545749930926], [-50.64798639999999, -23.505457399309254], [-50.64798629999999, -23.50548729930925], [-50.64798619999999, -23.505517199309253], [-50.647953799999996, -23.50551709930924], [-50.64795379999999, -23.505546999309253], [-50.6479536, -23.505606699309237], [-50.6479535, -23.50563659930925], [-50.6479533, -23.50572619930924], [-50.6479856, -23.50575619930924], [-50.6480501, -23.505845899309254], [-50.6480501, -23.505875799309237], [-50.64805, -23.50590569930924], [-50.6480499, -23.505935599309236], [-50.6480174, -23.505965399309236], [-50.647985, -23.50596529930924], [-50.647952599999996, -23.50596519930924], [-50.647920299999996, -23.50596509930923], [-50.64788789999999, -23.50596509930924], [-50.6478555, -23.505964999309246], [-50.6478231, -23.50596489930924], [-50.647790699999995, -23.505964899309248], [-50.6477583, -23.50596479930924], [-50.647726, -23.505934799309237], [-50.647693600000004, -23.505934799309237], [-50.6476937, -23.50590489930924], [-50.647661299999996, -23.505904799309235], [-50.64766129999999, -23.505874899309237], [-50.6476614, -23.505845099309234], [-50.6476616, -23.50578529930925], [-50.64766169999999, -23.505725599309244], [-50.647661899999996, -23.505665799309245], [-50.647662100000005, -23.505606099309244], [-50.6476622, -23.505546299309252], [-50.647662399999994, -23.505486599309254], [-50.6476948, -23.505456799309254], [-50.6476951, -23.50536719930926], [-50.647727599999996, -23.50530749930925], [-50.647727800000006, -23.505247699309255], [-50.647760399999996, -23.505158199309264]]]}, "properties": {"esp_cd": 142407, "cod_snisb": 0, "cod_sar": 0, "nmoriginal": " ", "nmalternat": " ", "nmgenerico": " ", "nmligacao": " ", "detipomass": "Artificial", "dedominial": "Estadual", "dedominio": "Corpo Hídrico Estadual", "defiscaliz": "ESTADO", "nmemp": " ", "fonmemp": " ", "dtreserv": " ", "fodtreserv": " ", "nuvolumhm3": 0, "fonuvolume": " ", "nuperimkm": 0.371383994637367, "nuareakm2": 0.005057515359388, "nuareaha": 0.505751535938839, "nucompgeom": 1.47266405407769, "usoprinc": " ", "fousoprinc": " ", "detipoapr": " ", "detipomda": " ", "salinidade": " ", "regime": " ", "nmriocomp": " ", "nmufe": "PARANÁ", "nmmun": "SANTO ANTÔNIO DO PARAÍSO", "defonte": " ", "desatelite": "Rapideye (MMA)", "deversao": "FBDS (2017)", "deobs": " ", "nuvzreg": 0, "nuvzlago": 0, "nuvzdeflu": 0, "cdtipooper": 0, "detipooper": " ", "fovzlago": " ", "fovzdeflu": " ", "fovzreg": " ", "cobarprin": 0, "cotrecho": 0, "nuvzrecebe": 0, "nuvztransf": 0, "deobsvazao": " ", "cocda2013": " ", "cocda2017": " ", "FID": 229928, "gid": 208404, "nmespecifi": " "}}, {"type": "Feature", "id": 230794, "geometry": {"type": "Polygon", "coordinates": [[[-50.6371189, -23.511168299309116], [-50.63702169999999, -23.511168099309117], [-50.636956999999995, -23.511137999309124], [-50.63685999999999, -23.51107809930912], [-50.6367629, -23.51104799930913], [-50.6366659, -23.51098799930912], [-50.6365689, -23.510898199309125], [-50.63653659999999, -23.51086819930912], [-50.6365044, -23.51080839930913], [-50.6364721, -23.510778399309128], [-50.6364723, -23.51068879930914], [-50.636407999999996, -23.510509399309132], [-50.6364081, -23.510479499309135], [-50.6361824, -23.510090699309146], [-50.636150099999995, -23.510060699309143], [-50.6364106, -23.50955349930916], [-50.636443, -23.50955349930916], [-50.6364429, -23.50958339930915], [-50.636507400000006, -23.509703099309156], [-50.63653970000001, -23.509732999309154], [-50.636604299999995, -23.509822799309156], [-50.636636599999996, -23.509852699309153], [-50.6367012, -23.509912599309157], [-50.63676589999999, -23.50994259930915], [-50.6367982, -23.509972599309155], [-50.636863, -23.509972699309145], [-50.636960099999996, -23.51000279930915], [-50.637089599999996, -23.510032999309143], [-50.63721909999999, -23.510063199309148], [-50.637316299999995, -23.510063399309146], [-50.6373811, -23.51006359930915], [-50.6374782, -23.51009369930914], [-50.6375106, -23.51009379930915], [-50.6375752, -23.510153599309138], [-50.6376722, -23.510213599309147], [-50.6377368, -23.510273499309147], [-50.637736700000005, -23.51033329930914], [-50.6377366, -23.51036309930915], [-50.6377364, -23.51045279930914], [-50.6377362, -23.510512499309133], [-50.637736, -23.510572299309132], [-50.637735899999996, -23.51060209930914], [-50.6377357, -23.510691799309132], [-50.637735600000006, -23.51072159930914], [-50.63770299999999, -23.510811199309128], [-50.637637899999994, -23.510930499309126], [-50.6376378, -23.510960399309123], [-50.637572799999994, -23.511019999309127], [-50.637507899999996, -23.511079599309117], [-50.637410599999995, -23.51110919930912], [-50.637313299999995, -23.511138899309124], [-50.637183699999994, -23.51116849930912], [-50.6371189, -23.511168299309116]]]}, "properties": {"esp_cd": 222278, "cod_snisb": 0, "cod_sar": 0, "nmoriginal": " ", "nmalternat": " ", "nmgenerico": " ", "nmligacao": " ", "detipomass": "Artificial", "dedominial": "Estadual", "dedominio": "Corpo Hídrico Estadual", "defiscaliz": "ESTADO", "nmemp": " ", "fonmemp": " ", "dtreserv": " ", "fodtreserv": " ", "nuvolumhm3": 0, "fonuvolume": " ", "nuperimkm": 0.540261650869293, "nuareakm2": 0.016890831975382, "nuareaha": 1.68908319753821, "nucompgeom": 1.17227021011414, "usoprinc": " ", "fousoprinc": " ", "detipoapr": " ", "detipomda": " ", "salinidade": " ", "regime": " ", "nmriocomp": " ", "nmufe": "PARANÁ", "nmmun": "SANTO ANTÔNIO DO PARAÍSO", "defonte": " ", "desatelite": "Rapideye (MMA)", "deversao": "FBDS (2017)", "deobs": " ", "nuvzreg": 0, "nuvzlago": 0, "nuvzdeflu": 0, "cdtipooper": 0, "detipooper": " ", "fovzlago": " ", "fovzdeflu": " ", "fovzreg": " ", "cobarprin": 0, "cotrecho": 0, "nuvzrecebe": 0, "nuvztransf": 0, "deobsvazao": " ", "cocda2013": " ", "cocda2017": " ", "FID": 230794, "gid": 162846, "nmespecifi": " "}}, {"type": "Feature", "id": 230817, "geometry": {"type": "Polygon", "coordinates": [[[-50.6878408, -23.501091199309354], [-50.6879056, -23.50109129930935], [-50.6880028, -23.501091499309357], [-50.688035199999995, -23.50109159930934], [-50.6881, -23.50109169930934], [-50.688164799999996, -23.501091799309346], [-50.6882296, -23.501091899309333], [-50.6883267, -23.501121999309348], [-50.6884238, -23.501152099309348], [-50.6884237, -23.501181999309342], [-50.6884884, -23.501211999309344], [-50.6885531, -23.501241999309336], [-50.688617799999996, -23.501301799309353], [-50.6886501, -23.501331799309337], [-50.68865, -23.50139149930934], [-50.688486999999995, -23.50180939930933], [-50.6884869, -23.50183929930932], [-50.6884546, -23.501839199309334], [-50.6884221, -23.501869099309328], [-50.6883572, -23.50189879930933], [-50.688324699999995, -23.501958499309335], [-50.688227399999995, -23.502017999309334], [-50.688097799999994, -23.502017799309336], [-50.6879358, -23.502017499309325], [-50.687774, -23.501987299309327], [-50.687611999999994, -23.501986899309323], [-50.68751479999999, -23.50198669930932], [-50.68745, -23.501986599309323], [-50.687417700000005, -23.501956699309325], [-50.6873854, -23.501926699309333], [-50.6873207, -23.501896699309334], [-50.687256, -23.501836799309324], [-50.6872237, -23.501806899309326], [-50.687159099999995, -23.50174699930933], [-50.6871267, -23.501717099309335], [-50.6870944, -23.501687099309336], [-50.6870945, -23.501657299309336], [-50.687094599999995, -23.501627399309335], [-50.6870622, -23.501597499309334], [-50.6870623, -23.501567599309336], [-50.687062399999995, -23.50150779930934], [-50.68706249999999, -23.501477999309337], [-50.6870626, -23.501448099309336], [-50.687095, -23.501418299309336], [-50.6870951, -23.501388399309338], [-50.687127700000005, -23.501328699309344], [-50.6871601, -23.50129889930934], [-50.6871602, -23.50126899930934], [-50.687192599999996, -23.501269099309333], [-50.68722499999999, -23.50126919930934], [-50.68725740000001, -23.50126919930934], [-50.68728979999999, -23.50126929930935], [-50.6873221, -23.501269399309347], [-50.6873545, -23.501269399309347], [-50.6873869, -23.50126949930935], [-50.687419299999995, -23.501269599309342], [-50.6874841, -23.501269699309344], [-50.687549, -23.501239899309343], [-50.687549, -23.501210099309347], [-50.6875814, -23.501210099309347], [-50.6876464, -23.501150499309343], [-50.687711199999995, -23.501120799309348], [-50.687776, -23.50112089930935], [-50.6878408, -23.501091199309354]]]}, "properties": {"esp_cd": 95943, "cod_snisb": 0, "cod_sar": 0, "nmoriginal": " ", "nmalternat": " ", "nmgenerico": " ", "nmligacao": " ", "detipomass": "Artificial", "dedominial": "Estadual", "dedominio": "Corpo Hídrico Estadual", "defiscaliz": "ESTADO", "nmemp": " ", "fonmemp": " ", "dtreserv": " ", "fodtreserv": " ", "nuvolumhm3": 0, "fonuvolume": " ", "nuperimkm": 0.445153191707947, "nuareakm2": 0.01287883709919, "nuareaha": 1.28788370991904, "nucompgeom": 1.10616592204934, "usoprinc": " ", "fousoprinc": " ", "detipoapr": " ", "detipomda": " ", "salinidade": " ", "regime": " ", "nmriocomp": " ", "nmufe": "PARANÁ", "nmmun": "SÃO SEBASTIÃO DA AMOREIRA", "defonte": " ", "desatelite": "Rapideye (MMA)", "deversao": "FBDS (2017)", "deobs": " ", "nuvzreg": 0, "nuvzlago": 0, "nuvzdeflu": 0, "cdtipooper": 0, "detipooper": " ", "fovzlago": " ", "fovzdeflu": " ", "fovzreg": " ", "cobarprin": 0, "cotrecho": 0, "nuvzrecebe": 0, "nuvztransf": 0, "deobsvazao": " ", "cocda2013": " ", "cocda2017": " ", "FID": 230817, "gid": 73262, "nmespecifi": " "}}, {"type": "Feature", "id": 236185, "geometry": {"type": "Polygon", "coordinates": [[[-50.6681799, -23.513478099309076], [-50.668115099999994, -23.51347799930907], [-50.66808269999999, -23.513477899309077], [-50.6680503, -23.513477899309077], [-50.668017899999995, -23.513477799309076], [-50.6679855, -23.513477699309068], [-50.66795319999999, -23.513447799309077], [-50.667920900000006, -23.513417799309074], [-50.66788859999999, -23.51338789930907], [-50.6678563, -23.513328099309074], [-50.6678242, -23.513208499309076], [-50.66779199999999, -23.513148699309077], [-50.6677921, -23.513118799309083], [-50.6677597, -23.513088899309068], [-50.667759800000006, -23.513058999309074], [-50.66775990000001, -23.513029099309072], [-50.66776, -23.51299919930909], [-50.6677277, -23.512969299309077], [-50.6677277, -23.51293939930908], [-50.667727799999994, -23.512909599309086], [-50.667727899999996, -23.51287969930908], [-50.667695599999995, -23.512849699309093], [-50.66769559999999, -23.51281989930909], [-50.667663299999994, -23.512789899309084], [-50.66766339999999, -23.512759999309093], [-50.6676311, -23.512730099309085], [-50.667631199999995, -23.512670399309076], [-50.66759899999999, -23.512610499309094], [-50.667598999999996, -23.512580699309098], [-50.6675667, -23.51255069930908], [-50.6675668, -23.5125208993091], [-50.6675346, -23.512431199309088], [-50.667534700000004, -23.512401299309094], [-50.6675348, -23.512371399309096], [-50.66753489999999, -23.512341499309088], [-50.6675672, -23.512341599309096], [-50.6679882, -23.51243209930909], [-50.6680205, -23.51246209930909], [-50.6682468, -23.51264179930908], [-50.6683762, -23.512701799309085], [-50.668440999999994, -23.512701999309087], [-50.668473399999996, -23.512701999309087], [-50.6685058, -23.51270209930908], [-50.66853820000001, -23.51270219930909], [-50.668570599999995, -23.51270219930909], [-50.6686354, -23.512702399309084], [-50.66866770000001, -23.512732299309086], [-50.668700099999995, -23.51273239930909], [-50.6687, -23.51276229930908], [-50.668732399999996, -23.51276229930909], [-50.668732399999996, -23.512792199309082], [-50.66876469999999, -23.51282209930909], [-50.668764499999995, -23.512881899309086], [-50.6687644, -23.512911799309087], [-50.6687643, -23.512971499309074], [-50.66876419999999, -23.51300139930908], [-50.6687641, -23.513031299309073], [-50.668764100000004, -23.51306109930908], [-50.6687639, -23.51312089930908], [-50.6687314, -23.51318059930908], [-50.668698899999995, -23.513210399309084], [-50.668634, -23.51326999930908], [-50.668536599999996, -23.513359399309074], [-50.668439199999995, -23.513418899309077], [-50.668341999999996, -23.51344859930908], [-50.6682771, -23.51347829930907], [-50.6681799, -23.513478099309076]]]}, "properties": {"esp_cd": 109866, "cod_snisb": 0, "cod_sar": 0, "nmoriginal": " ", "nmalternat": " ", "nmgenerico": " ", "nmligacao": " ", "detipomass": "Artificial", "dedominial": "Estadual", "dedominio": "Corpo Hídrico Estadual", "defiscaliz": "ESTADO", "nmemp": " ", "fonmemp": " ", "dtreserv": " ", "fodtreserv": " ", "nuvolumhm3": 0, "fonuvolume": " ", "nuperimkm": 0.416253372080277, "nuareakm2": 0.009802890777795, "nuareaha": 0.980289077779491, "nucompgeom": 1.18557707013464, "usoprinc": " ", "fousoprinc": " ", "detipoapr": " ", "detipomda": " ", "salinidade": " ", "regime": " ", "nmriocomp": " ", "nmufe": "PARANÁ", "nmmun": "SANTO ANTÔNIO DO PARAÍSO", "defonte": " ", "desatelite": "Rapideye (MMA)", "deversao": "FBDS (2017)", "deobs": " ", "nuvzreg": 0, "nuvzlago": 0, "nuvzdeflu": 0, "cdtipooper": 0, "detipooper": " ", "fovzlago": " ", "fovzdeflu": " ", "fovzreg": " ", "cobarprin": 0, "cotrecho": 0, "nuvzrecebe": 0, "nuvztransf": 0, "deobsvazao": " ", "cocda2013": " ", "cocda2017": " ", "FID": 236185, "gid": 65493, "nmespecifi": " "}}]}