{"type": "FeatureCollection", "features": [{"type": "Feature", "id": 8, "geometry": {"type": "Polygon", "coordinates": [[[-47.3760211, -23.843024599301703], [-47.376925700000015, -23.84291319930172], [-47.377714200000014, -23.842466699301724], [-47.37858280000001, -23.84221809930178], [-47.37939410000001, -23.841818599301757], [-47.380059200000005, -23.84117219930177], [-47.38051200000001, -23.840462099301806], [-47.38114899999999, -23.8398400993018], [-47.38204309999998, -23.839978899301805], [-47.38272999999998, -23.840579099301795], [-47.3834607, -23.841066499301782], [-47.384377099999995, -23.84115409930175], [-47.3853032, -23.841360099301735], [-47.386112299999986, -23.84098639930178], [-47.3866721, -23.840283399301757], [-47.38670200000002, -23.83943089930183], [-47.387211200000024, -23.838752899301788], [-47.38802279999999, -23.838303699301807], [-47.38929089999999, -23.838302099301853], [-47.39021259999999, -23.838221899301846], [-47.39141410000002, -23.838018999301816], [-47.3923375, -23.837815299301823], [-47.393357900000005, -23.837735899301826], [-47.394283099999996, -23.837747899301853], [-47.39518190000001, -23.837793399301855], [-47.396103900000014, -23.837901899301862], [-47.396951100000024, -23.837450199301827], [-47.39756890000002, -23.836805199301875], [-47.398287700000026, -23.836293599301847], [-47.399046399999975, -23.835752799301897], [-47.39981820000003, -23.8352996993019], [-47.40011149999998, -23.834479199301885], [-47.40038659999999, -23.833643699301913], [-47.400586299999986, -23.832832599301966], [-47.400858700000015, -23.831881499301975], [-47.40125710000001, -23.83113199930202], [-47.40201400000001, -23.83062499930199], [-47.40289250000001, -23.83031519930198], [-47.4038266, -23.83016859930199], [-47.40469239999999, -23.829841899302036], [-47.40502509999999, -23.829129799302002], [-47.40502060000001, -23.830083799302017], [-47.40533169999998, -23.830911499302015], [-47.40593080000002, -23.831570599301998], [-47.406415700000025, -23.832282699301956], [-47.40621950000002, -23.833086899301954], [-47.406406000000004, -23.83395819930192], [-47.40641470000003, -23.83563329930187], [-47.40641879999998, -23.83678089930187], [-47.40619479999998, -23.837581999301847], [-47.405835500000016, -23.83835299930181], [-47.40584819999998, -23.83923209930181], [-47.40585679999998, -23.840671499301763], [-47.405848900000024, -23.84166329930175], [-47.40653300000003, -23.842246499301737], [-47.407394200000006, -23.842519199301762], [-47.40811580000002, -23.842007799301726], [-47.40875010000002, -23.84136979930176], [-47.40939450000002, -23.840734399301756], [-47.410860800000016, -23.84052059930177], [-47.411773600000004, -23.840307299301784], [-47.41419239999999, -23.839962699301786], [-47.41520000000002, -23.83996039930179], [-47.41611519999998, -23.839983399301786], [-47.4169718, -23.840241499301772], [-47.41783170000002, -23.83998939930177], [-47.41860730000002, -23.839515199301797], [-47.418639600000006, -23.8386646993018], [-47.41944769999998, -23.838000599301818], [-47.42018339999999, -23.837440799301874], [-47.42064640000001, -23.836682799301872], [-47.4211363, -23.836351999301847], [-47.42129110000002, -23.837210499301868], [-47.42163909999999, -23.83798569930182], [-47.4223743, -23.83854599930183], [-47.42306660000003, -23.83907319930179], [-47.42336019999999, -23.839856199301774], [-47.42315109999999, -23.840663499301787], [-47.42378400000002, -23.841303899301778], [-47.42471089999998, -23.84145179930177], [-47.42530169999997, -23.84208149930175], [-47.42621439999999, -23.84191829930172], [-47.426862200000016, -23.84249459930174], [-47.427719000000025, -23.842810499301713], [-47.42851949999999, -23.843265699301735], [-47.4287071, -23.8440712993017], [-47.42936630000003, -23.844713499301697], [-47.43002469999998, -23.845301299301692], [-47.42998890000001, -23.84616169930163], [-47.42973719999998, -23.847478199301637], [-47.42994479999999, -23.8483628993016], [-47.43215470000001, -23.84857619930162], [-47.43302590000002, -23.848307399301618], [-47.433749600000006, -23.848834999301612], [-47.43397900000002, -23.84903819930159], [-47.43477569999999, -23.849592699301592], [-47.435671300000024, -23.849967099301587], [-47.43659100000002, -23.84998099930159], [-47.437498000000005, -23.84987859930158], [-47.438356899999974, -23.84954579930157], [-47.43867669999997, -23.848759099301596], [-47.43892979999998, -23.847934199301616], [-47.439417, -23.847218299301634], [-47.44023789999999, -23.846853499301655], [-47.44089600000001, -23.84617429930163], [-47.441409299999975, -23.845495499301695], [-47.44139180000002, -23.84464479930171], [-47.441329199999984, -23.84379209930168], [-47.442519600000026, -23.843299299301723], [-47.44355359999997, -23.843304499301702], [-47.444412100000015, -23.842970899301736], [-47.44477130000001, -23.842154499301735], [-47.44554579999999, -23.841657099301774], [-47.44643330000003, -23.841890399301764], [-47.4475066, -23.842200899301773], [-47.448316999999975, -23.84256709930173], [-47.44923310000001, -23.842915299301744], [-47.4501993, -23.843028499301724], [-47.450951999999965, -23.84350479930172], [-47.451880200000005, -23.84355939930171], [-47.452866599999986, -23.843520299301726], [-47.4536258, -23.84399989930167], [-47.45445039999999, -23.844426399301668], [-47.45521489999999, -23.844887399301683], [-47.45541350000002, -23.844763599301697], [-47.4565159, -23.84468079930168], [-47.457404699999984, -23.844921699301672], [-47.458296099999984, -23.8447149993017], [-47.45903120000003, -23.84414999930171], [-47.459674000000014, -23.843513199301732], [-47.46039700000001, -23.843019499301743], [-47.46182829999998, -23.843018099301716], [-47.461974199999986, -23.843829899301706], [-47.46231979999999, -23.84462559930165], [-47.46335119999998, -23.844969399301707], [-47.4642164, -23.845220899301694], [-47.4650704, -23.845531199301654], [-47.4657919, -23.846032699301677], [-47.46675699999997, -23.846091199301647], [-47.46764839999997, -23.846408499301646], [-47.468552699999975, -23.84636699930163], [-47.469470100000024, -23.846214199301677], [-47.4699162, -23.84549209930167], [-47.47037510000001, -23.84478319930168], [-47.471299800000004, -23.844687299301665], [-47.47217929999999, -23.844445599301668], [-47.473085799999986, -23.844688299301666], [-47.47404779999999, -23.844645599301664], [-47.47455430000002, -23.843921799301675], [-47.47499340000002, -23.84320029930169], [-47.47579000000002, -23.842760399301696], [-47.47660600000001, -23.842391599301724], [-47.477282, -23.841727399301774], [-47.4778728, -23.84107149930177], [-47.47861790000001, -23.841581699301774], [-47.479260099999976, -23.84216349930177], [-47.47982050000002, -23.841449699301755], [-47.48002559999998, -23.841074099301775], [-47.48072029999997, -23.841638499301748], [-47.48142990000002, -23.842173699301732], [-47.48235770000002, -23.84192649930175], [-47.483251300000006, -23.841617399301775], [-47.48373720000001, -23.840879499301806], [-47.4845454, -23.840490799301772], [-47.485494800000026, -23.84058869930179], [-47.486281599999984, -23.84103089930179], [-47.487103999999995, -23.84139429930175], [-47.48787299999998, -23.841849899301756], [-47.48865000000001, -23.84227159930174], [-47.48984919999999, -23.842456899301737], [-47.49070080000001, -23.842727299301707], [-47.491622199999995, -23.842773099301716], [-47.492457, -23.84246079930177], [-47.49343060000001, -23.842758199301723], [-47.49426039999997, -23.843316599301698], [-47.49495280000002, -23.84391229930171], [-47.49597729999999, -23.844131499301703], [-47.496840599999985, -23.84436149930169], [-47.49778040000002, -23.84470679930167], [-47.49863529999999, -23.84496299930169], [-47.49949320000002, -23.8447038993017], [-47.50039720000001, -23.844678799301683], [-47.501298399999996, -23.8449149993017], [-47.5021714, -23.845143899301664], [-47.50228420000002, -23.84431239930166], [-47.50286970000002, -23.84362899930174], [-47.5033894, -23.842849399301702], [-47.50363370000002, -23.842364199301752], [-47.503631400000025, -23.841539599301736], [-47.504098, -23.84071809930178], [-47.50472079999997, -23.840079299301802], [-47.50551840000003, -23.83966709930179], [-47.506350999999995, -23.8393533993018], [-47.50718010000003, -23.838945399301814], [-47.5080228, -23.838606699301828], [-47.50894010000002, -23.83831759930181], [-47.50973399999998, -23.837798499301847], [-47.510435400000006, -23.837139599301853], [-47.511211100000025, -23.83669029930185], [-47.51113800000002, -23.83582419930187], [-47.51114849999999, -23.83499929930189], [-47.51141949999999, -23.834193099301913], [-47.51119010000002, -23.833397099301955], [-47.5117646, -23.832723699301923], [-47.51228179999998, -23.832004799301963], [-47.512721199999994, -23.83128359930199], [-47.51319840000002, -23.830538699301975], [-47.51364210000003, -23.82971019930204], [-47.513637300000035, -23.828713099302053], [-47.5136349, -23.827793399302077], [-47.513881000000026, -23.826999999302075], [-47.513680299999976, -23.826184699302097], [-47.5139107, -23.825128299302136], [-47.514505799999995, -23.824506299302133], [-47.51539439999999, -23.82420469930214], [-47.5162355, -23.823874199302118], [-47.516874299999984, -23.82328249930217], [-47.51758360000002, -23.82273359930216], [-47.51838839999999, -23.822278799302183], [-47.519059000000034, -23.821672299302183], [-47.51988299999999, -23.821310199302236], [-47.520526200000006, -23.820680999302198], [-47.521070699999996, -23.81998469930226], [-47.52135729999997, -23.819811599302223], [-47.52163769999999, -23.819008299302265], [-47.52191859999999, -23.818175799302274], [-47.521979800000004, -23.817309199302294], [-47.521664699999974, -23.8164444993023], [-47.52121599999998, -23.81573069930235], [-47.52086609999998, -23.814931799302354], [-47.52085629999999, -23.813894399302363], [-47.5216489, -23.81346849930239], [-47.52238340000003, -23.81297679930239], [-47.52303369999999, -23.812348499302377], [-47.52316960000002, -23.811534999302413], [-47.52333220000003, -23.81070239930246], [-47.523079300000006, -23.80987909930244], [-47.52411280000001, -23.809695699302484], [-47.52496400000001, -23.80935599930245], [-47.52561589999999, -23.80867189930246], [-47.526128700000015, -23.807976099302515], [-47.52685150000002, -23.807441099302512], [-47.52763049999999, -23.806917299302533], [-47.52854880000001, -23.806834199302553], [-47.529221500000006, -23.806167299302565], [-47.53019549999999, -23.805783299302522], [-47.53105720000002, -23.80545229930258], [-47.53169320000001, -23.8048622993026], [-47.53198370000001, -23.804071099302575], [-47.532562299999995, -23.803395699302612], [-47.53280569999998, -23.802420299302614], [-47.53324120000002, -23.80160259930266], [-47.5332047, -23.800777699302692], [-47.533076699999974, -23.799955299302702], [-47.53308329999999, -23.799034299302715], [-47.53335270000003, -23.79819059930271], [-47.533066899999994, -23.797218899302763], [-47.53291130000002, -23.79637339930275], [-47.5330775, -23.795562699302778], [-47.533751600000016, -23.7949809993028], [-47.53440119999999, -23.79434989930278], [-47.53506060000001, -23.79366919930283], [-47.535781100000015, -23.793156199302825], [-47.53558520000001, -23.79233999930288], [-47.5355255, -23.79147419930285], [-47.53530219999998, -23.790604899302895], [-47.535291700000016, -23.789716099302925], [-47.5350133, -23.788887199302902], [-47.534741499999996, -23.787985999302922], [-47.5349281, -23.787175799302968], [-47.535821699999985, -23.78727729930298], [-47.536599000000024, -23.787740499302927], [-47.53789870000003, -23.787738399302974], [-47.53883439999999, -23.78780699930293], [-47.539748100000004, -23.788018299302916], [-47.540655500000014, -23.788311399302938], [-47.54134879999998, -23.788906199302907], [-47.5418085, -23.78966549930292], [-47.542987600000004, -23.789963899302872], [-47.54385370000001, -23.790295499302907], [-47.54463259999999, -23.79072329930291], [-47.54545380000002, -23.790284599302897], [-47.546367599999996, -23.790342199302884], [-47.547433899999994, -23.790525499302888], [-47.54834260000001, -23.790501799302902], [-47.549125600000025, -23.790047299302916], [-47.549980800000014, -23.79034119930289], [-47.55078989999998, -23.79079849930287], [-47.55111979999998, -23.79157419930288], [-47.55146480000002, -23.792351899302876], [-47.55211559999998, -23.792977199302825], [-47.55317639999999, -23.793029099302846], [-47.55403669999998, -23.79276539930284], [-47.55468000000002, -23.792128499302834], [-47.555336599999976, -23.791448199302867], [-47.5561371, -23.79079599930288], [-47.55703399999999, -23.79088209930285], [-47.55797740000003, -23.7910784993029], [-47.55870850000002, -23.79156989930288], [-47.55939640000002, -23.792169499302855], [-47.560396500000024, -23.792462499302847], [-47.561328100000026, -23.792534599302858], [-47.5621802, -23.79283109930283], [-47.56281089999999, -23.79343819930286], [-47.56372219999997, -23.793376099302815], [-47.56457160000002, -23.79302609930285], [-47.56547690000002, -23.792770599302813], [-47.566428599999995, -23.79275829930284], [-47.56780730000003, -23.792743899302845], [-47.568688399999985, -23.792574599302867], [-47.5701267, -23.792178199302867], [-47.571051599999976, -23.792255799302882], [-47.5719284, -23.792568899302836], [-47.572751499999974, -23.79299629930286], [-47.57360920000002, -23.792651899302854], [-47.574224000000015, -23.79200249930288], [-47.57481059999998, -23.79132639930287], [-47.575700900000015, -23.791019099302897], [-47.57668899999999, -23.790792799302896], [-47.57759900000002, -23.790766199302883], [-47.57808169999999, -23.790518199302884], [-47.57867329999999, -23.791182699302855], [-47.57895330000002, -23.792001599302854], [-47.57981389999998, -23.792484999302843], [-47.58062560000001, -23.792912299302845], [-47.58138810000003, -23.79338799930282], [-47.581853000000024, -23.79415659930281], [-47.58188689999997, -23.794203399302827], [-47.58282950000001, -23.79422399930279], [-47.58372609999998, -23.79384849930284], [-47.584665099999995, -23.79378249930283], [-47.58558169999998, -23.79357369930284], [-47.58616919999997, -23.79431109930282], [-47.586802799999994, -23.794948299302774], [-47.58764839999998, -23.79529439930277], [-47.58854309999998, -23.79559879930277], [-47.589473, -23.795527099302795], [-47.59039259999997, -23.79531439930278], [-47.591242400000006, -23.79497289930279], [-47.5921229, -23.794734199302784], [-47.5930801, -23.794683399302798], [-47.59399170000001, -23.794393799302824], [-47.594473499999985, -23.793673399302804], [-47.595408599999985, -23.793623599302798], [-47.5963615, -23.793613099302835], [-47.59729399999998, -23.79340379930284], [-47.59815520000001, -23.793002199302826], [-47.59835800000002, -23.791637499302844], [-47.5984742, -23.79081409930285], [-47.59875770000002, -23.789985499302897], [-47.599402399999974, -23.789350499302927], [-47.599990400000024, -23.788670199302945], [-47.60033470000002, -23.78783519930298], [-47.600874299999994, -23.787127499302947], [-47.60158769999998, -23.786541999302962], [-47.601901199999986, -23.785738299302984], [-47.60253130000002, -23.785105599303016], [-47.60343039999997, -23.78466669930302], [-47.604112999999984, -23.78406299930303], [-47.60448659999997, -23.783239599303055], [-47.6048715, -23.782487699303047], [-47.60535900000002, -23.781744099303108], [-47.60585959999998, -23.78135139930309], [-47.60671530000002, -23.7816105993031], [-47.60761400000001, -23.781834299303096], [-47.60882379999998, -23.78190599930307], [-47.609684800000025, -23.782160799303053], [-47.61049009999999, -23.782539299303068], [-47.611414399999994, -23.78274949930308], [-47.6123796, -23.782697599303066], [-47.6131522, -23.782242499303067], [-47.61379950000003, -23.78160199930311], [-47.614750500000014, -23.781580899303076], [-47.61564809999999, -23.78184399930305], [-47.616547700000005, -23.782188099303056], [-47.616693000000005, -23.78218469930309], [-47.61698109999997, -23.78307889930308], [-47.61755529999999, -23.783758499303012], [-47.618231299999984, -23.784367399303044], [-47.61914710000002, -23.78430829930305], [-47.62002539999998, -23.784129099302998], [-47.62083489999998, -23.78375879930303], [-47.621620800000024, -23.783332199303054], [-47.622529799999995, -23.783565899303028], [-47.62348709999998, -23.78362299930302], [-47.62421339999998, -23.78411529930302], [-47.62509510000001, -23.78382909930303], [-47.626004799999976, -23.783794499303042], [-47.6269759, -23.783853299303004], [-47.62783500000001, -23.784311999303025], [-47.62842089999998, -23.78498849930301], [-47.629364399999986, -23.78525169930301], [-47.630219899999986, -23.785587999303008], [-47.63089380000003, -23.786257899302996], [-47.6315783, -23.786831399302944], [-47.63249689999998, -23.78671769930297], [-47.63329370000002, -23.787100899302956], [-47.63374800000002, -23.78687839930294], [-47.634538299999974, -23.786330899302982], [-47.635335699999985, -23.785891299302985], [-47.636016600000005, -23.78521669930298], [-47.63639690000002, -23.784460999303043], [-47.63693970000003, -23.783755999303022], [-47.6376909, -23.78327849930304], [-47.638327300000014, -23.782643799303074], [-47.63895050000002, -23.78200539930308], [-47.63949009999999, -23.7812977993031], [-47.639869900000015, -23.780541099303104], [-47.640037000000014, -23.779705599303128], [-47.64087269999999, -23.779380899303106], [-47.641792399999986, -23.779677499303116], [-47.64335979999999, -23.779684599303124], [-47.644268899999986, -23.779402699303123], [-47.64530430000002, -23.779406799303136], [-47.64588909999998, -23.78014649930312], [-47.6466456, -23.780626999303095], [-47.64737930000002, -23.781122499303073], [-47.64814760000002, -23.78159599930307], [-47.64895660000002, -23.781180499303098], [-47.64987439999999, -23.781024399303075], [-47.65067079999999, -23.780591399303095], [-47.65142070000002, -23.780105199303105], [-47.652350000000006, -23.779965399303112], [-47.65287369999999, -23.779290099303157], [-47.652815799999985, -23.77903709930313], [-47.65253539999998, -23.778201199303172], [-47.65248739999999, -23.777363299303172], [-47.65224499999999, -23.776511599303195], [-47.65224280000001, -23.775002699303258], [-47.65255109999998, -23.774218799303284], [-47.65314590000003, -23.77354959930329], [-47.65395560000002, -23.773120599303304], [-47.654805899999985, -23.77275289930328], [-47.655026599999985, -23.77274009930331], [-47.65609130000002, -23.772750099303277], [-47.6569101, -23.772411899303297], [-47.65757129999997, -23.77170809930332], [-47.65823699999999, -23.771061699303335], [-47.65888260000003, -23.770421199303325], [-47.65950350000003, -23.769780599303346], [-47.66013750000002, -23.769137499303362], [-47.66104330000002, -23.76891649930335], [-47.661760000000015, -23.76942699930337], [-47.66256600000003, -23.769861599303358], [-47.663385300000016, -23.770231199303343], [-47.664263500000004, -23.770025499303312], [-47.665019599999994, -23.769540099303327], [-47.66567629999997, -23.768929199303376], [-47.66617739999998, -23.768202199303406], [-47.66662539999999, -23.767406099303418], [-47.66721960000001, -23.766743499303434], [-47.667529100000024, -23.76590209930344], [-47.667533400000025, -23.764927299303466], [-47.667143099999976, -23.764139999303477], [-47.666822500000016, -23.763332999303483], [-47.66705330000002, -23.762530399303508], [-47.6674759, -23.761789899303533], [-47.667526599999974, -23.75996229930355], [-47.66838689999997, -23.760426099303572], [-47.669241699999986, -23.760832799303554], [-47.67021190000003, -23.76108149930353], [-47.67111790000001, -23.761059999303523], [-47.671845899999994, -23.760567699303575], [-47.67277730000001, -23.760495299303553], [-47.67364700000002, -23.760247699303537], [-47.674545799999976, -23.76002419930354], [-47.674836400000004, -23.759201499303593], [-47.675339399999984, -23.758463499303602], [-47.67574239999999, -23.757719299303634], [-47.67612159999999, -23.75694889930364], [-47.67613779999999, -23.756073399303652], [-47.67672210000001, -23.755333299303693], [-47.67739519999998, -23.754728999303676], [-47.67811949999998, -23.75422919930369], [-47.67855850000001, -23.753507699303714], [-47.67867030000002, -23.752637399303755], [-47.67919210000002, -23.751951199303747], [-47.68003570000002, -23.751619699303742], [-47.68083100000001, -23.75200619930374], [-47.68171330000001, -23.752212599303746], [-47.6826185, -23.751976799303783], [-47.68352379999999, -23.752114999303746], [-47.68390110000001, -23.753000599303725], [-47.6842757, -23.753782899303676], [-47.685211999999986, -23.75392779930368], [-47.686008800000025, -23.75436009930368], [-47.687064099999986, -23.75440639930369], [-47.687962200000015, -23.754630499303705], [-47.6888505, -23.754939499303656], [-47.689663199999984, -23.755311099303643], [-47.690443200000004, -23.755793899303676], [-47.69058230000002, -23.755795499303638], [-47.691449700000014, -23.756253499303668], [-47.692432199999985, -23.756352799303656], [-47.69330769999999, -23.756595599303665], [-47.6942143, -23.756762599303645], [-47.69467980000002, -23.757486699303634], [-47.69489620000002, -23.758290099303615], [-47.6950233, -23.75910749930361], [-47.694526800000006, -23.759799899303587], [-47.69417440000001, -23.76057139930355], [-47.693908799999974, -23.761456599303518], [-47.6936422, -23.7622860993035], [-47.69362990000001, -23.76318149930346], [-47.6939425, -23.764037099303483], [-47.69443669999998, -23.76478249930348], [-47.69496700000002, -23.76549059930346], [-47.695877600000024, -23.765654399303454], [-47.6961283, -23.766636799303438], [-47.69633829999998, -23.767526399303406], [-47.6972275, -23.768035699303375], [-47.69795510000001, -23.768525399303357], [-47.69857209999997, -23.769183399303344], [-47.699220500000024, -23.76987049930337], [-47.70019689999997, -23.770252599303333], [-47.70105269999999, -23.77058969930334], [-47.70141360000002, -23.770936599303347], [-47.702296400000016, -23.771194699303337], [-47.702819799999986, -23.770345899303326], [-47.70307730000002, -23.76951939930333], [-47.7031293, -23.76868519930336], [-47.70393660000003, -23.768292799303367], [-47.704745899999985, -23.768716399303393], [-47.70567349999999, -23.768860799303393], [-47.7066049, -23.76877949930337], [-47.70750160000001, -23.768552499303375], [-47.70836509999998, -23.76829199930336], [-47.70927210000002, -23.76848379930339], [-47.70988749999998, -23.769085399303357], [-47.7107714, -23.76885599930339], [-47.71169209999999, -23.768847699303347], [-47.71255700000001, -23.769103599303353], [-47.71324429999998, -23.769703899303376], [-47.71372000000003, -23.770451699303358], [-47.71457880000003, -23.77079609930331], [-47.715474400000005, -23.77050839930332], [-47.716080499999975, -23.76984519930337], [-47.716631800000016, -23.769154299303388], [-47.717545099999995, -23.768866099303388], [-47.71820009999999, -23.768656399303367], [-47.71863810000003, -23.768573299303384], [-47.718794, -23.76851399930336], [-47.71943909999998, -23.76792149930339], [-47.72006140000002, -23.767282299303385], [-47.720513900000014, -23.76652339930341], [-47.721409900000026, -23.766353599303425], [-47.722939499999995, -23.766309199303446], [-47.72366299999999, -23.765746599303444], [-47.72425040000002, -23.765078599303436], [-47.72486270000001, -23.76442379930344], [-47.72551420000003, -23.763794299303463], [-47.72624780000001, -23.763309599303504], [-47.727141899999985, -23.76300519930351], [-47.72789690000002, -23.76253219930353], [-47.72881869999998, -23.76246329930349], [-47.7295613, -23.762942899303486], [-47.730402000000026, -23.76329629930347], [-47.731275400000015, -23.76352829930351], [-47.731921399999976, -23.762908699303523], [-47.732243700000026, -23.7620853993035], [-47.73244970000002, -23.761280799303545], [-47.73224080000001, -23.760458299303536], [-47.73220020000002, -23.75961059930355], [-47.73283040000001, -23.758940299303593], [-47.733639299999986, -23.758566899303606], [-47.734560699999975, -23.758775199303603], [-47.735559599999995, -23.758558399303624], [-47.7365858, -23.75828289930359], [-47.73761689999998, -23.75801539930358], [-47.7384088, -23.757571499303605], [-47.739267299999995, -23.757165799303618], [-47.740004, -23.75668329930366], [-47.73978039999997, -23.756237399303632], [-47.73915249999999, -23.75561589930367], [-47.739156099999995, -23.754784499303714], [-47.739119300000034, -23.75391699930371], [-47.7386737, -23.753196799303733], [-47.73804940000002, -23.75255909930372], [-47.73780069999998, -23.751733299303755], [-47.73857049999998, -23.751265199303738], [-47.73892360000002, -23.750501099303776], [-47.73892150000001, -23.749630699303804], [-47.7384765, -23.748876999303807], [-47.738360399999976, -23.748573199303834], [-47.7390206, -23.74798739930383], [-47.73950159999998, -23.747278699303834], [-47.740139899999974, -23.746645499303863], [-47.740933600000005, -23.74604369930385], [-47.74186550000002, -23.745782199303886], [-47.742723899999994, -23.745527199303915], [-47.74363749999998, -23.74537809930388], [-47.74426460000001, -23.744742899303915], [-47.744709, -23.74398169930392], [-47.74641600000001, -23.743850899303908], [-47.7469729, -23.74288969930393], [-47.747415699999976, -23.742169199303934], [-47.747130700000014, -23.741377099304003], [-47.7464913, -23.74072729930399], [-47.74644380000001, -23.73986349930403], [-47.74695020000001, -23.739161999304056], [-47.7472275, -23.738332799304064], [-47.747349199999974, -23.737485599304083], [-47.747544300000015, -23.736668199304077], [-47.748736800000025, -23.736355799304103], [-47.749596600000025, -23.736061599304126], [-47.74974930000002, -23.735795299304108], [-47.750663700000025, -23.73579669930408], [-47.7515239, -23.735483199304092], [-47.752394200000026, -23.735748299304117], [-47.75313010000002, -23.736243899304068], [-47.7538821, -23.736726899304085], [-47.75481150000001, -23.736601999304078], [-47.755553200000016, -23.737069699304087], [-47.75585749999999, -23.73784759930407], [-47.755854699999986, -23.738999299304023], [-47.75611059999999, -23.739806199303985], [-47.756883200000004, -23.74031429930402], [-47.75764329999998, -23.740788499304], [-47.7585229, -23.740504599304007], [-47.759259300000004, -23.74001649930403], [-47.760017999999995, -23.73953769930406], [-47.7607706, -23.739054199304025], [-47.7615151, -23.73858039930403], [-47.7624242, -23.73884799930405], [-47.763254200000006, -23.739172499304022], [-47.76426060000001, -23.739128599304053], [-47.76641669999998, -23.739128199304016], [-47.767718100000025, -23.73912389930401], [-47.7686918, -23.739292599304033], [-47.76946299999997, -23.739716599304025], [-47.769858399999976, -23.740503999303982], [-47.770598600000035, -23.74106019930398], [-47.7716734, -23.741373599303962], [-47.7725858, -23.741605999303964], [-47.77329509999998, -23.741019999303983], [-47.774033900000006, -23.74053649930401], [-47.774185699999975, -23.740414399304026], [-47.77465489999997, -23.739706699304016], [-47.774480700000026, -23.738893799304055], [-47.774845500000026, -23.73809699930403], [-47.77565019999997, -23.737718799304044], [-47.77644809999999, -23.737280099304098], [-47.77713030000001, -23.73660649930408], [-47.77727220000003, -23.73575829930409], [-47.77784500000001, -23.73505859930412], [-47.7780396, -23.73425049930412], [-47.7774134, -23.733591399304178], [-47.7767733, -23.73295169930417], [-47.7766876, -23.731999299304167], [-47.7762232, -23.73125379930419], [-47.7767159, -23.73053569930425], [-47.77753719999998, -23.730108999304257], [-47.77829320000001, -23.72962819930422], [-47.77914670000002, -23.729297699304265], [-47.77979629999999, -23.728681199304248], [-47.780652100000005, -23.728352599304273], [-47.78139950000002, -23.727823299304298], [-47.78204210000001, -23.727165699304294], [-47.782491100000016, -23.726447099304284], [-47.782833700000026, -23.725610599304304], [-47.78347439999999, -23.724979499304368], [-47.7841259, -23.72434989930435], [-47.7848659, -23.723870499304343], [-47.78565850000001, -23.723289299304355], [-47.786606399999975, -23.723369799304386], [-47.78735669999997, -23.72385219930438], [-47.788253499999996, -23.7235654993044], [-47.78883660000003, -23.722924899304402], [-47.78891620000002, -23.722739599304408], [-47.78979390000001, -23.72249859930439], [-47.790693499999975, -23.72267949930442], [-47.79139329999998, -23.72324479930436], [-47.792122600000035, -23.723802499304348], [-47.793039299999975, -23.72395649930436], [-47.793674099999976, -23.724591299304336], [-47.79383100000001, -23.724733999304366], [-47.7944733, -23.72378269930439], [-47.79446780000001, -23.72231669930442], [-47.794698100000005, -23.721450099304455], [-47.795290599999994, -23.72081599930445], [-47.79618110000001, -23.720608199304454], [-47.79682459999998, -23.719948699304442], [-47.79773039999998, -23.719934299304434], [-47.79957059999998, -23.719967799304463], [-47.80046190000001, -23.719737199304458], [-47.80112730000002, -23.719167599304466], [-47.80113990000001, -23.718197899304503], [-47.80086449999999, -23.71736599930454], [-47.800894200000016, -23.716527999304517], [-47.80113879999999, -23.715684499304565], [-47.801574000000016, -23.714938999304586], [-47.80228039999998, -23.714263199304582], [-47.80312830000003, -23.7139385993046], [-47.80406169999998, -23.713798899304564], [-47.8048369, -23.713371299304608], [-47.80604840000001, -23.71329739930459], [-47.80691180000003, -23.712967599304626], [-47.8074985, -23.712298899304624], [-47.80806239999998, -23.711625899304643], [-47.808083, -23.711628399304637], [-47.80879540000001, -23.712207499304608], [-47.80965650000002, -23.712538999304613], [-47.81054210000002, -23.71284289930462], [-47.81143730000002, -23.713014899304632], [-47.812380399999995, -23.712977699304616], [-47.813171599999976, -23.712535099304645], [-47.814069200000006, -23.712226399304644], [-47.81500779999999, -23.712192699304627], [-47.8157018, -23.712717599304636], [-47.81634780000002, -23.71335949930463], [-47.817241500000016, -23.71326129930461], [-47.817643999999966, -23.71248159930461], [-47.81811269999997, -23.711722499304653], [-47.81875100000003, -23.711089299304675], [-47.81949479999997, -23.710605699304637], [-47.820308599999976, -23.710242199304663], [-47.82121380000001, -23.710024099304675], [-47.8218923, -23.709313499304702], [-47.821972500000015, -23.709159499304704], [-47.822575299999976, -23.709140699304676], [-47.82359359999998, -23.708740199304724], [-47.8236435, -23.70790439930474], [-47.82392700000003, -23.707123299304715], [-47.8245023, -23.706445199304774], [-47.82517469999999, -23.705840299304747], [-47.82579099999998, -23.705181299304776], [-47.826520800000026, -23.70468879930478], [-47.82767630000001, -23.704631399304787], [-47.82845559999999, -23.704208999304807], [-47.82916719999997, -23.70363369930484], [-47.82899989999999, -23.702811399304814], [-47.829197799999974, -23.70198539930488], [-47.829188199999976, -23.70054769930491], [-47.82881689999999, -23.69976639930489], [-47.827911700000016, -23.699672399304905], [-47.827281200000016, -23.699032899304942], [-47.82650510000002, -23.69849919930494], [-47.82586129999999, -23.697865299304944], [-47.8261387, -23.69701979930499], [-47.826239199999975, -23.696098599305014], [-47.82641640000002, -23.695239499305014], [-47.82734240000002, -23.69496179930499], [-47.828218600000014, -23.69464269930499], [-47.8289853, -23.694108699305044], [-47.82967880000001, -23.693513199305023], [-47.83042239999998, -23.693027399305063], [-47.83059570000001, -23.69239319930509], [-47.83057689999998, -23.69084139930512], [-47.8308892, -23.690054599305114], [-47.83133609999998, -23.689338199305144], [-47.831614300000005, -23.688503699305176], [-47.831445900000006, -23.68768079930518], [-47.83200390000001, -23.68700389930517], [-47.832521600000014, -23.686320499305236], [-47.832792900000015, -23.68547149930523], [-47.832805300000025, -23.68523939930522], [-47.833486600000015, -23.684912399305208], [-47.8343797, -23.68468419930524], [-47.83528949999999, -23.684670699305272], [-47.8360194, -23.684106199305226], [-47.83648899999998, -23.68335319930527], [-47.83697460000001, -23.682635199305277], [-47.836535500000025, -23.681886199305318], [-47.83590700000003, -23.68123149930535], [-47.835908599999975, -23.68036009930532], [-47.83643239999998, -23.67962789930537], [-47.83682119999998, -23.67887809930539], [-47.837257400000006, -23.67805499930536], [-47.83700099999999, -23.677211999305406], [-47.836659999999995, -23.676444999305428], [-47.836162, -23.67573959930543], [-47.83668340000003, -23.675018199305466], [-47.836724600000025, -23.67417069930546], [-47.836683300000004, -23.673320599305505], [-47.836413900000025, -23.672509199305495], [-47.8369272, -23.671813399305545], [-47.8377926, -23.671506699305546], [-47.838638600000024, -23.671072699305572], [-47.83877760000002, -23.671074499305522], [-47.839561, -23.67155439930553], [-47.840451900000005, -23.671861199305546], [-47.84127330000001, -23.672225699305532], [-47.84193570000002, -23.672839199305507], [-47.842716499999995, -23.673297199305463], [-47.84361430000001, -23.67346969930549], [-47.84457839999999, -23.673323799305482], [-47.845323500000006, -23.673843599305485], [-47.84622869999998, -23.673855799305503], [-47.847008200000005, -23.673394799305473], [-47.847759800000006, -23.672909999305507], [-47.848391600000014, -23.672278699305515], [-47.849149599999976, -23.671799499305553], [-47.84997720000001, -23.67138549930553], [-47.85084769999998, -23.67113119930554], [-47.851261099999995, -23.67026399930554], [-47.8519015, -23.66962529930559], [-47.8525343, -23.668994899305567], [-47.853367400000025, -23.668577999305633], [-47.85364370000001, -23.667779599305643], [-47.853648799999974, -23.66729109930563], [-47.85391329999999, -23.666454199305626], [-47.85364270000002, -23.665616499305667], [-47.85412489999999, -23.66490539930569], [-47.8548687, -23.664427699305662], [-47.85536480000002, -23.663691399305726], [-47.855637100000024, -23.662859799305707], [-47.85606790000003, -23.662086399305768], [-47.856541400000026, -23.661377199305765], [-47.856695399999985, -23.66054719930578], [-47.85695329999999, -23.659642899305794], [-47.8573902, -23.658888599305826], [-47.85812679999998, -23.6583974993058], [-47.85902950000002, -23.658569199305806], [-47.859758399999976, -23.658068099305805], [-47.85986860000002, -23.65720999930587], [-47.85975029999997, -23.656384299305884], [-47.85974449999998, -23.655482599305916], [-47.86018389999998, -23.654654199305895], [-47.86046540000001, -23.65386619930592], [-47.85978180000001, -23.65321179930595], [-47.859666600000025, -23.652392499305975], [-47.860140399999985, -23.65164489930599], [-47.86077690000002, -23.651002899305976], [-47.861375099999975, -23.650330699305986], [-47.86166530000003, -23.64950479930602], [-47.86162059999998, -23.648638399306023], [-47.86117519999999, -23.64791759930608], [-47.86054250000001, -23.64728679930609], [-47.85972670000001, -23.646925099306056], [-47.85878760000003, -23.64685919930608], [-47.858116300000006, -23.646253399306076], [-47.85734009999999, -23.645719799306114], [-47.85654340000003, -23.645287499306114], [-47.85560550000003, -23.645220699306098], [-47.85487230000002, -23.64473559930612], [-47.85398279999998, -23.644427399306124], [-47.85326250000003, -23.64384869930613], [-47.85222249999998, -23.643753999306163], [-47.851361600000025, -23.64410509930614], [-47.850649499999975, -23.643588699306168], [-47.84962189999999, -23.643516499306134], [-47.84874539999998, -23.643286299306162], [-47.8478859, -23.642949099306183], [-47.847082699999994, -23.64253009930617], [-47.846223399999985, -23.642113099306204], [-47.84547129999998, -23.641638999306203], [-47.84456640000002, -23.64142169930623], [-47.84366060000003, -23.641617099306224], [-47.84280769999999, -23.641210499306204], [-47.84225650000002, -23.640538899306254], [-47.841685600000005, -23.63986629930623], [-47.84191120000003, -23.639008399306288], [-47.842413000000015, -23.63827669930628], [-47.842891699999996, -23.6375331993063], [-47.84309109999998, -23.636727499306325], [-47.8434125, -23.635906899306338], [-47.844034799999974, -23.63525619930635], [-47.84419409999998, -23.63440589930636], [-47.845154599999994, -23.63445399930637], [-47.84603449999997, -23.63469319930637], [-47.846885400000026, -23.635033199306356], [-47.847758399999975, -23.635347599306332], [-47.84872250000001, -23.63552719930635], [-47.84958820000003, -23.635795399306343], [-47.85031429999997, -23.635137399306366], [-47.850839800000024, -23.63445799930636], [-47.851192799999986, -23.63368699930639], [-47.851622899999995, -23.632957899306405], [-47.852380100000005, -23.632415999306385], [-47.85308300000003, -23.63190589930642], [-47.854000600000006, -23.631690999306418], [-47.854920600000014, -23.63163249930645], [-47.85577649999999, -23.631898199306452], [-47.85664370000001, -23.632148699306434], [-47.85746260000001, -23.63251549930641], [-47.85823549999998, -23.632972499306387], [-47.859126600000025, -23.63320609930639], [-47.86000330000002, -23.633001499306378], [-47.86081849999999, -23.632634899306435], [-47.861462500000016, -23.632013599306415], [-47.862225799999976, -23.63153879930642], [-47.862869499999995, -23.630916899306428], [-47.863091499999996, -23.63011459930647], [-47.86302560000001, -23.62924819930648], [-47.862850700000024, -23.628414299306478], [-47.86328989999999, -23.627678799306516], [-47.86405589999999, -23.62723119930651], [-47.864939100000015, -23.627456199306504], [-47.865858399999986, -23.62746399930649], [-47.866716199999985, -23.62720219930653], [-47.867634699999996, -23.62691789930655], [-47.868536800000015, -23.626898099306548], [-47.869260999999995, -23.62640559930654], [-47.870119199999976, -23.626071699306564], [-47.87105239999999, -23.626000899306565], [-47.87184189999999, -23.625562599306583], [-47.8725718, -23.625067499306564], [-47.87338569999997, -23.624704099306552], [-47.87426670000002, -23.62446589930661], [-47.87498840000001, -23.623943899306568], [-47.8752657, -23.62310879930662], [-47.87558330000002, -23.622317099306606], [-47.87651310000001, -23.622444499306603], [-47.8775114, -23.62217259930664], [-47.87824599999999, -23.621609599306648], [-47.87917479999999, -23.621056099306635], [-47.87987500000003, -23.62053989930666], [-47.88023229999999, -23.619753999306692], [-47.8798021, -23.619009299306725], [-47.879744200000005, -23.617746599306717], [-47.879866400000026, -23.616924099306758], [-47.88014750000002, -23.616096199306792], [-47.88002999999997, -23.615246099306773], [-47.880027600000005, -23.614961299306795], [-47.88033660000002, -23.61493029930682], [-47.88119690000002, -23.614654999306826], [-47.88173580000001, -23.613954099306813], [-47.88255220000002, -23.61359279930683], [-47.8834334, -23.61335479930686], [-47.884085400000004, -23.61272549930686], [-47.88447230000003, -23.61195319930688], [-47.88448249999999, -23.611726599306863], [-47.884946300000024, -23.610973399306875], [-47.884806000000026, -23.61012219930689], [-47.88474860000002, -23.609257199306928], [-47.88463139999998, -23.60775999930695], [-47.88446609999999, -23.606932499307007], [-47.88439149999999, -23.60600669930703], [-47.88529820000002, -23.605790599306978], [-47.88661020000001, -23.605724999307007], [-47.887361100000014, -23.605254599307035], [-47.88825589999999, -23.604950899307035], [-47.889194299999986, -23.60496129930704], [-47.89002169999998, -23.60538549930702], [-47.890672600000016, -23.606007399307014], [-47.891488200000026, -23.605581599307012], [-47.89213000000001, -23.604938899307005], [-47.89252510000001, -23.604171399307024], [-47.89339369999999, -23.60394619930704], [-47.89484599999998, -23.603845199307077], [-47.895775800000024, -23.603927899307028], [-47.89671440000001, -23.603871099307042], [-47.897789499999995, -23.604138699307068], [-47.89852880000001, -23.60469779930703], [-47.89914399999998, -23.60535659930701], [-47.899192700000015, -23.606225199306973], [-47.89950249999998, -23.607088899306987], [-47.900015900000035, -23.607764399306973], [-47.900047400000005, -23.60862359930693], [-47.900947599999995, -23.608653599306965], [-47.901696500000014, -23.60815789930693], [-47.90261429999998, -23.608011799306944], [-47.9036423, -23.608019699306958], [-47.9045663, -23.60781709930694], [-47.90558329999999, -23.607738999306946], [-47.90628299999997, -23.60825549930694], [-47.9071626, -23.60794859930694], [-47.907960600000024, -23.607513299306962], [-47.9088506, -23.60733699930694], [-47.909357899999975, -23.606609899307006], [-47.9099688, -23.605953799307002], [-47.910521200000005, -23.605259999307002], [-47.91150029999999, -23.605236899307048], [-47.91250869999999, -23.60553199930699], [-47.91342859999998, -23.605828599307003], [-47.91399480000001, -23.60651969930697], [-47.91419680000001, -23.607366699306965], [-47.91467510000002, -23.60808029930693], [-47.91537299999999, -23.60860619930693], [-47.91555140000002, -23.60869739930692], [-47.91634790000001, -23.60824199930695], [-47.91700179999998, -23.60755529930697], [-47.91776040000001, -23.607076199306974], [-47.91867960000002, -23.606725899306994], [-47.919645600000024, -23.60662999930698], [-47.92039820000002, -23.607113599306974], [-47.92130100000002, -23.60697629930696], [-47.922255800000016, -23.60688279930697], [-47.92302050000001, -23.606374199306988], [-47.923988399999985, -23.60634359930699], [-47.92492789999999, -23.60635429930701], [-47.92576819999999, -23.606923799306983], [-47.92638390000002, -23.607557899306986], [-47.927004899999986, -23.608198099306932], [-47.92764060000002, -23.608833399306913], [-47.92838389999997, -23.609318499306898], [-47.92919530000001, -23.609690699306906], [-47.930120999999986, -23.60948609930694], [-47.93105179999998, -23.609333499306917], [-47.93191059999998, -23.609006999306956], [-47.93225100000001, -23.608191099306936], [-47.93224490000001, -23.607289799306958], [-47.931976299999974, -23.60645169930697], [-47.932445099999995, -23.605726599307026], [-47.9325379, -23.604518799307037], [-47.9322492, -23.603710799307038], [-47.93134780000003, -23.60327929930706], [-47.93141270000001, -23.602423299307077], [-47.931416099999986, -23.601596099307095], [-47.931674199999975, -23.600759099307115], [-47.931894899999975, -23.59989689930712], [-47.93288530000001, -23.599672599307176], [-47.93374460000001, -23.599418599307118], [-47.93419460000001, -23.599405599307158], [-47.934988799999985, -23.59979079930713], [-47.935722, -23.60029939930711], [-47.93665079999999, -23.600236799307147], [-47.93774430000002, -23.600239999307114], [-47.93866200000002, -23.600049599307113], [-47.939556700000026, -23.600223299307117], [-47.940492500000005, -23.60016519930712], [-47.94160419999997, -23.599962999307138], [-47.94247020000001, -23.599635399307143], [-47.94318900000002, -23.599098099307138], [-47.9440414, -23.598799699307136], [-47.94492439999999, -23.598563099307153], [-47.945779500000015, -23.598226599307157], [-47.946264600000006, -23.59748839930717], [-47.94675810000001, -23.596749799307208], [-47.94763130000001, -23.5963588993072], [-47.94851510000001, -23.596122999307195], [-47.94941929999999, -23.595827199307205], [-47.95034820000002, -23.595621299307233], [-47.951311299999986, -23.595505899307216], [-47.95216570000002, -23.59516869930723], [-47.95303860000001, -23.594864699307273], [-47.953921200000025, -23.59509639930723], [-47.954678, -23.59557659930725], [-47.9555757, -23.595800999307222], [-47.95643949999999, -23.596053499307207], [-47.95752950000002, -23.596070999307216], [-47.9588895, -23.59490189930727], [-47.959462599999995, -23.593481599307296], [-47.960533999999996, -23.59273409930727], [-47.9622794, -23.592020199307292], [-47.962872000000004, -23.592760699307277], [-47.963573499999995, -23.593348899307305], [-47.964042, -23.59410079930724], [-47.96452420000003, -23.59484869930725], [-47.96526139999997, -23.595345199307232], [-47.9661337, -23.595659999307237], [-47.96676789999999, -23.59628929930724], [-47.967260200000005, -23.597006799307177], [-47.96811569999999, -23.597362899307207], [-47.96835490000001, -23.597329599307212], [-47.96899300000001, -23.596689599307204], [-47.9689133, -23.595829699307256], [-47.96838980000002, -23.595143899307224], [-47.968071899999984, -23.594295099307274], [-47.968577700000026, -23.59359879930728], [-47.969405300000005, -23.59323479930729], [-47.97021790000002, -23.592814499307273], [-47.97102219999999, -23.592447299307302], [-47.97113919999998, -23.591627699307328], [-47.97205550000001, -23.59183749930732], [-47.97299420000002, -23.5919104993073], [-47.9738643, -23.592152399307288], [-47.974179900000024, -23.591322699307305], [-47.97393069999998, -23.590758999307326], [-47.973917700000015, -23.589774299307344], [-47.97390430000001, -23.588885099307408], [-47.973637, -23.588056199307378], [-47.97375959999999, -23.587204099307428], [-47.973336500000016, -23.586442499307413], [-47.97257300000001, -23.58595869930745], [-47.97166549999997, -23.586058799307434], [-47.97084180000001, -23.585560499307444], [-47.97050239999998, -23.584750699307452], [-47.96986559999999, -23.584108799307508], [-47.96922310000002, -23.583479099307482], [-47.96888969999998, -23.582710899307514], [-47.968631200000004, -23.581726899307526], [-47.96831040000001, -23.58090609930755], [-47.968089299999974, -23.57911229930762], [-47.9679271, -23.57827049930759], [-47.96778580000001, -23.577421999307653], [-47.967381900000014, -23.576672099307647], [-47.96633050000003, -23.576344699307658], [-47.96553399999999, -23.575904899307684], [-47.9646616, -23.575590099307682], [-47.963848799999994, -23.575219299307694], [-47.9633723, -23.57446579930769], [-47.96307910000002, -23.573654799307697], [-47.96331930000002, -23.572842699307756], [-47.964002100000016, -23.572253899307775], [-47.96478509999997, -23.57172599930778], [-47.96541500000001, -23.571085799307767], [-47.96630909999999, -23.57078169930778], [-47.96716390000001, -23.570444899307763], [-47.96787480000001, -23.56994139930781], [-47.9685705, -23.569348399307845], [-47.969322499999976, -23.568800799307848], [-47.96973939999998, -23.56804929930784], [-47.969406900000024, -23.56724079930785], [-47.969192599999985, -23.566342099307867], [-47.96920410000001, -23.565412899307923], [-47.968369199999984, -23.564954499307916], [-47.96755589999998, -23.564590599307902], [-47.96693320000003, -23.563951899307945], [-47.9658781, -23.56385049930794], [-47.96586430000003, -23.56301749930796], [-47.96586480000002, -23.562161199307965], [-47.96560099999999, -23.561310099308017], [-47.96519330000001, -23.560532999308045], [-47.964696300000014, -23.559797299308045], [-47.96402649999999, -23.55916509930802], [-47.96318860000003, -23.55882159930804], [-47.96274310000002, -23.55806849930806], [-47.96212150000002, -23.557413999308082], [-47.961244799999974, -23.55709539930808], [-47.96074770000001, -23.556367299308086], [-47.9599561, -23.555853899308115], [-47.95975440000001, -23.554730099308117], [-47.959193599999985, -23.554069399308162], [-47.95921440000001, -23.553241199308186], [-47.9594753, -23.55221309930822], [-47.95973509999999, -23.551377199308213], [-47.95941260000001, -23.550568799308248], [-47.95870639999998, -23.549981999308258], [-47.95792979999999, -23.549378899308287], [-47.957586400000025, -23.54859579930827], [-47.9566097, -23.54856369930827], [-47.95582860000002, -23.548972499308267], [-47.95558340000002, -23.54912759930829], [-47.95486679999999, -23.548551599308283], [-47.9544803, -23.5477951993083], [-47.95426889999998, -23.546972999308295], [-47.954983700000014, -23.546440399308313], [-47.95534470000001, -23.545612799308355], [-47.95553840000002, -23.54480609930838], [-47.95501460000003, -23.54406999930837], [-47.954444000000024, -23.543427199308386], [-47.953542700000014, -23.543561599308372], [-47.952665799999984, -23.543308999308422], [-47.95263779999999, -23.542478899308406], [-47.95280559999998, -23.54246089930839], [-47.953825800000004, -23.542464199308398], [-47.9544166, -23.541789699308413], [-47.95506749999999, -23.541174399308435], [-47.95583319999997, -23.54070159930844], [-47.95635470000002, -23.53990939930849], [-47.95670050000001, -23.539021399308528], [-47.956989299999975, -23.538238899308517], [-47.957247900000034, -23.53742979930852], [-47.957456200000024, -23.536568099308564], [-47.958049500000016, -23.53590499930858], [-47.958553499999994, -23.53516769930857], [-47.95902829999999, -23.534420999308615], [-47.959669500000025, -23.53375629930861], [-47.96048560000003, -23.534127399308595], [-47.961232800000005, -23.53365249930863], [-47.96208880000001, -23.53331299930865], [-47.96293270000002, -23.532963199308615], [-47.9628131, -23.532090199308687], [-47.962805300000014, -23.53143499930866], [-47.96328749999998, -23.530733299308693], [-47.963947899999994, -23.530056099308727], [-47.9647109, -23.529581099308682], [-47.9650322, -23.52880279930873], [-47.9650623, -23.527918699308735], [-47.96533950000003, -23.527084599308782], [-47.96593660000002, -23.526405999308786], [-47.96605920000002, -23.525586699308818], [-47.96581350000003, -23.524779099308805], [-47.96617020000003, -23.523946099308823], [-47.96668340000002, -23.52326619930887], [-47.96685750000001, -23.522438599308853], [-47.96695030000001, -23.5215902993089], [-47.96696179999998, -23.520757499308914], [-47.966587000000004, -23.51997549930891], [-47.965929099999975, -23.519348999308914], [-47.96518880000002, -23.51886979930895], [-47.96454829999999, -23.518228599308948], [-47.9644755, -23.517279399309], [-47.964753700000024, -23.516454399308994], [-47.96444530000002, -23.51560979930901], [-47.96399600000001, -23.51489509930903], [-47.96364510000001, -23.514103899309067], [-47.96363650000001, -23.513280199309076], [-47.964068, -23.5125091993091], [-47.96488529999999, -23.512137099309115], [-47.965015999999984, -23.511316299309087], [-47.964632900000026, -23.510537599309167], [-47.964347799999985, -23.50970949930915], [-47.963906099999974, -23.508883699309187], [-47.963397300000004, -23.508194599309206], [-47.962731399999996, -23.50756109930918], [-47.96216179999999, -23.50692089930923], [-47.96196789999998, -23.504813099309246], [-47.9621975, -23.5040047993093], [-47.96220490000001, -23.503134599309316], [-47.9619722, -23.502182999309326], [-47.96252820000001, -23.501508999309337], [-47.96345650000001, -23.50134739930933], [-47.96432429999999, -23.501674099309337], [-47.965305, -23.501914399309303], [-47.966270699999995, -23.501862699309335], [-47.96705050000003, -23.501409499309364], [-47.96728330000002, -23.500558599309343], [-47.967152, -23.499707699309372], [-47.967805, -23.499131899309408], [-47.968702500000006, -23.499019599309392], [-47.96891670000002, -23.499127399309412], [-47.969764199999986, -23.499645999309365], [-47.97003539999997, -23.50048479930934], [-47.970729800000015, -23.50102719930936], [-47.971399599999984, -23.50158319930936], [-47.97142889999998, -23.502436099309328], [-47.9717903, -23.503217399309285], [-47.97262510000002, -23.50356589930931], [-47.97349430000003, -23.503254399309313], [-47.97421609999998, -23.502756599309304], [-47.975063999999975, -23.502282499309302], [-47.97569470000002, -23.501642899309317], [-47.976542300000006, -23.501300099309326], [-47.977217800000005, -23.50069779930937], [-47.977749700000004, -23.499991199309388], [-47.97872000000001, -23.499951099309346], [-47.97957919999998, -23.499694799309374], [-47.98049450000002, -23.49968589930936], [-47.98135580000002, -23.499354499309366], [-47.9820102, -23.498672699309385], [-47.98226010000002, -23.497839399309395], [-47.982578699999976, -23.497016799309424], [-47.98301159999999, -23.49628989930948], [-47.98389309999999, -23.496052099309452], [-47.98463850000002, -23.495500499309472], [-47.985272899999984, -23.49486409930947], [-47.98589420000002, -23.4942240993095], [-47.98653150000001, -23.49359019930955], [-47.987181299999975, -23.492959099309545], [-47.98785409999999, -23.492256299309567], [-47.98872169999999, -23.49197039930957], [-47.98972889999999, -23.49219649930953], [-47.99064449999997, -23.492486699309516], [-47.99119300000002, -23.493179799309537], [-47.992026399999986, -23.4936038993095], [-47.99270919999997, -23.494157399309515], [-47.99353159999998, -23.494494399309506], [-47.99384709999998, -23.495297099309497], [-47.99470380000002, -23.49563119930946], [-47.995627300000024, -23.495620399309484], [-47.996561299999996, -23.495747099309494], [-47.9970467, -23.495993899309436], [-47.99799169999999, -23.49600369930948], [-47.99889489999998, -23.495776599309462], [-47.99962900000003, -23.495291499309495], [-48.00047540000003, -23.494947499309525], [-48.000952900000016, -23.494198199309537], [-48.00117820000003, -23.493395299309505], [-48.00121739999997, -23.492529999309525], [-48.00150320000001, -23.491699299309552], [-48.00169549999998, -23.489901299309587], [-48.00169469999997, -23.48884949930963], [-48.00204850000001, -23.488079399309644], [-48.00252849999998, -23.487322099309633], [-48.003413299999984, -23.487149099309676], [-48.00423810000001, -23.48673259930965], [-48.00499619999999, -23.486250699309714], [-48.00594480000001, -23.486072699309727], [-48.006824800000004, -23.486295299309678], [-48.00789179999998, -23.486068499309674], [-48.01002809999999, -23.48607169930971], [-48.01058150000001, -23.486773099309662], [-48.011501399999986, -23.486909699309685], [-48.012383399999976, -23.486584999309663], [-48.013260100000025, -23.48634029930967], [-48.01393539999998, -23.485735399309704], [-48.0147695, -23.48604959930968], [-48.01561809999998, -23.48652929930965], [-48.016284900000024, -23.487144599309687], [-48.01720590000002, -23.487100599309677], [-48.01754909999999, -23.487922599309638], [-48.01831529999998, -23.48840099930965], [-48.01895100000002, -23.4890295993096], [-48.019592300000006, -23.489660299309634], [-48.02003009999999, -23.490407699309582], [-48.02002850000002, -23.491381299309573], [-48.020286899999974, -23.492217099309556], [-48.0205115, -23.493076099309516], [-48.02117090000002, -23.493753699309526], [-48.02180579999998, -23.49438979930952], [-48.02265349999999, -23.494732599309508], [-48.02332940000002, -23.4953357993095], [-48.02375189999998, -23.495786299309486], [-48.02469589999998, -23.49583489930945], [-48.025637399999994, -23.495753699309496], [-48.02656009999998, -23.495743899309453], [-48.02738210000001, -23.496115799309447], [-48.02814699999999, -23.496655099309447], [-48.02900360000001, -23.496908499309455], [-48.029888700000015, -23.49659059930944], [-48.03050519999999, -23.495979999309444], [-48.03141169999998, -23.495796699309494], [-48.03244480000001, -23.495801499309497], [-48.03330049999999, -23.495465399309474], [-48.03395089999998, -23.494780199309474], [-48.0344417, -23.49403209930953], [-48.035006, -23.4933257993095], [-48.035334600000006, -23.492550499309537], [-48.0360225, -23.491983899309535], [-48.037039400000026, -23.49188839930956], [-48.03784760000002, -23.49144589930954], [-48.03879189999998, -23.491572799309537], [-48.03973409999998, -23.49165379930956], [-48.040448000000026, -23.491072199309592], [-48.041522100000016, -23.491081899309552], [-48.04242099999998, -23.490781699309586], [-48.04305019999998, -23.490140899309573], [-48.043684299999995, -23.489511699309592], [-48.044562299999996, -23.48920159930962], [-48.04501299999998, -23.488995899309643], [-48.045240999999976, -23.488795399309648], [-48.04582060000002, -23.488120899309656], [-48.0466912, -23.487735199309622], [-48.04780140000002, -23.487603899309665], [-48.04843699999998, -23.486967499309664], [-48.04864470000001, -23.485616799309692], [-48.04863710000001, -23.4847854993097], [-48.048161400000026, -23.484055199309736], [-48.04826969999999, -23.48322529930977], [-48.048627599999975, -23.48241559930979], [-48.04937749999999, -23.48188349930977], [-48.049826499999995, -23.481134699309784], [-48.05002830000001, -23.480238299309814], [-48.05073700000003, -23.47965609930983], [-48.05178849999999, -23.479405699309815], [-48.05264870000002, -23.47915019930984], [-48.05328780000002, -23.47851019930988], [-48.05419269999999, -23.47829189930985], [-48.05516189999997, -23.478250599309888], [-48.055906300000004, -23.477630699309902], [-48.0559407, -23.476805799309922], [-48.05686050000003, -23.47661529930989], [-48.057616800000005, -23.476145399309917], [-48.05858360000002, -23.476071099309923], [-48.059494900000004, -23.47606159930989], [-48.060341900000026, -23.475619999309917], [-48.060979999999965, -23.47498189930992], [-48.06142410000001, -23.474157999309934], [-48.062069099999974, -23.473574699309946], [-48.0630875, -23.47357449930995], [-48.06399210000001, -23.473355999309995], [-48.06463689999998, -23.47272069931001], [-48.06527390000002, -23.472086399310015], [-48.065897800000016, -23.47144869931001], [-48.06619779999999, -23.47063969931003], [-48.0666205, -23.469892099310037], [-48.0665093, -23.469057899310062], [-48.06724980000001, -23.468542799310107], [-48.068266300000005, -23.468288599310075], [-48.069199000000026, -23.46828809931009], [-48.070077000000026, -23.468463999310064], [-48.0709516, -23.468780499310057], [-48.071819600000026, -23.46852649931007], [-48.0723385, -23.467811399310115], [-48.073256500000014, -23.467727699310103], [-48.07392909999998, -23.467053499310126], [-48.07469980000002, -23.466745199310107], [-48.074974699999984, -23.465951099310125], [-48.07544150000001, -23.46523729931016], [-48.07558399999999, -23.465238199310143], [-48.07648710000001, -23.46527119931017], [-48.07718139999997, -23.465856899310158], [-48.078105100000016, -23.46581349931017], [-48.07904100000002, -23.465838999310158], [-48.080112199999974, -23.46607839931015], [-48.08096829999999, -23.466378299310094], [-48.08177840000002, -23.466841599310126], [-48.082696999999996, -23.466899399310094], [-48.083553999999985, -23.466629799310144], [-48.08446989999999, -23.466625699310125], [-48.08533369999997, -23.466888699310147], [-48.086268599999975, -23.466856099310093], [-48.0871846, -23.46681189931011], [-48.08802429999998, -23.466373799310112], [-48.08897550000001, -23.466609099310155], [-48.089854, -23.466420799310107], [-48.090860500000026, -23.466633699310112], [-48.09182679999998, -23.46658429931014], [-48.09260160000002, -23.466132199310138], [-48.093121199999985, -23.465407899310158], [-48.093519800000024, -23.46465989931019], [-48.09384749999998, -23.463791099310175], [-48.094579599999975, -23.4633052993102], [-48.0955745, -23.463007899310185], [-48.09653769999999, -23.46301369931018], [-48.09750589999999, -23.46287009931018], [-48.09855649999997, -23.462745899310224], [-48.09928500000001, -23.462257099310214], [-48.09991359999998, -23.46160839931023], [-48.10065100000003, -23.461126899310255], [-48.10117810000003, -23.460337099310262], [-48.10141090000002, -23.459502499310272], [-48.10145110000002, -23.458674799310288], [-48.10231770000002, -23.458272999310328], [-48.10314879999999, -23.45771479931034], [-48.1040433, -23.45741099931031], [-48.10483799999997, -23.45697589931032], [-48.10581380000002, -23.456892499310324], [-48.10616690000001, -23.456110099310344], [-48.10613439999997, -23.454679299310396], [-48.10629349999999, -23.453823099310437], [-48.10667430000001, -23.453067799310418], [-48.10732009999998, -23.45243959931043], [-48.10787529999999, -23.451743799310425], [-48.1079391, -23.451648499310437], [-48.1074984, -23.450891599310456], [-48.10704709999999, -23.45017029931052], [-48.1071508, -23.44934559931053], [-48.10697790000001, -23.448375899310502], [-48.10666279999998, -23.447556599310534], [-48.106220699999994, -23.44683739931056], [-48.105946800000034, -23.44600079931057], [-48.10565220000001, -23.44518109931062], [-48.105175299999985, -23.444430499310638], [-48.10499859999999, -23.44360589931066], [-48.105289400000004, -23.44277019931065], [-48.105053000000005, -23.441944599310684], [-48.1050285, -23.44107129931068], [-48.1053875, -23.44029659931073], [-48.105508699999966, -23.43947619931074], [-48.10501640000001, -23.438607099310765], [-48.104524500000025, -23.437899899310768], [-48.10447319999997, -23.436676899310807], [-48.104472999999984, -23.436626899310816], [-48.10474720000002, -23.435834499310815], [-48.10486880000002, -23.43498109931086], [-48.10504409999999, -23.434154099310856], [-48.105519000000015, -23.43342809931089], [-48.10479989999999, -23.432909099310898], [-48.104155299999995, -23.43228479931089], [-48.10390680000001, -23.4313609993109], [-48.103936799999985, -23.430479499310923], [-48.10463249999998, -23.42993359931097], [-48.10490679999999, -23.429146399310948], [-48.104468699999984, -23.428399399310965], [-48.10454959999998, -23.427550399310974], [-48.10509769999999, -23.42688449931104], [-48.10585209999999, -23.426404099311043], [-48.10589599999997, -23.425572099311058], [-48.106359300000015, -23.424845099311085], [-48.10671120000001, -23.424070899311086], [-48.10712269999999, -23.423257399311108], [-48.107250299999976, -23.42103279931114], [-48.10724699999997, -23.419809999311155], [-48.1074696, -23.41900379931118], [-48.107587799999976, -23.41813849931122], [-48.107814000000026, -23.417333699311204], [-48.1077583, -23.416466099311233], [-48.10732170000001, -23.415734499311256], [-48.106468099999965, -23.415404099311267], [-48.10560270000001, -23.414944699311267], [-48.10486279999998, -23.414388399311314], [-48.10422890000001, -23.41375159931133], [-48.10359599999998, -23.413121299311324], [-48.102736100000016, -23.412719299311327], [-48.102037199999984, -23.412128999311346], [-48.10156119999999, -23.411417799311355], [-48.10132119999997, -23.410580799311376], [-48.10148520000002, -23.409739799311403], [-48.1016922, -23.408879099311395], [-48.101197300000024, -23.408176699311454], [-48.10084669999998, -23.40740329931146], [-48.100322800000015, -23.406682399311492], [-48.099965499999996, -23.40591519931147], [-48.09893490000002, -23.405501099311476], [-48.09820319999999, -23.40493799931152], [-48.097875199999976, -23.40406949931152], [-48.0972137, -23.40339359931157], [-48.09696129999998, -23.402562299311576], [-48.0966813, -23.40166349931157], [-48.09641870000001, -23.400817599311583], [-48.096408499999995, -23.399992599311645], [-48.095923400000004, -23.399283899311634], [-48.095283600000016, -23.39865939931164], [-48.09441850000002, -23.398261599311677], [-48.093574199999985, -23.39771519931167], [-48.09267929999999, -23.397411599311674], [-48.091902300000015, -23.396963199311703], [-48.09123090000002, -23.396315999311717], [-48.09086159999998, -23.396071299311732], [-48.09144980000002, -23.395334399311754], [-48.09208730000001, -23.394699199311727], [-48.0927337, -23.394062499311786], [-48.09369529999998, -23.39416129931176], [-48.09462889999997, -23.394123099311752], [-48.0944672, -23.3932638993118], [-48.09467189999998, -23.39239609931178], [-48.095579199999975, -23.39217849931181], [-48.096387900000025, -23.391810799311777], [-48.097105899999974, -23.391305599311828], [-48.097882200000015, -23.390852999311832], [-48.09807769999997, -23.390543399311852], [-48.097973799999984, -23.389702499311856], [-48.097288400000025, -23.389152399311875], [-48.09637190000001, -23.38895609931185], [-48.09561489999999, -23.388475999311908], [-48.09498430000002, -23.387843799311874], [-48.094072400000016, -23.387684799311884], [-48.09333800000002, -23.387191899311922], [-48.0924387, -23.387380099311883], [-48.09162370000001, -23.387755299311884], [-48.09095120000001, -23.388324799311906], [-48.0899961, -23.388111899311916], [-48.08931769999998, -23.387434599311906], [-48.088853700000016, -23.386673099311917], [-48.087931500000025, -23.386577499311915], [-48.087039499999996, -23.38629819931194], [-48.08629560000003, -23.385792799311933], [-48.085583799999995, -23.38579349931193], [-48.08559050000002, -23.38495459931198], [-48.085428900000004, -23.384101599311983], [-48.0851538, -23.383265999311988], [-48.08452110000002, -23.38262819931201], [-48.083580499999975, -23.382432099312048], [-48.083023500000024, -23.381746399312025], [-48.08255059999999, -23.38103889931207], [-48.08312460000002, -23.380339599312073], [-48.08337460000001, -23.379506599312094], [-48.08305760000002, -23.378663199312108], [-48.0824068, -23.378036099312087], [-48.082050299999985, -23.37725509931215], [-48.08225340000001, -23.376378799312157], [-48.08200219999998, -23.375568199312145], [-48.082471300000016, -23.374836499312206], [-48.0827266, -23.374027499312227], [-48.08279950000002, -23.373178799312228], [-48.082806000000005, -23.373015699312226], [-48.0836218, -23.37264729931222], [-48.0838991, -23.37180389931223], [-48.08310490000002, -23.371331499312266], [-48.08235989999997, -23.370771599312302], [-48.0825365, -23.3699035993123], [-48.083070099999986, -23.3691850993123], [-48.083374100000015, -23.368329199312345], [-48.08370450000001, -23.367547599312374], [-48.083999000000006, -23.36673259931236], [-48.083999000000006, -23.365865699312373], [-48.08419249999997, -23.36491549931241], [-48.084581000000014, -23.364139899312434], [-48.08533679999999, -23.36366629931242], [-48.08578210000002, -23.362949599312437], [-48.08589649999999, -23.36208169931245], [-48.08648679999999, -23.361406899312517], [-48.086710100000005, -23.360546799312516], [-48.08705400000002, -23.35974989931253], [-48.08752579999998, -23.359047799312535], [-48.08774940000001, -23.358213099312568], [-48.088549600000015, -23.357740199312598], [-48.08944810000003, -23.35771749931256], [-48.09031700000003, -23.357469199312604], [-48.09118669999999, -23.357082299312584], [-48.09142639999999, -23.355995799312637], [-48.09122960000003, -23.355163499312642], [-48.09112859999999, -23.354660399312646], [-48.09020420000002, -23.354113299312658], [-48.089279600000005, -23.353855499312672], [-48.0883048, -23.35381909931268], [-48.08739630000002, -23.353526799312675], [-48.08688169999999, -23.352811899312695], [-48.08642300000003, -23.352078899312687], [-48.08667129999998, -23.35128389931272], [-48.08586989999998, -23.35078779931271], [-48.085002599999996, -23.351047899312746], [-48.084099400000014, -23.351282099312712], [-48.08325789999998, -23.350923199312735], [-48.083083699999975, -23.35079339931272], [-48.08291250000002, -23.349939199312747], [-48.08307280000003, -23.349096899312773], [-48.08292690000002, -23.34827289931277], [-48.082811699999986, -23.347017299312824], [-48.08252950000002, -23.346208899312856], [-48.08162629999998, -23.34577329931286], [-48.08092069999998, -23.345243899312877], [-48.08114640000002, -23.344366299312867], [-48.080872899999974, -23.343533799312894], [-48.08060819999997, -23.342735799312933], [-48.08098050000002, -23.34192889931297], [-48.08161130000001, -23.341279599312955], [-48.08212889999999, -23.34049009931297], [-48.082421599999975, -23.339657299312986], [-48.082040399999975, -23.338873799312996], [-48.08116230000002, -23.338493299312994], [-48.08060039999999, -23.337834999313007], [-48.0803009, -23.33700439931306], [-48.08030580000002, -23.335793299313046], [-48.080325200000004, -23.334920499313096], [-48.08058190000003, -23.334095999313107], [-48.080784199999975, -23.33322909931311], [-48.08136760000002, -23.33255019931316], [-48.08142129999999, -23.330859299313172], [-48.08117750000003, -23.33004289931322], [-48.081406500000014, -23.32923309931323], [-48.081417499999986, -23.328212499313253], [-48.08141690000002, -23.32718219931324], [-48.08235250000001, -23.327451999313254], [-48.08336190000001, -23.327459699313266], [-48.08421260000001, -23.327744399313236], [-48.085124199999996, -23.32802539931326], [-48.08598260000002, -23.32776379931326], [-48.08663280000001, -23.32713069931325], [-48.08697699999999, -23.326309799313282], [-48.08697160000003, -23.3254826993133], [-48.08726660000002, -23.324626299313305], [-48.08752859999999, -23.323527699313345], [-48.087817700000016, -23.32267809931339], [-48.08858259999999, -23.322212099313386], [-48.08940369999999, -23.32184599931339], [-48.0901298, -23.32135049931339], [-48.09101099999998, -23.321574499313385], [-48.092438300000026, -23.321624599313402], [-48.093411, -23.321796899313362], [-48.094194800000025, -23.3216265993134], [-48.0951154, -23.32142139931342], [-48.095932000000005, -23.32105269931341], [-48.09662379999998, -23.320456399313436], [-48.09750200000002, -23.32021469931343], [-48.09840200000002, -23.320408799313423], [-48.098637499999995, -23.321394099313423], [-48.099023699999975, -23.322170499313412], [-48.09978760000002, -23.322638699313394], [-48.100609099999986, -23.323007099313354], [-48.10148750000001, -23.322801199313385], [-48.102177700000034, -23.322198899313367], [-48.10309339999998, -23.32191239931336], [-48.103842799999995, -23.321797399313372], [-48.1039161, -23.320842899313416], [-48.1043985, -23.320106599313398], [-48.10501249999999, -23.31946069931342], [-48.10530729999999, -23.31866789931344], [-48.105301699999984, -23.31774369931347], [-48.1054211, -23.31692309931349], [-48.1062068, -23.316327899313492], [-48.10689029999997, -23.315724699313495], [-48.10736020000002, -23.314974199313536], [-48.10810079999999, -23.314418499313536], [-48.10898739999999, -23.31410719931358], [-48.10980599999999, -23.313676799313562], [-48.10971949999999, -23.31283909931361], [-48.10945939999999, -23.312006999313606], [-48.10919130000001, -23.311176799313618], [-48.10943200000003, -23.310344699313625], [-48.10994240000002, -23.309610599313643], [-48.11042650000002, -23.308866699313693], [-48.110791300000024, -23.308083099313677], [-48.11003870000002, -23.30759149931371], [-48.10940470000003, -23.30696079931374], [-48.10864509999999, -23.30648259931373], [-48.108144900000006, -23.30573689931375], [-48.107609000000025, -23.305065199313773], [-48.10842789999999, -23.304663999313767], [-48.10911579999999, -23.30406089931381], [-48.10949049999999, -23.30323509931381], [-48.10975039999999, -23.302737599313822], [-48.11033709999998, -23.302081499313818], [-48.110875299999975, -23.30128409931382], [-48.111816999999974, -23.30110909931388], [-48.11259050000001, -23.301651399313872], [-48.11345319999999, -23.30191149931385], [-48.114370699999995, -23.301900299313836], [-48.11522350000002, -23.301557799313855], [-48.1157369, -23.30083859931387], [-48.11660490000003, -23.30059029931388], [-48.117513299999985, -23.30050929931385], [-48.11781259999998, -23.299643299313903], [-48.11810329999997, -23.298789399313886], [-48.11811449999999, -23.297957899313904], [-48.1186639, -23.297273799313974], [-48.11952480000002, -23.29687069931395], [-48.120346299999994, -23.29645159931397], [-48.12131190000002, -23.296338199313947], [-48.12216860000001, -23.296002799313975], [-48.12276919999999, -23.295333199313994], [-48.12266410000001, -23.291987499314065], [-48.12278600000002, -23.289945899314134], [-48.12297389999998, -23.28825519931413], [-48.12370629999999, -23.28879829931413], [-48.12459460000002, -23.28908629931414], [-48.1253294, -23.28859189931411], [-48.12623129999997, -23.288369699314114], [-48.12700760000001, -23.287835999314183], [-48.127589699999994, -23.287156099314178], [-48.1281227, -23.286450399314173], [-48.129098, -23.28634499931417], [-48.130066, -23.28604339931418], [-48.13100600000001, -23.28603429931418], [-48.13188259999998, -23.2857205993142], [-48.13263060000003, -23.285239099314232], [-48.13351149999999, -23.285461899314182], [-48.13448690000001, -23.285561699314226], [-48.135490300000015, -23.285514499314193], [-48.13633390000001, -23.285167699314197], [-48.13693669999997, -23.28450589931424], [-48.13782670000001, -23.284383899314264], [-48.138767299999984, -23.284361799314237], [-48.139566600000016, -23.283926599314213], [-48.13996880000002, -23.283727099314273], [-48.14030420000001, -23.282913499314276], [-48.140017899999975, -23.28193979931426], [-48.13974109999999, -23.281103899314314], [-48.13925280000001, -23.28039759931434], [-48.13876410000001, -23.27965519931432], [-48.13829670000001, -23.27890139931435], [-48.1380711, -23.278052999314383], [-48.13808749999998, -23.277080199314398], [-48.137790300000006, -23.2762877993144], [-48.137374000000015, -23.275535699314414], [-48.137816199999975, -23.274717699314447], [-48.13818459999999, -23.273932399314443], [-48.13895500000001, -23.273391399314463], [-48.13939529999999, -23.27264499931451], [-48.13919340000001, -23.271797999314508], [-48.139484100000004, -23.271012399314557], [-48.13975049999999, -23.270237399314542], [-48.14028100000002, -23.26954319931455], [-48.140306899999985, -23.268386299314567], [-48.1406101, -23.267538599314644], [-48.14142650000002, -23.26717189931462], [-48.142225499999995, -23.26676029931463], [-48.143065200000024, -23.266361499314655], [-48.14396900000003, -23.266658999314636], [-48.144933599999995, -23.26690999931463], [-48.14586090000001, -23.26690639931461], [-48.146719200000014, -23.26664669931465], [-48.147594099999985, -23.266326199314623], [-48.148632899999996, -23.266065299314633], [-48.149494699999984, -23.265811299314656], [-48.15114970000002, -23.26580149931467], [-48.151977300000006, -23.265417899314645], [-48.15241020000002, -23.26466059931469], [-48.1530032, -23.264032799314688], [-48.15308390000001, -23.263848499314694], [-48.153671999999965, -23.263109599314724], [-48.15420940000002, -23.262404599314756], [-48.15509159999999, -23.262164799314732], [-48.155987100000004, -23.261854799314726], [-48.1567652, -23.261322799314776], [-48.15767779999999, -23.261292799314734], [-48.1585533, -23.261630599314735], [-48.159412299999985, -23.261299699314748], [-48.16007109999998, -23.260677499314752], [-48.16092600000002, -23.261010399314742], [-48.16192669999998, -23.261358199314767], [-48.162528399999985, -23.261348499314753], [-48.16281520000001, -23.262243699314737], [-48.16353529999998, -23.262823999314744], [-48.163849400000004, -23.263627199314673], [-48.1644346, -23.264296999314684], [-48.165210100000024, -23.26476169931469], [-48.16592980000002, -23.26525779931464], [-48.16672870000002, -23.265695499314642], [-48.1672398, -23.26638279931461], [-48.16763880000003, -23.267167099314623], [-48.168296199999986, -23.267793599314604], [-48.16906879999999, -23.268308299314597], [-48.1691151, -23.26918649931457], [-48.169847300000015, -23.26967779931458], [-48.17123600000002, -23.269678599314588], [-48.17216830000001, -23.26975039931459], [-48.172926200000006, -23.270214599314524], [-48.17341979999998, -23.270952999314556], [-48.17393229999999, -23.27168329931453], [-48.174504599999985, -23.2723637993145], [-48.17514890000001, -23.272993799314495], [-48.175574900000015, -23.273745399314485], [-48.17561510000001, -23.274583499314467], [-48.1766012, -23.274693499314463], [-48.17746840000001, -23.27435489931445], [-48.17792680000002, -23.273593099314503], [-48.178678400000024, -23.27310879931448], [-48.179623400000025, -23.2732360993145], [-48.180541600000026, -23.273386099314454], [-48.180861900000025, -23.273570699314472], [-48.18144210000003, -23.274314099314484], [-48.18241749999999, -23.274697199314435], [-48.18328120000002, -23.27494969931442], [-48.18419490000002, -23.275098799314467], [-48.18468760000002, -23.275845499314425], [-48.185148500000025, -23.276603499314437], [-48.18553910000003, -23.277355099314416], [-48.18558749999999, -23.278308399314383], [-48.185593400000016, -23.279165999314326], [-48.185165600000005, -23.279919499314335], [-48.18443689999998, -23.280415599314352], [-48.18399649999998, -23.281137399314293], [-48.1836126, -23.2819631993143], [-48.183975700000026, -23.28276079931427], [-48.184695999999974, -23.283262999314243], [-48.18551580000001, -23.283629399314247], [-48.1864693, -23.283601199314273], [-48.18737870000001, -23.283894499314222], [-48.18815410000001, -23.284345799314217], [-48.18880419999999, -23.2849767993142], [-48.18941569999999, -23.285632299314177], [-48.190059399999996, -23.28625339931422], [-48.190578599999974, -23.286935899314184], [-48.1905858, -23.288073699314133], [-48.19057989999999, -23.289756199314112], [-48.190774400000016, -23.290587999314113], [-48.19105170000001, -23.291421899314066], [-48.19155869999998, -23.292145299314075], [-48.192505100000005, -23.29217799931404], [-48.193205499999976, -23.29271349931404], [-48.193697799999995, -23.293452999314027], [-48.194183099999975, -23.294151099314035], [-48.19421560000001, -23.295001199313994], [-48.194779600000004, -23.29569269931399], [-48.195223999999996, -23.296419399313947], [-48.195513999999996, -23.297250799313915], [-48.19635060000002, -23.296853899313927], [-48.19681680000002, -23.296094899313985], [-48.19759379999999, -23.29549219931399], [-48.19842490000003, -23.294934799314017], [-48.19936259999998, -23.294666899313984], [-48.20021789999999, -23.294407299313992], [-48.20271760000003, -23.294407099314014], [-48.20366510000002, -23.294274199314025], [-48.204175599999985, -23.29499679931397], [-48.203912600000024, -23.296043299313983], [-48.20375550000001, -23.296872399313933], [-48.204208799999996, -23.297699299313898], [-48.20448160000001, -23.2985383993139], [-48.204992600000026, -23.29922579931388], [-48.2056134, -23.299865899313865], [-48.20636880000001, -23.3003473993139], [-48.207529700000016, -23.300514399313865], [-48.208409000000024, -23.300684499313856], [-48.2092662, -23.30108889931387], [-48.20996070000001, -23.301682999313865], [-48.21073719999998, -23.302133599313823], [-48.21158509999998, -23.302486799313826], [-48.211809399999986, -23.302665299313826], [-48.212496499999986, -23.30208969931385], [-48.213118800000025, -23.301446699313832], [-48.213560900000004, -23.30072709931387], [-48.213905599999975, -23.299924199313903], [-48.21421029999999, -23.299069099313897], [-48.214592900000014, -23.298315399313907], [-48.21485339999998, -23.297485799313936], [-48.215804299999995, -23.297430599313927], [-48.21675429999999, -23.29748759931395], [-48.21755639999998, -23.297922799313906], [-48.21841219999999, -23.298330199313927], [-48.21929050000001, -23.298578599313892], [-48.22018059999999, -23.298344199313895], [-48.22089599999999, -23.2978342993139], [-48.22165039999999, -23.297342799313956], [-48.22256220000003, -23.297353099313955], [-48.22301599999997, -23.29807249931392], [-48.22364299999999, -23.298713199313916], [-48.22458080000001, -23.298590999313895], [-48.225501699999995, -23.29850269931388], [-48.22588910000002, -23.29770919931391], [-48.226258099999995, -23.29692519931393], [-48.22666160000001, -23.296181199313942], [-48.22700450000002, -23.295402099313968], [-48.227596300000016, -23.294737799314014], [-48.22824739999998, -23.294107699314], [-48.22888319999998, -23.29347229931405], [-48.2295805, -23.292943499314013], [-48.22975109999999, -23.292737299314048], [-48.23056350000002, -23.292349499314057], [-48.2313638, -23.291894499314076], [-48.232412399999994, -23.291630699314055], [-48.233306700000014, -23.291374599314064], [-48.2342802, -23.291349799314048], [-48.23513789999999, -23.291619799314045], [-48.23605020000002, -23.291555999314095], [-48.236951799999986, -23.29133069931408], [-48.237763700000016, -23.290965399314086], [-48.23850110000001, -23.290476499314114], [-48.23892439999997, -23.289629699314094], [-48.23891459999999, -23.28877859931414], [-48.23910740000003, -23.287941599314166], [-48.239586599999996, -23.287198699314146], [-48.24023030000001, -23.286559999314193], [-48.2403104, -23.285681199314208], [-48.24004100000001, -23.28485749931421], [-48.2396511, -23.284048699314265], [-48.23977910000002, -23.283177099314255], [-48.240374299999985, -23.282515699314263], [-48.24102540000001, -23.281885499314278], [-48.24166500000001, -23.281249899314293], [-48.241973400000006, -23.28079279931429], [-48.24287620000001, -23.281089799314326], [-48.24366149999997, -23.281609899314276], [-48.2445664, -23.281836999314294], [-48.24545640000002, -23.2816794993143], [-48.246174600000025, -23.281168999314293], [-48.24683759999999, -23.280555999314316], [-48.2476868, -23.280180599314324], [-48.248651499999994, -23.27997819931435], [-48.24935690000001, -23.280534899314336], [-48.250279999999975, -23.281092999314307], [-48.251236000000006, -23.281349799314295], [-48.2521668, -23.281430799314318], [-48.25288769999998, -23.280863499314325], [-48.253679499999976, -23.280339399314325], [-48.254563899999994, -23.280033299314365], [-48.25546070000002, -23.279726699314363], [-48.256351199999976, -23.279918099314315], [-48.25723060000001, -23.27966859931432], [-48.25793959999999, -23.279082599314332], [-48.258709099999976, -23.278627799314343], [-48.25935959999998, -23.277997199314388], [-48.25994859999997, -23.277353699314382], [-48.26077070000002, -23.2769044993144], [-48.26179359999997, -23.27690819931439], [-48.262655800000005, -23.276654499314414], [-48.26308710000001, -23.275892099314454], [-48.2636923, -23.276513299314384], [-48.26431339999999, -23.277160799314395], [-48.264765099999984, -23.27797819931439], [-48.26510999999999, -23.278780999314343], [-48.265752299999974, -23.279418499314374], [-48.266141499999996, -23.280210799314347], [-48.266144, -23.281042099314288], [-48.266795899999984, -23.281619799314292], [-48.26770749999998, -23.281631699314296], [-48.268172100000015, -23.282386599314275], [-48.26861229999997, -23.283107699314282], [-48.26892520000002, -23.283887699314224], [-48.26891690000002, -23.284786299314234], [-48.268639500000006, -23.285618799314214], [-48.2689178, -23.286485499314214], [-48.26968369999997, -23.286960099314165], [-48.270338200000026, -23.287642999314166], [-48.27087990000001, -23.28816979931414], [-48.271400200000016, -23.28828599931418], [-48.27200979999998, -23.287629999314145], [-48.27259329999998, -23.286950799314177], [-48.27351140000002, -23.286851699314177], [-48.274451399999975, -23.28689209931417], [-48.27530219999999, -23.28648369931421], [-48.276037299999984, -23.285984799314193], [-48.276567, -23.285283999314206], [-48.2770352, -23.28453019931424], [-48.27730980000001, -23.283707999314238], [-48.277416500000015, -23.283548699314238], [-48.27726319999999, -23.28270669931427], [-48.27744100000001, -23.28183309931427], [-48.277722900000015, -23.281000599314343], [-48.27799929999997, -23.280165999314338], [-48.27829289999999, -23.279345899314357], [-48.278880300000026, -23.27867789931435], [-48.279495, -23.27803209931439], [-48.28038729999998, -23.277796499314405], [-48.28052960000002, -23.27696049931438], [-48.279818499999976, -23.276370099314423], [-48.279229999999984, -23.275625399314453], [-48.278711799999996, -23.274899699314442], [-48.277944, -23.274442599314444], [-48.2770658, -23.274121199314493], [-48.27614030000001, -23.274403799314484], [-48.27614139999997, -23.273569499314494], [-48.27608759999999, -23.27202329931451], [-48.2758058, -23.271193299314525], [-48.27552420000001, -23.270361799314546], [-48.27529640000001, -23.26950429931457], [-48.27565229999999, -23.2686255993146], [-48.27614169999998, -23.26791299931463], [-48.2758546, -23.267122899314625], [-48.27531010000001, -23.266464399314653], [-48.274751400000014, -23.26579259931465], [-48.27497119999998, -23.265774799314624], [-48.275843699999996, -23.265528399314658], [-48.27675479999999, -23.265830999314648], [-48.277689699999996, -23.26578069931465], [-48.277925100000004, -23.264981699314696], [-48.27890389999999, -23.264916699314693], [-48.279815799999994, -23.264720899314664], [-48.2806774, -23.26496319931469], [-48.28159520000003, -23.26495559931468], [-48.28234689999999, -23.264478399314658], [-48.283147799999995, -23.26406179931467], [-48.283967700000005, -23.264439699314707], [-48.28483619999997, -23.26467929931469], [-48.285692299999994, -23.264412399314715], [-48.286573499999975, -23.26463489931466], [-48.287488800000006, -23.264584599314663], [-48.28829810000003, -23.264149499314666], [-48.28903969999999, -23.263589499314733], [-48.28944919999998, -23.262840099314722], [-48.289186599999994, -23.262007799314738], [-48.28942489999997, -23.26115709931475], [-48.290051300000016, -23.260510899314763], [-48.29099910000002, -23.260468199314776], [-48.29127699999999, -23.25965399931481], [-48.29118440000002, -23.259513599314797], [-48.29044019999998, -23.258891599314847], [-48.2896834, -23.258349099314795], [-48.2890663, -23.257690799314823], [-48.288724800000004, -23.256916399314875], [-48.28948270000001, -23.256380899314877], [-48.289473799999996, -23.255539899314872], [-48.28953159999998, -23.254523499314914], [-48.289699799999994, -23.253695299314934], [-48.289471400000025, -23.252891299314943], [-48.28948100000002, -23.25182179931499], [-48.2892741, -23.251005199315], [-48.28836949999999, -23.25078679931501], [-48.287457800000034, -23.250497099315027], [-48.28665160000003, -23.250065499315017], [-48.285885699999994, -23.249592399315002], [-48.28557489999997, -23.248724599315047], [-48.2857072, -23.247755899315084], [-48.285741900000005, -23.246928799315064], [-48.285381700000016, -23.246139699315115], [-48.285814000000016, -23.245394199315136], [-48.285819000000004, -23.24451979931511], [-48.28507669999999, -23.244017199315127], [-48.28447360000001, -23.243292499315157], [-48.28420349999999, -23.242494399315184], [-48.284311100000025, -23.24164819931519], [-48.28500029999998, -23.241102099315192], [-48.28517479999999, -23.240281199315255], [-48.28605240000002, -23.239963099315247], [-48.287105499999996, -23.239914899315217], [-48.287755999999995, -23.239291799315247], [-48.28809990000003, -23.238513499315285], [-48.28862190000001, -23.237791099315277], [-48.28920649999998, -23.237048099315295], [-48.2900128, -23.236625499315323], [-48.28946819999998, -23.235938699315355], [-48.28865289999999, -23.23554749931533], [-48.28889420000001, -23.23473669931534], [-48.28942540000003, -23.234003999315398], [-48.289251999999976, -23.23317219931541], [-48.28924849999998, -23.232304299315427], [-48.289471100000014, -23.231497999315412], [-48.28981129999999, -23.23048759931546], [-48.290269500000015, -23.229776499315484], [-48.290587500000015, -23.22898929931551], [-48.291353800000024, -23.228516799315525], [-48.291695800000014, -23.227736899315552], [-48.29195420000002, -23.227582299315507], [-48.2926071, -23.22696749931554], [-48.29354000000001, -23.22689419931555], [-48.29449169999998, -23.227026299315508], [-48.29513420000001, -23.227739499315508], [-48.29589870000001, -23.2272833993155], [-48.29653309999998, -23.226644599315538], [-48.29718439999999, -23.226014499315575], [-48.29765049999998, -23.22526079931558], [-48.29838910000001, -23.224772899315592], [-48.299157200000025, -23.224301999315614], [-48.299474499999974, -23.223520499315626], [-48.2999319, -23.222455199315654], [-48.300969800000026, -23.222193599315673], [-48.301853300000005, -23.221957499315618], [-48.302696500000025, -23.221610899315625], [-48.30333619999998, -23.220978899315657], [-48.30397859999999, -23.2203566993157], [-48.304463199999994, -23.21964739931569], [-48.304805699999974, -23.218684899315747], [-48.30532360000001, -23.217958999315748], [-48.3057061, -23.21720519931578], [-48.3063846, -23.216528499315753], [-48.3070075, -23.21588999931579], [-48.30752100000001, -23.215194499315796], [-48.30781730000002, -23.214361599315836], [-48.30840569999998, -23.21367549931586], [-48.30916580000001, -23.213197999315817], [-48.30982319999998, -23.212518799315863], [-48.31004359999997, -23.211656199315875], [-48.31053029999998, -23.210955399315882], [-48.31085960000002, -23.210128999315913], [-48.31086140000002, -23.209210399315943], [-48.31102620000001, -23.208266399315974], [-48.310931100000005, -23.207403699315957], [-48.310597599999994, -23.206594399315968], [-48.310989000000006, -23.205817299315992], [-48.31132969999999, -23.20501859931605], [-48.310949100000016, -23.20458449931606], [-48.3109015, -23.20375229931608], [-48.310319100000015, -23.203074299316093], [-48.310036500000024, -23.202285399316086], [-48.30960640000001, -23.201382599316105], [-48.3087114, -23.2016002993161], [-48.30780420000002, -23.20190209931609], [-48.30665169999998, -23.202079299316082], [-48.30575729999998, -23.2019195993161], [-48.304724099999994, -23.20164869931613], [-48.30378539999998, -23.20158189931612], [-48.303278999999975, -23.200861799316115], [-48.3028059, -23.200098699316154], [-48.301926700000024, -23.199920899316155], [-48.30105040000001, -23.199678699316152], [-48.30002860000002, -23.199677999316165], [-48.29900420000002, -23.19967569931616], [-48.29815020000001, -23.20001359931613], [-48.2974249, -23.200505099316132], [-48.29628270000001, -23.20083829931611], [-48.2955154, -23.20131769931612], [-48.2948174, -23.200740099316153], [-48.29422740000001, -23.20007109931614], [-48.29371450000002, -23.199332699316173], [-48.29388219999999, -23.198476599316184], [-48.29420140000003, -23.197609699316185], [-48.29419810000002, -23.196764799316213], [-48.29408189999997, -23.195254499316235], [-48.293800799999985, -23.194423899316273], [-48.29304430000002, -23.193950999316318], [-48.29218500000002, -23.1936252993163], [-48.29136440000003, -23.193259899316285], [-48.29057990000001, -23.1928543993163], [-48.290310499999975, -23.192016599316315], [-48.290181700000005, -23.19108929931634], [-48.29014389999997, -23.190260899316367], [-48.29078729999998, -23.1896119993164], [-48.29067809999998, -23.18877619931641], [-48.29037970000002, -23.187947899316406], [-48.28942799999999, -23.187911899316436], [-48.288578400000006, -23.187584299316455], [-48.28816749999999, -23.186834699316464], [-48.287698499999976, -23.186083199316453], [-48.28697340000002, -23.18551459931644], [-48.28697599999998, -23.18444109931652], [-48.2867756, -23.18362199931654], [-48.28720629999999, -23.18287859931652], [-48.28808099999998, -23.182594999316528], [-48.28870230000001, -23.181955099316536], [-48.28974470000003, -23.181617199316577], [-48.29060909999999, -23.181363099316552], [-48.291422899999986, -23.181757199316557], [-48.29262210000002, -23.181903099316553], [-48.29351029999998, -23.18213749931656], [-48.29439289999999, -23.18246409931654], [-48.2952358, -23.18212209931658], [-48.295044099999984, -23.181314299316558], [-48.295296699999994, -23.180475299316605], [-48.295180300000034, -23.17962759931661], [-48.29545999999999, -23.17882689931662], [-48.296224300000006, -23.178362699316622], [-48.29704140000002, -23.177993999316666], [-48.29784669999998, -23.177561699316662], [-48.29865849999999, -23.177196499316647], [-48.29958340000002, -23.17691789931665], [-48.30038059999998, -23.176478799316666], [-48.300862400000035, -23.176070099316696], [-48.301406900000025, -23.176727499316698], [-48.30165310000002, -23.17756539931665], [-48.30243810000002, -23.178016699316636], [-48.30331109999997, -23.177765099316634], [-48.30416869999999, -23.17810429931662], [-48.3049704, -23.17854529931664], [-48.305883600000016, -23.178314799316656], [-48.306788900000015, -23.178291699316624], [-48.30768469999998, -23.178060499316658], [-48.30858749999999, -23.178254199316672], [-48.3095313, -23.17832069931661], [-48.310236599999996, -23.17890639931663], [-48.311136100000006, -23.17912909931663], [-48.3119469, -23.179494999316578], [-48.312863, -23.179711599316633], [-48.313574700000004, -23.18029129931661], [-48.31423530000001, -23.180968899316557], [-48.31447910000003, -23.181873399316533], [-48.314291200000014, -23.18268249931654], [-48.31455829999999, -23.183496799316526], [-48.31475469999998, -23.184324799316503], [-48.314743700000015, -23.185395299316465], [-48.31502690000003, -23.18621819931644], [-48.31594630000001, -23.186150199316447], [-48.31706350000002, -23.186068599316457], [-48.31809149999998, -23.18607579931649], [-48.31818929999997, -23.18607539931646], [-48.31908850000002, -23.185779999316495], [-48.31982049999999, -23.185294199316473], [-48.32046409999999, -23.184656299316465], [-48.3209377, -23.183904399316535], [-48.32062389999999, -23.18311579931652], [-48.320495600000015, -23.182249499316555], [-48.320562800000005, -23.18137979931658], [-48.32033009999998, -23.180543699316576], [-48.32011970000001, -23.17973399931661], [-48.32061570000002, -23.178944899316598], [-48.320918199999994, -23.178136199316626], [-48.32154220000001, -23.177475299316686], [-48.321403999999966, -23.17664469931667], [-48.32051059999998, -23.17641009931669], [-48.32001589999999, -23.17554999931669], [-48.319499800000024, -23.17486159931671], [-48.3194661, -23.174021099316736], [-48.31903870000002, -23.17327069931675], [-48.31829110000001, -23.172796199316764], [-48.31781059999997, -23.172090399316787], [-48.31776769999999, -23.171248899316822], [-48.31752779999999, -23.170266999316848], [-48.31727919999997, -23.16943869931685], [-48.31724509999998, -23.168589799316873], [-48.3163682, -23.168256099316867], [-48.315454400000014, -23.167962899316887], [-48.315497300000004, -23.1671161993169], [-48.31557980000002, -23.166165599316916], [-48.31530429999997, -23.165340899316927], [-48.31562059999999, -23.164496099316963], [-48.315349000000026, -23.163684799316968], [-48.315586199999984, -23.162762599317006], [-48.31556440000002, -23.161871799316984], [-48.31531180000002, -23.161036799317017], [-48.31510250000002, -23.160175499317035], [-48.314262299999996, -23.159867399317047], [-48.313668899999975, -23.15922989931709], [-48.31364020000001, -23.158281499317084], [-48.31348120000001, -23.157437099317097], [-48.31336820000001, -23.155711699317138], [-48.3131583, -23.154897599317195], [-48.312495899999995, -23.154222599317208], [-48.31181409999999, -23.153548499317207], [-48.311697400000014, -23.152691399317202], [-48.311274000000026, -23.151946099317215], [-48.31036169999999, -23.151656899317224], [-48.30940349999997, -23.151328899317257], [-48.30859670000001, -23.150897799317264], [-48.30783509999998, -23.150421399317313], [-48.307266200000015, -23.149765999317292], [-48.30725119999999, -23.1496810993173], [-48.30742809999998, -23.148821599317326], [-48.30788089999998, -23.148076199317313], [-48.308749499999976, -23.147660699317353], [-48.30891789999998, -23.147458899317346], [-48.30950439999998, -23.146720699317363], [-48.31018260000002, -23.146043699317385], [-48.31067009999999, -23.145307899317366], [-48.31142620000003, -23.1448268993174], [-48.31218139999999, -23.144345099317427], [-48.313060199999995, -23.14410519931743], [-48.3137797, -23.143567899317418], [-48.314563299999975, -23.14307869931744], [-48.31545770000002, -23.143207099317426], [-48.31639039999999, -23.143030399317432], [-48.317426599999976, -23.143306999317446], [-48.31833069999999, -23.143414299317453], [-48.31924370000002, -23.14354129931742], [-48.32021409999999, -23.143292899317437], [-48.32111950000001, -23.143274999317462], [-48.3220341, -23.142987699317437], [-48.32274039999999, -23.142403499317467], [-48.32339489999998, -23.141721999317486], [-48.32402930000001, -23.141085599317485], [-48.32479110000003, -23.140616999317526], [-48.32570809999999, -23.14046289931749], [-48.326439300000004, -23.139976599317524], [-48.32734019999998, -23.139955699317486], [-48.32812289999998, -23.139504499317503], [-48.328752000000016, -23.138863699317533], [-48.3294952, -23.13831019931752], [-48.330401600000016, -23.138093199317556], [-48.33103, -23.13744409931756], [-48.331136500000014, -23.136470799317568], [-48.331420200000025, -23.13565509931762], [-48.33223220000002, -23.13528999931761], [-48.332771099999995, -23.13458169931765], [-48.33350660000002, -23.134077699317626], [-48.33412270000002, -23.13343439931766], [-48.333949200000006, -23.132616099317683], [-48.33471780000003, -23.132160899317658], [-48.3355459, -23.131800799317705], [-48.33642450000002, -23.13148309931773], [-48.33645949999999, -23.130685399317727], [-48.33571899999998, -23.13019089931775], [-48.335031800000024, -23.12965389931774], [-48.33519369999999, -23.128816699317788], [-48.33530739999998, -23.127786999317802], [-48.335567000000026, -23.1269356993178], [-48.33547399999998, -23.126103999317824], [-48.33507320000001, -23.125351599317828], [-48.33557300000002, -23.12463759931789], [-48.33558470000002, -23.124403199317875], [-48.3363152, -23.123819899317876], [-48.33693679999999, -23.123191399317882], [-48.33780869999998, -23.122707499317897], [-48.338727500000005, -23.122693899317916], [-48.33950729999998, -23.122281099317924], [-48.34002049999998, -23.121593099317913], [-48.3403204, -23.12073389931795], [-48.34079489999999, -23.11990249931799], [-48.341599200000026, -23.11938049931796], [-48.341984000000025, -23.118485799317973], [-48.342501500000026, -23.117751299318023], [-48.343188699999985, -23.117209699318014], [-48.343815099999965, -23.116597499318065], [-48.344573000000025, -23.116094799318038], [-48.345313499999975, -23.11553189931808], [-48.346254699999974, -23.115512199318086], [-48.346357399999995, -23.1155056993181], [-48.346994100000025, -23.11472329931806], [-48.34725359999999, -23.113894999318116], [-48.34795250000002, -23.113343799318116], [-48.34881769999999, -23.112988499318103], [-48.349664399999995, -23.112663899318107], [-48.350058199999985, -23.111876799318146], [-48.350640300000016, -23.111185599318173], [-48.3510705, -23.110456099318206], [-48.351698899999974, -23.109822399318183], [-48.35259810000002, -23.1096492993182], [-48.3530879, -23.10894749931821], [-48.35370390000003, -23.108344999318213], [-48.354512, -23.10783779931828], [-48.35537590000001, -23.10746979931824], [-48.35615180000002, -23.10705159931824], [-48.35690479999999, -23.10656789931829], [-48.35761450000001, -23.106041399318265], [-48.35838879999999, -23.10560189931831], [-48.359268499999985, -23.105273299318323], [-48.360037299999995, -23.104784399318348], [-48.36066720000002, -23.104194099318295], [-48.36150459999999, -23.10382039931835], [-48.36195249999997, -23.103047099318385], [-48.362056499999994, -23.102538899318372], [-48.362528899999965, -23.101797399318393], [-48.36253160000001, -23.100726799318416], [-48.362528199999986, -23.09952279931843], [-48.36252500000001, -23.098136899318455], [-48.36276800000002, -23.0972799993185], [-48.36281550000002, -23.096442299318472], [-48.3630991, -23.09555009931855], [-48.363367600000004, -23.09471639931852], [-48.363114300000014, -23.093874999318583], [-48.362781600000005, -23.09310479931857], [-48.362014699999975, -23.092632699318617], [-48.36124649999999, -23.092149999318607], [-48.360878699999994, -23.09138859931863], [-48.36087600000002, -23.090539899318653], [-48.36103919999999, -23.08971159931864], [-48.36054789999997, -23.088944199318682], [-48.3603847, -23.088086999318655], [-48.360313399999995, -23.087150799318728], [-48.36010540000001, -23.08628429931872], [-48.35930380000002, -23.085819999318744], [-48.35919580000001, -23.08579189931875], [-48.35947950000002, -23.084921299318783], [-48.359206099999994, -23.084098199318806], [-48.35921560000003, -23.083253799318822], [-48.35947950000001, -23.082432299318825], [-48.359236399999986, -23.081623199318866], [-48.35918370000002, -23.080737999318846], [-48.35960510000001, -23.080001999318863], [-48.3603397, -23.079499799318892], [-48.36109809999999, -23.079020599318874], [-48.36158769999997, -23.078259699318906], [-48.36183599999998, -23.07745969931895], [-48.36261170000001, -23.076971799318972], [-48.36357659999999, -23.076618399318928], [-48.36436179999998, -23.076034299318973], [-48.36484130000002, -23.075311199318968], [-48.365757900000006, -23.075149199318982], [-48.36607579999998, -23.074349299318992], [-48.36652800000002, -23.073603399319047], [-48.366939399999985, -23.07284649931907], [-48.367422799999986, -23.072146099319045], [-48.36751140000001, -23.071314899319074], [-48.367243799999976, -23.070387199319132], [-48.36730189999997, -23.069522299319132], [-48.36782470000003, -23.068791899319137], [-48.36826239999999, -23.06798149931912], [-48.36807260000001, -23.06712589931918], [-48.36777729999999, -23.066315499319163], [-48.3675394, -23.065477799319204], [-48.36841980000002, -23.06519639931921], [-48.36932619999999, -23.064905199319217], [-48.370228300000015, -23.064668599319223], [-48.371058500000004, -23.064334599319235], [-48.37166589999998, -23.063667199319248], [-48.37189219999999, -23.06283269931928], [-48.371977000000015, -23.061868599319318], [-48.371683899999994, -23.06101129931933], [-48.37125759999998, -23.06019579931931], [-48.371136499999984, -23.05991509931934], [-48.37018089999998, -23.059670899319357], [-48.36925710000003, -23.05992849931934], [-48.36831710000001, -23.05978709931933], [-48.36743480000001, -23.059609599319334], [-48.36651380000001, -23.059385699319353], [-48.36605730000002, -23.058638899319373], [-48.36575740000001, -23.057823799319383], [-48.364926000000025, -23.057486599319393], [-48.36429800000002, -23.0568754993194], [-48.36367560000002, -23.0562474993194], [-48.36294400000003, -23.055731599319436], [-48.36203740000003, -23.055837199319413], [-48.36158469999998, -23.05659009931941], [-48.36077879999999, -23.057210299319404], [-48.359989600000006, -23.057635999319388], [-48.35913179999999, -23.05800199931937], [-48.358268699999996, -23.05774899931939], [-48.355924200000004, -23.05773519931941], [-48.35498819999999, -23.057907399319355], [-48.35446259999998, -23.057143399319365], [-48.35447349999998, -23.056069599319414], [-48.3552406, -23.05554789931946], [-48.35619109999999, -23.055348199319454], [-48.356723999999986, -23.05465379931944], [-48.35708340000002, -23.053881099319497], [-48.3573351, -23.053083899319475], [-48.35761000000002, -23.05224819931951], [-48.35811660000001, -23.051443499319532], [-48.35858780000001, -23.050674799319573], [-48.358648500000015, -23.049844999319575], [-48.35887489999999, -23.049018099319596], [-48.35866920000001, -23.048196799319626], [-48.35895490000002, -23.04735089931965], [-48.35918370000002, -23.046514999319644], [-48.35995120000001, -23.04605819931966], [-48.360690799999986, -23.045544599319694], [-48.36140039999998, -23.045013299319674], [-48.361922100000015, -23.04428429931971], [-48.3619741, -23.04341849931969], [-48.362188899999985, -23.04261019931975], [-48.362313099999994, -23.041750699319778], [-48.36320740000002, -23.04156719931973], [-48.36423070000001, -23.041347399319772], [-48.36500449999999, -23.040907399319753], [-48.365495700000004, -23.040177999319813], [-48.364960800000006, -23.03946349931982], [-48.364745700000014, -23.03860029931981], [-48.364500899999996, -23.03778779931983], [-48.364999599999976, -23.037085399319885], [-48.36528390000001, -23.03625069931985], [-48.364779699999985, -23.035523599319873], [-48.36401999999998, -23.03492609931991], [-48.36417540000003, -23.0340954993199], [-48.3643697, -23.033256999319928], [-48.36431379999999, -23.032423399319985], [-48.36428740000002, -23.032387699319987], [-48.363992199999984, -23.03156349931999], [-48.36326029999998, -23.03107349931998], [-48.36308459999998, -23.031069499319997], [-48.36308860000002, -23.029784099319993], [-48.36280679999999, -23.029125099320034], [-48.36279080000003, -23.028249499320076], [-48.36242310000001, -23.027488699320067], [-48.3619415, -23.02671809932007], [-48.36121559999998, -23.026205099320137], [-48.36147149999999, -23.02536189932013], [-48.361967400000026, -23.02465539932011], [-48.36195559999999, -23.023806399320172], [-48.361451199999976, -23.0231215993202], [-48.36189999999999, -23.02240099932019], [-48.36269729999997, -23.021869199320232], [-48.36311230000001, -23.02101479932021], [-48.36316640000001, -23.02017679932024], [-48.3623187, -23.01967099932027], [-48.361589200000026, -23.019155899320257], [-48.36093340000002, -23.01857959932029], [-48.360604799999976, -23.017788699320292], [-48.36006070000003, -23.017084599320285], [-48.35948910000002, -23.016386499320344], [-48.3594688, -23.015273399320368], [-48.35946419999999, -23.014440199320394], [-48.3600998, -23.01380609932041], [-48.3601051, -23.01295979932038], [-48.35964059999998, -23.012215299320413], [-48.35939289999998, -23.01141439932042], [-48.35891140000001, -23.010658099320462], [-48.358163699999984, -23.01017009932045], [-48.358047399999975, -23.0093040993205], [-48.35762519999997, -23.00854709932049], [-48.35724959999999, -23.007686899320532], [-48.357220600000005, -23.00680199932054], [-48.35662980000001, -23.00612429932057], [-48.35596850000002, -23.005483199320594], [-48.35507639999997, -23.005137799320583], [-48.35442699999999, -23.004504999320595], [-48.354459099999985, -23.003674299320625], [-48.35442979999999, -23.00283709932066], [-48.35447610000001, -23.001994199320677], [-48.35524479999998, -23.001491699320642], [-48.3552646, -23.00063309932071], [-48.35451610000001, -23.000131499320705], [-48.35419280000003, -22.999293999320738], [-48.35355700000002, -22.998539299320736], [-48.35278940000001, -22.99795879932074], [-48.3519091, -22.99770049932076], [-48.351051400000024, -22.997155099320754], [-48.35037590000002, -22.996567199320797], [-48.349664099999984, -22.996042699320768], [-48.3489821, -22.99546019932083], [-48.348506300000004, -22.994749499320843], [-48.34836209999997, -22.994680599320805], [-48.348362099999974, -22.99218059932086], [-48.34863990000002, -22.991347199320902], [-48.34920870000002, -22.990550199320893], [-48.3494786, -22.98949979932092], [-48.3499946, -22.98875999932098], [-48.35030660000001, -22.98856939932099], [-48.351045399999975, -22.989104699320933], [-48.351950999999985, -22.98940549932092], [-48.35302159999998, -22.98940199932093], [-48.35397230000001, -22.98929069932097], [-48.35450270000001, -22.989983299320947], [-48.35506229999999, -22.990636499320914], [-48.3560278, -22.990516699320924], [-48.357083199999984, -22.9905112993209], [-48.357844899999975, -22.990967799320945], [-48.3584621, -22.991599599320867], [-48.3591677, -22.992165799320897], [-48.360524399999974, -22.992180299320857], [-48.361243100000024, -22.992707999320867], [-48.36194490000003, -22.99325979932083], [-48.36212280000001, -22.994073399320833], [-48.36302210000002, -22.994128199320816], [-48.363954299999996, -22.994405499320862], [-48.36420909999998, -22.9952076993208], [-48.36498260000002, -22.9956339993208], [-48.3658729, -22.99538959932082], [-48.36663190000001, -22.994905499320847], [-48.36708409999999, -22.994159399320832], [-48.367489999999975, -22.99339799932087], [-48.36809169999998, -22.992758299320865], [-48.368920100000025, -22.992361799320904], [-48.368643299999974, -22.991524399320898], [-48.36888329999999, -22.99069549932093], [-48.36920500000002, -22.98985159932095], [-48.36942690000001, -22.98901159932098], [-48.36949989999999, -22.98811069932096], [-48.370016899999996, -22.98742339932101], [-48.37040619999999, -22.986650099321032], [-48.37092749999999, -22.985973199321016], [-48.37189369999998, -22.985796799321033], [-48.37233880000002, -22.985031299321047], [-48.37261380000001, -22.984195699321056], [-48.37282040000002, -22.983320899321114], [-48.37331449999999, -22.982613599321077], [-48.37314739999999, -22.98178249932113], [-48.373084199999994, -22.980873699321165], [-48.372879599999976, -22.98005499932116], [-48.373377800000014, -22.979164599321177], [-48.37364370000001, -22.97832419932117], [-48.37364630000002, -22.977423699321186], [-48.37364059999999, -22.97727499932125], [-48.37315749999999, -22.97651489932122], [-48.37332040000001, -22.975675099321254], [-48.37330739999999, -22.974801799321305], [-48.37308280000002, -22.973944599321282], [-48.3735547, -22.97322019932133], [-48.37394419999998, -22.972400099321355], [-48.37371460000003, -22.971568699321338], [-48.37311829999999, -22.970893199321345], [-48.37300169999998, -22.970027299321423], [-48.37272569999999, -22.96919239932141], [-48.37252890000001, -22.968291499321452], [-48.37324660000002, -22.96773219932144], [-48.37502890000002, -22.96773599932145], [-48.37591259999999, -22.967954799321404], [-48.37673940000002, -22.96830109932144], [-48.377467599999996, -22.967686299321464], [-48.37825140000001, -22.96714589932144], [-48.378710399999996, -22.966405799321493], [-48.379211000000005, -22.965551899321476], [-48.37948110000002, -22.96471219932151], [-48.37999669999999, -22.96402849932152], [-48.3807592, -22.963541199321543], [-48.381504500000005, -22.962986699321537], [-48.38217700000001, -22.962414599321555], [-48.38252890000001, -22.962180399321596], [-48.3834104, -22.962349899321563], [-48.38403080000001, -22.962988399321524], [-48.384943299999975, -22.96295199932152], [-48.38561859999999, -22.96234819932157], [-48.3863303, -22.961829599321565], [-48.38680690000001, -22.961104199321625], [-48.38755040000001, -22.960601099321625], [-48.3885075, -22.960230599321598], [-48.389468799999975, -22.960219499321603], [-48.39037780000001, -22.96025229932159], [-48.39121720000002, -22.96055869932158], [-48.392110600000024, -22.960288899321636], [-48.3928727, -22.960786399321613], [-48.39360210000001, -22.960280499321627], [-48.39436619999997, -22.960822999321604], [-48.39463949999998, -22.961659999321572], [-48.39509190000001, -22.962405599321574], [-48.39579279999998, -22.962982599321517], [-48.396739500000024, -22.963185499321558], [-48.3976624, -22.96334129932156], [-48.39840559999999, -22.96402509932155], [-48.399299799999994, -22.96385789932153], [-48.4001659, -22.96361749932153], [-48.4010672, -22.963602099321548], [-48.4019816, -22.96381929932155], [-48.40287810000001, -22.964075899321543], [-48.40381359999997, -22.964046299321534], [-48.4043259, -22.963334299321538], [-48.40519219999999, -22.963019399321556], [-48.406095100000016, -22.962906599321553], [-48.40702870000001, -22.962735599321526], [-48.40800059999999, -22.962730699321572], [-48.40881489999998, -22.96215199932157], [-48.408921899999996, -22.961194499321575], [-48.4089851, -22.960618399321593], [-48.40886990000001, -22.959797199321656], [-48.40864019999998, -22.958846999321633], [-48.40899489999999, -22.95807779932168], [-48.40966229999998, -22.95748309932167], [-48.41049049999998, -22.957101699321704], [-48.410846100000015, -22.9563416993217], [-48.411701400000034, -22.95660979932172], [-48.412601100000025, -22.956315699321713], [-48.41336150000001, -22.955813899321722], [-48.41416980000003, -22.95542249932172], [-48.41473029999997, -22.954718299321765], [-48.41485920000002, -22.95387899932173], [-48.4155063, -22.953244299321767], [-48.41586239999998, -22.9530135993218], [-48.41621830000002, -22.953781799321764], [-48.416721499999994, -22.954589499321738], [-48.41733540000002, -22.95523209932172], [-48.41838549999999, -22.955234999321753], [-48.41928439999999, -22.955160199321757], [-48.42117080000003, -22.955240299321744], [-48.42206879999998, -22.95503749932173], [-48.42300260000002, -22.954889499321716], [-48.42364140000001, -22.95424259932174], [-48.42369350000001, -22.953408899321772], [-48.42429750000002, -22.952762699321774], [-48.42491949999999, -22.952146699321812], [-48.42528549999997, -22.9513794993218], [-48.42556930000001, -22.95057019932185], [-48.42586690000002, -22.949782699321872], [-48.42640139999997, -22.949110799321907], [-48.427290700000015, -22.949300199321833], [-48.428222600000026, -22.94944789932186], [-48.428727200000026, -22.95016439932185], [-48.42893729999997, -22.951010399321795], [-48.42924579999999, -22.951788999321828], [-48.42967900000002, -22.952518299321806], [-48.430517399999985, -22.95302339932178], [-48.43124690000002, -22.953538199321798], [-48.43186029999998, -22.95416129932177], [-48.432337700000005, -22.95488669932171], [-48.43311820000003, -22.955425499321713], [-48.434057800000005, -22.95546459932175], [-48.43505499999998, -22.955520299321712], [-48.435629000000006, -22.956063999321746], [-48.43643500000002, -22.955556399321697], [-48.436937500000006, -22.954858499321734], [-48.43757149999999, -22.954229099321772], [-48.43843750000003, -22.953858299321734], [-48.43889519999999, -22.953113699321786], [-48.4385747, -22.952302999321766], [-48.438861599999996, -22.951510899321832], [-48.439195700000035, -22.950685999321852], [-48.43875919999999, -22.949918799321832], [-48.438147500000014, -22.949277099321886], [-48.438084999999994, -22.948063499321886], [-48.43894790000002, -22.94776199932191], [-48.43979230000003, -22.94818559932188], [-48.440718100000026, -22.948340399321896], [-48.441485500000006, -22.948790699321897], [-48.441973599999976, -22.949541499321867], [-48.44321330000003, -22.94968039932183], [-48.44409990000003, -22.949990999321873], [-48.445112800000004, -22.94965419932186], [-48.4460006, -22.94935219932189], [-48.4466266, -22.94875299932189], [-48.44612540000003, -22.94796009932188], [-48.4456925, -22.94714839932193], [-48.44556490000002, -22.946307899321962], [-48.44498549999997, -22.945619499321968], [-48.44432540000003, -22.94501549932198], [-48.443604300000004, -22.944501899321946], [-48.443069700000024, -22.943789999321968], [-48.44239540000001, -22.94323739932199], [-48.442111899999986, -22.942438899322035], [-48.4421749, -22.94156029932203], [-48.44252319999998, -22.940765999322057], [-48.4425119, -22.93991809932209], [-48.44213680000001, -22.93915799932212], [-48.44197259999999, -22.938316599322118], [-48.4427359, -22.93772319932212], [-48.44357669999999, -22.93733539932213], [-48.44409150000002, -22.93659539932214], [-48.4444737, -22.93606899932215], [-48.445196899999985, -22.93666419932215], [-48.44605960000001, -22.936900899322158], [-48.44688780000002, -22.936554599322182], [-48.4476173, -22.936043199322153], [-48.44829379999999, -22.935456099322195], [-48.448920499999986, -22.934820299322208], [-48.4498643, -22.934664899322172], [-48.45076440000002, -22.93449629932218], [-48.45166180000002, -22.93430919932219], [-48.452591600000005, -22.934087699322237], [-48.45348899999999, -22.933845299322194], [-48.454118100000024, -22.933226199322217], [-48.454404099999984, -22.93239959932225], [-48.45506080000001, -22.931714599322284], [-48.45585499999998, -22.931313699322256], [-48.456786299999976, -22.93164709932229], [-48.457462599999985, -22.932235699322234], [-48.458254899999986, -22.932707199322234], [-48.45850330000001, -22.933527299322204], [-48.45969739999998, -22.933577399322218], [-48.4606316, -22.93340019932222], [-48.46150419999998, -22.933085199322228], [-48.46249519999997, -22.933009999322266], [-48.46367429999998, -22.93301639932222], [-48.46460309999998, -22.93296269932226], [-48.46553510000001, -22.93273569932227], [-48.466025699999996, -22.932801899322254], [-48.46686729999999, -22.93242879932227], [-48.46722540000002, -22.931628099322282], [-48.466974799999996, -22.93081789932231], [-48.46697089999997, -22.929887199322305], [-48.46715390000003, -22.929068299322317], [-48.466972800000015, -22.928169599322334], [-48.46697660000001, -22.926950699322404], [-48.46671409999999, -22.92615129932241], [-48.46721889999998, -22.925416699322437], [-48.4678399, -22.924776799322444], [-48.468464600000004, -22.924151599322464], [-48.46909030000001, -22.92353859932244], [-48.469954400000006, -22.923281999322434], [-48.47032789999998, -22.922493699322505], [-48.4705912, -22.921654999322495], [-48.47122589999998, -22.92104079932252], [-48.47189479999997, -22.920447399322533], [-48.47201489999998, -22.91958439932256], [-48.47225830000002, -22.918524399322607], [-48.472334, -22.917673299322583], [-48.4719738, -22.917179999322578], [-48.472890000000014, -22.917159999322635], [-48.47341910000001, -22.91646319932262], [-48.474016800000015, -22.915815399322625], [-48.4747923, -22.91533889932264], [-48.475671999999975, -22.915030399322628], [-48.47650299999999, -22.91465139932268], [-48.477374999999995, -22.914398099322696], [-48.478163800000004, -22.913910899322687], [-48.47835250000003, -22.913598199322717], [-48.47835739999999, -22.912761099322722], [-48.47800719999998, -22.91196749932273], [-48.47725500000002, -22.91148259932273], [-48.476965800000016, -22.91068349932275], [-48.47653420000001, -22.909928399322787], [-48.47706099999999, -22.909198299322796], [-48.477241100000015, -22.90832209932282], [-48.477082199999984, -22.907488799322838], [-48.477091099999996, -22.906651699322843], [-48.477255000000014, -22.905695399322877], [-48.477700500000026, -22.904945999322873], [-48.4780849, -22.903846599322915], [-48.478992500000004, -22.90409909932289], [-48.4797547, -22.90358999932292], [-48.48062900000002, -22.903394599322933], [-48.4815198, -22.903238299322908], [-48.4824165, -22.90360239932292], [-48.482888399999986, -22.90433319932289], [-48.4838039, -22.904130499322896], [-48.4847092, -22.904230099322902], [-48.48564779999998, -22.904371299322875], [-48.48655739999998, -22.9041205993229], [-48.48746920000002, -22.9043736993229], [-48.48839650000002, -22.904226799322895], [-48.48901879999999, -22.90359489932289], [-48.489757699999984, -22.903028799322936], [-48.49071379999998, -22.903015399322943], [-48.49160089999998, -22.902713999322934], [-48.492221700000016, -22.902085499322943], [-48.492786799999976, -22.901379599322947], [-48.49286549999999, -22.900922099322976], [-48.493361600000014, -22.900197799322992], [-48.492816600000026, -22.899535999323017], [-48.492523199999994, -22.89874079932301], [-48.49223979999999, -22.897953699323065], [-48.4916596, -22.89727979932303], [-48.49141470000001, -22.896378899323075], [-48.49116129999998, -22.895551399323082], [-48.49114049999997, -22.89467989932315], [-48.492040900000006, -22.894646599323103], [-48.49295499999999, -22.894402899323115], [-48.49387810000002, -22.894294199323117], [-48.49482360000001, -22.894161999323117], [-48.49558910000002, -22.893673599323147], [-48.49512320000002, -22.892954699323173], [-48.4958067, -22.89234469932319], [-48.49631410000001, -22.891589499323207], [-48.496259099999975, -22.890735199323213], [-48.49614059999999, -22.890235399323213], [-48.49681559999999, -22.88968189932326], [-48.49774039999999, -22.889424999323257], [-48.49870390000001, -22.889433599323254], [-48.499592800000016, -22.889675099323206], [-48.50046609999998, -22.889406999323253], [-48.5013581, -22.889649199323244], [-48.50228709999999, -22.889691499323266], [-48.502816199999984, -22.889005899323216], [-48.50286169999998, -22.888134499323254], [-48.50314159999999, -22.887302899323306], [-48.50342060000003, -22.88647049932329], [-48.50364550000001, -22.885609899323352], [-48.50412099999999, -22.88489489932335], [-48.50483409999998, -22.88437139932337], [-48.505743100000025, -22.88418189932335], [-48.506216300000006, -22.88489719932336], [-48.50683270000002, -22.885501999323306], [-48.507739000000015, -22.885562799323328], [-48.50859809999998, -22.885895799323333], [-48.50937499999998, -22.886384299323282], [-48.51028029999998, -22.886191799323324], [-48.510578699999996, -22.885341499323314], [-48.51086670000001, -22.884544099323378], [-48.5116175, -22.88405859932336], [-48.51173030000001, -22.883189699323385], [-48.51225049999999, -22.882502099323403], [-48.513163599999984, -22.88243399932338], [-48.513851999999986, -22.881846599323435], [-48.51464379999999, -22.881314299323407], [-48.515549299999975, -22.881066599323436], [-48.5164489, -22.881075499323444], [-48.5169894, -22.880203399323484], [-48.5172518, -22.879679799323487], [-48.51801430000001, -22.880201699323436], [-48.51900640000002, -22.880539299323445], [-48.51979130000001, -22.88097089932345], [-48.520697600000005, -22.881070799323403], [-48.52156289999999, -22.88074679932344], [-48.52234179999999, -22.880310499323457], [-48.523199900000016, -22.879986599323463], [-48.524119299999995, -22.880020799323468], [-48.524229100000014, -22.880893599323407], [-48.524681199999975, -22.881692199323393], [-48.52554739999999, -22.881794699323414], [-48.52628279999998, -22.881300399323408], [-48.52693790000001, -22.880691299323466], [-48.52792840000001, -22.880229299323446], [-48.528715499999976, -22.87974219932347], [-48.5290043, -22.878918099323503], [-48.52928220000001, -22.878084799323513], [-48.5294758, -22.877137199323506], [-48.52977099999998, -22.876289099323547], [-48.53002040000001, -22.87547959932356], [-48.5295218, -22.87478349932356], [-48.53000919999999, -22.87408189932361], [-48.5306979, -22.87351069932361], [-48.531631300000015, -22.87353819932358], [-48.53259759999997, -22.87354439932362], [-48.533260600000006, -22.87298589932362], [-48.5339866, -22.87246799932365], [-48.534745900000026, -22.871947499323618], [-48.53549529999998, -22.87145479932364], [-48.53641540000001, -22.871489699323636], [-48.53704329999999, -22.870848999323684], [-48.53756490000001, -22.870056399323698], [-48.53781559999999, -22.869223499323677], [-48.53828620000001, -22.86846099932374], [-48.539172599999965, -22.868301199323746], [-48.540064700000016, -22.868113799323737], [-48.54068469999999, -22.867482699323727], [-48.541550900000004, -22.867127799323747], [-48.5423257, -22.866685799323797], [-48.54258149999998, -22.866437199323773], [-48.542811700000016, -22.86547269932379], [-48.54307240000003, -22.86464359932383], [-48.54335359999999, -22.86381069932381], [-48.543356399999986, -22.862840399323826], [-48.54313789999998, -22.862014899323878], [-48.543553499999966, -22.86127479932388], [-48.5441927, -22.860643499323878], [-48.54452329999998, -22.8598610993239], [-48.543846299999984, -22.85922479932393], [-48.54364989999999, -22.85791989932398], [-48.5435923, -22.85729139932398], [-48.542950099999985, -22.85667059932397], [-48.542213300000014, -22.85617019932402], [-48.541699300000005, -22.855485299324013], [-48.54169630000001, -22.854124099324032], [-48.54222609999999, -22.853404999324074], [-48.54252930000001, -22.852560899324097], [-48.54205910000002, -22.851832599324123], [-48.54196999999999, -22.85088199932414], [-48.54139340000001, -22.850222999324178], [-48.54089729999999, -22.849499499324143], [-48.540622699999965, -22.848675999324186], [-48.5400975, -22.847953299324175], [-48.53955910000002, -22.847273699324226], [-48.538925800000015, -22.8466447993242], [-48.53804880000001, -22.846343799324224], [-48.537798000000016, -22.845513299324242], [-48.53868720000003, -22.845247599324242], [-48.53944680000001, -22.844788499324252], [-48.539477799999986, -22.84393719932431], [-48.54011200000002, -22.843260199324277], [-48.54089579999999, -22.842832099324312], [-48.54134800000003, -22.842077299324355], [-48.54141850000002, -22.84162409932432], [-48.5423399, -22.841356599324325], [-48.543395700000026, -22.84135259932434], [-48.543959599999994, -22.84069879932435], [-48.54453380000001, -22.84000719932438], [-48.5453718, -22.83967529932439], [-48.54636599999998, -22.839684399324405], [-48.547264299999995, -22.839541199324366], [-48.547258, -22.838712699324383], [-48.54638920000002, -22.83838539932441], [-48.545759600000004, -22.83776349932442], [-48.5451281, -22.837154699324426], [-48.544469400000025, -22.83652739932447], [-48.54469249999999, -22.835675599324478], [-48.54502580000002, -22.83484899932451], [-48.54502489999999, -22.833698699324533], [-48.545338000000015, -22.832830199324526], [-48.54559369999998, -22.831903999324567], [-48.54597960000001, -22.831116499324587], [-48.54688470000002, -22.831318899324557], [-48.547776699999986, -22.831628699324572], [-48.548686599999996, -22.831455199324566], [-48.54960790000001, -22.831292699324578], [-48.55048119999998, -22.831046699324588], [-48.55122890000001, -22.83058749932457], [-48.5521109, -22.830283099324575], [-48.553022899999974, -22.82995169932459], [-48.5535898, -22.829283499324593], [-48.5538593, -22.828443199324617], [-48.554279500000014, -22.827705199324683], [-48.554478200000005, -22.82686129932469], [-48.554766099999995, -22.82601089932472], [-48.55503329999999, -22.82515169932471], [-48.5555167, -22.82443159932476], [-48.556415000000015, -22.824384299324763], [-48.55716960000001, -22.823876699324774], [-48.55788510000002, -22.823351899324724], [-48.557998199999986, -22.82248549932481], [-48.55779639999997, -22.821526699324792], [-48.558043399999974, -22.82068629932479], [-48.55877370000002, -22.820180099324837], [-48.559804499999984, -22.81994939932482], [-48.56077320000003, -22.819965799324812], [-48.56170229999998, -22.82026139932481], [-48.562620100000004, -22.820318799324813], [-48.563408100000004, -22.819781099324835], [-48.56340080000002, -22.81894649932484], [-48.56343909999999, -22.8180807993249], [-48.5638609, -22.81733359932488], [-48.56416359999998, -22.816527199324906], [-48.56464720000002, -22.81576119932493], [-48.564758200000036, -22.81484559932497], [-48.565022399999975, -22.81401689932499], [-48.56503650000002, -22.813119499325023], [-48.56530800000001, -22.81229689932499], [-48.565307399999995, -22.811346199325033], [-48.56635679999999, -22.811063099325054], [-48.56721679999998, -22.810691799325024], [-48.56752940000001, -22.80983069932509], [-48.56758619999999, -22.8089690993251], [-48.56876890000001, -22.808847699325096], [-48.56961630000001, -22.808571099325096], [-48.569858099999976, -22.80776569932512], [-48.57051569999999, -22.807167699325102], [-48.57111370000002, -22.806531499325143], [-48.571596, -22.80575979932514], [-48.57149579999997, -22.804848799325182], [-48.57226209999999, -22.804392399325177], [-48.57284390000001, -22.80373759932519], [-48.57343500000001, -22.803072899325247], [-48.57391630000001, -22.802354299325227], [-48.57392090000002, -22.80197639932525], [-48.574000500000004, -22.80113659932527], [-48.5742156, -22.80026549932531], [-48.57446520000002, -22.799436999325316], [-48.573925900000006, -22.798748699325305], [-48.57369610000001, -22.797893799325333], [-48.57360510000001, -22.79702459932534], [-48.57392229999999, -22.796096699325403], [-48.57461970000002, -22.795503799325406], [-48.575525500000026, -22.795512899325402], [-48.57520290000002, -22.79470869932543], [-48.57443740000003, -22.79422399932541], [-48.5735583, -22.79386149932543], [-48.57269650000001, -22.79360289932543], [-48.5722389, -22.79277109932544], [-48.57175790000002, -22.792058499325467], [-48.570986500000004, -22.791554399325495], [-48.571345399999984, -22.79078299932549], [-48.572078499999975, -22.790264199325545], [-48.57283660000002, -22.78977239932554], [-48.573510899999974, -22.78917439932552], [-48.57363299999997, -22.78832949932554], [-48.57345350000003, -22.787483099325556], [-48.57364080000002, -22.78717939932561], [-48.57462889999999, -22.786632799325606], [-48.5755527, -22.786527199325633], [-48.57588049999998, -22.785754699325604], [-48.576581799999985, -22.78523699932563], [-48.57752210000001, -22.785216399325666], [-48.57827809999998, -22.784707899325642], [-48.57900860000001, -22.78419869932565], [-48.57989770000001, -22.78389019932564], [-48.5808571, -22.783858199325667], [-48.58181710000002, -22.78384909932567], [-48.58270349999998, -22.783538099325657], [-48.58344119999998, -22.783017099325683], [-48.58434199999999, -22.78323759932569], [-48.584790999999996, -22.782492899325725], [-48.5857082, -22.781897199325712], [-48.586701000000005, -22.78160439932571], [-48.5876088, -22.781319199325708], [-48.5880927, -22.780562699325763], [-48.58818359999998, -22.779702799325754], [-48.589108599999975, -22.779403399325744], [-48.589845000000025, -22.779879399325786], [-48.59055630000001, -22.78039899932574], [-48.5908928, -22.781179199325724], [-48.59166140000002, -22.780695899325753], [-48.592170599999974, -22.779988699325745], [-48.59287999999998, -22.779461299325753], [-48.59317759999999, -22.778638999325782], [-48.59310929999998, -22.7777687993258], [-48.593082200000026, -22.776877599325807], [-48.593352200000034, -22.77604029932582], [-48.59334260000003, -22.77519749932586], [-48.5930798, -22.774212799325877], [-48.593099600000016, -22.773372899325942], [-48.59336309999997, -22.77301259932593], [-48.59426359999998, -22.772727699325944], [-48.59530749999998, -22.772457099325933], [-48.59605540000001, -22.77298459932589], [-48.596765600000026, -22.77351039932592], [-48.59744139999998, -22.774098999325872], [-48.598178399999995, -22.774608699325874], [-48.59909670000002, -22.774482099325887], [-48.5997567, -22.775089299325863], [-48.60062420000003, -22.77541059932585], [-48.60152950000003, -22.77552209932585], [-48.60241539999998, -22.77578569932582], [-48.60330929999998, -22.775983199325836], [-48.6036661, -22.775210199325862], [-48.603474000000006, -22.77436849932586], [-48.6033415, -22.77352889932589], [-48.6030854, -22.77301259932593], [-48.60366779999999, -22.772340599325943], [-48.6042814, -22.771693799325924], [-48.60522229999998, -22.77160249932592], [-48.606135600000016, -22.771482299325953], [-48.60688779999998, -22.771972099325968], [-48.60754400000002, -22.772542499325926], [-48.60843599999998, -22.772765899325954], [-48.609241199999985, -22.77319629932591], [-48.61006200000003, -22.772836199325894], [-48.61066469999997, -22.772192099325917], [-48.611525500000035, -22.771932599325954], [-48.61214969999997, -22.77131839932593], [-48.613113699999985, -22.77126369932598], [-48.613741300000015, -22.77187659932593], [-48.61450430000002, -22.77237579932595], [-48.615034200000025, -22.7725972993259], [-48.61534569999998, -22.771810999325947], [-48.616262500000005, -22.771405099325932], [-48.617244899999996, -22.77136589932594], [-48.61824360000003, -22.77162789932595], [-48.619507699999986, -22.771630499325962], [-48.62037950000001, -22.771405999325964], [-48.621188399999994, -22.77089929932597], [-48.62197029999999, -22.770480399325965], [-48.621968100000004, -22.769252499326], [-48.622250000000015, -22.768427499325995], [-48.623151800000024, -22.76825639932601], [-48.62385710000001, -22.767683199326065], [-48.62420279999998, -22.766909499326058], [-48.62511890000002, -22.766704399326045], [-48.625964899999985, -22.766373399326092], [-48.62682560000002, -22.766013499326068], [-48.627615799999994, -22.76552319932611], [-48.62855639999998, -22.765502899326087], [-48.62933950000002, -22.76501009932609], [-48.62993499999999, -22.764380099326104], [-48.630389900000004, -22.763636699326142], [-48.63103289999999, -22.76298019932617], [-48.63189290000003, -22.762720199326147], [-48.632725300000004, -22.762387999326144], [-48.6333335, -22.76173759932619], [-48.63384810000002, -22.760959899326185], [-48.63471500000003, -22.76068979932623], [-48.635294699999974, -22.760015499326236], [-48.63563599999997, -22.759235199326216], [-48.63637440000002, -22.758735799326256], [-48.637181000000005, -22.758273599326248], [-48.63806, -22.758019799326267], [-48.63895359999998, -22.75782979932629], [-48.639609500000006, -22.757254999326268], [-48.640509399999985, -22.757453399326252], [-48.64115970000001, -22.756664999326293], [-48.641432500000015, -22.755826899326305], [-48.64170180000002, -22.754966399326328], [-48.64197710000002, -22.754169599326364], [-48.642891599999984, -22.754432099326323], [-48.64376329999999, -22.754693199326365], [-48.644682999999986, -22.754721599326317], [-48.64567670000003, -22.754378899326344], [-48.6463526, -22.753790399326377], [-48.64693519999997, -22.753143599326364], [-48.647738600000025, -22.752761299326355], [-48.64877289999998, -22.7527391993264], [-48.64965369999999, -22.752432599326415], [-48.65037150000001, -22.75190809932639], [-48.651354200000014, -22.751615899326396], [-48.65212759999997, -22.751126299326426], [-48.65282400000002, -22.750475499326427], [-48.652809699999985, -22.749594199326445], [-48.6536744, -22.749864499326453], [-48.65433330000002, -22.750444899326425], [-48.65511500000002, -22.750032899326445], [-48.65595300000002, -22.74965469932646], [-48.656629399999986, -22.74906729932646], [-48.65728230000003, -22.748384699326465], [-48.65804420000001, -22.747908299326504], [-48.65882099999999, -22.747432899326476], [-48.6590334, -22.747209199326495], [-48.659482000000025, -22.746461099326513], [-48.65942380000002, -22.745631699326545], [-48.658930199999986, -22.744921999326547], [-48.65861960000001, -22.744066699326602], [-48.65855260000001, -22.743225399326573], [-48.65864579999999, -22.74238649932664], [-48.658641199999984, -22.74162349932664], [-48.6591967, -22.74051239932667], [-48.660254699999996, -22.74051589932666], [-48.66115100000002, -22.74024999932667], [-48.6621025, -22.740281799326663], [-48.6630457, -22.740517399326645], [-48.66447449999998, -22.74051239932667], [-48.665533900000014, -22.74051469932668], [-48.66641850000002, -22.74025259932669], [-48.66753610000001, -22.740531999326638], [-48.66839479999999, -22.740961899326653], [-48.6690001, -22.74030629932666], [-48.669840400000005, -22.73996429932668], [-48.67117680000001, -22.739961699326656], [-48.67204850000002, -22.739740799326686], [-48.67271649999998, -22.7391464993267], [-48.673588600000016, -22.7388432993267], [-48.673641299999986, -22.738845699326717], [-48.67390699999999, -22.73965449932666], [-48.67375149999998, -22.740479299326665], [-48.673332800000026, -22.74124749932664], [-48.6727803, -22.741956499326655], [-48.672930399999984, -22.74279119932661], [-48.67329619999998, -22.7436244993266], [-48.673753600000005, -22.74437949932656], [-48.67455990000002, -22.743921699326577], [-48.6752075, -22.74326149932661], [-48.6757915, -22.742595899326645], [-48.67563209999997, -22.741779399326617], [-48.67663019999998, -22.741341099326657], [-48.67752840000003, -22.741089799326648], [-48.678374700000006, -22.74081159932663], [-48.67930749999999, -22.74078469932666], [-48.680041500000016, -22.74025199932667], [-48.680987699999996, -22.74022569932668], [-48.68186830000001, -22.74045949932665], [-48.68277869999997, -22.740528499326647], [-48.68339869999999, -22.741246899326672], [-48.68391400000002, -22.741998099326622], [-48.684137099999994, -22.742858599326595], [-48.68425910000002, -22.743719599326607], [-48.6851097, -22.744156499326557], [-48.68610480000002, -22.744403899326592], [-48.6870806, -22.744405599326576], [-48.68802449999998, -22.744684199326567], [-48.68874699999998, -22.745213699326577], [-48.68895429999998, -22.745396799326535], [-48.68933750000002, -22.74495039932655], [-48.689189699999986, -22.744123799326594], [-48.68935049999999, -22.743260499326627], [-48.68963630000002, -22.742423299326617], [-48.68977560000002, -22.741587799326627], [-48.690270199999986, -22.740884699326642], [-48.690619399999996, -22.74005389932671], [-48.69087780000001, -22.739223899326706], [-48.69107960000002, -22.738402799326725], [-48.69116079999998, -22.73754979932675], [-48.69173549999999, -22.736899199326743], [-48.692744800000014, -22.736917299326763], [-48.69367569999997, -22.736730699326763], [-48.694318800000026, -22.736127599326753], [-48.6944747, -22.736067799326765], [-48.6952728, -22.736453199326792], [-48.696206700000005, -22.736599499326765], [-48.6969828, -22.736089799326773], [-48.69794039999999, -22.736018799326775], [-48.69860929999999, -22.73541599932677], [-48.6995058, -22.73523139932676], [-48.70034420000002, -22.73477729932681], [-48.70100819999999, -22.734163499326833], [-48.70186869999998, -22.73442529932681], [-48.70278300000001, -22.73468439932679], [-48.70396709999999, -22.73468019932681], [-48.70524110000002, -22.734681799326776], [-48.706192999999985, -22.734498599326802], [-48.707029900000016, -22.734838399326794], [-48.707840499999975, -22.735244099326774], [-48.7087474, -22.73496579932679], [-48.70961990000001, -22.735296599326812], [-48.71051929999999, -22.73517869932679], [-48.71150030000001, -22.734977299326815], [-48.71236950000003, -22.735242799326766], [-48.713248799999974, -22.735501099326804], [-48.7140991, -22.735813899326757], [-48.71471659999997, -22.736445399326744], [-48.715640500000006, -22.736631599326774], [-48.716544, -22.73663069932673], [-48.717433200000016, -22.73631859932676], [-48.718170499999985, -22.735825599326773], [-48.71896320000002, -22.736248599326775], [-48.7198593, -22.73610559932674], [-48.720349500000005, -22.735408199326777], [-48.72117229999998, -22.735051799326797], [-48.72171049999997, -22.734342799326786], [-48.72245820000001, -22.73383159932679], [-48.723168699999974, -22.7333054993268], [-48.7240837, -22.73297539932684], [-48.724807300000016, -22.73245339932685], [-48.72572339999999, -22.73241259932682], [-48.726984200000004, -22.731895299326876], [-48.7278867, -22.732113299326837], [-48.72879910000001, -22.73221749932685], [-48.729474900000014, -22.732456599326824], [-48.72965099999999, -22.733316899326805], [-48.73025369999999, -22.733960599326807], [-48.730752900000034, -22.73471349932679], [-48.7308865, -22.73554879932678], [-48.73124480000001, -22.736317299326753], [-48.732203500000026, -22.73662099932677], [-48.732826999999986, -22.73734999932673], [-48.733092, -22.738185699326692], [-48.73263129999999, -22.738934199326724], [-48.732720799999974, -22.739784399326705], [-48.73280829999999, -22.740234399326688], [-48.73355859999998, -22.74075989932667], [-48.734270400000014, -22.74128439932662], [-48.73478949999998, -22.742009499326624], [-48.73529150000002, -22.742702399326603], [-48.73548959999999, -22.743510499326618], [-48.735302400000016, -22.7444438993266], [-48.735747100000026, -22.745275199326535], [-48.7360041, -22.746074799326518], [-48.736904900000006, -22.74606659932654], [-48.7376769, -22.745561799326566], [-48.73809829999999, -22.745514599326523], [-48.73905339999999, -22.745465199326564], [-48.739725799999974, -22.74486439932654], [-48.74048490000001, -22.744370399326552], [-48.74124449999999, -22.743916299326617], [-48.74200489999998, -22.74451189932659], [-48.74277829999999, -22.744952599326535], [-48.74367969999998, -22.745343099326572], [-48.744386899999995, -22.745865899326557], [-48.745175399999994, -22.74628669932652], [-48.74609859999998, -22.746351299326548], [-48.746975099999986, -22.746623299326544], [-48.746974000000016, -22.747507199326485], [-48.74689239999998, -22.7483572993265], [-48.746976700000005, -22.749271299326445], [-48.746974000000016, -22.750108899326424], [-48.74696770000003, -22.750947599326437], [-48.74725469999999, -22.751760699326386], [-48.748004200000025, -22.752247399326382], [-48.74846409999998, -22.75298659932637], [-48.74909200000002, -22.753597799326393], [-48.74994079999999, -22.753920599326367], [-48.7506616, -22.754576999326332], [-48.75115779999998, -22.75529119932632], [-48.75159860000002, -22.756100299326327], [-48.751538400000015, -22.756936599326295], [-48.7510818, -22.757664999326245], [-48.7508143, -22.758459799326282], [-48.75142039999997, -22.759103699326264], [-48.75232590000002, -22.75934009932621], [-48.752838800000006, -22.760070499326208], [-48.753639899999996, -22.760541399326225], [-48.75374529999999, -22.76056579932619], [-48.75465980000001, -22.760717999326197], [-48.75570099999999, -22.760795999326227], [-48.756593899999984, -22.761064099326195], [-48.75764179999999, -22.76107459932616], [-48.758563400000014, -22.761002499326214], [-48.75919750000003, -22.760345499326238], [-48.75950449999999, -22.759494699326236], [-48.76020670000003, -22.75881079932623], [-48.76015189999998, -22.75797649932625], [-48.759668200000014, -22.7572500993263], [-48.7588849, -22.756721699326313], [-48.758258899999994, -22.756096299326327], [-48.757629399999985, -22.755475399326336], [-48.757992, -22.75470449932634], [-48.75871319999999, -22.754183099326333], [-48.75914640000002, -22.75344929932637], [-48.7591913, -22.7525017993264], [-48.759817699999985, -22.7518585993264], [-48.7601851, -22.751089099326418], [-48.760675, -22.750468999326444], [-48.76135269999997, -22.749900799326426], [-48.76200970000002, -22.74922059932646], [-48.762709900000004, -22.748530899326482], [-48.762347499999976, -22.747759499326474], [-48.76161830000001, -22.74723759932652], [-48.76147279999998, -22.746400299326545], [-48.76229760000001, -22.74589729932656], [-48.76307809999997, -22.74547989932657], [-48.763378699999976, -22.744618899326543], [-48.76416160000002, -22.744155299326582], [-48.76509379999999, -22.74440749932659], [-48.76599970000001, -22.74435939932659], [-48.7661415, -22.743061899326594], [-48.76698110000001, -22.742709599326627], [-48.76789439999998, -22.742691499326597], [-48.76835080000001, -22.74196159932666], [-48.768638599999974, -22.74116599932667], [-48.76946329999999, -22.740761999326683], [-48.770170399999984, -22.740184699326658], [-48.77105080000001, -22.73987449932667], [-48.77198379999999, -22.739661599326666], [-48.77280480000002, -22.739308599326716], [-48.77308720000002, -22.738428199326705], [-48.773964400000004, -22.738103599326706], [-48.77481050000001, -22.73844499932673], [-48.77554090000001, -22.738952599326705], [-48.77641970000001, -22.73912319932669], [-48.7764138, -22.740080199326698], [-48.776730499999985, -22.740907699326645], [-48.77767449999999, -22.740799299326646], [-48.778170999999986, -22.741551699326646], [-48.778644499999984, -22.74232429932663], [-48.779558899999984, -22.742157299326607], [-48.780433500000015, -22.74189869932661], [-48.78113289999999, -22.74131229932666], [-48.781550100000004, -22.74054909932667], [-48.78244339999998, -22.74030239932669], [-48.78323310000002, -22.740740299326685], [-48.78412479999997, -22.74103449932667], [-48.784204999999986, -22.740143099326687], [-48.78422510000002, -22.73929589932669], [-48.784746700000035, -22.73858559932673], [-48.785560499999974, -22.738198699326723], [-48.7865372, -22.737735999326716], [-48.78744840000002, -22.737708299326744], [-48.78815639999999, -22.737190099326767], [-48.78894220000001, -22.737628399326734], [-48.7899764, -22.737451499326756], [-48.790959499999985, -22.737753099326756], [-48.79147360000002, -22.7384531993267], [-48.79205980000001, -22.7391105993267], [-48.79298380000001, -22.73920899932671], [-48.793298100000015, -22.740012299326665], [-48.79378589999999, -22.74074379932668], [-48.794685800000025, -22.74083749932666], [-48.795513200000016, -22.740451999326666], [-48.7955882, -22.738689299326676], [-48.795355700000016, -22.737883499326735], [-48.796198000000004, -22.73748009932676], [-48.7970967, -22.737738299326722], [-48.7978968, -22.738216199326736], [-48.7995105, -22.738286199326723], [-48.80038220000001, -22.73851589932669], [-48.80042120000001, -22.73854799932669], [-48.80134609999998, -22.73851779932672], [-48.801656200000025, -22.737731699326712], [-48.80169769999998, -22.737734199326706], [-48.802614699999985, -22.73773849932671], [-48.803554899999995, -22.737802699326704], [-48.8042049, -22.73842249932673], [-48.805071000000005, -22.738743099326733], [-48.80593440000002, -22.73912079932672], [-48.8068758, -22.739108599326713], [-48.80750239999997, -22.738486399326717], [-48.80844459999997, -22.738294099326737], [-48.80935929999999, -22.738565799326715], [-48.81022880000001, -22.73834109932672], [-48.81110669999998, -22.738115599326733], [-48.81111069999997, -22.738096399326736], [-48.81146139999999, -22.737283199326715], [-48.8122247, -22.736807299326756], [-48.81279289999998, -22.73610019932678], [-48.8129826, -22.735281399326805], [-48.813788699999975, -22.734907099326783], [-48.8142034, -22.73408689932684], [-48.8141973, -22.733257499326808], [-48.81445660000002, -22.732415299326863], [-48.8150258, -22.731741199326855], [-48.815775099999996, -22.731248899326914], [-48.816730800000016, -22.73107019932686], [-48.81699500000002, -22.730270099326887], [-48.81725519999997, -22.729405399326936], [-48.817253300000004, -22.729122999326943], [-48.81821819999999, -22.72939799932693], [-48.81893869999999, -22.730010199326898], [-48.81950089999998, -22.730700499326908], [-48.820362999999986, -22.73108019932689], [-48.82131950000002, -22.730766199326894], [-48.821675200000016, -22.729988399326928], [-48.82218549999999, -22.729268399326944], [-48.82280229999998, -22.72853869932694], [-48.823705099999984, -22.728293399326937], [-48.82465189999999, -22.72820489932693], [-48.8251624, -22.727499699326987], [-48.826029000000005, -22.727185099326963], [-48.8269373, -22.727072799326958], [-48.82778339999999, -22.726742099327], [-48.8286799, -22.72651769932698], [-48.829265299999975, -22.725867999327], [-48.83001749999999, -22.72634959932699], [-48.830293900000015, -22.727191099327], [-48.831359400000004, -22.727458199326968], [-48.83218820000002, -22.727788599326953], [-48.83308069999999, -22.728034799326945], [-48.8339603, -22.728465199326962], [-48.834840199999974, -22.72884299932692], [-48.83578310000002, -22.728782499326964], [-48.83614799999998, -22.72790569932696], [-48.836591, -22.72714729932699], [-48.83707620000001, -22.726429299326995], [-48.83799549999998, -22.726326999327018], [-48.83889799999998, -22.726073399327017], [-48.8398239, -22.726040199327], [-48.84036550000002, -22.725342599326982], [-48.84130169999998, -22.72521439932704], [-48.84206390000003, -22.725719299326983], [-48.842777599999984, -22.726240399326993], [-48.843693099999996, -22.725902099326994], [-48.84418929999998, -22.72520679932705], [-48.84381660000003, -22.724431199327068], [-48.84335900000002, -22.72371069932707], [-48.84258790000001, -22.723235199327046], [-48.842446699999975, -22.7223962993271], [-48.84273319999999, -22.72056719932713], [-48.84297529999998, -22.71959889932714], [-48.84257179999997, -22.718791999327173], [-48.84255530000002, -22.71720919932722], [-48.84325799999999, -22.71777159932718], [-48.84415530000002, -22.717918699327164], [-48.84499060000002, -22.71756229932719], [-48.84575760000001, -22.71708739932724], [-48.84607030000001, -22.716281799327216], [-48.84708920000003, -22.716349799327215], [-48.84797850000001, -22.716620999327187], [-48.84890810000002, -22.716604599327205], [-48.84981479999999, -22.7163403993272], [-48.8507181, -22.716390699327203], [-48.851618099999996, -22.716635699327195], [-48.85235519999998, -22.717116299327188], [-48.8530197, -22.717717099327214], [-48.85391729999998, -22.717599799327207], [-48.85441049999997, -22.71684649932719], [-48.855207500000006, -22.71631829932724], [-48.85597009999998, -22.715819699327234], [-48.85617980000001, -22.71561249932726], [-48.856884900000004, -22.71506369932722], [-48.8578571, -22.715070699327267], [-48.8585908, -22.714566599327274], [-48.85841140000002, -22.713739599327283], [-48.859227799999985, -22.713176799327275], [-48.86015379999998, -22.712729299327297], [-48.86085609999998, -22.712152799327338], [-48.86107570000001, -22.71128929932732], [-48.86144450000001, -22.71048119932736], [-48.861813600000005, -22.709711799327366], [-48.861880299999996, -22.70887739932741], [-48.86169799999999, -22.70801179932742], [-48.86228319999998, -22.707272699327415], [-48.8629555, -22.706673799327426], [-48.86388169999998, -22.706521199327447], [-48.86420190000001, -22.705681699327492], [-48.86483930000003, -22.70492839932745], [-48.86536519999999, -22.70423919932752], [-48.865958799999994, -22.703587999327535], [-48.8669309, -22.703283699327518], [-48.86788960000001, -22.703258099327552], [-48.868364699999965, -22.703011699327522], [-48.86896089999999, -22.70301089932752], [-48.870031299999994, -22.70328949932751], [-48.87013489999998, -22.704372099327504], [-48.87061729999999, -22.705139099327475], [-48.871178199999974, -22.70581819932748], [-48.87173389999998, -22.70653089932748], [-48.87266469999997, -22.70658139932745], [-48.873539600000015, -22.706255599327474], [-48.87424249999998, -22.70567489932749], [-48.87500089999998, -22.70615979932748], [-48.87562220000001, -22.706801699327475], [-48.876163599999984, -22.707508899327415], [-48.87645250000003, -22.708322699327404], [-48.87641439999999, -22.7091804993274], [-48.87552499999998, -22.7094373993274], [-48.874752199999996, -22.709931799327368], [-48.87401190000002, -22.710530299327377], [-48.87362780000001, -22.71130749932732], [-48.87341020000002, -22.712143599327323], [-48.87428640000002, -22.71248179932729], [-48.87466970000003, -22.713260199327276], [-48.87550079999999, -22.71363939932727], [-48.87610769999998, -22.714293599327288], [-48.876718900000014, -22.714926899327278], [-48.87758609999997, -22.71468559932726], [-48.87857980000001, -22.7143398993273], [-48.879509299999995, -22.714309299327294], [-48.88028589999999, -22.713888999327274], [-48.88031730000001, -22.713033599327318], [-48.88110449999999, -22.712616099327303], [-48.8820207, -22.712285299327345], [-48.88274990000002, -22.711781599327328], [-48.8838571, -22.71134109932737], [-48.88475979999998, -22.71109529932736], [-48.8855456, -22.71067499932734], [-48.88553940000003, -22.709799699327387], [-48.885105099999976, -22.709052799327395], [-48.88521229999998, -22.70821389932739], [-48.88598230000002, -22.707725299327418], [-48.886771599999975, -22.707239799327457], [-48.88706029999997, -22.706415599327464], [-48.8876957, -22.705752599327447], [-48.8881543, -22.70501239932747], [-48.888810600000006, -22.704366899327535], [-48.88917700000002, -22.703599999327526], [-48.8894507, -22.70276169932754], [-48.88996470000001, -22.702048299327554], [-48.88956630000001, -22.701283499327563], [-48.89030739999998, -22.700768699327604], [-48.89103949999998, -22.700205899327624], [-48.891841399999976, -22.699724699327607], [-48.892832399999975, -22.699672399327607], [-48.8937302, -22.699408199327607], [-48.89466390000001, -22.6994710993276], [-48.895580199999976, -22.6997041993276], [-48.89645940000003, -22.699956099327615], [-48.897338400000024, -22.699690699327636], [-48.89830360000002, -22.69964999932763], [-48.89921170000002, -22.699575299327606], [-48.90009600000002, -22.699365899327592], [-48.9011921, -22.69911499932763], [-48.902104399999985, -22.69917249932759], [-48.90322880000002, -22.699410399327583], [-48.90349900000001, -22.699410299327624], [-48.904373700000015, -22.69909579932763], [-48.90493789999999, -22.698449699327664], [-48.90577220000001, -22.698033699327638], [-48.90675750000003, -22.697734499327684], [-48.90766129999997, -22.697683399327673], [-48.908561399999996, -22.697441699327673], [-48.909597899999994, -22.69717299932769], [-48.91045659999997, -22.696857699327683], [-48.91109010000002, -22.696231499327702], [-48.91158949999999, -22.69547869932774], [-48.91169810000003, -22.694450799327768], [-48.91195959999999, -22.693622799327766], [-48.91225659999998, -22.69276139932777], [-48.91225530000003, -22.691698699327805], [-48.91225700000001, -22.690785799327827], [-48.912079300000016, -22.689917399327854], [-48.91233779999999, -22.689089799327824], [-48.912326, -22.68823679932791], [-48.9119695, -22.68740439932789], [-48.91197410000001, -22.68647289932793], [-48.91222859999999, -22.68564099932791], [-48.9129853, -22.685148599327945], [-48.91344670000001, -22.684369299327983], [-48.914190099999985, -22.683861299327965], [-48.91499529999999, -22.683422999327988], [-48.91503160000003, -22.683289299328], [-48.915596900000025, -22.682602999327983], [-48.91622360000002, -22.681968099328028], [-48.916905199999974, -22.68133209932806], [-48.91760940000001, -22.680754799328028], [-48.91833200000002, -22.680232999328044], [-48.91924660000001, -22.680062599328053], [-48.920057299999996, -22.679657599328063], [-48.920421799999986, -22.678873099328076], [-48.92140970000003, -22.678573699328116], [-48.92229950000001, -22.678396999328122], [-48.9231777, -22.678087199328115], [-48.923954400000014, -22.6775536993281], [-48.92462280000001, -22.67695339932813], [-48.92488279999998, -22.676903799328123], [-48.925377500000025, -22.676679499328127], [-48.925690299999985, -22.675875499328182], [-48.92661090000002, -22.675716199328182], [-48.92698990000002, -22.674954899328167], [-48.92794700000002, -22.674910199328185], [-48.92833569999999, -22.67414869932819], [-48.9291566, -22.673560099328178], [-48.9303008, -22.673550599328212], [-48.93112830000001, -22.673158799328228], [-48.931765299999995, -22.67251189932826], [-48.93257599999998, -22.672006899328235], [-48.93319919999999, -22.671380399328243], [-48.93367319999999, -22.670606299328256], [-48.93430280000001, -22.669984299328306], [-48.93492839999999, -22.669367399328316], [-48.93477130000002, -22.66853759932831], [-48.93475719999998, -22.66757109932833], [-48.93451529999999, -22.666728699328395], [-48.93400300000002, -22.665997999328386], [-48.9336533, -22.66518929932841], [-48.933959500000014, -22.664397199328423], [-48.934442400000016, -22.66368149932844], [-48.93420550000002, -22.662841999328474], [-48.93395049999999, -22.661995099328493], [-48.934143699999986, -22.661168799328486], [-48.93449129999998, -22.66040169932853], [-48.935221399999996, -22.659882299328526], [-48.93589909999997, -22.659220599328567], [-48.93658540000001, -22.658530599328568], [-48.9370682, -22.65781059932858], [-48.93753909999998, -22.656932599328602], [-48.937780799999985, -22.656119899328637], [-48.937311299999976, -22.655392699328626], [-48.9372454, -22.65449279932867], [-48.93678030000002, -22.65374819932868], [-48.936942999999985, -22.652916499328693], [-48.936447699999974, -22.652181299328703], [-48.93670279999997, -22.651385799328743], [-48.93659539999999, -22.65054149932872], [-48.93584199999999, -22.65004449932874], [-48.935029400000026, -22.64965659932878], [-48.93420459999999, -22.64925609932878], [-48.933450100000016, -22.648773499328794], [-48.93297369999999, -22.64804819932881], [-48.93235720000001, -22.647427499328806], [-48.93172959999999, -22.646804599328824], [-48.93115260000002, -22.646128099328852], [-48.93086490000002, -22.64551139932884], [-48.931457200000004, -22.644778299328866], [-48.931747499999965, -22.643955399328885], [-48.93248169999998, -22.643419899328936], [-48.93360389999998, -22.643298999328923], [-48.934512400000024, -22.6431112993289], [-48.93513309999997, -22.64248269932895], [-48.93590849999998, -22.642006099328956], [-48.9365358, -22.64138309932894], [-48.93722630000002, -22.640816199328988], [-48.93812289999999, -22.64061679932895], [-48.93862619999999, -22.639917099328986], [-48.93932319999999, -22.639341899328983], [-48.9402167, -22.63904079932899], [-48.941133799999996, -22.638861499329032], [-48.94213029999997, -22.639126799328995], [-48.943109900000024, -22.639125599329002], [-48.94401490000001, -22.638824199328994], [-48.944651000000015, -22.638224899329042], [-48.94514179999999, -22.63748989932904], [-48.945392500000025, -22.636691899329087], [-48.945898, -22.6359556993291], [-48.9464893, -22.635290599329114], [-48.946790899999996, -22.634469499329146], [-48.94689949999998, -22.63364189932912], [-48.946108400000014, -22.633238799329167], [-48.94559700000002, -22.63254039932914], [-48.945278499999965, -22.6317176993292], [-48.944761200000016, -22.6310354993292], [-48.944445799999976, -22.630200299329232], [-48.94419829999998, -22.62995579932923], [-48.94433830000003, -22.629134599329216], [-48.9449697, -22.628514999329255], [-48.945316400000024, -22.627612299329293], [-48.94531360000003, -22.62639179932932], [-48.94504499999999, -22.62556339932931], [-48.94500849999998, -22.624711199329322], [-48.944782599999996, -22.623874099329388], [-48.94441089999998, -22.623065399329363], [-48.94396590000002, -22.62233629932938], [-48.944120999999996, -22.621513999329412], [-48.944198200000024, -22.621344599329404], [-48.94504669999998, -22.621065099329442], [-48.945832300000006, -22.621510799329435], [-48.94630139999998, -22.622219699329424], [-48.94703989999999, -22.6227780993294], [-48.94794039999999, -22.62296129932937], [-48.94882610000001, -22.622804899329395], [-48.94971729999998, -22.623015199329377], [-48.95142049999998, -22.623011299329356], [-48.952283299999976, -22.623472799329374], [-48.952946699999984, -22.624073899329346], [-48.95367879999998, -22.62457839932937], [-48.95437129999999, -22.62526519932933], [-48.95447949999999, -22.62610879932932], [-48.954218500000025, -22.626908599329273], [-48.95490289999998, -22.62745399932928], [-48.95580050000001, -22.627698599329253], [-48.95674309999998, -22.627913299329272], [-48.95755680000002, -22.627996899329293], [-48.95825810000002, -22.627424799329262], [-48.958667400000024, -22.626566299329284], [-48.958716599999995, -22.625735399329326], [-48.958338000000026, -22.624928099329324], [-48.958079699999985, -22.624071499329368], [-48.95811620000001, -22.623188899329374], [-48.95871390000001, -22.622515299329375], [-48.958922099999995, -22.621008199329438], [-48.958918600000004, -22.619937799329463], [-48.958913499999994, -22.619094699329484], [-48.95963080000001, -22.61856189932946], [-48.96054559999999, -22.618290899329466], [-48.96060440000002, -22.617427399329515], [-48.96058410000001, -22.61630659932951], [-48.96058479999999, -22.615404299329576], [-48.961025500000005, -22.614637899329576], [-48.96148549999998, -22.61389889932957], [-48.962169599999974, -22.61331809932962], [-48.962799700000005, -22.612699999329642], [-48.96318359999998, -22.61192269932962], [-48.963916100000006, -22.611364099329663], [-48.96472720000003, -22.61097499932966], [-48.96529450000002, -22.610318299329702], [-48.96530949999999, -22.610233399329708], [-48.96612750000003, -22.61063509932969], [-48.966966300000024, -22.611074999329684], [-48.96787419999998, -22.61124149932966], [-48.968715299999985, -22.611656599329653], [-48.969471000000006, -22.612162599329615], [-48.97037790000002, -22.611915699329632], [-48.97123290000002, -22.61159839932964], [-48.97200650000002, -22.61116159932966], [-48.97262760000001, -22.61053329932966], [-48.97351209999999, -22.610229699329675], [-48.97446660000003, -22.61021479932967], [-48.97533920000001, -22.609954499329707], [-48.97586510000002, -22.609955599329663], [-48.976595799999984, -22.610538999329698], [-48.97721739999997, -22.611166799329645], [-48.978020500000014, -22.611631699329624], [-48.978748399999965, -22.612147899329656], [-48.97938010000002, -22.612760399329634], [-48.97978189999998, -22.613529799329587], [-48.980010300000004, -22.614360899329593], [-48.98002359999998, -22.615207499329557], [-48.97966789999998, -22.615997899329567], [-48.97947929999999, -22.61687129932954], [-48.97996920000003, -22.617578099329517], [-48.98062190000002, -22.618194099329482], [-48.9815064, -22.618029099329505], [-48.98242620000002, -22.618000799329515], [-48.98336899999998, -22.617713399329517], [-48.98426890000002, -22.617421599329514], [-48.9851678, -22.61712889932953], [-48.985894900000005, -22.616638999329556], [-48.98644969999999, -22.61729249932953], [-48.98729479999997, -22.61762979932949], [-48.98817389999999, -22.617938799329497], [-48.98913340000002, -22.618296999329484], [-48.98989310000002, -22.618794599329483], [-48.99063460000002, -22.6192911993295], [-48.99139050000002, -22.619772599329433], [-48.992145900000025, -22.620234299329447], [-48.99305110000001, -22.620353599329437], [-48.9935744, -22.620679599329456], [-48.99388620000002, -22.61986079932947], [-48.994514099999996, -22.619223099329478], [-48.994761400000016, -22.61831829932948], [-48.99491089999998, -22.61748179932952], [-48.99447609999999, -22.616725999329553], [-48.99495780000001, -22.616006599329538], [-48.995620299999985, -22.61533029932956], [-48.9962504, -22.61470959932961], [-48.99670040000001, -22.613871299329627], [-48.9967155, -22.61297479932963], [-48.997283100000004, -22.61227149932966], [-48.99802010000002, -22.611773699329657], [-48.99855020000001, -22.61103799932967], [-48.9984875, -22.61020029932966], [-48.99808969999998, -22.6094434993297], [-48.99888850000002, -22.609025799329697], [-48.999520399999994, -22.608394399329725], [-49.000269600000024, -22.608130899329726], [-48.9998157, -22.607367499329754], [-48.99947780000002, -22.606585099329784], [-48.9998468, -22.605810799329767], [-49.00034049999999, -22.60505089932978], [-49.00083169999999, -22.604302499329833], [-49.00145220000002, -22.60366239932985], [-49.00218899999999, -22.603164899329865], [-49.002554299999986, -22.602402899329885], [-49.002817600000014, -22.601585399329853], [-49.002363100000025, -22.600752699329885], [-49.00226800000001, -22.599920999329917], [-49.002551900000014, -22.59908799932994], [-49.00308740000003, -22.598288899329958], [-49.00361600000002, -22.597566999330002], [-49.003863000000024, -22.59673889932998], [-49.003695400000026, -22.595914799330014], [-49.003920600000015, -22.59496669933002], [-49.0039377, -22.594082899330036], [-49.00450970000003, -22.593383599330057], [-49.00494950000001, -22.592636399330093], [-49.00522790000002, -22.591830299330148], [-49.00538180000001, -22.591010999330113], [-49.005010700000014, -22.590201999330127], [-49.004507999999994, -22.589512299330185], [-49.00420120000002, -22.58872839933016], [-49.004148100000016, -22.5878514993302], [-49.00372659999999, -22.587107699330208], [-49.003265399999975, -22.58636979933023], [-49.00263469999999, -22.585760799330252], [-49.00200910000001, -22.585136399330278], [-49.00138959999998, -22.584495399330255], [-49.00058739999998, -22.584122199330313], [-49.00041290000002, -22.58326019933029], [-49.00030229999999, -22.582340899330337], [-49.000070400000034, -22.581511799330332], [-49.00031389999998, -22.580691299330383], [-49.00035759999997, -22.57983159933036], [-49.001217199999985, -22.579461599330397], [-49.001461800000016, -22.57902679933042], [-49.00170559999998, -22.578180299330413], [-49.00125800000001, -22.577418199330445], [-49.000888499999974, -22.576653099330443], [-49.00052319999998, -22.575842499330495], [-49.00006300000001, -22.575068199330474], [-48.9997975, -22.57426949933053], [-49.00029669999998, -22.57356439933054], [-48.99958350000003, -22.572981599330546], [-48.998777000000025, -22.572505999330527], [-48.99789700000003, -22.572204099330587], [-48.99704680000002, -22.57188739933055], [-48.99617610000002, -22.571618799330583], [-48.99503170000003, -22.571622099330597], [-48.99467499999997, -22.570854899330577], [-48.9941685, -22.57004999933059], [-48.993541999999984, -22.569426199330636], [-48.99272159999998, -22.568818299330616], [-48.992053999999996, -22.56822369933063], [-48.9917044, -22.567425199330675], [-48.99169840000002, -22.56606659933071], [-48.99246690000001, -22.565515599330737], [-48.99337459999999, -22.56525579933071], [-48.99433049999999, -22.56518399933071], [-48.99522089999999, -22.56488129933076], [-48.99587100000002, -22.56426599933073], [-48.9966943, -22.56386409933075], [-48.99762070000003, -22.563541399330788], [-48.99840769999997, -22.563116099330774], [-48.99917399999998, -22.562654299330806], [-49.000066600000025, -22.562839599330804], [-49.000977200000015, -22.56272409933081], [-49.001895100000006, -22.5625374993308], [-49.0027839, -22.562300099330816], [-49.00308480000001, -22.561514899330835], [-49.003081699999996, -22.56036259933086], [-49.003390000000024, -22.55948979933085], [-49.004162099999974, -22.559016899330892], [-49.00425619999999, -22.558168799330865], [-49.004418999999984, -22.557336299330885], [-49.004481999999996, -22.55625759933091], [-49.00427960000001, -22.555440899330964], [-49.004202099999986, -22.55449579933096], [-49.004474200000004, -22.553666199331005], [-49.00447320000001, -22.552452899331012], [-49.004644799999994, -22.55158879933103], [-49.00475740000002, -22.550194999331048], [-49.00475740000002, -22.54930179933112], [-49.00430449999999, -22.54853549933113], [-49.00369110000003, -22.547895799331112], [-49.00358929999999, -22.547054399331127], [-49.00333729999999, -22.546163899331177], [-49.00280950000001, -22.545788699331176], [-49.003573599999974, -22.545221699331204], [-49.00459360000002, -22.544946399331213], [-49.005480499999976, -22.544686099331187], [-49.00641430000002, -22.544659999331234], [-49.00716840000001, -22.54415009933123], [-49.0079983, -22.543769699331214], [-49.00892210000001, -22.543266699331244], [-49.00967589999999, -22.54273499933124], [-49.01058590000003, -22.54247749933127], [-49.01151010000001, -22.54215279933125], [-49.01229860000001, -22.5417286993313], [-49.01296300000001, -22.541125799331265], [-49.013626699999975, -22.54051199933128], [-49.01325320000001, -22.539965199331295], [-49.0124401, -22.53937699933133], [-49.011972000000014, -22.53860199933137], [-49.0119823, -22.537770799331334], [-49.01147040000001, -22.537066399331394], [-49.010882200000026, -22.536399299331425], [-49.010222399999975, -22.53576189933143], [-49.00969830000002, -22.535071399331414], [-49.008989799999995, -22.534550199331456], [-49.00846050000001, -22.533863999331444], [-49.00780520000001, -22.533197199331486], [-49.00801439999998, -22.532385999331463], [-49.0078944, -22.53155579933149], [-49.007809500000015, -22.52912199933154], [-49.00867570000002, -22.529582199331557], [-49.00961460000003, -22.529686199331568], [-49.01054599999998, -22.52957489933156], [-49.0114519, -22.529396999331567], [-49.0123458, -22.52909919933159], [-49.013087400000025, -22.528611999331584], [-49.01403909999999, -22.528569899331558], [-49.01492489999999, -22.528844599331585], [-49.01585920000002, -22.528831399331573], [-49.01661309999997, -22.52831709933157], [-49.017445899999984, -22.527938899331577], [-49.01812089999998, -22.52727509933161], [-49.018743599999986, -22.52664809933161], [-49.01947849999999, -22.526091499331645], [-49.020038899999975, -22.52519519933164], [-49.02029770000002, -22.524364499331668], [-49.02058729999999, -22.523566399331685], [-49.0215025, -22.523495099331686], [-49.022475799999995, -22.5235694993317], [-49.02340600000003, -22.523459899331666], [-49.02391260000002, -22.522702399331727], [-49.02365470000001, -22.521863899331752], [-49.02390220000001, -22.521027799331776], [-49.02430479999998, -22.52025849933178], [-49.02450440000001, -22.519437699331817], [-49.024476100000015, -22.517302799331823], [-49.02447619999998, -22.517177499331847], [-49.02539080000002, -22.516868099331862], [-49.026478999999995, -22.516617799331858], [-49.02746789999998, -22.516622399331876], [-49.0283961, -22.51645859933188], [-49.02931539999997, -22.516626099331855], [-49.03020379999998, -22.516905599331835], [-49.03111790000003, -22.517180699331835], [-49.032039, -22.51714799933187], [-49.03313250000002, -22.51690079933182], [-49.03349930000002, -22.516846899331867], [-49.033197099999995, -22.516039999331852], [-49.03272659999999, -22.515302799331852], [-49.03207650000002, -22.514651599331877], [-49.0316095, -22.513917199331893], [-49.031414700000035, -22.512969499331934], [-49.03168470000003, -22.512141299331965], [-49.03196409999998, -22.511312499331947], [-49.031971399999975, -22.510346099331993], [-49.03226380000001, -22.509541099331997], [-49.03257830000001, -22.508747899332043], [-49.031951400000025, -22.50810179933207], [-49.03100339999997, -22.507722899332038], [-49.02988510000001, -22.50773259933206], [-49.030018600000005, -22.50687279933208], [-49.029918599999974, -22.506038299332104], [-49.03016530000002, -22.505225099332144], [-49.03081769999999, -22.50463769933212], [-49.03159340000003, -22.50415139933216], [-49.03265010000001, -22.503835799332144], [-49.033528, -22.503577399332148], [-49.034379, -22.503265299332185], [-49.035003500000016, -22.502639799332172], [-49.03576049999998, -22.502147899332208], [-49.03661779999998, -22.501874399332216], [-49.03752279999998, -22.501882599332184], [-49.03853049999998, -22.501618999332212], [-49.04025689999998, -22.501623199332194], [-49.04116909999999, -22.501628599332214], [-49.04205510000003, -22.50140999933222], [-49.0425285, -22.5006930993322], [-49.042756199999985, -22.499835599332226], [-49.04281179999999, -22.498523399332285], [-49.043269899999984, -22.497770599332316], [-49.043991800000015, -22.4972367993323], [-49.04442069999998, -22.49650579933234], [-49.044929000000025, -22.495759899332334], [-49.04554200000001, -22.49511239933234], [-49.045387800000015, -22.49424509933237], [-49.04558739999998, -22.493843999332416], [-49.04645399999998, -22.493385699332375], [-49.04707689999997, -22.492758999332395], [-49.04783730000003, -22.492269899332417], [-49.04859579999999, -22.49174629933243], [-49.04937000000001, -22.492208199332417], [-49.05016519999998, -22.492690999332385], [-49.051698499999986, -22.492732899332438], [-49.05186659999998, -22.4935999993324], [-49.05217879999997, -22.494462599332394], [-49.052997000000005, -22.494961199332334], [-49.05395809999998, -22.494956599332383], [-49.0547737, -22.495414899332363], [-49.05565969999998, -22.495678999332334], [-49.05586699999997, -22.496527699332322], [-49.056333499999994, -22.49725049933232], [-49.05685299999999, -22.497972799332306], [-49.0576041, -22.498462299332306], [-49.058099099999986, -22.49918149933228], [-49.05898389999999, -22.499436199332244], [-49.05979580000001, -22.499850799332233], [-49.06066959999998, -22.500263799332274], [-49.06113979999998, -22.50049279933225], [-49.06286970000002, -22.500511399332225], [-49.0644206, -22.500511199332237], [-49.065888700000016, -22.500519399332195], [-49.06674370000002, -22.50013169933224], [-49.067010400000015, -22.499301699332246], [-49.06761160000002, -22.498631899332302], [-49.06856269999998, -22.4985400993323], [-49.06959010000003, -22.498567799332267], [-49.0704561, -22.498245099332298], [-49.07120930000002, -22.497788199332287], [-49.072016700000006, -22.497278899332333], [-49.07290080000001, -22.496860899332315], [-49.07373039999999, -22.497198799332278], [-49.074265299999986, -22.497892599332292], [-49.07517569999999, -22.4977874993323], [-49.076367699999984, -22.497727999332295], [-49.07730759999998, -22.497914699332313], [-49.078072099999986, -22.497756699332314], [-49.07825789999998, -22.496867599332283], [-49.07839489999998, -22.49602889933233], [-49.07845040000001, -22.495172699332368], [-49.07809470000001, -22.494373699332357], [-49.07836630000003, -22.49298829933239], [-49.07854070000002, -22.492172399332446], [-49.07929070000001, -22.49169869933241], [-49.079937599999994, -22.491045199332426], [-49.08039170000001, -22.49030129933247], [-49.08089580000001, -22.489494399332507], [-49.081352400000014, -22.488737499332522], [-49.08142099999998, -22.488566099332516], [-49.082595500000025, -22.488755399332504], [-49.083519000000024, -22.48883309933252], [-49.08441269999997, -22.489087099332508], [-49.085378299999995, -22.489151599332512], [-49.08614319999998, -22.489677199332494], [-49.0861175, -22.490554399332467], [-49.08627919999997, -22.491403199332428], [-49.08722999999998, -22.491342699332467], [-49.08969830000001, -22.491343599332424], [-49.09125210000002, -22.491340399332458], [-49.092128600000024, -22.491569899332443], [-49.09298769999998, -22.491826199332422], [-49.09377999999998, -22.49134519933245], [-49.09402899999998, -22.490542999332465], [-49.094481099999996, -22.48981989933247], [-49.09524090000002, -22.489341599332477], [-49.09595189999998, -22.488816499332486], [-49.096633199999985, -22.48823339933253], [-49.09746580000001, -22.48788089933252], [-49.097588099999996, -22.48702039933255], [-49.09818849999999, -22.48637009933255], [-49.09881840000003, -22.4857604993326], [-49.09940769999997, -22.485126099332597], [-49.10017190000002, -22.484627999332584], [-49.101068, -22.48439009933259], [-49.1016692, -22.483749299332622], [-49.102308900000025, -22.48311959933265], [-49.10250739999998, -22.482277399332638], [-49.102262, -22.4817855993327], [-49.102033000000006, -22.480949499332695], [-49.101694099999975, -22.480127499332696], [-49.10166850000002, -22.479232999332744], [-49.10170570000003, -22.477785499332743], [-49.1013977, -22.47698839933276], [-49.101388299999996, -22.4760970993328], [-49.1017794, -22.475300199332803], [-49.1024223, -22.47464329933285], [-49.102794700000004, -22.47388159933288], [-49.10355229999999, -22.47338379933289], [-49.10434120000002, -22.473801899332873], [-49.10535370000003, -22.473856299332862], [-49.10618729999999, -22.47346449933283], [-49.106683499999974, -22.47277039933287], [-49.106973900000014, -22.471942599332866], [-49.107877299999984, -22.471628999332914], [-49.108773499999984, -22.47157139933292], [-49.1092726, -22.470849999332906], [-49.10948619999999, -22.470038699332914], [-49.109476599999994, -22.469121599332965], [-49.11038589999998, -22.469095699332986], [-49.11117250000001, -22.468659899332952], [-49.111940899999986, -22.468188799332992], [-49.112535700000024, -22.467558799333], [-49.11253900000003, -22.46672819933299], [-49.112867800000004, -22.46590479933301], [-49.113097400000015, -22.46509349933308], [-49.112871299999995, -22.464279699333087], [-49.11236530000002, -22.463530099333106], [-49.11199140000002, -22.462765999333094], [-49.11222820000001, -22.461927199333118], [-49.11227120000001, -22.46103409933316], [-49.112763599999994, -22.460335599333167], [-49.112810000000025, -22.45995489933319], [-49.113713399999995, -22.459966199333174], [-49.11450839999997, -22.460414399333157], [-49.115043899999996, -22.461125699333163], [-49.1164652, -22.461350299333137], [-49.11744340000002, -22.461337599333127], [-49.1182852, -22.46099859933313], [-49.11875930000002, -22.46027159933317], [-49.1192572, -22.45951739933317], [-49.119744200000014, -22.4588138993332], [-49.11991630000001, -22.4579855993332], [-49.1197512, -22.457145499333265], [-49.120032200000026, -22.456343699333257], [-49.120383999999994, -22.455572399333274], [-49.12114380000002, -22.454930999333282], [-49.12197980000002, -22.4545348993333], [-49.122197500000034, -22.453729199333317], [-49.12229559999997, -22.452880299333344], [-49.122841300000005, -22.45211809933337], [-49.1225513, -22.45131899933339], [-49.122359200000005, -22.450475799333386], [-49.12249939999998, -22.449618799333415], [-49.12253220000003, -22.448843699333434], [-49.123398399999985, -22.44838509933344], [-49.124015900000025, -22.447753799333448], [-49.1249047, -22.44745039933345], [-49.125884499999984, -22.447452099333482], [-49.12676859999999, -22.447190699333493], [-49.12774539999998, -22.447175699333485], [-49.1286058, -22.44690019933349], [-49.1294848, -22.447163899333496], [-49.131455200000005, -22.447173899333475], [-49.13238969999998, -22.44722319933348], [-49.133320000000026, -22.447308399333473], [-49.13471229999998, -22.44717949933348], [-49.135656900000015, -22.447138399333443], [-49.13655410000002, -22.447406299333476], [-49.13741249999998, -22.447730999333437], [-49.1382845, -22.44750599933344], [-49.13895170000001, -22.447560499333477], [-49.13949309999998, -22.446844899333463], [-49.14006949999998, -22.446163099333475], [-49.14056699999997, -22.445454099333524], [-49.14000390000001, -22.44477259933355], [-49.13937509999999, -22.444148499333526], [-49.13861320000001, -22.44355789933354], [-49.13825179999997, -22.442769699333557], [-49.1380772, -22.441926699333614], [-49.13749280000001, -22.441168399333595], [-49.13728329999998, -22.440315099333652], [-49.13791140000001, -22.439703699333645], [-49.13867090000002, -22.439111199333674], [-49.13923130000001, -22.438384699333653], [-49.13947669999998, -22.437732499333677], [-49.140239, -22.43720199933372], [-49.14127189999999, -22.437178799333726], [-49.14217559999997, -22.43693279933373], [-49.142882199999974, -22.436404099333735], [-49.14332569999999, -22.435640799333733], [-49.14411130000001, -22.435158999333755], [-49.14499239999998, -22.434851799333753], [-49.14576749999998, -22.434375099333785], [-49.146352700000016, -22.43373729933381], [-49.14776339999997, -22.4335731993338], [-49.14869249999998, -22.43339859933378], [-49.14944830000002, -22.43291689933382], [-49.15008069999999, -22.4322510993338], [-49.151225000000004, -22.431899099333833], [-49.151677500000005, -22.43267769933382], [-49.15221869999999, -22.433387599333795], [-49.152854199999986, -22.434015099333795], [-49.15372880000001, -22.43432839933381], [-49.154546700000026, -22.43467449933379], [-49.15548960000001, -22.43466129933378], [-49.15617880000002, -22.434012799333797], [-49.15677040000003, -22.43334759933379], [-49.15724440000002, -22.432627099333807], [-49.158015499999976, -22.432134499333852], [-49.15894379999998, -22.432179399333815], [-49.159754599999985, -22.432454699333817], [-49.16060090000001, -22.43273949933384], [-49.161403500000006, -22.433117799333786], [-49.1621776, -22.433591499333772], [-49.162793599999986, -22.434214599333792], [-49.163088000000016, -22.435510199333752], [-49.162500000000016, -22.43624689933375], [-49.161873300000025, -22.43687049933372], [-49.1612538, -22.437488899333708], [-49.160849299999995, -22.438343699333696], [-49.160417600000024, -22.439153099333662], [-49.16005499999999, -22.43991809933364], [-49.159920399999976, -22.440752499333602], [-49.15974849999997, -22.442324199333562], [-49.15996949999998, -22.44313469933353], [-49.1605553, -22.443808999333548], [-49.16146479999997, -22.444009999333534], [-49.1623841, -22.444180999333554], [-49.163300600000014, -22.444161399333534], [-49.164263500000004, -22.444087399333547], [-49.165166899999974, -22.443784099333584], [-49.166056000000026, -22.443910199333548], [-49.166705200000024, -22.444535699333546], [-49.16755799999999, -22.444922599333513], [-49.168483700000024, -22.444671999333554], [-49.16947950000002, -22.444378099333527], [-49.170435, -22.444118399333526], [-49.1711669, -22.443515799333557], [-49.17187580000001, -22.442983699333585], [-49.172531600000006, -22.44239549933355], [-49.17332570000002, -22.44283559933359], [-49.17408569999997, -22.443285099333586], [-49.17502050000002, -22.443310299333575], [-49.17617550000001, -22.44356809933355], [-49.177070000000015, -22.44386539933354], [-49.177743799999966, -22.444454799333553], [-49.17839900000001, -22.4451351993335], [-49.178888400000005, -22.445885099333502], [-49.17950990000003, -22.446524299333515], [-49.18019859999998, -22.44721229933346], [-49.18030709999999, -22.447438099333464], [-49.18080870000001, -22.448127599333475], [-49.1813171, -22.448872799333444], [-49.18191469999999, -22.449522199333412], [-49.18283450000001, -22.449961899333413], [-49.183726999999976, -22.44969479933339], [-49.18461580000002, -22.449448999333434], [-49.18545139999998, -22.449073199333423], [-49.1863343, -22.448770499333463], [-49.18697709999998, -22.44828799933344], [-49.1873013, -22.44810759933347], [-49.188058500000004, -22.447638099333478], [-49.18867760000001, -22.446996899333463], [-49.18916660000002, -22.446243299333485], [-49.18975949999999, -22.445606699333496], [-49.19055950000001, -22.44522799933351], [-49.1914208, -22.445510799333544], [-49.192365300000006, -22.445510799333544], [-49.193723999999975, -22.445560399333495], [-49.19460299999997, -22.445792099333516], [-49.19540280000001, -22.446274099333472], [-49.1962848, -22.44602379933348], [-49.19706630000001, -22.445585199333493], [-49.19799819999997, -22.445434799333498], [-49.19873439999998, -22.44493069933352], [-49.1994024, -22.44433639933354], [-49.199477100000024, -22.44273239933359], [-49.20022110000003, -22.442148499333562], [-49.20081979999998, -22.441524799333635], [-49.20159330000002, -22.441034999333617], [-49.2023345, -22.440523099333635], [-49.20319649999998, -22.440264899333634], [-49.203812400000004, -22.43964339933367], [-49.20406179999998, -22.43884459933365], [-49.204482799999994, -22.437915399333697], [-49.20419429999999, -22.437074199333697], [-49.20439399999998, -22.436211599333706], [-49.204478999999985, -22.435340599333767], [-49.20414879999998, -22.434510899333784], [-49.20354170000002, -22.433870799333803], [-49.203085999999985, -22.433109299333825], [-49.20365889999999, -22.432397799333806], [-49.204099999999976, -22.431596199333836], [-49.20458120000001, -22.430816599333863], [-49.20524169999999, -22.430232899333884], [-49.20606950000001, -22.429892199333867], [-49.206842600000016, -22.42943279933386], [-49.20697710000001, -22.429398999333877], [-49.20732390000001, -22.42941139933388], [-49.20821430000001, -22.429680899333878], [-49.20906889999997, -22.429357299333876], [-49.20972660000001, -22.428746899333934], [-49.21052229999998, -22.428191999333947], [-49.211334299999976, -22.427758899333938], [-49.2120807, -22.427205099333914], [-49.21281160000001, -22.42662209933393], [-49.21308829999998, -22.425787799334007], [-49.214624800000024, -22.425745199333974], [-49.215511900000024, -22.425445999334002], [-49.21586610000003, -22.424676699334025], [-49.217027900000005, -22.42468199933403], [-49.218046500000014, -22.42457189933399], [-49.21901559999998, -22.42440159933401], [-49.21993739999999, -22.424173899334047], [-49.21976699999999, -22.423322699334065], [-49.220043499999974, -22.422275699334048], [-49.220253300000024, -22.421430599334084], [-49.22003430000001, -22.42015519933412], [-49.22003990000001, -22.419165699334133], [-49.2197319, -22.418376599334128], [-49.21977470000001, -22.41754049933413], [-49.22031049999998, -22.41689889933415], [-49.221219700000006, -22.41687289933417], [-49.221724800000004, -22.416156199334186], [-49.22258210000001, -22.415780099334206], [-49.22347980000001, -22.415711499334197], [-49.22428250000002, -22.415302799334224], [-49.22511850000001, -22.414926499334204], [-49.226000699999986, -22.414626499334226], [-49.226822200000015, -22.41418159933425], [-49.22777689999998, -22.414410499334217], [-49.2286846, -22.414224999334227], [-49.229197699999986, -22.413528599334267], [-49.22916490000001, -22.412638499334296], [-49.22894919999999, -22.411801899334304], [-49.22936600000003, -22.41103159933431], [-49.2297527, -22.41027579933436], [-49.230446900000004, -22.409724399334355], [-49.23104139999998, -22.409093299334362], [-49.23142250000001, -22.408322299334394], [-49.231976599999996, -22.407652299334387], [-49.23272259999999, -22.40708369933439], [-49.23339879999997, -22.40644009933442], [-49.23402040000002, -22.405812199334463], [-49.235032800000006, -22.405509899334472], [-49.23641930000002, -22.405515499334427], [-49.237282999999984, -22.405083499334438], [-49.23906090000003, -22.40495459933445], [-49.23999300000003, -22.40495639933446], [-49.24084260000001, -22.40468379933445], [-49.241414099999986, -22.404010499334515], [-49.24225719999998, -22.403587799334506], [-49.24313469999999, -22.403395899334516], [-49.243996100000004, -22.403072199334503], [-49.24447709999998, -22.402340399334534], [-49.24528190000001, -22.401882599334552], [-49.246052700000014, -22.401366499334536], [-49.246976399999994, -22.40104139933455], [-49.247948399999984, -22.400780599334574], [-49.248921800000005, -22.400787699334582], [-49.24964729999999, -22.401375399334537], [-49.250052299999986, -22.402229699334544], [-49.250310300000024, -22.40338059933449], [-49.25075170000002, -22.404158799334486], [-49.251659399999994, -22.404407499334464], [-49.25257260000001, -22.404401399334454], [-49.253456400000005, -22.40456199933446], [-49.25429159999999, -22.40497699933443], [-49.254966399999994, -22.405565699334453], [-49.25566220000002, -22.406242399334428], [-49.25609079999998, -22.40701919933439], [-49.25636700000001, -22.407847499334387], [-49.2567133, -22.408806499334393], [-49.25697969999999, -22.409671799334355], [-49.256960100000015, -22.410521299334363], [-49.256581900000015, -22.411309499334315], [-49.256955300000016, -22.41212169933429], [-49.257498999999996, -22.412829899334287], [-49.25842779999999, -22.413047999334275], [-49.25896369999998, -22.41373989933425], [-49.25916269999999, -22.413841299334255], [-49.26007149999999, -22.414124299334276], [-49.26093930000002, -22.41386029933426], [-49.2617378, -22.41338919933425], [-49.26219800000001, -22.41261469933428], [-49.26271789999999, -22.41192069933429], [-49.26355419999999, -22.411545699334283], [-49.264469599999984, -22.411318699334295], [-49.265433599999994, -22.41106089933431], [-49.26628010000002, -22.410735299334327], [-49.26678190000001, -22.410023199334354], [-49.267603399999985, -22.40968179933433], [-49.26847529999998, -22.409391199334372], [-49.26961849999998, -22.40912269933437], [-49.2703464, -22.40863489933436], [-49.27097500000002, -22.408023299334406], [-49.27190649999999, -22.407749499334415], [-49.27278749999999, -22.408007899334372], [-49.2737113, -22.40804909933441], [-49.27469029999998, -22.408008799334397], [-49.275283, -22.407361899334415], [-49.275845300000015, -22.406653799334425], [-49.2762103, -22.405843099334465], [-49.27650319999998, -22.40502239933447], [-49.27693649999998, -22.404250599334485], [-49.27788559999999, -22.40414929933445], [-49.27864920000002, -22.404667199334465], [-49.2795438, -22.404459499334436], [-49.280436399999985, -22.40411769933445], [-49.281145200000026, -22.403535499334467], [-49.28085429999999, -22.402674299334503], [-49.280337799999984, -22.40195709933454], [-49.28059940000002, -22.401103499334532], [-49.28087229999999, -22.40018659933456], [-49.28086639999997, -22.39912089933461], [-49.281202300000025, -22.39833629933459], [-49.282043800000004, -22.398001899334623], [-49.28296560000002, -22.39807069933462], [-49.28383229999998, -22.398365899334603], [-49.284615900000006, -22.39883829933462], [-49.28545580000002, -22.398524299334632], [-49.286114999999995, -22.397915999334625], [-49.287700500000035, -22.39745369933466], [-49.288644999999974, -22.397453599334643], [-49.28950739999999, -22.397926299334614], [-49.290199099999995, -22.39860089933462], [-49.2906524, -22.399345999334578], [-49.29135409999998, -22.399932999334553], [-49.2914313, -22.399946399334556], [-49.29181879999999, -22.399958799334563], [-49.292622900000026, -22.399475399334563], [-49.29345469999999, -22.399095099334613], [-49.294233099999985, -22.39866239933458], [-49.29478110000002, -22.397956499334644], [-49.29483879999998, -22.397108299334647], [-49.29504059999999, -22.39628409933467], [-49.295634199999995, -22.395617499334694], [-49.29625850000002, -22.39499179933471], [-49.2968707, -22.394367199334678], [-49.29761259999998, -22.39385589933471], [-49.298475499999995, -22.393598399334696], [-49.298976400000015, -22.392846999334754], [-49.29961420000001, -22.392220999334757], [-49.3004818, -22.391928299334783], [-49.3014005, -22.391891099334778], [-49.30222629999997, -22.39227029933477], [-49.30289399999998, -22.39294009933471], [-49.303730400000006, -22.393276699334738], [-49.304671799999994, -22.393296899334715], [-49.30541620000003, -22.393822899334697], [-49.306355800000006, -22.3937991993347], [-49.307079699999974, -22.39329239933474], [-49.30794500000002, -22.39305549933474], [-49.308783800000015, -22.392682499334718], [-49.309678399999996, -22.39244329933478], [-49.31041770000002, -22.39192979933478], [-49.31107809999998, -22.39128749933475], [-49.311422100000016, -22.390509699334793], [-49.31214110000003, -22.389945599334798], [-49.31303939999998, -22.38978869933481], [-49.314062999999976, -22.38996349933484], [-49.314997500000004, -22.389855899334798], [-49.31576740000003, -22.389373699334836], [-49.316524800000025, -22.388870599334854], [-49.317077900000015, -22.388363499334876], [-49.31749669999999, -22.387580499334877], [-49.3172535, -22.38673709933489], [-49.31755800000002, -22.38594709933491], [-49.3182807, -22.385437599334907], [-49.318762600000014, -22.38471719933494], [-49.31920500000001, -22.383867999334957], [-49.319200799999976, -22.38264229933496], [-49.319199899999994, -22.381342999335025], [-49.319724899999976, -22.380607399335002], [-49.319768599999975, -22.37971819933507], [-49.3200342, -22.37873259933506], [-49.32048759999998, -22.377981299335076], [-49.32087009999997, -22.37721569933514], [-49.320588799999996, -22.373842999335213], [-49.3209324, -22.373064799335218], [-49.321457399999986, -22.372261399335237], [-49.321768899999995, -22.37144959933525], [-49.32236000000001, -22.37081669933523], [-49.322984899999994, -22.37020029933529], [-49.32309830000003, -22.36930779933529], [-49.322617400000006, -22.3685141993353], [-49.32225549999998, -22.368009599335316], [-49.32312660000002, -22.36825569933534], [-49.3240404, -22.368347999335334], [-49.324836300000015, -22.36877549933534], [-49.3266423, -22.368849099335286], [-49.32758289999998, -22.368676299335316], [-49.32834409999998, -22.36819899933532], [-49.328653299999985, -22.367417899335358], [-49.32864210000002, -22.36651029933538], [-49.32861550000001, -22.365631099335342], [-49.328685500000006, -22.364773299335425], [-49.32863680000003, -22.36388189933544], [-49.32813520000002, -22.36311249933544], [-49.3295392, -22.363010699335458], [-49.33047149999999, -22.363273899335454], [-49.3314532, -22.363282499335458], [-49.33229069999999, -22.363744999335417], [-49.333044700000016, -22.3642348993354], [-49.33400260000001, -22.36414149933543], [-49.33489709999998, -22.363895599335393], [-49.33562640000003, -22.3633881993354], [-49.33615959999998, -22.362675099335434], [-49.33674300000001, -22.362003899335452], [-49.33743959999998, -22.361658699335493], [-49.337811199999976, -22.360560099335487], [-49.33827500000001, -22.35982829933551], [-49.33836669999999, -22.35967619933554], [-49.3392867, -22.359412899335517], [-49.34020470000002, -22.359337299335515], [-49.340900999999974, -22.358663299335525], [-49.34152319999998, -22.35803599933558], [-49.34234120000002, -22.35742589933558], [-49.34311910000003, -22.35699319933555], [-49.34374459999998, -22.356368499335563], [-49.344521199999974, -22.3558914993356], [-49.345445299999994, -22.35573329933561], [-49.34532489999999, -22.354843099335618], [-49.34526340000002, -22.353960899335654], [-49.34465540000002, -22.353290399335652], [-49.34475919999999, -22.352341699335703], [-49.34475680000003, -22.35054929933575], [-49.344473300000004, -22.349172399335753], [-49.34475559999998, -22.348287299335762], [-49.345711600000016, -22.34828049933577], [-49.34661230000001, -22.348085799335777], [-49.347570500000025, -22.348293199335785], [-49.34820830000001, -22.347707299335816], [-49.34867589999999, -22.34699769933579], [-49.348980299999994, -22.34618969933587], [-49.34946450000001, -22.345473099335845], [-49.349853800000005, -22.34470019933584], [-49.35048599999999, -22.34409249933587], [-49.35119609999998, -22.343534899335896], [-49.35141859999999, -22.3421824993359], [-49.3515893, -22.341305899335953], [-49.35195649999997, -22.340510399335994], [-49.35170099999999, -22.33968179933598], [-49.351699999999994, -22.339398399335984], [-49.35197920000002, -22.338600899336026], [-49.35229659999999, -22.33781659933602], [-49.35253340000003, -22.337453899336047], [-49.35358459999997, -22.337735299336053], [-49.3543019, -22.33826009933603], [-49.355069800000024, -22.338745499336024], [-49.35608559999997, -22.338851599336007], [-49.357013499999994, -22.338562399336016], [-49.35760690000001, -22.337832399336055], [-49.358545900000024, -22.33780829933604], [-49.35951240000003, -22.33801099933602], [-49.3603205, -22.338424099336013], [-49.361222500000004, -22.338299799336035], [-49.36212530000001, -22.33851139933603], [-49.363028199999974, -22.33856649933603], [-49.363931200000025, -22.338817399335984], [-49.364833100000006, -22.339056599335997], [-49.36558480000002, -22.339566599335992], [-49.3665623, -22.33939759933598], [-49.367492099999986, -22.339391899336], [-49.36834950000002, -22.339118399336016], [-49.369067900000005, -22.339623899335983], [-49.36992329999998, -22.339988299335992], [-49.37039720000001, -22.340722699335977], [-49.37133849999998, -22.340786799335948], [-49.37198369999999, -22.340098199335976], [-49.37283689999998, -22.339808199335984], [-49.373735599999975, -22.339924199335965], [-49.37443300000001, -22.340517999335933], [-49.37531689999997, -22.340753499335968], [-49.375618299999985, -22.341057999335927], [-49.376506800000016, -22.340807699335983], [-49.377428200000004, -22.340479499335984], [-49.377876800000024, -22.33973099933595], [-49.37851119999999, -22.339102999336024], [-49.379168900000025, -22.338496999336034], [-49.37952560000002, -22.337698099336038], [-49.38040160000003, -22.337151999336047], [-49.3810674, -22.33655569933608], [-49.38141209999998, -22.335742899336086], [-49.382148700000016, -22.335237099336066], [-49.38311939999999, -22.33523579933611], [-49.38389080000002, -22.334788299336118], [-49.384664999999984, -22.334322099336116], [-49.38547590000002, -22.333805999336096], [-49.386213, -22.333251199336146], [-49.38687540000001, -22.33266769933615], [-49.38775290000001, -22.33240469933614], [-49.38817979999998, -22.331649899336178], [-49.38858090000002, -22.33088559933619], [-49.38831420000003, -22.330068299336197], [-49.38788890000001, -22.329330399336232], [-49.3875625, -22.328510799336254], [-49.38781130000001, -22.327622699336278], [-49.3882514, -22.326859699336296], [-49.38866309999998, -22.326010899336335], [-49.38936669999999, -22.325474199336295], [-49.38968820000002, -22.324619299336323], [-49.390281200000004, -22.323943599336364], [-49.3905474, -22.32313829933636], [-49.3905891, -22.323009299336398], [-49.39143530000001, -22.322627899336382], [-49.39237630000003, -22.322451599336418], [-49.39313590000001, -22.322000499336397], [-49.39405249999999, -22.32193899933639], [-49.394949499999996, -22.32224619933638], [-49.39573180000003, -22.322656499336375], [-49.396545300000014, -22.323011599336347], [-49.397446100000025, -22.32294089933637], [-49.39829559999998, -22.322440699336408], [-49.399170599999984, -22.322193099336396], [-49.399994699999986, -22.32255589933639], [-49.40076699999997, -22.32303489933636], [-49.40152669999998, -22.32353569933635], [-49.40204189999997, -22.324275199336345], [-49.40289419999999, -22.324664799336325], [-49.40383730000002, -22.32474739933631], [-49.404656699999975, -22.325256899336317], [-49.40527809999998, -22.325892299336328], [-49.406173000000024, -22.326059499336285], [-49.40704240000002, -22.325786299336315], [-49.4081137, -22.325788999336297], [-49.40897890000002, -22.325312399336298], [-49.40920039999997, -22.32495369933631], [-49.41011750000002, -22.32521939933631], [-49.411053100000004, -22.325308399336304], [-49.41195299999998, -22.325512899336296], [-49.413768300000015, -22.32550499933635], [-49.414672900000035, -22.325581599336342], [-49.41519920000002, -22.32585059933634], [-49.416119400000014, -22.32570319933633], [-49.416729499999974, -22.325020599336344], [-49.41760740000001, -22.324705099336352], [-49.418518000000006, -22.32468199933633], [-49.41947820000001, -22.324675899336327], [-49.420147499999985, -22.325235899336313], [-49.42107609999999, -22.325198099336347], [-49.42181290000002, -22.32467039933635], [-49.42256329999997, -22.325133899336358], [-49.42317270000001, -22.32575639933631], [-49.42432839999998, -22.326068199336316], [-49.42525060000003, -22.326312799336282], [-49.42617339999998, -22.326348599336324], [-49.42699090000002, -22.32593699933631], [-49.427745300000026, -22.32545359933632], [-49.428644899999995, -22.325231399336335], [-49.429011, -22.326090599336283], [-49.42968860000003, -22.326676899336285], [-49.43047380000001, -22.327145799336265], [-49.430910400000016, -22.32790849933624], [-49.43177029999998, -22.328253899336246], [-49.43270430000001, -22.328310699336225], [-49.433174599999965, -22.32902879933624], [-49.43391789999998, -22.329524799336227], [-49.4348415, -22.329981899336218], [-49.435722399999975, -22.330283099336192], [-49.43650689999998, -22.3307172993362], [-49.43734189999998, -22.33106189933619], [-49.43828100000002, -22.330997699336194], [-49.43895820000001, -22.33033079933621], [-49.4396491, -22.32964439933622], [-49.43978040000002, -22.328805499336227], [-49.44033150000001, -22.328084199336235], [-49.44145900000001, -22.32773269933629], [-49.442193799999984, -22.327123599336264], [-49.44277219999998, -22.326473399336283], [-49.44281169999999, -22.32634249933631], [-49.443685200000004, -22.326546999336298], [-49.444342000000006, -22.32715799933627], [-49.444946000000016, -22.32780539933625], [-49.445391900000004, -22.32856429933622], [-49.446442, -22.32856749933627], [-49.44734599999998, -22.32829659933624], [-49.44830350000001, -22.328280999336254], [-49.44923469999998, -22.32854359933624], [-49.449926300000016, -22.32913289933622], [-49.45059070000002, -22.329720399336207], [-49.451116300000024, -22.330409899336203], [-49.451155400000005, -22.331302999336167], [-49.45150050000001, -22.332110799336174], [-49.45224730000001, -22.332599999336164], [-49.45278459999997, -22.333276499336144], [-49.4535778, -22.333690599336144], [-49.454091300000016, -22.334431599336128], [-49.45506490000003, -22.3346797993361], [-49.45590520000002, -22.33514169933611], [-49.45680299999998, -22.334980599336102], [-49.45767210000002, -22.334725699336072], [-49.458363899999995, -22.33536449933611], [-49.4592753, -22.335208899336084], [-49.45932499999998, -22.335193899336073], [-49.45977549999998, -22.33443989933611], [-49.460036699999996, -22.333569699336117], [-49.460614899999996, -22.332891499336156], [-49.461026100000026, -22.332490599336182], [-49.461772699999976, -22.331958399336184], [-49.462255500000026, -22.33122809933616], [-49.46303339999997, -22.330798099336167], [-49.464064, -22.33078869933623], [-49.464758500000016, -22.330243299336217], [-49.4656688, -22.33048789933618], [-49.4663582, -22.329900099336186], [-49.46693920000001, -22.32921359933624], [-49.4675327, -22.328540199336263], [-49.468293800000026, -22.32796639933624], [-49.46903309999999, -22.327494199336268], [-49.469751900000006, -22.32694989933627], [-49.47031190000002, -22.32634249933631], [-49.47107360000001, -22.32580559933633], [-49.47201910000001, -22.325957899336306], [-49.47292349999997, -22.326068399336307], [-49.47385279999997, -22.3261573993363], [-49.47437050000001, -22.326932999336282], [-49.475099899999975, -22.32744879933629], [-49.475916299999994, -22.32701179933627], [-49.476672199999996, -22.326526999336295], [-49.477245700000026, -22.325847399336297], [-49.477542099999994, -22.324847399336342], [-49.47780729999999, -22.32401599933632], [-49.47753990000001, -22.32319159933634], [-49.4777502, -22.32234849933636], [-49.478352599999994, -22.32167719933642], [-49.47888949999998, -22.320967099336446], [-49.4796336, -22.320448499336432], [-49.48045339999999, -22.320002299336455], [-49.481356800000015, -22.31970979933645], [-49.48230130000002, -22.319505099336467], [-49.48310579999998, -22.31911689933645], [-49.48381660000001, -22.31965829933648], [-49.48471349999999, -22.319589699336454], [-49.48586749999999, -22.319397999336434], [-49.4869607, -22.31940319933647], [-49.48783150000003, -22.319126399336483], [-49.489200900000014, -22.319120199336446], [-49.49010179999999, -22.319154799336445], [-49.491105300000015, -22.31940879933648], [-49.49201479999999, -22.319221499336486], [-49.4926418, -22.318596699336478], [-49.493097499999976, -22.31786179933649], [-49.49332520000001, -22.317013399336524], [-49.49364489999999, -22.31623089933652], [-49.4938755, -22.31540309933658], [-49.49436680000002, -22.3146486993366], [-49.49464779999999, -22.313809499336585], [-49.495013299999975, -22.313041999336612], [-49.4952935, -22.312215699336654], [-49.495312000000006, -22.31134239933666], [-49.495841600000006, -22.31061219933665], [-49.495871700000016, -22.310269499336673], [-49.4958699, -22.30925899933669], [-49.49587330000003, -22.30841409933671], [-49.4955521, -22.30751879933676], [-49.4956762, -22.306692599336774], [-49.49643090000001, -22.306209599336757], [-49.49735529999998, -22.305762599336763], [-49.49753040000002, -22.30489789933681], [-49.49694820000002, -22.304215699336805], [-49.49632100000003, -22.30359189933684], [-49.4959374, -22.302838699336842], [-49.49659339999999, -22.302143799336875], [-49.49687369999998, -22.301312499336877], [-49.49697859999998, -22.299675599336926], [-49.49726199999998, -22.298745399336916], [-49.497318800000016, -22.297891299336975], [-49.49681099999998, -22.297141799337005], [-49.49669039999998, -22.296251099337013], [-49.4966685, -22.295412299337034], [-49.4969562, -22.294578899337015], [-49.49635890000002, -22.293896499337077], [-49.49569139999999, -22.293259799337054], [-49.49529430000001, -22.292398699337067], [-49.49503979999998, -22.29150419933713], [-49.49451019999998, -22.291059799337155], [-49.493582100000026, -22.291031699337147], [-49.49267470000001, -22.290738699337147], [-49.4919013, -22.290297899337126], [-49.49142019999999, -22.289551699337164], [-49.491196300000006, -22.288736799337162], [-49.491145200000005, -22.28856449933719], [-49.49114909999997, -22.28770409933719], [-49.490889200000034, -22.286865399337227], [-49.49145620000002, -22.286161899337248], [-49.49194949999997, -22.285415199337237], [-49.4922947, -22.284581499337285], [-49.49279569999999, -22.28387659933728], [-49.49281559999997, -22.28286729933734], [-49.49281189999999, -22.281897799337372], [-49.49371230000003, -22.281900799337354], [-49.493922999999995, -22.281619999337323], [-49.494685300000015, -22.281083899337354], [-49.49563310000002, -22.28123939933736], [-49.49655360000002, -22.28129769933733], [-49.49733459999999, -22.280798099337396], [-49.49823939999999, -22.28055269933736], [-49.49915440000001, -22.2806132993374], [-49.499920100000004, -22.281071399337335], [-49.50062109999999, -22.280485399337344], [-49.50097899999997, -22.27971369933739], [-49.50086440000001, -22.278793699337403], [-49.500896599999976, -22.27790899933746], [-49.50135089999998, -22.277115199337477], [-49.50191330000001, -22.276437699337443], [-49.50246550000003, -22.275728999337503], [-49.503055800000034, -22.275063799337502], [-49.503572700000014, -22.274336899337495], [-49.5042874, -22.27381499933755], [-49.504968200000015, -22.273231299337564], [-49.506450500000035, -22.271792899337566], [-49.50770499999999, -22.270619999337615], [-49.508418000000006, -22.269953399337638], [-49.5096317, -22.268818699337647], [-49.510378800000005, -22.26829609933764], [-49.5111799, -22.267829599337695], [-49.51184030000001, -22.267222599337714], [-49.512692800000025, -22.26695779933769], [-49.513595099999975, -22.267157399337652], [-49.514479600000016, -22.26692269933769], [-49.51528209999998, -22.266528199337685], [-49.516212800000005, -22.26640629933773], [-49.51652890000002, -22.265598599337697], [-49.51715009999998, -22.26492239933773], [-49.517653399999965, -22.264177599337724], [-49.51870100000002, -22.264131399337757], [-49.5195933, -22.26388009933776], [-49.520040400000035, -22.26303469933778], [-49.5200367, -22.262036899337808], [-49.5200385, -22.26119299933782], [-49.519815600000015, -22.260383399337858], [-49.51955529999998, -22.259567599337892], [-49.52045850000002, -22.259113599337855], [-49.52138289999999, -22.259223099337856], [-49.52231949999998, -22.259435499337865], [-49.52332569999999, -22.259684799337865], [-49.52425219999997, -22.259511899337877], [-49.52487359999998, -22.258882199337897], [-49.52503810000002, -22.258342399337895], [-49.526541899999984, -22.258393299337914], [-49.52754169999998, -22.258449399337906], [-49.52845519999999, -22.258713299337895], [-49.529123200000015, -22.257737999337927], [-49.52993570000001, -22.25726489933791], [-49.53071990000001, -22.256849999337916], [-49.53189470000001, -22.256549599337966], [-49.5322941, -22.25669609933793], [-49.53241209999999, -22.25640379933793], [-49.53327919999999, -22.255970999337936], [-49.534368599999986, -22.255482399337964], [-49.53517110000002, -22.255044699337958], [-49.53612720000001, -22.255116199337944], [-49.53737910000002, -22.255621399337947], [-49.53815500000002, -22.256342799337965], [-49.53926200000001, -22.256108299337935], [-49.54048249999999, -22.25665419933795], [-49.5414614, -22.25656919933794], [-49.54245100000003, -22.256558399337955], [-49.54337270000003, -22.256200499337922], [-49.54416420000001, -22.25580069933796], [-49.544491900000025, -22.254841199337964], [-49.545481300000006, -22.25462799933801], [-49.547100899999975, -22.254789999337998], [-49.54793530000001, -22.25552219933793], [-49.54890999999998, -22.255999999337927], [-49.55005230000001, -22.255706899337948], [-49.55117130000002, -22.25530269933797], [-49.55219119999998, -22.254753099337993], [-49.552484400000026, -22.25390579933799], [-49.553295400000025, -22.253191899338002], [-49.553758500000015, -22.252204299338057], [-49.5550278, -22.25236199933804], [-49.555968500000006, -22.25151559933806], [-49.55629290000002, -22.250615499338057], [-49.557284100000004, -22.24978809933808], [-49.557949699999995, -22.24917739933812], [-49.55854249999999, -22.248535899338105], [-49.55938739999999, -22.24774499933815], [-49.560367100000015, -22.24737389933816], [-49.56045139999998, -22.246367799338145], [-49.56091090000001, -22.245598899338198], [-49.561783, -22.244986199338236], [-49.562727600000024, -22.244632199338223], [-49.563667399999986, -22.244577099338237], [-49.5645164, -22.243999399338232], [-49.56522260000003, -22.243228799338244], [-49.56602320000001, -22.24280809933824], [-49.567049, -22.24298409933826], [-49.567955999999974, -22.24358619933822], [-49.569953899999966, -22.24318199933824], [-49.5705132, -22.242208599338298], [-49.57163259999999, -22.242343199338258], [-49.572637799999995, -22.24207119933827], [-49.57351890000001, -22.24163079933829], [-49.574580799999985, -22.24124849933828], [-49.57550120000001, -22.241433399338295], [-49.57660950000002, -22.24171749933827], [-49.57761420000003, -22.241958299338297], [-49.57845129999998, -22.24237489933828], [-49.57943710000001, -22.24285569933826], [-49.58024139999998, -22.24352289933826], [-49.580596000000014, -22.24426799933821], [-49.581822199999976, -22.244529899338186], [-49.58264880000002, -22.24415309933824], [-49.58343309999998, -22.243481599338228], [-49.58416219999998, -22.242633299338287], [-49.58496819999999, -22.241446399338265], [-49.58570789999999, -22.240731099338316], [-49.586398499999966, -22.239852199338294], [-49.58729979999999, -22.239178799338333], [-49.5880798, -22.238316399338334], [-49.5887237, -22.237240099338393], [-49.58933159999998, -22.23658949933838], [-49.589536899999985, -22.23573499933841], [-49.58953200000002, -22.235345299338437], [-49.59128850000001, -22.236820699338413], [-49.592327599999976, -22.237337599338378], [-49.59353340000002, -22.237433499338387], [-49.59458230000002, -22.2373604993384], [-49.59574400000003, -22.23734209933836], [-49.59537740000002, -22.236283599338385], [-49.5963855, -22.2355966993384], [-49.597485500000005, -22.23572719933842], [-49.59846750000003, -22.23551869933844], [-49.59959199999997, -22.23513479933846], [-49.6008544, -22.2358424993384], [-49.60193370000002, -22.236357999338406], [-49.60288259999999, -22.23667819933838], [-49.60382329999999, -22.236780699338397], [-49.60470759999998, -22.23633299933842], [-49.60585930000001, -22.23626329933843], [-49.60689660000003, -22.236727999338427], [-49.607944499999974, -22.23751869933839], [-49.609270400000014, -22.237817899338367], [-49.6100457, -22.238252899338388], [-49.610781900000006, -22.238734999338373], [-49.6115949, -22.238481299338353], [-49.61276400000003, -22.23848379933834], [-49.61367050000001, -22.238378099338338], [-49.61486589999998, -22.23842919933835], [-49.61589500000002, -22.238454199338342], [-49.61689480000001, -22.23851279933838], [-49.6178903, -22.238763599338373], [-49.61901080000002, -22.23959619933833], [-49.619985499999984, -22.240065899338312], [-49.62110089999999, -22.239570699338337], [-49.6226441, -22.239594399338323], [-49.62368120000002, -22.239457899338323], [-49.62461020000001, -22.238912899338345], [-49.625281599999994, -22.238262799338344], [-49.6263027, -22.238029599338372], [-49.62760989999999, -22.237853399338388], [-49.628720199999975, -22.23785149933835], [-49.62952999999999, -22.237407099338366], [-49.630721300000005, -22.237136999338407], [-49.631727800000014, -22.23654279933839], [-49.63250629999998, -22.236007499338445], [-49.633761900000025, -22.235866899338436], [-49.634191999999985, -22.236647999338395], [-49.634529999999984, -22.237675699338386], [-49.63459039999998, -22.23873369933837], [-49.634490099999994, -22.239638199338334], [-49.635449900000026, -22.239678099338324], [-49.63623960000001, -22.238935799338336], [-49.63649520000001, -22.238035899338378], [-49.6375779, -22.237807799338366], [-49.63821960000001, -22.237097399338367], [-49.63913289999999, -22.236428099338426], [-49.64013, -22.23566829933841], [-49.641117699999995, -22.235333999338458], [-49.642112499999996, -22.235341399338424], [-49.643698200000024, -22.23534579933844], [-49.644208600000006, -22.23624329933842], [-49.64435789999999, -22.23717419933842], [-49.6445195, -22.238741099338377], [-49.645230200000015, -22.23949629933833], [-49.645692999999994, -22.240447799338337], [-49.64649209999999, -22.241193999338297], [-49.6476227, -22.241747299338268], [-49.64830949999998, -22.242852799338245], [-49.649241700000005, -22.243124499338272], [-49.649352799999974, -22.244060599338237], [-49.64959320000003, -22.244949299338185], [-49.65071310000002, -22.245056399338214], [-49.651841999999995, -22.24511589933818], [-49.652771599999994, -22.24550059933821], [-49.653576699999974, -22.246321499338194], [-49.654165600000006, -22.247212999338142], [-49.65366770000002, -22.248028699338157], [-49.653326900000025, -22.24858079933813], [-49.6537328, -22.249380999338133], [-49.65413979999999, -22.250278799338073], [-49.653986499999974, -22.25129689933806], [-49.653875400000004, -22.252412099338045], [-49.65342240000001, -22.253421599338033], [-49.65284539999998, -22.254188999337988], [-49.65239250000002, -22.25502119933796], [-49.651977199999976, -22.256062299337938], [-49.6515657, -22.257085999337935], [-49.65108759999998, -22.257917599337887], [-49.64985960000001, -22.258841099337868], [-49.64944170000002, -22.259634999337862], [-49.6492437, -22.260631199337816], [-49.64965539999997, -22.261512799337815], [-49.6498383, -22.262673699337792], [-49.65009079999999, -22.26367889933777], [-49.65065570000002, -22.264356899337752], [-49.651405599999975, -22.26507999933775], [-49.651046099999974, -22.266099299337725], [-49.65177099999999, -22.26726159933767], [-49.652549599999986, -22.268350599337676], [-49.653662199999985, -22.26903119933761], [-49.65458419999999, -22.269571399337643], [-49.65474080000001, -22.27049589933762], [-49.655234899999975, -22.27146759933758], [-49.65589, -22.272317799337557], [-49.656877399999985, -22.27294289933752], [-49.657368700000006, -22.273682099337513], [-49.65816510000002, -22.27420749933751], [-49.658483199999985, -22.275041399337525], [-49.65814169999999, -22.276093799337485], [-49.657635200000016, -22.277260599337424], [-49.65697690000002, -22.27788919933743], [-49.65591649999999, -22.279148599337393], [-49.65425909999998, -22.280694199337407], [-49.653893200000034, -22.281696999337353], [-49.65293860000003, -22.282238199337325], [-49.652651400000025, -22.28311499933732], [-49.65219739999998, -22.28434199933725], [-49.651792500000006, -22.285179299337248], [-49.65146290000001, -22.286001799337246], [-49.65133789999999, -22.286996199337196], [-49.65098949999998, -22.287864999337206], [-49.6508197, -22.288964899337167], [-49.65105010000003, -22.290042799337133], [-49.650896699999976, -22.29094989933711], [-49.65034020000002, -22.291727599337115], [-49.65070539999999, -22.292563499337124], [-49.65177219999998, -22.293005599337096], [-49.65137249999998, -22.294328899337028], [-49.650300200000004, -22.29476069933703], [-49.649250900000034, -22.29479269933705], [-49.64867989999999, -22.295641399337047], [-49.64767690000002, -22.29565419933702], [-49.646867999999984, -22.29551249933699], [-49.646660699999984, -22.296499899337007], [-49.645859400000006, -22.297077499336982], [-49.6455201, -22.298129899336946], [-49.64466859999999, -22.298426599336977], [-49.64409549999999, -22.299145499336937], [-49.642802399999994, -22.2998764993369], [-49.6416817, -22.30022639933689], [-49.63989040000001, -22.300471499336926], [-49.63837069999999, -22.30090409933692], [-49.636947200000016, -22.301347099336876], [-49.63613379999998, -22.302039199336896], [-49.635487599999976, -22.30274649933686], [-49.634833800000024, -22.303591999336817], [-49.63432510000001, -22.30461969933679], [-49.635245699999984, -22.305159699336787], [-49.635030900000004, -22.30606519933675], [-49.63553539999998, -22.306928799336735], [-49.63627600000001, -22.307810299336758], [-49.63675790000002, -22.30865509933672], [-49.63625689999997, -22.3097249993367], [-49.63605639999997, -22.310044299336692], [-49.636152700000025, -22.31100319933667], [-49.63669420000002, -22.311857899336648], [-49.63665709999998, -22.312709099336626], [-49.63635199999999, -22.313493999336586], [-49.63610990000001, -22.314400399336584], [-49.63550300000003, -22.315078099336553], [-49.6347015, -22.315945999336535], [-49.633904599999994, -22.316597399336505], [-49.63357669999999, -22.317687799336486], [-49.6325425, -22.318045099336494], [-49.63265569999999, -22.319143699336454], [-49.63316150000002, -22.320007699336468], [-49.63393559999997, -22.320492199336424], [-49.635031099999985, -22.32066889933641], [-49.63531390000003, -22.321487499336392], [-49.63527340000002, -22.322602099336372], [-49.635183100000006, -22.32364309933639], [-49.635210400000005, -22.324509799336326], [-49.635110800000014, -22.325359399336353], [-49.63471720000001, -22.326367999336302], [-49.63325939999999, -22.329507599336225], [-49.63302509999999, -22.33000519933623], [-49.63349449999998, -22.330916499336197], [-49.63443669999998, -22.331362699336186], [-49.63493310000001, -22.33207749933619], [-49.635823099999975, -22.33277089933617], [-49.636133700000016, -22.333553499336116], [-49.63703700000002, -22.33421639933612], [-49.638072799999975, -22.334864899336115], [-49.638515600000005, -22.335765999336065], [-49.63948820000002, -22.3365119993361], [-49.63993879999999, -22.33746599933605], [-49.640130000000006, -22.33837589933604], [-49.64067, -22.339237899336], [-49.640297499999974, -22.339997899335984], [-49.63958009999999, -22.340914099335976], [-49.63988030000002, -22.342055199335938], [-49.64033949999998, -22.3429300993359], [-49.640248799999995, -22.344469999335875], [-49.640529000000015, -22.34532419933585], [-49.640936300000014, -22.346232999335818], [-49.64185409999999, -22.3465830993358], [-49.64256640000002, -22.347411099335794], [-49.642898, -22.348439499335765], [-49.64362380000001, -22.349066899335792], [-49.6446171, -22.349553399335743], [-49.64491170000003, -22.350558799335715], [-49.645298099999984, -22.351412499335694], [-49.64470720000003, -22.35204049933569], [-49.64518420000001, -22.353561599335638], [-49.64554559999999, -22.354539699335607], [-49.64587640000002, -22.355769099335586], [-49.64625050000001, -22.35671319933558], [-49.646314200000006, -22.357674599335564], [-49.64733589999998, -22.358044999335565], [-49.6477567, -22.35895389933555], [-49.64776999999998, -22.359784699335496], [-49.64821269999999, -22.3606127993355], [-49.6485826, -22.3617188993355], [-49.6487042, -22.362774299335467], [-49.64932879999998, -22.363428899335403], [-49.64949339999998, -22.364410599335386], [-49.649897399999986, -22.365301899335403], [-49.65006319999998, -22.36638399933534], [-49.65049959999999, -22.36711519933535], [-49.651025600000025, -22.367838799335345], [-49.65174689999998, -22.36858909933532], [-49.651651500000014, -22.369231399335284], [-49.65258469999998, -22.36960779933527], [-49.65355790000001, -22.369327199335288], [-49.65456030000001, -22.36961419933529], [-49.65461540000001, -22.37069749933526], [-49.655462699999994, -22.371138899335254], [-49.656543, -22.371256899335236], [-49.65745579999999, -22.37120569933527], [-49.658228699999995, -22.37074469933525], [-49.65920590000001, -22.370267599335246], [-49.66024060000001, -22.37025849933524], [-49.66112750000002, -22.369620299335295], [-49.662178100000006, -22.36930139933527], [-49.66317889999999, -22.369061899335318], [-49.663863499999984, -22.368156399335295], [-49.664834299999995, -22.367648699335355], [-49.66555519999997, -22.36814549933534], [-49.66655020000002, -22.36857699933533], [-49.66692469999998, -22.369462099335315], [-49.66736270000001, -22.37029519933525], [-49.668008799999996, -22.37090229933527], [-49.66854649999999, -22.371769599335234], [-49.66934689999999, -22.3725246993352], [-49.669908299999975, -22.3732548993352], [-49.67094980000002, -22.374009999335183], [-49.67124660000002, -22.37427239933517], [-49.67198560000003, -22.373449099335218], [-49.67258850000002, -22.372594499335204], [-49.67325549999998, -22.37194479933522], [-49.67420679999998, -22.37172119933526], [-49.67574000000002, -22.371744899335233], [-49.67696059999997, -22.37183229933522], [-49.67802790000001, -22.37221769933525], [-49.679164000000014, -22.372206399335205], [-49.68002539999998, -22.37191069933523], [-49.681045100000006, -22.371241599335267], [-49.681961300000005, -22.370595199335284], [-49.68289220000002, -22.37014839933527], [-49.684300199999996, -22.370398199335277], [-49.68562320000001, -22.370702599335278], [-49.686567500000024, -22.371082699335233], [-49.687540399999996, -22.37134809933523], [-49.68970189999999, -22.371463999335248], [-49.69076050000001, -22.371757999335227], [-49.69193289999998, -22.37204199933525], [-49.69280909999998, -22.372677599335187], [-49.69376999999997, -22.373110099335218], [-49.6943324, -22.37384139933519], [-49.694950800000015, -22.374508299335172], [-49.695815599999996, -22.374244299335164], [-49.696192999999994, -22.374269199335192], [-49.69717140000001, -22.373894599335213], [-49.69796179999997, -22.373038699335197], [-49.69892900000002, -22.372588399335196], [-49.699984900000004, -22.372709599335224], [-49.700476700000024, -22.37341809933518], [-49.70158300000003, -22.373784299335192], [-49.70258369999999, -22.374351999335158], [-49.70370250000003, -22.3744360993352], [-49.704782099999996, -22.374775599335184], [-49.7055062, -22.375342699335125], [-49.70551649999999, -22.376314499335113], [-49.7049525, -22.37703069933509], [-49.70486949999997, -22.37809479933507], [-49.70540130000001, -22.378871299335085], [-49.70607710000001, -22.37963309933503], [-49.70747890000001, -22.380050099335048], [-49.70781299999999, -22.380174399335026], [-49.7088789, -22.380077599335035], [-49.710006799999974, -22.379917399335053], [-49.71097270000001, -22.37968349933505], [-49.711920599999985, -22.37921849933504], [-49.71325460000003, -22.37928209933507], [-49.71416310000001, -22.37907459933509], [-49.71514300000001, -22.379390199335045], [-49.71537710000001, -22.38040939933505], [-49.71614349999998, -22.38091539933502], [-49.7163582, -22.381734799335003], [-49.71617220000002, -22.382691199334996], [-49.71695810000001, -22.38335609933498], [-49.7180277, -22.38307409933496], [-49.71900190000002, -22.38274399933498], [-49.72004800000002, -22.38217539933499], [-49.72079689999998, -22.381346899334993], [-49.72159859999999, -22.380865299335007], [-49.7227924, -22.38058959933503], [-49.72383819999999, -22.38053749933502], [-49.72502930000002, -22.380151799335064], [-49.725538900000004, -22.379350399335074], [-49.7256946, -22.37853039933506], [-49.72615239999999, -22.377701699335077], [-49.726492699999994, -22.376687099335154], [-49.72682900000001, -22.37563539933517], [-49.72714480000002, -22.37443649933517], [-49.7277876, -22.373514599335216], [-49.72906260000002, -22.37344169933519], [-49.73011070000001, -22.37328959933521], [-49.73058129999998, -22.374047899335178], [-49.73095230000001, -22.3746160993352], [-49.73144939999998, -22.37546129933512], [-49.732508199999984, -22.37585839933516], [-49.73233520000002, -22.376710799335136], [-49.73311799999999, -22.377665499335066], [-49.73332629999998, -22.378652099335078], [-49.73374890000002, -22.379532199335085], [-49.73466639999998, -22.379744299335073], [-49.735988299999974, -22.380094999335018], [-49.73648179999998, -22.380942299335036], [-49.73761459999997, -22.38074109933505], [-49.73852990000001, -22.381001299334994], [-49.73971890000002, -22.381105499335], [-49.74071429999998, -22.381444199334982], [-49.74156060000001, -22.381735299335016], [-49.74244859999999, -22.38227199933499], [-49.74351100000001, -22.38186769933498], [-49.74459619999998, -22.38255529933496], [-49.74486810000002, -22.383356399335], [-49.7459905, -22.383101999334972], [-49.74704359999999, -22.382777499334953], [-49.7481186, -22.38284699933501], [-49.748881700000034, -22.38201929933501], [-49.74934990000003, -22.381233199335004], [-49.75019600000002, -22.38067329933503], [-49.751292999999976, -22.38119049933501], [-49.75219499999997, -22.38123959933503], [-49.753553899999986, -22.381171199334993], [-49.75418569999999, -22.38040369933502], [-49.755027900000016, -22.37977659933506], [-49.75595370000003, -22.38003449933507], [-49.75722710000002, -22.380535999335038], [-49.75732599999998, -22.381451499335032], [-49.75762350000002, -22.382531699335008], [-49.759046599999984, -22.382973699334954], [-49.75983400000002, -22.38345449933499], [-49.76054190000002, -22.384256499334928], [-49.761036499999996, -22.3849695993349], [-49.76198160000001, -22.38509989933492], [-49.763045799999986, -22.384968399334927], [-49.76400419999999, -22.38608359933491], [-49.76517059999997, -22.3863009993349], [-49.766067099999994, -22.3868890993349], [-49.76566910000003, -22.38797019933484], [-49.7658945, -22.389025799334842], [-49.76638689999999, -22.389768199334803], [-49.76702449999999, -22.390613399334804], [-49.76735250000002, -22.390949599334782], [-49.76845530000003, -22.3903660993348], [-49.7695979, -22.389736499334848], [-49.77068969999999, -22.38978819933481], [-49.7716909, -22.390340199334837], [-49.77263279999999, -22.38961549933481], [-49.773890600000016, -22.389753599334814], [-49.77472419999998, -22.38940299933483], [-49.77579589999999, -22.389523899334797], [-49.7766459, -22.390347599334778], [-49.77726610000002, -22.391255599334805], [-49.77833750000002, -22.391644299334768], [-49.77918640000002, -22.39097039933479], [-49.780167600000034, -22.391237399334813], [-49.78120200000001, -22.39185569933477], [-49.78219330000002, -22.392379299334767], [-49.78304050000003, -22.391941199334774], [-49.783778900000016, -22.392673799334755], [-49.78453080000003, -22.392845599334738], [-49.7855174, -22.392859599334752], [-49.786481400000014, -22.392823099334727], [-49.786920399999985, -22.393677999334745], [-49.78727229999998, -22.394446799334734], [-49.788368100000014, -22.394616799334706], [-49.78930730000001, -22.39473519933472], [-49.789736000000005, -22.395680099334676], [-49.79027159999999, -22.396784999334663], [-49.791186900000014, -22.397652199334612], [-49.79190970000002, -22.398461699334597], [-49.79308150000003, -22.399273999334586], [-49.79439869999999, -22.399537299334604], [-49.79538680000002, -22.399665099334577], [-49.79612300000002, -22.40061379933453], [-49.797043299999984, -22.40082389933453], [-49.79773160000002, -22.40136939933456], [-49.79800260000002, -22.40218079933452], [-49.798493399999984, -22.402922699334486], [-49.7987296, -22.40320939933448], [-49.7998379, -22.402898799334512], [-49.800267899999994, -22.40207569933454], [-49.80124439999998, -22.401561899334528], [-49.8020798, -22.40231879933451], [-49.802784900000006, -22.40306969933451], [-49.8036654, -22.403253099334474], [-49.80480319999998, -22.403947899334476], [-49.80566240000002, -22.404491399334443], [-49.806924400000014, -22.404987199334453], [-49.80741560000001, -22.405842099334414], [-49.80672709999999, -22.40662819933441], [-49.8068318, -22.407541199334414], [-49.807874200000015, -22.407888799334415], [-49.808599500000014, -22.408455599334403], [-49.809729000000004, -22.4088600993344], [-49.81120929999997, -22.408832299334335], [-49.81222889999998, -22.408724399334353], [-49.8131661, -22.409304699334363], [-49.81420509999998, -22.40991289933433], [-49.814869800000004, -22.410564199334342], [-49.81552629999999, -22.41144219933432], [-49.81553509999998, -22.412379899334304], [-49.81717509999999, -22.412449999334257], [-49.81840560000001, -22.412508599334306], [-49.81910640000001, -22.4115257993343], [-49.8201919, -22.41092519933433], [-49.82071919999999, -22.410066699334354], [-49.82141339999998, -22.409192099334348], [-49.821856500000024, -22.408400199334395], [-49.822971300000006, -22.408239899334408], [-49.82420819999999, -22.40853549933441], [-49.82515439999998, -22.408381099334363], [-49.82618589999998, -22.407818899334384], [-49.827292, -22.40801779933437], [-49.82838170000002, -22.407962099334416], [-49.82947430000002, -22.40824759933436], [-49.8312358, -22.40838719933437], [-49.83236219999998, -22.408453199334378], [-49.833432500000015, -22.40810689933439], [-49.83450119999998, -22.408234699334358], [-49.835478299999984, -22.40841049933438], [-49.836057100000005, -22.407548499334418], [-49.836991599999976, -22.406856099334448], [-49.83786470000001, -22.4061785993344], [-49.83955350000002, -22.40623939933443], [-49.840519299999976, -22.40594209933444], [-49.84156780000001, -22.40554009933443], [-49.84244690000003, -22.406363599334437], [-49.842830100000015, -22.40774879933438], [-49.84341269999999, -22.408398999334352], [-49.84436549999998, -22.408892699334384], [-49.845694499999986, -22.409249799334358], [-49.846707700000024, -22.409580299334372], [-49.847560999999985, -22.410163099334316], [-49.848588899999974, -22.410108499334314], [-49.85005419999999, -22.410296399334324], [-49.85111219999999, -22.410586399334328], [-49.85172890000001, -22.409958099334332], [-49.8527416, -22.41062459933434], [-49.85399080000002, -22.41096369933434], [-49.85509680000001, -22.410820399334295], [-49.8553776, -22.41096309933432], [-49.8562953, -22.410287999334315], [-49.85693809999998, -22.40957679933437], [-49.85797459999998, -22.40934909933434], [-49.85856899999999, -22.4084762993344], [-49.8596392, -22.408047399334375], [-49.86050089999998, -22.407555599334422], [-49.861070100000006, -22.40652939933444], [-49.86179820000001, -22.40599139933444], [-49.8627922, -22.405623799334432], [-49.86370069999998, -22.405170499334453], [-49.86461450000002, -22.404985299334477], [-49.86516289999997, -22.404127799334503], [-49.865363899999984, -22.403678499334497], [-49.86637259999998, -22.403046799334533], [-49.867023300000035, -22.402446499334513], [-49.86798859999999, -22.40275359933449], [-49.86892410000002, -22.403079899334518], [-49.86999759999998, -22.40321169933448], [-49.871519999999975, -22.403367899334473], [-49.872831399999995, -22.40340329933447], [-49.87394499999999, -22.403009099334515], [-49.875183400000026, -22.403367999334495], [-49.87585100000001, -22.40429079933448], [-49.87678379999999, -22.404984799334475], [-49.87801189999998, -22.405300099334436], [-49.87877609999998, -22.404605699334454], [-49.879542000000015, -22.405160699334466], [-49.88040139999998, -22.40596349933442], [-49.8813098, -22.406334699334426], [-49.88237220000002, -22.406472199334427], [-49.88325320000001, -22.4066791993344], [-49.884236999999985, -22.40645959933443], [-49.885223499999995, -22.406244699334437], [-49.88627500000001, -22.40564829933444], [-49.88644390000001, -22.405943399334454], [-49.887225899999976, -22.40540949933447], [-49.88810189999998, -22.405789299334423], [-49.88925819999997, -22.405480299334464], [-49.8901644, -22.405481799334453], [-49.8910707, -22.405285399334478], [-49.89220569999998, -22.405009399334443], [-49.8929473, -22.404326499334502], [-49.893511699999976, -22.403302099334518], [-49.894612199999976, -22.40279999933452], [-49.89536459999999, -22.403454699334493], [-49.89620650000001, -22.403893999334464], [-49.8968352, -22.404243199334474], [-49.89750379999998, -22.403488299334487], [-49.89839979999999, -22.403305799334493], [-49.899678800000004, -22.402370999334533], [-49.9009691, -22.401328399334556], [-49.90227520000002, -22.400254799334594], [-49.902466000000004, -22.399262199334604], [-49.90342559999999, -22.3988965993346], [-49.90391929999999, -22.398162499334628], [-49.90464229999997, -22.39761649933465], [-49.90526310000002, -22.396739199334668], [-49.906370999999986, -22.396561399334647], [-49.90709750000002, -22.395808799334667], [-49.90883400000001, -22.395194899334662], [-49.90990499999997, -22.39546859933469], [-49.91094140000001, -22.39551759933467], [-49.91158130000002, -22.396281999334647], [-49.91243240000001, -22.396771499334648], [-49.91335539999999, -22.397411099334644], [-49.914267900000034, -22.397670399334615], [-49.91532089999998, -22.397490099334657], [-49.91634800000003, -22.397907999334592], [-49.91706829999999, -22.398919499334582], [-49.91766419999999, -22.399143699334623], [-49.91853839999999, -22.39857719933458], [-49.919417899999985, -22.398157299334596], [-49.92034189999998, -22.397787999334625], [-49.92124100000001, -22.397946099334632], [-49.9221559, -22.39834249933463], [-49.92354310000002, -22.39777189933463], [-49.92398409999998, -22.396853799334625], [-49.925167699999975, -22.396243299334646], [-49.92610389999999, -22.395525999334712], [-49.92626130000002, -22.39466419933473], [-49.92715420000002, -22.394002299334726], [-49.92778679999998, -22.39334059933471], [-49.92859420000002, -22.392735399334736], [-49.92920529999998, -22.392041199334752], [-49.93036769999998, -22.391424899334776], [-49.93152939999999, -22.391665999334755], [-49.93220960000003, -22.39242909933477], [-49.934449099999995, -22.392002699334736], [-49.935588800000005, -22.39159679933477], [-49.9362845, -22.390898299334786], [-49.937416799999994, -22.390240199334794], [-49.93762809999999, -22.38932659933483], [-49.938155400000035, -22.388548199334846], [-49.93928319999998, -22.38892749933486], [-49.94019989999999, -22.389268399334814], [-49.94101180000001, -22.389773999334796], [-49.94193410000003, -22.390252399334816], [-49.943000100000006, -22.39075889933478], [-49.94391940000002, -22.390968799334782], [-49.94491310000001, -22.391135699334793], [-49.945896300000015, -22.390656999334777], [-49.94665800000001, -22.390144599334786], [-49.94783159999997, -22.390371999334814], [-49.9486086, -22.390945299334785], [-49.94870049999997, -22.391952499334764], [-49.949204899999984, -22.39265799933473], [-49.949591999999996, -22.393534799334724], [-49.949844600000006, -22.394361699334702], [-49.950183200000026, -22.395464699334678], [-49.9506164, -22.396781299334634], [-49.950323200000014, -22.397597999334646], [-49.95025750000002, -22.39862499933459], [-49.950264600000025, -22.399556899334584], [-49.950946999999985, -22.400101799334585], [-49.950647600000025, -22.400885099334545], [-49.95021989999998, -22.401932499334517], [-49.95047970000002, -22.4027672993345], [-49.950984399999975, -22.403625099334487], [-49.95155299999999, -22.40434789933449], [-49.95183989999998, -22.405317799334416], [-49.95230920000001, -22.406135699334424], [-49.95350610000003, -22.405854699334455], [-49.95453739999999, -22.405840299334454], [-49.955535199999986, -22.405570799334463], [-49.956826400000004, -22.405430199334464], [-49.957711800000034, -22.405009199334444], [-49.95857539999997, -22.404612599334474], [-49.95939709999999, -22.404020899334466], [-49.96026649999998, -22.403629999334516], [-49.96076490000001, -22.402848199334493], [-49.96169500000002, -22.401986599334517], [-49.96205450000002, -22.40102409933452], [-49.96230780000002, -22.400710799334565], [-49.96335770000002, -22.400995399334548], [-49.96419359999998, -22.401846399334534], [-49.96474480000001, -22.402639699334525], [-49.965293900000006, -22.403373899334518], [-49.96656730000001, -22.403598499334475], [-49.9670519, -22.404410899334486], [-49.96754129999999, -22.405272599334438], [-49.96719630000001, -22.406228099334452], [-49.967090199999966, -22.40767349933438], [-49.967117599999995, -22.408014599334386], [-49.96832899999998, -22.4081000993344], [-49.969229400000025, -22.408695799334343], [-49.970282, -22.409118199334387], [-49.9713041, -22.40889179933436], [-49.97228990000002, -22.40866949933434], [-49.97325119999999, -22.40870329933439], [-49.97464539999999, -22.408853099334358], [-49.97555620000003, -22.40897479933438], [-49.976517899999976, -22.408667899334375], [-49.977474400000006, -22.40814909933439], [-49.978510099999994, -22.4079862993344], [-49.97974590000001, -22.40806229933436], [-49.98074589999999, -22.408433399334342], [-49.98167110000003, -22.407960399334364], [-49.982740999999976, -22.407623099334423], [-49.983674399999984, -22.4072007993344], [-49.98466120000001, -22.40725499933442], [-49.9856373, -22.40686759933441], [-49.98627399999998, -22.40766149933441], [-49.986736699999994, -22.408616499334357], [-49.98756300000002, -22.40916759933435], [-49.988437799999986, -22.40973359933432], [-49.98916059999999, -22.410360399334337], [-49.990254600000014, -22.410804799334315], [-49.991414599999985, -22.411190599334304], [-49.992667600000004, -22.411406999334304], [-49.993987699999984, -22.41155509933429], [-49.99493619999998, -22.41160549933432], [-49.995730400000014, -22.411006999334298], [-49.99642929999998, -22.410229199334342], [-49.99704630000002, -22.409543599334356], [-49.997494500000016, -22.40935069933436], [-49.998386400000015, -22.40839029933438], [-49.99918680000002, -22.407955399334384], [-50.0002465, -22.407193799334426], [-50.001392899999985, -22.407468799334406], [-50.002552299999984, -22.4071741993344], [-50.003246100000005, -22.407858299334375], [-50.004401099999995, -22.407960299334402], [-50.00580609999997, -22.408231599334396], [-50.005756399999996, -22.40943439933436], [-50.005229499999984, -22.410363099334322], [-50.00602309999999, -22.411297699334288], [-50.00648289999998, -22.41226399933429], [-50.00735129999998, -22.412508999334285], [-50.00841300000002, -22.412341899334283], [-50.00932419999998, -22.412603999334266], [-50.01038490000002, -22.41272919933428], [-50.0115285, -22.41306209933425], [-50.01249790000003, -22.412458099334266], [-50.013458000000014, -22.412063199334266], [-50.0144368, -22.4115687993343], [-50.01482759999999, -22.41064359933435], [-50.0149649, -22.409580799334368], [-50.01530969999998, -22.408794099334397], [-50.016238300000005, -22.40808749933441], [-50.01713219999999, -22.407432099334393], [-50.0163723, -22.406477399334452], [-50.01652009999998, -22.405398499334442], [-50.01651650000002, -22.404534099334445], [-50.016448500000024, -22.403684499334478], [-50.01754979999998, -22.403176699334512], [-50.017886400000016, -22.402348199334522], [-50.018614000000014, -22.401660099334556], [-50.01978409999998, -22.40124469933456], [-50.02051719999997, -22.400709999334563], [-50.02092890000001, -22.399961099334558], [-50.02157039999997, -22.40002469933459], [-50.02264000000003, -22.40050949933455], [-50.023400099999996, -22.401470799334565], [-50.02439909999998, -22.40196449933454], [-50.025537799999995, -22.402268799334525], [-50.02638280000002, -22.402652399334535], [-50.02727060000001, -22.401784099334517], [-50.0282348, -22.40135929933457], [-50.02930750000002, -22.40136729933454], [-50.030515200000025, -22.401693999334555], [-50.03186160000001, -22.401496099334512], [-50.033212900000024, -22.40166619933456], [-50.034335100000014, -22.401568799334548], [-50.035285199999976, -22.401429099334514], [-50.03635179999998, -22.40153849933456], [-50.037235700000004, -22.402068599334527], [-50.03818890000002, -22.402612399334522], [-50.03925909999998, -22.40311549933451], [-50.04019640000001, -22.40345889933446], [-50.041410799999994, -22.403539699334498], [-50.04202759999998, -22.402608499334498], [-50.0424979, -22.40186939933454], [-50.042887399999984, -22.401850699334542], [-50.04369709999998, -22.402012299334555], [-50.044667300000015, -22.4028511993345], [-50.04530810000001, -22.40346219933447], [-50.04598920000001, -22.4040617993345], [-50.04718100000002, -22.404522499334462], [-50.04795969999998, -22.405420399334474], [-50.048332800000026, -22.406398799334397], [-50.04818030000001, -22.407419199334402], [-50.0478435, -22.408599699334395], [-50.048877000000005, -22.4083736993344], [-50.050604799999974, -22.408470099334366], [-50.0514915, -22.40872579933439], [-50.0524077, -22.409318799334347], [-50.05335869999999, -22.409974399334352], [-50.0541738, -22.410768299334297], [-50.0550078, -22.411548199334334], [-50.0556269, -22.412284499334287], [-50.05624080000001, -22.412975299334292], [-50.05684769999999, -22.413798599334264], [-50.05786310000002, -22.41373269933429], [-50.05892749999998, -22.413790199334244], [-50.059805400000016, -22.414023899334257], [-50.06081940000001, -22.41367579933428], [-50.061757, -22.413935699334274], [-50.06273599999997, -22.414062699334245], [-50.063594799999976, -22.414522599334244], [-50.064334299999985, -22.415303599334234], [-50.06545349999999, -22.41542779933418], [-50.0663568, -22.4163096993342], [-50.06697539999999, -22.416935999334196], [-50.06796650000001, -22.41753409933418], [-50.06879780000003, -22.417132299334167], [-50.06951329999998, -22.41657639933418], [-50.070751099999995, -22.416908099334186], [-50.07173260000002, -22.417405599334167], [-50.07279510000001, -22.41751739933418], [-50.07401229999999, -22.417313799334163], [-50.07494220000001, -22.41757669933415], [-50.0758571, -22.417952499334163], [-50.07689640000001, -22.418020999334164], [-50.077569700000026, -22.418752299334134], [-50.07792999999998, -22.419864199334125], [-50.07859769999999, -22.420813899334075], [-50.07972430000001, -22.421121199334106], [-50.08089339999998, -22.42060199933406], [-50.08206710000002, -22.420422799334084], [-50.083116399999994, -22.420202699334098], [-50.08424910000002, -22.419823899334098], [-50.08458910000001, -22.418973099334146], [-50.084700699999985, -22.418870499334155], [-50.08388780000001, -22.41834519933412], [-50.083520799999974, -22.417581099334164], [-50.0842169, -22.416688299334155], [-50.08432160000001, -22.415534099334213], [-50.08493399999997, -22.414888999334238], [-50.085517700000025, -22.41422459933426], [-50.08622559999998, -22.41366769933427], [-50.086727499999995, -22.41272939933426], [-50.08733510000002, -22.411840299334287], [-50.08840809999998, -22.411398399334303], [-50.08946270000001, -22.411823299334273], [-50.090558999999985, -22.41235509933429], [-50.091410800000006, -22.412820699334276], [-50.0926791, -22.41317749933428], [-50.09356489999999, -22.412978399334254], [-50.09467990000002, -22.412520499334317], [-50.095737799999995, -22.41280079933429], [-50.096650700000005, -22.413008299334273], [-50.097833299999984, -22.412950299334252], [-50.097871999999995, -22.412955099334244], [-50.09884749999997, -22.41330269933425], [-50.09976979999999, -22.413942599334234], [-50.10062499999998, -22.41440409933425], [-50.10169300000001, -22.414522699334253], [-50.10287069999999, -22.414946899334243], [-50.1040759, -22.414886299334206], [-50.10514860000001, -22.414231499334267], [-50.106452900000015, -22.414352299334265], [-50.107476399999996, -22.413761399334238], [-50.108436299999994, -22.413473599334235], [-50.1094645, -22.413915199334284], [-50.110572999999995, -22.414243599334256], [-50.1118586, -22.41426519933424], [-50.113362600000016, -22.414344299334218], [-50.11396669999999, -22.415350199334192], [-50.114584099999995, -22.416476099334204], [-50.11521210000001, -22.41731939933416], [-50.11600870000001, -22.41787349933415], [-50.116812700000025, -22.418383899334124], [-50.11778529999998, -22.418973799334143], [-50.118601899999994, -22.419767599334104], [-50.119441800000004, -22.420645199334114], [-50.12040639999997, -22.42087779933412], [-50.1215674, -22.42100619933411], [-50.12247630000002, -22.421610499334065], [-50.123652400000026, -22.421930099334055], [-50.1245601, -22.42180309933405], [-50.125521400000025, -22.422030499334067], [-50.12643150000003, -22.421684999334087], [-50.12657840000003, -22.422717599334042], [-50.1270308, -22.422845199334024], [-50.12702389999998, -22.424051399334008], [-50.127650500000016, -22.424687999333994], [-50.12745810000002, -22.425637499333966], [-50.12795920000002, -22.42661999933397], [-50.12878250000001, -22.42720849933394], [-50.129387399999985, -22.42804279933393], [-50.1304624, -22.428173399333907], [-50.13148210000003, -22.428310299333933], [-50.132347400000015, -22.42861399933388], [-50.13356390000001, -22.428282999333938], [-50.13471620000002, -22.428264599333893], [-50.135595500000015, -22.428571599333903], [-50.13652450000001, -22.429045499333874], [-50.13745590000001, -22.4293573993339], [-50.13798209999999, -22.430160799333876], [-50.13823960000002, -22.430997399333876], [-50.13911660000002, -22.431674499333827], [-50.140131499999995, -22.43250059933385], [-50.140909599999986, -22.432903399333792], [-50.14201539999999, -22.432865699333792], [-50.14305059999998, -22.4329152993338], [-50.14413519999999, -22.43290349933382], [-50.144862400000015, -22.433553599333777], [-50.14549529999999, -22.4341708993338], [-50.146383800000024, -22.434715199333795], [-50.14752390000001, -22.434991299333742], [-50.148520399999995, -22.43543869933377], [-50.1498019, -22.435547999333725], [-50.1507413, -22.435828899333732], [-50.15176489999999, -22.43561769933377], [-50.15301419999997, -22.43512059933376], [-50.153955999999994, -22.434677799333745], [-50.15498760000002, -22.43431119933379], [-50.1557075, -22.43350909933378], [-50.156480999999985, -22.432751799333808], [-50.157432400000005, -22.432642799333816], [-50.158602400000014, -22.432334599333814], [-50.15946050000002, -22.432042599333816], [-50.16122230000002, -22.43207669933381], [-50.16220939999999, -22.432397999333794], [-50.16334440000002, -22.432550999333806], [-50.1642612, -22.433041399333785], [-50.16547910000003, -22.433118799333798], [-50.16658890000002, -22.433413299333782], [-50.167784100000006, -22.43389019933379], [-50.16873509999999, -22.434109799333765], [-50.169692399999974, -22.434090399333776], [-50.170742099999984, -22.4343374993338], [-50.172006599999975, -22.433595499333816], [-50.17228899999998, -22.43248789933383], [-50.173319900000024, -22.4319972993338], [-50.174049700000005, -22.431459399333832], [-50.17466510000003, -22.430323599333878], [-50.17565869999999, -22.430494299333887], [-50.17642210000002, -22.429923399333887], [-50.176781500000004, -22.42895729933388], [-50.17665870000002, -22.42795869933391], [-50.17666719999999, -22.427043299333928], [-50.17765539999999, -22.426755399333942], [-50.17842059999998, -22.42610839933394], [-50.17929700000002, -22.42555639933398], [-50.180353000000025, -22.425456599333994], [-50.18154759999999, -22.424779899333977], [-50.18245969999998, -22.424618299334025], [-50.18286360000002, -22.424512299334005], [-50.18405339999998, -22.424518599334], [-50.185066199999994, -22.424650999333984], [-50.18607589999999, -22.425064199333995], [-50.1868427, -22.425845699333994], [-50.18729849999999, -22.426803599333972], [-50.188036000000004, -22.428229599333932], [-50.1886356, -22.42887589933388], [-50.18926219999997, -22.42956889933388], [-50.190100900000004, -22.4300030993339], [-50.191367699999994, -22.430215199333897], [-50.19231230000003, -22.430661399333882], [-50.19337410000003, -22.431132099333855], [-50.193905299999976, -22.432140799333848], [-50.194900700000005, -22.432078699333797], [-50.1956283, -22.43130489933383], [-50.19651950000002, -22.431782199333828], [-50.197524999999985, -22.432237799333816], [-50.19845090000001, -22.43249169933382], [-50.199433, -22.431996899333825], [-50.20008239999998, -22.431225499333827], [-50.20126019999998, -22.431691999333836], [-50.20179150000001, -22.431810499333814], [-50.20260830000001, -22.430968099333825], [-50.2033462, -22.430003099333902], [-50.203969900000004, -22.429067799333883], [-50.204300699999976, -22.428079999333942], [-50.205084100000015, -22.427453999333952], [-50.206006699999996, -22.42741429933394], [-50.206873599999994, -22.42673869933394], [-50.2068453, -22.42574629933399], [-50.20740619999998, -22.424955999334003], [-50.20835469999997, -22.424628999333994], [-50.20831980000003, -22.423578799333995], [-50.208446400000014, -22.422624999334026], [-50.20879630000002, -22.421316199334058], [-50.209283700000015, -22.420228299334116], [-50.20927339999998, -22.419253799334097], [-50.20971159999999, -22.418377999334158], [-50.210076500000014, -22.417440399334144], [-50.21056160000001, -22.4164636993342], [-50.20989259999999, -22.4154376993342], [-50.20937730000002, -22.41462549933423], [-50.209965300000015, -22.414205999334218], [-50.21136439999997, -22.41398749933426], [-50.21234820000001, -22.413833699334248], [-50.21341819999998, -22.41354409933428], [-50.21396190000001, -22.412584499334262], [-50.2127921, -22.412124499334293], [-50.212570299999975, -22.411249499334314], [-50.21358329999998, -22.410465599334337], [-50.21457959999998, -22.410626399334344], [-50.21554079999998, -22.410682299334347], [-50.21634879999999, -22.41119499933434], [-50.217433200000016, -22.411403999334315], [-50.21843000000001, -22.410995799334334], [-50.21925479999999, -22.41047939933432], [-50.22018109999999, -22.409855499334338], [-50.22121650000003, -22.409709599334334], [-50.22213770000002, -22.40947129933436], [-50.22365910000003, -22.40898839933436], [-50.22475969999999, -22.408813399334353], [-50.225733199999986, -22.408931999334364], [-50.22667180000002, -22.408913199334346], [-50.227514799999994, -22.408296299334403], [-50.22936199999999, -22.408253099334406], [-50.230248500000016, -22.408389299334388], [-50.23116360000001, -22.40792929933437], [-50.23152540000001, -22.406970099334437], [-50.23188210000001, -22.406199199334427], [-50.23238370000002, -22.405449999334426], [-50.23289269999998, -22.404509799334495], [-50.23352949999998, -22.40383719933448], [-50.23404, -22.40302209933449], [-50.234065999999984, -22.401973199334506], [-50.23396539999999, -22.401340199334534], [-50.23287429999999, -22.401305399334557], [-50.23261509999998, -22.400419799334575], [-50.232949599999976, -22.399440999334615], [-50.23319889999999, -22.39859839933463], [-50.23426239999998, -22.397966699334603], [-50.234975599999984, -22.397235399334633], [-50.23469460000001, -22.39551049933468], [-50.234013000000004, -22.394940499334716], [-50.23408549999999, -22.394069799334726], [-50.234491, -22.39296519933473], [-50.23455569999999, -22.392071599334763], [-50.23406540000002, -22.39116919933476], [-50.23406110000003, -22.39024319933479], [-50.234490100000016, -22.388914999334837], [-50.2349941, -22.388102699334844], [-50.23578149999997, -22.387434999334847], [-50.23577499999999, -22.386555999334877], [-50.235940700000015, -22.38532259933492], [-50.235697399999985, -22.384237099334957], [-50.235564700000005, -22.383364699334976], [-50.23556400000001, -22.38249989933501], [-50.23486919999999, -22.381836499335012], [-50.23451849999998, -22.380907699335037], [-50.2349916, -22.380001399335065], [-50.23593790000002, -22.379947199335046], [-50.236200000000004, -22.380007399335053], [-50.23710540000002, -22.379585599335037], [-50.23822960000001, -22.37963809933508], [-50.239078899999974, -22.380383699335017], [-50.240125999999975, -22.38050359933502], [-50.241013099999975, -22.38013289933501], [-50.24187690000002, -22.37969119933507], [-50.24271440000001, -22.37887019933507], [-50.243819299999984, -22.378059499335095], [-50.24456470000001, -22.377462199335117], [-50.24516169999998, -22.37656599933515], [-50.245652500000006, -22.375669199335153], [-50.246550300000024, -22.375489399335137], [-50.24747150000002, -22.37621919933511], [-50.24821509999998, -22.37510979933517], [-50.24948660000001, -22.374802899335183], [-50.250579000000016, -22.37486539933514], [-50.251487699999984, -22.374915199335128], [-50.253128600000025, -22.374997799335173], [-50.25406589999999, -22.374481899335155], [-50.254185500000006, -22.373523599335194], [-50.255128500000005, -22.3732889993352], [-50.255633699999976, -22.37232399933522], [-50.256536100000005, -22.372561899335217], [-50.25742580000003, -22.372150099335226], [-50.25837799999999, -22.372009999335223], [-50.25927919999998, -22.371694399335258], [-50.26014509999999, -22.37086429933525], [-50.26115809999998, -22.37117249933525], [-50.26155510000001, -22.37210819933523], [-50.26275270000002, -22.371883399335232], [-50.26339780000001, -22.371175199335234], [-50.26436189999998, -22.370752599335262], [-50.265322000000026, -22.370323399335287], [-50.266312400000004, -22.370305499335238], [-50.2672116, -22.37019389933527], [-50.26783599999999, -22.369451699335308], [-50.26896820000001, -22.369064199335334], [-50.269986700000004, -22.368373399335315], [-50.27130440000001, -22.368147099335307], [-50.27247110000002, -22.36809919933534], [-50.27302040000001, -22.368762699335292], [-50.2733738, -22.3695631993353], [-50.27450700000003, -22.370356899335253], [-50.275260100000025, -22.371348599335228], [-50.2762664, -22.371427299335235], [-50.27725650000002, -22.370860999335246], [-50.27788609999999, -22.370196499335293], [-50.27860850000002, -22.369653299335265], [-50.27954060000002, -22.369150299335303], [-50.2806152, -22.369133899335303], [-50.281539099999975, -22.368972599335308], [-50.28251039999998, -22.369293999335323], [-50.28347059999998, -22.369551899335256], [-50.28444200000001, -22.36940069933532], [-50.285435500000006, -22.36969259933529], [-50.28652260000001, -22.369392799335298], [-50.28753230000001, -22.369307099335305], [-50.28858969999999, -22.368931099335292], [-50.28939329999997, -22.36843919933532], [-50.29020600000001, -22.36947119933531], [-50.29075990000001, -22.370224199335265], [-50.2913304, -22.370973199335236], [-50.29178660000002, -22.37127889933524], [-50.29266250000001, -22.37112999933524], [-50.29336169999999, -22.370423799335285], [-50.29432179999998, -22.370128599335253], [-50.294948799999986, -22.369292399335297], [-50.29576450000002, -22.368875999335305], [-50.296391700000015, -22.3682097993353], [-50.297197200000035, -22.367704699335324], [-50.298152000000016, -22.367571199335323], [-50.298883699999976, -22.366615699335366], [-50.29961070000001, -22.36574799933537], [-50.29998999999999, -22.36495619933538], [-50.3003655, -22.36416079933539], [-50.30101150000001, -22.36355009933543], [-50.301961399999975, -22.36353669933543], [-50.30291540000001, -22.363382499335437], [-50.304551, -22.363474999335413], [-50.3062769, -22.363429299335436], [-50.307159399999996, -22.36296959933543], [-50.307796499999995, -22.362137499335468], [-50.30772300000001, -22.361770499335446], [-50.307507699999974, -22.360771499335492], [-50.30724700000002, -22.359890899335497], [-50.307887699999974, -22.359195699335515], [-50.30872499999998, -22.358674199335535], [-50.309779100000014, -22.35929159933553], [-50.31094039999999, -22.358911699335554], [-50.31206339999999, -22.358420299335528], [-50.312829599999986, -22.357852399335567], [-50.31393650000001, -22.3575672993356], [-50.314732799999994, -22.357173099335586], [-50.315374399999996, -22.356471299335595], [-50.31644, -22.355879699335606], [-50.31702369999999, -22.3550308993356], [-50.31826369999999, -22.35499039933565], [-50.319621999999974, -22.355165399335593], [-50.32017969999998, -22.355844599335622], [-50.3211963, -22.355996199335596], [-50.322310800000025, -22.35618839933561], [-50.3234099, -22.356719199335572], [-50.324039400000004, -22.357666599335584], [-50.3249108, -22.35837589933555], [-50.32587360000002, -22.358600699335557], [-50.32687720000002, -22.358230199335534], [-50.3281642, -22.358258599335542], [-50.329351900000006, -22.35867899933553], [-50.33008849999999, -22.359280499335537], [-50.330906500000026, -22.358756899335543], [-50.331972500000006, -22.358740499335553], [-50.33298600000001, -22.358470799335564], [-50.33345639999999, -22.35771319933554], [-50.33407890000001, -22.35701049933559], [-50.33531180000001, -22.356756999335605], [-50.3366254, -22.35700129933556], [-50.33761270000002, -22.356823899335577], [-50.33853210000001, -22.35647829933558], [-50.33932299999998, -22.35713149933556], [-50.340194, -22.35769229933556], [-50.341660499999996, -22.35790849933557], [-50.342610999999984, -22.358175399335536], [-50.34352949999999, -22.358094999335545], [-50.34454779999998, -22.357842499335575], [-50.34601700000001, -22.358189699335583], [-50.34706089999997, -22.357848099335573], [-50.347617199999995, -22.35799279933553], [-50.34869149999997, -22.357529499335556], [-50.34964730000001, -22.35768409933554], [-50.35051509999999, -22.35786389933555], [-50.3513112, -22.35690609933559], [-50.352375600000016, -22.3556391993356], [-50.3531289, -22.3547335993356], [-50.3531926, -22.35366429933565], [-50.35232989999997, -22.35330109933568], [-50.35293339999998, -22.352524199335686], [-50.353974900000026, -22.352096599335677], [-50.354593299999976, -22.351181899335682], [-50.355396600000006, -22.350756699335708], [-50.356152300000026, -22.34994799933573], [-50.35668320000002, -22.349099499335793], [-50.35771190000003, -22.34836689933576], [-50.35872280000001, -22.348369399335805], [-50.3594473, -22.347821599335767], [-50.36015630000003, -22.347244499335797], [-50.36086899999998, -22.346576299335794], [-50.36186520000001, -22.346458799335814], [-50.36242349999998, -22.345633799335822], [-50.36278870000001, -22.34467849933586], [-50.36311890000002, -22.343808099335885], [-50.363106200000004, -22.341926599335952], [-50.36293310000002, -22.341074899335972], [-50.362521300000026, -22.34003329933599], [-50.36219349999998, -22.339186299335992], [-50.36225719999999, -22.338354199336045], [-50.362717299999986, -22.337548599336028], [-50.36276830000003, -22.336319699336055], [-50.36344059999999, -22.335730599336056], [-50.364425100000005, -22.33524829933608], [-50.36503069999998, -22.33452559933611], [-50.36594580000002, -22.334714799336073], [-50.366822500000005, -22.335016199336078], [-50.367747399999985, -22.335491399336114], [-50.368477900000016, -22.335999999336085], [-50.36873750000001, -22.336856299336077], [-50.36942099999999, -22.33754079933604], [-50.370589800000005, -22.33760139933601], [-50.3712658, -22.338601699336035], [-50.37214719999997, -22.339435099335994], [-50.372923800000024, -22.34019859933598], [-50.37338449999999, -22.34115349933597], [-50.37411070000002, -22.342658799335897], [-50.37494559999998, -22.343323399335876], [-50.375093400000026, -22.34359799933588], [-50.37612619999999, -22.343756999335877], [-50.37707549999999, -22.343929099335913], [-50.377963799999975, -22.3432524993359], [-50.379186300000015, -22.342575699335917], [-50.38018460000001, -22.3425323993359], [-50.3807559, -22.34148789933595], [-50.381666300000006, -22.340667099335977], [-50.38163670000001, -22.33962899933599], [-50.3828125, -22.339199999335996], [-50.3836354, -22.338583799335993], [-50.38460309999999, -22.338125099336036], [-50.38575580000003, -22.338292699336037], [-50.3867694, -22.338734299336007], [-50.387834, -22.33885429933599], [-50.389114500000005, -22.338955499336006], [-50.3895511, -22.340055799335996], [-50.39048730000002, -22.340317999335994], [-50.39118209999998, -22.340876599335964], [-50.39190359999998, -22.341577599335935], [-50.393000400000005, -22.341829699335943], [-50.3940374, -22.341815799335947], [-50.39493210000001, -22.3424011993359], [-50.395798500000005, -22.34309789933588], [-50.39684010000002, -22.34272659933591], [-50.3974905, -22.342106199335923], [-50.398508799999995, -22.34161209933596], [-50.39946370000001, -22.341150399335962], [-50.40040490000001, -22.341036299335936], [-50.40122930000001, -22.340592299335995], [-50.400422400000025, -22.339879399335953], [-50.400903400000004, -22.33877579933601], [-50.401705900000024, -22.33789839933599], [-50.401380399999994, -22.33692759933607], [-50.40152330000001, -22.336015899336083], [-50.40184369999997, -22.33576779933606], [-50.402583100000015, -22.33506769933612], [-50.40357949999998, -22.334753099336105], [-50.404179, -22.33411159933615], [-50.40511900000001, -22.333996699336122], [-50.4062136, -22.333827799336127], [-50.40694209999998, -22.334512099336095], [-50.40786400000002, -22.33451199933613], [-50.408310900000004, -22.333748499336135], [-50.408494299999965, -22.332704699336173], [-50.40991780000002, -22.33096569933617], [-50.41066899999999, -22.330328499336215], [-50.41030330000001, -22.329354799336205], [-50.41037130000001, -22.328488499336242], [-50.410638000000006, -22.327637899336278], [-50.41049989999999, -22.32665959933632], [-50.411591499999986, -22.3265646993363], [-50.4126971, -22.32673829933627], [-50.413657, -22.326259599336314], [-50.41478310000002, -22.326124399336326], [-50.41581769999999, -22.32618789933628], [-50.41671539999999, -22.32595239933631], [-50.41756859999999, -22.32512819933632], [-50.41813339999999, -22.324311299336326], [-50.419462899999985, -22.324285199336373], [-50.42037909999999, -22.323898699336326], [-50.42110669999999, -22.32301429933639], [-50.421880199999976, -22.322324899336397], [-50.422030199999995, -22.321178999336404], [-50.42359699999997, -22.32125099933643], [-50.42543760000001, -22.321536999336388], [-50.42665649999998, -22.321821999336407], [-50.42760099999999, -22.322001999336397], [-50.428500199999974, -22.321673099336405], [-50.42945209999999, -22.32201069933642], [-50.43072469999999, -22.322041799336425], [-50.43158219999997, -22.3229773993364], [-50.431761100000024, -22.323885599336347], [-50.4326054, -22.324379799336327], [-50.43387030000002, -22.324824599336335], [-50.434792300000026, -22.32530179933631], [-50.435808699999995, -22.325745199336286], [-50.43609950000002, -22.326677099336266], [-50.43589850000001, -22.327512799336283], [-50.436768400000005, -22.32833269933623], [-50.437525600000015, -22.32908069933626], [-50.43820419999997, -22.32972219933621], [-50.43912820000003, -22.330052999336235], [-50.43989110000002, -22.330759199336182], [-50.44039809999998, -22.331491599336168], [-50.44052019999998, -22.332530699336157], [-50.44185850000002, -22.33313759933613], [-50.44276830000001, -22.332929599336147], [-50.44382000000002, -22.332582099336168], [-50.4448443, -22.332851399336132], [-50.44587050000002, -22.33290669933617], [-50.446912399999974, -22.33275059933616], [-50.447957099999996, -22.332809899336123], [-50.44887879999999, -22.332678199336126], [-50.449773400000026, -22.331966099336157], [-50.45031690000002, -22.331223299336155], [-50.450493800000004, -22.330847599336217], [-50.449666099999995, -22.330035799336233], [-50.45031, -22.32915629933625], [-50.45046719999999, -22.328190099336233], [-50.450123099999985, -22.327054499336253], [-50.45075980000001, -22.3263171993363], [-50.45069510000002, -22.325291999336304], [-50.45049940000001, -22.32443179933636], [-50.45095789999999, -22.323626899336382], [-50.451254800000015, -22.32281599933637], [-50.451357599999994, -22.321768099336392], [-50.452051299999994, -22.321113499336445], [-50.451875900000005, -22.320220199336443], [-50.451876000000034, -22.3189036993365], [-50.45216540000001, -22.318050599336487], [-50.45174589999999, -22.31729879933651], [-50.451662800000015, -22.31644229933653], [-50.45205170000003, -22.315588899336568], [-50.45204560000002, -22.314492299336564], [-50.45322249999999, -22.314780999336552], [-50.454138899999975, -22.314665399336594], [-50.45537730000001, -22.314210399336563], [-50.456106600000005, -22.313669199336587], [-50.4569262, -22.313243799336608], [-50.458139800000026, -22.313653999336584], [-50.459151099999985, -22.3136899993366], [-50.4603864, -22.313286099336633], [-50.461284999999975, -22.312776399336638], [-50.462030500000026, -22.312845499336593], [-50.462511199999994, -22.313728599336585], [-50.463700500000016, -22.313750599336583], [-50.4646265, -22.314483699336563], [-50.465716100000016, -22.31499189933657], [-50.46645590000002, -22.31560719933654], [-50.46727199999998, -22.31497419933656], [-50.467803300000014, -22.313772199336615], [-50.4684661, -22.313209999336625], [-50.46958030000002, -22.313266799336603], [-50.47101090000001, -22.31293729933659], [-50.47305940000001, -22.31278439933661], [-50.47404280000001, -22.312601599336624], [-50.47506449999997, -22.31271319933663], [-50.476096900000016, -22.312378199336635], [-50.4766801, -22.311709899336623], [-50.47742110000002, -22.311103899336636], [-50.47840409999998, -22.31089049933668], [-50.47931590000001, -22.31078369933667], [-50.4803503, -22.310831899336645], [-50.48138849999998, -22.311504199336643], [-50.482252500000016, -22.312066599336614], [-50.48305909999999, -22.312807999336638], [-50.48399139999998, -22.313615399336598], [-50.48527300000001, -22.31379209933659], [-50.486131899999975, -22.31425449933659], [-50.48729350000002, -22.314531899336597], [-50.48780979999998, -22.315407699336546], [-50.48732769999998, -22.31631559933653], [-50.48851739999998, -22.316953499336517], [-50.48913240000002, -22.31771409933649], [-50.48966300000001, -22.31806839933651], [-50.4909581, -22.31776939933647], [-50.491774599999985, -22.317382399336495], [-50.49232860000001, -22.316637599336502], [-50.493203900000026, -22.31598109933653], [-50.49390360000001, -22.315162799336555], [-50.49483350000003, -22.314497099336553], [-50.49552369999998, -22.313712499336606], [-50.496259399999985, -22.313173299336622], [-50.496824600000025, -22.312345899336645], [-50.49746449999998, -22.311539399336656], [-50.49826139999999, -22.31090799933665], [-50.499415699999986, -22.311371799336673], [-50.50021479999999, -22.311922699336662], [-50.50117690000001, -22.311876699336658], [-50.502113699999995, -22.312256299336628], [-50.503302399999995, -22.31252849933661], [-50.50441669999998, -22.312578999336644], [-50.50527979999998, -22.312942799336586], [-50.505752099999995, -22.313885999336616], [-50.50667829999998, -22.314092699336594], [-50.50787689999999, -22.314381099336565], [-50.50887260000002, -22.31491429933656], [-50.50954389999998, -22.314360799336555], [-50.51073509999998, -22.314652599336565], [-50.511732100000025, -22.31446149933657], [-50.512923, -22.314388299336603], [-50.51414, -22.314716099336565], [-50.514983400000006, -22.31376319933657], [-50.515446199999985, -22.31285619933661], [-50.51543550000003, -22.312000299336646], [-50.51619649999997, -22.31136459933664], [-50.51619670000002, -22.311179299336644], [-50.51712079999999, -22.311215199336655], [-50.518235800000014, -22.311642599336675], [-50.51911990000002, -22.311476399336648], [-50.5202263, -22.311700299336625], [-50.521212100000014, -22.31251469933663], [-50.52214090000001, -22.313270399336627], [-50.52268609999998, -22.314296299336604], [-50.52357139999998, -22.31351749933658], [-50.5243835, -22.313250599336612], [-50.525172000000005, -22.31278379933659], [-50.525893499999995, -22.31209419933662], [-50.52674969999998, -22.311467499336636], [-50.52850439999997, -22.311430999336675], [-50.52943240000002, -22.31082839933666], [-50.52999299999999, -22.310047599336702], [-50.53060180000001, -22.309374799336698], [-50.5312108, -22.308702199336736], [-50.53177649999998, -22.30792619933672], [-50.532383100000004, -22.30701669933677], [-50.53307289999998, -22.306044399336795], [-50.53381830000001, -22.305447599336762], [-50.534462500000025, -22.304553699336793], [-50.5353394, -22.3040841993368], [-50.53502659999998, -22.302964299336825], [-50.53423299999997, -22.302437299336862], [-50.53356459999998, -22.30184169933688], [-50.533998000000004, -22.300782899336905], [-50.53498589999998, -22.3002999993369], [-50.5360197, -22.30016909933691], [-50.537107, -22.3002147993369], [-50.53809949999999, -22.300653899336886], [-50.5389404, -22.30108899933688], [-50.54000530000002, -22.301477299336874], [-50.540756699999974, -22.30201949933684], [-50.54177950000001, -22.30219249933685], [-50.54269399999998, -22.301977199336875], [-50.54412880000001, -22.301991099336878], [-50.5451554, -22.301659799336853], [-50.546029100000005, -22.300730799336897], [-50.546513300000015, -22.299849999336907], [-50.54729129999999, -22.299050199336946], [-50.54832329999999, -22.298293299336965], [-50.549420800000014, -22.298508099336946], [-50.55036439999998, -22.299089499336915], [-50.55128730000001, -22.29892159933697], [-50.552255, -22.298638099336948], [-50.556278299999974, -22.298209199336934], [-50.55737349999998, -22.297859399336954], [-50.558362199999976, -22.297219499336965], [-50.55907430000003, -22.296649399336967], [-50.55953010000002, -22.296179299337012], [-50.560928, -22.296824699336987], [-50.56383099999999, -22.298798899336955], [-50.564857200000006, -22.298847399336935], [-50.565773200000024, -22.299428999336904], [-50.56663529999997, -22.30013709933688], [-50.56727360000002, -22.300749599336914], [-50.567895299999975, -22.30139269933688], [-50.568274299999985, -22.302278899336837], [-50.568847800000015, -22.303077199336858], [-50.5694522, -22.303763499336835], [-50.57053930000001, -22.303846599336808], [-50.571574999999996, -22.303910299336803], [-50.57253689999999, -22.303480099336838], [-50.573467400000034, -22.30277829933685], [-50.573979399999985, -22.30206699933689], [-50.57490549999999, -22.301391599336867], [-50.575893199999996, -22.301177099336908], [-50.57689829999998, -22.300524199336888], [-50.57793120000002, -22.300578399336917], [-50.5789183, -22.30107379933688], [-50.579923399999984, -22.301310599336915], [-50.58099779999998, -22.3015603993369], [-50.58196079999999, -22.301535499336875], [-50.5830042, -22.301655499336853], [-50.583888399999985, -22.30218199933688], [-50.58490790000002, -22.302734499336836], [-50.58583390000001, -22.302968899336847], [-50.5863192, -22.303923099336842], [-50.586200200000015, -22.30443979933683], [-50.5873418, -22.304160799336795], [-50.58821130000001, -22.303704499336806], [-50.589070900000024, -22.30315999933683], [-50.58986549999997, -22.302437799336857], [-50.59050259999998, -22.30184979933689], [-50.591244399999994, -22.301326699336887], [-50.592381699999976, -22.3009456993369], [-50.593513400000006, -22.300394799336893], [-50.59428780000002, -22.299590899336923], [-50.59483410000002, -22.29885949933693], [-50.595545000000016, -22.298042999336968], [-50.5961312, -22.29698389933698], [-50.59717960000001, -22.296676399337017], [-50.59809919999997, -22.296658299336986], [-50.598120900000026, -22.29579099933702], [-50.59822830000002, -22.294913699337027], [-50.59945490000001, -22.294929199337044], [-50.60028970000002, -22.295348499337017], [-50.601372200000014, -22.295858699337007], [-50.60229529999998, -22.296334499337004], [-50.603391699999975, -22.296861799336977], [-50.60473289999999, -22.297374299336973], [-50.60600210000001, -22.297704399336954], [-50.606698400000035, -22.298261499336977], [-50.60795380000002, -22.298616499336934], [-50.6089068, -22.298207399336984], [-50.60976279999999, -22.297944399336973], [-50.61068069999999, -22.297680099336954], [-50.61158949999997, -22.29768509933699], [-50.612556900000016, -22.29724729933696], [-50.61337550000001, -22.297005999336996], [-50.61417419999998, -22.296290899336967], [-50.61501839999999, -22.296922299337005], [-50.61605939999998, -22.297118299337008], [-50.61747109999999, -22.297179999337004], [-50.618382499999996, -22.296675699336976], [-50.618913299999974, -22.295858499337022], [-50.6187463, -22.29498579933704], [-50.6201284, -22.294305699337034], [-50.620833300000015, -22.29362909933704], [-50.62191969999998, -22.293369499337054], [-50.622330900000016, -22.292420099337107], [-50.622096899999974, -22.291430899337147], [-50.622612300000014, -22.290749099337162], [-50.623578099999975, -22.29055639933715], [-50.62478290000002, -22.28989969933713], [-50.6256204, -22.28929129933717], [-50.62694099999999, -22.289590799337148], [-50.62806799999999, -22.28979149933713], [-50.62905849999998, -22.289694799337163], [-50.63004910000001, -22.289074399337178], [-50.630882199999974, -22.288233999337184], [-50.631193199999984, -22.287431899337214], [-50.631969200000015, -22.286440399337234], [-50.633290699999975, -22.286087799337267], [-50.634344699999986, -22.285700099337234], [-50.63526150000002, -22.285487999337246], [-50.63640370000002, -22.285625299337244], [-50.6372263, -22.286131699337233], [-50.63754510000002, -22.286403299337252], [-50.638435500000014, -22.28571909933724], [-50.63905190000003, -22.28506059933728], [-50.639711799999986, -22.284445299337296], [-50.64073589999999, -22.28369219933731], [-50.64157349999999, -22.282838899337317], [-50.64243570000002, -22.282185699337354], [-50.6428373, -22.281331799337334], [-50.6432274, -22.280562599337365], [-50.64343639999998, -22.280511799337376], [-50.64430540000001, -22.28104199933738], [-50.64573530000001, -22.28123039933739], [-50.64782850000001, -22.281176299337385], [-50.648449200000016, -22.280231599337352], [-50.6494596, -22.279951899337405], [-50.65039890000003, -22.280044799337375], [-50.651404300000024, -22.280390399337364], [-50.65239939999997, -22.2798585993374], [-50.65334100000001, -22.279616199337408], [-50.65440100000001, -22.27967349933739], [-50.655418199999986, -22.279957699337402], [-50.656606599999975, -22.280382899337376], [-50.657699799999996, -22.280527899337358], [-50.65866829999999, -22.280584199337387], [-50.6588557, -22.280779299337368], [-50.659718199999986, -22.28043509933735], [-50.660028899999986, -22.279510399337386], [-50.65998960000001, -22.278180999337444], [-50.660223599999995, -22.277137499337428], [-50.65936390000002, -22.277425699337424], [-50.658428000000015, -22.276923799337474], [-50.6582525, -22.275991699337503], [-50.659409100000005, -22.275581999337476], [-50.660311999999976, -22.27480649933752], [-50.659830800000016, -22.27380139933756], [-50.66025539999998, -22.272794699337574], [-50.66125269999997, -22.272217099337542], [-50.66255289999998, -22.272240999337573], [-50.663322400000034, -22.27177899933756], [-50.664109, -22.271113099337573], [-50.66498849999999, -22.27046019933761], [-50.66582879999999, -22.270154599337626], [-50.666492000000005, -22.269569799337628], [-50.66676539999997, -22.268722799337628], [-50.667459199999996, -22.267963499337668], [-50.66806559999998, -22.267256399337697], [-50.66874940000002, -22.26644519933773], [-50.66907839999999, -22.265529999337733], [-50.66929110000001, -22.264516299337778], [-50.669406200000026, -22.26365869933778], [-50.67037040000002, -22.26344479933778], [-50.670287900000005, -22.26258339933778], [-50.669991299999985, -22.261791999337824], [-50.67014599999999, -22.26089809933785], [-50.67015090000001, -22.259907499337857], [-50.67019529999999, -22.2589658993379], [-50.67101739999998, -22.25835219933788], [-50.672044400000004, -22.258197299337894], [-50.672994200000005, -22.258504799337924], [-50.673969399999976, -22.258627899337913], [-50.674848, -22.258924999337854], [-50.67570949999998, -22.25962319933788], [-50.676311999999996, -22.258896399337896], [-50.67686859999998, -22.257959799337883], [-50.67781530000003, -22.2577474993379], [-50.67885150000001, -22.25773489933791], [-50.67974570000001, -22.257077999337902], [-50.68053839999998, -22.256680099337906], [-50.68145879999998, -22.256310699337917], [-50.6824896, -22.25636659933792], [-50.683623899999986, -22.256676499337967], [-50.68487249999998, -22.25697929933794], [-50.685825299999976, -22.256716899337952], [-50.68676629999999, -22.25691899933791], [-50.68769209999999, -22.2572539993379], [-50.688272900000015, -22.258002099337904], [-50.68920730000002, -22.25841179933787], [-50.690176099999974, -22.2587074993379], [-50.6912251, -22.2584920993379], [-50.69174579999998, -22.25776019933792], [-50.692668500000025, -22.257152199337924], [-50.69289739999999, -22.25633099933793], [-50.693102, -22.255337699337947], [-50.694114099999986, -22.254817699337963], [-50.694692599999996, -22.253956799338013], [-50.695274600000005, -22.253155999338], [-50.69578539999998, -22.252236399338063], [-50.69585300000001, -22.251201699338075], [-50.696196499999985, -22.25032889933808], [-50.69637260000002, -22.24848999933813], [-50.69672960000003, -22.247382099338136], [-50.69709130000001, -22.246430299338154], [-50.697848799999974, -22.24565489933817], [-50.69842999999997, -22.244726799338245], [-50.69902289999999, -22.244038499338213], [-50.6997351, -22.24343869933826], [-50.701064400000014, -22.24350959933822], [-50.702164400000015, -22.243194999338268], [-50.7027223, -22.242136199338276], [-50.70404439999999, -22.242084399338285], [-50.704524900000024, -22.242726099338284], [-50.705371300000024, -22.243232799338237], [-50.70665689999999, -22.243108899338235], [-50.707690000000014, -22.243421399338228], [-50.70865029999999, -22.243203699338235], [-50.708823800000005, -22.244336299338205], [-50.708625900000015, -22.24523749933817], [-50.70916369999997, -22.246253199338195], [-50.70943799999998, -22.247217599338153], [-50.70952089999997, -22.248509899338117], [-50.71049959999999, -22.248978399338117], [-50.7114694, -22.24891019933813], [-50.712555399999985, -22.24874689933813], [-50.7142738, -22.248766599338136], [-50.715147100000024, -22.249064899338116], [-50.71579500000001, -22.2483760993381], [-50.716770000000004, -22.247660199338128], [-50.7173507, -22.24661149933814], [-50.717943100000014, -22.245500899338214], [-50.718750399999976, -22.24489639933823], [-50.71945390000002, -22.24408309933824], [-50.71989719999999, -22.24324559933827], [-50.720296700000006, -22.24220439933826], [-50.721233100000006, -22.24223749933826], [-50.72154920000002, -22.24110529933832], [-50.721899300000025, -22.240253099338336], [-50.72178659999998, -22.23939539933832], [-50.722502299999974, -22.23853859933839], [-50.72361510000002, -22.23845369933834], [-50.72476019999999, -22.238116299338373], [-50.72562149999999, -22.237284099338403], [-50.726721899999966, -22.237683699338366], [-50.72836319999998, -22.23634769933842], [-50.728182000000004, -22.23554839933846], [-50.72865350000001, -22.23451019933844], [-50.72989660000002, -22.23419289933844], [-50.731004700000035, -22.234431099338437], [-50.73192879999999, -22.23485989933845], [-50.7325644, -22.235477899338395], [-50.73343440000003, -22.23626929933841], [-50.734937100000025, -22.236835399338418], [-50.73600379999999, -22.23667209933842], [-50.73698689999998, -22.236494099338422], [-50.737997500000006, -22.23672869933842], [-50.739138000000025, -22.237033799338395], [-50.73963720000001, -22.23785799933839], [-50.74034110000002, -22.23860229933839], [-50.74134270000002, -22.23919829933834], [-50.74199049999999, -22.239812699338344], [-50.74290689999999, -22.24064499933828], [-50.74396530000001, -22.24179969933829], [-50.74536710000001, -22.24231069933829], [-50.74632860000003, -22.242455799338288], [-50.74714849999998, -22.24165959933827], [-50.748100299999976, -22.24181169933831], [-50.74912089999998, -22.2419281993383], [-50.75037340000001, -22.24167999933826], [-50.751392399999986, -22.24104989933831], [-50.75241310000001, -22.240754399338314], [-50.75346569999999, -22.240807199338303], [-50.75451959999998, -22.240457499338298], [-50.75565360000001, -22.24059999933829], [-50.75655990000001, -22.240487399338324], [-50.7575291, -22.24040999933831], [-50.75848159999999, -22.240594799338307], [-50.7594464, -22.23986609933831], [-50.76038890000001, -22.239277799338375], [-50.7615318, -22.239430499338365], [-50.762081799999976, -22.240168499338306], [-50.76288840000001, -22.240909399338314], [-50.76395910000002, -22.241412299338275], [-50.76498029999999, -22.24144589933827], [-50.76593750000001, -22.241965999338262], [-50.76705220000002, -22.242103999338262], [-50.768066799999986, -22.242166899338248], [-50.768981, -22.24290349933827], [-50.770229099999995, -22.24268859933827], [-50.771197099999995, -22.24305739933826], [-50.77191529999999, -22.243880499338214], [-50.7723082, -22.244971599338196], [-50.77326590000002, -22.24512039933822], [-50.77390109999999, -22.245362299338204], [-50.7747761, -22.244735299338213], [-50.775947900000006, -22.244435899338207], [-50.77685989999998, -22.244226299338205], [-50.7779233, -22.243885199338255], [-50.77883800000001, -22.24351359933827], [-50.7801518, -22.243486299338223], [-50.78009689999999, -22.242120499338263], [-50.780999399999985, -22.241279999338307], [-50.78140159999998, -22.24048079933831], [-50.78169589999999, -22.239632499338356], [-50.78272340000001, -22.239593199338334], [-50.783803499999976, -22.238887999338335], [-50.78504609999999, -22.238696299338375], [-50.785958900000026, -22.238482199338375], [-50.786966199999995, -22.238387599338367], [-50.78757569999999, -22.23774289933838], [-50.78793969999998, -22.236864699338405], [-50.78745500000002, -22.236062299338432], [-50.787636700000014, -22.23505699933842], [-50.78800790000002, -22.234102599338485], [-50.78807590000002, -22.233235799338466], [-50.78732880000001, -22.23243279933853], [-50.787365400000006, -22.231335699338523], [-50.78818439999998, -22.23090719933853], [-50.78867789999999, -22.230114599338535], [-50.788267399999995, -22.22935799933856], [-50.78820639999998, -22.22828279933858], [-50.78893460000001, -22.227520399338612], [-50.790045599999985, -22.227276199338622], [-50.79092320000001, -22.227070999338647], [-50.79222720000002, -22.22745819933862], [-50.79288630000002, -22.22770649933861], [-50.79392539999998, -22.228139199338596], [-50.79503649999999, -22.228614799338594], [-50.79639709999998, -22.22897159933861], [-50.79757289999997, -22.229375499338573], [-50.7970876, -22.23030199933855], [-50.79760270000003, -22.231223799338537], [-50.798803299999975, -22.231096699338554], [-50.79968359999998, -22.23190339933854], [-50.80060909999998, -22.23248819933847], [-50.80168839999999, -22.23316519933845], [-50.802599499999985, -22.232857299338463], [-50.8037999, -22.23278979933847], [-50.804798999999996, -22.23263959933853], [-50.80569869999999, -22.233032199338513], [-50.80603919999999, -22.234232299338437], [-50.80719229999999, -22.234664099338424], [-50.80811870000002, -22.23530029933844], [-50.80904279999998, -22.235926199338415], [-50.80906559999999, -22.23696139933838], [-50.809979999999996, -22.23762189933841], [-50.81084199999998, -22.238402299338386], [-50.8112026, -22.23919809933836], [-50.81173940000002, -22.240024699338317], [-50.81182030000002, -22.24070559933832], [-50.812987299999975, -22.241169499338305], [-50.8145495, -22.24131929933828], [-50.81570790000001, -22.240669499338335], [-50.816395399999976, -22.23981059933832], [-50.81768840000001, -22.239720699338356], [-50.818352300000015, -22.23911919933835], [-50.81929229999997, -22.239005499338358], [-50.8204968, -22.238336999338358], [-50.821405200000015, -22.238982199338356], [-50.821887100000026, -22.239966899338334], [-50.82289379999997, -22.240636999338307], [-50.82366080000003, -22.241652299338295], [-50.824636, -22.242018199338286], [-50.8258773, -22.24212909933828], [-50.82744409999998, -22.241849799338286], [-50.8285396, -22.241406899338305], [-50.82927890000001, -22.240767499338315], [-50.82992789999997, -22.239852599338327], [-50.83092349999998, -22.239453699338345], [-50.832031700000016, -22.23955379933834], [-50.833122100000026, -22.239250199338358], [-50.83440430000002, -22.23927849933835], [-50.83534930000002, -22.23928879933833], [-50.83641160000002, -22.238625799338383], [-50.83730250000002, -22.23855179933834], [-50.83773630000002, -22.237383299338365], [-50.83871529999998, -22.23708439933841], [-50.83929790000002, -22.236205599338412], [-50.83995590000001, -22.23507719933843], [-50.84057139999998, -22.23363949933845], [-50.83984759999999, -22.23291849933848], [-50.83943169999998, -22.23211379933849], [-50.839968899999974, -22.23108739933852], [-50.84074429999999, -22.230284599338564], [-50.84171930000002, -22.22979419933859], [-50.84277279999997, -22.22942609933859], [-50.84375039999997, -22.22882509933858], [-50.844409299999995, -22.22820919933858], [-50.84497149999999, -22.227375099338637], [-50.84582979999999, -22.22650649933867], [-50.846068, -22.225624299338655], [-50.84503560000002, -22.22519099933866], [-50.84470299999998, -22.224321999338663], [-50.84501960000001, -22.22351759933868], [-50.84521089999999, -22.222611499338754], [-50.84501899999998, -22.221598399338763], [-50.844900399999965, -22.22075479933878], [-50.844441500000016, -22.21986859933879], [-50.84508469999997, -22.2191763993388], [-50.84619650000002, -22.21910059933881], [-50.8471275, -22.218713299338802], [-50.84759350000002, -22.217605499338834], [-50.847984699999984, -22.21680439933887], [-50.848367699999976, -22.216019999338886], [-50.847716900000016, -22.215277399338895], [-50.84875670000002, -22.214579699338923], [-50.84975930000002, -22.214766699338906], [-50.84978030000002, -22.21481409933893], [-50.84997820000001, -22.215699799338868], [-50.850883899999985, -22.216301799338883], [-50.85219369999999, -22.216428099338845], [-50.853047199999985, -22.216907199338845], [-50.853442400000006, -22.217711399338828], [-50.85358050000002, -22.218656099338798], [-50.85431310000001, -22.219344499338785], [-50.85517770000001, -22.220043299338776], [-50.855990299999974, -22.220572399338756], [-50.85694480000001, -22.221002799338777], [-50.85792040000002, -22.221242399338756], [-50.85887450000001, -22.22191709933873], [-50.85991050000001, -22.222218299338742], [-50.860561399999995, -22.22301279933872], [-50.860517500000014, -22.224207299338683], [-50.86091410000001, -22.225193599338674], [-50.86255360000001, -22.225330299338655], [-50.86374840000002, -22.22493319933868], [-50.86417210000002, -22.2240606993387], [-50.86516260000002, -22.22356689933868], [-50.8660898, -22.22382219933867], [-50.8670386, -22.22400299933868], [-50.868102599999986, -22.2236126993387], [-50.86874920000002, -22.22301159933874], [-50.86969770000002, -22.22278209933875], [-50.87057729999999, -22.222365299338723], [-50.871681900000006, -22.222202999338712], [-50.87257230000001, -22.221758899338752], [-50.873754399999996, -22.221670699338755], [-50.87454919999999, -22.222360999338722], [-50.8751039, -22.22312129933873], [-50.87614839999998, -22.2232463993387], [-50.877099999999984, -22.222616199338734], [-50.87842929999999, -22.22202729933872], [-50.879788899999994, -22.22187259933873], [-50.88061909999999, -22.22151919933874], [-50.88152259999999, -22.22118859933877], [-50.88272380000001, -22.221590399338787], [-50.882331799999974, -22.222485699338726], [-50.881685300000015, -22.22321909933871], [-50.88276050000002, -22.223461999338706], [-50.88415889999999, -22.223297399338687], [-50.88471140000001, -22.222475899338747], [-50.8853914, -22.221755999338775], [-50.886131700000014, -22.221231799338764], [-50.88726530000003, -22.220846899338802], [-50.8883644, -22.22055299933878], [-50.8892439, -22.220131699338815], [-50.89048980000001, -22.2201715993388], [-50.891478800000016, -22.220045799338777], [-50.892311800000016, -22.22074149933875], [-50.8933591, -22.220896099338773], [-50.89430249999998, -22.221222099338743], [-50.895206599999995, -22.221107199338775], [-50.89627489999998, -22.221102099338765], [-50.89712989999998, -22.221401399338752], [-50.89886130000002, -22.22149119933876], [-50.8997885, -22.22186579933874], [-50.900179400000006, -22.222751599338714], [-50.90067269999997, -22.223293599338696], [-50.901656600000024, -22.222710399338705], [-50.90260410000001, -22.222757699338718], [-50.90299440000001, -22.222805299338727], [-50.903817199999985, -22.223154599338706], [-50.904598799999974, -22.22388419933868], [-50.90539469999999, -22.22437129933866], [-50.90648440000001, -22.224817099338672], [-50.90722790000001, -22.22432099933867], [-50.908239700000024, -22.22418049933869], [-50.909034399999996, -22.224870799338703], [-50.90947030000001, -22.225641899338683], [-50.90987389999998, -22.22653689933863], [-50.91055970000002, -22.22755359933864], [-50.911707999999976, -22.227847399338582], [-50.912502399999994, -22.22846659933859], [-50.91216769999999, -22.229316699338597], [-50.912382799999996, -22.230195699338577], [-50.913487799999984, -22.230855899338536], [-50.91470650000002, -22.230691799338537], [-50.9157452, -22.231473299338525], [-50.91683590000003, -22.231976499338483], [-50.917491900000016, -22.23258359933849], [-50.91771449999999, -22.232829699338524], [-50.918842100000006, -22.23304219933848], [-50.91970309999999, -22.23361069933847], [-50.92066849999998, -22.232957699338474], [-50.92128760000003, -22.232157099338508], [-50.9223695, -22.232441299338515], [-50.92332270000003, -22.23298239933852], [-50.92413149999999, -22.23372119933847], [-50.92492490000001, -22.234279699338455], [-50.925276199999985, -22.23512999933847], [-50.926009799999974, -22.23581839933846], [-50.927645799999986, -22.23671379933842], [-50.92855989999998, -22.236752199338408], [-50.92960099999999, -22.236947199338374], [-50.93072840000002, -22.237225699338403], [-50.93190490000001, -22.23750439933837], [-50.9329932, -22.2375960993384], [-50.93410949999998, -22.237832599338365], [-50.93513660000002, -22.238098199338392], [-50.93592699999999, -22.238596199338375], [-50.93705940000001, -22.238277199338395], [-50.938012500000006, -22.23823949933838], [-50.93901890000001, -22.238697699338346], [-50.9399416, -22.23894409933838], [-50.940899100000024, -22.238728399338363], [-50.941820199999995, -22.23897659933835], [-50.94278179999998, -22.23936019933836], [-50.943740100000014, -22.23921099933835], [-50.944478100000026, -22.238370899338378], [-50.94531219999999, -22.237879199338384], [-50.946385599999985, -22.238137499338357], [-50.9474156, -22.237967499338396], [-50.9483889, -22.23808159933836], [-50.9492487, -22.238538899338348], [-50.94996980000002, -22.238967199338354], [-50.95089230000002, -22.238414199338383], [-50.95198499999997, -22.23797089933836], [-50.953085699999974, -22.237153399338414], [-50.9538538, -22.236670499338402], [-50.953819099999976, -22.23561459933844], [-50.95430929999998, -22.234646399338413], [-50.95537669999999, -22.234863299338418], [-50.956638999999996, -22.234993599338434], [-50.95751319999999, -22.235782699338436], [-50.95822609999999, -22.236334199338398], [-50.95915179999997, -22.236541299338413], [-50.96000129999999, -22.235740599338413], [-50.9606331, -22.234867699338437], [-50.961765300000025, -22.235247499338445], [-50.96262669999999, -22.235509999338397], [-50.963655899999985, -22.235879799338438], [-50.964663599999994, -22.23577019933841], [-50.96490469999998, -22.234639999338466], [-50.96522929999998, -22.233469999338485], [-50.965761799999996, -22.232680999338506], [-50.96599789999999, -22.231695799338528], [-50.96621140000002, -22.231085699338525], [-50.967030299999976, -22.230732999338528], [-50.96790329999998, -22.231284099338517], [-50.968376799999994, -22.232273499338525], [-50.969142999999974, -22.232995999338513], [-50.97046569999998, -22.233464599338465], [-50.971405699999984, -22.233545299338477], [-50.9723161, -22.23430509933844], [-50.9731218, -22.234783099338472], [-50.97348920000002, -22.23593869933844], [-50.97393360000001, -22.23676999933838], [-50.974457599999994, -22.237508999338374], [-50.97538359999999, -22.23813019933837], [-50.97546540000002, -22.239034299338368], [-50.976063399999994, -22.23966169933833], [-50.97687430000002, -22.23917729933834], [-50.977340599999984, -22.23828449933839], [-50.97825510000001, -22.23789619933839], [-50.9792468, -22.237950399338363], [-50.98014890000002, -22.237292799338366], [-50.98062429999999, -22.236475899338423], [-50.98153450000001, -22.23617589933839], [-50.982550600000025, -22.23672419933843], [-50.9836391, -22.236943099338426], [-50.98479750000001, -22.236343699338434], [-50.98558109999999, -22.23545959933845], [-50.986555099999975, -22.235072699338428], [-50.986703499999976, -22.23607209933842], [-50.987669400000016, -22.236543799338396], [-50.98833669999999, -22.23743219933839], [-50.98913329999999, -22.238172299338338], [-50.99019950000002, -22.238324199338383], [-50.990847900000006, -22.239274099338328], [-50.9913932, -22.23877509933834], [-50.9920621, -22.238112499338367], [-50.99335780000001, -22.237597099338398], [-50.99435010000002, -22.23727749933839], [-50.995360999999995, -22.236858599338404], [-50.99634279999998, -22.2371346993384], [-50.99721649999998, -22.237442499338375], [-50.99829790000001, -22.237598499338375], [-50.999780999999984, -22.237559299338375], [-51.0007334, -22.23821529933835], [-51.001672499999984, -22.23902429933833], [-51.002602799999984, -22.239430199338354], [-51.003632900000014, -22.23939599933834], [-51.00489090000002, -22.239652999338308], [-51.005906700000025, -22.23905079933832], [-51.007144900000014, -22.23885899933834], [-51.00828310000003, -22.23909989933833], [-51.00937349999998, -22.23846369933837], [-51.01037280000003, -22.23902569933837], [-51.0118109, -22.23874259933838], [-51.01194909999998, -22.238587899338377], [-51.01328239999998, -22.236810899338426], [-51.0143789, -22.234943199338407], [-51.01483760000002, -22.234058799338474], [-51.0156159, -22.23360159933847], [-51.01651390000001, -22.233068599338505], [-51.0174862, -22.232202699338522], [-51.018374300000005, -22.23155059933852], [-51.01985450000001, -22.23070439933852], [-51.02142250000003, -22.22973019933856], [-51.02291810000003, -22.22896889933856], [-51.02396709999999, -22.228634599338616], [-51.024920699999996, -22.228534399338596], [-51.026061500000026, -22.2281202993386], [-51.02691199999998, -22.22757609933863], [-51.02781440000001, -22.22721349933863], [-51.02911949999998, -22.227149899338595], [-51.03009409999998, -22.226814499338623], [-51.03136219999999, -22.225694799338655], [-51.03266230000003, -22.22400619933872], [-51.03371759999999, -22.22285689933874], [-51.03492440000002, -22.221865499338726], [-51.03702900000001, -22.220345799338805], [-51.03850859999999, -22.220345699338772], [-51.038610000000006, -22.219491699338803], [-51.03875340000002, -22.218555199338855], [-51.03783690000001, -22.217938999338838], [-51.03792010000001, -22.21687639933886], [-51.03845740000003, -22.216084499338905], [-51.0385675, -22.215218999338887], [-51.038324100000004, -22.21413609933895], [-51.03889320000002, -22.21329959933898], [-51.039785800000004, -22.212638299338945], [-51.039389799999974, -22.211654699338983], [-51.03857240000003, -22.210862599338988], [-51.03824279999998, -22.209683199339015], [-51.038515099999984, -22.208612299339084], [-51.03958890000001, -22.207690499339098], [-51.04014860000001, -22.20690739933908], [-51.0410109, -22.20595289933913], [-51.04244679999999, -22.204990699339138], [-51.04275639999997, -22.204045799339177], [-51.04374059999998, -22.203328099339203], [-51.04395240000002, -22.2018858993392], [-51.04428899999999, -22.200830999339235], [-51.0446675, -22.200041599339286], [-51.045288400000004, -22.198904399339295], [-51.04638460000001, -22.198287599339317], [-51.04690749999997, -22.19778789933929], [-51.0475629, -22.19692939933932], [-51.04813539999998, -22.196225199339366], [-51.04889470000001, -22.195440999339386], [-51.04914400000002, -22.194583599339385], [-51.0478622, -22.19367919933944], [-51.050393100000015, -22.19164139933945], [-51.049615599999974, -22.19090269933946], [-51.0494827, -22.18996889933949], [-51.050390100000016, -22.189956199339473], [-51.05146719999999, -22.190252599339505], [-51.05243059999998, -22.190110099339527], [-51.05351810000002, -22.189951899339484], [-51.055195500000025, -22.188760499339534], [-51.05560969999999, -22.187902899339523], [-51.05616190000001, -22.18718189933955], [-51.05641989999998, -22.186071099339582], [-51.057023500000014, -22.185009699339638], [-51.05730060000002, -22.184213199339624], [-51.058182699999975, -22.183645599339627], [-51.059258800000016, -22.183560599339675], [-51.05988339999999, -22.182898399339667], [-51.06088199999999, -22.18256689933966], [-51.061513600000005, -22.1816641993397], [-51.06272139999999, -22.181656299339682], [-51.06360710000001, -22.18111449933968], [-51.06459189999998, -22.180735599339712], [-51.06590729999999, -22.180420299339705], [-51.0668182, -22.18020919933971], [-51.06780109999999, -22.17982549933973], [-51.069090700000004, -22.17976039933976], [-51.07010270000001, -22.18020939933974], [-51.0706255, -22.180936699339725], [-51.07125280000002, -22.181557099339727], [-51.072066, -22.182256999339668], [-51.073085400000025, -22.182456599339694], [-51.074651700000004, -22.18253739933968], [-51.07604880000003, -22.1823978993397], [-51.07718380000001, -22.18270179933969], [-51.078082499999994, -22.18275179933967], [-51.07980409999999, -22.18208629933967], [-51.080547000000024, -22.181311099339716], [-51.081613600000026, -22.180928999339706], [-51.08265189999998, -22.18060209933971], [-51.08356500000002, -22.17999899933974], [-51.08451839999998, -22.180233899339747], [-51.08577600000001, -22.180215099339733], [-51.086900800000016, -22.179725499339764], [-51.087583600000016, -22.178704299339756], [-51.0879074, -22.1778033993398], [-51.08850410000002, -22.177119199339803], [-51.08905079999999, -22.17640199933981], [-51.0895165, -22.175370099339855], [-51.089832, -22.174271199339888], [-51.09072659999998, -22.173661299339877], [-51.09170039999998, -22.173994999339865], [-51.09229060000001, -22.174659299339833], [-51.09319199999999, -22.174119499339884], [-51.094028200000025, -22.173814199339862], [-51.09509120000001, -22.174227699339884], [-51.095635200000004, -22.175222599339833], [-51.09604089999999, -22.17616979933985], [-51.09678320000001, -22.176456199339846], [-51.0977441, -22.176405799339822], [-51.09904019999999, -22.17615459933984], [-51.10029739999998, -22.17571499933986], [-51.101173500000016, -22.17526949933986], [-51.10206110000002, -22.17464419933985], [-51.10232969999999, -22.1736418993399], [-51.102396, -22.172578499339895], [-51.10329569999998, -22.17209069933994], [-51.104402100000016, -22.17181329933992], [-51.10560450000003, -22.169657199340005], [-51.105005500000004, -22.168720299340023], [-51.104491499999995, -22.16801639934003], [-51.104539999999986, -22.167149199340024], [-51.10471810000002, -22.166061699340066], [-51.1056615, -22.16595159934009], [-51.106432499999976, -22.165463499340067], [-51.1073399, -22.165249799340117], [-51.108644799999986, -22.165329099340088], [-51.11043699999999, -22.16555549934006], [-51.11122510000002, -22.16607889934006], [-51.111874899999975, -22.16672269934002], [-51.11275219999999, -22.16737259934006], [-51.114115500000025, -22.167639599339992], [-51.11522050000002, -22.168163799340018], [-51.11614259999999, -22.16846449934003], [-51.11710979999998, -22.16898279933997], [-51.11793799999998, -22.169714199339964], [-51.11900700000001, -22.16961869933998], [-51.11973849999998, -22.170198599339958], [-51.11981020000002, -22.171173999339953], [-51.1209111, -22.172006799339933], [-51.12185599999998, -22.172749199339904], [-51.122583099999986, -22.173307499339913], [-51.12285830000002, -22.174119799339895], [-51.12389830000001, -22.174855499339845], [-51.124978899999974, -22.17540329933987], [-51.12603150000001, -22.175028699339826], [-51.12709840000002, -22.175815599339852], [-51.12815019999999, -22.175800999339817], [-51.128823599999976, -22.17511289933984], [-51.13002160000002, -22.174500299339837], [-51.130968999999986, -22.174196499339864], [-51.131783299999995, -22.173599099339878], [-51.13266010000001, -22.17308749933991], [-51.1333024, -22.172140899339905], [-51.1342727, -22.171754199339933], [-51.13414130000001, -22.171037199339942], [-51.13430169999998, -22.169935599339944], [-51.13465789999998, -22.168981199340017], [-51.135296600000004, -22.16839579934], [-51.13609509999998, -22.16761449934004], [-51.13700929999999, -22.16749969934004], [-51.13738110000003, -22.16612659934005], [-51.13803159999998, -22.165095899340066], [-51.13817310000001, -22.164014199340112], [-51.13841409999998, -22.162557999340134], [-51.13939990000001, -22.16205279934018], [-51.14019130000003, -22.161647699340175], [-51.14034179999999, -22.16056519934021], [-51.14072620000002, -22.15951029934024], [-51.140806199999986, -22.15849749934026], [-51.141670499999975, -22.15796089934023], [-51.142244600000026, -22.157165299340246], [-51.14289289999999, -22.1562345993403], [-51.143781100000005, -22.15649649934029], [-51.1449379, -22.156380999340307], [-51.145918600000016, -22.15631389934028], [-51.14667559999999, -22.155068999340358], [-51.147438299999976, -22.153500899340347], [-51.14797370000002, -22.15170259934042], [-51.14800059999999, -22.150172199340428], [-51.1476573, -22.14880929934045], [-51.14707609999999, -22.147959799340512], [-51.146828200000016, -22.146811599340495], [-51.14731569999998, -22.145930199340555], [-51.147860499999986, -22.144949199340545], [-51.14801, -22.142796199340626], [-51.14849989999999, -22.14203309934062], [-51.14949139999999, -22.141993999340638], [-51.150057300000014, -22.141065999340675], [-51.15013729999998, -22.139771099340702], [-51.150648400000016, -22.138644799340724], [-51.15129359999998, -22.13790779934072], [-51.152082199999995, -22.137295799340745], [-51.15284580000002, -22.137955599340724], [-51.15477120000003, -22.137702299340738], [-51.156003500000004, -22.13738819934072], [-51.157011599999976, -22.13688889934073], [-51.1580773, -22.13646259934077], [-51.1591095, -22.136476299340785], [-51.16027860000002, -22.136296099340743], [-51.16140360000003, -22.13642769934078], [-51.16121020000002, -22.137547899340746], [-51.16075210000002, -22.13838669934073], [-51.16186729999998, -22.139129099340686], [-51.16239280000002, -22.140019499340674], [-51.16260110000002, -22.140988799340647], [-51.1632437, -22.141580499340623], [-51.16416129999999, -22.14248719934063], [-51.1648444, -22.143029299340633], [-51.165610000000015, -22.143490399340607], [-51.16662880000001, -22.143984499340565], [-51.167797099999966, -22.14408249934061], [-51.168820400000016, -22.143882499340602], [-51.16946830000001, -22.14473969934057], [-51.16986739999999, -22.14573259934052], [-51.17015559999999, -22.147544799340494], [-51.17055959999999, -22.14847569934049], [-51.17173869999999, -22.149307099340454], [-51.173085000000015, -22.149666899340442], [-51.17399979999999, -22.14967459934048], [-51.17496510000001, -22.149969299340448], [-51.1751157, -22.15011509934043], [-51.17578070000002, -22.150708699340424], [-51.17629549999998, -22.151671999340422], [-51.176847899999984, -22.152608899340397], [-51.17719620000002, -22.15342949934037], [-51.17746549999998, -22.15425609934034], [-51.177322100000026, -22.155103599340347], [-51.17664710000002, -22.155987899340317], [-51.1772095, -22.156838499340264], [-51.17665549999998, -22.15756429934025], [-51.17569450000002, -22.15757229934029], [-51.17490729999998, -22.158034799340243], [-51.17434989999998, -22.15887169934026], [-51.17366700000002, -22.15984779934023], [-51.17262169999998, -22.16065989934018], [-51.1721584, -22.161538499340185], [-51.1717739, -22.162398099340166], [-51.17147189999997, -22.163305099340132], [-51.17176410000002, -22.164179699340092], [-51.172150999999985, -22.165088499340115], [-51.17215349999997, -22.166194999340078], [-51.17197620000002, -22.16702929934006], [-51.17295599999999, -22.16741559934006], [-51.1740365, -22.167527799340046], [-51.1745363, -22.16835649934002], [-51.1753688, -22.169129999339994], [-51.17631, -22.169747699339997], [-51.17646589999998, -22.170762399339953], [-51.17721879999999, -22.1718341993399], [-51.177675799999975, -22.17276729933988], [-51.17886790000001, -22.17401769933986], [-51.178920100000035, -22.17509529933986], [-51.17868090000002, -22.176163299339812], [-51.17928860000001, -22.17726959933978], [-51.18004530000002, -22.177860899339766], [-51.18126180000002, -22.177408799339826], [-51.182432000000006, -22.177035499339794], [-51.183486200000004, -22.176521299339804], [-51.184424999999976, -22.176614199339838], [-51.185588499999994, -22.176401599339844], [-51.186598100000026, -22.175966899339823], [-51.188098700000005, -22.175696799339867], [-51.18890190000002, -22.175063199339853], [-51.18984119999999, -22.174947699339874], [-51.19089739999998, -22.174290299339862], [-51.19161109999999, -22.173288099339874], [-51.19275640000001, -22.17320789933992], [-51.19317860000001, -22.172348999339913], [-51.19397529999998, -22.171746599339944], [-51.19460049999998, -22.17084519933992], [-51.195260700000006, -22.170258199339937], [-51.196349600000026, -22.170169799339966], [-51.1977738, -22.169971199339997], [-51.19844330000001, -22.16937439933996], [-51.19857869999998, -22.16854889934002], [-51.199028399999975, -22.16749709934002], [-51.19994500000002, -22.16745559934001], [-51.199830099999986, -22.166622399340046], [-51.199411699999985, -22.16574169934007], [-51.20046509999998, -22.1652469993401], [-51.20141130000002, -22.165295799340104], [-51.20277129999999, -22.165412299340087], [-51.20298589999998, -22.16628549934007], [-51.202807699999994, -22.167587099340018], [-51.20391349999999, -22.16736889934002], [-51.20494760000003, -22.16741769934003], [-51.205806800000005, -22.167879999340048], [-51.20682820000002, -22.16832309934003], [-51.207711200000006, -22.16915359934001], [-51.208235100000024, -22.169888799339997], [-51.2091954, -22.17053499933993], [-51.21005550000002, -22.171552299339908], [-51.210560799999996, -22.172430099339888], [-51.21042299999999, -22.173477399339916], [-51.210066600000005, -22.174251799339856], [-51.21024870000002, -22.175325199339817], [-51.211134200000004, -22.175818899339852], [-51.211967500000014, -22.17626469933981], [-51.213041299999986, -22.17677049933979], [-51.213885300000015, -22.17746089933982], [-51.21487960000002, -22.177926099339764], [-51.21531540000001, -22.178998699339772], [-51.21608800000001, -22.17854329933977], [-51.21661949999998, -22.177753499339783], [-51.21748409999997, -22.17735679933978], [-51.21835579999998, -22.17649249933982], [-51.21943840000001, -22.17654789933983], [-51.220134400000006, -22.1772683993398], [-51.221314800000016, -22.176959699339804], [-51.222251799999974, -22.17634609933981], [-51.222494299999994, -22.176480399339816], [-51.22316669999998, -22.17633329933983], [-51.22512039999998, -22.176647199339797], [-51.226172099999985, -22.1764289993398], [-51.227132299999994, -22.1761720993398], [-51.228142999999996, -22.175713999339862], [-51.22914630000002, -22.17555139933986], [-51.22979129999999, -22.174789999339836], [-51.23044270000003, -22.174048099339863], [-51.23151630000001, -22.17345219933988], [-51.232136500000024, -22.172776599339926], [-51.233296999999986, -22.172652299339887], [-51.234392500000006, -22.17304439933988], [-51.235317200000004, -22.17309479933989], [-51.23628389999999, -22.17315999933989], [-51.23756309999999, -22.17256879933994], [-51.2380316, -22.171679199339966], [-51.2386477, -22.17100649933992], [-51.2397833, -22.170506799339957], [-51.24052849999998, -22.170028699339955], [-51.24174699999997, -22.16969799933997], [-51.24288610000002, -22.170023999339982], [-51.243854699999986, -22.170074999339974], [-51.244755399999974, -22.169817399339976], [-51.24559870000001, -22.169389599339972], [-51.246512199999984, -22.169177099339993], [-51.247755999999974, -22.16927129933998], [-51.2475905, -22.17016909933997], [-51.24724090000001, -22.17104019933994], [-51.24800540000001, -22.171717599339953], [-51.24905100000001, -22.172349199339894], [-51.249816899999985, -22.173053499339876], [-51.2503696, -22.173787899339853], [-51.25137790000002, -22.174271499339845], [-51.25229589999998, -22.174875199339837], [-51.251773300000025, -22.175902699339826], [-51.252761299999975, -22.176483399339812], [-51.25374069999998, -22.176811299339807], [-51.253841299999976, -22.177831399339798], [-51.25441970000003, -22.17852649933975], [-51.25552320000003, -22.178445799339784], [-51.25675319999999, -22.1782713993398], [-51.257616799999994, -22.17882049933973], [-51.258765900000014, -22.178346699339787], [-51.2596949, -22.177851699339797], [-51.26069100000001, -22.177946099339778], [-51.261133700000016, -22.17886619933978], [-51.2618597, -22.17951359933975], [-51.2629506, -22.180144799339722], [-51.26382760000001, -22.1809155993397], [-51.2629733, -22.18163859933968], [-51.26252849999997, -22.18262029933967], [-51.26274990000002, -22.183531799339676], [-51.262705100000005, -22.184860599339597], [-51.26369519999997, -22.184742399339633], [-51.26457640000002, -22.18496129933962], [-51.26523529999997, -22.185562799339607], [-51.26627930000001, -22.18631259933959], [-51.26697209999997, -22.187219599339553], [-51.26796250000001, -22.187706599339556], [-51.26937600000003, -22.188228699339565], [-51.2707805, -22.188556999339536], [-51.271088599999985, -22.18824539933957], [-51.27217259999997, -22.187939299339533], [-51.273371399999974, -22.18807089933956], [-51.27435250000002, -22.187880099339516], [-51.275383499999975, -22.188165099339535], [-51.276451099999974, -22.187707399339573], [-51.2774728, -22.18717279933954], [-51.279982399999994, -22.185650899339585], [-51.280778600000026, -22.185143599339614], [-51.282306500000004, -22.184121199339632], [-51.28321140000003, -22.183305499339678], [-51.283711400000016, -22.183293599339667], [-51.284536, -22.18294959933964], [-51.28561070000001, -22.182218099339686], [-51.2865238, -22.18276689933966], [-51.28674130000002, -22.18385109933967], [-51.28712810000002, -22.184957299339626], [-51.28714830000001, -22.185859999339584], [-51.28791360000002, -22.186636499339595], [-51.28848579999999, -22.18731089933956], [-51.2888342, -22.188333399339513], [-51.28912559999998, -22.189158299339486], [-51.2895681, -22.1900318993395], [-51.289459599999994, -22.19123229933949], [-51.28941670000001, -22.194342099339366], [-51.28990399999998, -22.195086299339394], [-51.28949210000001, -22.196078599339376], [-51.28971489999997, -22.196955399339313], [-51.290666900000026, -22.197166899339344], [-51.29143379999999, -22.197973099339322], [-51.291898300000014, -22.19874019933927], [-51.29244030000001, -22.19981229933928], [-51.293376799999976, -22.200661699339264], [-51.29415740000002, -22.20142139933925], [-51.2946192, -22.20237239933921], [-51.295068800000024, -22.203143599339167], [-51.29520129999998, -22.204164299339176], [-51.29604469999999, -22.204450699339155], [-51.296777399999996, -22.205004999339174], [-51.29749550000002, -22.20582429933915], [-51.298025199999984, -22.206749899339087], [-51.29868110000002, -22.207662199339094], [-51.2992069, -22.208522099339042], [-51.29946769999998, -22.209347399339055], [-51.29993919999998, -22.21029369933905], [-51.30004439999999, -22.211216399339012], [-51.300287500000024, -22.212283099338958], [-51.299753899999985, -22.213255399338937], [-51.29926999999998, -22.214137099338945], [-51.2992074, -22.21500769933891], [-51.299241800000004, -22.216096199338867], [-51.299229500000024, -22.217173899338842], [-51.29931449999998, -22.218248199338834], [-51.29975780000001, -22.219013099338806], [-51.29970530000003, -22.21999699933877], [-51.30082210000001, -22.220516799338768], [-51.302006800000015, -22.22091889933878], [-51.303047400000025, -22.220751599338794], [-51.30404170000003, -22.220475399338778], [-51.30506980000001, -22.220451899338787], [-51.30623739999999, -22.2202612993388], [-51.307324600000015, -22.220084999338766], [-51.30820610000001, -22.2206501993388], [-51.30939840000002, -22.221034799338753], [-51.31045269999999, -22.22153739933875], [-51.31140770000002, -22.22185019933876], [-51.31234039999998, -22.222146999338747], [-51.31328589999998, -22.221933099338756], [-51.313944400000025, -22.22125889933877], [-51.31487959999998, -22.220987899338787], [-51.315891299999976, -22.221302099338768], [-51.31694979999998, -22.221214599338754], [-51.31801630000001, -22.221683799338745], [-51.31949830000003, -22.221741999338754], [-51.320742800000005, -22.221476999338755], [-51.32149870000001, -22.22066909933879], [-51.321617100000026, -22.21980739933877], [-51.32174930000002, -22.218954499338807], [-51.322336099999966, -22.21816999933882], [-51.32268989999999, -22.21721349933887], [-51.32326560000001, -22.2163678993389], [-51.32454510000002, -22.21605189933892], [-51.32571949999999, -22.216259799338868], [-51.32678520000002, -22.216441599338875], [-51.32760230000002, -22.217082599338887], [-51.32728429999997, -22.217922499338833], [-51.327146000000035, -22.219028399338832], [-51.327667399999996, -22.21984829933881], [-51.329149900000004, -22.2202129993388], [-51.33045720000001, -22.220051699338786], [-51.33151809999998, -22.219617499338828], [-51.33242130000003, -22.219055799338786], [-51.33314919999998, -22.218108999338863], [-51.334536000000014, -22.216982199338883], [-51.335194100000024, -22.21598829933888], [-51.33549820000002, -22.215144899338892], [-51.336043700000005, -22.214212499338903], [-51.336889699999965, -22.213702599338916], [-51.337770499999976, -22.212740499338963], [-51.338365599999975, -22.21169769933899], [-51.33944089999999, -22.21165179933902], [-51.34035239999997, -22.21202499933896], [-51.34136910000001, -22.212699099338973], [-51.34211979999998, -22.212484599338946], [-51.341978299999994, -22.21203699933899], [-51.34140989999998, -22.210786499338987], [-51.341118300000005, -22.209991699339014], [-51.34087779999999, -22.209107399339036], [-51.34070489999999, -22.20817749933904], [-51.34060469999997, -22.206647099339108], [-51.34075430000002, -22.205638199339138], [-51.341707499999984, -22.204170499339135], [-51.344067300000006, -22.20247759933921], [-51.3464692, -22.200629399339274], [-51.34928880000001, -22.198521199339318], [-51.3502016, -22.197749099339326], [-51.35150370000003, -22.19632299933936], [-51.35247550000003, -22.194910299339387], [-51.35427629999998, -22.19251349933947], [-51.3550573, -22.191633599339443], [-51.356302299999975, -22.190443599339467], [-51.35810500000002, -22.188888599339514], [-51.36037060000001, -22.18702259933956], [-51.36118440000001, -22.186305699339577], [-51.36250819999998, -22.184917599339624], [-51.36375779999997, -22.183732899339645], [-51.36468660000003, -22.182979399339686], [-51.36622679999999, -22.1818669993397], [-51.36874999999998, -22.18021169933971], [-51.3723665, -22.177756499339775], [-51.37317589999998, -22.17705659933981], [-51.37369569999999, -22.17617959933984], [-51.373497400000026, -22.17617779933983], [-51.372701000000006, -22.175481699339812], [-51.371855900000014, -22.174657799339837], [-51.37118060000001, -22.17377509933988], [-51.371195899999975, -22.1720131993399], [-51.372621200000026, -22.170512099339952], [-51.3740259, -22.168606399339996], [-51.37488059999998, -22.167314999340004], [-51.37559199999998, -22.16637079934004], [-51.3764688, -22.165296099340058], [-51.37933880000003, -22.162680499340173], [-51.380575599999986, -22.161482999340144], [-51.38107179999997, -22.160786099340186], [-51.38156959999998, -22.159944899340232], [-51.38244370000001, -22.158003399340238], [-51.3830385, -22.15713339934029], [-51.38390800000002, -22.15633059934028], [-51.38489850000002, -22.155641799340312], [-51.385836299999994, -22.15506739934033], [-51.38654279999997, -22.15448009934034], [-51.38722360000003, -22.153487099340367], [-51.38754119999999, -22.15104989934039], [-51.38739140000001, -22.14932299934044], [-51.38702929999999, -22.147846299340518], [-51.38676959999999, -22.1469258993405], [-51.3876927, -22.144092499340584], [-51.388028099999985, -22.142870699340612], [-51.388241100000016, -22.14078409934068], [-51.38818309999999, -22.139632899340672], [-51.38784629999998, -22.13810059934069], [-51.38769070000001, -22.136867399340783], [-51.38778129999997, -22.134443299340795], [-51.387793699999975, -22.13320529934083], [-51.38770410000001, -22.132173599340852], [-51.3873648, -22.131251999340897], [-51.385940600000026, -22.129019999340958], [-51.3849616, -22.127401199340987], [-51.383011899999985, -22.125277999340998], [-51.38226400000002, -22.124366899341037], [-51.37984779999999, -22.120937999341162], [-51.37916250000001, -22.11985889934114], [-51.378414599999985, -22.118376499341196], [-51.37707870000003, -22.115511299341236], [-51.37638570000001, -22.113611399341327], [-51.37619539999997, -22.11284639934134], [-51.37751989999998, -22.112653799341285], [-51.3793546, -22.11196259934137], [-51.3813715, -22.11090639934134], [-51.382594100000006, -22.110513899341377], [-51.384076400000026, -22.110255099341394], [-51.38500060000001, -22.11002609934141], [-51.386827400000016, -22.109314699341418], [-51.388281899999974, -22.108636999341407], [-51.38925660000001, -22.107904499341448], [-51.38996079999998, -22.10626049934148], [-51.39009800000002, -22.105426899341488], [-51.3898987, -22.1046115993415], [-51.38919550000003, -22.103328999341507], [-51.38801649999999, -22.10025909934163], [-51.387862600000005, -22.099512999341634], [-51.38948599999998, -22.098723899341618], [-51.39080860000002, -22.098195299341644], [-51.39173979999998, -22.09790739934166], [-51.392717800000014, -22.09766819934166], [-51.39447009999998, -22.097313899341692], [-51.39536959999998, -22.097071699341715], [-51.39657030000001, -22.096410099341718], [-51.397851, -22.09527639934171], [-51.398759100000014, -22.094574999341763], [-51.400151699999974, -22.093629699341776], [-51.401252, -22.093031099341808], [-51.40272229999999, -22.092674399341806], [-51.40497349999998, -22.092543199341822], [-51.406531200000025, -22.092360699341775], [-51.408493799999974, -22.091781799341796], [-51.409939099999974, -22.09117389934183], [-51.4117473, -22.09014089934185], [-51.41307560000001, -22.089026599341885], [-51.413788899999986, -22.0880898993419], [-51.41438529999999, -22.08664259934194], [-51.415166399999976, -22.083399199341986], [-51.4158683, -22.08129889934204], [-51.4162007, -22.080492599342094], [-51.41789030000001, -22.077142299342157], [-51.41869509999998, -22.075346599342186], [-51.41961809999998, -22.07529789934221], [-51.420679300000025, -22.074973099342234], [-51.421656900000016, -22.074341899342212], [-51.42317539999999, -22.07306909934225], [-51.42405000000002, -22.072404599342295], [-51.425006999999994, -22.07157919934227], [-51.426866700000005, -22.070912699342312], [-51.42882789999999, -22.07097009934232], [-51.42996260000001, -22.071053299342317], [-51.43446899999998, -22.0712043993423], [-51.43574389999998, -22.071271099342294], [-51.436938399999974, -22.071393199342285], [-51.43823149999998, -22.07165919934228], [-51.43928249999999, -22.071771899342274], [-51.440452600000015, -22.071588799342255], [-51.44136930000002, -22.07114789934233], [-51.44218769999998, -22.070481599342305], [-51.44281189999998, -22.069693499342353], [-51.4441648, -22.0703462993423], [-51.44539689999999, -22.07089709934233], [-51.4469206, -22.07131999934231], [-51.44902489999998, -22.071330699342276], [-51.4503408, -22.071379499342267], [-51.4516031, -22.071602699342314], [-51.45274310000002, -22.07212589934228], [-51.45415559999998, -22.07329169934228], [-51.4551561, -22.073989499342215], [-51.45739150000003, -22.07490739934218], [-51.45889519999997, -22.075539699342173], [-51.459821799999986, -22.07580109934217], [-51.46171140000001, -22.075980899342177], [-51.462955799999975, -22.07596949934218], [-51.464113399999974, -22.076140399342176], [-51.46521539999998, -22.07642289934219], [-51.46605599999998, -22.076748899342153], [-51.467553399999986, -22.077519999342147], [-51.469827899999984, -22.078528099342154], [-51.47240570000003, -22.079433699342086], [-51.472862299999974, -22.0795128993421], [-51.47262469999999, -22.07834709934211], [-51.4722903, -22.077544399342166], [-51.472641599999974, -22.076556899342187], [-51.4728652, -22.07480819934222], [-51.4732244, -22.073992799342218], [-51.47419919999998, -22.073687699342244], [-51.475371300000006, -22.073549999342255], [-51.47646689999999, -22.07307529934228], [-51.47736370000001, -22.072683999342242], [-51.478318, -22.071406299342268], [-51.47869589999999, -22.071179399342302], [-51.47960870000003, -22.071068799342278], [-51.480603099999996, -22.070532599342297], [-51.48204820000001, -22.070329599342305], [-51.4831279, -22.070351499342344], [-51.484272499999975, -22.070577499342335], [-51.48516560000002, -22.0710655993423], [-51.48645850000003, -22.070603699342296], [-51.48790869999999, -22.070217899342307], [-51.488699800000006, -22.069650499342366], [-51.49036230000001, -22.06951269934235], [-51.49174749999997, -22.06887639934237], [-51.492402200000015, -22.06816259934237], [-51.49303479999997, -22.067229599342415], [-51.49448319999999, -22.064671999342433], [-51.49535129999998, -22.06334809934247], [-51.4962711, -22.062245599342493], [-51.49695200000002, -22.061581999342515], [-51.49816750000002, -22.060578599342538], [-51.4991187, -22.059907999342578], [-51.50011189999998, -22.05929429934256], [-51.50116079999998, -22.058751099342594], [-51.502275, -22.058299499342574], [-51.50336249999998, -22.05798749934264], [-51.504482499999995, -22.057755199342594], [-51.506090700000016, -22.057464399342646], [-51.507023000000004, -22.057257499342615], [-51.5079207, -22.05700359934261], [-51.50925780000001, -22.056488599342668], [-51.51042460000002, -22.055845199342688], [-51.51114910000001, -22.055277299342684], [-51.51176909999998, -22.05455999934267], [-51.51219889999999, -22.053753099342707], [-51.512539300000014, -22.052786399342743], [-51.51291509999999, -22.05157919934275], [-51.5132175, -22.050784199342797], [-51.513902900000005, -22.049377699342795], [-51.514775499999985, -22.04790609934283], [-51.5154857, -22.046907899342884], [-51.51765069999999, -22.044362499342917], [-51.519878199999994, -22.041599299342973], [-51.52073710000002, -22.04071369934304], [-51.52199639999998, -22.039782599343066], [-51.52298239999998, -22.039197699343045], [-51.5242753, -22.038606599343044], [-51.527251799999995, -22.03756829934307], [-51.52997319999998, -22.036493799343134], [-51.532949700000025, -22.035238899343174], [-51.53559259999997, -22.034268899343143], [-51.53685480000002, -22.03373729934317], [-51.53839540000001, -22.032874299343213], [-51.539311699999985, -22.032183799343215], [-51.54043039999999, -22.031044899343232], [-51.54091749999998, -22.030324799343283], [-51.541314500000006, -22.02956169934327], [-51.541983800000025, -22.02805379934333], [-51.542522399999996, -22.026988999343356], [-51.54590919999998, -22.021506999343465], [-51.54650040000001, -22.020696399343517], [-51.54724650000003, -22.019904999343503], [-51.5480862, -22.01922719934352], [-51.55078320000001, -22.017788799343577], [-51.55196369999998, -22.017099399343586], [-51.553441299999974, -22.015936099343584], [-51.554254300000025, -22.015027699343648], [-51.55660280000001, -22.01154369934372], [-51.55874249999999, -22.008756899343755], [-51.55977919999998, -22.007262699343816], [-51.56045139999998, -22.00619729934384], [-51.56132020000001, -22.004601599343882], [-51.56246540000001, -22.002208799343936], [-51.56293779999998, -22.00104459934396], [-51.56355610000003, -21.999282499343995], [-51.56395320000001, -21.997913699344068], [-51.564324699999986, -21.996377999344066], [-51.56452890000003, -21.99534639934411], [-51.56536219999998, -21.994513599344113], [-51.56714040000003, -21.995279099344096], [-51.56791770000001, -21.99573989934407], [-51.56891009999998, -21.99725199934405], [-51.56966110000002, -21.998155699344014], [-51.57083319999998, -21.998991499343997], [-51.5717525, -21.99975879934399], [-51.57309329999998, -22.001009699343957], [-51.57404439999999, -22.001744899343947], [-51.575385900000015, -22.002383399343906], [-51.576388399999985, -22.002651099343904], [-51.57802379999998, -22.002536099343903], [-51.5806508, -22.00311789934391], [-51.582028999999984, -22.003679799343875], [-51.583072300000026, -22.003516499343892], [-51.584460200000024, -22.00356339934391], [-51.58598630000001, -22.00269239934392], [-51.58767610000001, -22.001030199343962], [-51.588634300000024, -22.000020999343988], [-51.58921529999998, -21.999250999344014], [-51.58975149999998, -21.99673069934406], [-51.5901159, -21.99569889934407], [-51.59033240000002, -21.994538999344094], [-51.59036170000002, -21.993679599344144], [-51.59291880000001, -21.993662599344134], [-51.59408760000002, -21.99374559934416], [-51.59472929999998, -21.99434339934411], [-51.595958800000005, -21.994528899344097], [-51.59869550000002, -21.994513299344117], [-51.5987533, -21.993514399344118], [-51.59875290000002, -21.99248349934415], [-51.59870619999998, -21.991243499344197], [-51.598592199999985, -21.98990659934421], [-51.59838530000002, -21.988586899344224], [-51.597989499999976, -21.987266899344295], [-51.597345099999984, -21.986168999344326], [-51.5965018, -21.985348699344293], [-51.59464789999998, -21.984228599344352], [-51.593771300000014, -21.98368079934437], [-51.592418099999975, -21.982617599344426], [-51.59171600000002, -21.98193189934441], [-51.59110320000001, -21.981114599344444], [-51.59066769999998, -21.980165599344467], [-51.59048899999999, -21.979129799344484], [-51.5907785, -21.97797839934449], [-51.59195940000001, -21.97702769934454], [-51.59301790000001, -21.97684699934456], [-51.59416590000001, -21.977057899344512], [-51.595133799999985, -21.977428699344536], [-51.5972496, -21.97832229934449], [-51.59837829999998, -21.9787495993445], [-51.60001949999998, -21.97917589934445], [-51.60161019999998, -21.979348099344463], [-51.6025348, -21.9792933993445], [-51.603411600000015, -21.97911189934451], [-51.60445190000002, -21.97868109934451], [-51.60546249999999, -21.978018699344506], [-51.606261200000006, -21.97736449934454], [-51.607446400000015, -21.97605219934458], [-51.608202000000006, -21.975029099344553], [-51.60887589999999, -21.974053699344616], [-51.611356699999995, -21.97004429934468], [-51.6120191, -21.969103599344702], [-51.61381899999998, -21.966918899344762], [-51.61604010000001, -21.96384219934483], [-51.61619480000002, -21.963680199344846], [-51.61974830000003, -21.96588529934482], [-51.62114650000001, -21.966637699344755], [-51.62207949999998, -21.967027399344765], [-51.62304649999998, -21.96734999934477], [-51.62400980000001, -21.967605299344758], [-51.62572929999999, -21.967865899344734], [-51.62735420000001, -21.96777919934474], [-51.6305208, -21.967164699344778], [-51.63184030000002, -21.96693999934479], [-51.632777400000016, -21.966848799344746], [-51.63373580000001, -21.9668211993448], [-51.63469420000001, -21.966856399344742], [-51.635630100000014, -21.96695489934478], [-51.63793049999998, -21.967401299344772], [-51.64104750000002, -21.96834859934475], [-51.64265519999998, -21.96857109934475], [-51.64508469999998, -21.96856029934471], [-51.646652500000016, -21.968628899344722], [-51.650027799999975, -21.969203199344687], [-51.651665499999986, -21.96946659934468], [-51.653214400000024, -21.9696509993447], [-51.654244800000015, -21.969694599344724], [-51.65527589999999, -21.96964879934472], [-51.65627249999999, -21.96950609934469], [-51.65873, -21.96877229934473], [-51.66127899999998, -21.967842499344762], [-51.66554050000002, -21.966560899344774], [-51.666970699999986, -21.9660798993448], [-51.66825139999997, -21.965557699344775], [-51.66952889999999, -21.9648978993448], [-51.6708352, -21.964046199344818], [-51.6720282, -21.96367959934483], [-51.6711879, -21.96202659934489], [-51.670821400000015, -21.961060299344894], [-51.670606299999974, -21.959979099344924], [-51.670617400000026, -21.95906049934498], [-51.670847700000024, -21.95816229934501], [-51.67127820000002, -21.957386699344966], [-51.67187680000001, -21.95667909934498], [-51.672583900000014, -21.956028099345055], [-51.6740818, -21.954946299345067], [-51.67677259999999, -21.953370899345067], [-51.67840360000002, -21.95251689934509], [-51.68054360000003, -21.951511199345163], [-51.682929100000024, -21.950309899345143], [-51.6840292, -21.949828999345183], [-51.68706550000002, -21.948603599345212], [-51.689818, -21.94764069934525], [-51.69112999999999, -21.947105199345245], [-51.69282980000003, -21.946163199345264], [-51.69383240000002, -21.94547079934529], [-51.69469240000001, -21.9447906993453], [-51.69545169999998, -21.944025999345328], [-51.696055300000005, -21.94314409934532], [-51.69653890000001, -21.94216049934535], [-51.69694509999999, -21.941113199345402], [-51.69768490000001, -21.938957599345404], [-51.69809299999998, -21.937911199345432], [-51.698611700000015, -21.936812399345484], [-51.69950310000002, -21.935194699345534], [-51.70014750000001, -21.934202199345567], [-51.7014408, -21.93235309934559], [-51.70312689999997, -21.929736899345674], [-51.70463289999998, -21.92761409934574], [-51.70547260000001, -21.926364299345718], [-51.708425999999974, -21.921682099345844], [-51.71036149999998, -21.918679599345936], [-51.71119520000003, -21.918680299345915], [-51.71190510000003, -21.918074699345908], [-51.715128600000014, -21.91602499934596], [-51.717037300000015, -21.914669799346033], [-51.71821199999999, -21.91364839934604], [-51.719161799999995, -21.91258479934606], [-51.71985840000003, -21.911555099346074], [-51.72033140000002, -21.910700599346082], [-51.723301400000025, -21.905024999346264], [-51.72408439999998, -21.903386699346274], [-51.72453200000001, -21.902309399346283], [-51.72485490000003, -21.901296799346333], [-51.725461800000005, -21.898803299346383], [-51.725868, -21.897718999346413], [-51.72642000000002, -21.89680719934644], [-51.72742419999997, -21.895580199346444], [-51.72866069999998, -21.894184499346487], [-51.729532800000015, -21.8928998993465], [-51.73028770000002, -21.890921799346582], [-51.73089570000002, -21.88773339934665], [-51.731153500000005, -21.886670499346653], [-51.731620299999975, -21.885215199346707], [-51.73197299999999, -21.884308799346716], [-51.73300569999998, -21.88213639934676], [-51.73375220000003, -21.879893299346822], [-51.73402329999999, -21.878593099346844], [-51.734193999999995, -21.87728219934692], [-51.73428510000002, -21.87603559934696], [-51.73433870000003, -21.87365399934697], [-51.73452880000002, -21.872846599347003], [-51.735756200000026, -21.87265569934701], [-51.736754099999985, -21.872542599346982], [-51.73797990000003, -21.872453899347004], [-51.73936789999999, -21.872398299346997], [-51.740845999999976, -21.872382899347013], [-51.746223499999985, -21.872520199347], [-51.74877270000002, -21.87248949934698], [-51.75135169999999, -21.87258219934703], [-51.7525589, -21.872592999347], [-51.75573459999998, -21.872513699347028], [-51.75749739999998, -21.87254559934703], [-51.75997039999998, -21.87284209934702], [-51.763177299999995, -21.87335339934698], [-51.76536010000002, -21.87362539934697], [-51.766844400000025, -21.87398889934694], [-51.76812419999999, -21.874611999346964], [-51.76918410000002, -21.874959499346943], [-51.770380699999976, -21.874991999346967], [-51.77178809999998, -21.874809099346948], [-51.77322909999998, -21.87442149934694], [-51.77516739999999, -21.873645999346994], [-51.77672890000002, -21.87278279934698], [-51.778262600000005, -21.871795499347044], [-51.78008670000003, -21.87052939934707], [-51.7813344, -21.869752299347084], [-51.7825666, -21.869121399347083], [-51.784134600000016, -21.868487799347132], [-51.7853106, -21.86792049934715], [-51.785361299999984, -21.867846299347118], [-51.78661390000002, -21.868590899347108], [-51.78731609999999, -21.869265599347088], [-51.788349600000004, -21.87081279934707], [-51.78926539999997, -21.871560899347063], [-51.79069750000003, -21.87210139934704], [-51.79140810000001, -21.87283579934702], [-51.79109890000001, -21.875829299346947], [-51.790852599999994, -21.877134999346907], [-51.79115980000001, -21.878367199346886], [-51.7916687, -21.87909839934683], [-51.79323040000003, -21.879923999346847], [-51.79591570000002, -21.881678899346785], [-51.7961952, -21.882012999346763], [-51.7982652, -21.880665099346807], [-51.7991629, -21.880144299346814], [-51.800946300000014, -21.879222299346832], [-51.802284499999985, -21.878623599346888], [-51.803606499999994, -21.87813499934687], [-51.80471590000002, -21.877889199346914], [-51.80738910000002, -21.877914899346887], [-51.808894099999975, -21.877784299346857], [-51.810412499999984, -21.87738189934688], [-51.811625900000024, -21.877247299346923], [-51.81285639999999, -21.87753019934692], [-51.814925699999996, -21.878348699346873], [-51.8160469, -21.878697099346876], [-51.817456799999995, -21.878855799346862], [-51.818878700000035, -21.878716099346885], [-51.82003250000003, -21.87836659934686], [-51.82140800000002, -21.877806399346877], [-51.82322590000001, -21.876835999346945], [-51.82423210000002, -21.876338799346904], [-51.8252109, -21.876029399346912], [-51.8265763, -21.875720499346937], [-51.83129709999997, -21.87384849934699], [-51.83215450000001, -21.873427099346998], [-51.83346560000002, -21.872643899347015], [-51.834906699999976, -21.871614099347024], [-51.837930200000024, -21.87201359934702], [-51.838810000000024, -21.872387699347005], [-51.83960300000001, -21.872827499347032], [-51.840878799999984, -21.87375739934697], [-51.84216479999998, -21.875164599346963], [-51.84294030000001, -21.875846699346937], [-51.84389090000002, -21.876215399346904], [-51.8449761, -21.87623379934694], [-51.84727650000002, -21.876027199346943], [-51.84840329999997, -21.87606549934691], [-51.85025200000001, -21.876413099346898], [-51.8533281, -21.87720379934692], [-51.855052600000015, -21.87770809934689], [-51.85618499999998, -21.877897799346915], [-51.85834399999999, -21.87779629934689], [-51.86065309999998, -21.8775487993469], [-51.86190679999998, -21.877502499346882], [-51.863266399999986, -21.877649099346872], [-51.864151900000024, -21.8778094993469], [-51.8651347, -21.878025799346872], [-51.866141200000015, -21.878304199346875], [-51.86709939999997, -21.878649999346855], [-51.868550500000026, -21.87934709934687], [-51.87036169999998, -21.880346599346815], [-51.871288, -21.880202099346846], [-51.8724886, -21.879757299346828], [-51.873738499999995, -21.879450499346863], [-51.874547199999995, -21.87897419934687], [-51.8751608, -21.878198699346857], [-51.875536200000006, -21.87695199934692], [-51.876536499999986, -21.876047199346953], [-51.87763480000001, -21.875156199346936], [-51.87841889999998, -21.874281899346993], [-51.878891599999974, -21.873237199346995], [-51.879342399999985, -21.87226189934703], [-51.87952869999997, -21.871180199347073], [-51.88054440000001, -21.870655699347047], [-51.885552700000005, -21.86715369934715], [-51.88692850000002, -21.866259699347154], [-51.888339099999996, -21.865428299347194], [-51.88931280000002, -21.864922399347204], [-51.890976799999976, -21.864148799347227], [-51.89382899999998, -21.863006999347217], [-51.895560100000004, -21.862219199347273], [-51.900112999999976, -21.859915299347325], [-51.90181919999998, -21.859147799347348], [-51.903585400000004, -21.85846459934733], [-51.90473100000003, -21.858092699347335], [-51.909738800000014, -21.856601899347375], [-51.910844399999974, -21.8563458993474], [-51.91187150000001, -21.856264999347406], [-51.914047100000005, -21.856327799347373], [-51.915132400000005, -21.856311299347414], [-51.91625240000002, -21.856213999347414], [-51.91736120000001, -21.856018199347396], [-51.91841119999998, -21.855704699347402], [-51.91945620000001, -21.85521389934744], [-51.92048540000002, -21.854537799347447], [-51.92177859999998, -21.853491999347472], [-51.922617, -21.85270329934745], [-51.92341570000002, -21.8518663993475], [-51.924173499999995, -21.850981299347527], [-51.924944400000015, -21.849969699347515], [-51.92563030000002, -21.849010899347554], [-51.926226199999974, -21.84810559934758], [-51.92684200000002, -21.84695029934761], [-51.92762629999998, -21.845210699347657], [-51.929366200000004, -21.84116969934778], [-51.92992190000002, -21.83996359934776], [-51.93082729999997, -21.838163299347848], [-51.931743100000006, -21.836567899347845], [-51.93369519999999, -21.833679799347962], [-51.93452839999998, -21.833680299347968], [-51.93575709999999, -21.834551599347908], [-51.93622429999999, -21.83624089934789], [-51.93715589999999, -21.83753869934782], [-51.93904529999998, -21.838042799347814], [-51.93996490000001, -21.838529099347838], [-51.9409685, -21.838478699347807], [-51.94199700000002, -21.83797079934783], [-51.94286140000003, -21.83784719934783], [-51.942990099999975, -21.837586699347817], [-51.94366910000002, -21.83681559934788], [-51.94469830000003, -21.83577849934789], [-51.94692789999999, -21.833595099347967], [-51.94744830000002, -21.83263739934797], [-51.94797219999998, -21.830995199348024], [-51.94846990000002, -21.83002609934802], [-51.94937909999999, -21.82925679934804], [-51.95037400000001, -21.82889159934807], [-51.95325079999998, -21.82830669934805], [-51.956087500000024, -21.827340199348072], [-51.95693870000002, -21.826837599348075], [-51.95789559999997, -21.82593149934815], [-51.95844149999999, -21.82513379934814], [-51.958831499999974, -21.824350599348165], [-51.959223899999984, -21.823399999348176], [-51.95952749999998, -21.822126699348225], [-51.96006010000002, -21.818727999348315], [-51.96036140000001, -21.817847199348325], [-51.9640061, -21.817158999348337], [-51.96518909999998, -21.816863199348333], [-51.966114800000014, -21.816573899348327], [-51.96760619999998, -21.81601349934835], [-51.9690056, -21.81530889934837], [-51.970033899999976, -21.814556799348377], [-51.97062770000002, -21.813837699348433], [-51.971017800000034, -21.81292219934843], [-51.9719055, -21.80996539934851], [-51.972732500000006, -21.808376099348518], [-51.97342140000001, -21.807443099348564], [-51.97499740000001, -21.805713699348612], [-51.97914409999998, -21.801690399348676], [-51.980007, -21.801019299348727], [-51.9809401, -21.800495699348723], [-51.98186479999998, -21.800188199348714], [-51.98350160000001, -21.79985589934876], [-51.98616989999999, -21.799461299348767], [-51.98748089999999, -21.79892619934875], [-51.988324999999975, -21.79788829934881], [-51.99014299999999, -21.793843999348866], [-51.990596799999985, -21.792916699348886], [-51.99107809999998, -21.79206959934891], [-51.9921511, -21.79081079934893], [-51.993695100000025, -21.790347099348995], [-51.994797500000004, -21.789787099349], [-51.99908019999998, -21.786957499349082], [-52.00024530000002, -21.786146099349068], [-52.00130660000002, -21.78526639934911], [-52.002315099999976, -21.784123199349132], [-52.002981499999976, -21.78303779934913], [-52.00388270000002, -21.780501499349214], [-52.0042727, -21.779483699349242], [-52.00475260000002, -21.77852739934922], [-52.00531779999999, -21.777690899349256], [-52.006069200000006, -21.776776799349285], [-52.00732770000002, -21.77569359934933], [-52.008297500000026, -21.775180999349306], [-52.009477199999985, -21.774833999349347], [-52.01074510000001, -21.77467229934937], [-52.012021800000014, -21.77466289934935], [-52.0148471, -21.77490719934931], [-52.01622900000001, -21.774928299349344], [-52.01813249999997, -21.774642699349364], [-52.0213119, -21.773953399349335], [-52.022353099999975, -21.77364999934935], [-52.02531479999999, -21.7724980993494], [-52.02616929999999, -21.772100499349428], [-52.02723070000002, -21.771506799349414], [-52.03225559999999, -21.768244599349494], [-52.0334398, -21.767347899349513], [-52.034905400000014, -21.76584759934952], [-52.035940400000015, -21.76433859934956], [-52.037385900000004, -21.761917299349644], [-52.03791159999998, -21.761103899349685], [-52.03861979999999, -21.76015849934968], [-52.039392899999996, -21.759268399349708], [-52.04023169999999, -21.75843449934975], [-52.04155739999999, -21.75731109934974], [-52.04294939999999, -21.756250899349777], [-52.04557369999998, -21.75432169934983], [-52.04638729999999, -21.75379329934983], [-52.047462199999984, -21.753289399349878], [-52.049963400000024, -21.752678599349885], [-52.05192349999999, -21.752491399349857], [-52.0539612, -21.752449299349895], [-52.0566814, -21.7525258993499], [-52.06074740000003, -21.75272389934985], [-52.062027899999975, -21.752846699349888], [-52.063174100000026, -21.752129399349876], [-52.06570629999999, -21.75070789934992], [-52.066510600000015, -21.750277799349913], [-52.0682797, -21.749441099349955], [-52.0695149, -21.74866919934996], [-52.070358, -21.74784389935001], [-52.07102680000003, -21.74687179935001], [-52.07155710000001, -21.745783499350043], [-52.07250429999999, -21.74254609935013], [-52.073167800000014, -21.739772199350174], [-52.07366130000002, -21.73852159935022], [-52.075696499999985, -21.735629499350296], [-52.07747230000001, -21.733352199350332], [-52.079186100000015, -21.730891799350378], [-52.07979690000002, -21.729849099350435], [-52.080905099999995, -21.726556099350475], [-52.081842600000016, -21.723846499350536], [-52.08203409999999, -21.722993299350556], [-52.08301890000001, -21.72214669935059], [-52.083854900000006, -21.721315799350627], [-52.08458400000001, -21.720632399350635], [-52.08532700000001, -21.719921099350668], [-52.085915899999975, -21.71918159935068], [-52.08674589999998, -21.718530899350704], [-52.08785089999998, -21.717600299350725], [-52.08915530000001, -21.71644469935075], [-52.090582100000006, -21.71512099935078], [-52.09205259999999, -21.713684899350778], [-52.093487900000014, -21.712190599350823], [-52.094810300000006, -21.710693799350867], [-52.09590209999999, -21.70931669935089], [-52.096794100000004, -21.70805609935096], [-52.09920039999997, -21.704418799351004], [-52.10002309999999, -21.70322479935104], [-52.10088280000003, -21.702057299351058], [-52.1017961, -21.700929099351097], [-52.10278649999998, -21.699854899351116], [-52.10392969999998, -21.698796999351156], [-52.10515850000001, -21.697802899351167], [-52.10645540000001, -21.6968616993512], [-52.10780540000002, -21.695967399351193], [-52.10920349999998, -21.69511819935127], [-52.110646299999985, -21.694319099351233], [-52.11206770000002, -21.69360329935128], [-52.11352119999998, -21.692927499351285], [-52.11499739999999, -21.692280199351337], [-52.11799580000002, -21.691046799351327], [-52.12808130000002, -21.670318799351847], [-52.1390308, -21.681966899351583], [-52.14887179999999, -21.692684999351282], [-52.17307090000002, -21.712107399350813], [-52.188474799999995, -21.730062199350428], [-52.20151329999999, -21.74447969935006], [-52.22263779999998, -21.778432299349287], [-52.2331279, -21.800274599348754], [-52.23398359999999, -21.80213279934867], [-52.243941500000005, -21.822884099348208], [-52.29045780000001, -21.88546919934669], [-52.3162347, -21.90865209934614], [-52.32849540000001, -21.92165989934585], [-52.34637889999999, -21.95921549934498], [-52.35728069999999, -21.986552199344317], [-52.36076129999998, -21.992694999344174], [-52.368752099999995, -22.012739199343685], [-52.37659380000002, -22.032805099343232], [-52.381635599999974, -22.040706299343032], [-52.38203060000001, -22.041325199343017], [-52.38229719999998, -22.04174289934297], [-52.39076219999998, -22.054741799342676], [-52.399006299999996, -22.07030379934231], [-52.414417800000024, -22.0807145993421], [-52.43508730000003, -22.108275699341405], [-52.467785900000024, -22.14437679934054], [-52.46873990000001, -22.145129899340525], [-52.47669960000002, -22.175558699339845], [-52.50443550000001, -22.220345799338805], [-52.5045265, -22.220393499338794], [-52.504926599999976, -22.220603299338766], [-52.505334500000004, -22.220817499338786], [-52.5114633, -22.22403579933872], [-52.51191890000001, -22.22427499933868], [-52.51200860000001, -22.224322099338682], [-52.51237259999999, -22.2245132993387], [-52.51276569999999, -22.224719699338657], [-52.558511899999985, -22.211602299338978], [-52.571738700000026, -22.21825249933883], [-52.584552299999984, -22.224694999338684], [-52.6121435, -22.238261399338363], [-52.626087299999995, -22.24511739933823], [-52.654320799999994, -22.256456499337943], [-52.672395600000016, -22.266593399337673], [-52.68362680000001, -22.269569899337654], [-52.7376933, -22.30402459933681], [-52.741374399999984, -22.310335699336672], [-52.743865599999985, -22.311604099336655], [-52.7469706, -22.31229069933663], [-52.75687399999998, -22.312328999336604], [-52.76145120000001, -22.313591799336578], [-52.76399959999998, -22.31590349933653], [-52.768634599999984, -22.32253729933641], [-52.772869199999995, -22.32550289933632], [-52.77873579999999, -22.328363999336272], [-52.789467, -22.3306527993362], [-52.79972099999998, -22.33562179933609], [-52.8019104, -22.337612799336025], [-52.8056871, -22.343746799335907], [-52.806644300000016, -22.346239599335817], [-52.810642200000025, -22.35035179933574], [-52.81355669999999, -22.351868499335723], [-52.815941099999975, -22.353229999335667], [-52.81926729999998, -22.35608559933558], [-52.82114780000001, -22.35916789933551], [-52.823718999999976, -22.36472399933542], [-52.82595459999999, -22.36804459933534], [-52.82984959999999, -22.370770099335278], [-52.83476300000001, -22.37434289933516], [-52.83776139999997, -22.375618399335156], [-52.839101700000015, -22.375295399335172], [-52.84096579999999, -22.374846199335135], [-52.84103069899999, -22.374908398335155], [-52.84533750000003, -22.379032899335094], [-52.84967080000002, -22.38027839933505], [-52.85326420000002, -22.38282679933494], [-52.856815900000015, -22.391872799334752], [-52.85863929999999, -22.393743899334716], [-52.86793929999999, -22.398767799334582], [-52.870250999999996, -22.403253999334503], [-52.876106600000014, -22.408491699334387], [-52.87887669999998, -22.41310719933428], [-52.88257279999999, -22.418348999334135], [-52.91894389999999, -22.44133129933362], [-52.94095820000001, -22.452200899333338], [-52.95943620000003, -22.472458299332914], [-52.97635029999998, -22.48421549933262], [-52.995126500000026, -22.496734999332315], [-53.034468000000004, -22.52534549933166], [-53.05839070000002, -22.546008099331164], [-53.05925159999999, -22.546751299331145], [-53.05943330000003, -22.546908299331136], [-53.059534299999996, -22.54699539933116], [-53.073808799999995, -22.55932489933084], [-53.09884520000003, -22.59598609933002], [-53.11404709999999, -22.635323299329094], [-53.14176459999999, -22.67734939932815], [-53.160815109, -22.69442969532772], [-53.16119229999998, -22.69451249932771], [-53.16023630000001, -22.696363299327665], [-53.15910800000001, -22.69819379932766], [-53.15848790000002, -22.69967709932759], [-53.157580499999995, -22.700951399327586], [-53.156738099999984, -22.701781899327578], [-53.1558053, -22.702538599327568], [-53.15487150000001, -22.70316059932751], [-53.15420490000003, -22.70379519932752], [-53.15368269999999, -22.704550299327494], [-53.153150600000004, -22.705637899327467], [-53.15288670000002, -22.70693049932745], [-53.1528859, -22.707854599327447], [-53.153026899999986, -22.708739499327383], [-53.153767500000015, -22.709998799327373], [-53.154894899999995, -22.71111149932736], [-53.1558804, -22.71186689932734], [-53.156192799999985, -22.712012599327302], [-53.15630429999999, -22.713062799327286], [-53.156733299999985, -22.714314699327268], [-53.157435899999996, -22.71590029932722], [-53.15892320000001, -22.718690299327164], [-53.159390900000005, -22.719835499327132], [-53.15962760000003, -22.72105859932711], [-53.159661099999994, -22.722089499327073], [-53.15931599999999, -22.723080399327078], [-53.158570699999984, -22.72380219932707], [-53.155951699999996, -22.72490959932701], [-53.15482659999998, -22.725421399327026], [-53.15391269999998, -22.725939399327014], [-53.15318209999998, -22.72665309932702], [-53.1523861, -22.728557899326947], [-53.151604599999985, -22.73005999932689], [-53.14996819999999, -22.73248639932688], [-53.14924300000001, -22.733404599326807], [-53.14766400000002, -22.73514929932678], [-53.145653400000015, -22.73714789932677], [-53.143037900000024, -22.73956469932671], [-53.1423322, -22.740158299326698], [-53.14202629999999, -22.740345799326665], [-53.14168380000001, -22.741228699326665], [-53.14154610000003, -22.742479599326646], [-53.14169099999998, -22.743898299326617], [-53.14221789999999, -22.74510499932659], [-53.14330039999999, -22.746499099326524], [-53.14426309999999, -22.748059499326512], [-53.14480739999999, -22.749135499326496], [-53.14513640000002, -22.750319999326432], [-53.14557189999999, -22.75287459932637], [-53.145955800000024, -22.754013199326334], [-53.14726949999999, -22.756183999326325], [-53.147928999999976, -22.756953699326285], [-53.14891660000001, -22.757658599326284], [-53.149953900000014, -22.75818519932627], [-53.150754000000006, -22.75876809932625], [-53.15164520000002, -22.759831399326224], [-53.153435399999985, -22.76272459932617], [-53.154150800000025, -22.763657799326108], [-53.15509530000002, -22.764421099326114], [-53.15535940000001, -22.76451259932611], [-53.15554730000002, -22.76580159932605], [-53.15524909999999, -22.76738369932603], [-53.153976300000004, -22.771034499325943], [-53.1527089, -22.774942999325877], [-53.1524101, -22.776535299325822], [-53.152373899999986, -22.777791799325797], [-53.152578800000015, -22.778900399325778], [-53.15346310000001, -22.781097799325728], [-53.15393590000002, -22.78251339932573], [-53.15416429999999, -22.783359399325683], [-53.15435339999999, -22.784228899325665], [-53.154598099999994, -22.78564619932561], [-53.154679800000004, -22.7865260993256], [-53.15469150000001, -22.787411199325582], [-53.15463399999999, -22.788282499325543], [-53.154423899999976, -22.789773499325552], [-53.15385500000002, -22.792881199325468], [-53.15334669999999, -22.7949649993254], [-53.15316439999998, -22.79584609932539], [-53.15303290000003, -22.79673689932535], [-53.152968999999985, -22.797821599325356], [-53.153200200000015, -22.799507699325293], [-53.154405800000006, -22.80465159932518], [-53.15471039999999, -22.80581709932518], [-53.155162700000005, -22.80706289932514], [-53.15577999999999, -22.808295999325082], [-53.15751340000003, -22.810735599325028], [-53.15906239999998, -22.812595899325014], [-53.15989680000001, -22.813407299324986], [-53.160359700000015, -22.81367879932496], [-53.16013049999998, -22.81468769932494], [-53.1596768, -22.816066499324897], [-53.159110800000015, -22.81794389932487], [-53.15878459999999, -22.81930269932483], [-53.158562500000016, -22.82086179932481], [-53.1584813, -22.82308179932478], [-53.15850440000003, -22.825692699324694], [-53.15841990000001, -22.82691049932467], [-53.15818519999999, -22.82809679932467], [-53.15710130000002, -22.831150599324584], [-53.1567622, -22.832366399324563], [-53.15649639999998, -22.833613399324516], [-53.15619149999998, -22.8353340993245], [-53.15602510000002, -22.83696399932447], [-53.15605940000001, -22.838056699324397], [-53.15641310000001, -22.840253599324353], [-53.15640860000002, -22.841284699324362], [-53.1561924, -22.842316399324343], [-53.155808200000024, -22.84322599932431], [-53.15534029999998, -22.844028499324267], [-53.15470240000002, -22.844992799324263], [-53.154040899999984, -22.845860999324252], [-53.15291559999997, -22.847173199324196], [-53.15104500000001, -22.849115399324173], [-53.15031160000001, -22.849982499324152], [-53.14963770000003, -22.85088879932413], [-53.14899059999999, -22.851926499324087], [-53.148215100000016, -22.85345439932405], [-53.147806600000024, -22.854468599324058], [-53.1472991, -22.856002299324004], [-53.146965900000005, -22.857123099324003], [-53.146661600000016, -22.858433699323935], [-53.14590390000001, -22.862643499323838], [-53.14557980000001, -22.86401419932382], [-53.14515230000001, -22.86530219932377], [-53.14457140000002, -22.866461699323775], [-53.14394290000001, -22.86730609932376], [-53.142756399999996, -22.868489899323695], [-53.14143389999998, -22.869528599323726], [-53.13916819999997, -22.87112869932364], [-53.135953900000004, -22.873675299323605], [-53.13513929999999, -22.874442399323602], [-53.134391300000004, -22.875289999323567], [-53.133724900000004, -22.87622309932354], [-53.13310689999997, -22.8773441993235], [-53.132469300000025, -22.87893989932345], [-53.132134699999995, -22.88010349932347], [-53.131454700000006, -22.88308149932338], [-53.13119519999998, -22.884470099323345], [-53.13069359999997, -22.887757699323284], [-53.13049560000002, -22.88956569932324], [-53.130480900000016, -22.8907996993232], [-53.130836999999985, -22.894608799323137], [-53.13085439999998, -22.895629599323104], [-53.130784199999994, -22.897185799323047], [-53.130644099999984, -22.898173999323024], [-53.13041199999997, -22.89924629932303], [-53.129693799999984, -22.90205629932297], [-53.12958930000002, -22.902936899322913], [-53.129661699999986, -22.903797599322925], [-53.13003689999999, -22.90502669932288], [-53.13088520000003, -22.907271499322814], [-53.131284199999975, -22.908176299322786], [-53.13205549999998, -22.909589399322783], [-53.134103700000026, -22.91275809932272], [-53.1351709, -22.914628499322664], [-53.13583369999998, -22.916110399322598], [-53.137165700000025, -22.919824199322537], [-53.13774410000002, -22.921024099322523], [-53.13785899999999, -22.921179399322533], [-53.137261799999976, -22.921934099322474], [-53.137053700000024, -22.923398499322484], [-53.13703829999998, -22.925951099322425], [-53.13690839999998, -22.92711209932237], [-53.13577529999998, -22.92879449932232], [-53.13539329999998, -22.929957999322312], [-53.135316699999976, -22.932086199322274], [-53.1350602, -22.933455199322253], [-53.1345584, -22.93436449932222], [-53.13452560000002, -22.93451249932218], [-53.134274300000016, -22.934520999322224], [-53.13284459999999, -22.934321099322187], [-53.130201899999975, -22.93379459932222], [-53.1274128, -22.933199899322208], [-53.12646330000001, -22.93301799932224], [-53.125413499999986, -22.932867599322247], [-53.124400400000006, -22.93277769932223], [-53.123463300000026, -22.93274809932227], [-53.12092899999999, -22.93281759932226], [-53.119272000000024, -22.932657799322257], [-53.11741269999998, -22.932228599322237], [-53.1161113, -22.931976699322266], [-53.11499809999998, -22.931839199322287], [-53.11382570000001, -22.931767299322264], [-53.112627799999984, -22.931749199322287], [-53.10939719999999, -22.93185979932225], [-53.10816139999997, -22.931858399322284], [-53.10695479999998, -22.931809899322282], [-53.1058132, -22.931702999322294], [-53.104777300000016, -22.931523799322246], [-53.10368809999999, -22.93120869932229], [-53.102761199999975, -22.930783899322282], [-53.10150690000001, -22.9296714993223], [-53.100028899999984, -22.928044399322328], [-53.09807239999998, -22.9260283993224], [-53.09731849999997, -22.925168299322408], [-53.0959287, -22.923414099322464], [-53.09528999999998, -22.922439999322474], [-53.09465039999997, -22.92112699932252], [-53.0938868, -22.91822639932256], [-53.09333190000001, -22.917017799322604], [-53.0925671, -22.91581249932265], [-53.09146909999999, -22.914554899322642], [-53.09028119999999, -22.913924499322682], [-53.089155800000015, -22.915739099322625], [-53.08831809999998, -22.916561699322617], [-53.08800889999998, -22.91743959932262], [-53.087658799999986, -22.919420999322558], [-53.08687379999998, -22.9202189993225], [-53.0857578, -22.92067829932253], [-53.08477720000002, -22.921388199322525], [-53.08390559999998, -22.92219059932251], [-53.0830772, -22.923028099322487], [-53.082204600000004, -22.923998599322456], [-53.08133079999999, -22.92499139932244], [-53.08045090000002, -22.925364999322408], [-53.08048530000002, -22.925517699322413], [-53.08017649999999, -22.926460299322365], [-53.079126099999996, -22.925931699322383], [-53.0780421, -22.926417099322364], [-53.07691620000003, -22.92686529932236], [-53.07555930000001, -22.927527999322354], [-53.0740692, -22.92790589932234], [-53.07316370000001, -22.927726599322384], [-53.0718925, -22.92724149932235], [-53.070810600000016, -22.927327299322364], [-53.069664699999976, -22.928297799322344], [-53.06921249999999, -22.92909209932231], [-53.06853690000003, -22.930462699322316], [-53.067044099999976, -22.930673199322303], [-53.066063499999984, -22.93063819932227], [-53.06454660000003, -22.930923399322275], [-53.06350029999999, -22.93169889932228], [-53.063050499999974, -22.93266029932226], [-53.062579700000015, -22.934945299322184], [-53.06222409999998, -22.935991799322178], [-53.06182730000001, -22.93704819932213], [-53.06109500000002, -22.938084999322125], [-53.06019859999998, -22.938502699322125], [-53.058912400000004, -22.939255099322118], [-53.0575043, -22.94035289932206], [-53.05668880000002, -22.940988799322064], [-53.05594359999998, -22.94147139932206], [-53.05493790000003, -22.942011199322057], [-53.0537086, -22.94260049932205], [-53.052293399999996, -22.942833799322027], [-53.05031989999997, -22.94284599932199], [-53.04886290000002, -22.942854299322043], [-53.047735699999976, -22.943109999322004], [-53.04636850000003, -22.94336429932198], [-53.04436509999999, -22.94393959932201], [-53.043056200000024, -22.944386499321986], [-53.04038880000002, -22.944996399321944], [-53.039431200000024, -22.945197599321933], [-53.03708849999999, -22.945514399321933], [-53.03605759999999, -22.94557539932195], [-53.035376600000006, -22.944891299321956], [-53.035017400000015, -22.94329529932199], [-53.0349195, -22.942003899322007], [-53.03428509999998, -22.938613699322122], [-53.033979600000016, -22.937572399322157], [-53.03375779999999, -22.936652699322185], [-53.03357519999997, -22.935694399322166], [-53.03234539999999, -22.933867299322205], [-53.03058440000001, -22.933174599322204], [-53.02982620000001, -22.93249149932227], [-53.0294025, -22.93175629932228], [-53.029028600000004, -22.930878799322308], [-53.027342499999975, -22.93025359932232], [-53.02579909999997, -22.930536099322282], [-53.02408189999999, -22.93127479932226], [-53.02276319999999, -22.931052699322294], [-53.02105970000002, -22.93097879932227], [-53.020736, -22.931034799322294], [-53.020351500000004, -22.931194499322288], [-53.0185593, -22.931824699322256], [-53.01622370000001, -22.932409199322247], [-53.0150688, -22.932561999322267], [-53.01404600000001, -22.932796299322252], [-53.0130595, -22.933305699322236], [-53.01134380000002, -22.934750599322175], [-53.010370799999976, -22.9355104993222], [-53.009310200000016, -22.935308899322177], [-53.00830689999998, -22.93488569932219], [-53.005291, -22.93326809932226], [-53.0043106, -22.932176599322247], [-53.00300950000001, -22.93140459932229], [-53.00212920000002, -22.93117679932229], [-53.00087389999999, -22.931021999322272], [-52.99956559999998, -22.930893099322283], [-52.99776650000001, -22.930900699322283], [-52.99681909999998, -22.931715799322284], [-52.99633979999999, -22.932852999322265], [-52.99591670000001, -22.93366409932221], [-52.99519270000002, -22.934251499322226], [-52.99428499999999, -22.934500899322195], [-52.99314820000001, -22.934371799322214], [-52.992225899999994, -22.934803799322196], [-52.992024500000014, -22.936454399322162], [-52.99203749999999, -22.937724699322118], [-52.99137580000001, -22.938407799322118], [-52.99031550000001, -22.938152499322122], [-52.98950910000003, -22.93768469932211], [-52.98872590000002, -22.937049499322153], [-52.987178400000005, -22.93639479932217], [-52.98562420000001, -22.936164799322146], [-52.9844835, -22.93621859932218], [-52.98315289999999, -22.936939599322162], [-52.982208000000014, -22.937608899322125], [-52.98135530000002, -22.937883899322095], [-52.979967699999975, -22.9380800993221], [-52.97822860000002, -22.938012399322123], [-52.97604430000001, -22.937878599322097], [-52.9739457, -22.93801649932213], [-52.97161679999999, -22.93847909932211], [-52.9683918, -22.93852489932211], [-52.9659403, -22.938397899322098], [-52.96503150000001, -22.93782249932212], [-52.96427560000001, -22.93728239932215], [-52.96341339999998, -22.936913699322133], [-52.96153559999999, -22.93688619932216], [-52.960431099999994, -22.93721049932213], [-52.95942910000002, -22.937485699322163], [-52.95826849999997, -22.93749999932214], [-52.956626099999994, -22.93784999932215], [-52.95602350000001, -22.93861519932213], [-52.955463899999984, -22.940192999322104], [-52.9549447, -22.941734399322016], [-52.95461740000002, -22.943708999322], [-52.954734900000005, -22.94471099932196], [-52.954609300000016, -22.945819099321938], [-52.95441770000002, -22.946152399321956], [-52.953369599999974, -22.94708379932189], [-52.95223190000002, -22.948253899321884], [-52.95145289999999, -22.949696899321847], [-52.950895100000025, -22.95105169932182], [-52.950088600000015, -22.951774199321793], [-52.94897639999999, -22.951572799321823], [-52.94751000000002, -22.949984299321827], [-52.9457036, -22.948142999321902], [-52.94454510000003, -22.946508599321948], [-52.94344310000003, -22.945208099321956], [-52.94224229999998, -22.943946699322016], [-52.94081469999997, -22.94252099932202], [-52.939803100000006, -22.941294899322063], [-52.938114400000025, -22.94001439932207], [-52.936393200000005, -22.938540199322095], [-52.93241119999998, -22.934981499322188], [-52.93105780000002, -22.933900799322224], [-52.92984519999999, -22.933060799322252], [-52.92759489999998, -22.931636299322246], [-52.9261224, -22.930774899322294], [-52.92465900000002, -22.929987699322336], [-52.92363599999999, -22.929526499322336], [-52.9219463, -22.9291190993223], [-52.91975100000002, -22.92846469932235], [-52.918333200000006, -22.928069699322325], [-52.91826529999997, -22.92804969932233], [-52.917315499999965, -22.927768599322334], [-52.91600890000001, -22.927229899322356], [-52.91494619999998, -22.926791799322366], [-52.912510000000005, -22.925844199322377], [-52.910299200000004, -22.924562599322435], [-52.909490500000004, -22.92397929932243], [-52.90820689999998, -22.921768199322475], [-52.90713099999999, -22.91979259932254], [-52.90650840000001, -22.919130399322523], [-52.90567790000001, -22.91824709932255], [-52.904338800000005, -22.916942199322598], [-52.90380909999999, -22.916057199322644], [-52.90284439999999, -22.914445599322686], [-52.901773400000025, -22.9128227993227], [-52.9007517, -22.911865699322743], [-52.89919980000003, -22.911366299322733], [-52.89766789999999, -22.91109789932276], [-52.89580460000003, -22.91063639932274], [-52.8950049, -22.910162099322736], [-52.894243200000005, -22.909633599322774], [-52.893614300000024, -22.90892439932278], [-52.8914671, -22.907516399322834], [-52.889372700000024, -22.907129199322807], [-52.888682700000004, -22.90704169932281], [-52.88605469999999, -22.907872599322825], [-52.884101199999975, -22.909071199322817], [-52.88306369999998, -22.909707799322753], [-52.88113759999999, -22.91091459932276], [-52.87757900000003, -22.912377599322724], [-52.87426879999998, -22.913316599322656], [-52.87267700000001, -22.913956999322657], [-52.87133469999998, -22.914815099322663], [-52.87073379999998, -22.916130299322642], [-52.87045449999999, -22.916921999322607], [-52.86949270000002, -22.9184505993226], [-52.868688899999995, -22.919261199322552], [-52.86722689999999, -22.91995249932256], [-52.86617030000003, -22.920327999322513], [-52.86501720000001, -22.92052559932255], [-52.8641212, -22.92093469932249], [-52.863555399999996, -22.921662099322493], [-52.86285839999999, -22.92303219932249], [-52.86238129999998, -22.92428789932246], [-52.86214210000003, -22.92542669932242], [-52.86192340000002, -22.92640879932238], [-52.86179249999998, -22.928154499322353], [-52.86196990000002, -22.929186099322298], [-52.862385700000004, -22.930034999322285], [-52.862706600000024, -22.93086749932226], [-52.86266899999998, -22.931895299322267], [-52.862173799999994, -22.932746199322242], [-52.86158089999997, -22.933437199322242], [-52.860019099999995, -22.934291699322227], [-52.8588578, -22.934257599322233], [-52.85753060000002, -22.93402399932224], [-52.85619809999997, -22.93413109932223], [-52.85538589999999, -22.93456679932223], [-52.85478189999998, -22.9354004993222], [-52.85285979999997, -22.93784529932212], [-52.85208030000001, -22.93706379932212], [-52.85115480000002, -22.936592299322125], [-52.84923079999998, -22.93573739932218], [-52.84784639999998, -22.935179199322175], [-52.846494199999995, -22.934253199322214], [-52.845697099999995, -22.93338519932221], [-52.844980599999985, -22.93231099932228], [-52.84378800000001, -22.930656099322306], [-52.8433437, -22.929913499322303], [-52.842725099999996, -22.928237399322345], [-52.84196780000002, -22.927176799322364], [-52.8406433, -22.92654399932237], [-52.839731700000016, -22.926108399322374], [-52.8387912, -22.925767799322422], [-52.837429900000025, -22.92524589932242], [-52.83630099999999, -22.924739299322432], [-52.83427979999999, -22.924045899322458], [-52.83352129999997, -22.923858599322475], [-52.832021, -22.924394499322442], [-52.831078400000024, -22.924858799322408], [-52.829851399999995, -22.92562019932243], [-52.82906459999998, -22.9260950993224], [-52.82761799999997, -22.926416399322378], [-52.82666039999998, -22.926462999322407], [-52.82514450000002, -22.92662409932241], [-52.82415739999999, -22.926480499322416], [-52.8221365, -22.925923899322395], [-52.82058260000002, -22.925457899322435], [-52.819340399999994, -22.92514959932241], [-52.816771599999974, -22.925465799322406], [-52.815703600000006, -22.925739499322425], [-52.81452080000002, -22.925749899322437], [-52.81308180000003, -22.925725399322367], [-52.811763799999994, -22.925268999322437], [-52.80976529999999, -22.92433609932245], [-52.808856600000006, -22.923892399322444], [-52.80774489999999, -22.92342719932245], [-52.806861500000025, -22.923222299322493], [-52.80593429999999, -22.923328399322468], [-52.8057546, -22.923393699322478], [-52.80403469999999, -22.92401899932244], [-52.801342799999986, -22.9252680993224], [-52.79862509999998, -22.926517499322372], [-52.79703619999998, -22.927299999322372], [-52.793194200000016, -22.929374399322302], [-52.79193079999999, -22.93000479932232], [-52.78901939999997, -22.93047209932227], [-52.78680509999998, -22.93035279932228], [-52.78558850000002, -22.930121099322314], [-52.78357390000002, -22.929280399322305], [-52.78301019999998, -22.928487699322346], [-52.78180279999998, -22.926789999322366], [-52.77967449999999, -22.92435099932244], [-52.77754929999998, -22.92214879932249], [-52.77476460000002, -22.92033279932251], [-52.772209499999974, -22.91925849932256], [-52.7710242, -22.918894199322576], [-52.76920639999997, -22.919029199322573], [-52.767970400000024, -22.919186299322533], [-52.766013699999974, -22.919470899322572], [-52.76218829999999, -22.92085139932253], [-52.759427000000024, -22.922745699322483], [-52.758692999999994, -22.923829099322433], [-52.757857, -22.925009099322438], [-52.75606749999997, -22.927916999322335], [-52.7554758, -22.928691499322348], [-52.75392729999998, -22.93091219932231], [-52.753066, -22.93214029932227], [-52.752150400000005, -22.933153899322225], [-52.75079970000001, -22.934435199322202], [-52.74916669999999, -22.93583899932217], [-52.74709710000002, -22.937390999322126], [-52.746157600000004, -22.93811859932212], [-52.74395540000001, -22.938683399322105], [-52.74289640000001, -22.939252299322117], [-52.74119880000001, -22.939978199322066], [-52.7400002, -22.94125299932206], [-52.738201100000026, -22.943992799321975], [-52.73660230000001, -22.946946899321922], [-52.735420999999974, -22.947715899321892], [-52.73278260000001, -22.94920219932187], [-52.73088310000003, -22.949799899321867], [-52.729929500000026, -22.950045699321826], [-52.72899869999998, -22.949888599321863], [-52.727123000000006, -22.949006499321868], [-52.72610009999999, -22.949179499321883], [-52.723574499999984, -22.949398099321858], [-52.7223864, -22.94929149932188], [-52.72091289999997, -22.949068599321844], [-52.719442199999996, -22.949060599321864], [-52.71838730000002, -22.949287099321854], [-52.71741250000002, -22.94972779932186], [-52.71666599999998, -22.950535199321827], [-52.71588689999999, -22.95266439932179], [-52.71586860000002, -22.95479769932171], [-52.715975000000014, -22.95663999932169], [-52.71556989999999, -22.958305099321677], [-52.71484400000003, -22.95917919932164], [-52.714461099999994, -22.959640299321613], [-52.71357970000002, -22.960078599321598], [-52.711492799999974, -22.958523699321656], [-52.70949610000002, -22.95711709932168], [-52.706460400000026, -22.9556423993217], [-52.705097799999976, -22.955260599321704], [-52.70429150000001, -22.95474359932171], [-52.70182460000001, -22.953479799321794], [-52.6991549, -22.952504899321795], [-52.69816049999997, -22.95220279932181], [-52.69687579999999, -22.951812499321825], [-52.69513899999998, -22.951162099321802], [-52.693297900000005, -22.95041709932182], [-52.692001, -22.949857499321865], [-52.69056069999999, -22.949374199321888], [-52.689734999999985, -22.950216199321844], [-52.687903100000035, -22.95117039932184], [-52.686298599999986, -22.951901399321798], [-52.6851686, -22.952319599321807], [-52.68418830000002, -22.952329999321805], [-52.68291679999999, -22.952058199321815], [-52.68149469999997, -22.95149839932181], [-52.67991599999999, -22.951108999321793], [-52.67743949999999, -22.951135199321833], [-52.67597139999998, -22.95134179932183], [-52.673037099999995, -22.951466499321803], [-52.670884, -22.9511347993218], [-52.665775, -22.951495599321806], [-52.66282109999997, -22.952521299321802], [-52.661415999999974, -22.953143699321775], [-52.66003369999998, -22.954042199321773], [-52.6590089, -22.95445579932175], [-52.658003199999996, -22.95468469932171], [-52.656789800000006, -22.954625699321745], [-52.6557512, -22.954086999321763], [-52.654847200000006, -22.953195999321764], [-52.6531301, -22.95470659932175], [-52.65181030000003, -22.95552559932171], [-52.64943440000002, -22.955860999321743], [-52.647644899999996, -22.95587959932171], [-52.64520870000001, -22.95592339932174], [-52.64470510000001, -22.955970099321714], [-52.64267189999998, -22.95657759932169], [-52.64139669999997, -22.95762919932166], [-52.64128180000001, -22.95880119932163], [-52.64173510000001, -22.96001509932164], [-52.64237190000001, -22.961466099321587], [-52.64256180000002, -22.962360499321555], [-52.64253400000001, -22.963255799321562], [-52.641919900000005, -22.965343199321506], [-52.64151659999999, -22.9662146993215], [-52.64139369999999, -22.96743449932147], [-52.64118810000003, -22.970525399321367], [-52.6413048, -22.97139319932138], [-52.6412047, -22.97225929932136], [-52.640523900000005, -22.97082789932139], [-52.63987530000003, -22.96974489932143], [-52.639079400000014, -22.968740099321405], [-52.63760300000001, -22.968277499321427], [-52.635223, -22.966964499321485], [-52.63233539999999, -22.966106099321472], [-52.631354199999976, -22.96607839932149], [-52.62723039999997, -22.965874399321507], [-52.62527239999997, -22.966034899321492], [-52.62478199999998, -22.966471099321442], [-52.624034600000016, -22.96810969932145], [-52.62362200000001, -22.968895499321388], [-52.62319009999999, -22.969681599321405], [-52.622386199999994, -22.971086199321373], [-52.62154129999999, -22.971644399321356], [-52.62022159999998, -22.97165789932138], [-52.61767539999999, -22.97135889932135], [-52.615441499999974, -22.97082259932139], [-52.61393880000003, -22.970312299321375], [-52.61189330000002, -22.969735699321404], [-52.6108615, -22.9697700993214], [-52.609605199999976, -22.970451899321382], [-52.608096699999976, -22.971637999321334], [-52.60710829999999, -22.97213409932135], [-52.6043755, -22.97182489932135], [-52.60274879999997, -22.97174579932136], [-52.6016161, -22.97197229932135], [-52.600744099999986, -22.972435099321327], [-52.59959229999998, -22.973235299321317], [-52.59821049999999, -22.974228899321307], [-52.59733799999998, -22.97464389932127], [-52.5962505, -22.973693199321314], [-52.59517629999999, -22.97231819932135], [-52.593666600000006, -22.97121029932136], [-52.590474700000016, -22.969689199321397], [-52.58858479999997, -22.969158599321425], [-52.58638769999998, -22.968846099321425], [-52.584337800000014, -22.968481299321432], [-52.5834127, -22.965287899321513], [-52.58332439999998, -22.964294099321553], [-52.582403199999995, -22.962726599321552], [-52.58003710000003, -22.96201779932159], [-52.57780489999999, -22.96140059932157], [-52.576339899999994, -22.960775699321594], [-52.57441749999998, -22.9604039993216], [-52.57321000000001, -22.960086699321597], [-52.57002139999997, -22.959243299321656], [-52.56737370000002, -22.958423099321664], [-52.565970300000004, -22.95815879932164], [-52.5650402, -22.958120899321646], [-52.56385690000001, -22.958012399321646], [-52.562862499999994, -22.957376599321652], [-52.561567299999986, -22.955711399321707], [-52.56046750000001, -22.95429179932178], [-52.55955740000002, -22.953109799321773], [-52.55785989999998, -22.951650799321794], [-52.556575899999984, -22.95019289932183], [-52.55494959999998, -22.947867099321897], [-52.554152999999985, -22.94648809932195], [-52.553473199999985, -22.943736299322005], [-52.55299839999998, -22.942461999321996], [-52.55244970000001, -22.941437099322016], [-52.551429799999994, -22.94041759932206], [-52.55061160000002, -22.939719099322076], [-52.548715300000026, -22.939636499322102], [-52.54703519999998, -22.93936619932209], [-52.54609920000001, -22.93910709932211], [-52.544739400000026, -22.938798999322124], [-52.54310079999999, -22.93785239932212], [-52.54185719999998, -22.937526099322152], [-52.54051399999997, -22.937468099322125], [-52.53972019999998, -22.937665399322142], [-52.537651700000026, -22.938739199322093], [-52.53560540000001, -22.94090329932206], [-52.53369329999998, -22.94273189932203], [-52.532774500000016, -22.94334609932199], [-52.530965499999986, -22.944265199321997], [-52.52922419999998, -22.945428999321944], [-52.52749979999999, -22.94743239932193], [-52.52706339999997, -22.94882409932189], [-52.526346400000016, -22.953389899321763], [-52.526093600000024, -22.9554352993217], [-52.52607990000001, -22.956342699321702], [-52.52615709999998, -22.957214999321707], [-52.526250000000005, -22.958599999321645], [-52.526620900000005, -22.960942699321574], [-52.52707959999998, -22.96353829932152], [-52.5273499, -22.964634899321535], [-52.52769919999997, -22.965745399321488], [-52.52758239999997, -22.96695049932147], [-52.52715869999997, -22.969465599321378], [-52.527181900000016, -22.970347499321388], [-52.52773980000001, -22.97177579932134], [-52.529279900000006, -22.974124699321308], [-52.52778219999999, -22.975247899321268], [-52.5256071, -22.97629909932125], [-52.523026399999985, -22.97895789932119], [-52.51979319999998, -22.981328499321148], [-52.519099100000005, -22.982233699321107], [-52.51854880000002, -22.98295149932111], [-52.517795999999976, -22.984870299321067], [-52.51734670000002, -22.986236599321], [-52.51743349999998, -22.987072199321005], [-52.51845909999997, -22.988782799320987], [-52.51906339999999, -22.989732799320954], [-52.52008130000002, -22.990750499320914], [-52.52094149999999, -22.991506899320893], [-52.522434499999974, -22.99345199932084], [-52.52380690000002, -22.996972199320783], [-52.524247100000025, -22.998571999320763], [-52.524376099999984, -23.00086469932071], [-52.52403290000001, -23.00288309932065], [-52.5238918, -23.003712899320597], [-52.52344040000003, -23.004888099320606], [-52.52309220000001, -23.006062299320554], [-52.52234420000003, -23.008411199320527], [-52.52120669999999, -23.00825489932051], [-52.5188483, -23.00741729932052], [-52.51566459999997, -23.006635299320585], [-52.51372909999998, -23.00667779932054], [-52.512286200000005, -23.006906599320523], [-52.511002099999985, -23.00749229932056], [-52.51036499999997, -23.00823919932051], [-52.50963569999998, -23.009966599320464], [-52.50947309999998, -23.011592999320445], [-52.50901829999998, -23.012481499320394], [-52.508021799999995, -23.01339899932038], [-52.50618100000002, -23.012675799320412], [-52.50604019999997, -23.01162569932047], [-52.50525879999998, -23.010987999320452], [-52.503228299999996, -23.01017289932046], [-52.50186100000001, -23.01032399932049], [-52.50089179999998, -23.010321699320485], [-52.49907309999998, -23.01008519932046], [-52.49793340000002, -23.009748099320507], [-52.4952998, -23.009336299320463], [-52.4938525, -23.008998399320493], [-52.49288680000001, -23.009057099320508], [-52.49194249999999, -23.009259099320495], [-52.49083430000002, -23.009430399320465], [-52.48966080000003, -23.009511599320476], [-52.48896289999999, -23.010386299320466], [-52.488307299999974, -23.011721699320443], [-52.48809069999999, -23.01315749932038], [-52.486808199999984, -23.013910299320408], [-52.48578149999997, -23.01444559932036], [-52.48462840000002, -23.01522109932037], [-52.48341959999999, -23.016452699320325], [-52.48263889999998, -23.018769199320282], [-52.48100849999997, -23.022194199320197], [-52.47896059999999, -23.024677499320138], [-52.478189199999974, -23.026022499320124], [-52.47770730000002, -23.027590099320076], [-52.47688160000001, -23.029782399320005], [-52.47629690000002, -23.03200839931996], [-52.47544429999999, -23.034707499319946], [-52.475552799999996, -23.037699499319825], [-52.47563309999998, -23.03873989931981], [-52.47561919999998, -23.041316399319786], [-52.47493900000001, -23.042374599319757], [-52.474273299999986, -23.043573099319715], [-52.47278999999998, -23.044809599319695], [-52.47149009999998, -23.046430599319656], [-52.47092809999998, -23.04736069931964], [-52.469207700000034, -23.048186999319586], [-52.465391599999975, -23.048938199319597], [-52.4640081, -23.049210499319596], [-52.46255070000001, -23.04933049931957], [-52.460746599999986, -23.049347199319577], [-52.4587659, -23.049154199319553], [-52.45700620000003, -23.048788099319612], [-52.45532689999999, -23.048707999319568], [-52.453674799999995, -23.048747099319602], [-52.45194620000001, -23.04888249931958], [-52.44975499999998, -23.04921319931958], [-52.44854379999998, -23.049439399319557], [-52.44709970000003, -23.049619899319556], [-52.445368599999995, -23.04951629931957], [-52.444358799999975, -23.0492625993196], [-52.44311929999998, -23.049250099319583], [-52.442586000000006, -23.04930599931959], [-52.441395, -23.049791499319593], [-52.440291100000024, -23.05039889931956], [-52.439191600000015, -23.051412599319526], [-52.438067699999976, -23.052569799319514], [-52.437651200000005, -23.053309599319466], [-52.43722220000001, -23.05490589931944], [-52.4367057, -23.055616899319453], [-52.43591079999999, -23.05614979931943], [-52.43506330000003, -23.056587599319407], [-52.43397190000002, -23.056909299319372], [-52.43310530000002, -23.057011599319413], [-52.43155760000002, -23.057168999319387], [-52.42898259999998, -23.057861399319354], [-52.4275905, -23.058089099319396], [-52.42350859999999, -23.059279899319332], [-52.422594100000026, -23.059601999319334], [-52.4207455, -23.060333999319337], [-52.4184497, -23.061715199319277], [-52.41672829999998, -23.06213799931929], [-52.41413970000002, -23.06290079931929], [-52.413214400000015, -23.063421199319254], [-52.41142719999999, -23.065071399319255], [-52.410097500000006, -23.066218599319217], [-52.40787280000001, -23.06663079931917], [-52.405893400000025, -23.067316099319196], [-52.404130399999985, -23.068582499319135], [-52.40302350000002, -23.06965959931914], [-52.402381400000024, -23.070578199319094], [-52.402132800000004, -23.070933899319076], [-52.40186360000002, -23.07198029931907], [-52.4020299, -23.07346779931903], [-52.40248500000001, -23.075016999318986], [-52.40294160000002, -23.07670949931894], [-52.403375700000026, -23.078055899318898], [-52.40317740000001, -23.080183299318854], [-52.40246380000002, -23.081883999318837], [-52.40029709999999, -23.08499179931878], [-52.39990039999998, -23.086489699318744], [-52.39899600000001, -23.08772329931869], [-52.39819640000002, -23.088813899318673], [-52.397210599999994, -23.090030599318624], [-52.39587669999997, -23.090344999318656], [-52.393737499999986, -23.09079399931865], [-52.392532200000005, -23.091640999318592], [-52.39241390000001, -23.092693399318566], [-52.39239889999999, -23.093744999318577], [-52.39257700000001, -23.09500959931857], [-52.39254779999999, -23.096198399318492], [-52.392321999999986, -23.09881159931843], [-52.39226919999999, -23.100759499318375], [-52.39036809999999, -23.099510399318422], [-52.389506799999985, -23.098944599318433], [-52.3887029, -23.098565399318442], [-52.3872465, -23.097878399318493], [-52.383100899999995, -23.09735999931847], [-52.38092920000002, -23.09705019931851], [-52.37819940000003, -23.09730289931848], [-52.375817199999965, -23.097181599318496], [-52.37223710000001, -23.0966395993185], [-52.36909969999999, -23.096104899318508], [-52.36606410000002, -23.095660699318515], [-52.366049999999966, -23.0956585993185], [-52.36474290000002, -23.095983499318507], [-52.3637028, -23.0964466993185], [-52.362016100000005, -23.09719779931849], [-52.360155299999974, -23.097850199318454], [-52.35854360000002, -23.09797069931849], [-52.35685890000002, -23.09801199931845], [-52.35359949999998, -23.098008699318445], [-52.352564599999994, -23.098204099318433], [-52.35217890000002, -23.098525099318476], [-52.35212869999998, -23.099478599318434], [-52.35231779999999, -23.101346199318417], [-52.352495999999974, -23.10286749931836], [-52.35292220000002, -23.105155299318284], [-52.352999899999986, -23.105697099318284], [-52.35316469999998, -23.10684659931825], [-52.35315889999998, -23.108853999318235], [-52.35239790000003, -23.110246499318208], [-52.35080420000003, -23.111048699318193], [-52.34840070000001, -23.112904999318133], [-52.34652749999998, -23.114812999318108], [-52.344943300000004, -23.116570999318068], [-52.342469600000015, -23.119817999317974], [-52.340912, -23.121671299317928], [-52.34043500000002, -23.123061299317918], [-52.34024210000001, -23.12444889931787], [-52.339716899999985, -23.12619779931782], [-52.33875239999998, -23.127950399317758], [-52.33706130000001, -23.12937459931776], [-52.335597500000006, -23.13027119931772], [-52.333976699999994, -23.131304799317718], [-52.33120280000003, -23.130803999317727], [-52.32880039999998, -23.130286799317755], [-52.3266653, -23.12919339931778], [-52.32567970000002, -23.12890259931776], [-52.323449900000014, -23.12810689931776], [-52.321684800000014, -23.127322299317807], [-52.320788100000016, -23.126481199317816], [-52.31961480000001, -23.125366799317835], [-52.319184800000016, -23.125220199317845], [-52.31748119999998, -23.124639699317843], [-52.31537730000002, -23.12455069931785], [-52.31370600000003, -23.124511299317852], [-52.312698599999976, -23.12459959931787], [-52.31177250000002, -23.124992999317865], [-52.31055620000001, -23.126482599317786], [-52.3091306, -23.128013199317774], [-52.307959900000014, -23.12915969931776], [-52.307029399999976, -23.129261799317756], [-52.30563239999997, -23.129273399317743], [-52.30421080000002, -23.129022299317732], [-52.302699200000006, -23.12861639931777], [-52.2998326, -23.127815799317794], [-52.298537599999975, -23.127491899317793], [-52.29736980000001, -23.126951899317802], [-52.296511899999985, -23.126409399317815], [-52.295364800000016, -23.12534349931783], [-52.29471210000003, -23.12444329931786], [-52.2939303, -23.123814399317897], [-52.29251479999999, -23.12388829931785], [-52.29071609999999, -23.12478089931788], [-52.289618200000014, -23.125520899317863], [-52.28785399999998, -23.12665439931782], [-52.28645970000002, -23.1277143993178], [-52.28473089999999, -23.13062349931774], [-52.28283809999999, -23.132172799317658], [-52.28163449999999, -23.132848699317687], [-52.28043089999999, -23.13352469931767], [-52.2790794, -23.133802099317677], [-52.2770941, -23.134084599317642], [-52.275888099999975, -23.134520699317637], [-52.27475199999998, -23.135480199317637], [-52.27460419999999, -23.135842099317596], [-52.27451910000003, -23.138734199317522], [-52.27483829999999, -23.140352699317503], [-52.2751988, -23.142289299317472], [-52.27604819999999, -23.144672099317393], [-52.276482699999974, -23.146890899317363], [-52.276185999999996, -23.148303199317315], [-52.27535069999999, -23.150149999317275], [-52.27434629999999, -23.15123979931724], [-52.27322429999998, -23.15234249931721], [-52.270984999999996, -23.153568399317187], [-52.26950390000002, -23.154129999317195], [-52.268584799999985, -23.15445709931718], [-52.266974300000015, -23.15525969931716], [-52.26599859999999, -23.155936699317134], [-52.264713900000004, -23.156735599317123], [-52.2636382, -23.157771799317086], [-52.26248659999999, -23.15897579931709], [-52.26123560000002, -23.160128699317028], [-52.26031139999998, -23.16025229931708], [-52.25931839999999, -23.160164599317028], [-52.257096600000004, -23.159444499317075], [-52.254825600000004, -23.15912369931708], [-52.25371960000002, -23.159048099317083], [-52.252488400000004, -23.15918679931706], [-52.25148309999997, -23.159787599317067], [-52.25086160000001, -23.160487499317025], [-52.25009449999999, -23.161665899317022], [-52.24888729999998, -23.163615899316994], [-52.247592999999995, -23.165539899316933], [-52.24670109999999, -23.167289199316922], [-52.246701400000006, -23.16893889931685], [-52.24677450000001, -23.17035199931679], [-52.24678579999999, -23.171577599316766], [-52.2467964, -23.17272329931674], [-52.245956999999976, -23.174066699316757], [-52.244282999999996, -23.174725099316714], [-52.24330070000002, -23.174708999316724], [-52.24063189999998, -23.174221399316753], [-52.2385625, -23.17381439931677], [-52.23742859999998, -23.174046099316737], [-52.23626009999998, -23.17484479931673], [-52.23357370000003, -23.17646459931666], [-52.2319647, -23.17701009931669], [-52.22963429999998, -23.17745459931664], [-52.22822359999998, -23.177625499316633], [-52.224942699999986, -23.178130699316647], [-52.22374289999999, -23.178470599316658], [-52.22276540000002, -23.178979999316645], [-52.221188100000006, -23.178920599316648], [-52.21933569999999, -23.178747099316634], [-52.2174723, -23.179618499316614], [-52.21617980000002, -23.179604599316615], [-52.21469250000002, -23.179249299316602], [-52.21369399999998, -23.179121899316602], [-52.21160070000002, -23.179161899316618], [-52.21004929999998, -23.179102199316613], [-52.20903520000001, -23.179142899316602], [-52.208530900000035, -23.178907099316636], [-52.20874040000001, -23.180139799316606], [-52.208287400000025, -23.181505399316556], [-52.20801319999998, -23.182630599316518], [-52.20636990000003, -23.184465699316476], [-52.203460899999975, -23.188087499316417], [-52.2028598, -23.190170899316374], [-52.20240530000001, -23.19110769931632], [-52.201547100000035, -23.191833699316344], [-52.20138300000002, -23.192826399316317], [-52.20145480000002, -23.194035599316283], [-52.20197819999998, -23.19492129931624], [-52.202163799999994, -23.196332099316233], [-52.20219730000002, -23.197838499316184], [-52.20241679999998, -23.198834899316175], [-52.20188910000002, -23.20107709931615], [-52.20158470000001, -23.202491699316084], [-52.20138470000001, -23.203325699316057], [-52.20106470000001, -23.204659799316044], [-52.20020640000001, -23.205750799315993], [-52.199210600000015, -23.20714439931599], [-52.19698169999998, -23.20943159931596], [-52.19617290000002, -23.210152999315905], [-52.19498549999998, -23.211221399315896], [-52.19444470000003, -23.21195999931586], [-52.19349790000002, -23.213066399315846], [-52.19265130000002, -23.213813699315832], [-52.19172589999999, -23.214418099315804], [-52.19035869999999, -23.214691299315835], [-52.18935909999999, -23.215065999315776], [-52.186870899999974, -23.215908899315767], [-52.18569969999999, -23.216459999315752], [-52.18463619999999, -23.21710159931574], [-52.183766100000014, -23.217929999315764], [-52.18336149999999, -23.218782699315746], [-52.18226870000001, -23.219204099315736], [-52.18161250000003, -23.219860499315676], [-52.18084700000003, -23.220749099315654], [-52.1801638, -23.221707299315646], [-52.17907339999999, -23.223706099315624], [-52.17827180000001, -23.22485239931556], [-52.177398700000026, -23.22579359931554], [-52.17689869999998, -23.226512699315546], [-52.17650720000001, -23.227341399315534], [-52.174641099999974, -23.228131399315508], [-52.173759500000024, -23.2287952993155], [-52.17264080000001, -23.229725299315454], [-52.1715231, -23.23080549931542], [-52.17009830000001, -23.232496199315435], [-52.169381699999974, -23.233624499315404], [-52.168832699999996, -23.23477119931537], [-52.16886729999999, -23.234878099315363], [-52.170013400000016, -23.238042299315296], [-52.170516099999986, -23.240099299315236], [-52.17097150000001, -23.241911999315214], [-52.17151239999999, -23.243136299315168], [-52.17202320000001, -23.243887599315144], [-52.173020099999974, -23.24550519931514], [-52.173107000000016, -23.24657989931505], [-52.172761200000025, -23.247563399315062], [-52.17186440000001, -23.248362199315025], [-52.17022020000002, -23.249350499315028], [-52.169669500000005, -23.250429299315016], [-52.1681208, -23.253093099314952], [-52.167410700000005, -23.254150199314953], [-52.16605820000001, -23.256099699314866], [-52.16544219999998, -23.257116499314836], [-52.16463879999998, -23.25879019931484], [-52.164059399999985, -23.2607428993148], [-52.163955699999974, -23.26158099931473], [-52.16392080000003, -23.26243839931474], [-52.16394980000001, -23.26329849931473], [-52.16404460000001, -23.26414429931469], [-52.16427570000002, -23.265418099314644], [-52.16463900000003, -23.267178299314633], [-52.16514719999997, -23.26802679931458], [-52.16583939999998, -23.270291799314563], [-52.16595749999999, -23.27285519931447], [-52.166154500000005, -23.274537999314468], [-52.16481599999997, -23.27546009931441], [-52.162428999999975, -23.275912999314436], [-52.160497099999986, -23.2756769993144], [-52.15778710000001, -23.275345899314434], [-52.15467619999998, -23.274556299314433], [-52.1531167, -23.273683599314506], [-52.151768000000004, -23.27326329931448], [-52.15089419999998, -23.27320719931449], [-52.148278300000015, -23.276022099314403], [-52.147129800000016, -23.277791899314394], [-52.145151399999975, -23.280840199314326], [-52.144374500000026, -23.283725499314258], [-52.144385199999995, -23.284972899314237], [-52.14478200000002, -23.28599759931417], [-52.144478299999996, -23.28678839931416], [-52.143864199999996, -23.28758139931418], [-52.1421148, -23.2887172993141], [-52.14045900000003, -23.289411599314118], [-52.1376525, -23.290255299314122], [-52.135259200000014, -23.290892099314096], [-52.130138999999986, -23.291320199314054], [-52.126465699999976, -23.291923299314078], [-52.12404550000002, -23.29204509931406], [-52.121930899999995, -23.292511799314052], [-52.119304, -23.29302209931401], [-52.11771540000001, -23.293487499314057], [-52.11583239999999, -23.29414609931398], [-52.114682200000004, -23.294724999314028], [-52.11343690000001, -23.295405799314008], [-52.11264069999998, -23.29610439931396], [-52.112208599999974, -23.29703949931393], [-52.11224440000001, -23.297236099313956], [-52.112747500000005, -23.298533199313926], [-52.11311009999997, -23.29966169931389], [-52.113327200000015, -23.300878899313847], [-52.113244699999996, -23.302016699313853], [-52.112698799999976, -23.303420099313787], [-52.11231040000001, -23.305620399313767], [-52.112401999999975, -23.30722189931372], [-52.11273649999998, -23.30809099931368], [-52.11271929999998, -23.309492099313665], [-52.11293210000002, -23.31031649931364], [-52.11321600000003, -23.311188499313644], [-52.11345269999999, -23.312168099313602], [-52.11371639999999, -23.31304989931359], [-52.11368399999998, -23.313908799313545], [-52.11296970000001, -23.31461339931353], [-52.111988300000014, -23.31485569931355], [-52.1108754, -23.31525649931351], [-52.11002309999998, -23.314951599313506], [-52.10860939999998, -23.315393899313534], [-52.108099100000004, -23.31625779931353], [-52.10839379999999, -23.317474499313498], [-52.10897390000003, -23.318321999313493], [-52.109349099999974, -23.31925179931347], [-52.10951840000001, -23.319973699313422], [-52.1101357, -23.320720499313403], [-52.11088649999999, -23.321628699313408], [-52.11200639999999, -23.32306799931334], [-52.1128546, -23.32408779931331], [-52.113314100000025, -23.32664759931328], [-52.113514399999985, -23.3289128993132], [-52.114068799999984, -23.331513399313177], [-52.114173600000015, -23.332396899313146], [-52.1137706, -23.334003799313113], [-52.11311840000002, -23.334837999313095], [-52.11205480000001, -23.33524479931309], [-52.11073399999997, -23.33596039931304], [-52.109084199999984, -23.33716939931304], [-52.108197200000006, -23.337850099313048], [-52.10724820000001, -23.338905999313006], [-52.10631330000001, -23.339691999312997], [-52.105246299999976, -23.34020909931295], [-52.10339979999998, -23.340686799312973], [-52.101256700000015, -23.34062689931298], [-52.100233600000024, -23.340574199312968], [-52.09934340000001, -23.340880199312974], [-52.098349299999995, -23.341742899312916], [-52.09745809999998, -23.342697199312887], [-52.09673329999998, -23.34404809931289], [-52.0964702, -23.345026699312864], [-52.096480100000015, -23.345891599312868], [-52.09639609999999, -23.348519499312804], [-52.09557960000001, -23.351008699312754], [-52.09411540000002, -23.352607699312713], [-52.09269569999998, -23.353681799312668], [-52.09151780000002, -23.354559299312655], [-52.088876400000004, -23.357089199312604], [-52.087476400000014, -23.35863429931256], [-52.08674739999998, -23.359630199312562], [-52.086988700000006, -23.36049989931249], [-52.0869247, -23.36265499931248], [-52.08740820000003, -23.364210399312423], [-52.08743260000001, -23.365214499312383], [-52.08698579999998, -23.366090099312387], [-52.08633850000001, -23.36681829931235], [-52.08464240000001, -23.36748209931237], [-52.084417900000005, -23.367533199312376], [-52.083216300000004, -23.36780669931236], [-52.08219509999997, -23.368008599312336], [-52.081088900000005, -23.367791299312376], [-52.0801098, -23.367123699312337], [-52.07950340000002, -23.36640849931236], [-52.07865370000002, -23.36601299931241], [-52.07762939999998, -23.3647030993124], [-52.0768966, -23.364064599312446], [-52.07568279999998, -23.363410299312452], [-52.07472389999998, -23.362642699312445], [-52.073755000000006, -23.361768599312487], [-52.07327950000001, -23.361654999312474], [-52.072382800000014, -23.361835799312484], [-52.070976400000006, -23.362568899312453], [-52.06935420000003, -23.36350869931247], [-52.06842760000001, -23.364160299312413], [-52.06788360000001, -23.36641219931239], [-52.06655999999998, -23.36900949931233], [-52.064622199999974, -23.371645399312243], [-52.06368379999998, -23.37344709931224], [-52.062798999999984, -23.375145899312187], [-52.062075, -23.37698459931216], [-52.06181049999998, -23.378099299312098], [-52.0610236, -23.379350199312064], [-52.05991130000002, -23.3798195993121], [-52.05802460000001, -23.379725799312098], [-52.054365700000005, -23.3796931993121], [-52.052646100000004, -23.379539099312073], [-52.05120449999998, -23.379332099312084], [-52.04902729999998, -23.378988299312105], [-52.04740909999998, -23.378693999312098], [-52.04573429999999, -23.378317299312105], [-52.04451369999998, -23.377823599312116], [-52.04323520000003, -23.376541699312185], [-52.0423189, -23.37523349931216], [-52.041545799999994, -23.37400979931222], [-52.040813199999995, -23.37383709931223], [-52.038361899999984, -23.376275099312146], [-52.03719840000002, -23.377667999312152], [-52.03634599999998, -23.378027099312117], [-52.03501890000001, -23.3785829993121], [-52.034228900000016, -23.379307699312108], [-52.03379469999999, -23.379850099312083], [-52.03313709999998, -23.380633199312033], [-52.03224829999999, -23.38123409931201], [-52.03082180000001, -23.38160239931206], [-52.02983280000001, -23.38194469931205], [-52.02925699999997, -23.383072599312], [-52.02981039999997, -23.385347199311973], [-52.02960739999997, -23.38639769931191], [-52.02885889999999, -23.387151699311914], [-52.026827500000024, -23.387236799311882], [-52.025325599999974, -23.387198799311932], [-52.02389790000001, -23.387199599311884], [-52.02268559999999, -23.38728779931193], [-52.020925799999986, -23.387370999311877], [-52.0198398, -23.38754539931193], [-52.018287799999996, -23.387722799311902], [-52.01663150000002, -23.3878051993119], [-52.0152344, -23.387933799311874], [-52.01300880000002, -23.388043799311873], [-52.01053239999999, -23.38803489931187], [-52.008108100000015, -23.39046519931183], [-52.00663939999998, -23.391771699311796], [-52.00501650000001, -23.3923726993118], [-52.0037418, -23.392532899311778], [-52.00268849999998, -23.393969899311763], [-52.00086190000002, -23.396233499311705], [-51.999202000000025, -23.397369599311673], [-51.996858299999985, -23.397961899311653], [-51.996207500000025, -23.39857099931166], [-51.99515259999998, -23.399461899311643], [-51.99331919999997, -23.400118799311592], [-51.99212699999998, -23.399959099311623], [-51.99122030000001, -23.39989319931163], [-51.9896665, -23.399855199311613], [-51.98806849999999, -23.400845099311624], [-51.9871948, -23.401734799311573], [-51.98611710000001, -23.40305599931155], [-51.98531719999999, -23.404274599311528], [-51.98369769999999, -23.406741999311482], [-51.983056600000005, -23.409723499311397], [-51.982807400000006, -23.410882399311365], [-51.98261380000003, -23.412462699311327], [-51.98210289999997, -23.41348429931131], [-51.981042100000025, -23.415605399311286], [-51.9780988, -23.416914099311228], [-51.97456749999998, -23.418051499311204], [-51.972331800000006, -23.418676799311218], [-51.971581300000025, -23.419421199311177], [-51.97076320000002, -23.420860099311177], [-51.97012640000003, -23.42232179931114], [-51.96963820000001, -23.4238719993111], [-51.968972699999995, -23.42495149931108], [-51.96781470000002, -23.425962399311036], [-51.96649609999997, -23.426257299311004], [-51.96495570000002, -23.426493699311], [-51.96452720000002, -23.427011499311003], [-51.9628606, -23.42701079931102], [-51.96242810000001, -23.427830899310994], [-51.9613731, -23.427906099310967], [-51.96094870000002, -23.42864759931095], [-51.95952790000001, -23.428677499310968], [-51.958499700000004, -23.427949399310986], [-51.95725540000001, -23.426547299311004], [-51.956653399999986, -23.42583689931102], [-51.955377899999974, -23.424331799311084], [-51.9531885, -23.423121499311094], [-51.95137959999999, -23.422121599311154], [-51.94492120000001, -23.41948189931118], [-51.941640399999976, -23.418269999311217], [-51.935674500000005, -23.41606599931126], [-51.93479910000002, -23.41576789931126], [-51.93239599999998, -23.41494959931129], [-51.93000649999999, -23.414596599311274], [-51.92869630000001, -23.414403099311322], [-51.92574769999998, -23.41679229931125], [-51.92093799999998, -23.42089669931116], [-51.91861770000003, -23.42225089931112], [-51.914162999999974, -23.424228699311094], [-51.911362800000006, -23.425471799311065], [-51.9080831, -23.426829199311005], [-51.90562829999999, -23.42763199931102], [-51.903559799999975, -23.428121999310967], [-51.902031900000004, -23.42813079931102], [-51.9001118, -23.427592199311004], [-51.898512100000005, -23.42695649931104], [-51.897385299999996, -23.426508599311], [-51.896008100000024, -23.425823499311022], [-51.89403659999999, -23.42533289931107], [-51.89294890000002, -23.425339199311054], [-51.891937799999994, -23.42533799931106], [-51.89016129999999, -23.426215699311033], [-51.88956660000002, -23.426863999311045], [-51.88904430000002, -23.427617099311018], [-51.88843780000001, -23.42847159931101], [-51.88740489999998, -23.428931499310945], [-51.88538310000001, -23.429908699310953], [-51.883781899999974, -23.430576699310947], [-51.88286099999999, -23.43106029931094], [-51.881566599999985, -23.43113929931091], [-51.879883300000024, -23.431148799310936], [-51.87845399999998, -23.431099099310906], [-51.87750779999999, -23.432237599310902], [-51.87666150000001, -23.433508899310862], [-51.876175699999976, -23.434467499310834], [-51.87553689999999, -23.43578549931082], [-51.874744599999985, -23.4373910993108], [-51.874233699999984, -23.438469399310726], [-51.873521600000004, -23.440456899310735], [-51.8730645, -23.441845499310684], [-51.8721754, -23.44450309931064], [-51.8716422, -23.44613109931058], [-51.871545200000014, -23.446327299310596], [-51.871196, -23.447594099310564], [-51.87096070000001, -23.450302499310506], [-51.87118850000002, -23.451988599310447], [-51.871269999999974, -23.452873099310406], [-51.8713558, -23.453803899310437], [-51.8716324, -23.455841299310336], [-51.871666399999974, -23.457721399310348], [-51.87169940000001, -23.458796599310332], [-51.8717049, -23.459632999310283], [-51.871414500000014, -23.46155929931022], [-51.8692709, -23.46368989931021], [-51.86834449999998, -23.464694199310166], [-51.867468299999985, -23.46539209931013], [-51.867158700000005, -23.465559599310158], [-51.86483529999998, -23.466816699310105], [-51.86292529999997, -23.467902699310123], [-51.8606762, -23.468631999310098], [-51.859277399999996, -23.468639699310064], [-51.857327999999995, -23.468641399310094], [-51.85479320000002, -23.468258099310116], [-51.85230480000001, -23.468032699310065], [-51.84953200000001, -23.46790449931006], [-51.847123599999975, -23.46803709931011], [-51.844561800000015, -23.468607299310047], [-51.842718400000024, -23.46919029931005], [-51.83885579999998, -23.47049019931002], [-51.837870699999996, -23.470765199310055], [-51.835975099999985, -23.471294499310012], [-51.83423559999999, -23.47132659931002], [-51.833148800000004, -23.471523599310032], [-51.83166080000001, -23.471783499310032], [-51.8304114, -23.472924299309973], [-51.8289451, -23.47458109930997], [-51.82681179999997, -23.4773166993099], [-51.82601699999998, -23.478659199309828], [-51.82566250000002, -23.479431199309857], [-51.8251479, -23.480551799309815], [-51.824843499999986, -23.48176599930978], [-51.824029800000005, -23.481004599309806], [-51.822516699999994, -23.480765899309795], [-51.82151640000001, -23.48054599930983], [-51.820458900000006, -23.48022219930983], [-51.81852670000001, -23.47954339930984], [-51.81727410000002, -23.479299799309818], [-51.81592430000001, -23.479292099309856], [-51.814783499999976, -23.47915459930985], [-51.813176500000004, -23.478440499309837], [-51.81231580000002, -23.478115999309864], [-51.81089159999999, -23.47824289930985], [-51.808926799999995, -23.47892229930988], [-51.80775160000002, -23.47863539930983], [-51.806751099999985, -23.478586899309843], [-51.80550679999999, -23.47891609930984], [-51.804680099999985, -23.47930269930984], [-51.803829800000024, -23.480071799309837], [-51.80233609999999, -23.481561199309773], [-51.80133410000002, -23.482551999309774], [-51.80066140000003, -23.483801299309725], [-51.80010390000001, -23.485181299309737], [-51.79974809999999, -23.486330199309688], [-51.7982002, -23.487437399309627], [-51.79736009999999, -23.487441699309635], [-51.79532169999998, -23.48702199930969], [-51.79375360000001, -23.48620329930968], [-51.79241059999998, -23.48548339930973], [-51.79093089999998, -23.485012999309703], [-51.78967929999999, -23.48494509930971], [-51.78883769999999, -23.485931699309678], [-51.78804789999998, -23.486975199309686], [-51.78706319999998, -23.488163199309607], [-51.78639449999997, -23.48900299930965], [-51.78613189999999, -23.490160899309583], [-51.78565750000001, -23.491420399309543], [-51.784289, -23.492239899309563], [-51.782635200000016, -23.492988999309564], [-51.78175870000001, -23.493758099309492], [-51.78114149999999, -23.494549899309483], [-51.780328499999996, -23.496370299309486], [-51.77994000000001, -23.49781519930942], [-51.77949360000002, -23.499910199309376], [-51.778306699999966, -23.501590099309325], [-51.7765751, -23.502363399309303], [-51.77530630000001, -23.502537099309297], [-51.774140999999986, -23.502662299309318], [-51.77270249999998, -23.503037399309285], [-51.77168419999998, -23.50351099930929], [-51.76991579999998, -23.504830699309284], [-51.7680198, -23.506589299309198], [-51.7667576, -23.508266499309173], [-51.76643259999997, -23.50903629930917], [-51.766100900000026, -23.509821999309136], [-51.76531690000001, -23.511678499309127], [-51.76443119999999, -23.513414899309065], [-51.763973299999975, -23.514189999309043], [-51.7636038, -23.515257599309017], [-51.763610099999994, -23.516350099309022], [-51.763731199999995, -23.517308799309006], [-51.76363939999998, -23.518129999308947], [-51.76225249999999, -23.518439699308942], [-51.76134430000002, -23.51825299930898], [-51.76021680000002, -23.518163999308985], [-51.75831069999998, -23.51800489930896], [-51.756470200000024, -23.517918299308988], [-51.75529999999998, -23.51849579930894], [-51.75476470000001, -23.520896599308927], [-51.75408220000003, -23.52284519930887], [-51.7532253, -23.524607999308817], [-51.75267400000001, -23.5251155993088], [-51.7514855, -23.525494199308827], [-51.750577799999974, -23.525402999308795], [-51.74946160000001, -23.525097699308816], [-51.74855229999997, -23.52469579930883], [-51.74764169999998, -23.524078799308818], [-51.74701399999998, -23.523078099308876], [-51.74628250000001, -23.522514199308848], [-51.74473590000002, -23.522210899308874], [-51.74338840000001, -23.522241299308895], [-51.74207150000001, -23.523107899308865], [-51.741621500000015, -23.523880299308814], [-51.74097339999997, -23.525520699308814], [-51.74010870000001, -23.524335999308832], [-51.73973840000003, -23.522999499308884], [-51.738992199999984, -23.521931599308903], [-51.73819659999998, -23.52073649930891], [-51.737128900000016, -23.51980949930893], [-51.73645010000001, -23.51892849930897], [-51.7364455, -23.51809209930897], [-51.73659090000001, -23.516275199309], [-51.736248400000015, -23.515272999309005], [-51.734017600000016, -23.51490119930904], [-51.732956100000024, -23.515097399309045], [-51.731611199999975, -23.515581699309006], [-51.73050019999999, -23.51618439930899], [-51.72979190000001, -23.516790699309002], [-51.72877089999997, -23.517482999309014], [-51.727789099999995, -23.518013299308972], [-51.726411900000016, -23.51735059930897], [-51.725476699999994, -23.516948699308983], [-51.723947099999975, -23.51686019930899], [-51.72303390000002, -23.51709729930897], [-51.720968200000016, -23.517112999308992], [-51.71977479999998, -23.516879499309006], [-51.71787940000002, -23.516243099309], [-51.71658980000001, -23.515454399309032], [-51.71554689999999, -23.514245299309078], [-51.71446750000001, -23.5130658993091], [-51.7134681, -23.51172669930911], [-51.71217439999998, -23.511157799309096], [-51.71075969999998, -23.511377499309095], [-51.70899309999999, -23.512125799309082], [-51.707875, -23.512296599309117], [-51.70544690000003, -23.512147799309087], [-51.703879400000005, -23.51142749930915], [-51.70205499999997, -23.51005799930916], [-51.70025989999999, -23.509399899309166], [-51.698831900000016, -23.509456399309144], [-51.697318199999984, -23.510411099309138], [-51.69594110000002, -23.512350399309096], [-51.695284000000015, -23.51379229930904], [-51.69442320000002, -23.514941999309052], [-51.693417899999986, -23.516118899308992], [-51.692330899999995, -23.517089899308964], [-51.69173089999998, -23.517813099308974], [-51.68891869999999, -23.520239199308907], [-51.6873162, -23.521082799308896], [-51.68572089999998, -23.52179929930889], [-51.68530879999997, -23.52198439930889], [-51.684434700000004, -23.522447499308864], [-51.68296409999999, -23.523066799308836], [-51.681723999999974, -23.52355189930882], [-51.68064179999999, -23.52363119930886], [-51.67834779999998, -23.52452599930879], [-51.67722250000002, -23.524877299308827], [-51.675924699999996, -23.525389199308815], [-51.6745697, -23.526034599308797], [-51.67367860000002, -23.526971099308795], [-51.67236120000001, -23.529321799308708], [-51.67183849999998, -23.530923299308657], [-51.67131239999998, -23.53284449930865], [-51.67127240000002, -23.533921399308614], [-51.671945100000016, -23.537306199308524], [-51.67231750000002, -23.53908999930848], [-51.67266990000002, -23.540772299308482], [-51.67306810000002, -23.54231609930842], [-51.673641799999984, -23.5435611993084], [-51.67367890000003, -23.544412199308393], [-51.673569499999985, -23.545278299308364], [-51.67302430000001, -23.546053499308368], [-51.67123880000003, -23.547340299308274], [-51.67049109999999, -23.54808959930832], [-51.66962760000001, -23.54881279930829], [-51.66899740000002, -23.54993469930825], [-51.668783099999985, -23.551077499308246], [-51.66866679999999, -23.551926499308195], [-51.668338699999985, -23.55432119930816], [-51.66817520000001, -23.555704799308124], [-51.66821110000001, -23.556681099308097], [-51.66839529999999, -23.55811509930808], [-51.6684889, -23.55922579930802], [-51.66789349999999, -23.559960299308027], [-51.6674903, -23.560573399308023], [-51.665991599999984, -23.561459199308], [-51.66489539999998, -23.561916899308006], [-51.66342479999997, -23.562642699307982], [-51.66248489999998, -23.563120099307955], [-51.66077760000001, -23.563218099307925], [-51.65944669999999, -23.563442899307944], [-51.65736029999999, -23.563867599307926], [-51.656437700000026, -23.564351099307935], [-51.65577519999999, -23.56483359930791], [-51.65494480000002, -23.56567939930792], [-51.6543413, -23.5669403993079], [-51.65375929999999, -23.568448099307844], [-51.65359239999997, -23.569518699307817], [-51.65354580000002, -23.569817499307813], [-51.65368050000001, -23.572931399307752], [-51.65382770000002, -23.57435489930771], [-51.65350569999998, -23.576458999307654], [-51.65280500000001, -23.578477499307635], [-51.65218010000001, -23.5802774993076], [-51.65146390000001, -23.581612799307553], [-51.65065170000003, -23.58271029930749], [-51.64950620000002, -23.58345849930751], [-51.64862599999998, -23.583748899307487], [-51.64762000000002, -23.584442599307465], [-51.64692070000001, -23.584974899307486], [-51.64573100000001, -23.585793699307462], [-51.64456979999999, -23.586753099307437], [-51.64392520000001, -23.58749659930742], [-51.6447326, -23.588234099307424], [-51.64582380000002, -23.588659699307374], [-51.64650069999999, -23.58923049930735], [-51.64710109999999, -23.590040499307342], [-51.64705559999999, -23.591331199307334], [-51.64732120000002, -23.592620599307274], [-51.647673, -23.594349199307278], [-51.64826470000003, -23.595402799307223], [-51.648731999999995, -23.59636019930721], [-51.649056599999994, -23.597691199307175], [-51.64869429999999, -23.59867709930713], [-51.64843139999999, -23.598711399307174], [-51.64769519999999, -23.599330599307116], [-51.6468299, -23.600179899307133], [-51.64599670000001, -23.601013499307133], [-51.645289400000024, -23.6019171993071], [-51.64490310000002, -23.60277389930706], [-51.64391519999998, -23.603188699307037], [-51.64367670000002, -23.603155999307074], [-51.64326599999998, -23.60205879930709], [-51.642104399999994, -23.601050999307088], [-51.640975200000014, -23.600735899307146], [-51.639902000000006, -23.600693999307094], [-51.638259300000016, -23.601200099307132], [-51.63683869999999, -23.601465499307125], [-51.63480770000001, -23.601458299307094], [-51.63320040000002, -23.60148729930708], [-51.63147120000002, -23.601322999307083], [-51.629961700000024, -23.601498999307086], [-51.62889289999998, -23.60169129930712], [-51.628085, -23.60206759930708], [-51.625907900000016, -23.60320289930705], [-51.6242752, -23.603575299307042], [-51.623264000000006, -23.603765799307073], [-51.621816000000024, -23.60329199930706], [-51.621258599999976, -23.601615499307073], [-51.62044309999999, -23.60036629930714], [-51.61877850000002, -23.599551899307137], [-51.61787829999997, -23.599032599307133], [-51.61691669999999, -23.598665099307166], [-51.61607900000001, -23.59796129930718], [-51.6151064, -23.597349599307172], [-51.614114400000005, -23.59665209930718], [-51.61302019999999, -23.59597229930725], [-51.61135109999997, -23.59638789930724], [-51.61035450000003, -23.59686599930718], [-51.60949169999998, -23.5973029993072], [-51.60828459999999, -23.597879599307184], [-51.60741460000003, -23.598458899307186], [-51.60643870000001, -23.59929769930716], [-51.60546499999999, -23.600486099307137], [-51.604373599999974, -23.602055199307088], [-51.60443900000001, -23.603297699307046], [-51.604384400000015, -23.60440009930706], [-51.603500899999965, -23.604698399307058], [-51.6019455, -23.604847799307034], [-51.60052209999998, -23.60549859930699], [-51.59952850000002, -23.604871899307003], [-51.598829599999995, -23.603808699307045], [-51.598276999999996, -23.603091399307058], [-51.59758399999998, -23.602003399307087], [-51.59690949999998, -23.6012312993071], [-51.59601129999999, -23.60083499930713], [-51.594939700000005, -23.60057559930714], [-51.5940463, -23.6011356993071], [-51.59329680000002, -23.60164489930709], [-51.59202740000001, -23.602289199307055], [-51.59070000000003, -23.60290719930707], [-51.589459799999986, -23.603631399307037], [-51.58830870000003, -23.60486149930705], [-51.58735730000001, -23.60550469930699], [-51.586075100000016, -23.605597999306994], [-51.585768400000006, -23.605142999307013], [-51.585241999999994, -23.604361999307013], [-51.58395389999998, -23.603143099307083], [-51.58303630000001, -23.602722999307105], [-51.581886999999995, -23.60217599930707], [-51.5810664, -23.601748699307063], [-51.578667499999995, -23.601327699307117], [-51.57649429999998, -23.60114859930709], [-51.57532040000001, -23.600933799307125], [-51.57467680000002, -23.600774599307144], [-51.57370470000001, -23.600249299307098], [-51.5737105, -23.599241799307176], [-51.57360569999998, -23.59737669930717], [-51.573576800000005, -23.595191299307253], [-51.57356679999998, -23.592898699307263], [-51.57338179999999, -23.59114739930735], [-51.572767699999986, -23.58866469930737], [-51.571979399999975, -23.58690879930743], [-51.57180319999998, -23.586005299307452], [-51.57182599999999, -23.584857499307464], [-51.57182130000002, -23.583764999307526], [-51.5711498, -23.582275199307563], [-51.57054119999998, -23.581930999307527], [-51.569441700000034, -23.581748499307555], [-51.56767910000002, -23.581968199307546], [-51.566033600000026, -23.5825603993075], [-51.563779899999986, -23.582888399307514], [-51.562487799999985, -23.583240399307527], [-51.5609523, -23.584257599307488], [-51.55973690000002, -23.584918199307467], [-51.55841379999998, -23.585625799307458], [-51.55699640000001, -23.585470999307443], [-51.55612350000001, -23.584168399307504], [-51.55563840000002, -23.58284389930752], [-51.55547739999997, -23.581457099307574], [-51.555420500000025, -23.58026239930755], [-51.55468930000001, -23.579022299307617], [-51.55403949999999, -23.577441199307653], [-51.55395979999997, -23.576375299307657], [-51.55324569999999, -23.5751461993077], [-51.5520176, -23.573985999307705], [-51.5509864, -23.57335269930772], [-51.5494554, -23.573036099307767], [-51.54850140000001, -23.572843599307735], [-51.54705000000001, -23.571436399307753], [-51.5467046, -23.570028999307773], [-51.54654849999997, -23.569013199307797], [-51.54576090000001, -23.56731059930785], [-51.544882900000005, -23.565744899307923], [-51.54470550000002, -23.564740099307915], [-51.54435699999999, -23.563344999307986], [-51.54334039999998, -23.562175999308003], [-51.54244060000002, -23.562130899307984], [-51.54148980000003, -23.56204919930797], [-51.54034009999998, -23.562027999307983], [-51.538182000000006, -23.561253899307996], [-51.5370011, -23.56034379930802], [-51.53584380000001, -23.55983039930804], [-51.53379879999999, -23.55967629930801], [-51.53295730000002, -23.56001589930802], [-51.53198070000003, -23.56051189930801], [-51.531166299999995, -23.560955599308013], [-51.53059339999998, -23.562143199307954], [-51.53005760000002, -23.564324099307967], [-51.5300838, -23.566062699307867], [-51.529879, -23.566992299307852], [-51.52900440000002, -23.56871599930783], [-51.52742590000003, -23.569462199307797], [-51.52643740000002, -23.569116199307818], [-51.52523800000001, -23.567770299307863], [-51.52457320000003, -23.56720099930788], [-51.5231786, -23.567052399307894], [-51.5221793, -23.567113999307864], [-51.52101449999998, -23.567208899307893], [-51.519693800000034, -23.567369199307834], [-51.51892620000001, -23.567542699307847], [-51.51764650000001, -23.56820459930785], [-51.51707859999999, -23.568851699307814], [-51.51619249999999, -23.569870399307824], [-51.51534750000002, -23.57038699930778], [-51.51415709999998, -23.57096449930779], [-51.51337890000002, -23.570871499307803], [-51.51224209999998, -23.570411899307807], [-51.511326499999996, -23.569802799307794], [-51.51059830000003, -23.569207699307814], [-51.50987020000002, -23.568660399307834], [-51.50870140000001, -23.56811459930784], [-51.50740380000003, -23.567784199307862], [-51.50649550000002, -23.567572099307867], [-51.505333199999995, -23.56787109930784], [-51.50453579999998, -23.56705009930789], [-51.50373159999998, -23.56613649930792], [-51.50261929999999, -23.564817899307897], [-51.50184619999999, -23.56436719930792], [-51.500997600000005, -23.56407699930792], [-51.49949570000002, -23.56442819930794], [-51.4978575, -23.564807299307898], [-51.49642669999997, -23.565095199307883], [-51.49518440000003, -23.56567279930792], [-51.49467299999998, -23.564816099307897], [-51.49395670000001, -23.563215099307932], [-51.493388700000025, -23.56247579930799], [-51.491546000000035, -23.56153159930802], [-51.490636999999985, -23.560992199307996], [-51.48968370000001, -23.561181799307995], [-51.489223900000006, -23.561902699308007], [-51.4881474, -23.562707699307943], [-51.48680020000001, -23.562950899307943], [-51.485710400000016, -23.56271529930794], [-51.484830400000014, -23.563124299307983], [-51.48437589999998, -23.564236299307936], [-51.483282999999965, -23.565785199307896], [-51.48237769999997, -23.5659280993079], [-51.482072699999996, -23.56429919930793], [-51.48190069999998, -23.563085699307948], [-51.481638999999966, -23.562207299307993], [-51.480810099999985, -23.561470899308013], [-51.479630499999985, -23.560312299308034], [-51.4788772, -23.559643899308064], [-51.47837149999999, -23.558632099308067], [-51.476851599999975, -23.555365999308126], [-51.47559339999998, -23.55412419930814], [-51.47456440000002, -23.552967799308163], [-51.47358509999998, -23.5522759993082], [-51.471436299999986, -23.551263899308204], [-51.46965499999999, -23.551221499308223], [-51.469129599999974, -23.551223099308235], [-51.46819629999999, -23.55139319930823], [-51.4667725, -23.551947199308184], [-51.46599629999997, -23.552379699308204], [-51.465027599999985, -23.55255199930819], [-51.46322839999999, -23.55158959930822], [-51.46119470000002, -23.552843799308196], [-51.461177599999985, -23.552351299308178], [-51.460417, -23.551798299308185], [-51.4595572, -23.550909299308238], [-51.458647600000006, -23.550820399308254], [-51.4573977, -23.550712399308246], [-51.4554422, -23.550547199308227], [-51.45453859999998, -23.55084219930821], [-51.452980399999994, -23.55124799930822], [-51.451762099999996, -23.55171909930823], [-51.45055380000002, -23.552280399308167], [-51.44915379999997, -23.55298659930819], [-51.44692379999998, -23.55425719930815], [-51.4456624, -23.556221899308138], [-51.444346600000024, -23.557012199308065], [-51.441751599999975, -23.557948999308085], [-51.438232400000004, -23.559141499308062], [-51.436263, -23.55919209930807], [-51.435099700000016, -23.559386599308027], [-51.43413420000002, -23.56009029930804], [-51.433257200000014, -23.561393099307978], [-51.432910299999996, -23.56256089930797], [-51.43288899999999, -23.56452399930794], [-51.43277849999998, -23.56586729930787], [-51.432462799999996, -23.56694599930785], [-51.43212809999999, -23.56784249930783], [-51.430672000000015, -23.569022199307824], [-51.4287741, -23.570078999307828], [-51.428145700000016, -23.57074119930778], [-51.42620990000001, -23.572113599307777], [-51.42556780000001, -23.572764499307752], [-51.42453319999998, -23.573563899307732], [-51.42307169999998, -23.575078999307706], [-51.422008500000004, -23.576240099307665], [-51.42125929999997, -23.576791199307657], [-51.42056969999999, -23.577366599307638], [-51.41979820000001, -23.578121699307623], [-51.41874869999998, -23.57897119930762], [-51.417198400000025, -23.580502299307543], [-51.416005600000005, -23.582288799307538], [-51.41480519999999, -23.584154999307504], [-51.41399469999999, -23.585444099307484], [-51.41281889999999, -23.586277799307453], [-51.411751700000025, -23.586653199307428], [-51.41085099999998, -23.58717519930741], [-51.40964359999998, -23.588038799307395], [-51.40895449999999, -23.58880529930737], [-51.408486499999974, -23.58997939930736], [-51.409278900000004, -23.590675799307334], [-51.410330199999976, -23.591959899307323], [-51.410876900000005, -23.593138199307287], [-51.411167999999975, -23.59398319930729], [-51.41151009999999, -23.59508049930724], [-51.41177800000003, -23.595995599307212], [-51.4119723, -23.597086099307212], [-51.41156369999999, -23.597951899307176], [-51.411193500000024, -23.598736499307126], [-51.41042249999998, -23.600370199307118], [-51.40987910000001, -23.601521799307097], [-51.40938290000002, -23.603285699307076], [-51.409243000000004, -23.60411709930704], [-51.40889979999997, -23.605062699307037], [-51.40824300000003, -23.606872299306993], [-51.40728400000001, -23.60841269930692], [-51.40647020000001, -23.61066619930692], [-51.40565830000003, -23.611561999306875], [-51.401970999999996, -23.61136759930687], [-51.4005899, -23.61146779930689], [-51.39941240000002, -23.611578199306862], [-51.3980853, -23.61242489930686], [-51.396341199999995, -23.613979599306813], [-51.39527220000002, -23.615001999306802], [-51.39395990000003, -23.61561069930677], [-51.392958599999986, -23.616123099306762], [-51.39193979999999, -23.616530499306776], [-51.389885400000026, -23.617462799306736], [-51.38920990000002, -23.617907999306734], [-51.38864810000001, -23.620380199306677], [-51.3883702, -23.621370199306654], [-51.38791650000001, -23.622460199306605], [-51.3873873, -23.62331629930661], [-51.386583900000005, -23.624153599306595], [-51.385620099999976, -23.624872599306578], [-51.3821145, -23.627110399306524], [-51.381355699999965, -23.627871699306517], [-51.380620700000016, -23.629218499306468], [-51.38048040000001, -23.630142999306432], [-51.380624599999976, -23.63218199930642], [-51.380073400000015, -23.632916199306408], [-51.37886359999999, -23.634090599306347], [-51.37878949999998, -23.634167499306365], [-51.37858749999998, -23.636893599306312], [-51.378387599999996, -23.639632799306256], [-51.378286100000025, -23.642320099306193], [-51.37820829999998, -23.64437639930614], [-51.37817369999999, -23.64580629930612], [-51.37720780000001, -23.647310099306107], [-51.37578489999999, -23.649360899306], [-51.37578780000001, -23.650343699306017], [-51.375785199999996, -23.650414499306024], [-51.375732400000004, -23.651837399305954], [-51.37545940000002, -23.653648899305942], [-51.375165100000004, -23.654948399305923], [-51.374729100000025, -23.656090899305866], [-51.37453119999998, -23.657048199305873], [-51.37464139999997, -23.658081199305858], [-51.37490780000002, -23.658925299305835], [-51.37593750000002, -23.659383699305792], [-51.37658479999999, -23.660141799305812], [-51.37578980000001, -23.66059389930577], [-51.37527770000002, -23.660658099305756], [-51.3737787, -23.66079939930575], [-51.37219970000001, -23.660616899305758], [-51.3712769, -23.660824599305787], [-51.369974300000024, -23.661547699305782], [-51.36872679999999, -23.662593799305764], [-51.36675550000001, -23.66345039930571], [-51.3650586, -23.664258999305712], [-51.3633332, -23.665044899305677], [-51.36199399999998, -23.665512299305657], [-51.359950700000006, -23.666901699305626], [-51.358209199999976, -23.667373899305602], [-51.356848000000014, -23.667804099305634], [-51.356895699999995, -23.669628999305555], [-51.35725400000001, -23.670660099305575], [-51.35807519999998, -23.672971499305508], [-51.3582657, -23.673879899305465], [-51.359160599999996, -23.674699999305435], [-51.35972700000002, -23.675607599305415], [-51.359477200000015, -23.676707699305425], [-51.35887109999999, -23.677390299305426], [-51.35792220000001, -23.678123699305402], [-51.357149299999996, -23.67870209930539], [-51.35610939999998, -23.680247899305318], [-51.355808500000016, -23.681178799305314], [-51.35549789999998, -23.683112799305274], [-51.355051600000024, -23.68397119930524], [-51.35452839999999, -23.6853441993052], [-51.35344550000002, -23.68577929930519], [-51.353067399999986, -23.686704299305177], [-51.353184699999986, -23.6877652993052], [-51.352560400000016, -23.68844229930518], [-51.35170720000002, -23.68873019930516], [-51.35051190000002, -23.689373999305126], [-51.34923529999997, -23.689931299305147], [-51.348476600000026, -23.69088899930513], [-51.3471361, -23.6922437993051], [-51.34605490000001, -23.69277459930506], [-51.3446528, -23.69267829930508], [-51.34344959999998, -23.69275239930508], [-51.34206690000002, -23.693184499305033], [-51.34191070000003, -23.69412199930502], [-51.341982299999984, -23.695045899305033], [-51.34196589999999, -23.696310099304984], [-51.34186999999997, -23.697331599304945], [-51.340347899999976, -23.698092899304957], [-51.33825189999999, -23.698328799304946], [-51.3368074, -23.69885409930494], [-51.33690830000001, -23.70015789930491], [-51.33725529999998, -23.701390299304887], [-51.3357502, -23.702707199304868], [-51.33437700000002, -23.702832699304814], [-51.33315040000002, -23.703213299304846], [-51.331715499999966, -23.70382409930484], [-51.330804, -23.70456739930477], [-51.32871410000001, -23.704647499304816], [-51.32694190000001, -23.704406199304792], [-51.3255145, -23.704908999304777], [-51.32548969999999, -23.70496209930478], [-51.32508819999998, -23.705820699304777], [-51.32408809999998, -23.70722489930478], [-51.32400539999997, -23.70815769930474], [-51.32363809999998, -23.709490799304714], [-51.3236124, -23.71044179930468], [-51.32321799999999, -23.71145699930464], [-51.32306940000001, -23.711701499304635], [-51.321993299999974, -23.712644699304615], [-51.32070870000002, -23.713616699304588], [-51.31912679999999, -23.714439899304587], [-51.31757190000002, -23.714720999304568], [-51.31640850000002, -23.71505449930457], [-51.314702200000006, -23.71612099930453], [-51.31326660000002, -23.716517099304507], [-51.31047360000002, -23.717559499304507], [-51.30950580000001, -23.71877679930447], [-51.308795299999986, -23.719900199304444], [-51.30811790000001, -23.720881799304415], [-51.30582129999999, -23.720499999304465], [-51.30356840000002, -23.72007549930446], [-51.30255890000001, -23.72007749930446], [-51.30164439999999, -23.72026049930445], [-51.300930600000015, -23.72111729930444], [-51.30050610000001, -23.72226209930442], [-51.2987243, -23.724160199304325], [-51.297717499999976, -23.725341799304356], [-51.29578249999997, -23.72649829930432], [-51.29465429999999, -23.72724229930429], [-51.293567800000005, -23.7275302993043], [-51.29240140000001, -23.727979399304267], [-51.2910086, -23.729143799304232], [-51.29004140000001, -23.730718499304235], [-51.289698699999974, -23.731968499304188], [-51.28884640000001, -23.73294579930415], [-51.287556300000006, -23.733330599304143], [-51.28625090000003, -23.733173699304178], [-51.28464150000001, -23.732840699304166], [-51.28259170000002, -23.73337759930414], [-51.28074290000001, -23.73369719930415], [-51.27737639999998, -23.73439669930413], [-51.275936, -23.73426409930416], [-51.2750484, -23.73398579930417], [-51.2743208, -23.733363499304154], [-51.27385620000001, -23.73330219930418], [-51.27353419999997, -23.73409049930413], [-51.273795899999975, -23.735241199304134], [-51.27354980000001, -23.736074899304104], [-51.273173499999984, -23.73769549930403], [-51.27355929999999, -23.73861369930401], [-51.27345759999997, -23.739665399304], [-51.27289560000003, -23.74098449930402], [-51.2713195, -23.743492999303935], [-51.27028200000001, -23.74397269930389], [-51.269347900000014, -23.744261199303892], [-51.26799870000002, -23.74464589930393], [-51.26672350000001, -23.745354099303878], [-51.265706799999975, -23.746096299303847], [-51.26373530000001, -23.747504999303825], [-51.26292599999999, -23.747870299303816], [-51.261795399999976, -23.748604499303813], [-51.261456899999985, -23.7496890993038], [-51.26145600000001, -23.751123799303773], [-51.261672600000004, -23.752153099303726], [-51.26229430000001, -23.753703199303725], [-51.26282959999998, -23.75487529930366], [-51.26324310000002, -23.755780799303682], [-51.26357869999998, -23.757066899303613], [-51.26374229999999, -23.758205199303625], [-51.26364460000001, -23.759562199303577], [-51.263560799999986, -23.761999699303512], [-51.26355890000003, -23.76282359930349], [-51.263176699999974, -23.76580579930345], [-51.262201499999996, -23.767797799303374], [-51.261435199999994, -23.768954499303373], [-51.26035200000001, -23.77113689930331], [-51.25946240000002, -23.77303299930327], [-51.258553899999974, -23.773737799303248], [-51.255929200000026, -23.77299219930325], [-51.2545293, -23.772969799303283], [-51.252620200000024, -23.773420299303268], [-51.25131640000001, -23.774284299303233], [-51.251232200000004, -23.774340099303263], [-51.25075020000003, -23.77574289930322], [-51.25109930000003, -23.77720809930318], [-51.25158690000001, -23.778704999303148], [-51.25218580000001, -23.78029719930312], [-51.2525612, -23.7812206993031], [-51.25276330000003, -23.783069999303063], [-51.25308580000001, -23.783896499303054], [-51.253848800000014, -23.78453249930303], [-51.25417220000003, -23.785859699302996], [-51.25395830000002, -23.787400099302968], [-51.25366600000001, -23.78848089930296], [-51.25374390000002, -23.789641699302916], [-51.254174999999975, -23.79052229930291], [-51.25530329999998, -23.791414199302874], [-51.256656599999985, -23.792704699302835], [-51.257094600000016, -23.793627499302833], [-51.25682469999999, -23.794664599302777], [-51.25573880000002, -23.7955958993028], [-51.25492379999997, -23.79602619930273], [-51.25353369999999, -23.79698609930277], [-51.25345390000002, -23.797992799302694], [-51.25358330000001, -23.798914599302694], [-51.25395450000002, -23.799725199302706], [-51.254812300000026, -23.80054109930263], [-51.25564689999999, -23.80093979930264], [-51.2583477, -23.800744099302634], [-51.2604258, -23.800868099302658], [-51.261465499999986, -23.80121679930267], [-51.26184810000001, -23.802076499302633], [-51.261677500000026, -23.8033513993026], [-51.2616792, -23.804179899302593], [-51.261687600000016, -23.80526809930254], [-51.26223870000001, -23.806855499302515], [-51.263486899999975, -23.807586299302532], [-51.26464069999997, -23.80783359930249], [-51.26658179999999, -23.80775659930251], [-51.267850899999985, -23.807706199302494], [-51.26895990000003, -23.808086699302486], [-51.26840770000002, -23.80901169930247], [-51.267994600000016, -23.810255199302425], [-51.267303700000014, -23.811084799302435], [-51.26664729999998, -23.811882599302404], [-51.26540139999997, -23.812330799302387], [-51.26422459999998, -23.81274709930242], [-51.263428999999974, -23.813226399302394], [-51.26200970000002, -23.8135792993024], [-51.26086830000003, -23.814345999302358], [-51.260454700000025, -23.81536639930236], [-51.260598300000034, -23.81788339930231], [-51.26084300000002, -23.819030099302275], [-51.26136439999999, -23.819950499302248], [-51.26174739999999, -23.820908599302214], [-51.2628229, -23.821643699302182], [-51.26441799999998, -23.82260619930217], [-51.2661309, -23.824140399302124], [-51.267262500000015, -23.826461999302083], [-51.2660621, -23.82850169930204], [-51.265293299999996, -23.830715899301964], [-51.26471299999997, -23.832387499301944], [-51.26434619999998, -23.83324359930194], [-51.263771399999996, -23.835020599301906], [-51.263421600000015, -23.83632099930187], [-51.26282329999998, -23.839196999301823], [-51.26282520000001, -23.84015289930182], [-51.26174179999998, -23.841347599301763], [-51.260860200000025, -23.84186429930174], [-51.25960939999998, -23.843089899301717], [-51.2586407, -23.843760599301696], [-51.257810099999965, -23.844176299301715], [-51.2563212, -23.844497399301716], [-51.254163600000034, -23.845136199301695], [-51.25233960000003, -23.845714799301664], [-51.25078209999998, -23.846450199301636], [-51.24814709999998, -23.847791099301613], [-51.25060539999998, -23.84763799930164], [-51.251685000000016, -23.8475639993016], [-51.25345199999998, -23.847656699301645], [-51.25487909999998, -23.8479151993016], [-51.255947100000014, -23.848066799301638], [-51.25702230000002, -23.848702299301596], [-51.25744099999997, -23.850231099301535], [-51.25734399999999, -23.851476099301557], [-51.25705549999997, -23.85264629930152], [-51.2570963, -23.85364709930147], [-51.257564300000006, -23.854468499301476], [-51.258615899999995, -23.85553919930146], [-51.259162, -23.856539199301416], [-51.259662999999996, -23.857919699301412], [-51.26036179999999, -23.858676599301404], [-51.25992839999998, -23.859579899301377], [-51.259887100000014, -23.86072229930135], [-51.260019399999976, -23.861916999301307], [-51.2606715, -23.863158599301286], [-51.26106279999999, -23.863916699301267], [-51.26161309999998, -23.866192099301188], [-51.26203170000002, -23.867625299301164], [-51.262060700000006, -23.869130799301143], [-51.26097490000001, -23.868546599301162], [-51.26034290000001, -23.86779539930115], [-51.2595374, -23.86707859930121], [-51.25839309999998, -23.867368499301175], [-51.257460200000025, -23.86870839930115], [-51.25644999999997, -23.870335199301117], [-51.25595759999999, -23.87102899930112], [-51.25430610000001, -23.87311339930108], [-51.25274339999998, -23.875064799301033], [-51.2510347, -23.876859299300957], [-51.25007660000001, -23.877865399300973], [-51.2492512, -23.87990029930087], [-51.24897709999999, -23.881086999300862], [-51.24759740000002, -23.88244499930087], [-51.24397570000003, -23.8837014993008], [-51.2428086, -23.883977799300837], [-51.24154199999998, -23.88432779930081], [-51.24024889999998, -23.884669699300815], [-51.23932480000002, -23.884671099300792], [-51.236729500000024, -23.885512499300788], [-51.23581150000001, -23.886088499300797], [-51.23442829999999, -23.88695649930075], [-51.23212569999998, -23.887637899300756], [-51.22972970000001, -23.887641499300702], [-51.2266123, -23.88704279930076], [-51.226320699999974, -23.887087999300753], [-51.22528390000002, -23.887708799300718], [-51.22549500000003, -23.89010499930069], [-51.2260726, -23.89236479930063], [-51.225779999999986, -23.895019099300583], [-51.22504570000001, -23.89671489930054], [-51.22493930000002, -23.897800399300507], [-51.22422280000001, -23.900529099300492], [-51.224224400000026, -23.90146109930043], [-51.22441020000002, -23.902308199300396], [-51.22468859999998, -23.903409299300403], [-51.2262548, -23.904412699300387], [-51.22349270000001, -23.904682099300356], [-51.22128070000002, -23.90468529930034], [-51.21980589999998, -23.904602699300373], [-51.21786959999997, -23.904096999300357], [-51.21528749999999, -23.903168599300407], [-51.21316860000002, -23.90367989930037], [-51.212156400000026, -23.904698099300376], [-51.2107749, -23.90529319930036], [-51.20699680000001, -23.905721999300358], [-51.20469300000002, -23.90589449930032], [-51.200800800000025, -23.90517689930036], [-51.1995139, -23.906011899300335], [-51.19768740000001, -23.90665769930029], [-51.19442240000001, -23.907448299300295], [-51.191440399999976, -23.908366299300283], [-51.18936739999998, -23.908787299300243], [-51.18825829999998, -23.909298799300238], [-51.18705749999998, -23.909810099300255], [-51.1850331, -23.910604899300242], [-51.182998, -23.912466899300213], [-51.18192370000003, -23.913537299300135], [-51.180202399999985, -23.915437199300108], [-51.179076899999984, -23.9170112993001], [-51.17830120000002, -23.918565699300032], [-51.17792029999998, -23.91938019930002], [-51.17806280000002, -23.9203962993], [-51.177415499999995, -23.92197239929999], [-51.17741790000003, -23.923096699299936], [-51.177193699999975, -23.924086299299926], [-51.17484869999998, -23.924701799299896], [-51.17403919999998, -23.925271099299888], [-51.17292309999999, -23.92617169929988], [-51.17154690000001, -23.92749379929982], [-51.17056070000002, -23.928883799299815], [-51.16956720000002, -23.93028419929981], [-51.169374800000014, -23.93185729929974], [-51.169891099999965, -23.933481199299745], [-51.16992570000002, -23.934702699299702], [-51.169846500000006, -23.935645899299672], [-51.16899369999999, -23.937791699299613], [-51.16817889999999, -23.939329699299567], [-51.1670919, -23.94086799929958], [-51.166392900000005, -23.941690899299562], [-51.16550000000001, -23.9429787992995], [-51.164964999999995, -23.94403699929947], [-51.165452200000004, -23.944821399299503], [-51.166593700000014, -23.946659499299436], [-51.16834610000001, -23.9483019992994], [-51.17005940000001, -23.949729999299354], [-51.1705695, -23.95014749929937], [-51.1708448, -23.951209799299345], [-51.17112450000002, -23.952993899299326], [-51.17117230000002, -23.954140899299286], [-51.17172829999999, -23.95511749929921], [-51.172376799999995, -23.956093899299212], [-51.172054499999994, -23.957028999299187], [-51.17071420000002, -23.957370299299175], [-51.16981720000001, -23.957770499299166], [-51.168937700000015, -23.958225499299203], [-51.16784150000001, -23.959337399299123], [-51.16694289999998, -23.96110219929914], [-51.16606919999998, -23.96228139929908], [-51.164786400000025, -23.962926299299077], [-51.163758299999984, -23.96290769929909], [-51.160390199999995, -23.96250189929908], [-51.15881300000001, -23.962460299299064], [-51.1573171, -23.96243359929907], [-51.154787399999975, -23.961435299299104], [-51.1531531, -23.960972199299135], [-51.152209200000016, -23.960922099299125], [-51.15109610000002, -23.96138239929909], [-51.15093810000002, -23.9629046992991], [-51.151428599999974, -23.96405059929906], [-51.15227540000001, -23.96601809929898], [-51.15273289999999, -23.967478599298968], [-51.15273469999999, -23.96905139929895], [-51.152074200000015, -23.96976699929891], [-51.14998309999999, -23.971478699298846], [-51.14912220000002, -23.973630499298846], [-51.148656500000016, -23.974667599298783], [-51.147996700000014, -23.97599089929879], [-51.14760860000001, -23.976777699298783], [-51.146831599999985, -23.977779399298726], [-51.1462952, -23.978437999298713], [-51.14562760000001, -23.97953209929867], [-51.1451735, -23.98097489929865], [-51.14368409999997, -23.98114249929865], [-51.14286650000002, -23.98057129929869], [-51.141892900000016, -23.979714299298717], [-51.14068639999999, -23.979286499298702], [-51.14009099999999, -23.978933599298717], [-51.13882619999998, -23.979901799298695], [-51.1370293, -23.98123799929869], [-51.136066099999994, -23.981891399298657], [-51.13571610000002, -23.98212879929864], [-51.13523270000002, -23.982828299298625], [-51.134749699999986, -23.98397259929862], [-51.1334941, -23.985677499298575], [-51.131018200000035, -23.98740749929855], [-51.12991240000002, -23.988234599298515], [-51.12915220000002, -23.98887079929847], [-51.12645570000001, -23.989953399298464], [-51.125487799999966, -23.990526099298474], [-51.1230678, -23.99141779929847], [-51.120598700000016, -23.991873499298425], [-51.11947659999999, -23.992001799298453], [-51.11859820000001, -23.99221489929845], [-51.11776609999998, -23.99259789929844], [-51.1160744, -23.9929367992984], [-51.11507189999997, -23.99300909929841], [-51.11383219999998, -23.992551999298406], [-51.11323370000002, -23.991879099298444], [-51.11258550000002, -23.99098739929845], [-51.111110999999994, -23.9902715992985], [-51.1099211, -23.989536399298512], [-51.108838400000025, -23.98920569929851], [-51.10703460000002, -23.988824599298486], [-51.105416400000024, -23.989123099298464], [-51.10471949999999, -23.989702399298487], [-51.10412280000003, -23.99052599929846], [-51.1035223, -23.991333599298457], [-51.10153409999998, -23.991717299298447], [-51.10009600000001, -23.99158119929843], [-51.09961370000002, -23.992663799298416], [-51.09866679999999, -23.99478909929837], [-51.098493099999985, -23.996558699298316], [-51.097910599999985, -23.998033599298285], [-51.09738609999999, -23.999106299298273], [-51.09660500000001, -23.99980429929825], [-51.09584030000002, -24.00026019929826], [-51.09490690000001, -24.00098459929821], [-51.09455220000001, -24.001864299298237], [-51.09472419999997, -24.00305959929817], [-51.09499399999999, -24.004071499298178], [-51.09542659999999, -24.004838699298144], [-51.09601950000001, -24.00589009929811], [-51.09677579999999, -24.007060099298087], [-51.09606889999998, -24.00840639929809], [-51.09471860000002, -24.00938879929806], [-51.09377540000003, -24.01010069929805], [-51.093573400000025, -24.01110859929801], [-51.093572499999986, -24.012057899297996], [-51.09210999999999, -24.013322299297993], [-51.09179390000003, -24.014418299297933], [-51.091590199999985, -24.015303099297903], [-51.09186299999999, -24.016702399297877], [-51.09193429999999, -24.017158599297897], [-51.0924028, -24.018267099297862], [-51.0931415, -24.019187299297833], [-51.093687999999986, -24.019896899297812], [-51.09454210000001, -24.020931399297787], [-51.0958857, -24.022163799297758], [-51.09620849999999, -24.023499899297725], [-51.09673379999998, -24.02444209929771], [-51.09712400000001, -24.025458599297668], [-51.097252799999985, -24.026786199297668], [-51.098078999999984, -24.02776569929762], [-51.098692700000015, -24.028649999297645], [-51.098022000000014, -24.02953519929759], [-51.09711809999999, -24.030822599297608], [-51.09640080000002, -24.031474499297566], [-51.09546719999997, -24.03241439929754], [-51.09446459999998, -24.033056399297543], [-51.093208800000006, -24.033854599297502], [-51.09216409999999, -24.034105499297507], [-51.09051210000002, -24.034259999297525], [-51.088881000000015, -24.034622399297476], [-51.08793580000002, -24.03483059929751], [-51.08599909999998, -24.035798099297494], [-51.084219700000006, -24.03637989929744], [-51.083169199999986, -24.03688989929745], [-51.0819386, -24.03758869929744], [-51.08106830000003, -24.03839239929743], [-51.080280500000015, -24.038848499297373], [-51.078821000000005, -24.039144199297414], [-51.077624699999994, -24.03994909929737], [-51.076895200000024, -24.040566099297337], [-51.07648710000001, -24.04145099929734], [-51.075933299999974, -24.04292579929729], [-51.07540239999998, -24.04413139929731], [-51.07432870000003, -24.04472289929728], [-51.073291299999994, -24.045093599297235], [-51.07211050000001, -24.045635499297248], [-51.071803999999986, -24.046436399297242], [-51.0710178, -24.047547699297205], [-51.06983960000002, -24.049221999297156], [-51.069281100000005, -24.049979999297157], [-51.06834730000003, -24.050757899297142], [-51.0667421, -24.05167009929714], [-51.06582420000001, -24.0519578992971], [-51.0646595, -24.05212049929711], [-51.06379909999999, -24.051192299297156], [-51.06377470000001, -24.051690799297123], [-51.06354099999999, -24.05271849929713], [-51.06335899999999, -24.053611699297054], [-51.06293879999998, -24.05487019929703], [-51.06286089999997, -24.055130199297054], [-51.06283250000001, -24.056819299296986], [-51.06198410000001, -24.057992799297], [-51.06172429999998, -24.059366599296936], [-51.06087889999997, -24.060609299296942], [-51.06050449999998, -24.061643099296916], [-51.06060459999997, -24.06187259929691], [-51.060812699999985, -24.062998199296853], [-51.06104800000002, -24.063903699296876], [-51.06206309999999, -24.064237799296848], [-51.06299259999997, -24.06504879929683], [-51.06383349999999, -24.065455899296836], [-51.064753600000024, -24.065671999296814], [-51.06562960000003, -24.06595699929683], [-51.06420759999997, -24.06712209929678], [-51.06346530000002, -24.06779999929675], [-51.062341800000006, -24.068562099296745], [-51.061729000000014, -24.069259399296747], [-51.06073679999997, -24.07041269929672], [-51.060022100000026, -24.07102049929667], [-51.05841800000002, -24.07330359929661], [-51.05834599999997, -24.074443599296607], [-51.058361900000016, -24.075858899296605], [-51.0584748, -24.07678049929654], [-51.058650500000006, -24.077873299296567], [-51.059193300000004, -24.07928729929649], [-51.06025360000001, -24.08049269929646], [-51.05986599999999, -24.08156579929649], [-51.05959350000001, -24.082678599296443], [-51.05952830000001, -24.083676799296395], [-51.058786699999985, -24.084086399296392], [-51.05823220000002, -24.084783599296376], [-51.0574441, -24.08556139929639], [-51.056665399999986, -24.086392099296372], [-51.05539310000001, -24.086822999296327], [-51.053733799999975, -24.08690799929633], [-51.052779699999974, -24.08745929929631], [-51.05245159999998, -24.088297799296328], [-51.051637200000016, -24.08919079929628], [-51.050061000000035, -24.089510299296258], [-51.048904400000026, -24.09015219929624], [-51.04808809999997, -24.09093819929624], [-51.047379999999976, -24.091823599296234], [-51.04646639999999, -24.09229439929624], [-51.04451849999998, -24.093634899296177], [-51.04364220000002, -24.094552399296177], [-51.0425161, -24.09544189929618], [-51.04171439999999, -24.096476799296138], [-51.042738499999984, -24.0977280992961], [-51.04366649999997, -24.099609599296077], [-51.04290980000002, -24.100671199296062], [-51.04225730000001, -24.101751499296004], [-51.04172369999998, -24.102739599296008], [-51.04138769999997, -24.10387139929597], [-51.04121500000002, -24.10476149929594], [-51.04096770000001, -24.106012599295912], [-51.040945599999986, -24.107194699295885], [-51.04099300000001, -24.10841639929589], [-51.0410989, -24.11001239929585], [-51.04120469999998, -24.111463299295828], [-51.04059910000001, -24.11257579929578], [-51.03980899999999, -24.11322889929579], [-51.03867630000002, -24.11407559929573], [-51.036976999999986, -24.113991399295724], [-51.03583270000002, -24.11542769929571], [-51.03570079999997, -24.116501699295707], [-51.03571049999999, -24.11748899929565], [-51.03587629999999, -24.119185099295617], [-51.03650750000003, -24.12040539929559], [-51.03729240000001, -24.121548899295583], [-51.03817980000002, -24.123108699295535], [-51.038501800000006, -24.123885699295545], [-51.038964799999974, -24.125061499295523], [-51.0398783, -24.12543169929546], [-51.04153680000002, -24.1258590992955], [-51.04240800000002, -24.126431999295505], [-51.043642499999976, -24.127357999295473], [-51.0451124, -24.127875599295432], [-51.045947300000016, -24.12818669929545], [-51.04765939999998, -24.129026899295397], [-51.0489495, -24.129529699295386], [-51.05185799999998, -24.130663099295383], [-51.05065300000001, -24.131751299295384], [-51.0501114, -24.13263899929533], [-51.04918950000002, -24.133799499295314], [-51.0475242, -24.135927499295253], [-51.04667239999998, -24.136996099295228], [-51.04552159999998, -24.139317399295173], [-51.0445105, -24.140000599295178], [-51.04290780000002, -24.141524699295132], [-51.0420669, -24.142753999295138], [-51.04220670000001, -24.143882199295103], [-51.0412222, -24.14418999929506], [-51.040115800000024, -24.144663699295094], [-51.0393603, -24.14551879929505], [-51.03843310000002, -24.14592909929505], [-51.03811830000001, -24.146822899295046], [-51.03740979999998, -24.147464299295045], [-51.03622070000001, -24.148347099295012], [-51.03537390000002, -24.148916999294965], [-51.03463679999999, -24.14959029929497], [-51.03393740000001, -24.15015649929494], [-51.03328649999997, -24.150942699294916], [-51.03280669999998, -24.151718199294933], [-51.03215490000002, -24.152306099294886], [-51.0315645, -24.1530926992949], [-51.03168269999997, -24.153589399294866], [-51.0322324, -24.154308999294877], [-51.033223599999985, -24.155511799294835], [-51.03369040000001, -24.156462299294812], [-51.0338471, -24.157608899294807], [-51.03431829999999, -24.15830749929476], [-51.03543810000003, -24.157900999294768], [-51.036861400000014, -24.15759839929478], [-51.03786009999999, -24.15725519929481], [-51.03886219999998, -24.156687599294816], [-51.03957869999999, -24.156107699294836], [-51.040343800000024, -24.155345099294816], [-51.04153159999998, -24.15457779929489], [-51.042963799999995, -24.154027699294844], [-51.04384959999999, -24.154792199294825], [-51.0447001, -24.15522109929485], [-51.045887400000026, -24.155030899294836], [-51.04783589999999, -24.15529859929482], [-51.04888929999999, -24.15622859929484], [-51.0494516, -24.15711619929483], [-51.05040009999999, -24.157908899294785], [-51.051709699999996, -24.15862869929478], [-51.05234760000002, -24.159532799294773], [-51.05215179999999, -24.15963999929478], [-51.051358600000015, -24.160175699294765], [-51.05020109999998, -24.160828199294752], [-51.04931260000001, -24.161495999294708], [-51.0485276, -24.16207749929471], [-51.04737519999998, -24.163093899294655], [-51.04614700000002, -24.163858599294684], [-51.045211300000005, -24.16387349929467], [-51.044392000000016, -24.16443389929465], [-51.04382370000002, -24.16509329929465], [-51.04243589999999, -24.16595169929461], [-51.04161989999999, -24.16664559929457], [-51.04077430000001, -24.16729129929457], [-51.039916300000016, -24.167975599294547], [-51.039637700000014, -24.16894599929455], [-51.039047700000026, -24.16965339929454], [-51.03828720000002, -24.170215499294493], [-51.03688039999997, -24.171526299294474], [-51.035651599999994, -24.173144299294446], [-51.03412159999999, -24.175518699294393], [-51.03307160000002, -24.177006099294402], [-51.0311084, -24.178931999294303], [-51.02942660000002, -24.180999299294285], [-51.028411199999994, -24.182113299294286], [-51.027622099999974, -24.183332999294244], [-51.02668870000002, -24.184905499294207], [-51.02525200000002, -24.186803399294128], [-51.02473980000002, -24.187695799294108], [-51.023794699999996, -24.18859009929411], [-51.02289910000002, -24.18977499929409], [-51.022035300000034, -24.19200989929405], [-51.02173770000002, -24.193097399294018], [-51.02100009999998, -24.194061999293975], [-51.02022820000002, -24.194958899294], [-51.01944800000001, -24.19551749929396], [-51.01879650000001, -24.19631559929395], [-51.0182355, -24.197114899293904], [-51.01784900000001, -24.197930099293934], [-51.016962999999976, -24.1995920992939], [-51.016135899999995, -24.200567599293855], [-51.01551089999998, -24.201176499293815], [-51.015087999999984, -24.201700399293827], [-51.01382210000002, -24.202997499293787], [-51.012791600000014, -24.20444919929377], [-51.011980900000026, -24.20498469929377], [-51.01098409999997, -24.205854099293745], [-51.0099032, -24.206764099293707], [-51.00872149999998, -24.20747769929372], [-51.00754619999998, -24.208052899293683], [-51.006770599999975, -24.208842899293646], [-51.00513710000001, -24.209862399293673], [-51.00367849999997, -24.211019099293612], [-51.002970600000026, -24.212002999293578], [-51.0016215, -24.213285599293584], [-51.00091170000001, -24.21432699929358], [-51.000105899999994, -24.215263599293547], [-50.99990530000002, -24.21618679929352], [-50.999271299999975, -24.217361499293474], [-50.998668699999996, -24.218152999293448], [-50.99793920000002, -24.21902539929347], [-50.99664510000002, -24.220355799293415], [-50.99555909999998, -24.221371399293414], [-50.99477309999997, -24.22199189929336], [-50.993861100000004, -24.222979399293344], [-50.9934174, -24.22375679929334], [-50.99295310000002, -24.22450629929331], [-50.99231049999998, -24.225422599293317], [-50.991600300000016, -24.226044399293283], [-50.99038030000003, -24.226791899293303], [-50.988960599999984, -24.227572199293263], [-50.98809180000001, -24.228344199293222], [-50.98753829999998, -24.230191199293184], [-50.98857400000003, -24.23129949929316], [-50.989437099999975, -24.231932699293182], [-50.9898399, -24.232777099293177], [-50.989931300000016, -24.233922299293134], [-50.990634899999975, -24.234686999293125], [-50.99188570000001, -24.23588189929307], [-50.99053049999998, -24.23626419929307], [-50.98940279999999, -24.235754499293066], [-50.98952830000002, -24.237009599293074], [-50.989086999999984, -24.23701619929308], [-50.98750899999999, -24.237286099293065], [-50.98640790000002, -24.237530499293037], [-50.98568310000002, -24.236909099293054], [-50.985422599999985, -24.236072599293077], [-50.984934399999986, -24.234981699293094], [-50.9840676, -24.234519199293135], [-50.98299909999997, -24.23451909929311], [-50.9819306, -24.234518899293125], [-50.98098440000001, -24.234189999293125], [-50.98013259999999, -24.233443299293118], [-50.978803500000026, -24.23341929929312], [-50.97772550000002, -24.233756299293105], [-50.97625140000002, -24.234208599293115], [-50.9747921, -24.235098499293105], [-50.973456100000014, -24.23608389929306], [-50.97242130000001, -24.236883099293067], [-50.971400200000005, -24.237740699293063], [-50.96972469999998, -24.238723399293043], [-50.96839019999998, -24.239753799293016], [-50.96680190000001, -24.24114789929295], [-50.965993200000014, -24.241730299292925], [-50.96497849999997, -24.242467699292952], [-50.962929900000006, -24.243852099292937], [-50.96220820000002, -24.244527099292934], [-50.9611582, -24.245142299292883], [-50.96043109999999, -24.24563419929285], [-50.95959210000001, -24.24597669929289], [-50.95862779999999, -24.24670829929287], [-50.957211900000004, -24.247436599292858], [-50.95607810000001, -24.24822179929282], [-50.955218699999996, -24.24881509929281], [-50.954343300000005, -24.24930219929278], [-50.95329759999999, -24.250110699292765], [-50.952060200000005, -24.250716499292775], [-50.95064409999998, -24.251405299292728], [-50.9495192, -24.252275799292736], [-50.948779100000024, -24.252740899292714], [-50.94794510000003, -24.253367799292683], [-50.94702160000003, -24.25383019929268], [-50.94594110000003, -24.2544828992927], [-50.94516490000001, -24.255083299292693], [-50.94430569999997, -24.25469239929269], [-50.94343049999998, -24.253722799292685], [-50.94337899999999, -24.25224119929274], [-50.94267580000002, -24.25109389929275], [-50.940960099999984, -24.25040279929279], [-50.94023349999998, -24.251872999292722], [-50.93930460000002, -24.252115099292755], [-50.93811679999999, -24.252457299292725], [-50.93701670000001, -24.252848599292705], [-50.93576610000002, -24.253695699292663], [-50.93572469999998, -24.255104999292683], [-50.935696500000006, -24.256416299292646], [-50.9356267, -24.25768169929259], [-50.934169399999966, -24.25811429929258], [-50.933031099999994, -24.25910799929261], [-50.932095600000025, -24.26071109929252], [-50.93168719999999, -24.261508699292506], [-50.9311844, -24.26219369929252], [-50.92974720000001, -24.26301159929252], [-50.92878500000001, -24.26349919929249], [-50.9278759, -24.264273999292463], [-50.926977799999975, -24.26489049929243], [-50.92580650000002, -24.265327999292452], [-50.92463539999999, -24.265704599292423], [-50.923296300000004, -24.26689979929239], [-50.92268250000001, -24.2677265992924], [-50.922004800000025, -24.268639399292347], [-50.920589699999994, -24.26885089929238], [-50.91879669999997, -24.268565599292355], [-50.916782800000014, -24.26809059929238], [-50.9162409, -24.267993499292366], [-50.91512899999998, -24.268230499292393], [-50.91394279999998, -24.268671199292402], [-50.91273150000001, -24.26926489929235], [-50.91212630000001, -24.270580299292334], [-50.91260999999997, -24.271368199292304], [-50.912921900000015, -24.272802199292276], [-50.912712399999975, -24.273790399292253], [-50.91192640000002, -24.274479799292234], [-50.91149200000001, -24.27521869929221], [-50.90873479999999, -24.279316399292167], [-50.90802309999998, -24.280029199292123], [-50.90653739999999, -24.281263699292108], [-50.905555299999996, -24.28201999929206], [-50.90428029999998, -24.283054699292038], [-50.902272700000026, -24.284507699292032], [-50.90141729999999, -24.284938599291984], [-50.9005029, -24.285469999291966], [-50.899567199999986, -24.286017199291987], [-50.89886919999998, -24.28645429929198], [-50.898063200000024, -24.287049699291977], [-50.89742749999999, -24.287801399291922], [-50.896963200000016, -24.28853639929193], [-50.894935799999985, -24.2895389992919], [-50.893940799999996, -24.289902699291932], [-50.892514500000004, -24.29067689929188], [-50.89154980000001, -24.29107019929186], [-50.89056759999999, -24.292017299291853], [-50.88957590000001, -24.293077499291815], [-50.88822129999999, -24.294239599291835], [-50.88651069999998, -24.2955374992918], [-50.88497469999999, -24.296597199291767], [-50.883508800000016, -24.297388499291753], [-50.88218210000002, -24.298371699291735], [-50.881288299999994, -24.29918899929172], [-50.8790085, -24.300726199291667], [-50.8779993, -24.30129629929165], [-50.8770136, -24.301912399291634], [-50.87584939999999, -24.302447199291645], [-50.874709600000024, -24.302994899291605], [-50.8738467, -24.303553299291593], [-50.87420580000003, -24.30374569929159], [-50.874744299999975, -24.304593899291568], [-50.87482990000001, -24.305418999291547], [-50.87558569999999, -24.305940599291542], [-50.87678440000002, -24.306687099291512], [-50.877325600000006, -24.307957299291516], [-50.8782789, -24.3095065992915], [-50.87899609999999, -24.311095699291457], [-50.87935049999998, -24.312221899291416], [-50.87952890000002, -24.31367579929139], [-50.87870650000002, -24.314478999291374], [-50.877771199999984, -24.316303199291323], [-50.87928030000001, -24.31751929929132], [-50.88051789999997, -24.3185532992913], [-50.881866100000025, -24.319698799291288], [-50.88242969999999, -24.32063479929123], [-50.88219520000001, -24.32172719929121], [-50.88180770000003, -24.322792799291193], [-50.88042489999999, -24.32341269929118], [-50.879785500000025, -24.324125299291154], [-50.87931850000001, -24.324988299291114], [-50.879436, -24.326280899291092], [-50.879711499999985, -24.32712149929107], [-50.88054499999998, -24.328809299291045], [-50.88079320000003, -24.329744499291053], [-50.88102789999999, -24.331717499291027], [-50.88116839999998, -24.332975799290956], [-50.88193319999999, -24.333420199290945], [-50.8837059, -24.332226099290995], [-50.88531289999997, -24.331714099291], [-50.886890799999996, -24.331318999291014], [-50.888228000000026, -24.331589099290976], [-50.88997440000002, -24.332412899290993], [-50.89226209999999, -24.33260949929097], [-50.89329809999999, -24.33335229929096], [-50.89388050000002, -24.33424319929094], [-50.894365300000004, -24.335668299290923], [-50.8953358, -24.337331199290862], [-50.89571719999998, -24.338428399290844], [-50.8948398, -24.339235299290817], [-50.8940447, -24.33996459929078], [-50.893104900000026, -24.34096759929078], [-50.89251890000003, -24.341607899290768], [-50.89118539999998, -24.34343629929074], [-50.89000290000001, -24.34519359929072], [-50.88915830000002, -24.346415899290687], [-50.88801749999999, -24.34765479929064], [-50.88793509999999, -24.34774419929067], [-50.88883099999998, -24.34767459929065], [-50.88989170000003, -24.348167799290632], [-50.89076619999997, -24.348708499290606], [-50.891630599999985, -24.348990599290595], [-50.89264029999999, -24.349421499290614], [-50.89349970000001, -24.349851799290608], [-50.89430149999998, -24.350231799290615], [-50.8936956, -24.351092599290585], [-50.8931819, -24.35185569929055], [-50.89309639999999, -24.35288019929055], [-50.89241329999998, -24.353529499290502], [-50.891454399999986, -24.35421479929053], [-50.89051310000002, -24.354916499290496], [-50.89058749999998, -24.355920399290472], [-50.89157879999999, -24.35654729929045], [-50.89251760000002, -24.356954199290467], [-50.893471499999976, -24.35775419929041], [-50.8938986, -24.358747399290433], [-50.89488899999997, -24.35979959929036], [-50.8955138, -24.36140109929038], [-50.89657760000001, -24.363897599290272], [-50.896782499999965, -24.36535329929025], [-50.89702820000002, -24.367726999290223], [-50.89735109999998, -24.36912219929017], [-50.89742639999997, -24.37007499929015], [-50.89917289999999, -24.3720291992901], [-50.90036300000003, -24.372718299290078], [-50.90260139999999, -24.37316019929007], [-50.9033053, -24.37247049929013], [-50.90431749999999, -24.37176229929012], [-50.90514269999999, -24.37139799929014], [-50.90553169999998, -24.371729499290137], [-50.906062399999996, -24.37251629929008], [-50.905757600000015, -24.37329069929007], [-50.90557419999999, -24.37413249929005], [-50.905454099999986, -24.375370799290035], [-50.90615589999999, -24.376405799290005], [-50.907175600000016, -24.37722229929004], [-50.90663840000002, -24.378214299290008], [-50.90667130000003, -24.379145199289958], [-50.90699480000001, -24.37994339928995], [-50.90795539999999, -24.380823799289903], [-50.909176100000025, -24.38086039928995], [-50.909868300000035, -24.38185619928992], [-50.91034869999999, -24.382827799289867], [-50.9107583, -24.383838099289857], [-50.91151439999998, -24.38486729928984], [-50.91229759999999, -24.385896999289816], [-50.9129557, -24.386874899289804], [-50.913833599999975, -24.388876099289764], [-50.91354419999999, -24.38972349928974], [-50.91313539999999, -24.39063459928972], [-50.91231859999999, -24.391746399289687], [-50.91182220000001, -24.39285959928968], [-50.91056209999999, -24.39365299928962], [-50.90963979999998, -24.394568399289653], [-50.90887240000001, -24.39555829928961], [-50.908187699999985, -24.396542999289593], [-50.90743020000002, -24.397122199289583], [-50.90596290000003, -24.397952799289545], [-50.9049182, -24.398730399289526], [-50.905591800000025, -24.39934809928952], [-50.9057987, -24.400963299289494], [-50.906514200000004, -24.402095899289478], [-50.90718850000002, -24.402668099289475], [-50.90769480000001, -24.403403799289414], [-50.90767979999998, -24.40423489928943], [-50.90804889999998, -24.405173799289404], [-50.909125700000004, -24.4052364992894], [-50.91011750000001, -24.40499809928941], [-50.9113964, -24.404807699289403], [-50.91173809999998, -24.404038399289423], [-50.91276879999998, -24.40353399928942], [-50.91370169999998, -24.40396689928944], [-50.91472709999999, -24.40445209928943], [-50.91476669999997, -24.40559889928936], [-50.91500450000001, -24.406672999289366], [-50.915036799999996, -24.40749799928932], [-50.91512510000001, -24.407622299289358], [-50.915028600000035, -24.408670599289316], [-50.9144144, -24.40978369928929], [-50.9138294, -24.410618099289312], [-50.912421499999994, -24.41118389928929], [-50.911132000000016, -24.411439599289256], [-50.91099850000001, -24.41243479928928], [-50.909904600000004, -24.413707099289223], [-50.909386299999994, -24.414731199289204], [-50.908939499999974, -24.41587719928918], [-50.9077102, -24.416536699289146], [-50.90655720000001, -24.417377499289124], [-50.90454519999998, -24.41902759928909], [-50.903740500000026, -24.419685499289102], [-50.901665999999985, -24.421392099289044], [-50.90069590000002, -24.422434899289016], [-50.89975320000002, -24.423672499289008], [-50.89909310000001, -24.42429849928901], [-50.89820889999998, -24.424006899288987], [-50.89704929999999, -24.423658999288982], [-50.89564469999999, -24.42329399928901], [-50.894009100000005, -24.422826599289028], [-50.89205750000002, -24.422390699289025], [-50.89008209999997, -24.422012999289034], [-50.88885740000001, -24.421995699289052], [-50.88789680000002, -24.422587899289013], [-50.8880552, -24.423556299288975], [-50.88829870000001, -24.425720799288975], [-50.887947199999985, -24.426720699288918], [-50.887392499999976, -24.427480699288903], [-50.88672700000001, -24.42881209928891], [-50.88689180000001, -24.429814899288857], [-50.88722230000002, -24.430712899288846], [-50.887370499999975, -24.431560299288833], [-50.88788590000001, -24.432583799288782], [-50.888798099999974, -24.434042199288797], [-50.88984119999998, -24.435189999288728], [-50.8889006, -24.43619299928873], [-50.88814289999999, -24.43712439928872], [-50.88736720000003, -24.437690999288662], [-50.886262999999985, -24.437720399288683], [-50.885341900000014, -24.437625599288694], [-50.8843918, -24.437636399288678], [-50.8828168, -24.43845859928867], [-50.88278830000001, -24.43956909928869], [-50.88259599999998, -24.44098769928862], [-50.88218549999999, -24.44330409928855], [-50.88216540000002, -24.444881799288556], [-50.8823453, -24.44701269928851], [-50.882315500000004, -24.447939699288483], [-50.882646799999975, -24.449193099288447], [-50.88427059999997, -24.451649999288367], [-50.885080699999996, -24.452443399288374], [-50.886129700000026, -24.45380399928834], [-50.88714959999998, -24.45564639928829], [-50.88795640000001, -24.45690339928827], [-50.88918330000001, -24.458278999288254], [-50.89060439999997, -24.45929999928821], [-50.891914299999996, -24.45973869928822], [-50.89104420000002, -24.460603499288187], [-50.89012409999998, -24.461538199288196], [-50.889500199999986, -24.462389299288144], [-50.8890048, -24.46315839928813], [-50.88840640000001, -24.463936499288117], [-50.888273200000015, -24.46443189928814], [-50.888797300000014, -24.464773099288113], [-50.890154499999994, -24.465228099288087], [-50.89117750000003, -24.4656733992881], [-50.89209729999999, -24.465849299288088], [-50.89276419999999, -24.466544299288085], [-50.89427339999997, -24.467535699288028], [-50.8943812, -24.469216699288015], [-50.894219899999996, -24.47074579928796], [-50.89426959999997, -24.471622799287946], [-50.894795400000014, -24.472806599287942], [-50.89544749999999, -24.473619599287936], [-50.895498799999984, -24.4746709992879], [-50.894594900000016, -24.475257499287885], [-50.89535840000002, -24.47625659928786], [-50.8960492, -24.47703929928784], [-50.89706569999999, -24.477687099287856], [-50.89851360000001, -24.47846839928781], [-50.89857439999997, -24.479290199287774], [-50.898674099999994, -24.480859099287727], [-50.89899159999999, -24.481774099287733], [-50.899583699999994, -24.482731799287734], [-50.898695299999986, -24.483675899287682], [-50.89869479999999, -24.48367659928773], [-50.89768650000002, -24.483871599287685], [-50.89647059999999, -24.48426189928767], [-50.89541209999999, -24.48477919928766], [-50.896090000000015, -24.485998299287665], [-50.89530589999999, -24.486953699287646], [-50.89433020000001, -24.48768279928763], [-50.89258100000001, -24.488629399287575], [-50.89157110000002, -24.48923039928757], [-50.89099370000002, -24.48991409928759], [-50.890405699999974, -24.490865499287533], [-50.8899634, -24.491697699287503], [-50.88887649999998, -24.49342499928749], [-50.88806620000002, -24.494308499287456], [-50.88751719999999, -24.495048899287422], [-50.886863800000015, -24.49566969928745], [-50.88584500000002, -24.49633509928744], [-50.88516770000001, -24.497823899287408], [-50.88541329999998, -24.49883039928735], [-50.88569669999999, -24.50004519928734], [-50.88556299999999, -24.501034099287352], [-50.88480679999998, -24.501636999287328], [-50.883850499999994, -24.50216829928729], [-50.88284310000001, -24.50276909928732], [-50.881798, -24.50336229928727], [-50.88103139999998, -24.505056299287222], [-50.8811412, -24.505210299287217], [-50.88176149999999, -24.506363799287186], [-50.88193050000001, -24.50742189928719], [-50.8822821, -24.50818789928717], [-50.882986399999986, -24.509096499287143], [-50.882971, -24.51049409928713], [-50.88224059999999, -24.511213099287133], [-50.881590599999974, -24.5118528992871], [-50.879451200000005, -24.51371919928708], [-50.87817050000001, -24.51477839928704], [-50.87711350000001, -24.515637399287016], [-50.87566959999998, -24.51702299928698], [-50.874709499999994, -24.51813539928697], [-50.87367840000002, -24.51967859928694], [-50.87288169999999, -24.52057739928689], [-50.871984199999986, -24.52111899928689], [-50.87093379999999, -24.521536699286894], [-50.870462599999996, -24.5225398992869], [-50.87074899999999, -24.523424299286837], [-50.87140110000002, -24.52430899928684], [-50.87142619999997, -24.52538439928681], [-50.87202239999999, -24.526558899286773], [-50.87275660000001, -24.527082199286767], [-50.87360130000002, -24.52841039928672], [-50.873654699999975, -24.530592799286705], [-50.87366609999998, -24.531698599286692], [-50.87405510000002, -24.532573499286656], [-50.874266200000015, -24.532460099286627], [-50.876173600000016, -24.531959799286632], [-50.877453100000025, -24.532414899286632], [-50.87802690000001, -24.533395099286626], [-50.878182700000025, -24.534351099286596], [-50.87797280000001, -24.535306799286595], [-50.87767550000001, -24.536326099286562], [-50.8776274, -24.537385199286565], [-50.8782779, -24.5386050992865], [-50.878612400000016, -24.540169199286453], [-50.8776527, -24.542164699286438], [-50.87718109999997, -24.5435502992864], [-50.87851310000002, -24.543838199286384], [-50.8800804, -24.544006699286413], [-50.88122980000003, -24.544150999286398], [-50.88234360000001, -24.544760799286394], [-50.8836359, -24.546244399286337], [-50.88428470000002, -24.547167299286336], [-50.885018, -24.548286599286293], [-50.88541600000003, -24.54951289928631], [-50.885956599999986, -24.550377999286283], [-50.8872025, -24.550546399286237], [-50.887911900000006, -24.550464699286284], [-50.88676190000001, -24.55101339928625], [-50.8854551, -24.551585999286214], [-50.88391280000002, -24.55251669928623], [-50.883102399999984, -24.553065699286194], [-50.8823544, -24.55364909928617], [-50.881959300000005, -24.554855099286165], [-50.881252599999975, -24.556306199286134], [-50.88085160000003, -24.55731749928613], [-50.87991, -24.558244299286102], [-50.87919900000003, -24.559051899286068], [-50.87781130000002, -24.56043859928604], [-50.87565740000002, -24.562806499286012], [-50.87352770000001, -24.564966399285947], [-50.87339739999999, -24.565268799285956], [-50.87334399999998, -24.566415799285938], [-50.87493690000002, -24.567372999285876], [-50.87592890000002, -24.568305699285876], [-50.87584959999998, -24.56918979928586], [-50.876162299999976, -24.57007419928586], [-50.87682749999999, -24.571159199285827], [-50.877309000000025, -24.57253329928576], [-50.878246199999985, -24.573652499285746], [-50.87910540000002, -24.574223799285775], [-50.87937210000001, -24.57437809928575], [-50.880129399999994, -24.574904499285733], [-50.881409399999995, -24.57533559928575], [-50.882428100000034, -24.575742599285732], [-50.88342970000002, -24.576009399285677], [-50.885210799999975, -24.576654899285696], [-50.88757429999998, -24.5775865992857], [-50.88827909999998, -24.578375699285644], [-50.8886046, -24.57917999928566], [-50.888512600000006, -24.580215799285643], [-50.88814289999999, -24.581039699285615], [-50.88790990000001, -24.58215099928558], [-50.88843129999998, -24.58351339928557], [-50.88903149999999, -24.584517499285532], [-50.88942279999998, -24.58530639928549], [-50.890055200000006, -24.586354199285502], [-50.8914059, -24.588701099285416], [-50.891953899999976, -24.589681199285398], [-50.8926649, -24.590351799285408], [-50.893703500000015, -24.591331299285358], [-50.89537530000001, -24.592288299285364], [-50.89584480000002, -24.59329219928535], [-50.89532129999998, -24.594271599285335], [-50.894537000000014, -24.594677299285316], [-50.89320350000003, -24.595393199285287], [-50.89281010000002, -24.59704179928525], [-50.89312089999999, -24.598027099285257], [-50.8937487, -24.598753999285204], [-50.894580700000006, -24.599596599285185], [-50.895422100000026, -24.60029629928521], [-50.896357799999976, -24.60092959928515], [-50.897615599999995, -24.60110749928518], [-50.89863509999997, -24.600869199285157], [-50.900177299999996, -24.600655199285185], [-50.901902500000006, -24.600321699285182], [-50.90367980000002, -24.600275099285163], [-50.90571799999998, -24.60080209928519], [-50.90635550000002, -24.601806599285133], [-50.90617229999998, -24.602751899285114], [-50.9056243, -24.603530199285156], [-50.90483280000001, -24.604530699285103], [-50.9039196, -24.6055867992851], [-50.90273819999999, -24.607571099285], [-50.90268340000001, -24.610119199284963], [-50.90240469999998, -24.61210049928493], [-50.90221020000001, -24.61348269928493], [-50.90220909999999, -24.614984299284878], [-50.902268900000024, -24.616318999284825], [-50.9035968, -24.61835479928482], [-50.90413590000002, -24.619200999284754], [-50.904396599999984, -24.62006149928479], [-50.90452620000002, -24.621471399284754], [-50.904812499999984, -24.623186099284695], [-50.90507280000003, -24.624625999284643], [-50.905646900000015, -24.62589289928463], [-50.90675399999997, -24.62628019928462], [-50.90776390000002, -24.62669419928459], [-50.908860300000015, -24.62745359928463], [-50.90925609999999, -24.62828009928457], [-50.909741800000006, -24.62967069928458], [-50.90973980000001, -24.632451399284477], [-50.90887429999998, -24.634068799284485], [-50.908521199999996, -24.634841999284433], [-50.9079117, -24.636398799284407], [-50.9083043, -24.638272599284363], [-50.90921830000002, -24.63968299928433], [-50.90955760000003, -24.64044789928435], [-50.9100272, -24.641857999284305], [-50.91043819999999, -24.643187699284265], [-50.910765500000025, -24.64457549928422], [-50.91082540000002, -24.64585469928418], [-50.91106769999999, -24.64746759928421], [-50.911370999999974, -24.648746799284176], [-50.91167439999998, -24.65002609928411], [-50.91173409999999, -24.651638899284116], [-50.91215549999998, -24.65243219928409], [-50.9132763, -24.65320679928408], [-50.91562679999998, -24.654254899284048], [-50.917967900000015, -24.65550299928401], [-50.919220800000005, -24.656320299283983], [-50.91955999999999, -24.657443599283987], [-50.91861770000002, -24.658900699283947], [-50.91785900000002, -24.65954549928389], [-50.91742499999998, -24.660602999283874], [-50.917325800000015, -24.661541099283898], [-50.91744679999999, -24.66265339928386], [-50.9182371, -24.66387729928385], [-50.919027700000015, -24.664656399283828], [-50.92006170000002, -24.665657899283772], [-50.9201827, -24.66671459928375], [-50.91975619999999, -24.667437399283738], [-50.91874259999997, -24.668052899283754], [-50.91675520000001, -24.668377199283732], [-50.9166002, -24.66922719928372], [-50.91688440000001, -24.670298099283713], [-50.91719769999998, -24.67108679928367], [-50.91703999999999, -24.672257599283657], [-50.91695290000001, -24.673275099283636], [-50.91701310000002, -24.674276199283604], [-50.917560400000006, -24.6749438992836], [-50.918716300000035, -24.675723099283587], [-50.9195067, -24.67700259928352], [-50.91895790000001, -24.67861499928348], [-50.91771519999997, -24.679522299283462], [-50.91662789999998, -24.6803195992835], [-50.916118900000015, -24.681026899283463], [-50.9161967, -24.682030499283428], [-50.91692790000002, -24.68353639928338], [-50.91700580000003, -24.684420499283366], [-50.917162099999985, -24.685448199283357], [-50.91749149999998, -24.687178499283345], [-50.91724640000001, -24.689625299283268], [-50.916697399999975, -24.691460199283238], [-50.91583450000002, -24.692162699283205], [-50.91490779999998, -24.69285459928318], [-50.91422690000002, -24.69414459928319], [-50.914226299999996, -24.695028699283178], [-50.914304000000016, -24.69622349928311], [-50.9143196, -24.697131399283098], [-50.91456219999998, -24.69835499928308], [-50.91553499999998, -24.70019069928305], [-50.916751999999974, -24.70091439928302], [-50.91776149999999, -24.701162399283007], [-50.91934539999999, -24.70129219928303], [-50.92008120000003, -24.701196999283002], [-50.92213650000002, -24.70091879928304], [-50.9235865, -24.700840399283035], [-50.92502519999999, -24.700578299283052], [-50.92601889999997, -24.70103279928303], [-50.92678260000002, -24.702716399282977], [-50.9270285, -24.70367539928298], [-50.927062999999976, -24.70488049928294], [-50.927794500000005, -24.70641019928291], [-50.92837780000002, -24.70727699928286], [-50.928473199999985, -24.708871799282864], [-50.92788650000001, -24.71048539928281], [-50.92679020000003, -24.71120779928282], [-50.925389800000005, -24.711596399282815], [-50.92404989999999, -24.712429899282792], [-50.92313599999999, -24.713652899282753], [-50.92184029999998, -24.714873299282758], [-50.919054800000026, -24.71693189928271], [-50.917595000000006, -24.71810839928267], [-50.91704340000002, -24.720434399282595], [-50.916190400000005, -24.721434899282606], [-50.91417919999998, -24.723682299282547], [-50.91259530000002, -24.725492599282504], [-50.91095050000001, -24.72677069928245], [-50.90979249999999, -24.72838269928244], [-50.90973650000001, -24.728806299282407], [-50.9096088, -24.729772899282406], [-50.90966830000002, -24.731774999282386], [-50.909848599999975, -24.733239399282343], [-50.91006570000001, -24.734071799282294], [-50.910117300000024, -24.735051599282322], [-50.90995930000002, -24.7364134992823], [-50.90948159999999, -24.737226299282234], [-50.909480900000005, -24.738218699282232], [-50.9094862, -24.739447999282188], [-50.909956299999976, -24.740666899282186], [-50.9089616, -24.74114419928218], [-50.9076632, -24.74150299928218], [-50.9067627, -24.74255269928212], [-50.906572600000004, -24.7433601992821], [-50.9064487, -24.74430109928207], [-50.90688039999998, -24.74598209928206], [-50.90695340000002, -24.74719709928204], [-50.906877699999995, -24.74964009928202], [-50.90646859999998, -24.750963799281976], [-50.90513329999999, -24.751942699281905], [-50.90398140000003, -24.752682699281902], [-50.90259370000001, -24.753637599281898], [-50.90129600000001, -24.755330599281844], [-50.901663299999996, -24.756329199281833], [-50.90139679999998, -24.7573934992818], [-50.900361499999974, -24.757452199281815], [-50.89928579999997, -24.75736179928183], [-50.897761, -24.757324499281804], [-50.89664879999998, -24.757503699281795], [-50.89494239999999, -24.75745839928184], [-50.89381700000001, -24.757404099281796], [-50.8915422, -24.757354799281796], [-50.89045929999998, -24.75845779928177], [-50.89145109999998, -24.759574699281753], [-50.891898200000014, -24.76103329928175], [-50.891905699999995, -24.762406899281686], [-50.891774199999986, -24.76392129928168], [-50.891165, -24.76634969928161], [-50.8909716, -24.76743819928162], [-50.89055619999999, -24.768351999281585], [-50.889851599999986, -24.76889499928155], [-50.888894100000016, -24.76925579928156], [-50.888266499999986, -24.7686339992816], [-50.88706339999999, -24.767820699281607], [-50.88547849999998, -24.767841899281606], [-50.8835947, -24.76801089928157], [-50.881820000000005, -24.768137299281584], [-50.880045300000006, -24.768306399281553], [-50.877962700000005, -24.76872579928161], [-50.877106500000025, -24.76906279928155], [-50.87613490000001, -24.769230899281588], [-50.874845999999984, -24.76921339928158], [-50.87283059999999, -24.770066699281525], [-50.87081510000002, -24.770919899281555], [-50.86968510000003, -24.771346299281532], [-50.86755169999998, -24.77217919928149], [-50.866643599999975, -24.77254069928147], [-50.86504980000001, -24.773308799281473], [-50.864158499999974, -24.774333999281478], [-50.8639809, -24.77474409928147], [-50.863547900000015, -24.77574409928143], [-50.863322600000004, -24.77675949928142], [-50.863106099999975, -24.77778899928137], [-50.863463000000024, -24.778900699281376], [-50.86452700000001, -24.779201499281363], [-50.865459999999985, -24.779344299281345], [-50.86671560000001, -24.780086199281364], [-50.86744759999999, -24.78087539928133], [-50.86812939999999, -24.782190099281273], [-50.86831910000001, -24.78314719928124], [-50.86831619999999, -24.78490379928122], [-50.868016899999986, -24.78597499928122], [-50.86770310000003, -24.7870979992812], [-50.867140199999994, -24.78876799928115], [-50.866809999999994, -24.789747699281154], [-50.86633219999999, -24.791607399281073], [-50.86602979999997, -24.79281909928104], [-50.865680499999996, -24.794277999281057], [-50.86536849999998, -24.795118499281024], [-50.86495830000001, -24.796504699280998], [-50.86468150000001, -24.79728909928097], [-50.86410349999999, -24.799247999280908], [-50.8638406, -24.80029909928092], [-50.863708700000025, -24.80125479928087], [-50.86352440000002, -24.802186599280894], [-50.86305170000003, -24.803548199280858], [-50.8625394, -24.804876699280836], [-50.86200150000003, -24.806271299280777], [-50.86158169999999, -24.807154999280776], [-50.8612402, -24.80822999928071], [-50.86225990000002, -24.80937789928073], [-50.86402620000001, -24.810528299280676], [-50.86570599999999, -24.81074469928066], [-50.86729580000002, -24.81053279928067], [-50.86823879999997, -24.810407199280682], [-50.869206899999995, -24.81057789928069], [-50.86965199999998, -24.812101899280673], [-50.86965090000001, -24.813066199280605], [-50.86970250000002, -24.814419899280622], [-50.870496600000024, -24.815290799280604], [-50.871874100000014, -24.81587209928055], [-50.874417300000005, -24.81674449928058], [-50.876483199999996, -24.818003099280528], [-50.877443200000016, -24.81921409928051], [-50.87758350000002, -24.820038699280477], [-50.87638559999999, -24.820740599280494], [-50.876018199999976, -24.82155269928043], [-50.87612200000001, -24.82248469928046], [-50.876356600000015, -24.82360799928037], [-50.87588410000001, -24.82475459928038], [-50.874836000000016, -24.825518299280358], [-50.874209500000006, -24.826358199280364], [-50.874128799999994, -24.827307999280347], [-50.874456599999974, -24.829263899280285], [-50.87511410000002, -24.830646499280256], [-50.87535109999999, -24.83161609928026], [-50.875238000000024, -24.832604299280227], [-50.87519099999998, -24.832722599280224], [-50.87469449999998, -24.833973799280205], [-50.87396960000001, -24.834463399280175], [-50.8730812, -24.83482499928019], [-50.871538799999996, -24.83493019928013], [-50.870090000000005, -24.834864999280157], [-50.868594599999994, -24.834629299280195], [-50.866632200000026, -24.83407339928021], [-50.865715200000004, -24.833993299280166], [-50.86489999999997, -24.83420799928017], [-50.86461430000003, -24.835043699280195], [-50.864718100000005, -24.835927899280154], [-50.86482160000003, -24.83712269928013], [-50.86466359999997, -24.837934999280115], [-50.86395570000002, -24.838722899280086], [-50.8632384, -24.83941299928005], [-50.86272339999999, -24.840107699280033], [-50.861648600000024, -24.841158099279998], [-50.86067939999998, -24.841515699280027], [-50.85936980000003, -24.841777299280007], [-50.85819850000002, -24.84171029928001], [-50.85798779999998, -24.843360399279984], [-50.85775210000003, -24.844489699279954], [-50.857349399999976, -24.845374599279957], [-50.85667760000001, -24.84658289927991], [-50.856184199999966, -24.84756439927991], [-50.855573400000026, -24.848361699279874], [-50.85464480000002, -24.848868599279868], [-50.85307610000001, -24.849322099279863], [-50.85265190000001, -24.84936319927989], [-50.851059599999985, -24.849391799279843], [-50.849933299999975, -24.849557899279823], [-50.84914709999998, -24.84998729927985], [-50.848678000000014, -24.850975399279804], [-50.8486949, -24.852008299279827], [-50.84752159999999, -24.852141899279793], [-50.84730990000003, -24.85333069927979], [-50.847831999999975, -24.854669399279725], [-50.84874780000001, -24.855363299279755], [-50.84971569999999, -24.856224499279712], [-50.8491899, -24.857896599279677], [-50.848822199999965, -24.85873259927966], [-50.848260700000026, -24.859533699279634], [-50.847548700000004, -24.860871499279593], [-50.84669480000002, -24.86210109927961], [-50.84588919999999, -24.86257529927958], [-50.84498860000002, -24.863200399279542], [-50.84437170000001, -24.864235999279547], [-50.844425699999995, -24.86519739927952], [-50.84451769999998, -24.866210999279524], [-50.84446220000001, -24.867047299279506], [-50.84421809999997, -24.86806809927947], [-50.84400199999999, -24.869005199279435], [-50.84342650000002, -24.87008209927941], [-50.842861400000004, -24.871199699279362], [-50.842179499999986, -24.871867999279388], [-50.841471599999984, -24.87246469927938], [-50.84063659999998, -24.873083299279372], [-50.83991520000001, -24.87359709927931], [-50.83937709999998, -24.87385299927933], [-50.839865599999996, -24.87478119927929], [-50.84001690000002, -24.87570779927929], [-50.83992389999998, -24.876865799279283], [-50.83962650000001, -24.87837049927926], [-50.8394725, -24.879537699279233], [-50.839135000000006, -24.88086559927918], [-50.838550500000004, -24.881774199279157], [-50.838485100000014, -24.882687299279144], [-50.83844449999998, -24.884302899279138], [-50.838455899999985, -24.88531489927913], [-50.8385958, -24.886403899279074], [-50.83886130000002, -24.88721489927907], [-50.8389105, -24.88805409927902], [-50.838503, -24.88988599927898], [-50.83813420000001, -24.89101769927899], [-50.8378265, -24.892283099278927], [-50.83740210000003, -24.89333429927892], [-50.83672100000001, -24.89463069927889], [-50.83664570000002, -24.896000799278905], [-50.8367758, -24.89715469927884], [-50.836541599999975, -24.8983557992788], [-50.83597159999999, -24.89994589927875], [-50.83617249999998, -24.90117369927876], [-50.83615409999998, -24.902634299278713], [-50.835425900000025, -24.903435299278726], [-50.83473070000002, -24.90404669927868], [-50.83388789999998, -24.904367399278705], [-50.83277229999999, -24.904334999278703], [-50.83163419999999, -24.904157399278667], [-50.83070090000001, -24.90399029927867], [-50.829762699999996, -24.904386299278684], [-50.82865829999997, -24.904778699278694], [-50.827721800000006, -24.90526609927868], [-50.82679080000002, -24.905828699278626], [-50.82574269999998, -24.90602429927866], [-50.82466299999999, -24.905935599278678], [-50.82283180000002, -24.905671199278636], [-50.8224217, -24.906458999278634], [-50.82224830000001, -24.90753669927861], [-50.822409100000016, -24.908638699278583], [-50.823262899999975, -24.910014999278555], [-50.82372459999999, -24.91097089927855], [-50.8245192, -24.911731799278517], [-50.82537880000001, -24.91250429927855], [-50.82571760000001, -24.91338329927851], [-50.825641700000006, -24.914347099278462], [-50.82545029999999, -24.915849499278416], [-50.82513890000001, -24.91661979927841], [-50.825020600000016, -24.918216899278406], [-50.82523070000002, -24.919072799278357], [-50.825406999999984, -24.919924999278344], [-50.82485539999999, -24.92061919927832], [-50.82476680000002, -24.921749999278294], [-50.82441899999998, -24.922803499278285], [-50.82403590000001, -24.923589499278272], [-50.823844699999995, -24.92465919927826], [-50.822879, -24.92500649927824], [-50.822258999999974, -24.92718019927822], [-50.821611099999984, -24.930403699278127], [-50.82091919999999, -24.93218249927811], [-50.82006769999998, -24.93318639927809], [-50.8190558, -24.933792399278083], [-50.8191453, -24.935686999277998], [-50.81938550000001, -24.936567499278034], [-50.81969379999998, -24.93769759927796], [-50.82042630000001, -24.93962469927797], [-50.82081390000001, -24.941519499277923], [-50.82065119999999, -24.942817299277863], [-50.82009790000001, -24.94407289927783], [-50.81919240000002, -24.94562369927781], [-50.81928240000002, -24.94703969927779], [-50.819647700000026, -24.948187099277746], [-50.82019700000001, -24.948904599277732], [-50.8211397, -24.949503099277738], [-50.82208229999998, -24.950125499277732], [-50.82276250000001, -24.950986499277697], [-50.82276159999998, -24.952317299277677], [-50.82204619999998, -24.953190099277627], [-50.8210962, -24.954225999277636], [-50.82051339999998, -24.954861399277654], [-50.8193617, -24.95607949927758], [-50.819434899999976, -24.958471999277517], [-50.82034759999999, -24.961107999277512], [-50.82120020000002, -24.963038799277435], [-50.82148410000002, -24.964400799277435], [-50.821360399999996, -24.96543979927741], [-50.82101269999999, -24.966404299277396], [-50.82097060000001, -24.967350599277328], [-50.82129500000001, -24.96844569927735], [-50.821747200000004, -24.96951229927732], [-50.82314439999999, -24.972223899277264], [-50.82395760000003, -24.97333819927723], [-50.825222999999994, -24.9750661992772], [-50.825918300000005, -24.97590119927718], [-50.8268625, -24.976267399277155], [-50.82817909999999, -24.976451399277135], [-50.8299303, -24.976349999277197], [-50.83136189999999, -24.97612999927718], [-50.83233519999999, -24.976157099277184], [-50.83386589999998, -24.976719499277152], [-50.834166100000004, -24.97762129927715], [-50.83421299999998, -24.977762299277128], [-50.83469500000001, -24.979210099277083], [-50.83490920000003, -24.981302799277046], [-50.834726100000005, -24.983005899277046], [-50.834001300000004, -24.983977199277028], [-50.832589199999966, -24.984898299276985], [-50.8317136, -24.98542479927694], [-50.82941770000002, -24.986314799276954], [-50.82795199999999, -24.98674149927694], [-50.826142600000026, -24.987101799276942], [-50.82507220000002, -24.98934519927689], [-50.823794899999996, -24.992084999276802], [-50.82272210000002, -24.993507099276783], [-50.821930099999975, -24.99437909927679], [-50.82080910000002, -24.99561349927675], [-50.82021290000001, -24.997416499276703], [-50.81982310000001, -25.000388399276673], [-50.82041570000001, -25.000442999276675], [-50.821527899999985, -25.000851199276646], [-50.82197359999998, -25.00170699927664], [-50.82179880000001, -25.00263209927663], [-50.82192140000001, -25.003792199276603], [-50.820888000000025, -25.00451209927656], [-50.82015610000002, -25.00569789927652], [-50.819858599999975, -25.006998299276542], [-50.81918230000002, -25.008078799276518], [-50.818400499999996, -25.009169299276465], [-50.81816850000002, -25.010127199276443], [-50.81852809999998, -25.01126639927644], [-50.818908700000016, -25.01231779927642], [-50.81932849999998, -25.013482599276355], [-50.81950760000001, -25.01441879927634], [-50.82012500000002, -25.01579649927635], [-50.82109220000001, -25.016299599276334], [-50.82209940000001, -25.016214399276347], [-50.82309830000003, -25.016124699276304], [-50.824064299999975, -25.016040799276308], [-50.82434949999998, -25.017003299276304], [-50.82482160000001, -25.01806049927626], [-50.82519860000002, -25.01947029927627], [-50.82523140000001, -25.020560099276235], [-50.82541329999998, -25.022273799276196], [-50.8257016, -25.02323059927615], [-50.8260136, -25.024001199276142], [-50.826460199999985, -25.024921199276125], [-50.82750190000002, -25.026198399276105], [-50.82846919999997, -25.027172199276087], [-50.83002140000002, -25.02818199927608], [-50.83100330000001, -25.02923599927607], [-50.83055289999999, -25.030239199276004], [-50.83051769999997, -25.03178129927597], [-50.83068159999999, -25.03317679927593], [-50.83082660000002, -25.03399109927593], [-50.831582000000026, -25.03518019927594], [-50.83196600000002, -25.036044699275894], [-50.831719599999985, -25.037365399275863], [-50.831328600000006, -25.03817529927583], [-50.833102399999966, -25.038437199275833], [-50.834364300000004, -25.03847419927584], [-50.83605949999998, -25.03822199927588], [-50.836927600000024, -25.038011899275872], [-50.838116800000016, -25.03760599927585], [-50.8391699, -25.03802329927588], [-50.84010919999998, -25.038795399275873], [-50.840391899999986, -25.039596899275825], [-50.8407704, -25.04054079927578], [-50.841675399999986, -25.040875899275804], [-50.8428551, -25.04114449927577], [-50.84369400000002, -25.041690499275795], [-50.84447669999997, -25.042483999275763], [-50.844266300000015, -25.043519199275725], [-50.84444450000001, -25.04450239927572], [-50.84409900000003, -25.045365099275735], [-50.843504800000005, -25.046086899275664], [-50.8430841, -25.04687489927565], [-50.84227279999999, -25.04794779927562], [-50.842654900000014, -25.048691199275638], [-50.84332060000003, -25.049661699275614], [-50.843188399999974, -25.050569699275584], [-50.842316400000016, -25.05164819927557], [-50.841263500000025, -25.052099999275562], [-50.84008640000002, -25.05265419927556], [-50.839246100000025, -25.053370199275555], [-50.839376000000016, -25.054326099275542], [-50.83940100000001, -25.055257999275476], [-50.838478500000015, -25.0558709992755], [-50.83756549999999, -25.055753399275495], [-50.8360505, -25.054904699275504], [-50.83518589999999, -25.05458299927549], [-50.833814700000005, -25.05457199927552], [-50.83245169999998, -25.054979799275507], [-50.83153099999999, -25.055655499275492], [-50.83021819999999, -25.056585899275497], [-50.828906700000005, -25.05648879927547], [-50.82749890000002, -25.056574599275443], [-50.827121799999986, -25.057322999275453], [-50.82661660000002, -25.058411999275407], [-50.82608609999999, -25.059241699275386], [-50.825161700000024, -25.059914799275393], [-50.82430140000002, -25.06057629927537], [-50.82321650000001, -25.06125809927534], [-50.82366960000002, -25.062121899275386], [-50.82460090000001, -25.06330259927531], [-50.82521509999998, -25.064267799275292], [-50.825617900000005, -25.065598899275283], [-50.825994999999985, -25.066625799275243], [-50.825325299999975, -25.06754509927525], [-50.824640199999976, -25.068276699275234], [-50.8242957, -25.069437699275188], [-50.82310050000001, -25.069857299275217], [-50.82157769999998, -25.069931999275173], [-50.82026480000002, -25.070435399275183], [-50.818764699999974, -25.07093259927516], [-50.817725499999995, -25.07074219927515], [-50.81644080000001, -25.0701249992752], [-50.81529699999999, -25.069452899275177], [-50.81415420000002, -25.069066499275223], [-50.81299310000002, -25.070026299275185], [-50.81191100000001, -25.07085319927515], [-50.81199029999999, -25.071689099275154], [-50.81209380000002, -25.07259729927511], [-50.81207790000002, -25.073470099275116], [-50.812487299999994, -25.074363199275087], [-50.81241970000002, -25.075252999275047], [-50.81193719999998, -25.076323099275072], [-50.81082670000001, -25.07674809927501], [-50.809593199999995, -25.077820299275004], [-50.80975219999999, -25.078675999274974], [-50.810112600000025, -25.080028199274985], [-50.810693300000025, -25.081210099274973], [-50.8112251, -25.08214309927492], [-50.81183010000001, -25.083560099274887], [-50.81169449999999, -25.084831399274854], [-50.81081449999999, -25.086258599274842], [-50.8110241, -25.087590499274796], [-50.81086859999999, -25.088451599274787], [-50.810586, -25.08945209927479], [-50.810196099999985, -25.090986899274757], [-50.809952899999985, -25.091928899274752], [-50.80968919999998, -25.09293269927471], [-50.80934189999999, -25.09392249927469], [-50.80898189999999, -25.094865599274655], [-50.80864700000001, -25.096204999274626], [-50.809040400000015, -25.097548599274585], [-50.80898389999998, -25.098465599274583], [-50.80847779999999, -25.099235899274554], [-50.807719099999986, -25.099846099274536], [-50.80768540000003, -25.10104389927451], [-50.807858599999975, -25.102134499274484], [-50.80834160000001, -25.103285399274483], [-50.808905700000025, -25.10418329927445], [-50.80749639999999, -25.104664199274456], [-50.806190000000015, -25.10487509927446], [-50.8052022, -25.10485129927446], [-50.80353480000002, -25.104747199274474], [-50.80223239999998, -25.104889799274474], [-50.80163270000003, -25.10569699927446], [-50.801647300000006, -25.107270599274397], [-50.8014313, -25.10838269927436], [-50.80105659999998, -25.10939009927434], [-50.80031090000001, -25.11069499927435], [-50.79929470000002, -25.111127399274302], [-50.797522500000014, -25.111048099274324], [-50.796364900000015, -25.110740299274294], [-50.796250999999984, -25.1121409992743], [-50.79572619999999, -25.11346589927426], [-50.795545300000015, -25.11471129927426], [-50.796188599999994, -25.11539099927421], [-50.7968022, -25.11624079927423], [-50.79705769999998, -25.117175299274177], [-50.797687999999994, -25.11862419927415], [-50.797597999999994, -25.119733899274156], [-50.79666520000001, -25.121072099274095], [-50.7962774, -25.121968199274118], [-50.795474599999984, -25.12324429927407], [-50.79426840000002, -25.12335049927407], [-50.79283179999999, -25.123766999274036], [-50.791851699999995, -25.123937399274038], [-50.79060980000003, -25.12370969927406], [-50.7900955, -25.124026299274067], [-50.789346299999984, -25.124526999274035], [-50.788388999999995, -25.125302599274008], [-50.78759919999999, -25.126586299273967], [-50.78806049999997, -25.127760499273993], [-50.78802230000002, -25.12878999927393], [-50.7870853, -25.12931459927392], [-50.786016399999994, -25.129753899273954], [-50.785295700000006, -25.130465199273914], [-50.78517770000003, -25.1317517992739], [-50.78529800000001, -25.13280489927386], [-50.78457150000003, -25.133597899273827], [-50.783449700000006, -25.13429709927385], [-50.782319400000006, -25.134884799273824], [-50.78087369999997, -25.135805299273816], [-50.780233599999974, -25.136520899273776], [-50.77885259999999, -25.13818709927373], [-50.77803740000002, -25.13933159927371], [-50.77733119999999, -25.140485299273713], [-50.77609460000003, -25.14163939927364], [-50.7753295, -25.142261799273683], [-50.774328700000005, -25.142981199273663], [-50.77341689999997, -25.143735999273627], [-50.772380300000016, -25.144416299273605], [-50.77138689999998, -25.144992799273613], [-50.77017230000001, -25.145413099273576], [-50.76863980000002, -25.14586699927359], [-50.767233799999985, -25.14557899927359], [-50.76610549999998, -25.145733099273553], [-50.765052200000014, -25.146090899273567], [-50.76381600000002, -25.14670339927355], [-50.76288599999998, -25.147306799273586], [-50.7615811, -25.148239299273538], [-50.760566600000004, -25.14883289927352], [-50.759422700000016, -25.149417199273536], [-50.758378499999985, -25.14999469927348], [-50.75680979999999, -25.15003769927349], [-50.75575700000002, -25.150805699273466], [-50.75598719999999, -25.151856999273466], [-50.756247599999995, -25.15274659927344], [-50.75666300000001, -25.15448019927343], [-50.75578250000001, -25.154842099273402], [-50.7549007, -25.1552033992734], [-50.75423760000001, -25.155840499273395], [-50.7539514, -25.156727599273374], [-50.75410670000003, -25.157535199273337], [-50.75432360000002, -25.158658099273346], [-50.7539726, -25.15994669927327], [-50.754335200000014, -25.160699699273287], [-50.755065699999996, -25.161233499273244], [-50.755956799999986, -25.16199959927325], [-50.756709899999976, -25.1632786992732], [-50.757458199999974, -25.163801299273196], [-50.75650089999999, -25.164433899273206], [-50.75573379999997, -25.165039699273205], [-50.75493929999999, -25.166326899273148], [-50.75407339999998, -25.16710269927313], [-50.752870299999984, -25.16728199927314], [-50.75189920000002, -25.16748219927312], [-50.75110560000001, -25.167943899273137], [-50.750115300000004, -25.168234399273135], [-50.74933040000002, -25.168715999273132], [-50.747682499999996, -25.17002439927307], [-50.74668189999999, -25.171297599273053], [-50.745823099999996, -25.17222629927301], [-50.74509310000003, -25.173197099272993], [-50.744685300000015, -25.17422999927301], [-50.74403669999999, -25.17574789927293], [-50.744074800000014, -25.176835099272946], [-50.74471280000001, -25.17776739927291], [-50.74510040000002, -25.178936699272892], [-50.74557629999998, -25.18021219927289], [-50.74612480000002, -25.180931099272865], [-50.74651669999997, -25.181863599272816], [-50.746136400000005, -25.18342769927278], [-50.746025599999996, -25.184294799272756], [-50.74574580000001, -25.186378299272732], [-50.74621530000001, -25.1879082992727], [-50.74675700000001, -25.1888692992727], [-50.74676299999999, -25.188882699272707], [-50.747366899999975, -25.18979789927264], [-50.748521600000004, -25.190158299272667], [-50.7506224, -25.19013789927268], [-50.75201449999998, -25.190020799272673], [-50.75316839999999, -25.18993839927268], [-50.753954799999974, -25.190632499272635], [-50.75460930000003, -25.191649099272627], [-50.75519780000002, -25.192785099272584], [-50.75578730000001, -25.193502899272573], [-50.75684159999997, -25.19449609927254], [-50.75759790000001, -25.19493789927257], [-50.75856950000002, -25.195538099272568], [-50.759547199999986, -25.196085799272527], [-50.76058920000003, -25.196669599272536], [-50.76135929999998, -25.197108999272526], [-50.762340999999985, -25.19761099927249], [-50.76328699999999, -25.198106999272483], [-50.76431739999998, -25.198671299272476], [-50.764701, -25.198654299272455], [-50.76601799999997, -25.198549199272477], [-50.76700570000003, -25.198324899272475], [-50.76805780000001, -25.197969099272512], [-50.769041500000014, -25.197470299272528], [-50.77035580000001, -25.196511899272537], [-50.7711079, -25.195936599272514], [-50.77199569999999, -25.195185999272525], [-50.77354050000002, -25.194705199272562], [-50.77447760000001, -25.195101199272564], [-50.77563309999999, -25.195844799272514], [-50.77610320000002, -25.19687439927252], [-50.77596190000003, -25.19780439927249], [-50.77553169999999, -25.199005799272484], [-50.7749695, -25.199645199272474], [-50.77419229999998, -25.200099699272457], [-50.7737113, -25.201022999272443], [-50.77373569999997, -25.202026499272396], [-50.77394399999997, -25.20303039927237], [-50.7741365, -25.20383459927236], [-50.77404089999999, -25.20495369927233], [-50.773542099999986, -25.206267399272324], [-50.77467230000003, -25.20645479927233], [-50.775320599999986, -25.207031799272286], [-50.77589790000002, -25.20804219927231], [-50.77658789999998, -25.209119699272232], [-50.77740899999998, -25.20989879927226], [-50.77903309999999, -25.210401799272223], [-50.78009780000002, -25.210598199272216], [-50.78159319999997, -25.2110056992722], [-50.783336599999984, -25.2113606992722], [-50.78427279999999, -25.21225949927221], [-50.78537469999998, -25.212999099272164], [-50.78674080000002, -25.212815199272203], [-50.78769260000001, -25.212512299272202], [-50.788970199999994, -25.211848399272217], [-50.78955880000001, -25.211085099272207], [-50.790626799999984, -25.210767799272205], [-50.79091219999999, -25.211565399272178], [-50.79137209999999, -25.212834299272178], [-50.79198029999998, -25.213727999272166], [-50.792125699999985, -25.214734099272125], [-50.791184199999975, -25.215580699272103], [-50.791235700000016, -25.216521399272082], [-50.79179049999999, -25.21737519927207], [-50.79242610000001, -25.218044299272044], [-50.793433600000014, -25.21866399927204], [-50.79452870000001, -25.21934379927203], [-50.796601399999986, -25.220151599272043], [-50.79763830000002, -25.220258999272023], [-50.79865669999998, -25.220526499272026], [-50.79954029999999, -25.22097699927202], [-50.80100509999999, -25.221696499272003], [-50.801960599999965, -25.222002099271993], [-50.803338800000006, -25.222098199271997], [-50.804780900000026, -25.22202759927197], [-50.80583309999997, -25.222802299271983], [-50.8062822, -25.22363029927198], [-50.806567700000016, -25.224461699271945], [-50.80685299999999, -25.225466999271898], [-50.80679479999997, -25.226314399271875], [-50.80681420000002, -25.22732439927186], [-50.80684960000002, -25.227631499271844], [-50.80782369999997, -25.22803189927188], [-50.808708000000024, -25.22803979927183], [-50.81036139999998, -25.22763759927185], [-50.81119549999999, -25.227008099271856], [-50.8111487, -25.22734289927187], [-50.811597199999994, -25.22825609927187], [-50.81176540000001, -25.229396499271843], [-50.811852499999986, -25.23065839927179], [-50.81184459999997, -25.23164959927181], [-50.812254199999984, -25.23313319927176], [-50.81279919999997, -25.234132699271708], [-50.81303120000001, -25.235282899271727], [-50.81335000000001, -25.236448599271693], [-50.81384639999999, -25.23715859927166], [-50.814720900000005, -25.23781929927166], [-50.815139699999975, -25.239025099271625], [-50.81517450000001, -25.239905999271638], [-50.81662419999998, -25.24039849927162], [-50.81769059999999, -25.24126539927155], [-50.8182893, -25.24231529927154], [-50.81848710000003, -25.243174999271556], [-50.8187628, -25.244447899271535], [-50.81897609999999, -25.24588629927148], [-50.819125299999996, -25.247331099271452], [-50.818593599999986, -25.2486488992714], [-50.8180281, -25.24933079927141], [-50.818054899999986, -25.250298999271376], [-50.81805400000002, -25.252408099271378], [-50.81852079999999, -25.25321379927136], [-50.81867010000001, -25.25411609927129], [-50.81866769999999, -25.255695899271263], [-50.81879950000001, -25.257403199271245], [-50.818981599999965, -25.258621999271217], [-50.8189544, -25.25962399927117], [-50.818847500000004, -25.260469599271197], [-50.81908190000001, -25.26140339927117], [-50.819212300000004, -25.26251689927113], [-50.818897600000014, -25.263476899271115], [-50.81792819999998, -25.264319499271103], [-50.81634500000001, -25.26466389927111], [-50.814819899999975, -25.26537879927108], [-50.81439799999998, -25.266357899271064], [-50.814046099999985, -25.267270099271062], [-50.813395000000014, -25.268301899271002], [-50.81228110000001, -25.269751299270986], [-50.81130439999998, -25.27046499927098], [-50.810295499999995, -25.271664799270948], [-50.809414000000004, -25.272906299270918], [-50.80807249999997, -25.27311739927091], [-50.80704730000002, -25.273029499270923], [-50.80586970000002, -25.272983099270895], [-50.804121899999984, -25.274042099270876], [-50.80286510000002, -25.275067399270892], [-50.802250000000015, -25.275820099270845], [-50.80217640000001, -25.276946499270842], [-50.80191660000003, -25.277984999270817], [-50.801554399999986, -25.278926899270786], [-50.80089770000001, -25.280207799270794], [-50.80021099999999, -25.281399699270757], [-50.79974809999999, -25.282521699270742], [-50.799561600000004, -25.283525299270696], [-50.79939009999998, -25.28471259927065], [-50.79936240000001, -25.285620499270642], [-50.800333299999984, -25.28650589927064], [-50.80051500000002, -25.287868099270632], [-50.80018239999998, -25.289149899270562], [-50.80129950000003, -25.29033019927059], [-50.80228299999999, -25.29085339927055], [-50.80275849999998, -25.291836399270554], [-50.80307260000001, -25.292648799270506], [-50.80346300000002, -25.293868299270468], [-50.80401440000003, -25.295062599270445], [-50.804540599999996, -25.296171599270416], [-50.80481200000003, -25.2977711992704], [-50.80477810000002, -25.298841499270363], [-50.804621000000004, -25.30046559927034], [-50.80469849999997, -25.301301999270343], [-50.804775500000005, -25.302448999270332], [-50.80456370000002, -25.30340439927027], [-50.80353750000001, -25.304095999270285], [-50.80266289999997, -25.30484919927023], [-50.80298090000002, -25.306515299270227], [-50.80344659999997, -25.307547199270196], [-50.80407580000002, -25.3086485992702], [-50.8047019, -25.30964429927015], [-50.805635300000006, -25.31027709927014], [-50.80720289999999, -25.310634299270138], [-50.8082076, -25.3117632992701], [-50.80855389999999, -25.312573599270106], [-50.808853899999974, -25.31396029927008], [-50.80883690000002, -25.31511329927005], [-50.80873650000001, -25.316369099269988], [-50.80834520000002, -25.317521399269975], [-50.807424200000014, -25.318208899269976], [-50.807921599999986, -25.319026799269984], [-50.80857259999999, -25.319659899269933], [-50.80940529999997, -25.320539499269923], [-50.81016679999999, -25.3214098992699], [-50.81107209999999, -25.322256599269902], [-50.81192929999998, -25.322960399269885], [-50.812838699999986, -25.32340669926989], [-50.8137931, -25.323748299269838], [-50.81481939999997, -25.324584099269824], [-50.815869299999974, -25.32578229926983], [-50.81652309999998, -25.326145799269803], [-50.81658190000002, -25.326178499269837], [-50.817344999999996, -25.326789299269773], [-50.816722700000014, -25.328054399269757], [-50.81582720000001, -25.32915239926975], [-50.814485400000024, -25.32984369926975], [-50.812989899999984, -25.329989499269743], [-50.81292860000002, -25.33012819926972], [-50.812800900000006, -25.331083999269683], [-50.81311440000002, -25.332350799269655], [-50.813428199999976, -25.33342639926966], [-50.81298379999998, -25.334707099269632], [-50.81134930000002, -25.3353867992696], [-50.81003179999999, -25.335584599269623], [-50.80958299999997, -25.33630119926958], [-50.80910479999999, -25.337386699269604], [-50.808791299999996, -25.338762499269517], [-50.80892510000001, -25.33882219926953], [-50.80946230000001, -25.33979029926953], [-50.80970289999999, -25.340802899269526], [-50.80961339999998, -25.341634799269503], [-50.80934719999999, -25.342601999269466], [-50.809080600000016, -25.343422799269437], [-50.80998269999998, -25.344403099269446], [-50.810436100000004, -25.345159099269406], [-50.81092869999998, -25.34603269926942], [-50.811267499999985, -25.347047699269385], [-50.811565299999984, -25.34797519926936], [-50.81190409999999, -25.349958799269334], [-50.812084899999995, -25.35206169926925], [-50.81157680000001, -25.353120699269226], [-50.8105213, -25.35333999926924], [-50.809553900000026, -25.353373899269254], [-50.808174099999974, -25.35374509926927], [-50.807913299999996, -25.3550910992692], [-50.8072879, -25.356276799269175], [-50.80659109999999, -25.356938399269172], [-50.80697600000001, -25.357690299269155], [-50.80753850000002, -25.358698699269123], [-50.8078117, -25.36032189926907], [-50.80712699999998, -25.361727299269052], [-50.80564500000003, -25.363163999269016], [-50.80441910000002, -25.363795699269055], [-50.803285399999986, -25.364275999269037], [-50.8023316, -25.364627299269], [-50.80099530000001, -25.365221699268997], [-50.80004120000001, -25.36582149926896], [-50.79949219999997, -25.36692669926898], [-50.799188800000024, -25.368546699268943], [-50.7976486, -25.36979859926892], [-50.79614049999998, -25.370822399268892], [-50.79508770000001, -25.371594399268854], [-50.79301409999999, -25.373084299268854], [-50.7919364, -25.374059799268807], [-50.7904413, -25.37556079926879], [-50.78922, -25.376601199268737], [-50.78819600000003, -25.377609299268748], [-50.7874597, -25.378178199268707], [-50.78654610000001, -25.378427399268748], [-50.78642079999997, -25.37863679926869], [-50.78724629999999, -25.379452999268707], [-50.78766250000001, -25.38067449926868], [-50.78736550000002, -25.382355799268662], [-50.787516100000005, -25.383045599268623], [-50.788029900000026, -25.384306499268583], [-50.788386, -25.38512679926861], [-50.789238300000015, -25.38615389926858], [-50.79013659999998, -25.386373299268566], [-50.79117189999999, -25.38642259926856], [-50.7910521, -25.387282599268527], [-50.79086189999998, -25.388340699268525], [-50.7906974, -25.389829199268497], [-50.790469099999996, -25.391823399268464], [-50.790072399999985, -25.393028099268403], [-50.789563499999986, -25.393920899268416], [-50.78858480000002, -25.39486209926839], [-50.78751870000002, -25.395275099268364], [-50.78596490000002, -25.395991299268353], [-50.7852024, -25.397041099268364], [-50.784857499999994, -25.3980468992683], [-50.78426080000003, -25.399099099268287], [-50.78322739999999, -25.399623099268272], [-50.78236320000002, -25.400020399268293], [-50.78142839999999, -25.40044369926825], [-50.78215849999998, -25.401618299268232], [-50.782680000000035, -25.402504599268212], [-50.7832527, -25.403392999268203], [-50.78456240000003, -25.404175299268207], [-50.78539489999997, -25.404706199268205], [-50.78693479999998, -25.405358699268184], [-50.78761700000001, -25.406186299268146], [-50.78703410000003, -25.407245399268138], [-50.78584860000001, -25.408175499268125], [-50.78458499999999, -25.408627599268076], [-50.78368949999998, -25.40922359926811], [-50.78356810000003, -25.410027799268086], [-50.78388180000001, -25.411053599268037], [-50.7841583, -25.411876499268036], [-50.78441870000001, -25.41338209926797], [-50.78417030000002, -25.415132699267975], [-50.784143400000005, -25.41513299926798], [-50.78327309999997, -25.415365899267925], [-50.7823636, -25.415641599267964], [-50.78179829999999, -25.41627979926792], [-50.78123299999998, -25.416917999267923], [-50.780455700000005, -25.4173966992679], [-50.77953710000003, -25.41717329926791], [-50.77861840000003, -25.416981799267884], [-50.777735199999995, -25.416694599267952], [-50.77671060000001, -25.416407399267953], [-50.7761079, -25.415641599267964], [-50.77526110000003, -25.415242299267945], [-50.774250600000016, -25.41513299926798], [-50.773318700000004, -25.41551389926795], [-50.77251610000002, -25.41609589926795], [-50.77183480000002, -25.4167264992679], [-50.771340200000004, -25.417683799267923], [-50.771410899999985, -25.418513499267917], [-50.77059819999999, -25.41896819926786], [-50.76932629999999, -25.41918359926788], [-50.76807430000002, -25.41921749926787], [-50.767100400000004, -25.419343199267875], [-50.7665705, -25.42017279926784], [-50.7668266, -25.420970499267842], [-50.76724180000002, -25.421768299267814], [-50.76625250000001, -25.421895899267803], [-50.765475200000026, -25.422374499267796], [-50.76483919999998, -25.423172299267765], [-50.76384999999999, -25.423236099267786], [-50.763717499999984, -25.424145499267777], [-50.763743999999974, -25.42499099926773], [-50.76370859999997, -25.426107799267733], [-50.76286069999997, -25.42649069926772], [-50.76257800000001, -25.427511699267725], [-50.7620834, -25.4283731992677], [-50.761076499999994, -25.428413099267686], [-50.76010480000003, -25.428692299267695], [-50.75943360000002, -25.429362399267667], [-50.75904489999999, -25.430191899267662], [-50.758630799999985, -25.430953199267606], [-50.75791429999998, -25.431468199267606], [-50.75734899999998, -25.432233899267633], [-50.756925000000024, -25.432999699267558], [-50.75586509999999, -25.43328679926759], [-50.75480520000002, -25.433765399267592], [-50.753815900000006, -25.433510199267566], [-50.75282659999999, -25.433254899267588], [-50.75211999999999, -25.433956899267567], [-50.75100700000002, -25.434022699267583], [-50.75000010000002, -25.434275899267547], [-50.74908149999999, -25.434020699267585], [-50.74830420000001, -25.433510199267573], [-50.7477389, -25.432744399267577], [-50.74674959999999, -25.432489199267604], [-50.74576029999997, -25.43223389926763], [-50.74433149999999, -25.43198759926762], [-50.7431105, -25.431978699267603], [-50.742204500000014, -25.431737699267593], [-50.74123789999999, -25.431946799267603], [-50.740248699999995, -25.43185109926763], [-50.7400887, -25.431745899267625], [-50.74000139999998, -25.43185109926763], [-50.73968339999999, -25.432999699267558], [-50.73897670000002, -25.433510199267566], [-50.7381995, -25.433988799267567], [-50.7374418, -25.434648299267547], [-50.737020700000016, -25.43560579926755], [-50.73692749999998, -25.435647899267522], [-50.73657420000001, -25.436445499267503], [-50.7360089, -25.437211199267484], [-50.7360089, -25.43810449926748], [-50.73692749999998, -25.438614999267493], [-50.73784610000001, -25.439125499267444], [-50.73802280000001, -25.44001879926746], [-50.73826129999998, -25.440880199267404], [-50.73770480000002, -25.441550199267393], [-50.7366581, -25.441681799267442], [-50.735867600000006, -25.44218829926739], [-50.735408300000024, -25.44289009926737], [-50.7353023, -25.44371959926737], [-50.736256200000014, -25.444166299267362], [-50.73601769999999, -25.44496379926732], [-50.736715499999995, -25.44550619926734], [-50.73738680000002, -25.446144199267305], [-50.73770480000002, -25.44716509926729], [-50.73851739999998, -25.447611699267267], [-50.73933010000001, -25.448122199267267], [-50.73943600000001, -25.448951599267247], [-50.73925939999999, -25.449844899267248], [-50.73883540000003, -25.4506104992672], [-50.73796979999998, -25.450626499267212], [-50.73668020000002, -25.451057099267224], [-50.735620299999994, -25.4511846992672], [-50.734630999999986, -25.451439899267218], [-50.73345619999998, -25.45138409926719], [-50.732405099999994, -25.45166319926718], [-50.73162780000001, -25.452109899267167], [-50.73092120000001, -25.452652199267174], [-50.73062970000001, -25.453457699267165], [-50.7303559, -25.454310999267154], [-50.72964930000001, -25.454948999267128], [-50.72950800000001, -25.455866099267094], [-50.728942700000005, -25.45660779926706], [-50.72813000000002, -25.456958699267062], [-50.72664609999998, -25.457022499267083], [-50.72597480000002, -25.457756199267074], [-50.72546249999999, -25.458529699267043], [-50.72449089999998, -25.45880889926706], [-50.72399630000001, -25.459542499267037], [-50.723007, -25.45992529926703], [-50.72201769999998, -25.460052899267023], [-50.72102849999999, -25.460180499267], [-50.72048719999997, -25.46087849926699], [-50.72046319999998, -25.46107369926699], [-50.720710499999996, -25.46193489926701], [-50.72046319999998, -25.462987599266988], [-50.72014519999999, -25.463816899266927], [-50.71989789999998, -25.464646299266953], [-50.71919120000001, -25.464646299266953], [-50.7186259, -25.46394449926697], [-50.717460000000024, -25.464103999266957], [-50.71615129999998, -25.46394329926692], [-50.71526610000001, -25.464116199266922], [-50.71438619999998, -25.464391099266933], [-50.71396220000002, -25.465156599266923], [-50.71367950000001, -25.466049799266916], [-50.7134322, -25.466847199266905], [-50.71325560000003, -25.467963599266888], [-50.712831600000015, -25.468729099266866], [-50.71193950000002, -25.46899219926684], [-50.71117099999997, -25.46955839926681], [-50.7107117, -25.470260099266824], [-50.71000509999999, -25.47089799926678], [-50.709439799999984, -25.4715359992668], [-50.70873319999998, -25.472046299266765], [-50.70783340000003, -25.471820599266778], [-50.70607449999999, -25.47179909926678], [-50.705093999999974, -25.472014399266747], [-50.70410479999998, -25.472365199266783], [-50.70375150000002, -25.473258299266757], [-50.703495299999986, -25.474055699266742], [-50.70293880000003, -25.474725499266686], [-50.70237530000003, -25.475524599266734], [-50.702665000000025, -25.47642389926667], [-50.702691500000014, -25.477277099266647], [-50.70237350000002, -25.47829769926662], [-50.70166690000002, -25.478935499266612], [-50.70124529999998, -25.479760099266628], [-50.701560900000004, -25.480657799266606], [-50.70209089999997, -25.48135939926656], [-50.7026209, -25.482061099266584], [-50.70322149999999, -25.48276269926658], [-50.70265619999998, -25.483528199266562], [-50.702055599999994, -25.4842297992665], [-50.70138429999997, -25.48480389926648], [-50.700395000000015, -25.484931399266507], [-50.69982970000001, -25.485696799266524], [-50.699582400000004, -25.486494099266494], [-50.69975899999997, -25.487323299266475], [-50.69898169999999, -25.487865499266444], [-50.6985578, -25.4886308992664], [-50.6979925, -25.489396299266428], [-50.69749780000001, -25.490097899266413], [-50.69700319999998, -25.490926999266385], [-50.697321199999976, -25.491851799266374], [-50.69756849999999, -25.492712899266362], [-50.69785109999998, -25.493605799266334], [-50.698381100000006, -25.49430739926635], [-50.69869909999999, -25.495136499266287], [-50.698133799999994, -25.495774299266284], [-50.69714449999998, -25.496029399266277], [-50.69615520000002, -25.495901899266272], [-50.695615799999985, -25.496654399266276], [-50.695307300000024, -25.49743249926625], [-50.694847999999986, -25.4982615992662], [-50.693787999999984, -25.49835729926623], [-50.693319900000006, -25.49913059926622], [-50.693358499999995, -25.500017299266222], [-50.6933641, -25.50004739926622], [-50.69347010000001, -25.50087649926618], [-50.69364669999999, -25.501769299266133], [-50.693894, -25.502662199266123], [-50.693540700000035, -25.502885399266162], [-50.69255140000001, -25.503268099266133], [-50.692198099999985, -25.50419279926611], [-50.69163279999998, -25.504830499266124], [-50.69131479999999, -25.50562769926607], [-50.69067890000003, -25.506201699266093], [-50.68958359999999, -25.50601029926608], [-50.68819239999999, -25.505980399266075], [-50.687110399999995, -25.506105999266044], [-50.68629779999998, -25.506552399266038], [-50.685944500000005, -25.507445199266055], [-50.68544989999998, -25.508178599266024], [-50.68527319999998, -25.509294599265978], [-50.68460190000001, -25.509932299265994], [-50.684319200000004, -25.510888899265964], [-50.68354199999999, -25.511367199265962], [-50.682729300000005, -25.511845399265976], [-50.68188140000001, -25.512355599265923], [-50.6811748, -25.512865799265924], [-50.68018549999999, -25.512610699265913], [-50.67933749999997, -25.513120799265945], [-50.67834829999998, -25.513248399265933], [-50.677359000000024, -25.513630999265885], [-50.67665240000002, -25.512993299265936], [-50.6761224, -25.51216429926594], [-50.67605170000002, -25.511016399265984], [-50.67552180000001, -25.510314999265976], [-50.674956500000015, -25.509677199265994], [-50.674143800000024, -25.509230799266017], [-50.67354319999998, -25.508529399266013], [-50.67283659999999, -25.508019199266002], [-50.672127699999976, -25.507329599266033], [-50.671847300000024, -25.506488599266078], [-50.67099940000002, -25.505978499266092], [-50.67057540000001, -25.505213199266105], [-50.67042520000001, -25.504296399266092], [-50.67001010000001, -25.50342749926612], [-50.66944480000001, -25.502662199266123], [-50.66877349999998, -25.502056299266147], [-50.668208199999974, -25.501227199266186], [-50.66789019999998, -25.50011119926619], [-50.667324899999976, -25.499473399266208], [-50.66704229999999, -25.498580499266218], [-50.66704229999999, -25.497687599266243], [-50.666406300000006, -25.497081799266237], [-50.665346399999976, -25.49682659926629], [-50.66399489999998, -25.49679469926627], [-50.662979199999995, -25.496348299266298], [-50.66195449999998, -25.496539599266267], [-50.66110659999998, -25.496029399266277], [-50.660117300000024, -25.496220699266253], [-50.659057399999995, -25.49606129926628], [-50.65806809999998, -25.496316399266295], [-50.657432099999994, -25.496922299266256], [-50.6565842, -25.497304999266238], [-50.65567429999999, -25.497488399266256], [-50.655435899999986, -25.498293499266214], [-50.6551356, -25.499058899266245], [-50.655162099999984, -25.500119099266197], [-50.65492360000002, -25.5009402992662], [-50.65489710000003, -25.502454899266127], [-50.655206299999975, -25.503586899266146], [-50.65492360000001, -25.504766799266125], [-50.65427060000002, -25.505459299266064], [-50.653510400000016, -25.505914699266086], [-50.653510400000016, -25.50706259926602], [-50.65375770000003, -25.507891599266028], [-50.653510400000016, -25.508784399266037], [-50.653510400000016, -25.510314999265983], [-50.65333370000002, -25.511335299265955], [-50.65248580000003, -25.51184539926598], [-50.6518145, -25.512419399265934], [-50.6517791, -25.51337589926594], [-50.650719200000026, -25.513407799265902], [-50.64980059999999, -25.51337589926594], [-50.64923529999999, -25.512738199265936], [-50.64835199999999, -25.513057099265946], [-50.64835199999999, -25.514204899265888], [-50.64782200000002, -25.514906399265858], [-50.64700940000001, -25.514683199265875], [-50.64549019999998, -25.514651299265925], [-50.644924899999985, -25.513981699265887], [-50.6440063, -25.513630999265885], [-50.64354689999999, -25.512929499265915], [-50.64276969999998, -25.512483099265935], [-50.6421249, -25.511598299265955], [-50.641179799999975, -25.51159039926595], [-50.64047310000001, -25.51108019926595], [-50.63934249999999, -25.51108019926595], [-50.638317900000004, -25.511367199265962], [-50.63736399999999, -25.511590399265952], [-50.636657300000024, -25.511080199265944], [-50.63577409999999, -25.51088889926597], [-50.63524410000002, -25.511590399265952], [-50.63478479999997, -25.512291799265956], [-50.63411350000001, -25.512865799265924], [-50.63340690000001, -25.51337589926594], [-50.6324176, -25.513120799265945], [-50.63142829999998, -25.512993299265926], [-50.63086299999998, -25.512355599265923], [-50.63029770000002, -25.51171789926596], [-50.62930840000001, -25.511335299265955], [-50.62863709999999, -25.510729499266002], [-50.62800420000002, -25.510145899265982], [-50.6267646, -25.51005989926598], [-50.62569370000001, -25.510117199266013], [-50.62488999999999, -25.510731299265945], [-50.62399670000002, -25.511027299265983], [-50.62323149999997, -25.511558499265938], [-50.62188889999999, -25.51160629926593], [-50.6211338, -25.51208719926594], [-50.62097030000001, -25.512355599265923], [-50.62093490000001, -25.513248399265933], [-50.6206876, -25.514396199265924], [-50.62012229999999, -25.515033899265887], [-50.619274399999995, -25.515416499265896], [-50.61856260000002, -25.51593129926585], [-50.61768449999999, -25.516213599265875], [-50.61673050000002, -25.51630929926584], [-50.61616520000001, -25.516946999265862], [-50.61620049999999, -25.51780779926584], [-50.6159179, -25.518668699265785], [-50.61589140000002, -25.519577299265777], [-50.616447900000026, -25.520262799265787], [-50.61588260000002, -25.521027999265762], [-50.61556460000003, -25.521952599265756], [-50.61531730000002, -25.522813399265743], [-50.61444399999999, -25.52258539926575], [-50.61352419999997, -25.52255839926572], [-50.61249079999999, -25.522430799265727], [-50.6119961, -25.523227899265713], [-50.610989200000006, -25.5233314992657], [-50.60994690000001, -25.523706099265734], [-50.609628900000025, -25.524503199265713], [-50.60888699999998, -25.525013299265687], [-50.60856899999999, -25.526224799265677], [-50.60798599999998, -25.527151299265647], [-50.60701440000002, -25.527372499265645], [-50.6060958, -25.527627499265623], [-50.60503590000002, -25.527691299265637], [-50.604576500000015, -25.528424499265643], [-50.60466050000002, -25.529448699265572], [-50.60377169999998, -25.5299417992656], [-50.6034813, -25.53062429926556], [-50.60372860000001, -25.531484999265533], [-50.603975900000016, -25.532409599265517], [-50.60376389999999, -25.533620999265484], [-50.6040112, -25.53454549926547], [-50.60461129999999, -25.535290299265448], [-50.60461190000001, -25.536617599265437], [-50.604823899999985, -25.5374145992654], [-50.604293900000016, -25.538243399265404], [-50.60386990000001, -25.539135999265373], [-50.603163300000006, -25.539645999265378], [-50.60259799999999, -25.54028359926538], [-50.60233290000003, -25.541212099265337], [-50.602317599999985, -25.54198499926534], [-50.602456700000005, -25.542961199265278], [-50.6034459, -25.543088799265334], [-50.603730799999994, -25.54400319926531], [-50.60399580000001, -25.54483459926527], [-50.604576500000015, -25.54551139926527], [-50.60514180000001, -25.546148899265237], [-50.60584849999997, -25.5467863992652], [-50.60680239999999, -25.54704139926524], [-50.60715570000002, -25.547806399265223], [-50.607933, -25.548443899265184], [-50.608250999999996, -25.549591399265164], [-50.60914309999998, -25.549854399265183], [-50.60994690000001, -25.55022889926514], [-50.610582900000004, -25.55102579926513], [-50.611973999999975, -25.551121399265135], [-50.613056099999994, -25.551121399265135], [-50.6136214, -25.551503899265132], [-50.614186700000005, -25.5521413992651], [-50.61499930000002, -25.55271509926511], [-50.61559990000001, -25.5534163992651], [-50.61584720000002, -25.554276999265088], [-50.616129899999976, -25.555328799265034], [-50.616173999999994, -25.557145599265034], [-50.61669519999998, -25.55826109926498], [-50.61774630000003, -25.55826909926501], [-50.61870909999999, -25.558643599264958], [-50.619556999999986, -25.55902609926496], [-50.62044909999997, -25.558771099264987], [-50.6209791, -25.559472299264947], [-50.62121760000002, -25.560332799264977], [-50.62126169999999, -25.561695399264934], [-50.62181820000001, -25.562340799264923], [-50.62157089999999, -25.5632649992649], [-50.62178290000003, -25.56444429926486], [-50.622100900000014, -25.565272899264865], [-50.62188889999999, -25.566165299264846], [-50.62182039999998, -25.567169199264832], [-50.622100900000014, -25.568077499264806], [-50.62157089999999, -25.568778699264772], [-50.62185349999999, -25.569670999264783], [-50.6219595, -25.570499599264743], [-50.621535600000016, -25.57126449926471], [-50.62097030000001, -25.572029399264732], [-50.620440299999984, -25.572794199264667], [-50.62040280000002, -25.573798099264646], [-50.62015760000003, -25.57464259926466], [-50.62008700000001, -25.57559859926462], [-50.62013109999998, -25.576809599264603], [-50.620546299999994, -25.577638199264616], [-50.621500200000014, -25.5776461992646], [-50.622242200000024, -25.578148099264602], [-50.62309010000001, -25.578657899264574], [-50.62352129999999, -25.579406999264556], [-50.62371730000001, -25.58025129926453], [-50.62379679999998, -25.581207299264538], [-50.623938099999975, -25.58222699926449], [-50.624326699999976, -25.58308739926449], [-50.624644699999976, -25.584011499264435], [-50.62400880000001, -25.584712599264435], [-50.62351410000002, -25.58528619926442], [-50.622666200000026, -25.585668499264422], [-50.62181820000001, -25.58605089926439], [-50.62125290000001, -25.586688199264433], [-50.62026359999999, -25.586815699264395], [-50.61925009999998, -25.58656479926443], [-50.6184902, -25.587140599264387], [-50.61757849999997, -25.58732549926441], [-50.616518499999984, -25.58729369926437], [-50.61559990000001, -25.587070599264397], [-50.61475200000001, -25.587070599264397], [-50.61471660000001, -25.586305899264428], [-50.61420290000001, -25.58562919926445], [-50.61337400000002, -25.58522239926446], [-50.61275929999999, -25.584548999264427], [-50.6115721, -25.58455329926444], [-50.610618199999976, -25.58455329926444], [-50.6092403, -25.584776299264433], [-50.608250999999996, -25.584393899264466], [-50.607204299999985, -25.584523399264473], [-50.60630780000002, -25.584935599264444], [-50.60616649999997, -25.585891599264446], [-50.60500050000002, -25.58579599926444], [-50.604293900000016, -25.58528619926442], [-50.603587300000015, -25.584776299264433], [-50.603163300000006, -25.58388409926443], [-50.60282960000001, -25.5830732992645], [-50.60288059999999, -25.582226999264474], [-50.60284530000001, -25.58136659926454], [-50.602598, -25.580569999264558], [-50.602067999999974, -25.579773299264545], [-50.60189140000001, -25.578657899264574], [-50.60087779999998, -25.57840499926455], [-50.599948100000006, -25.57843489926456], [-50.59892350000001, -25.578530499264573], [-50.59793430000003, -25.578148099264602], [-50.597015699999986, -25.578243699264554], [-50.59666229999999, -25.579167799264564], [-50.596096999999986, -25.579932599264552], [-50.59507239999999, -25.57970959926455], [-50.59401250000001, -25.57970959926455], [-50.592987900000026, -25.580060099264568], [-50.59199860000002, -25.579964499264563], [-50.591009299999996, -25.579932599264552], [-50.59076199999998, -25.57910409926456], [-50.589878699999986, -25.578530499264573], [-50.589172099999985, -25.577893099264564], [-50.58860679999998, -25.577128299264636], [-50.588041499999974, -25.576363499264637], [-50.58733489999997, -25.575853599264644], [-50.58691090000003, -25.57508879926464], [-50.58634560000002, -25.574323899264684], [-50.58588630000003, -25.573622799264687], [-50.58496769999999, -25.573080999264683], [-50.5838018, -25.573049199264698], [-50.582635799999984, -25.573304099264657], [-50.582247199999976, -25.574068999264675], [-50.58210580000002, -25.575088799264652], [-50.581257900000026, -25.57559859926462], [-50.5807279, -25.576331599264623], [-50.57959729999999, -25.576140399264617], [-50.5784314, -25.576108499264603], [-50.57723010000001, -25.576108499264603], [-50.576346899999976, -25.57578989926465], [-50.57655879999999, -25.57489749926466], [-50.575746200000026, -25.574451399264632], [-50.5751335, -25.57433249926468], [-50.574650899999995, -25.574706299264655], [-50.5743683, -25.575726099264628], [-50.574333000000024, -25.576618399264596], [-50.573520299999984, -25.57719199926463], [-50.5729197, -25.577893099264564], [-50.57202319999999, -25.578150099264604], [-50.57104099999998, -25.57824849926455], [-50.57051719999998, -25.57862609926458], [-50.56935129999999, -25.57843489926456], [-50.5682913, -25.57843489926456], [-50.567690700000014, -25.57910409926456], [-50.56641880000001, -25.57942279926452], [-50.56532349999997, -25.579454599264576], [-50.56434969999998, -25.579424799264572], [-50.56345090000002, -25.57967769926454], [-50.56302699999998, -25.580442499264535], [-50.562532299999994, -25.58045049926452], [-50.5616137, -25.580697399264547], [-50.560624399999995, -25.580697399264547], [-50.55970580000002, -25.580442499264535], [-50.559105199999976, -25.57980519926456], [-50.55878719999998, -25.57878539926458], [-50.55808059999998, -25.578084299264592], [-50.556408999999974, -25.577893099264564], [-50.555501400000026, -25.577893099264564], [-50.554170399999975, -25.577893099264564], [-50.55317839999998, -25.577893099264564], [-50.552180299999975, -25.577893099264564], [-50.5509083, -25.577574499264617], [-50.55030770000002, -25.57690519926461], [-50.54919480000001, -25.57687929926458], [-50.548355000000015, -25.57722959926461], [-50.548576500000024, -25.578084299264578], [-50.547693200000026, -25.57843489926456], [-50.54712790000002, -25.57910409926456], [-50.54649189999998, -25.57967769926454], [-50.54592659999997, -25.580442499264535], [-50.544654700000024, -25.580442499264542], [-50.543806700000005, -25.580824899264506], [-50.543806700000005, -25.58209959926449], [-50.54352410000001, -25.582991799264487], [-50.54246419999998, -25.583278599264503], [-50.54182819999999, -25.584138999264447], [-50.541474900000026, -25.584967499264454], [-50.54069759999999, -25.585541099264425], [-50.53970829999997, -25.58579599926444], [-50.53900169999997, -25.58528619926442], [-50.53822439999999, -25.584808199264437], [-50.53741179999997, -25.58515869926447], [-50.53688180000001, -25.58605089926439], [-50.536175199999995, -25.586688199264433], [-50.535645199999976, -25.587389299264377], [-50.535291900000004, -25.58828149926436], [-50.534479299999994, -25.5887275992644], [-50.53352530000001, -25.589078099264352], [-50.53235940000001, -25.588855099264357], [-50.53151150000002, -25.589364899264375], [-50.53132599999998, -25.58997429926433], [-50.53052220000001, -25.59063949926433], [-50.53023949999999, -25.591531599264304], [-50.5300982, -25.5924237992643], [-50.52967419999999, -25.59331599926428], [-50.529356199999995, -25.594112599264264], [-50.528684999999996, -25.594717999264237], [-50.52783699999997, -25.595227799264205], [-50.527413000000024, -25.595227799264205], [-50.5263531, -25.595036599264255], [-50.525469799999996, -25.595490699264253], [-50.52486920000001, -25.59611999926419], [-50.52462190000001, -25.596948399264164], [-50.524750400000016, -25.59703239926418], [-50.525116500000024, -25.59739449926419], [-50.5249045, -25.598445899264163], [-50.52483380000001, -25.599401799264154], [-50.5244452, -25.600325799264127], [-50.5242685, -25.60121789926409], [-50.523985900000014, -25.602014399264057], [-50.52372969999999, -25.602842799264096], [-50.52296130000003, -25.603416299264047], [-50.522042699999986, -25.60338439926405], [-50.52147739999999, -25.604149099264006], [-50.52094740000001, -25.60500929926404], [-50.52062940000002, -25.605805799263997], [-50.51978150000002, -25.606188099264], [-50.51875690000003, -25.60647489926403], [-50.517768800000006, -25.606548499263965], [-50.518050200000005, -25.607335099263977], [-50.517944199999995, -25.608227199263954], [-50.51783820000003, -25.609119199263947], [-50.51805020000001, -25.609915699263915], [-50.51808560000001, -25.61077589926394], [-50.51893350000001, -25.611158199263873], [-50.51974610000003, -25.61160419926388], [-50.52045279999999, -25.612305099263896], [-50.52175999999998, -25.612432499263885], [-50.52280669999999, -25.612305099263896], [-50.52349129999999, -25.612878499263882], [-50.52377389999999, -25.613738699263838], [-50.524586500000005, -25.614216599263855], [-50.525116500000024, -25.614917399263856], [-50.52486920000001, -25.615745699263794], [-50.5245865, -25.616637699263794], [-50.523738599999994, -25.617147499263762], [-50.523208599999975, -25.617975699263752], [-50.52274929999999, -25.618676599263765], [-50.5228553, -25.61950489926371], [-50.5233146, -25.620205699263693], [-50.52402119999999, -25.62084279926369], [-50.5244452, -25.621734799263685], [-50.52543450000002, -25.622117099263697], [-50.526282400000014, -25.62249929926369], [-50.526989000000015, -25.623008999263675], [-50.527139200000015, -25.623924899263656], [-50.52713039999998, -25.624792899263607], [-50.52656510000003, -25.625429999263588], [-50.527377699999995, -25.625875999263606], [-50.52797829999997, -25.626576799263592], [-50.527907700000014, -25.627914699263574], [-50.527413000000024, -25.62861549926357], [-50.526635699999986, -25.629093299263545], [-50.52562879999999, -25.62910919926355], [-50.524763199999995, -25.628679199263562], [-50.52359719999998, -25.62861539926354], [-50.522431299999994, -25.62861539926354], [-50.521770999999994, -25.62798829926358], [-50.520912099999975, -25.627596099263563], [-50.5198168, -25.627858899263536], [-50.51888939999998, -25.62809779926353], [-50.51794419999999, -25.62785099926358], [-50.516954999999996, -25.62772349926356], [-50.51596569999998, -25.62785099926358], [-50.51508239999998, -25.62807389926355], [-50.514163800000006, -25.627858899263536], [-50.51313920000001, -25.628105799263572], [-50.512149900000004, -25.628487999263545], [-50.5123972, -25.629284399263547], [-50.5121499, -25.630144399263518], [-50.51190259999998, -25.63109999926349], [-50.511876099999995, -25.63200789926349], [-50.511867300000006, -25.632820099263462], [-50.51116059999998, -25.633457199263457], [-50.51032700000002, -25.63296039926346], [-50.50889940000002, -25.63269269926346], [-50.507945500000005, -25.632756399263457], [-50.50791020000003, -25.63358459926344], [-50.50819280000002, -25.63460389926342], [-50.508334100000006, -25.635495699263377], [-50.50776880000001, -25.63626019926336], [-50.50706220000001, -25.636769799263398], [-50.5066382, -25.637534199263364], [-50.50677960000002, -25.638426099263338], [-50.505887400000006, -25.6388162992633], [-50.5050837, -25.639190499263304], [-50.50403699999998, -25.639319899263292], [-50.50314040000001, -25.639636399263285], [-50.50268110000002, -25.640337099263306], [-50.50197450000002, -25.64084679926331], [-50.50140920000001, -25.641611199263266], [-50.5009852, -25.64237559926324], [-50.501418, -25.64317979926322], [-50.50225719999998, -25.64377699926323], [-50.50282249999998, -25.644413999263204], [-50.502257199999974, -25.645050999263233], [-50.502504499999986, -25.64584719926317], [-50.50224830000001, -25.646675299263194], [-50.50229250000001, -25.64766259926314], [-50.501267900000016, -25.647981099263127], [-50.5002786, -25.647598899263144], [-50.499465999999984, -25.64715299926316], [-50.49900669999999, -25.646452399263165], [-50.49801739999998, -25.646452399263165], [-50.496321500000015, -25.646452399263165], [-50.49519090000001, -25.646579799263154], [-50.49409559999999, -25.646229399263156], [-50.49312179999998, -25.646201499263206], [-50.492329100000006, -25.646643499263142], [-50.49234059999998, -25.64753159926314], [-50.49222309999999, -25.648490699263164], [-50.49151640000002, -25.649127699263126], [-50.491198499999996, -25.64995569926312], [-50.49124260000002, -25.65086339926308], [-50.49222309999999, -25.6512932992631], [-50.49292969999999, -25.651802899263068], [-50.49208170000003, -25.65234429926303], [-50.49066850000003, -25.652312499263044], [-50.48967920000001, -25.652567299263033], [-50.488972600000004, -25.653076799263047], [-50.487983299999996, -25.65282199926306], [-50.486428699999976, -25.652567299263033], [-50.4853688, -25.652599099263014], [-50.484450200000026, -25.65282199926306], [-50.483390199999974, -25.653108699263058], [-50.48244729999999, -25.65333759926302], [-50.48187100000001, -25.654000399262987], [-50.481340999999986, -25.654987599263027], [-50.480987700000014, -25.65584749926297], [-50.48049309999999, -25.65613409926294], [-50.48036130000003, -25.656134099262946], [-50.47998960000001, -25.656134099262946], [-50.47893850000003, -25.655879399262982], [-50.47794920000001, -25.655624599262996], [-50.47696000000001, -25.655624599262996], [-50.476005999999984, -25.655377799262983], [-50.475122699999986, -25.655879399262982], [-50.47459279999998, -25.65514689926297], [-50.473417999999974, -25.655122999263003], [-50.47229620000002, -25.655369799263003], [-50.4713069, -25.65511499926303], [-50.4706003, -25.655624599262996], [-50.46950509999999, -25.655369799263003], [-50.46876309999999, -25.654860299262992], [-50.468577599999996, -25.653944699263032], [-50.4675972, -25.653586399263023], [-50.46664270000002, -25.653177299263024], [-50.46659920000002, -25.652350099263032], [-50.46610199999998, -25.65155399926305], [-50.4658306, -25.650720099263093], [-50.46558329999999, -25.649796499263076], [-50.46456139999998, -25.64978319926311], [-50.46364010000002, -25.650210499263114], [-50.461449500000015, -25.65027419926311], [-50.460177600000016, -25.65017869926312], [-50.45952399999999, -25.649509799263082], [-50.458729000000005, -25.649127699263126], [-50.45773969999999, -25.64874549926315], [-50.456856500000015, -25.648522499263148], [-50.45547850000003, -25.648490699263164], [-50.45463059999997, -25.647981099263127], [-50.453641300000015, -25.647853699263134], [-50.45285030000002, -25.648311999263107], [-50.451777600000014, -25.648498699263143], [-50.45081479999999, -25.64874549926315], [-50.45010819999999, -25.648235899263103], [-50.44943690000002, -25.64756709926315], [-50.449118899999974, -25.64632499926316], [-50.44908359999999, -25.64543319926321], [-50.44869490000002, -25.644668799263183], [-50.44883629999998, -25.64377699926323], [-50.448588900000004, -25.642789599263264], [-50.448129600000016, -25.64186599926326], [-50.448200299999996, -25.641005999263285], [-50.448765599999994, -25.640241599263327], [-50.449083599999994, -25.6394452992633], [-50.44897759999997, -25.638553499263338], [-50.44830630000001, -25.63788459926335], [-50.44811329999998, -25.636769799263398], [-50.44770569999997, -25.636642399263405], [-50.446999000000005, -25.636005299263417], [-50.44611570000001, -25.63629199926341], [-50.445197099999966, -25.63650699926338], [-50.444313799999975, -25.636005299263417], [-50.44343900000001, -25.63577439926339], [-50.442335300000025, -25.635877899263413], [-50.44134600000001, -25.63603719926336], [-50.4403921, -25.636276099263362], [-50.4397914, -25.63702459926339], [-50.439226099999985, -25.637661599263357], [-50.43869189999998, -25.63842889926334], [-50.43823689999999, -25.639286099263312], [-50.43724759999998, -25.6394452992633], [-50.43668229999997, -25.64008229926332], [-50.436373100000026, -25.640886599263272], [-50.43555170000002, -25.641228999263287], [-50.434986400000014, -25.64199339926325], [-50.434562400000004, -25.64288519926326], [-50.43378510000002, -25.64336289926324], [-50.43272519999999, -25.643649599263238], [-50.4325839, -25.643394799263252], [-50.43243369999999, -25.642479099263262], [-50.43173589999998, -25.64186599926326], [-50.43127659999999, -25.641165299263285], [-50.43060530000003, -25.640591999263318], [-50.43004000000001, -25.639827499263333], [-50.429580699999974, -25.639126799263305], [-50.42919210000002, -25.638298699263352], [-50.4285208, -25.637661599263357], [-50.428344100000004, -25.636769799263405], [-50.4276375, -25.636132799263365], [-50.42734599999999, -25.635224999263404], [-50.42721349999999, -25.63422159926342], [-50.426789499999984, -25.633457199263457], [-50.42608289999998, -25.632947499263448], [-50.42551759999998, -25.63218299926346], [-50.42601220000001, -25.631450399263485], [-50.426789499999984, -25.63103629926349], [-50.42756680000003, -25.630590399263518], [-50.42827340000002, -25.629921499263535], [-50.429050700000005, -25.629507399263545], [-50.429580699999974, -25.628806599263562], [-50.42960720000002, -25.627293499263576], [-50.429192100000016, -25.626321899263587], [-50.42905289999999, -25.62537819926361], [-50.429474700000014, -25.624538099263617], [-50.429898700000024, -25.623773499263677], [-50.42989870000003, -25.622881599263685], [-50.43032269999998, -25.62198959926369], [-50.429933999999996, -25.6211613992637], [-50.4294635, -25.62045039926368], [-50.429041900000016, -25.61965619926373], [-50.42862680000001, -25.618931399263747], [-50.42777879999999, -25.618421699263756], [-50.42707219999999, -25.617784599263754], [-50.42678510000001, -25.61687069926378], [-50.426222, -25.61620369926382], [-50.42594159999999, -25.615363499263818], [-50.42537629999998, -25.614726299263804], [-50.42452830000003, -25.614216599263855], [-50.42456370000002, -25.61332459926386], [-50.42505829999999, -25.612623699263846], [-50.42508479999998, -25.611715699263883], [-50.42481099999998, -25.610903299263924], [-50.425164300000006, -25.610074999263915], [-50.42594159999999, -25.609628999263922], [-50.4261889, -25.608832499263958], [-50.425932699999976, -25.608004099263983], [-50.42590630000001, -25.60704829926396], [-50.42565889999997, -25.605805799263997], [-50.42484630000001, -25.605359799263994], [-50.42421030000003, -25.604722599264026], [-50.423963000000015, -25.60389419926407], [-50.42368040000002, -25.60351189926406], [-50.42311510000001, -25.60287459926408], [-50.42269110000001, -25.602109999264076], [-50.422302499999994, -25.60131349926411], [-50.42226929999998, -25.60018439926411], [-50.42240850000002, -25.59930619926414], [-50.42307970000002, -25.598668899264165], [-50.422832400000004, -25.5976493992642], [-50.42336239999997, -25.596916499264214], [-50.42368040000002, -25.5961199992642], [-50.42421030000003, -25.595387099264208], [-50.424492999999984, -25.59443119926422], [-50.42452830000002, -25.593570899264243], [-50.42456370000002, -25.592710599264258], [-50.424775899999986, -25.591755799264288], [-50.42424569999997, -25.591021799264343], [-50.42368040000002, -25.590384499264356], [-50.422832400000004, -25.590002199264347], [-50.42170179999999, -25.590129599264348], [-50.4206772, -25.590129599264348], [-50.41989990000002, -25.589651699264333], [-50.418875300000025, -25.58949229926437], [-50.41785069999997, -25.589364899264375], [-50.41703810000002, -25.588855099264347], [-50.416605300000015, -25.588050499264384], [-50.415907499999996, -25.587325499264416], [-50.41505949999999, -25.586815699264395], [-50.41421159999999, -25.586305899264428], [-50.4137523, -25.585604799264427], [-50.413469599999985, -25.584776299264433], [-50.41378759999997, -25.58388409926443], [-50.41410560000003, -25.58308739926449], [-50.414635600000004, -25.581589699264505], [-50.41460019999999, -25.5807292992645], [-50.41392889999998, -25.580187599264526], [-50.41322229999998, -25.579550199264578], [-50.41293080000003, -25.578689799264577], [-50.41251569999997, -25.577893099264564], [-50.41152640000002, -25.577638199264616], [-50.4105725, -25.57741509926459], [-50.40965390000002, -25.577606299264605], [-50.40859390000003, -25.577606299264605], [-50.40756929999998, -25.577893099264564], [-50.406509400000004, -25.577670099264573], [-50.405626100000006, -25.57790109926461], [-50.40499010000002, -25.578594199264575], [-50.404318800000006, -25.579167799264564], [-50.403568000000014, -25.57967769926453], [-50.403329600000006, -25.57967769926454], [-50.40318819999999, -25.578657899264574], [-50.40248159999998, -25.578148099264602], [-50.40163369999999, -25.577765699264575], [-50.401068399999986, -25.577000799264617], [-50.400927000000024, -25.576108499264603], [-50.40050309999998, -25.575216199264638], [-50.39993779999998, -25.57457889926466], [-50.39951380000002, -25.5738139992647], [-50.399089800000006, -25.57266669926471], [-50.39852450000001, -25.571901899264706], [-50.398347899999976, -25.571041399264747], [-50.39951380000003, -25.570754599264717], [-50.40022040000002, -25.569734799264744], [-50.39997310000001, -25.568842399264767], [-50.399796400000014, -25.56795009926481], [-50.39937250000002, -25.566675199264832], [-50.39912509999999, -25.565719099264864], [-50.39908980000001, -25.564253099264846], [-50.39951380000002, -25.56336069926486], [-50.400220400000016, -25.562468299264882], [-50.399796400000014, -25.561575899264913], [-50.39912509999999, -25.561002199264955], [-50.39852450000001, -25.560300999264925], [-50.3978179, -25.55979099926498], [-50.39792390000002, -25.55896229926499], [-50.3976412, -25.558069899265018], [-50.39682859999999, -25.55762369926503], [-50.39626329999999, -25.556986199264994], [-50.39527399999997, -25.556731199265013], [-50.39460270000001, -25.55609379926502], [-50.394426099999976, -25.555201299265075], [-50.39400210000002, -25.55443629926508], [-50.39343680000001, -25.553543899265108], [-50.39357810000001, -25.552651399265113], [-50.39376579999999, -25.55190029926512], [-50.39294219999999, -25.552173299265117], [-50.39216490000001, -25.55261949926509], [-50.3911756, -25.55252389926509], [-50.39053960000001, -25.551918299265136], [-50.389718200000004, -25.551519899265152], [-50.38873769999998, -25.551376399265113], [-50.38774849999999, -25.55115329926515], [-50.38679450000001, -25.551121399265135], [-50.38580519999999, -25.551121399265135], [-50.38509859999999, -25.55035639926515], [-50.384250699999996, -25.549846399265142], [-50.3833674, -25.5493682992652], [-50.38213080000002, -25.54946389926515], [-50.38123869999998, -25.54934439926518], [-50.380364199999974, -25.549814599265154], [-50.3794456, -25.550101399265184], [-50.37845629999998, -25.550101399265184], [-50.377608399999986, -25.549718899265187], [-50.37672509999999, -25.549559599265184], [-50.37547310000002, -25.54959339926516], [-50.3744992, -25.549718899265187], [-50.373651300000006, -25.55022889926514], [-50.37283869999999, -25.549623299265182], [-50.37166389999999, -25.54959939926514], [-50.3706128, -25.54987829926515], [-50.369694200000026, -25.550101399265184], [-50.36969410000001, -25.549974899265163], [-50.36969199999999, -25.549145199265173], [-50.369685300000015, -25.548316399265182], [-50.369658800000025, -25.54704139926524], [-50.369343000000015, -25.545801099265255], [-50.369315700000016, -25.545794499265252], [-50.3683163, -25.545447599265252], [-50.367433, -25.54500129926529], [-50.36711500000001, -25.54410879926529], [-50.36690299999998, -25.543120599265304], [-50.366584999999986, -25.542196199265305], [-50.36573709999999, -25.54181369926531], [-50.36481850000001, -25.54146299926536], [-50.36375850000002, -25.54155869926533], [-50.36291060000002, -25.541048599265352], [-50.36202730000002, -25.540697999265372], [-50.36107329999999, -25.540666099265355], [-50.360084099999995, -25.540666099265355], [-50.358953499999984, -25.540283599265365], [-50.358635499999984, -25.539486599265363], [-50.357964200000026, -25.538880899265376], [-50.357257600000025, -25.538243399265404], [-50.3565509, -25.537605799265425], [-50.355703000000005, -25.537095799265398], [-50.35482719999999, -25.53661079926545], [-50.35390109999997, -25.53684869926544], [-50.35287649999997, -25.536840699265458], [-50.35188720000003, -25.536458199265464], [-50.35099509999997, -25.536593699265463], [-50.349944, -25.53684869926544], [-50.349201999999984, -25.53735079926544], [-50.34849539999999, -25.537860799265385], [-50.347930099999985, -25.538498399265382], [-50.347038, -25.538920799265426], [-50.346790699999985, -25.539797399265375], [-50.346234200000026, -25.540538599265346], [-50.34566890000002, -25.54117609926532], [-50.345165399999985, -25.54117609926532], [-50.34425570000002, -25.541048599265352], [-50.343548999999996, -25.540411099265327], [-50.342877699999974, -25.539805399265347], [-50.34259209999998, -25.539016299265402], [-50.34227709999999, -25.538243399265404], [-50.341323199999984, -25.53808399926543], [-50.340404499999984, -25.53789269926541], [-50.33906200000002, -25.538083999265435], [-50.33803740000002, -25.538498399265382], [-50.337613400000016, -25.539390999265407], [-50.3371894, -25.540156099265353], [-50.336624099999995, -25.540793599265317], [-50.335917499999994, -25.541431099265356], [-50.33521080000003, -25.541941199265317], [-50.334292199999986, -25.542228099265326], [-50.33337360000001, -25.54267439926533], [-50.332243000000005, -25.542961199265278], [-50.33139510000001, -25.543439399265313], [-50.33015849999999, -25.54378999926529], [-50.329275199999984, -25.54410879926528], [-50.32856859999998, -25.54347129926532], [-50.327650000000006, -25.54324809926533], [-50.326731300000006, -25.54321629926529], [-50.32581269999997, -25.543694399265284], [-50.324964799999975, -25.5442043992653], [-50.32397550000002, -25.54401319926528], [-50.32319819999998, -25.544491299265278], [-50.32220890000002, -25.544746299265263], [-50.32150230000002, -25.545256399265284], [-50.320513000000005, -25.545511399265262], [-50.320477700000026, -25.544555099265295], [-50.3199477, -25.543853799265303], [-50.319099800000004, -25.54347129926532], [-50.3183932, -25.542801899265285], [-50.31740220000001, -25.5427061992653], [-50.316555900000026, -25.542196199265305], [-50.31563729999999, -25.541973099265338], [-50.314824699999974, -25.54149489926531], [-50.31456850000001, -25.540697999265372], [-50.313588100000004, -25.540156099265353], [-50.31255470000002, -25.54041899926534], [-50.3118215, -25.540889199265326], [-50.310814600000015, -25.540929099265373], [-50.309843, -25.541207999265325], [-50.3089597, -25.54143909926533], [-50.30818240000002, -25.541909299265317], [-50.30712249999999, -25.542004899265326], [-50.30633640000001, -25.542443199265296], [-50.30553259999999, -25.54181369926531], [-50.30482590000002, -25.54117609926532], [-50.304501800000025, -25.54071449926533], [-50.303412700000024, -25.540921099265333], [-50.302564700000005, -25.540411099265327], [-50.30178749999999, -25.540889199265326], [-50.300798199999974, -25.541144299265316], [-50.29987959999999, -25.541303599265333], [-50.299561600000004, -25.54210059926535], [-50.29889029999999, -25.5427061992653], [-50.298395700000015, -25.543439399265313], [-50.2974064, -25.5437581992653], [-50.29659379999998, -25.5442043992653], [-50.295348699999984, -25.544233199265285], [-50.29441209999998, -25.544244299265284], [-50.293096, -25.544491299265278], [-50.29214200000002, -25.544268199265254], [-50.29111740000002, -25.544491299265278], [-50.29026950000002, -25.54500129926529], [-50.2894215, -25.54551139926527], [-50.28857360000001, -25.546021399265214], [-50.28786689999998, -25.546531399265227], [-50.2876903, -25.547391999265216], [-50.28716029999998, -25.548188899265213], [-50.286312399999986, -25.548571399265214], [-50.2854997, -25.548922099265212], [-50.28511109999999, -25.549814599265154], [-50.28412179999998, -25.55013329926518], [-50.28348590000002, -25.550738899265138], [-50.2826379, -25.551121399265135], [-50.28207259999999, -25.55188639926512], [-50.28182529999998, -25.55271509926511], [-50.28094199999998, -25.553161399265125], [-50.2804797, -25.552616799265113], [-50.27981140000003, -25.552013899265138], [-50.27924610000002, -25.551376399265113], [-50.27853950000002, -25.550866399265164], [-50.27797420000002, -25.550101399265184], [-50.27751490000003, -25.549400199265158], [-50.27684360000001, -25.548826399265177], [-50.27613689999998, -25.548316399265182], [-50.2752625, -25.5480613992652], [-50.27429969999997, -25.54780639926522], [-50.27359310000003, -25.547168899265195], [-50.27272190000003, -25.5468981992652], [-50.27175590000002, -25.54681829926522], [-50.269918599999976, -25.547041399265225], [-50.26864669999998, -25.547041399265225], [-50.267516100000016, -25.54704139926524], [-50.26680950000002, -25.546403899265204], [-50.266279499999996, -25.54665889926524], [-50.2659615, -25.547678899265204], [-50.26610290000002, -25.548571399265214], [-50.265926200000024, -25.54946389926515], [-50.26567669999997, -25.550378299265127], [-50.265396200000005, -25.551248899265154], [-50.26465430000002, -25.551854499265115], [-50.26359430000002, -25.551854499265115], [-50.26254540000002, -25.551633399265143], [-50.26172179999998, -25.55201389926515], [-50.26069669999998, -25.55215039926514], [-50.25986110000002, -25.552679599265087], [-50.25956660000002, -25.553543899265108], [-50.258443899999975, -25.553901599265103], [-50.25857730000001, -25.554021999265057], [-50.25886229999997, -25.554844699265054], [-50.25917789999999, -25.555838799265047], [-50.25970790000002, -25.556571899265013], [-50.259990500000015, -25.557432399264997], [-50.260017000000005, -25.55834079926499], [-50.259531200000026, -25.559089799264953], [-50.2590366, -25.55979099926498], [-50.25833, -25.560300999264925], [-50.257694000000015, -25.561002199264955], [-50.256916699999984, -25.561575899264902], [-50.25635140000003, -25.562340799264923], [-50.255821500000025, -25.563169399264883], [-50.25578280000002, -25.564279899264843], [-50.25557409999999, -25.56508169926486], [-50.25451320000001, -25.565413299264836], [-50.25366619999999, -25.56591029926483], [-50.253772200000014, -25.566770899264817], [-50.25405490000002, -25.56756759926482], [-50.25409020000001, -25.568459999264807], [-50.25408140000002, -25.568794599264766], [-50.2535249, -25.56947979926477], [-50.25274760000002, -25.570021599264773], [-50.2521117, -25.570627099264758], [-50.251122399999986, -25.57072269926471], [-50.250133100000035, -25.570882099264733], [-50.24935579999999, -25.57132819926471], [-50.2487552, -25.57209309926472], [-50.248719900000026, -25.572921699264697], [-50.2480132, -25.573559099264685], [-50.24783660000002, -25.574451399264646], [-50.24734189999998, -25.575152499264643], [-50.24688259999999, -25.575853599264644], [-50.24727130000002, -25.576586599264594], [-50.247306599999995, -25.577464899264587], [-50.247024, -25.578402999264565], [-50.246388000000024, -25.57843489926456], [-50.245610699999986, -25.57888099926459], [-50.2442681, -25.578920899264578], [-50.2433848, -25.579135999264565], [-50.24190090000002, -25.579199699264553], [-50.240947, -25.57942279926452], [-50.23995769999999, -25.57919969926456], [-50.23884479999998, -25.579171799264543], [-50.23797919999998, -25.57942279926452], [-50.23702520000001, -25.579454599264576], [-50.235965299999975, -25.579645799264533], [-50.2344549, -25.579685699264573], [-50.233315399999974, -25.57967769926454], [-50.23260879999998, -25.579167799264564], [-50.23161950000002, -25.57891289926455], [-50.230771600000026, -25.578402999264554], [-50.230065000000025, -25.578912899264537], [-50.22949970000003, -25.579550199264578], [-50.228510400000005, -25.57970959926455], [-50.2279451, -25.580442499264535], [-50.22709709999998, -25.580952399264522], [-50.22634799999998, -25.5816280992645], [-50.2254719, -25.581940199264515], [-50.22459739999999, -25.58222699926449], [-50.223564, -25.581972099264473], [-50.22264539999997, -25.58174899926451], [-50.220967099999996, -25.581733099264518], [-50.220440800000006, -25.5824057992645], [-50.2199602, -25.582768799264482], [-50.21901070000001, -25.582993799264468], [-50.21769899999998, -25.583023699264505], [-50.21663910000001, -25.58350169926447], [-50.21575580000001, -25.583979699264443], [-50.21437789999999, -25.584234599264448], [-50.21328260000001, -25.58448949926447], [-50.21232859999997, -25.58433019926446], [-50.2113129, -25.584266499264462], [-50.21042080000001, -25.584011499264435], [-50.209714099999985, -25.58350169926447], [-50.20872489999999, -25.583246799264458], [-50.20773559999998, -25.582864399264487], [-50.20674630000002, -25.58273689926447], [-50.205898400000024, -25.58225889926449], [-50.204767800000006, -25.58248199926452], [-50.203754199999985, -25.58273889926447], [-50.202789199999984, -25.582991799264487], [-50.201755799999994, -25.583246799264458], [-50.20077529999998, -25.583469799264453], [-50.199538700000005, -25.58362909926446], [-50.19852300000003, -25.583772499264477], [-50.19784279999999, -25.584393899264466], [-50.19699489999999, -25.584776299264433], [-50.19642959999999, -25.584138999264447], [-50.19555380000003, -25.583756599264483], [-50.19459230000001, -25.58350169926447], [-50.19388570000002, -25.582864399264487], [-50.193037800000006, -25.58248199926452], [-50.192140600000016, -25.58223259926449], [-50.19151849999997, -25.582322599264486], [-50.19105919999998, -25.583119299264506], [-50.19035259999998, -25.58372469926447], [-50.189289900000006, -25.58395029926449], [-50.18840940000001, -25.584234599264448], [-50.18752610000002, -25.584011499264427], [-50.18681950000001, -25.583374199264455], [-50.18614819999999, -25.582768799264482], [-50.185264899999986, -25.582959999264496], [-50.18413429999998, -25.582768799264482], [-50.18300369999997, -25.58273689926446], [-50.182014400000014, -25.58248199926452], [-50.18102510000001, -25.58248199926452], [-50.18053049999998, -25.58174899926451], [-50.1796119, -25.581494099264486], [-50.17862259999998, -25.581589699264505], [-50.177730499999996, -25.581470199264526], [-50.17678540000002, -25.581717199264524], [-50.175796100000014, -25.58146219926448], [-50.1748068, -25.58123919926455], [-50.17279289999999, -25.581215299264517], [-50.17173300000002, -25.5814303992645], [-50.170708400000024, -25.581717199264524], [-50.17000180000002, -25.581207299264538], [-50.16929510000001, -25.580697399264547], [-50.168447199999996, -25.580314999264523], [-50.16781120000002, -25.579709599264543], [-50.16701389999997, -25.57931419926455], [-50.16622130000002, -25.578849199264546], [-50.1655854, -25.578179899264587], [-50.1645949, -25.57814829926459], [-50.16367750000001, -25.578211799264608], [-50.16275000000002, -25.578697799264553], [-50.1625204, -25.57957409926456], [-50.16265290000001, -25.580442499264535], [-50.16180489999999, -25.580952399264522], [-50.160921599999995, -25.5814303992645], [-50.159861700000015, -25.58139849926449], [-50.15883710000003, -25.580952399264522], [-50.157777099999976, -25.58111169926454], [-50.157423800000004, -25.580314999264523], [-50.15643460000001, -25.579932599264552], [-50.15597530000002, -25.57923159926457], [-50.155304, -25.578657899264563], [-50.154314699999986, -25.578402999264554], [-50.153325400000035, -25.578402999264565], [-50.15254809999999, -25.577924999264575], [-50.15162950000001, -25.577638199264616], [-50.150816899999995, -25.577160199264583], [-50.150039600000014, -25.577574499264617], [-50.149244599999975, -25.578150099264604], [-50.1482024, -25.578371099264615], [-50.14696149999997, -25.578534299264575], [-50.14597650000002, -25.578402999264554], [-50.1451285, -25.577893099264564], [-50.14411280000001, -25.577638199264616], [-50.14314999999999, -25.577383199264588], [-50.14299979999998, -25.57646699926459], [-50.14216069999998, -25.576108499264603], [-50.14156009999999, -25.57543929926466], [-50.140747499999975, -25.57508879926464], [-50.13993490000002, -25.57556679926462], [-50.13845090000001, -25.57556679926462], [-50.13738219999998, -25.575343699264668], [-50.136366399999986, -25.575088799264652], [-50.135459099999984, -25.574780299264642], [-50.13458120000001, -25.57459959926465], [-50.13363429999999, -25.574581399264655], [-50.13265660000002, -25.57473819926467], [-50.1319853, -25.575853599264644], [-50.13141999999999, -25.574833799264667], [-50.13099599999998, -25.574068999264686], [-50.130324700000024, -25.57349529926467], [-50.13004210000003, -25.57247549926469], [-50.13000679999999, -25.570754599264717], [-50.13001559999998, -25.569750699264745], [-50.13014809999998, -25.568459999264807], [-50.130289399999974, -25.567185199264795], [-50.130254099999995, -25.566229099264817], [-50.12992880000002, -25.565438499264868], [-50.12947680000002, -25.56473109926488], [-50.12940609999998, -25.563774999264897], [-50.128885000000025, -25.563065899264927], [-50.129194100000014, -25.562181399264905], [-50.129017499999975, -25.56132089926493], [-50.128310899999974, -25.560555899264944], [-50.128310899999974, -25.55966349926496], [-50.127321600000016, -25.55956789926494], [-50.12640299999998, -25.559982199264937], [-50.125766999999996, -25.559281099264993], [-50.1252017, -25.558643599264958], [-50.124283100000014, -25.558484199264992], [-50.12279919999997, -25.558771099264987], [-50.12180990000002, -25.558898599265007], [-50.1208206, -25.558771099264987], [-50.11983140000001, -25.55838859926499], [-50.118842099999995, -25.558292999264992], [-50.11785279999997, -25.55838859926499], [-50.11686350000003, -25.55826109926498], [-50.11587420000001, -25.55826109926498], [-50.11586269999998, -25.55790229926502], [-50.11555629999998, -25.557049999265022], [-50.11469949999997, -25.557352799265], [-50.11372790000002, -25.55750419926499], [-50.11265909999997, -25.557528099265017], [-50.11163449999997, -25.557368699264995], [-50.11121050000003, -25.55647619926504], [-50.11064520000002, -25.555711299265027], [-50.10969130000001, -25.555456299265057], [-50.108754999999974, -25.555201299265075], [-50.107818699999996, -25.55494629926505], [-50.107112099999995, -25.55443629926508], [-50.10654679999999, -25.553798899265082], [-50.107112099999995, -25.55303389926511], [-50.10796, -25.55252389926509], [-50.1076774, -25.551631399265144], [-50.108172000000025, -25.551057699265144], [-50.10792470000001, -25.550165199265145], [-50.10739469999998, -25.54946389926515], [-50.10686479999998, -25.54873079926518], [-50.106405499999994, -25.54780639926522], [-50.106264099999976, -25.546889999265243], [-50.1067941, -25.54621259926524], [-50.1076774, -25.54576639926524], [-50.108666700000015, -25.54551139926527], [-50.10933799999998, -25.544937599265293], [-50.10962060000003, -25.54404509926529], [-50.108949300000006, -25.54347129926532], [-50.108534200000015, -25.54266639926529], [-50.108772699999975, -25.54178179926535], [-50.10810140000001, -25.54117609926532], [-50.10792470000001, -25.540379199265377], [-50.10795120000001, -25.539016399265368], [-50.10767739999999, -25.537988399265434], [-50.107394699999986, -25.537095799265398], [-50.10737710000001, -25.53613939926547], [-50.106575599999985, -25.535416999265465], [-50.10654679999998, -25.535183099265442], [-50.105981499999984, -25.5344179992655], [-50.1056635, -25.533620999265484], [-50.10488620000001, -25.53320649926551], [-50.1042503, -25.532537099265536], [-50.10299600000001, -25.53250519926553], [-50.10188310000001, -25.53250519926553], [-50.101176399999986, -25.531995099265554], [-50.10061109999998, -25.531357499265553], [-50.099763199999984, -25.53084739926558], [-50.09919789999997, -25.5302097992656], [-50.099206700000025, -25.529763499265584], [-50.099763199999984, -25.52880709926559], [-50.1007525, -25.528647699265626], [-50.1011853, -25.527874599265644], [-50.10142380000002, -25.526989899265626], [-50.100893799999994, -25.526256599265658], [-50.1007525, -25.525363999265696], [-50.10008119999998, -25.524662599265685], [-50.100010499999996, -25.52351479926569], [-50.09951589999998, -25.522717799265738], [-50.099763199999984, -25.52192069926575], [-50.099339199999974, -25.521027999265762], [-50.09919789999998, -25.520135299265778], [-50.09944519999999, -25.519178799265813], [-50.098950600000016, -25.518381699265838], [-50.09849129999998, -25.51745709926584], [-50.098102600000004, -25.516723799265872], [-50.0980505, -25.51558029926588], [-50.09792599999998, -25.515161399265896], [-50.097219300000006, -25.514523799265902], [-50.09637140000002, -25.5139179992659], [-50.09502880000002, -25.513909999265913], [-50.0943575, -25.514555599265897], [-50.09368619999998, -25.515161399265896], [-50.09280289999998, -25.514938299265868], [-50.091890999999976, -25.51499599926588], [-50.09156630000001, -25.515161399265903], [-50.09078899999997, -25.5156715992659], [-50.09068300000001, -25.517201999265836], [-50.089870399999995, -25.517839699265856], [-50.08919909999997, -25.51723389926585], [-50.0881392, -25.51742519926582], [-50.08718520000002, -25.51745709926584], [-50.08623130000001, -25.51742519926582], [-50.085206700000015, -25.51745709926584], [-50.08421739999999, -25.51745709926584], [-50.08344010000001, -25.516978799265857], [-50.08195619999998, -25.516946999265862], [-50.0819558, -25.51683709926582], [-50.0819209, -25.515990399265885], [-50.08124959999998, -25.515416499265896], [-50.08040160000001, -25.514906399265858], [-50.07996880000002, -25.514101299265903], [-50.079686200000026, -25.51321649926592], [-50.07955370000001, -25.512355599265923], [-50.07884710000002, -25.51171789926596], [-50.07856440000001, -25.510825099265947], [-50.07810910000001, -25.510031599265982], [-50.07757509999999, -25.509294599265978], [-50.07686849999999, -25.508784399266037], [-50.07605589999997, -25.509135199266], [-50.07573789999998, -25.50993229926599], [-50.07488999999999, -25.510314999265976], [-50.07382999999999, -25.510601899265954], [-50.07294669999999, -25.510793199266004], [-50.070115300000005, -25.51082559926594], [-50.06908679999998, -25.51083309926598], [-50.068070999999975, -25.51085699926596], [-50.06711710000002, -25.51108019926595], [-50.06623380000003, -25.51155849926593], [-50.0648559, -25.51184539926598], [-50.06400789999998, -25.512355599265923], [-50.06358399999999, -25.513120799265945], [-50.06271170000002, -25.51337789926595], [-50.06188800000001, -25.513758499265915], [-50.06118140000001, -25.514332499265926], [-50.0600508, -25.514651299265925], [-50.05941489999998, -25.515384599265875], [-50.058778899999986, -25.514778799265883], [-50.057877899999994, -25.51439619926591], [-50.057082999999984, -25.514013599265912], [-50.05655300000001, -25.513312199265897], [-50.05609370000002, -25.51261069926592], [-50.055175099999985, -25.512132399265926], [-50.0541682, -25.51211649926594], [-50.05330249999997, -25.512546899265946], [-50.05145649999997, -25.512602699265944], [-50.050440700000024, -25.512355599265923], [-50.04962810000001, -25.51187729926593], [-50.04867410000003, -25.512068599265966], [-50.04766719999998, -25.51209259926596], [-50.046728900000005, -25.511853299265937], [-50.04662489999998, -25.51184539926598], [-50.04581230000002, -25.51222809926596], [-50.04549429999997, -25.51337589926594], [-50.045268299999975, -25.514319799265913], [-50.045352999999984, -25.515161399265896], [-50.04468170000001, -25.51573539926585], [-50.044222400000024, -25.516436799265865], [-50.04346279999999, -25.516970899265832], [-50.04256179999999, -25.517616499265813], [-50.04164320000001, -25.5179352992658], [-50.04040659999998, -25.518094799265796], [-50.039558699999986, -25.51860489926582], [-50.03854289999998, -25.51871649926579], [-50.037721499999975, -25.518222299265815], [-50.036838199999984, -25.517999099265822], [-50.0358842, -25.517839699265842], [-50.03507159999999, -25.518190399265794], [-50.0335877, -25.518254199265815], [-50.03273969999998, -25.51892369926583], [-50.03192710000002, -25.519370099265796], [-50.031282799999985, -25.520043399265806], [-50.03079650000001, -25.520772899265772], [-50.0303725, -25.520517899265784], [-50.030222400000014, -25.5196011992658], [-50.02966589999999, -25.51885999926582], [-50.029100599999985, -25.518222299265815], [-50.02839399999999, -25.51771219926583], [-50.02772270000003, -25.517042599265867], [-50.02765199999999, -25.516086099265863], [-50.026980700000024, -25.515416499265896], [-50.02627410000002, -25.514906399265872], [-50.02528480000001, -25.514651299265925], [-50.0247195, -25.513886099265886], [-50.023730300000004, -25.513630999265885], [-50.023165000000006, -25.512993299265936], [-50.0225997, -25.512355599265923], [-50.02178700000002, -25.511941099265954], [-50.02146909999999, -25.510825099265947], [-50.02084120000001, -25.51014559926598], [-50.019985099999985, -25.509836699265993], [-50.01906650000001, -25.50954969926598], [-50.018077300000016, -25.509167099266023], [-50.01718510000001, -25.508792399266024], [-50.01638139999999, -25.509167099266023], [-50.01662870000002, -25.50827429926601], [-50.016666199999975, -25.50726989926603], [-50.016911300000004, -25.506424899266083], [-50.016664, -25.505595799266068], [-50.016346, -25.504766799266125], [-50.01595739999999, -25.503937699266114], [-50.01510939999997, -25.50342749926612], [-50.01440280000003, -25.502789699266135], [-50.01383750000002, -25.50215199926618], [-50.0135894, -25.501932199266157], [-50.01277759999999, -25.502120099266165], [-50.01150560000003, -25.502183899266136], [-50.010657700000024, -25.502630299266162], [-50.00973909999999, -25.502917299266105], [-50.008749799999975, -25.503044799266142], [-50.00785769999999, -25.503164399266133], [-50.007053900000024, -25.502789699266124], [-50.0062059, -25.502279499266134], [-50.00574660000001, -25.501482399266152], [-50.004368699999986, -25.50138669926618], [-50.00337939999997, -25.501003999266203], [-50.002531499999975, -25.501354799266178], [-50.00141860000003, -25.50138669926618], [-50.00050040000002, -25.50098339926617], [-49.999846299999994, -25.500366299266197], [-49.998998400000005, -25.499856099266186], [-49.9982564, -25.499154499266183], [-49.997726399999976, -25.498452999266213], [-49.996677499999976, -25.498325399266225], [-49.99574790000002, -25.498197899266216], [-49.995041300000025, -25.497560099266234], [-49.99405200000001, -25.497687599266243], [-49.99320399999999, -25.498070299266228], [-49.99316870000002, -25.49787899926624], [-49.992638699999986, -25.497177399266246], [-49.9917908, -25.496667199266255], [-49.99094280000002, -25.49615699926626], [-49.99013020000001, -25.495710499266256], [-49.98967090000002, -25.49500889926631], [-49.98923810000002, -25.49416389926632], [-49.98921159999997, -25.493191199266356], [-49.98923810000002, -25.491827899266347], [-49.988913000000025, -25.491008299266362], [-49.98862250000002, -25.490235899266416], [-49.988399000000015, -25.489906499266432], [-49.987975000000006, -25.48914109926641], [-49.987268400000005, -25.4886308992664], [-49.98627909999999, -25.488375699266435], [-49.9858198, -25.48767409926645], [-49.985007199999984, -25.48722759926645], [-49.98415920000003, -25.48671739926644], [-49.983311300000025, -25.486207099266487], [-49.982604700000024, -25.4855692992665], [-49.981756700000005, -25.485090899266496], [-49.9807674, -25.48518659926652], [-49.98013150000003, -25.485760599266477], [-49.97935419999999, -25.486207099266473], [-49.9787182, -25.486813099266467], [-49.97772889999999, -25.487163899266452], [-49.97709300000003, -25.48773789926647], [-49.97607720000001, -25.487873499266428], [-49.975114399999995, -25.488248199266422], [-49.97430179999998, -25.488893999266452], [-49.97341849999997, -25.48914109926641], [-49.97242920000002, -25.48891789926642], [-49.971270600000025, -25.48888879926641], [-49.97027839999998, -25.488914299266405], [-49.96942610000002, -25.489332499266407], [-49.9687548, -25.489906499266432], [-49.96771690000003, -25.4901695992664], [-49.96684479999999, -25.490444599266386], [-49.966599599999995, -25.491054599266363], [-49.96677620000003, -25.491947499266338], [-49.96744749999999, -25.492585299266327], [-49.967341499999975, -25.49347819926636], [-49.96695290000003, -25.494339299266294], [-49.966915400000005, -25.49524809926632], [-49.96667020000001, -25.49615699926626], [-49.966634899999974, -25.497049899266237], [-49.96592829999998, -25.497560099266234], [-49.96522169999997, -25.498197899266216], [-49.96437370000001, -25.498580499266218], [-49.96426769999999, -25.498771899266227], [-49.96338439999999, -25.499058899266245], [-49.96211249999999, -25.498867499266247], [-49.96099959999998, -25.498839599266212], [-49.96009859999998, -25.49928209926623], [-49.959109300000016, -25.49937769926623], [-49.958049399999986, -25.499377699266237], [-49.95702479999999, -25.499632799266177], [-49.95589419999999, -25.499983599266205], [-49.954878399999984, -25.500119099266207], [-49.95391569999998, -25.5004937992662], [-49.95306069999998, -25.50087649926618], [-49.952749700000034, -25.50164179926617], [-49.95186639999997, -25.50221579926614], [-49.95115980000003, -25.502725999266133], [-49.95034720000001, -25.503180399266142], [-49.949393199999975, -25.50329989926614], [-49.949084099999986, -25.504160899266097], [-49.94820570000002, -25.504652599266084], [-49.947856300000005, -25.504742799266083], [-49.94769730000001, -25.505619699266095], [-49.94727339999997, -25.506488599266078], [-49.94625980000001, -25.50674769926606], [-49.945511899999985, -25.50731309926602], [-49.94487079999999, -25.507891599266028], [-49.94455290000002, -25.50868879926604], [-49.944305499999984, -25.50954969926598], [-49.94374019999998, -25.50993229926599], [-49.94331629999999, -25.510729499266002], [-49.94232699999998, -25.510952699265996], [-49.9415497, -25.511367199265962], [-49.940772400000014, -25.51184539926598], [-49.93988910000001, -25.511590399265952], [-49.9389175, -25.511598299265955], [-49.93754430000001, -25.51197959926597], [-49.936956599999974, -25.512610699265913], [-49.93610419999998, -25.512223999265952], [-49.93511940000002, -25.51184539926598], [-49.93420079999998, -25.511590399265952], [-49.93314090000001, -25.511590399265952], [-49.9321516, -25.511462799265967], [-49.93133899999998, -25.510825099265947], [-49.93059699999997, -25.510314999265983], [-49.929643100000014, -25.509964199266], [-49.92883039999998, -25.509294599265978], [-49.92805320000002, -25.508816299265995], [-49.92685189999997, -25.508752599265993], [-49.926500799999985, -25.507991299266045], [-49.92653389999998, -25.506807499266035], [-49.9267812, -25.50585089926607], [-49.9260746, -25.505213199266105], [-49.92508529999998, -25.504830499266124], [-49.92409600000003, -25.504702999266108], [-49.923106800000035, -25.504447899266108], [-49.92268280000002, -25.503682599266114], [-49.9218348, -25.503172399266116], [-49.92095160000003, -25.502949199266123], [-49.91999759999999, -25.502789699266135], [-49.91918500000003, -25.50231139926614], [-49.91861970000002, -25.50139199926618], [-49.91787770000002, -25.501131599266188], [-49.917383099999995, -25.50042999926618], [-49.91646450000002, -25.50011119926619], [-49.91551049999998, -25.49986399926621], [-49.91448589999999, -25.499856099266186], [-49.91381460000003, -25.49925019926622], [-49.913496699999996, -25.498452999266217], [-49.913461299999994, -25.497623899266255], [-49.912942699999974, -25.496881499266234], [-49.91198630000003, -25.49679469926626], [-49.911094100000014, -25.496539599266267], [-49.91024620000002, -25.49701799926628], [-49.909186200000015, -25.497273099266227], [-49.90826759999999, -25.497560099266234], [-49.907490300000006, -25.497081799266248], [-49.90664240000002, -25.497528199266227], [-49.90558249999998, -25.49781519926623], [-49.90469919999998, -25.498110199266225], [-49.9037452, -25.498452999266213], [-49.903356599999995, -25.49940959926619], [-49.90257930000001, -25.499887899266174], [-49.901731299999994, -25.50033439926618], [-49.90148399999998, -25.501673699266185], [-49.900212099999976, -25.50215199926618], [-49.899505499999975, -25.50164179926618], [-49.8987988, -25.50215199926618], [-49.897844899999996, -25.501673699266185], [-49.89703229999998, -25.50208819926615], [-49.89611370000001, -25.50192879926613], [-49.8949831, -25.50189689926618], [-49.894257799999984, -25.50124229926617], [-49.893711100000026, -25.500461899266195], [-49.8920152, -25.500366299266187], [-49.891167300000006, -25.499983599266205], [-49.890295099999996, -25.499602899266222], [-49.88947139999999, -25.499983599266205], [-49.88855280000001, -25.500143099266193], [-49.88749280000002, -25.499856099266186], [-49.88664490000002, -25.499377699266237], [-49.884949000000006, -25.499377699266237], [-49.883853699999975, -25.499592999266206], [-49.88282909999998, -25.49934579926623], [-49.88198119999998, -25.49883559926623], [-49.88127450000002, -25.498325399266225], [-49.880320600000005, -25.498293499266214], [-49.87933129999999, -25.498325399266225], [-49.87858940000001, -25.49781519926623], [-49.87770610000001, -25.49759199926624], [-49.876822800000014, -25.497783299266228], [-49.876469499999985, -25.496922299266256], [-49.8761399, -25.49604559926628], [-49.87502089999998, -25.49606129926628], [-49.874031600000016, -25.496316399266295], [-49.87336030000001, -25.496922299266256], [-49.87265370000001, -25.497560099266234], [-49.87180569999999, -25.498070299266228], [-49.87124039999998, -25.49883559926622], [-49.87039249999998, -25.49934579926623], [-49.86968589999998, -25.499983599266205], [-49.869014600000014, -25.500589499266173], [-49.868131300000016, -25.50087649926618], [-49.86749529999997, -25.501514199266136], [-49.8672833, -25.502407099266183], [-49.866294100000005, -25.502662199266123], [-49.86573279999999, -25.50194049926614], [-49.86502209999998, -25.50138669926618], [-49.86406820000002, -25.501386699266167], [-49.86318490000003, -25.501003999266203], [-49.86247830000002, -25.500366299266187], [-49.86155969999999, -25.50011119926619], [-49.86089390000001, -25.499439399266247], [-49.8602171, -25.498867499266233], [-49.859227799999985, -25.49883559926623], [-49.85890979999999, -25.497942799266212], [-49.85813250000002, -25.497496299266267], [-49.857814599999976, -25.496539599266267], [-49.857390599999974, -25.495774299266284], [-49.856931299999985, -25.495072699266277], [-49.85667510000002, -25.494275499266326], [-49.856401300000016, -25.49347819926636], [-49.856825300000025, -25.492712899266362], [-49.85693129999999, -25.491819999266376], [-49.85640130000002, -25.491054599266363], [-49.85610980000001, -25.49019349926637], [-49.855694700000015, -25.489396299266428], [-49.855270700000005, -25.4886308992664], [-49.8547054, -25.48799299926646], [-49.854131300000006, -25.487163899266452], [-49.85371609999999, -25.486334699266468], [-49.85358359999998, -25.485417799266493], [-49.853857500000004, -25.484421199266503], [-49.853433499999994, -25.483528199266562], [-49.852479500000015, -25.483272999266546], [-49.85184359999999, -25.482571399266543], [-49.85133309999998, -25.48177299926655], [-49.850889600000016, -25.48097669926658], [-49.85045680000002, -25.480171399266627], [-49.85004170000002, -25.479445799266628], [-49.8493704, -25.478871799266607], [-49.84891110000001, -25.478170099266645], [-49.848239799999995, -25.47750029926663], [-49.84816910000001, -25.476543499266675], [-49.84767449999998, -25.475809899266693], [-49.84709509999998, -25.475124499266705], [-49.84693249999998, -25.475108199266735], [-49.84594329999999, -25.474853099266742], [-49.844862600000006, -25.47465779926671], [-49.84410600000001, -25.475108199266735], [-49.84332869999997, -25.47462979926672], [-49.84251610000002, -25.474151399266713], [-49.8415622, -25.474087599266753], [-49.84071419999999, -25.473577299266733], [-49.84029020000003, -25.472811799266744], [-49.83976030000003, -25.472110099266786], [-49.838982999999985, -25.472564599266757], [-49.83788770000001, -25.472811799266744], [-49.8368984, -25.472811799266744], [-49.8360505, -25.47230139926676], [-49.83523789999998, -25.47265229926675], [-49.834919899999996, -25.473577299266733], [-49.834155899999985, -25.474089599266744], [-49.833259300000016, -25.47427899926675], [-49.83244669999999, -25.473832399266733], [-49.8316694, -25.47332209926677], [-49.83091860000002, -25.472819799266794], [-49.83011479999998, -25.47332209926677], [-49.829549499999985, -25.474087599266753], [-49.82856029999999, -25.474087599266753], [-49.82760630000001, -25.47376859926677], [-49.826793699999996, -25.47332209926677], [-49.826031, -25.47282489926674], [-49.82516850000002, -25.47255659926678], [-49.82403790000001, -25.472046299266765], [-49.823331199999984, -25.47255659926679], [-49.82227130000001, -25.472779899266737], [-49.82132840000003, -25.472558599266776], [-49.820292699999975, -25.472779899266737], [-49.81923280000001, -25.47332209926677], [-49.818314199999975, -25.47360919926675], [-49.817430899999984, -25.474087599266753], [-49.81654759999998, -25.473704799266756], [-49.81485170000003, -25.47332209926677], [-49.81379179999999, -25.473385899266724], [-49.81294380000003, -25.473832399266733], [-49.81181320000002, -25.473864299266744], [-49.81089459999998, -25.473577299266733], [-49.80979930000001, -25.473569299266746], [-49.808916099999976, -25.47306689926675], [-49.8079621, -25.473034999266737], [-49.80722020000002, -25.47306689926675], [-49.80697279999998, -25.47223769926676], [-49.80626619999998, -25.471567799266793], [-49.80534189999997, -25.471498899266756], [-49.8044643, -25.471280799266783], [-49.80368700000003, -25.470802299266808], [-49.802556400000014, -25.47077049926681], [-49.801991100000016, -25.470068699266836], [-49.8008605, -25.46974979926682], [-49.800710400000014, -25.468832799266814], [-49.8003263, -25.467982299266865], [-49.800151700000015, -25.467176099266897], [-49.79972989999998, -25.466432499266883], [-49.798775999999975, -25.466017899266898], [-49.7987407, -25.46490149926692], [-49.799164599999976, -25.46512469926692], [-49.80005269999998, -25.46450669926695], [-49.80016269999999, -25.46313909926694], [-49.8005779, -25.462094399267006], [-49.800789899999984, -25.461265099266996], [-49.80156720000003, -25.46081849926703], [-49.80211750000001, -25.46012809926703], [-49.80199110000001, -25.459287399267026], [-49.8018586, -25.45837029926707], [-49.80187769999997, -25.457547699267092], [-49.80114320000001, -25.45756479926708], [-49.8001539, -25.45801139926705], [-49.79927059999999, -25.45756479926708], [-49.798705299999995, -25.456862999267084], [-49.79845719999997, -25.456040499267083], [-49.79817539999999, -25.455204199267154], [-49.7987053, -25.45453429926712], [-49.79845799999998, -25.453417799267175], [-49.797610099999986, -25.45303499926717], [-49.79718609999998, -25.45214179926719], [-49.79700939999998, -25.451248499267226], [-49.796762100000024, -25.45038719926725], [-49.797249500000014, -25.44960139926724], [-49.7981047, -25.449302499267237], [-49.7987407, -25.448696399267277], [-49.799429599999996, -25.448018499267267], [-49.79959739999998, -25.447141199267282], [-49.7998713, -25.44627189926732], [-49.799862399999995, -25.445378599267354], [-49.79979300000002, -25.444533599267338], [-49.799835900000005, -25.443464399267352], [-49.7998695, -25.44251339926739], [-49.79972989999999, -25.441677799267378], [-49.799306, -25.440912099267422], [-49.798775999999975, -25.44008259926742], [-49.798740699999996, -25.43925309926742], [-49.79898800000001, -25.438455499267445], [-49.79821070000003, -25.4379449992675], [-49.79813999999999, -25.436987899267525], [-49.79789269999998, -25.436190199267518], [-49.797610099999986, -25.435296899267566], [-49.79704479999998, -25.434658799267574], [-49.7962321, -25.43421209926759], [-49.795560799999976, -25.433542099267587], [-49.79464219999999, -25.433254899267588], [-49.793935600000005, -25.432616799267606], [-49.792911000000004, -25.432489199267618], [-49.79181569999998, -25.432457299267604], [-49.79057910000001, -25.43239349926759], [-49.790261199999975, -25.431468199267606], [-49.79054339999999, -25.430691299267618], [-49.79040250000003, -25.430191899267662], [-49.789695800000004, -25.429681399267647], [-49.78895390000002, -25.429202799267657], [-49.78771729999999, -25.42917089926764], [-49.786869299999985, -25.42866039926769], [-49.7859507, -25.428947599267683], [-49.78527939999998, -25.429585699267673], [-49.78404280000001, -25.429681399267647], [-49.783088899999996, -25.429394299267663], [-49.7822056, -25.42917089926764], [-49.78178159999998, -25.42840509926771], [-49.781357699999994, -25.427639399267672], [-49.78068639999998, -25.427033099267728], [-49.78036839999999, -25.426107799267747], [-49.779520400000024, -25.425597299267736], [-49.7792025, -25.42467189926778], [-49.778389800000014, -25.424193299267785], [-49.777577199999996, -25.423714699267784], [-49.7772592, -25.42278929926778], [-49.7765526, -25.422278799267826], [-49.77559869999999, -25.421895899267803], [-49.775704700000006, -25.42100239926785], [-49.77637600000003, -25.420396199267888], [-49.7761208, -25.41942839926788], [-49.77588129999998, -25.41911979926785], [-49.775422, -25.418194399267893], [-49.77489200000002, -25.417460499267918], [-49.77383209999999, -25.416981799267884], [-49.77400879999999, -25.41615219926794], [-49.7741148, -25.415258699267934], [-49.77358479999998, -25.414492799267975], [-49.77301949999998, -25.41385459926796], [-49.772763999999995, -25.412965499267987], [-49.77277220000002, -25.411780299268003], [-49.77259550000002, -25.410791099268025], [-49.77188890000002, -25.410280499268065], [-49.77118230000002, -25.409769899268078], [-49.7703343, -25.409259299268058], [-49.76934499999998, -25.40887639926809], [-49.768391099999974, -25.40878059926809], [-49.767401800000016, -25.408652999268103], [-49.76708380000002, -25.407855199268088], [-49.766377200000015, -25.407216899268096], [-49.76595320000001, -25.406450999268134], [-49.7664479, -25.405876599268147], [-49.76665989999997, -25.40491919926816], [-49.76707499999998, -25.40418509926819], [-49.76648319999998, -25.403451099268185], [-49.76623590000003, -25.402621399268202], [-49.76665989999997, -25.401855399268218], [-49.7662403, -25.401105399268257], [-49.766730499999994, -25.400291599268265], [-49.76764910000003, -25.40032349926828], [-49.76846169999999, -25.399972499268262], [-49.768991700000015, -25.399078899268297], [-49.7704756, -25.39891929926829], [-49.77061700000002, -25.398025699268324], [-49.769698300000016, -25.397770299268306], [-49.76934499999999, -25.397004399268358], [-49.76959240000002, -25.396110699268366], [-49.77026360000003, -25.395440499268375], [-49.77125289999998, -25.395121299268396], [-49.771076300000004, -25.394131899268388], [-49.7710409, -25.39251389926841], [-49.77188890000002, -25.392025499268424], [-49.77270149999998, -25.392567999268408], [-49.77301949999998, -25.39177009926842], [-49.77329329999998, -25.39090839926846], [-49.773019499999975, -25.38998279926846], [-49.773726099999976, -25.389344399268516], [-49.77358700000002, -25.38839879926852], [-49.77362010000002, -25.38749319926853], [-49.7735495, -25.38666329926856], [-49.77344349999999, -25.38576959926857], [-49.77305480000001, -25.384907799268593], [-49.77309989999998, -25.38396999926859], [-49.77333750000002, -25.383279899268622], [-49.77326679999999, -25.38213079926868], [-49.77231289999997, -25.381683999268656], [-49.771429599999976, -25.381907399268645], [-49.770201799999995, -25.381715899268674], [-49.76983969999998, -25.380949799268656], [-49.769062399999996, -25.380407199268667], [-49.76966299999997, -25.379577199268734], [-49.769486400000005, -25.3786195992687], [-49.76959240000002, -25.377725899268707], [-49.76920369999999, -25.376832099268757], [-49.768815099999976, -25.376065999268747], [-49.76877089999999, -25.374852999268764], [-49.76849709999999, -25.37402299926884], [-49.76824979999998, -25.373097299268814], [-49.768991700000015, -25.372618499268825], [-49.76881509999998, -25.37159699926887], [-49.76853240000002, -25.370575399268887], [-49.76849709999999, -25.369681599268876], [-49.768759999999986, -25.368808399268897], [-49.76807309999998, -25.36862819926891], [-49.76694250000003, -25.36843659926892], [-49.76581190000002, -25.36866009926893], [-49.76563520000002, -25.367766199268942], [-49.76496400000001, -25.36712779926895], [-49.76405640000001, -25.367383099268938], [-49.76312669999999, -25.36725549926895], [-49.76259679999999, -25.366553099268945], [-49.76203149999998, -25.365818899269], [-49.761993899999986, -25.364687599269033], [-49.76174880000002, -25.36374379926903], [-49.76143080000003, -25.362786099269034], [-49.760493699999984, -25.362786099269034], [-49.760228100000006, -25.36185939926908], [-49.7597877, -25.360742199269097], [-49.76124279999999, -25.359467899269138], [-49.76206029999997, -25.358839799269138], [-49.762901699999986, -25.35832529926913], [-49.763762299999996, -25.357930099269122], [-49.764929800000004, -25.35768469926915], [-49.766230699999994, -25.357378099269166], [-49.76756970000002, -25.357072899269156], [-49.769808599999976, -25.356500899269193], [-49.77108550000003, -25.35610339926919], [-49.77176480000003, -25.355564799269224], [-49.77141979999998, -25.35453469926921], [-49.77075869999999, -25.353866899269253], [-49.77112859999999, -25.353076299269247], [-49.77196650000002, -25.352440899269244], [-49.773039799999985, -25.351858899269303], [-49.77463510000001, -25.35183559926929], [-49.775872600000014, -25.351837799269276], [-49.777991499999985, -25.35186349926926], [-49.78054129999999, -25.352042299269264], [-49.781784200000004, -25.351940199269283], [-49.7833063, -25.351975499269248], [-49.78518700000001, -25.352331199269234], [-49.787210500000015, -25.352638999269253], [-49.78841920000002, -25.352661099269234], [-49.78988700000002, -25.352465799269265], [-49.7906744, -25.35179989926928], [-49.79138039999998, -25.351407299269276], [-49.792288100000015, -25.35099489926928], [-49.79232150000001, -25.350144799269312], [-49.792926000000016, -25.349438399269317], [-49.793972499999995, -25.34917499926933], [-49.79472650000003, -25.34871809926933], [-49.79552419999998, -25.348050599269374], [-49.796416299999976, -25.34743429926933], [-49.79734589999998, -25.34680689926937], [-49.7992789, -25.345654799269386], [-49.800218700000016, -25.34525419926942], [-49.80140590000001, -25.3450710992694], [-49.80244360000001, -25.344864099269422], [-49.80333230000002, -25.344576599269402], [-49.80452530000002, -25.343803899269453], [-49.80495780000002, -25.34296829926946], [-49.805564000000004, -25.342224799269466], [-49.80573930000003, -25.34098419926947], [-49.806386499999974, -25.340272099269498], [-49.80660449999999, -25.339183099269547], [-49.80656870000001, -25.33793419926958], [-49.80644610000002, -25.336256399269633], [-49.80643029999999, -25.335326399269597], [-49.80653619999998, -25.334328699269655], [-49.806451400000014, -25.333172199269644], [-49.805861100000016, -25.332294299269677], [-49.80503249999999, -25.331550599269708], [-49.805328299999985, -25.330645899269694], [-49.806046999999985, -25.32988059926976], [-49.806307300000014, -25.328782899269783], [-49.806473499999974, -25.327818499269757], [-49.80694570000003, -25.32602129926979], [-49.8071539, -25.325149899269817], [-49.80792760000003, -25.323607999269843], [-49.8081077, -25.323297999269887], [-49.808539800000005, -25.322485099269883], [-49.80943639999999, -25.321381199269926], [-49.81024489999998, -25.32077519926994], [-49.811580900000024, -25.32023049926992], [-49.813408700000025, -25.31957629926994], [-49.814698599999986, -25.319065099269945], [-49.816200200000026, -25.318600899269953], [-49.8173175, -25.318220599270003], [-49.81844030000002, -25.31787049927001], [-49.82012900000001, -25.317407799269997], [-49.82180599999998, -25.31685419927003], [-49.82231410000003, -25.315917199270025], [-49.82235969999999, -25.315067099270063], [-49.82211810000001, -25.314248799270036], [-49.8218526, -25.31332819927007], [-49.822048900000034, -25.312377299270075], [-49.82308929999999, -25.311863999270127], [-49.824235699999974, -25.311986499270095], [-49.82492730000001, -25.312717699270102], [-49.825964, -25.313355199270067], [-49.82666840000002, -25.3126367992701], [-49.82747039999998, -25.31159269927012], [-49.82829829999997, -25.311084099270143], [-49.828905099999986, -25.31028879927016], [-49.8292869, -25.309498099270144], [-49.8296664, -25.308700899270193], [-49.83063390000001, -25.30822749927017], [-49.831526499999995, -25.307497499270216], [-49.832441700000004, -25.305724499270237], [-49.83274990000001, -25.304797199270254], [-49.83299890000001, -25.30372989927028], [-49.83292399999999, -25.302247299270284], [-49.83293700000002, -25.300897999270358], [-49.832934799999975, -25.299820799270382], [-49.83334930000001, -25.29848809927037], [-49.83412650000002, -25.297811899270403], [-49.83489179999998, -25.2973529992704], [-49.83598919999998, -25.297176899270433], [-49.83726469999999, -25.297031599270447], [-49.837564799999996, -25.29682569927043], [-49.838075100000026, -25.295756599270447], [-49.83751030000002, -25.294822399270455], [-49.83747840000001, -25.29373229927048], [-49.83750650000002, -25.292606299270496], [-49.837590299999995, -25.29165939927054], [-49.83783149999999, -25.290852699270562], [-49.83604889999997, -25.28853679927057], [-49.835383999999976, -25.287605299270616], [-49.83433930000001, -25.287302199270627], [-49.8336003, -25.286321199270624], [-49.83353670000003, -25.285152799270655], [-49.83368239999999, -25.284258099270684], [-49.83391660000001, -25.283189699270686], [-49.834440400000005, -25.282207199270736], [-49.834503299999994, -25.27927539927081], [-49.833292099999994, -25.27942459927081], [-49.83165600000001, -25.27967249927078], [-49.83032609999998, -25.279664299270763], [-49.829323999999986, -25.279665299270757], [-49.828301599999975, -25.279634499270774], [-49.82725499999998, -25.279535499270796], [-49.82519079999998, -25.27890679927081], [-49.824076400000024, -25.278193999270794], [-49.82247480000001, -25.277331699270817], [-49.82173319999998, -25.27664539927085], [-49.82060300000001, -25.276160099270886], [-49.819480899999974, -25.27613979927087], [-49.81843809999998, -25.275643899270847], [-49.81792170000001, -25.274879999270876], [-49.81779289999998, -25.274017199270904], [-49.817715299999975, -25.273035399270945], [-49.817478400000034, -25.271724199270942], [-49.81727549999999, -25.270792799270946], [-49.81688220000001, -25.269214599271], [-49.816927799999974, -25.268068599271018], [-49.817384000000004, -25.26731259927107], [-49.81840620000003, -25.26734339927106], [-49.81956380000003, -25.267568099271042], [-49.820833100000016, -25.267839099271033], [-49.82187759999999, -25.26815359927102], [-49.82340970000001, -25.26832449927102], [-49.824469799999974, -25.268310299271015], [-49.825505299999975, -25.267969599271037], [-49.82577450000002, -25.26767819927101], [-49.8256447, -25.266796699271037], [-49.82510100000002, -25.26580719927106], [-49.824951899999974, -25.264940099271076], [-49.825133300000005, -25.26372349927114], [-49.82581399999998, -25.262714899271135], [-49.82748029999998, -25.26077119927121], [-49.828826100000015, -25.260690099271155], [-49.82973390000001, -25.260554799271198], [-49.830861599999984, -25.260218099271153], [-49.83230630000003, -25.259797199271183], [-49.833581200000026, -25.259229499271207], [-49.834293100000025, -25.258623599271242], [-49.83547420000002, -25.258174199271217], [-49.836753999999985, -25.25742929927125], [-49.83798109999998, -25.256206499271297], [-49.8392657, -25.25548269927131], [-49.84079170000001, -25.254750699271288], [-49.84206499999999, -25.254587399271294], [-49.84326119999997, -25.254086599271307], [-49.84374270000001, -25.253363999271308], [-49.8440352, -25.252462399271366], [-49.8445471, -25.25167139927139], [-49.84523100000002, -25.250453599271403], [-49.84557619999998, -25.249508399271445], [-49.84520479999998, -25.24863619927146], [-49.84461859999999, -25.247666299271433], [-49.84412120000001, -25.246704999271486], [-49.84326829999998, -25.24468969927149], [-49.842872, -25.243637099271535], [-49.8424119, -25.24184209927155], [-49.84239289999999, -25.240788599271568], [-49.84328790000001, -25.23906369927161], [-49.84448270000002, -25.23840599927164], [-49.845439399999975, -25.238163199271632], [-49.84652119999999, -25.238446799271664], [-49.847402999999986, -25.239263599271645], [-49.848765699999994, -25.239289899271643], [-49.849967600000014, -25.239265099271645], [-49.8509178, -25.23924549927161], [-49.85209900000002, -25.239011299271645], [-49.853920500000015, -25.238106899271642], [-49.85499859999999, -25.237870599271663], [-49.85596079999999, -25.237561099271655], [-49.85524509999998, -25.23667999927165], [-49.85492149999999, -25.235332099271705], [-49.85402099999998, -25.234560699271697], [-49.85264219999999, -25.234611099271717], [-49.85119559999998, -25.234722199271747], [-49.85028859999999, -25.2346539992717], [-49.84905029999999, -25.23406339927176], [-49.847982100000024, -25.233260099271746], [-49.846945500000004, -25.232670999271747], [-49.846074999999985, -25.232297299271803], [-49.84523780000001, -25.23195439927179], [-49.844065, -25.231547699271804], [-49.84299429999999, -25.231019499271806], [-49.84199480000001, -25.230063799271804], [-49.840990799999986, -25.229090199271816], [-49.83947749999999, -25.229646499271833], [-49.83682169999997, -25.229656199271858], [-49.83564519999999, -25.229646899271806], [-49.8346148, -25.229455299271816], [-49.8331002, -25.228617799271845], [-49.83194950000001, -25.227782999271856], [-49.83106179999998, -25.22820899927185], [-49.829722000000004, -25.228278599271867], [-49.82859239999999, -25.22843169927184], [-49.82777090000002, -25.227996599271844], [-49.82739079999999, -25.22702779927186], [-49.82765630000001, -25.226229099271908], [-49.828473299999985, -25.225828199271934], [-49.82808319999998, -25.2249767992719], [-49.828592300000025, -25.224109199271933], [-49.8296206, -25.22376849927196], [-49.830727799999984, -25.223104799271947], [-49.83218169999998, -25.22275549927198], [-49.83312769999998, -25.223110199271982], [-49.834188100000006, -25.222797899271967], [-49.836155200000015, -25.222544299271956], [-49.83713710000001, -25.222866999271975], [-49.837888599999985, -25.22337749927199], [-49.83906730000001, -25.22402889927195], [-49.84022540000001, -25.224198499271942], [-49.84103670000002, -25.223723299271967], [-49.84170019999999, -25.222879899271984], [-49.84224740000002, -25.221930299271982], [-49.843032300000004, -25.220642899271997], [-49.8440352, -25.219681299272036], [-49.84518859999997, -25.218672299272033], [-49.84628969999999, -25.217411899272093], [-49.84816860000001, -25.216966099272074], [-49.849138900000014, -25.217365299272075], [-49.85061990000003, -25.21804189927208], [-49.851901399999974, -25.218487599272066], [-49.852857099999994, -25.21856549927207], [-49.853765599999974, -25.218639599272073], [-49.85477209999999, -25.218427599272047], [-49.85690649999998, -25.21745099927207], [-49.85776980000003, -25.21710139927208], [-49.86039770000002, -25.2156916992721], [-49.861309500000004, -25.215280899272116], [-49.86282130000001, -25.21536129927211], [-49.86488489999999, -25.215744099272122], [-49.866532199999995, -25.2160107992721], [-49.867731900000024, -25.21592649927214], [-49.87010520000001, -25.21463429927214], [-49.871223999999984, -25.214155999272155], [-49.87282049999999, -25.213603299272147], [-49.8756227, -25.213165899272152], [-49.87681049999997, -25.212905399272188], [-49.878272200000026, -25.21288789927218], [-49.87948510000001, -25.21257609927216], [-49.881146899999976, -25.212795099272178], [-49.88199630000002, -25.21315609927217], [-49.88272269999998, -25.213681099272137], [-49.8835153, -25.214267499272157], [-49.884605000000015, -25.21481409927215], [-49.88587460000002, -25.214069199272135], [-49.88586529999998, -25.212780499272192], [-49.88589159999997, -25.2118849992722], [-49.8864183, -25.210705799272255], [-49.88713899999999, -25.20981149927225], [-49.88808849999999, -25.20947999927224], [-49.890382199999976, -25.208346699272262], [-49.89121990000002, -25.207781299272312], [-49.89160140000001, -25.206758699272328], [-49.891616899999974, -25.20584329927236], [-49.89215530000001, -25.204503699272326], [-49.8927989, -25.203889299272376], [-49.8937398, -25.203189899272374], [-49.89509650000002, -25.202255299272398], [-49.896479399999976, -25.20141419927241], [-49.897790499999985, -25.200675799272428], [-49.89975049999999, -25.199666499272425], [-49.90155970000001, -25.1982233992725], [-49.902724999999975, -25.197421399272507], [-49.90409290000003, -25.196820299272524], [-49.905203700000015, -25.196622199272504], [-49.9071457, -25.196498899272516], [-49.90810399999998, -25.196437199272523], [-49.908454500000005, -25.195528699272554], [-49.908426899999995, -25.19414619927255], [-49.90830870000002, -25.1932738992726], [-49.90810019999998, -25.19120829927266], [-49.90708549999999, -25.189364699272673], [-49.90638369999999, -25.188825799272703], [-49.905003299999976, -25.188001599272713], [-49.90457650000002, -25.186680199272732], [-49.90637190000001, -25.185920099272717], [-49.905799100000024, -25.185244399272758], [-49.90657199999998, -25.18454519927277], [-49.90757129999997, -25.183831399272766], [-49.90819010000001, -25.183608699272774], [-49.91005289999998, -25.1831842992728], [-49.91193049999998, -25.1827969992728], [-49.913168799999994, -25.18241629927282], [-49.91445529999998, -25.182288099272814], [-49.91588580000001, -25.182359499272838], [-49.9169756, -25.18228359927283], [-49.91849120000001, -25.181904899272837], [-49.919351000000006, -25.181567099272844], [-49.919967299999996, -25.180767499272857], [-49.92001879999998, -25.180448899272857], [-49.92017049999999, -25.17951089927291], [-49.92038980000001, -25.17808879927292], [-49.92072810000002, -25.17687579927293], [-49.92169819999998, -25.17546099927295], [-49.9228645, -25.17466679927299], [-49.92431099999998, -25.173530599272997], [-49.92472099999998, -25.17275389927299], [-49.924425799999995, -25.171926099273055], [-49.92418090000002, -25.171121699273062], [-49.92520889999997, -25.170566299273087], [-49.92650570000001, -25.170066599273056], [-49.927520200000004, -25.169655199273112], [-49.92693589999998, -25.167311699273174], [-49.9261472, -25.165779599273172], [-49.925388199999986, -25.1641324992732], [-49.925266799999974, -25.163101599273226], [-49.925948800000015, -25.162052799273273], [-49.92767279999998, -25.16084979927326], [-49.928783399999986, -25.16007419927329], [-49.93043290000003, -25.15904109927334], [-49.93213450000002, -25.157785999273326], [-49.9332753, -25.15699149927335], [-49.934242900000015, -25.155828899273395], [-49.9339741, -25.154863699273427], [-49.932414400000035, -25.154577299273434], [-49.930878, -25.15449739927344], [-49.92954209999999, -25.15455649927341], [-49.928168299999975, -25.15427599927339], [-49.92728770000002, -25.153026599273414], [-49.92753570000002, -25.152083099273483], [-49.92820929999999, -25.151359099273456], [-49.92944990000001, -25.15068009927347], [-49.93101899999999, -25.14988869927352], [-49.928697, -25.147841599273544], [-49.92905380000003, -25.146984899273562], [-49.92913900000002, -25.1458846992736], [-49.928697699999994, -25.14512159927359], [-49.9304027, -25.14543509927357], [-49.93239410000001, -25.145090599273605], [-49.933329800000024, -25.144928699273592], [-49.93465750000002, -25.144409499273618], [-49.93554100000001, -25.143099599273675], [-49.93594250000001, -25.14217249927368], [-49.936605499999985, -25.14125999927367], [-49.937992099999974, -25.14009489927371], [-49.93946970000002, -25.139262299273707], [-49.940861299999995, -25.13858429927373], [-49.94189540000002, -25.13845399927377], [-49.94282770000002, -25.138437799273756], [-49.94352600000002, -25.13926839927372], [-49.9442457, -25.14053489927368], [-49.94489540000001, -25.141114399273675], [-49.94567069999999, -25.141829299273653], [-49.94617299999998, -25.142504399273662], [-49.947137199999986, -25.144155999273632], [-49.947760800000026, -25.144894399273607], [-49.948132199999975, -25.145653799273585], [-49.949226099999976, -25.14711879927354], [-49.94986929999999, -25.14772319927352], [-49.94964970000001, -25.148543999273542], [-49.950530000000015, -25.14877279927354], [-49.95198449999999, -25.148986299273513], [-49.95337949999998, -25.14868649927352], [-49.95421900000003, -25.14832829927354], [-49.95543809999999, -25.147859299273534], [-49.956240400000006, -25.14726509927359], [-49.955811400000016, -25.14645909927359], [-49.955208400000004, -25.145643299273594], [-49.95476129999997, -25.144883399273642], [-49.95590579999998, -25.143630099273622], [-49.9569664, -25.14333939927364], [-49.95820179999998, -25.14291999927365], [-49.960085900000024, -25.140987199273674], [-49.960896100000014, -25.140454399273718], [-49.961671500000016, -25.14003469927372], [-49.9625686, -25.1393193992737], [-49.96290110000002, -25.138540199273763], [-49.962859200000025, -25.137717499273762], [-49.9633814, -25.136885399273766], [-49.96434959999999, -25.136833399273776], [-49.96548949999999, -25.136518999273807], [-49.966604500000024, -25.135960299273812], [-49.96681109999998, -25.135152199273804], [-49.96676919999999, -25.13414279927384], [-49.967808199999986, -25.13341609927382], [-49.96839729999999, -25.132273499273865], [-49.969888399999995, -25.13171059927391], [-49.970979100000015, -25.130823699273915], [-49.97108229999998, -25.12937449927392], [-49.970922799999975, -25.128529899273943], [-49.97099220000001, -25.12764989927397], [-49.97123449999998, -25.127408299273995], [-49.97241050000003, -25.12594359927403], [-49.9715908, -25.123970699274018], [-49.97135559999998, -25.122395799274074], [-49.97092600000002, -25.119871799274133], [-49.97014539999998, -25.118990499274144], [-49.970786299999986, -25.118155399274134], [-49.97164350000003, -25.11766419927416], [-49.97224640000002, -25.11672259927419], [-49.971986000000015, -25.115877699274208], [-49.97161540000002, -25.11500369927423], [-49.97207739999999, -25.113974799274253], [-49.972913800000015, -25.113361399274243], [-49.97367730000002, -25.112741899274283], [-49.974637099999995, -25.112111999274315], [-49.975497099999984, -25.111682199274327], [-49.9772686, -25.110481899274365], [-49.9775573, -25.10928829927437], [-49.978096199999975, -25.108099399274398], [-49.97883089999999, -25.107576999274375], [-49.98047070000001, -25.107267199274425], [-49.98138610000001, -25.106817299274404], [-49.982004200000006, -25.105417699274415], [-49.982216900000026, -25.104212299274433], [-49.982149900000024, -25.103292099274462], [-49.98184279999999, -25.102517899274506], [-49.981397199999996, -25.101986699274512], [-49.980823199999975, -25.10121499927455], [-49.98020270000001, -25.100109899274557], [-49.9796025, -25.098930599274595], [-49.98025139999998, -25.097266399274634], [-49.97989519999999, -25.096039399274623], [-49.978967599999976, -25.094853499274656], [-49.978411199999975, -25.094432899274683], [-49.97743880000002, -25.093256499274688], [-49.977876400000014, -25.092112899274735], [-49.978590499999996, -25.09103989927474], [-49.97930150000002, -25.090333799274756], [-49.98118199999999, -25.088305599274822], [-49.982124899999974, -25.086958899274844], [-49.98269850000002, -25.086162699274826], [-49.98400220000003, -25.08529759927485], [-49.98461700000001, -25.084040399274883], [-49.98465590000001, -25.08280049927495], [-49.98438620000002, -25.08149319927495], [-49.98378880000001, -25.080640499274978], [-49.98228039999998, -25.08033199927496], [-49.981121599999994, -25.08039289927496], [-49.97975480000003, -25.08027369927499], [-49.97947720000002, -25.080245999274958], [-49.97835409999999, -25.080075699274975], [-49.97694009999997, -25.079748299274993], [-49.978897399999994, -25.079280699275017], [-49.98095970000003, -25.07812549927501], [-49.98248460000002, -25.076962099275054], [-49.98329660000002, -25.07621079927507], [-49.983026800000005, -25.075337499275058], [-49.9818449, -25.075145899275075], [-49.981424199999985, -25.074251599275122], [-49.9815845, -25.07305449927512], [-49.98185130000002, -25.071445599275147], [-49.981980599999986, -25.07041359927516], [-49.981917099999976, -25.069458699275184], [-49.981789900000024, -25.068567099275214], [-49.981306200000006, -25.06720699927524], [-49.98034319999999, -25.066666799275264], [-49.978593400000015, -25.066408599275245], [-49.97766739999997, -25.06651479927525], [-49.976575000000025, -25.06689919927527], [-49.97498860000002, -25.067140499275244], [-49.97399180000002, -25.06719839927523], [-49.97282050000001, -25.067217299275228], [-49.97188890000001, -25.067210899275267], [-49.970882399999994, -25.06713509927522], [-49.96978050000001, -25.06641649927526], [-49.96926400000001, -25.065446599275244], [-49.96825890000002, -25.06472329927532], [-49.96734090000001, -25.063995399275317], [-49.966408, -25.063184499275305], [-49.96522090000002, -25.063373899275312], [-49.964371500000034, -25.06286989927534], [-49.96430889999999, -25.0613328992754], [-49.964721, -25.05997999927539], [-49.965716799999996, -25.058590599275423], [-49.966011200000025, -25.057588299275473], [-49.96730209999998, -25.055688999275464], [-49.96712680000002, -25.054844599275533], [-49.966205699999996, -25.05432829927552], [-49.965187199999995, -25.05397889927553], [-49.964025100000015, -25.053166299275528], [-49.96281729999998, -25.053089099275574], [-49.963504699999994, -25.052176599275555], [-49.9642657, -25.051493799275573], [-49.96502909999998, -25.05047339927559], [-49.96574340000001, -25.04941709927565], [-49.9659269, -25.048546899275653], [-49.96544169999999, -25.047390899275644], [-49.96440439999998, -25.046976799275647], [-49.96316860000001, -25.047002299275647], [-49.96210910000002, -25.04702989927565], [-49.96111450000001, -25.046856099275693], [-49.96110820000001, -25.045834499275703], [-49.96142630000002, -25.044868999275714], [-49.962127599999974, -25.04379289927576], [-49.9632431, -25.04346289927575], [-49.96418369999998, -25.04328279927573], [-49.96511850000002, -25.04287649927573], [-49.96566050000002, -25.041297799275792], [-49.965417, -25.040309999275788], [-49.96582979999999, -25.039120299275808], [-49.96624370000001, -25.03779289927587], [-49.96614990000001, -25.036966699275876], [-49.9660389, -25.036151699275905], [-49.96607210000002, -25.034972999275904], [-49.96592320000002, -25.033983599275956], [-49.9659398, -25.032821099275942], [-49.96618380000001, -25.032013299276], [-49.96650140000003, -25.031074999275994], [-49.96655820000001, -25.03020469927604], [-49.9666067, -25.029067599276072], [-49.9660159, -25.0281640992761], [-49.96436380000001, -25.02782639927605], [-49.96335720000002, -25.027796399276074], [-49.9624407, -25.027808699276058], [-49.96154180000002, -25.027801999276083], [-49.96053060000003, -25.028441199276028], [-49.95924480000002, -25.028914399276065], [-49.95894989999999, -25.02806379927606], [-49.95862970000002, -25.027235899276075], [-49.95719739999998, -25.026656499276104], [-49.9561385, -25.027143899276087], [-49.95530300000002, -25.02771139927607], [-49.95439069999998, -25.028438899276082], [-49.953554999999994, -25.028824299276046], [-49.9524485, -25.02890679927607], [-49.95131309999999, -25.02921989927603], [-49.95069669999998, -25.029950799276037], [-49.95072579999999, -25.031281599275992], [-49.9493931, -25.031798299275984], [-49.948292200000026, -25.032202899275994], [-49.9473878, -25.032200299275985], [-49.946283400000034, -25.031615299275987], [-49.945764499999996, -25.030487899276043], [-49.94564580000002, -25.029638499276018], [-49.94520039999998, -25.02874089927605], [-49.94416690000003, -25.028916999276028], [-49.94264709999999, -25.028486399276087], [-49.94168289999999, -25.027981999276086], [-49.94088340000001, -25.027288199276068], [-49.940098600000006, -25.026376999276142], [-49.939285299999995, -25.025786099276125], [-49.9382961, -25.024989099276173], [-49.9371127, -25.023775299276167], [-49.93595749999997, -25.02346889927617], [-49.93518280000001, -25.022821199276176], [-49.93471199999999, -25.02196929927622], [-49.93353730000001, -25.020997599276196], [-49.9321362, -25.020441799276234], [-49.931261800000016, -25.020154699276215], [-49.930122600000004, -25.02003279927626], [-49.9284164, -25.019980099276225], [-49.93005729999999, -25.019057499276236], [-49.9302657, -25.01803859927629], [-49.93083660000002, -25.017301999276278], [-49.931385999999975, -25.01655589927633], [-49.93112129999997, -25.01552109927634], [-49.93045089999998, -25.014925199276338], [-49.929541700000016, -25.01445559927638], [-49.92949870000001, -25.013606799276364], [-49.93048440000001, -25.012922799276403], [-49.93097629999999, -25.011860099276387], [-49.93047790000003, -25.01097639927643], [-49.9306904, -25.009870599276457], [-49.93061799999998, -25.00888059927647], [-49.92980349999999, -25.007485499276473], [-49.92859309999999, -25.00758169927651], [-49.928804000000014, -25.006652699276536], [-49.92936700000001, -25.005578799276563], [-49.92937449999999, -25.00470739927653], [-49.92858769999998, -25.004189599276586], [-49.928485099999996, -25.002797499276593], [-49.927739299999985, -25.00173709927664], [-49.92907480000002, -25.001455599276625], [-49.929898400000006, -24.99943629927669], [-49.930760899999996, -24.998639799276663], [-49.9312911, -24.997272999276724], [-49.930929699999986, -24.996576899276715], [-49.930685400000016, -24.99572659927676], [-49.92993769999998, -24.994895599276774], [-49.92872540000001, -24.99449509927677], [-49.928084399999996, -24.993873199276788], [-49.92711379999997, -24.992627699276834], [-49.92669239999998, -24.991890799276856], [-49.92569980000002, -24.990278199276844], [-49.92502059999998, -24.989656799276858], [-49.924017400000025, -24.989876199276914], [-49.9229282, -24.990693999276882], [-49.922015400000014, -24.991489999276848], [-49.92115560000002, -24.99196539927686], [-49.91984480000002, -24.99223109927686], [-49.91854009999997, -24.991785899276863], [-49.91707719999999, -24.991714299276858], [-49.9159957, -24.992111399276826], [-49.91468020000002, -24.99200829927684], [-49.9130535, -24.991883499276803], [-49.91196129999997, -24.992219899276837], [-49.91111000000001, -24.99255729927681], [-49.909468100000026, -24.993256299276798], [-49.90782789999997, -24.993771699276813], [-49.906359899999984, -24.99472419927678], [-49.90565010000001, -24.995315199276753], [-49.90474080000001, -24.99569839927673], [-49.90345300000001, -24.996193499276746], [-49.9024172, -24.99664449927673], [-49.90134599999999, -24.996945399276743], [-49.899607300000014, -24.99740879927673], [-49.89858129999999, -24.997854599276693], [-49.89777279999999, -24.998215599276676], [-49.89618610000002, -24.99836429927668], [-49.895255299999974, -24.998522399276695], [-49.8942323, -24.998980699276682], [-49.89335749999998, -24.999489999276648], [-49.89212450000003, -24.99948079927669], [-49.89220799999998, -24.99858699927668], [-49.892265699999996, -24.997761899276718], [-49.8922015, -24.996499999276768], [-49.891842499999996, -24.99482129927678], [-49.891170800000005, -24.993579699276797], [-49.890551000000016, -24.992875499276842], [-49.88995410000002, -24.991758799276848], [-49.88971279999999, -24.990610299276884], [-49.89023580000003, -24.989490699276864], [-49.89093889999998, -24.9885783992769], [-49.89172300000001, -24.988125499276947], [-49.89283219999999, -24.98790439927691], [-49.89411460000002, -24.98800569927689], [-49.895297200000016, -24.988014499276932], [-49.896252899999986, -24.988067499276916], [-49.89728330000003, -24.988212699276936], [-49.898593300000016, -24.98803889927691], [-49.89926809999997, -24.987403899276927], [-49.89956289999997, -24.986532499276958], [-49.89958189999999, -24.985673699276976], [-49.89910070000002, -24.98459469927699], [-49.89843170000001, -24.98358849927701], [-49.898641, -24.982450599277023], [-49.899098700000025, -24.979594499277113], [-49.899294999999995, -24.977044499277124], [-49.89900110000002, -24.976162099277172], [-49.89885850000002, -24.975220699277216], [-49.89878679999998, -24.973668999277187], [-49.898855000000026, -24.972789699277264], [-49.89911760000001, -24.971553199277277], [-49.89950249999998, -24.970707499277278], [-49.90032120000001, -24.969176899277286], [-49.90085970000001, -24.968034199277316], [-49.90205950000001, -24.96688819927739], [-49.90291800000001, -24.965956699277378], [-49.903149499999984, -24.965161399277402], [-49.90310649999998, -24.964335399277402], [-49.90278699999999, -24.963074999277453], [-49.90211979999998, -24.962515499277455], [-49.901865999999984, -24.96237689927744], [-49.90048280000002, -24.96232079927745], [-49.899859400000025, -24.96169699927749], [-49.89981660000001, -24.960848099277516], [-49.90031829999998, -24.95991819927752], [-49.90079129999998, -24.958745399277532], [-49.901205300000015, -24.957441199277575], [-49.901118800000006, -24.955858099277602], [-49.900750399999986, -24.954846299277605], [-49.89959379999999, -24.953916799277643], [-49.89945110000002, -24.95385049927762], [-49.898144100000025, -24.95372619927764], [-49.896971699999995, -24.953354499277637], [-49.89619490000001, -24.952266899277657], [-49.895673199999976, -24.95152909927771], [-49.89410179999999, -24.950953799277677], [-49.89369060000001, -24.951009899277675], [-49.8929134, -24.951605399277692], [-49.89247069999999, -24.9523997992777], [-49.892668000000015, -24.954238999277614], [-49.8926727, -24.955130399277582], [-49.892043, -24.955976399277596], [-49.89074959999999, -24.95637749927757], [-49.890681900000004, -24.95550549927762], [-49.88998400000002, -24.954789299277632], [-49.88880260000002, -24.955032099277588], [-49.888088700000026, -24.95573839927758], [-49.887295300000005, -24.95724619927755], [-49.88648330000001, -24.958019899277566], [-49.885572000000025, -24.958655199277544], [-49.88449129999998, -24.958532399277562], [-49.88333690000002, -24.958225599277533], [-49.88229940000003, -24.958409299277573], [-49.881618600000024, -24.95906129927751], [-49.8811005, -24.9599967992775], [-49.88017180000003, -24.96115149927752], [-49.87885360000002, -24.96158619927747], [-49.87798220000002, -24.96191009927748], [-49.876857599999994, -24.962534399277445], [-49.876209099999976, -24.961910299277474], [-49.87576469999998, -24.96098959927749], [-49.87511219999999, -24.960023499277487], [-49.87432209999997, -24.95916689927754], [-49.873125699999996, -24.95866499927754], [-49.87213509999998, -24.958989799277518], [-49.87134850000001, -24.959717699277505], [-49.87076350000001, -24.96042419927748], [-49.86984619999999, -24.9617015992775], [-49.86850049999998, -24.96304449927748], [-49.86761610000002, -24.963473499277466], [-49.86613599999998, -24.963375299277434], [-49.86585079999998, -24.962195899277447], [-49.865522899999974, -24.961278799277487], [-49.86432430000002, -24.960306499277504], [-49.86338690000002, -24.95896339927755], [-49.863495100000016, -24.958138599277536], [-49.863547799999985, -24.956965299277552], [-49.8623283, -24.956593599277603], [-49.86132980000002, -24.956469099277573], [-49.86054419999999, -24.955791199277623], [-49.8597327, -24.955304099277587], [-49.85899749999999, -24.954626899277617], [-49.85811150000001, -24.95406679927765], [-49.85752880000001, -24.95334329927763], [-49.85761550000001, -24.952295399277695], [-49.85843019999999, -24.951853499277707], [-49.859525200000014, -24.95150319927768], [-49.85989169999999, -24.950588699277727], [-49.859162500000025, -24.95005849927773], [-49.858236100000006, -24.95009439927773], [-49.85686709999999, -24.950588499277696], [-49.8559424, -24.95058139927769], [-49.855120899999974, -24.949657699277715], [-49.85505860000001, -24.94877639927774], [-49.854912300000024, -24.947729699277797], [-49.854316499999975, -24.946876499277767], [-49.85336619999999, -24.946272899277794], [-49.852394600000025, -24.945256299277812], [-49.85130090000001, -24.944949799277854], [-49.85061130000003, -24.944967399277818], [-49.849776599999984, -24.94546549927783], [-49.84915189999998, -24.94632379927781], [-49.84851040000001, -24.94707119927776], [-49.84766710000002, -24.9474237992778], [-49.84671830000002, -24.9471719992778], [-49.8461451, -24.9464245992778], [-49.8451149, -24.946346799277812], [-49.84400470000002, -24.946705099277768], [-49.84276670000003, -24.94729179927779], [-49.84160429999997, -24.947856099277786], [-49.84059559999997, -24.948123499277767], [-49.8395127, -24.948252599277748], [-49.8385313, -24.94829089927778], [-49.837290600000024, -24.948150399277736], [-49.8362702, -24.94799799927774], [-49.8352112, -24.948264899277785], [-49.8346732, -24.949292799277764], [-49.83370710000003, -24.950385999277692], [-49.8329976, -24.950930899277708], [-49.83226309999998, -24.951452599277673], [-49.83089990000002, -24.951969399277676], [-49.8295349, -24.952669599277634], [-49.829864999999984, -24.953484099277677], [-49.8304493, -24.95439679927761], [-49.83081879999998, -24.955225399277627], [-49.83077809999998, -24.956876299277546], [-49.82981719999998, -24.957396199277568], [-49.82885240000002, -24.95746499927758], [-49.827901499999996, -24.95779389927757], [-49.826750999999994, -24.958498299277515], [-49.825356399999976, -24.95769289927754], [-49.82471129999999, -24.956778099277592], [-49.8248251, -24.95591209927757], [-49.824810000000014, -24.95485699927762], [-49.82383290000001, -24.954436499277616], [-49.82299180000002, -24.954100299277627], [-49.82205620000001, -24.953459199277642], [-49.8209564, -24.952716599277625], [-49.820158100000015, -24.95187069927765], [-49.81941260000002, -24.95105319927768], [-49.81816359999999, -24.950542499277685], [-49.817232999999995, -24.950118499277686], [-49.81627959999997, -24.94985869927771], [-49.815202399999976, -24.949391399277765], [-49.81409700000001, -24.949244999277756], [-49.813141599999994, -24.949191599277746], [-49.812111899999984, -24.949022799277763], [-49.81118320000001, -24.94880899927773], [-49.81040350000001, -24.948223099277765], [-49.80966239999998, -24.947397899277778], [-49.809116500000016, -24.946613799277813], [-49.808721100000014, -24.945876799277826], [-49.80774969999998, -24.944882799277842], [-49.806428100000005, -24.943679699277865], [-49.80508209999999, -24.943041199277854], [-49.803822000000025, -24.94137989927792], [-49.802649900000006, -24.940011299277913], [-49.80106719999997, -24.93882059927795], [-49.8003999, -24.938072999277953], [-49.79965019999997, -24.937089099277976], [-49.799306800000004, -24.93619199927802], [-49.798812899999966, -24.935247699278026], [-49.79889059999999, -24.933878099278083], [-49.79893529999998, -24.933001199278053], [-49.79997530000003, -24.932092199278095], [-49.80088469999999, -24.93168669927811], [-49.800921399999986, -24.93049449927814], [-49.800602200000014, -24.929689199278144], [-49.79996139999997, -24.928330999278206], [-49.79952159999999, -24.926997299278188], [-49.79927839999999, -24.92614679927825], [-49.79921380000001, -24.92502249927826], [-49.7994248, -24.924015099278293], [-49.799637700000005, -24.922801299278305], [-49.799551099999974, -24.921355799278338], [-49.79925020000002, -24.920410899278323], [-49.79876200000001, -24.91971979927837], [-49.7976635, -24.918909599278383], [-49.797178299999985, -24.918509299278366], [-49.79544149999998, -24.917240499278407], [-49.794567599999986, -24.916591299278426], [-49.793314599999974, -24.916145399278452], [-49.79238800000002, -24.915747999278462], [-49.791615099999994, -24.915053699278445], [-49.790267099999994, -24.914033699278484], [-49.789299200000016, -24.912988899278528], [-49.78834949999998, -24.91211459927853], [-49.787475900000004, -24.91144249927856], [-49.786586100000015, -24.910827199278582], [-49.78530110000003, -24.91011759927855], [-49.78444910000002, -24.909812499278555], [-49.783467400000006, -24.909919099278596], [-49.782831800000004, -24.910624899278567], [-49.781751900000025, -24.910478499278568], [-49.78055080000002, -24.909872399278555], [-49.779264599999976, -24.909250299278586], [-49.778653299999974, -24.908458699278572], [-49.77833509999999, -24.907606699278602], [-49.77719250000001, -24.90617549927866], [-49.7761969, -24.905341799278645], [-49.77625039999998, -24.904563899278713], [-49.77646370000002, -24.903577999278692], [-49.77702590000002, -24.902665299278752], [-49.77819290000002, -24.901619899278767], [-49.779027499999984, -24.90112219927874], [-49.77998659999997, -24.900763099278766], [-49.78099659999998, -24.900335599278765], [-49.78180500000002, -24.899952299278777], [-49.78359660000001, -24.899301899278804], [-49.78571640000001, -24.89851649927883], [-49.788273100000026, -24.897380099278863], [-49.79001770000002, -24.89576199927886], [-49.79065450000002, -24.89493299927886], [-49.791723400000016, -24.89361149927894], [-49.79245609999999, -24.89292069927893], [-49.79402529999999, -24.892185299278935], [-49.79568990000001, -24.891648399278964], [-49.7975826, -24.890929699278985], [-49.798737800000026, -24.890351899278972], [-49.7998723, -24.889713499279036], [-49.8012602, -24.888655399279028], [-49.80201210000001, -24.88786929927902], [-49.803083300000026, -24.88629549927909], [-49.803542900000025, -24.885565299279094], [-49.80383249999999, -24.8842144992791], [-49.80396990000003, -24.883000099279148], [-49.803708900000004, -24.88154689927917], [-49.80349690000003, -24.88132659927921], [-49.802420799999986, -24.88050139927922], [-49.8014346, -24.8798287992792], [-49.799357799999996, -24.87840949927922], [-49.7986856, -24.87776859927928], [-49.79797839999997, -24.87695949927927], [-49.79738830000002, -24.876035899279266], [-49.79680660000002, -24.875144599279306], [-49.796057099999985, -24.87451979927929], [-49.796243300000015, -24.87346629927937], [-49.7972021, -24.873107099279377], [-49.79778670000001, -24.87244669927938], [-49.798095900000014, -24.871669399279355], [-49.7984108, -24.870295899279384], [-49.800222000000026, -24.870172899279417], [-49.80150839999999, -24.869724599279408], [-49.80259460000002, -24.86918289927944], [-49.80428469999999, -24.86857719927945], [-49.80589250000002, -24.868681799279436], [-49.80682259999998, -24.868689199279455], [-49.808184600000004, -24.868218499279482], [-49.80982849999998, -24.867176599279475], [-49.81090169999999, -24.867987899279463], [-49.81232879999999, -24.868595499279476], [-49.81368859999998, -24.868354099279433], [-49.8145801, -24.86761419927947], [-49.81496240000001, -24.866575299279514], [-49.815326099999986, -24.865339799279536], [-49.81578780000001, -24.863139599279585], [-49.8155865, -24.86176409927962], [-49.815195200000005, -24.860614299279632], [-49.8150789, -24.85962719927961], [-49.815127299999965, -24.858633499279655], [-49.815517399999976, -24.857201799279682], [-49.81623189999999, -24.856359499279698], [-49.81697750000001, -24.855497699279734], [-49.817540699999995, -24.854509499279757], [-49.81788030000002, -24.853159099279804], [-49.81806499999999, -24.85224319927978], [-49.81775240000002, -24.85074999927984], [-49.81660390000002, -24.849938199279848], [-49.815880100000015, -24.849404999279848], [-49.81487870000001, -24.848984299279852], [-49.81383290000003, -24.8487417992799], [-49.812421400000005, -24.84836849927987], [-49.81060910000002, -24.847853099279902], [-49.80974040000001, -24.847498599279895], [-49.8097247, -24.846512299279894], [-49.81016749999998, -24.844887499279988], [-49.8091622, -24.844831699279943], [-49.80980169999998, -24.844082099279962], [-49.80980629999999, -24.84323339927996], [-49.80910970000002, -24.84249389928003], [-49.80836340000001, -24.84168529928001], [-49.80769429999998, -24.840693799280036], [-49.80792589999999, -24.83946619928008], [-49.807959499999974, -24.839251099280084], [-49.807882000000006, -24.83838049928013], [-49.80732549999999, -24.836715999280155], [-49.80655780000001, -24.836096499280135], [-49.805782799999974, -24.835610099280146], [-49.80491360000002, -24.83452519928015], [-49.804059900000034, -24.834062199280183], [-49.803343100000006, -24.83389869928021], [-49.80225619999999, -24.83383889928017], [-49.80127349999998, -24.834106199280193], [-49.800416299999995, -24.8343974992802], [-49.79953189999998, -24.834894899280158], [-49.798571400000014, -24.83546059928013], [-49.79713370000002, -24.835999399280137], [-49.79525000000001, -24.836167699280107], [-49.79406610000001, -24.836158199280135], [-49.79310509999999, -24.836482999280122], [-49.7923993, -24.83699329928014], [-49.79164050000003, -24.837491699280097], [-49.790502100000026, -24.83817139928013], [-49.78946789999998, -24.838643699280063], [-49.78807649999999, -24.838970699280082], [-49.7871528, -24.8389459992801], [-49.78554559999997, -24.8388182992801], [-49.78461850000002, -24.838535599280085], [-49.7836231, -24.837518399280135], [-49.78254930000003, -24.836821599280135], [-49.78111510000002, -24.8369933992801], [-49.780154100000004, -24.837102399280123], [-49.77823410000002, -24.837366499280087], [-49.77698750000002, -24.83760179928013], [-49.775199600000015, -24.8379540992801], [-49.773582900000015, -24.838383399280087], [-49.77217089999999, -24.839259399280078], [-49.771412, -24.839757799280036], [-49.770374000000004, -24.840528999280046], [-49.76901329999998, -24.840884699280046], [-49.76830990000002, -24.84085599928002], [-49.76690550000001, -24.840546299280074], [-49.76589580000001, -24.840996599280018], [-49.7651869, -24.84151819928002], [-49.76365099999998, -24.84180369928003], [-49.762649500000016, -24.841341899280003], [-49.76144970000001, -24.840753399280032], [-49.7602766, -24.840993699280048], [-49.75942969999999, -24.841295799280037], [-49.758698200000026, -24.84196899928002], [-49.75816099999997, -24.842904799279978], [-49.75744800000001, -24.84383919927996], [-49.75651470000002, -24.844175399279955], [-49.75561479999999, -24.843686299279998], [-49.75382380000002, -24.84328659927999], [-49.7525832, -24.84274369928002], [-49.751336700000024, -24.84172419928001], [-49.75013790000003, -24.84098029928005], [-49.74998570000002, -24.840030299280084], [-49.75134250000002, -24.838828399280096], [-49.751246200000026, -24.837958099280076], [-49.751050899999996, -24.836892399280146], [-49.75075129999999, -24.83584999928014], [-49.7500579, -24.834462099280177], [-49.74915850000002, -24.833378599280202], [-49.74788239999998, -24.83284289928022], [-49.7470538, -24.833315799280182], [-49.74558830000001, -24.833557499280193], [-49.74463800000001, -24.833090899280208], [-49.74439530000001, -24.83224029928025], [-49.74463279999998, -24.831118499280258], [-49.74560409999999, -24.829498399280254], [-49.745512599999984, -24.828603199280284], [-49.74547030000003, -24.8276465992803], [-49.74636509999999, -24.826294099280336], [-49.7469509, -24.825519199280343], [-49.747514799999976, -24.824462599280405], [-49.74693730000001, -24.8231918992804], [-49.746278700000005, -24.822394599280432], [-49.745411100000005, -24.821379899280462], [-49.74441230000002, -24.820590099280476], [-49.74398020000001, -24.81984869928051], [-49.74395079999999, -24.819003799280527], [-49.744986299999994, -24.818484999280525], [-49.745818900000025, -24.818147999280537], [-49.74633110000003, -24.817189099280554], [-49.74691819999998, -24.81627659928055], [-49.747642600000006, -24.815762499280577], [-49.74850959999998, -24.81508729928061], [-49.74989620000002, -24.81429599928062], [-49.74993890000002, -24.813454499280606], [-49.7500935, -24.812569599280653], [-49.75038219999999, -24.811627099280667], [-49.75029139999997, -24.810802699280693], [-49.750261200000004, -24.80974989928069], [-49.7509882, -24.80901289928075], [-49.749913299999996, -24.80798409928075], [-49.74895609999999, -24.80762859928074], [-49.74788050000001, -24.806698099280776], [-49.745567900000026, -24.805646999280807], [-49.74411350000002, -24.805359599280777], [-49.742857300000026, -24.804708899280794], [-49.74167699999998, -24.804293399280823], [-49.74044709999999, -24.80516819928082], [-49.73958870000001, -24.80597619928076], [-49.73869689999998, -24.807007999280756], [-49.738566900000016, -24.806636399280773], [-49.737196100000006, -24.806586699280803], [-49.737865500000005, -24.805845999280763], [-49.73714430000001, -24.804968799280786], [-49.73648509999998, -24.804400899280832], [-49.7368955, -24.803578799280864], [-49.73713179999999, -24.802571699280847], [-49.73678690000003, -24.80157229928085], [-49.737728699999984, -24.80062609928088], [-49.73829430000001, -24.799416599280892], [-49.7391571, -24.79857539928095], [-49.73969599999998, -24.79789189928098], [-49.73901619999998, -24.796746399280998], [-49.738308399999994, -24.795540999281023], [-49.73753670000002, -24.794427899281043], [-49.73660949999999, -24.794609299281014], [-49.73514740000002, -24.795101499280996], [-49.7338904, -24.795182599280988], [-49.733227100000015, -24.794387399281042], [-49.73275139999998, -24.79354459928107], [-49.7318277, -24.792963499281047], [-49.730935999999986, -24.79235509928108], [-49.73006490000001, -24.79175409928107], [-49.728852200000006, -24.791585099281107], [-49.727776199999994, -24.791163199281133], [-49.72735970000002, -24.790127599281124], [-49.72715360000001, -24.788886999281136], [-49.7259823, -24.789703099281134], [-49.72487239999998, -24.7901522992811], [-49.72349059999999, -24.790163499281118], [-49.721600000000024, -24.790789499281125], [-49.720689300000004, -24.791400899281086], [-49.71960230000001, -24.792056699281073], [-49.718438400000025, -24.79362849928106], [-49.71731999999997, -24.79434239928103], [-49.716130299999975, -24.79515139928103], [-49.71396499999997, -24.795912799280995], [-49.71203029999998, -24.796174599280963], [-49.71209349999998, -24.793902999281045], [-49.71167860000003, -24.79304359928103], [-49.712969199999975, -24.792137399281085], [-49.713778699999985, -24.7915938992811], [-49.713897100000004, -24.790769299281123], [-49.713798199999985, -24.78992629928112], [-49.71315229999999, -24.788932299281143], [-49.71262359999997, -24.78824979928117], [-49.71239259999998, -24.78715579928118], [-49.711899899999985, -24.7862112992812], [-49.71245090000002, -24.785488299281212], [-49.713703200000005, -24.784300399281257], [-49.71451309999998, -24.783711099281266], [-49.71424000000002, -24.782881099281276], [-49.71514250000001, -24.7827729992813], [-49.7161122, -24.782591099281277], [-49.7167465, -24.781918599281283], [-49.717377, -24.7812587992813], [-49.716857499999996, -24.780474599281323], [-49.71593389999998, -24.78042269928131], [-49.71492860000001, -24.779953499281316], [-49.71503050000001, -24.778743499281386], [-49.71520529999998, -24.777479099281383], [-49.71527020000002, -24.77605769928145], [-49.71517849999997, -24.775208399281436], [-49.7149177, -24.77389819928148], [-49.71479720000002, -24.772336199281483], [-49.714265399999995, -24.771187099281548], [-49.713620100000014, -24.770424799281546], [-49.71340240000001, -24.769620199281576], [-49.71301779999998, -24.76855339928156], [-49.712235700000015, -24.76828009928161], [-49.711399299999975, -24.769006699281547], [-49.71021700000001, -24.76917999928158], [-49.70908559999998, -24.769284999281595], [-49.70822500000002, -24.769919699281566], [-49.70727629999999, -24.771567499281527], [-49.706619699999976, -24.772417599281482], [-49.70569719999997, -24.772968499281482], [-49.70419470000002, -24.7734395992815], [-49.70243879999998, -24.773749299281494], [-49.700356699999986, -24.774553299281436], [-49.69940860000002, -24.774917899281448], [-49.698422300000004, -24.775384699281457], [-49.696988999999974, -24.77553279928144], [-49.69565619999998, -24.775108099281454], [-49.69437670000002, -24.775024299281426], [-49.69358870000002, -24.77401249928149], [-49.693013199999996, -24.772983999281486], [-49.69242680000002, -24.772236499281526], [-49.69199839999999, -24.771189399281553], [-49.69199800000001, -24.771187199281513], [-49.69078430000002, -24.770777299281544], [-49.68985500000002, -24.770769199281553], [-49.68867519999998, -24.770825999281534], [-49.6874383, -24.771275499281526], [-49.68674149999999, -24.77189289928152], [-49.68594280000002, -24.772569599281493], [-49.68492629999997, -24.77368439928145], [-49.68411550000002, -24.77434229928146], [-49.68228690000001, -24.774819699281473], [-49.68125359999999, -24.774612199281428], [-49.680094499999996, -24.774536299281475], [-49.67936550000002, -24.773754499281466], [-49.678284000000026, -24.77429309928148], [-49.677203700000014, -24.774740099281424], [-49.676298299999985, -24.774846799281423], [-49.67588060000003, -24.77397159928144], [-49.674978599999974, -24.773757199281448], [-49.67358180000002, -24.77365279928146], [-49.67391600000002, -24.77259789928149], [-49.67482690000003, -24.771485499281493], [-49.674820200000006, -24.770368999281565], [-49.67412000000002, -24.76851259928159], [-49.67357149999998, -24.767330699281608], [-49.67271469999998, -24.76600789928161], [-49.672030800000016, -24.765342099281646], [-49.6722656, -24.764330499281698], [-49.672056399999974, -24.762746199281686], [-49.6715112, -24.762053399281726], [-49.671873500000004, -24.76120069928176], [-49.67217679999999, -24.760313299281766], [-49.67175709999998, -24.75866379928182], [-49.671332800000016, -24.75757979928179], [-49.67232039999999, -24.756808799281824], [-49.67308839999998, -24.75623459928188], [-49.67425450000002, -24.755550299281843], [-49.6753339, -24.75407259928186], [-49.676203300000005, -24.75301319928191], [-49.67593579999998, -24.75218529928194], [-49.6757202, -24.751197199281936], [-49.67623429999998, -24.750153599281944], [-49.676395000000014, -24.749139199281995], [-49.67670509999999, -24.748316299282017], [-49.677164600000026, -24.747609399282016], [-49.67737570000003, -24.74664809928207], [-49.67664309999998, -24.746120799282096], [-49.676209099999994, -24.745353499282103], [-49.676128300000016, -24.744473799282076], [-49.67797710000002, -24.744439399282083], [-49.67925860000002, -24.744325499282095], [-49.68019029999999, -24.74408139928213], [-49.68127099999998, -24.743484999282135], [-49.68193600000001, -24.74278599928216], [-49.682307200000025, -24.741947799282144], [-49.682502, -24.74114489928217], [-49.6822133, -24.74051639928218], [-49.68123509999998, -24.740260699282207], [-49.680161, -24.7397236992822], [-49.67949540000001, -24.73854829928221], [-49.67910380000001, -24.73758159928224], [-49.6786257, -24.736819999282282], [-49.67817309999998, -24.73503769928232], [-49.67768749999999, -24.733785099282297], [-49.67779960000002, -24.732845299282353], [-49.67823520000002, -24.731863499282326], [-49.67897879999998, -24.73040229928238], [-49.678310599999975, -24.72947909928241], [-49.67720439999999, -24.72960689928244], [-49.676007200000015, -24.729642799282434], [-49.675230899999974, -24.72922689928244], [-49.67440699999998, -24.72820619928244], [-49.67351120000001, -24.727238399282445], [-49.672593899999974, -24.726332499282506], [-49.6715479, -24.725520599282483], [-49.67059610000001, -24.725305699282483], [-49.66969999999998, -24.725596399282473], [-49.66874710000002, -24.72615289928248], [-49.66794759999999, -24.72661989928249], [-49.66732330000002, -24.727223899282485], [-49.666625300000014, -24.727785299282445], [-49.66546319999998, -24.728149099282433], [-49.664488500000004, -24.728166199282423], [-49.66358209999998, -24.728171699282463], [-49.66260879999999, -24.72846509928243], [-49.66182450000002, -24.72898089928244], [-49.6607664, -24.729474999282402], [-49.6595178, -24.730017899282412], [-49.659337300000004, -24.73003979928238], [-49.658261900000014, -24.7299545992824], [-49.65736379999999, -24.729841699282424], [-49.65700500000003, -24.728954799282427], [-49.656253900000024, -24.72847149928244], [-49.655394899999976, -24.72779749928246], [-49.65473279999998, -24.726601899282468], [-49.65505300000001, -24.725670699282524], [-49.65528269999998, -24.72422439928256], [-49.65454089999997, -24.723686999282524], [-49.6534479, -24.723726899282514], [-49.65234800000002, -24.72365879928255], [-49.651327200000026, -24.72308319928258], [-49.65061989999998, -24.72243829928259], [-49.65008100000001, -24.7216838992826], [-49.650771399999996, -24.72107939928261], [-49.65185869999999, -24.720297999282618], [-49.65210309999998, -24.719427999282626], [-49.65208830000001, -24.718189399282693], [-49.6514626, -24.7175737992827], [-49.6504898, -24.71759289928267], [-49.64958400000001, -24.7170433992827], [-49.64852280000002, -24.716479199282677], [-49.648794099999975, -24.71560659928272], [-49.64939359999999, -24.714973499282717], [-49.64987129999997, -24.714125599282738], [-49.64985780000001, -24.71286699928279], [-49.649335800000024, -24.712153799282806], [-49.64906800000001, -24.71095979928283], [-49.649303299999985, -24.709866399282845], [-49.650673600000005, -24.709863799282832], [-49.65162909999998, -24.709222399282837], [-49.652227100000005, -24.708594599282886], [-49.65318359999998, -24.707566799282887], [-49.6538271, -24.706500199282907], [-49.654454199999975, -24.704962399282937], [-49.65592240000001, -24.705747799282907], [-49.65757289999999, -24.7059742992829], [-49.65882080000001, -24.706018399282932], [-49.6601705, -24.70592659928291], [-49.66135839999999, -24.705986599282934], [-49.66228990000001, -24.706144499282907], [-49.66349989999998, -24.70529009928295], [-49.663753499999984, -24.70430529928294], [-49.66341990000001, -24.703142799283004], [-49.66324809999998, -24.701851099283008], [-49.664271299999996, -24.701348699283002], [-49.66534089999999, -24.70066649928305], [-49.66622740000003, -24.69980619928307], [-49.66740119999997, -24.698749599283058], [-49.66853020000001, -24.698644099283097], [-49.66955300000001, -24.698755199283067], [-49.670495200000005, -24.699443899283068], [-49.671322799999984, -24.70040369928301], [-49.672438600000014, -24.700886399283036], [-49.67346889999999, -24.700305699283046], [-49.674389700000006, -24.699834399283034], [-49.675769, -24.699673799283087], [-49.67771160000001, -24.69988839928307], [-49.6791657, -24.70032069928305], [-49.68035120000002, -24.700602599283062], [-49.681405299999994, -24.700537799283044], [-49.6824062, -24.700398499283047], [-49.683516499999996, -24.700136799283037], [-49.68450949999999, -24.700049599283048], [-49.68424190000001, -24.699257399283088], [-49.685074699999966, -24.698777299283098], [-49.686109499999986, -24.69833269928306], [-49.68632769999999, -24.69737299928314], [-49.686849600000016, -24.6965384992831], [-49.68745460000002, -24.69591429928317], [-49.68843450000003, -24.694800299283163], [-49.68954600000001, -24.693783099283202], [-49.69080430000002, -24.692896199283204], [-49.69143220000001, -24.692260099283214], [-49.69284890000001, -24.69108799928322], [-49.694340200000006, -24.690533399283247], [-49.69547990000001, -24.690025099283275], [-49.69610749999998, -24.689413599283284], [-49.69564079999998, -24.68818749928333], [-49.69455449999999, -24.688116899283308], [-49.69357910000002, -24.68840449928329], [-49.69285660000003, -24.687756699283334], [-49.69281189999998, -24.68686789928332], [-49.69226309999999, -24.686133799283343], [-49.691749200000004, -24.685180599283385], [-49.69097190000002, -24.684606299283363], [-49.690083300000026, -24.684351699283365], [-49.6903782, -24.683541399283428], [-49.69038929999999, -24.68270709928343], [-49.68940679999997, -24.682705199283408], [-49.688469500000004, -24.682873399283423], [-49.687233100000014, -24.683051499283376], [-49.68596050000002, -24.6827162992834], [-49.68508700000001, -24.682385099283405], [-49.6844691, -24.68169169928343], [-49.684259300000015, -24.680845999283438], [-49.68423250000001, -24.679982999283457], [-49.68490220000001, -24.678778799283478], [-49.68472170000001, -24.67796289928353], [-49.68364279999997, -24.677830099283515], [-49.68258930000001, -24.677845499283503], [-49.68237549999998, -24.677048399283535], [-49.68132589999999, -24.677291499283562], [-49.67991380000001, -24.67762919928354], [-49.67899540000002, -24.678035999283548], [-49.67761089999999, -24.67871479928353], [-49.67694410000002, -24.677919299283513], [-49.67770890000003, -24.677111699283547], [-49.67750169999999, -24.676270799283547], [-49.67697070000003, -24.675138599283606], [-49.67899649999998, -24.673833299283615], [-49.679807900000014, -24.672688299283635], [-49.680862400000024, -24.671904499283638], [-49.681588499999975, -24.671224299283676], [-49.681911300000024, -24.670411799283688], [-49.681894399999976, -24.669449299283695], [-49.682648099999994, -24.668838499283712], [-49.6815522, -24.66860719928372], [-49.68144590000003, -24.667581799283727], [-49.68051780000002, -24.66682139928376], [-49.67949170000003, -24.666812399283785], [-49.67817769999999, -24.666880099283773], [-49.677446299999986, -24.666152799283783], [-49.676692600000024, -24.665469699283804], [-49.67546040000003, -24.664975499283827], [-49.674219900000026, -24.66481649928378], [-49.673274100000015, -24.664882199283827], [-49.67181599999998, -24.664869299283822], [-49.67081699999999, -24.664860499283776], [-49.669655600000006, -24.664874899283767], [-49.66838530000001, -24.664986999283798], [-49.66714710000002, -24.66525889928381], [-49.66620419999998, -24.66440009928383], [-49.66617050000003, -24.66327899928383], [-49.66556650000002, -24.662653899283857], [-49.66253110000002, -24.661094299283885], [-49.661134600000025, -24.6604526992839], [-49.65989100000001, -24.660050099283882], [-49.65846579999999, -24.659960899283902], [-49.6584398, -24.65869919928393], [-49.65805790000002, -24.65770349928398], [-49.657293100000004, -24.656982399283972], [-49.65748989999997, -24.655977299283993], [-49.65775239999999, -24.655163999284024], [-49.65717189999998, -24.653416599284053], [-49.657109100000014, -24.65256059928408], [-49.657041600000014, -24.65145079928411], [-49.65693629999998, -24.65034719928411], [-49.657184700000016, -24.649467199284135], [-49.657584400000026, -24.64851779928413], [-49.657629799999995, -24.647629799284175], [-49.65703819999999, -24.64645719928419], [-49.65612470000002, -24.644360499284243], [-49.65484830000003, -24.64463469928422], [-49.65280999999999, -24.646035599284208], [-49.651819699999976, -24.646241799284187], [-49.65045989999998, -24.645799499284227], [-49.64891469999998, -24.64509759928421], [-49.647692800000016, -24.64495759928422], [-49.64669550000002, -24.645808699284192], [-49.64531770000002, -24.647043399284154], [-49.64409119999999, -24.647333399284147], [-49.643270099999995, -24.646813399284163], [-49.64209749999998, -24.646058199284234], [-49.64035150000001, -24.645063399284254], [-49.63942129999998, -24.64466069928421], [-49.63985120000002, -24.64346769928423], [-49.63995460000001, -24.642608499284268], [-49.639447299999965, -24.641657799284314], [-49.637578099999985, -24.640967699284296], [-49.6368635, -24.64046769928431], [-49.636367800000016, -24.639706399284353], [-49.63637160000002, -24.638206299284363], [-49.63406340000001, -24.640447199284313], [-49.63310080000002, -24.64159049928431], [-49.63228190000001, -24.64214439928429], [-49.631400799999994, -24.64256119928428], [-49.630109800000014, -24.64291799928428], [-49.62896860000001, -24.643028499284274], [-49.627235600000006, -24.643401999284244], [-49.62639469999999, -24.64431769928424], [-49.626077000000016, -24.645093099284217], [-49.62545899999998, -24.645688499284223], [-49.624407399999996, -24.645925599284208], [-49.62340999999997, -24.646179499284216], [-49.622359500000016, -24.646363899284186], [-49.621115799999984, -24.646566799284216], [-49.619971599999985, -24.646642499284184], [-49.61963989999998, -24.64586079928419], [-49.61937130000001, -24.644908599284243], [-49.6183203, -24.64413589928423], [-49.617339300000026, -24.643783299284244], [-49.61639170000001, -24.643505899284232], [-49.61533969999999, -24.643377699284237], [-49.614366099999984, -24.64305279928428], [-49.61336280000001, -24.642594299284266], [-49.61260870000001, -24.641834699284296], [-49.61162280000002, -24.641247099284286], [-49.611381900000026, -24.640347499284356], [-49.611514899999975, -24.639428599284322], [-49.61207839999997, -24.638512799284367], [-49.611525400000005, -24.63774329928438], [-49.60994570000003, -24.636999799284414], [-49.608953499999984, -24.636619599284433], [-49.608238099999994, -24.635853899284395], [-49.60685430000001, -24.63581709928442], [-49.60593590000002, -24.636130699284443], [-49.60510140000002, -24.63648579928441], [-49.60395340000002, -24.63687099928439], [-49.60266309999997, -24.637067999284394], [-49.60231570000002, -24.637999399284393], [-49.60140680000001, -24.63854079928435], [-49.6000004, -24.638351699284357], [-49.5991257, -24.637980699284395], [-49.59796970000002, -24.63763239928436], [-49.596430300000016, -24.637426399284372], [-49.5953978, -24.637174899284382], [-49.594163200000025, -24.636550999284403], [-49.59284330000003, -24.63528749928445], [-49.592377699999986, -24.634571099284464], [-49.591458999999986, -24.63335949928446], [-49.591209900000024, -24.632060499284528], [-49.59177219999998, -24.631320199284534], [-49.59297909999997, -24.631003599284504], [-49.59271380000001, -24.62938689928455], [-49.59271990000002, -24.62854219928461], [-49.59226899999999, -24.62749599928461], [-49.59208510000002, -24.626687999284627], [-49.59228089999999, -24.624993299284686], [-49.59214270000001, -24.623522299284673], [-49.59159169999998, -24.621944599284735], [-49.591622500000035, -24.620896699284742], [-49.591321300000004, -24.620096399284787], [-49.590593500000004, -24.61954389928477], [-49.5901351, -24.618775299284774], [-49.58925640000001, -24.617804599284806], [-49.58889399999998, -24.616965999284822], [-49.587705299999975, -24.61711589928481], [-49.586820999999986, -24.617347199284804], [-49.58597129999998, -24.617676899284806], [-49.58503949999999, -24.617885999284812], [-49.58391610000001, -24.61798339928482], [-49.58215200000001, -24.617780999284793], [-49.58090499999997, -24.617695299284794], [-49.57932520000003, -24.618006399284823], [-49.57851449999998, -24.617636399284795], [-49.57751889999997, -24.617080199284796], [-49.57682460000001, -24.616555899284823], [-49.57593680000002, -24.615841499284834], [-49.57430720000002, -24.61528889928486], [-49.5714926, -24.614783999284853], [-49.57030150000003, -24.614291299284886], [-49.56894740000001, -24.61304069928492], [-49.56853480000001, -24.61210009928496], [-49.5679293, -24.611021199284934], [-49.5671648, -24.61033619928498], [-49.566965100000004, -24.608893999285023], [-49.56742439999999, -24.607951599285002], [-49.5671423, -24.60689069928506], [-49.5657958, -24.605800699285048], [-49.56518840000002, -24.60508759928507], [-49.564221499999974, -24.604456399285095], [-49.562734499999976, -24.60396369928512], [-49.56134709999998, -24.603706499285103], [-49.560155800000025, -24.603283499285105], [-49.559472299999975, -24.602304599285173], [-49.55899169999998, -24.601525799285156], [-49.55793840000002, -24.599970599285196], [-49.556914500000005, -24.59895909928522], [-49.55619610000002, -24.59837809928522], [-49.55509569999998, -24.597395899285225], [-49.55437560000001, -24.59679329928526], [-49.55372199999999, -24.595981699285257], [-49.553360699999985, -24.59496179928532], [-49.55318560000001, -24.593977399285357], [-49.55313269999999, -24.59251119928535], [-49.5528749, -24.59165739928536], [-49.552334299999984, -24.590432999285422], [-49.55154379999999, -24.589287999285432], [-49.55056639999998, -24.588321499285453], [-49.549914899999976, -24.58743889928546], [-49.54954570000001, -24.586616299285488], [-49.549316900000015, -24.585577799285517], [-49.54911659999999, -24.584540699285522], [-49.54958479999999, -24.583431199285567], [-49.550549699999976, -24.58305359928558], [-49.55167119999999, -24.582535099285547], [-49.55215700000002, -24.58153329928558], [-49.55295690000003, -24.579980099285624], [-49.5511376, -24.579246599285618], [-49.5505771, -24.578133499285634], [-49.55076309999998, -24.57711299928569], [-49.55018919999998, -24.57642949928572], [-49.54895670000002, -24.575700899285724], [-49.54785679999998, -24.57479439928571], [-49.54653710000002, -24.574219499285768], [-49.54548560000001, -24.574256199285735], [-49.5445249, -24.57419999928577], [-49.54394839999998, -24.573379099285773], [-49.54259459999997, -24.572575799285765], [-49.54170260000001, -24.57213639928578], [-49.540220999999974, -24.57157569928579], [-49.5390931, -24.5712705992858], [-49.538974, -24.571762399285806], [-49.53809030000002, -24.57276399928579], [-49.537158100000006, -24.5729321992858], [-49.535814000000016, -24.572998999285765], [-49.53469030000002, -24.573399799285774], [-49.5333129, -24.57370529928574], [-49.531258200000025, -24.574258299285745], [-49.52959659999999, -24.57420659928578], [-49.528204200000005, -24.573890599285782], [-49.52619850000002, -24.57406819928575], [-49.52544, -24.57492579928576], [-49.52475479999998, -24.576162399285693], [-49.52453489999999, -24.57706409928566], [-49.524730499999976, -24.577872899285655], [-49.52455459999998, -24.57868009928564], [-49.524642099999994, -24.579680599285652], [-49.52581570000001, -24.580216999285632], [-49.5260917, -24.581107899285605], [-49.526088200000004, -24.58245359928558], [-49.52629760000002, -24.583803099285557], [-49.52607740000002, -24.584879199285503], [-49.52566539999999, -24.586649899285486], [-49.525062299999995, -24.58784219928547], [-49.52415430000002, -24.58852649928544], [-49.5243428, -24.58937639928542], [-49.52522490000001, -24.590022599285405], [-49.52566699999999, -24.590948599285376], [-49.524842999999976, -24.591741899285367], [-49.524717599999974, -24.59284549928536], [-49.52461920000002, -24.59381729928534], [-49.5248818, -24.5946802992853], [-49.525021400000014, -24.595853899285295], [-49.524897899999985, -24.597240599285275], [-49.52524039999998, -24.598547799285235], [-49.525685500000016, -24.599389299285185], [-49.52580660000001, -24.60048299928518], [-49.52567179999999, -24.601816199285125], [-49.52514869999998, -24.602516399285165], [-49.524465299999974, -24.603113599285106], [-49.52433780000001, -24.603988799285137], [-49.5248517, -24.60534159928505], [-49.52547120000003, -24.606084399285052], [-49.525497299999984, -24.60704589928505], [-49.524878600000015, -24.60788249928504], [-49.524069199999985, -24.608531399285013], [-49.52315659999999, -24.60906589928501], [-49.52228120000001, -24.609502099284974], [-49.5209332, -24.609590799284966], [-49.51993199999999, -24.60934979928501], [-49.51832860000002, -24.608905999284996], [-49.517202699999984, -24.60931709928499], [-49.51671599999997, -24.61024229928496], [-49.51581140000001, -24.61192779928493], [-49.51491709999999, -24.612162799284956], [-49.513721100000005, -24.611914099284927], [-49.512744999999995, -24.611928199284968], [-49.511831599999994, -24.61221409928495], [-49.51079279999999, -24.612209599284963], [-49.51007470000002, -24.61167809928495], [-49.50897930000003, -24.610582999284986], [-49.50753159999999, -24.610054699284955], [-49.50575870000001, -24.609820499284993], [-49.50465070000001, -24.609778799285], [-49.503862200000015, -24.60931299928498], [-49.503278299999984, -24.60848389928502], [-49.50287700000001, -24.60745309928502], [-49.50210559999999, -24.606633499285042], [-49.5016304, -24.60545179928511], [-49.501525000000015, -24.604468199285087], [-49.5014266, -24.603550999285098], [-49.50127320000002, -24.60267439928514], [-49.5012152, -24.60133829928517], [-49.501241300000004, -24.60051019928516], [-49.50151629999999, -24.59968649928522], [-49.50181309999999, -24.598614199285205], [-49.50190739999999, -24.597712299285256], [-49.50112189999999, -24.59704789928527], [-49.50023909999999, -24.59684069928523], [-49.4997649, -24.595981399285314], [-49.4998541, -24.59482159928529], [-49.50008090000001, -24.593906399285313], [-49.500432699999976, -24.592735299285366], [-49.500266599999975, -24.59178109928537], [-49.49945980000001, -24.59117049928536], [-49.4985595, -24.590275299285388], [-49.49772419999999, -24.58946749928543], [-49.49632059999999, -24.58927109928545], [-49.49473230000001, -24.588646999285423], [-49.4937016, -24.588060899285466], [-49.49391450000002, -24.587069899285478], [-49.49465079999999, -24.58597429928547], [-49.49475530000001, -24.58513019928549], [-49.49515150000002, -24.583427199285573], [-49.496049400000004, -24.583048099285545], [-49.496979500000016, -24.581450399285586], [-49.49732189999998, -24.579696799285653], [-49.49732019999999, -24.578834999285675], [-49.49622240000003, -24.57835619928564], [-49.4950556, -24.578114599285662], [-49.49387840000003, -24.57807069928567], [-49.49368210000001, -24.577123199285705], [-49.49398350000001, -24.575987699285694], [-49.49451140000003, -24.575025899285738], [-49.4949535, -24.573184699285783], [-49.495023600000025, -24.572821599285774], [-49.49596079999998, -24.5713155992858], [-49.49683629999999, -24.571023499285836], [-49.49717170000003, -24.569959799285837], [-49.4968202, -24.56905699928585], [-49.495611999999994, -24.568382299285883], [-49.49475690000003, -24.567862599285903], [-49.49353289999999, -24.56604469928595], [-49.49400400000002, -24.565338599285955], [-49.49505069999998, -24.56436949928596], [-49.49604979999998, -24.563922899285995], [-49.49692240000002, -24.56281909928601], [-49.497165300000006, -24.561818699286018], [-49.49582379999998, -24.56147399928601], [-49.495086000000015, -24.561001399286045], [-49.494043499999975, -24.56031869928602], [-49.492659, -24.560193799286033], [-49.492073800000014, -24.55889419928607], [-49.49153159999997, -24.55750799928609], [-49.491289699999975, -24.555899199286145], [-49.49128400000001, -24.554705299286187], [-49.49168500000002, -24.553333599286173], [-49.49218789999997, -24.55175879928624], [-49.49129799999998, -24.55044949928628], [-49.49042270000001, -24.549419099286297], [-49.48973339999997, -24.548331299286282], [-49.48996219999998, -24.54715929928631], [-49.490789199999995, -24.54672869928635], [-49.49122790000001, -24.545380799286356], [-49.49131940000001, -24.544211999286418], [-49.49162419999998, -24.54326199928644], [-49.491405900000025, -24.54263649928644], [-49.49076819999999, -24.541570999286435], [-49.490218500000026, -24.54076579928645], [-49.48959300000002, -24.54007799928647], [-49.48962, -24.539098599286497], [-49.489958, -24.53780869928656], [-49.48951290000003, -24.537072899286553], [-49.48880380000003, -24.53638009928654], [-49.488316600000026, -24.535032799286604], [-49.487449500000025, -24.53385549928665], [-49.48629310000001, -24.53335899928665], [-49.48496870000003, -24.532503899286652], [-49.48359629999999, -24.5337415992866], [-49.482098399999984, -24.534393499286637], [-49.481232499999976, -24.534770199286623], [-49.480298300000015, -24.535428699286594], [-49.47867459999998, -24.536692899286543], [-49.47765140000001, -24.538033499286517], [-49.476984800000025, -24.53881699928651], [-49.47623709999999, -24.539954499286505], [-49.47663440000002, -24.541331099286435], [-49.47714029999997, -24.542282799286454], [-49.47627999999997, -24.542953499286426], [-49.4751111, -24.54271049928643], [-49.472825, -24.543116899286396], [-49.47217669999998, -24.54392789928643], [-49.472007599999976, -24.545145899286403], [-49.471506499999975, -24.545089699286386], [-49.47040609999999, -24.54535989928637], [-49.4688357, -24.545197499286356], [-49.46647469999999, -24.544620799286403], [-49.465188599999976, -24.544288599286407], [-49.46422280000002, -24.54350459928641], [-49.46460939999997, -24.542486599286452], [-49.46503539999998, -24.541520099286465], [-49.465617899999984, -24.540882699286463], [-49.465104199999985, -24.540119499286487], [-49.463834599999984, -24.540535499286452], [-49.46280180000002, -24.54081289928647], [-49.46073480000001, -24.540045399286473], [-49.459547999999984, -24.53995349928651], [-49.46032330000003, -24.5388199992865], [-49.4595564, -24.538171099286522], [-49.45855039999998, -24.537853399286547], [-49.45746539999999, -24.537735899286513], [-49.456060200000024, -24.537315899286565], [-49.455100399999985, -24.53648859928654], [-49.4547728, -24.535647799286576], [-49.454708900000014, -24.53464029928658], [-49.45498240000001, -24.533666199286642], [-49.455505699999996, -24.531867099286668], [-49.45511320000003, -24.530891999286673], [-49.45507639999999, -24.529987899286677], [-49.45454599999999, -24.528404199286744], [-49.45413400000001, -24.52730719928675], [-49.45354500000002, -24.526503999286767], [-49.45150330000001, -24.525894499286785], [-49.45069319999999, -24.525307999286802], [-49.450523299999986, -24.52406009928682], [-49.450020400000035, -24.523307199286815], [-49.4490558, -24.523298499286867], [-49.44778550000001, -24.52392809928681], [-49.446818699999994, -24.5243575992868], [-49.445723499999986, -24.524565999286814], [-49.44389000000002, -24.52438729928682], [-49.442925, -24.524320799286823], [-49.441860899999995, -24.524126699286832], [-49.44084939999998, -24.524516699286806], [-49.44007570000002, -24.523895899286845], [-49.43907610000003, -24.523521899286845], [-49.4383072, -24.52287309928688], [-49.4381128, -24.521340099286874], [-49.4386121, -24.520617599286876], [-49.43850359999999, -24.519699299286945], [-49.4380855, -24.51893729928695], [-49.43691419999999, -24.51859259928693], [-49.43471219999998, -24.51811309928695], [-49.43373539999999, -24.518054999286967], [-49.432786799999974, -24.518286099286968], [-49.43214199999999, -24.518856399286957], [-49.43220760000003, -24.517896799286973], [-49.430740300000025, -24.516581999287034], [-49.429217300000005, -24.515297199287048], [-49.42897210000001, -24.51448879928702], [-49.42877779999998, -24.513648799287047], [-49.428464099999985, -24.5126085992871], [-49.42892660000001, -24.51170319928709], [-49.42948289999998, -24.510812999287097], [-49.428945999999996, -24.509768499287137], [-49.42895010000001, -24.508757899287133], [-49.42895359999999, -24.507893499287196], [-49.42921389999998, -24.507041899287184], [-49.428972800000004, -24.506183599287205], [-49.42920479999997, -24.50400519928726], [-49.4294936, -24.502891799287273], [-49.42974600000002, -24.501923399287318], [-49.429204899999995, -24.50093899928735], [-49.42861640000002, -24.50034719928736], [-49.42856760000001, -24.500306099287336], [-49.42730019999999, -24.49972469928736], [-49.426249600000006, -24.499225199287373], [-49.42459980000001, -24.49864889928736], [-49.42344079999998, -24.498472399287408], [-49.42245439999999, -24.49845069928736], [-49.421211200000016, -24.49873899928738], [-49.419253500000025, -24.498860299287358], [-49.41810770000001, -24.499114099287358], [-49.416943499999995, -24.499279099287396], [-49.41578670000002, -24.498859399287383], [-49.414762999999994, -24.498635899287397], [-49.41364399999998, -24.498287499287393], [-49.41233629999999, -24.497547099287427], [-49.41052930000001, -24.496464699287415], [-49.40935459999997, -24.496808299287416], [-49.4083655, -24.498791499287357], [-49.40624509999998, -24.49843879928736], [-49.40498969999999, -24.497353499287378], [-49.40375280000001, -24.497355099287393], [-49.40251089999998, -24.49799659928742], [-49.40187500000002, -24.498243799287405], [-49.40131330000003, -24.497546199287388], [-49.400942799999996, -24.496105699287416], [-49.39984980000003, -24.496010699287428], [-49.39841790000003, -24.496273499287405], [-49.39716520000002, -24.49647939928742], [-49.39604400000001, -24.496217299287448], [-49.39632940000001, -24.495215799287436], [-49.39692000000002, -24.49445999928748], [-49.39668080000001, -24.493464999287514], [-49.39679990000002, -24.492320099287493], [-49.39740929999999, -24.491235699287543], [-49.396763799999974, -24.49041939928756], [-49.395674499999984, -24.490745299287564], [-49.39541509999999, -24.490869699287565], [-49.39465480000001, -24.49135219928753], [-49.39330560000002, -24.4923656992875], [-49.39243060000001, -24.492639999287512], [-49.3920564, -24.491608099287536], [-49.392194899999986, -24.490681999287542], [-49.392648099999974, -24.489239599287608], [-49.39198909999999, -24.488172099287585], [-49.39050329999998, -24.48730359928764], [-49.38932089999997, -24.487104499287625], [-49.38791579999997, -24.48674339928766], [-49.3863733, -24.486212999287666], [-49.384572699999985, -24.485191999287647], [-49.38366639999999, -24.484677899287693], [-49.382648399999994, -24.484182099287686], [-49.3814716, -24.483608899287677], [-49.380475100000005, -24.483558999287727], [-49.3797558, -24.484119599287677], [-49.37951099999998, -24.4833257992877], [-49.3787279, -24.48291699928771], [-49.377842499999986, -24.48273599928771], [-49.376497900000004, -24.482859399287715], [-49.37524209999999, -24.48297469928771], [-49.3740955, -24.482942399287733], [-49.37201379999999, -24.482016799287738], [-49.37094889999997, -24.481250799287753], [-49.37012659999999, -24.480659299287787], [-49.36861649999997, -24.479625599287807], [-49.36735390000001, -24.478986099287795], [-49.36484919999998, -24.478906799287813], [-49.36357229999999, -24.478860099287832], [-49.36336720000002, -24.478781699287822], [-49.362289499999974, -24.4778754992878], [-49.362168699999984, -24.477479399287823], [-49.36111039999997, -24.476990799287865], [-49.36017850000002, -24.476931299287845], [-49.35864870000001, -24.476963999287854], [-49.35812090000002, -24.476036999287885], [-49.357090700000015, -24.475005699287873], [-49.35562879999998, -24.47326699928795], [-49.35480030000002, -24.472343499287973], [-49.35362969999999, -24.47213079928795], [-49.3528088, -24.471773499287938], [-49.352515400000016, -24.47081599928799], [-49.3522127, -24.469795599288002], [-49.351997900000015, -24.468748299288034], [-49.35171999999999, -24.46683319928806], [-49.3520006, -24.466013699288098], [-49.35210680000001, -24.464764499288112], [-49.351353700000004, -24.464161499288114], [-49.350406899999996, -24.46364419928811], [-49.349381100000016, -24.462571099288144], [-49.34907529999998, -24.461185799288202], [-49.348727999999994, -24.460227699288232], [-49.3481089, -24.459414799288215], [-49.34710949999999, -24.458795099288213], [-49.34621609999999, -24.458324699288248], [-49.34542979999998, -24.457921299288262], [-49.34392070000002, -24.457247399288303], [-49.341038500000025, -24.456295599288275], [-49.34079860000003, -24.455313199288288], [-49.34025439999999, -24.454439799288323], [-49.3390172, -24.45423499928832], [-49.33774740000001, -24.454542999288336], [-49.336485799999984, -24.4546295992883], [-49.334602099999984, -24.454984299288302], [-49.33355390000003, -24.454095099288363], [-49.33127519999999, -24.45280479928839], [-49.33049599999998, -24.452222099288356], [-49.32910340000001, -24.450895099288438], [-49.32812710000002, -24.450440899288413], [-49.327303099999995, -24.449696999288456], [-49.32658939999999, -24.449006199288437], [-49.326166100000016, -24.44816109928847], [-49.324853899999994, -24.44739299928846], [-49.323903400000006, -24.44781129928848], [-49.32301000000002, -24.44767769928846], [-49.32197170000001, -24.44677329928853], [-49.321310700000026, -24.445695299288538], [-49.320081800000025, -24.44403019928855], [-49.319602900000014, -24.443304999288575], [-49.31925860000002, -24.442292399288583], [-49.31923690000002, -24.44117309928864], [-49.31821139999999, -24.441232199288624], [-49.31732690000001, -24.441597899288592], [-49.31593809999998, -24.441686899288587], [-49.31536080000001, -24.440792999288618], [-49.314407800000026, -24.4386685992887], [-49.3144216, -24.437633399288682], [-49.31467459999999, -24.436076699288733], [-49.315003100000006, -24.434662599288792], [-49.3151239, -24.433340699288767], [-49.31492900000001, -24.432281199288788], [-49.31460620000001, -24.431515399288863], [-49.31397479999998, -24.43046869928886], [-49.313604699999985, -24.429654999288903], [-49.3126183, -24.427896299288882], [-49.31241740000001, -24.427070299288953], [-49.31215420000001, -24.425988299288928], [-49.31055600000002, -24.42645919928895], [-49.30960119999997, -24.42651569928892], [-49.30827870000002, -24.426635299288918], [-49.306847000000005, -24.42668649928896], [-49.30565840000003, -24.426769999288908], [-49.30461889999998, -24.427312199288938], [-49.302931300000004, -24.428336699288888], [-49.30107240000001, -24.42838669928888], [-49.30002889999997, -24.427946499288936], [-49.30008620000001, -24.42660349928893], [-49.29901749999999, -24.42695039928894], [-49.298251100000016, -24.4274669992889], [-49.297291499999965, -24.427479499288918], [-49.29580679999998, -24.427664999288904], [-49.29437589999998, -24.42736619928892], [-49.29294440000002, -24.42623979928896], [-49.291988600000025, -24.425699999288966], [-49.29074200000002, -24.424928099288966], [-49.29031600000002, -24.423895599288976], [-49.29032940000002, -24.422801899289045], [-49.28937480000002, -24.422830699289037], [-49.28842170000001, -24.42308999928901], [-49.287560499999984, -24.423587299289014], [-49.2865147, -24.42433609928899], [-49.28563109999999, -24.424962899288996], [-49.284736699999996, -24.424881899288973], [-49.2843292, -24.424028999289014], [-49.28328950000002, -24.423788199288985], [-49.28238470000002, -24.423349799288992], [-49.28200399999998, -24.42327239928898], [-49.281017399999996, -24.423100599289004], [-49.28019849999998, -24.422135299289025], [-49.27916399999998, -24.42181279928904], [-49.27822409999999, -24.42178749928904], [-49.27715649999999, -24.422220199289065], [-49.276457900000025, -24.42289529928901], [-49.27548869999998, -24.422879799289], [-49.27462329999997, -24.422574299289035], [-49.27354709999998, -24.42243529928905], [-49.272659799999985, -24.42212949928902], [-49.27173090000002, -24.42164349928907], [-49.27080910000001, -24.42126139928904], [-49.26988440000002, -24.42138429928906], [-49.26907970000002, -24.42189189928903], [-49.26817809999999, -24.42167129928906], [-49.267051900000006, -24.422406699289045], [-49.26607480000001, -24.423044699289004], [-49.2645407, -24.423414099289023], [-49.26352000000003, -24.423671699289], [-49.2623016, -24.424223699289016], [-49.26119319999998, -24.423500799289], [-49.25999089999999, -24.42344199928903], [-49.25849249999999, -24.42341419928904], [-49.25735500000002, -24.424194899288963], [-49.255936099999985, -24.424035499289], [-49.254788700000006, -24.423609999289006], [-49.25413329999998, -24.422996099288998], [-49.253486099999975, -24.422389799289054], [-49.252970600000026, -24.42160729928904], [-49.252455600000026, -24.42082529928905], [-49.25194379999999, -24.420066799289042], [-49.251238699999995, -24.419051199289104], [-49.250241500000016, -24.417817999289138], [-49.25003459999999, -24.41730809928915], [-49.2499737, -24.41648059928917], [-49.2501843, -24.415573999289172], [-49.249105499999985, -24.413634699289208], [-49.252419100000004, -24.411838499289235], [-49.25409669999999, -24.41092909928926], [-49.2532693, -24.409701199289273], [-49.25276819999999, -24.408880399289302], [-49.25381040000002, -24.40710299928937], [-49.253343900000004, -24.406306999289395], [-49.25225740000002, -24.405764099289385], [-49.251443300000005, -24.404980599289395], [-49.25030249999997, -24.404966299289423], [-49.24952849999999, -24.404495599289444], [-49.2500897, -24.403761999289408], [-49.249313099999995, -24.402900899289474], [-49.24854090000002, -24.40194069928948], [-49.24810230000003, -24.40106749928951], [-49.247727699999984, -24.39996149928953], [-49.24672779999997, -24.399376599289507], [-49.245714899999996, -24.39930919928954], [-49.245075499999984, -24.398523899289536], [-49.2448627, -24.397534799289588], [-49.24378089999999, -24.39700379928957], [-49.24265439999999, -24.396473499289606], [-49.24170379999999, -24.396280299289593], [-49.24029139999999, -24.396290899289596], [-49.2390858, -24.39645739928957], [-49.238034000000034, -24.396040999289625], [-49.23702909999997, -24.395401899289634], [-49.236605, -24.394490199289642], [-49.23559399999999, -24.394119699289615], [-49.23441480000002, -24.394114999289645], [-49.233386300000014, -24.394764499289632], [-49.2324509, -24.39496119928964], [-49.23149510000002, -24.395416499289627], [-49.23065800000001, -24.39592549928957], [-49.229716199999984, -24.396210399289565], [-49.22953990000001, -24.396156199289614], [-49.22882370000003, -24.395445199289597], [-49.22786960000002, -24.394741699289632], [-49.226906600000014, -24.394083399289645], [-49.22600729999999, -24.393554899289683], [-49.225073399999985, -24.392960799289693], [-49.22445040000002, -24.392113099289695], [-49.223214600000006, -24.391774199289685], [-49.22240449999998, -24.391026699289704], [-49.22136769999997, -24.390316499289714], [-49.220562700000016, -24.38959959928974], [-49.219678199999976, -24.389392099289758], [-49.21868469999998, -24.38864959928976], [-49.217602399999976, -24.38813779928975], [-49.216666799999985, -24.388062999289755], [-49.215759600000005, -24.387623899289775], [-49.21475379999998, -24.38692209928979], [-49.21381259999998, -24.38656129928979], [-49.21311639999999, -24.38564719928981], [-49.21230329999998, -24.385133599289855], [-49.21143619999998, -24.384669699289873], [-49.21061550000002, -24.38416019928986], [-49.20959399999998, -24.38392149928985], [-49.2087401, -24.383506599289852], [-49.20778309999998, -24.3826269992899], [-49.20740660000001, -24.382232199289877], [-49.20652430000001, -24.381730799289926], [-49.205442000000005, -24.381223599289914], [-49.20436710000001, -24.380940599289904], [-49.203214, -24.380892599289908], [-49.20255279999998, -24.380261799289972], [-49.20063049999999, -24.38013079928996], [-49.199730800000005, -24.37986709928996], [-49.198688600000025, -24.379876599289936], [-49.19771689999999, -24.380022399289924], [-49.196938499999995, -24.37958399928997], [-49.19586609999999, -24.379172799289947], [-49.19505839999999, -24.37876309928999], [-49.1940014, -24.378247599289992], [-49.193224799999996, -24.37813979928997], [-49.19225899999998, -24.37785569928999], [-49.19110460000002, -24.377544499290003], [-49.1901709, -24.37688239929002], [-49.189367, -24.376426099290033], [-49.1881937, -24.376449799290015], [-49.187296300000014, -24.376244099290044], [-49.186484500000006, -24.375725299290043], [-49.185980099999995, -24.374914399290073], [-49.18539370000001, -24.374068799290054], [-49.18509319999998, -24.373093499290086], [-49.184237199999984, -24.37273389929012], [-49.183293900000024, -24.372656399290086], [-49.18232769999997, -24.372317199290116], [-49.18142890000002, -24.37178549929011], [-49.180847099999994, -24.370961599290133], [-49.18002050000002, -24.370186799290156], [-49.179590099999984, -24.36941019929018], [-49.17874549999999, -24.368639799290193], [-49.178095100000014, -24.3679971992902], [-49.1775753, -24.367239099290234], [-49.177020000000034, -24.366503099290238], [-49.17597710000001, -24.365737999290285], [-49.175331000000035, -24.364815199290277], [-49.17475089999999, -24.363971199290283], [-49.17405280000003, -24.363047399290345], [-49.17323570000002, -24.36253639929034], [-49.17252130000003, -24.361652999290335], [-49.171633799999995, -24.36118109929036], [-49.17075879999999, -24.36025979929037], [-49.17021299999999, -24.35945039929041], [-49.1691922, -24.359703399290385], [-49.168922399999985, -24.35885539929038], [-49.167848100000015, -24.358272899290395], [-49.167101100000025, -24.35781629929045], [-49.1669402, -24.35668689929046], [-49.1660842, -24.355979999290465], [-49.16517850000002, -24.35536619929048], [-49.164312300000006, -24.354652399290522], [-49.163245399999994, -24.35392409929048], [-49.16226879999999, -24.353927099290534], [-49.161442799999975, -24.353342599290556], [-49.16048250000001, -24.352682299290567], [-49.1595767, -24.352097099290532], [-49.15821160000002, -24.352072999290566], [-49.15709149999997, -24.35200999929057], [-49.1560571, -24.35174129929057], [-49.15506859999999, -24.351610099290586], [-49.15406619999998, -24.351224699290565], [-49.152918, -24.35091099929058], [-49.151716299999975, -24.35046959929059], [-49.151623900000004, -24.34952519929062], [-49.15238820000002, -24.348895599290614], [-49.152088100000014, -24.34725839929065], [-49.151690599999995, -24.34518889929069], [-49.15113550000001, -24.34443379929071], [-49.150389000000025, -24.343959299290727], [-49.15006269999997, -24.34314059929077], [-49.15062999999998, -24.342241599290798], [-49.151818100000014, -24.34185519929078], [-49.152501099999995, -24.3412507992908], [-49.152619800000025, -24.3402667992908], [-49.15186169999999, -24.339562399290806], [-49.1513496, -24.33972289929085], [-49.149844099999996, -24.33999359929083], [-49.148425900000014, -24.340074499290825], [-49.147218099999975, -24.340249899290818], [-49.146115699999996, -24.33981579929082], [-49.145224299999995, -24.33962389929082], [-49.14361600000001, -24.339192199290846], [-49.142441399999996, -24.339066899290817], [-49.14157319999998, -24.33852529929087], [-49.140551099999975, -24.33779179929086], [-49.13988219999999, -24.336733699290914], [-49.13941269999998, -24.33587559929091], [-49.138823399999985, -24.335035299290933], [-49.13798570000001, -24.33423229929093], [-49.137218700000005, -24.33373769929092], [-49.13632009999998, -24.333780299290943], [-49.13569749999999, -24.334452599290962], [-49.135109800000016, -24.335434199290933], [-49.13461940000002, -24.33645899929088], [-49.13446800000003, -24.337349999290883], [-49.13357810000002, -24.338046399290846], [-49.1330726, -24.338984399290847], [-49.13207679999999, -24.33934849929086], [-49.131617300000016, -24.34008939929082], [-49.130519100000015, -24.339972199290795], [-49.12944909999999, -24.339448799290842], [-49.128646499999995, -24.33888929929084], [-49.12795979999998, -24.338033399290833], [-49.12767930000001, -24.33713269929086], [-49.126805699999984, -24.33646459929089], [-49.126410799999974, -24.335557299290922], [-49.12574810000001, -24.334726899290956], [-49.12503959999999, -24.333789799290923], [-49.124295700000005, -24.33308269929094], [-49.123447, -24.332761099291], [-49.12239970000002, -24.332442099290958], [-49.12144439999998, -24.332021299290997], [-49.12085510000003, -24.331152799290994], [-49.12013359999998, -24.330501399291023], [-49.11956170000002, -24.330902799291], [-49.11926599999998, -24.33201359929097], [-49.11860739999997, -24.332603999290974], [-49.11764390000002, -24.33306279929096], [-49.11644660000002, -24.333422599290962], [-49.115406, -24.333348099290987], [-49.11453210000002, -24.333038799290964], [-49.11312800000002, -24.333007199290968], [-49.1121483, -24.33342769929097], [-49.1111272, -24.334095099290963], [-49.11005849999998, -24.33448879929091], [-49.10938490000001, -24.335154999290904], [-49.108435499999985, -24.33585109929092], [-49.10732610000002, -24.336110899290887], [-49.10624080000002, -24.335518999290887], [-49.10506559999999, -24.335695799290903], [-49.10379840000002, -24.335835399290918], [-49.10271449999998, -24.336167899290917], [-49.101602500000006, -24.33621479929089], [-49.1015256, -24.337152199290873], [-49.10133130000003, -24.338379299290843], [-49.10101989999998, -24.339357999290833], [-49.100416499999994, -24.34008109929084], [-49.0995643, -24.34100439929077], [-49.09985879999999, -24.342006499290807], [-49.100045299999984, -24.34283669929077], [-49.099579500000004, -24.343644099290746], [-49.098313399999995, -24.344080699290735], [-49.097305500000004, -24.344414099290717], [-49.096324200000026, -24.344632799290718], [-49.095121800000015, -24.344493099290744], [-49.09413660000002, -24.344235499290747], [-49.093067700000006, -24.3440352992907], [-49.0921027, -24.343999499290728], [-49.090973399999996, -24.344111199290705], [-49.090155100000004, -24.34463079929072], [-49.0896793, -24.34545579929072], [-49.089512199999994, -24.346305499290715], [-49.09008069999999, -24.34705199929068], [-49.089584100000025, -24.34781519929066], [-49.08892750000001, -24.348723399290606], [-49.08801740000002, -24.349390399290616], [-49.0875229, -24.350406799290557], [-49.087849199999994, -24.351483599290567], [-49.08770659999999, -24.35231489929056], [-49.08672480000002, -24.35227919929055], [-49.08605139999998, -24.35298789929055], [-49.08519799999999, -24.353598199290545], [-49.083547899999985, -24.35459909929047], [-49.082865200000015, -24.355342399290468], [-49.080927599999995, -24.355559799290457], [-49.080234500000024, -24.35635339929045], [-49.08005659999997, -24.35731259929044], [-49.079355200000016, -24.35783659929041], [-49.078675499999974, -24.358568899290432], [-49.07848319999999, -24.35968619929038], [-49.077325299999984, -24.359544799290376], [-49.0765614, -24.35882299929038], [-49.0756189, -24.358974199290376], [-49.07440839999998, -24.35947869929041], [-49.07341400000001, -24.360081899290385], [-49.07284379999999, -24.36113799929033], [-49.07288890000001, -24.36248059929035], [-49.07241179999999, -24.363358599290333], [-49.07199669999999, -24.364339299290275], [-49.070998599999996, -24.364573099290254], [-49.069977199999975, -24.364754799290296], [-49.069170299999996, -24.364259399290265], [-49.068262600000025, -24.364433199290303], [-49.067222800000025, -24.364735499290266], [-49.06617139999997, -24.36455469929026], [-49.06559349999998, -24.365333899290267], [-49.06455699999998, -24.365473999290263], [-49.064694400000015, -24.366368099290227], [-49.06510639999998, -24.36741629929023], [-49.06499739999998, -24.368332499290208], [-49.063985399999986, -24.368388799290187], [-49.0629366, -24.368319199290177], [-49.06181429999998, -24.368466899290194], [-49.06055989999999, -24.368765599290207], [-49.060014799999976, -24.370002199290155], [-49.05935809999999, -24.370742699290147], [-49.05991970000002, -24.37165279929013], [-49.06015710000002, -24.37248269929008], [-49.06004949999999, -24.373633699290114], [-49.05922220000002, -24.374178299290058], [-49.058363499999984, -24.37488979929006], [-49.057720099999976, -24.37556629929005], [-49.056775300000034, -24.37591809929002], [-49.05575920000001, -24.37662519928999], [-49.05472270000001, -24.376181699290044], [-49.05365289999998, -24.375661499290022], [-49.05284469999998, -24.375135399290027], [-49.05169869999998, -24.37527169929004], [-49.0506674, -24.37609519929004], [-49.05080880000003, -24.37711079929004], [-49.05045569999999, -24.377872399289988], [-49.050059999999974, -24.378738099289993], [-49.049550599999975, -24.379606099289944], [-49.049516700000034, -24.380535699289926], [-49.0492241, -24.38137489928995], [-49.04911010000001, -24.382708099289893], [-49.0488201, -24.384137199289846], [-49.047994700000004, -24.38460759928983], [-49.04708849999997, -24.38485829928986], [-49.04649810000001, -24.385520199289797], [-49.04556789999997, -24.38582579928984], [-49.04477029999999, -24.385197199289827], [-49.044210599999985, -24.384458399289873], [-49.04318849999999, -24.384104799289844], [-49.04219410000002, -24.384481299289853], [-49.040878599999985, -24.384734399289865], [-49.03985060000002, -24.384804399289845], [-49.0397074, -24.38451629928982], [-49.03927709999999, -24.383734499289865], [-49.038777100000004, -24.38299079928989], [-49.0388742, -24.381933999289906], [-49.039388299999985, -24.381070799289898], [-49.038704800000005, -24.380297899289964], [-49.037478299999975, -24.380191699289952], [-49.036485200000016, -24.37968879928995], [-49.035614500000015, -24.379148399289985], [-49.03476439999998, -24.37833519928997], [-49.03492319999998, -24.377476199289998], [-49.034965399999976, -24.37664279929004], [-49.03422640000002, -24.375990699290025], [-49.033081100000004, -24.375925599290053], [-49.03222599999998, -24.376309199290013], [-49.03167330000002, -24.377292999290017], [-49.0306814, -24.377661099290005], [-49.0297311, -24.377217499289987], [-49.028794300000015, -24.377462699290028], [-49.027867000000015, -24.37717609928999], [-49.026932300000006, -24.376690299290026], [-49.02596, -24.37602999929005], [-49.02476530000001, -24.375866099290032], [-49.02381850000001, -24.375470299290058], [-49.02336939999997, -24.374647899290082], [-49.022855900000025, -24.373692499290087], [-49.02164219999998, -24.37361469929011], [-49.020621500000004, -24.373560599290105], [-49.02008410000002, -24.372852099290093], [-49.01995379999999, -24.3719100992901], [-49.02004990000001, -24.370730099290146], [-49.01986729999998, -24.36988769929016], [-49.02025930000002, -24.3691045992902], [-49.02086509999998, -24.36827419929018], [-49.021054900000024, -24.36745069929023], [-49.020695699999976, -24.366700399290256], [-49.019567800000004, -24.36669389929021], [-49.018496700000014, -24.36690579929022], [-49.01736629999999, -24.36635099929026], [-49.01621990000002, -24.36613429929025], [-49.01514370000001, -24.36562109929025], [-49.014153000000015, -24.365273699290245], [-49.01346219999999, -24.36423949929029], [-49.013397999999995, -24.363376499290318], [-49.01273850000001, -24.362812199290328], [-49.012043500000004, -24.361736699290336], [-49.01159740000003, -24.360804999290398], [-49.011692200000034, -24.35981199929037], [-49.011281800000006, -24.35891259929041], [-49.011377400000015, -24.35770679929045], [-49.011295099999984, -24.356784699290447], [-49.010111, -24.35674769929048], [-49.00921030000001, -24.35654629929045], [-49.00815619999997, -24.355875999290504], [-49.007085300000035, -24.355709299290478], [-49.005962599999975, -24.355370699290468], [-49.00615390000002, -24.354331899290475], [-49.00678069999998, -24.35368009929054], [-49.00705720000002, -24.35273189929051], [-49.00722580000002, -24.351866099290554], [-49.00755370000002, -24.350881399290568], [-49.0063935, -24.350597099290606], [-49.005501100000004, -24.350390199290583], [-49.00468599999999, -24.34983649929058], [-49.00408779999998, -24.34889639929062], [-49.00279760000001, -24.349065899290636], [-49.001780199999985, -24.34955279929063], [-49.0007994, -24.34976039929058], [-48.99976659999999, -24.34986069929062], [-48.9992259, -24.349075499290645], [-48.99889430000002, -24.348153499290657], [-48.999814800000024, -24.347114099290657], [-48.99954819999999, -24.346204699290666], [-48.99849210000002, -24.345981199290666], [-48.99856039999997, -24.34497749929074], [-48.997432, -24.3446357992907], [-48.99623600000001, -24.344911499290728], [-48.995276400000016, -24.345274799290735], [-48.99438029999999, -24.344738299290736], [-48.993405199999984, -24.344188799290706], [-48.99250710000001, -24.344027699290756], [-48.99140770000003, -24.343807399290736], [-48.9909662, -24.342914099290727], [-48.98968239999999, -24.342578199290756], [-48.98831740000003, -24.342224299290763], [-48.98718580000002, -24.342436699290765], [-48.986195699999996, -24.34288799929077], [-48.9852492, -24.342445699290757], [-48.98422979999998, -24.342202199290746], [-48.98352999999997, -24.34165679929079], [-48.982395100000026, -24.341407899290765], [-48.98176369999999, -24.342151199290765], [-48.98121880000003, -24.342976099290734], [-48.98113669999998, -24.34405389929073], [-48.98077690000002, -24.345024299290685], [-48.980919700000015, -24.345972299290707], [-48.97997479999998, -24.34670139929064], [-48.97931499999999, -24.347279699290656], [-48.978937799999976, -24.348232199290624], [-48.978017099999995, -24.348955799290618], [-48.977105900000026, -24.34866809929062], [-48.97647189999998, -24.347759499290643], [-48.976033700000016, -24.346797699290693], [-48.97610209999999, -24.345824399290716], [-48.9750262, -24.345791399290686], [-48.97397480000001, -24.345728099290664], [-48.97304129999998, -24.34593599929068], [-48.97204110000001, -24.346051999290676], [-48.97093210000003, -24.34617949929069], [-48.970835099999995, -24.347260399290636], [-48.9702001, -24.348139999290634], [-48.9693226, -24.34873469929065], [-48.9693211, -24.349602099290628], [-48.97009830000002, -24.35039639929062], [-48.969584, -24.351138899290596], [-48.9683574, -24.35109949929055], [-48.967856299999994, -24.35156569929055], [-48.96737250000001, -24.35239979929054], [-48.96705609999997, -24.35317959929051], [-48.966324499999985, -24.35394189929052], [-48.9657684, -24.354992799290475], [-48.96515879999999, -24.35603019929049], [-48.964605100000036, -24.357083499290432], [-48.9641686, -24.35782559929044], [-48.963398100000006, -24.358332099290404], [-48.96233230000002, -24.359039599290416], [-48.96141399999999, -24.3598429992904], [-48.96149370000001, -24.360397699290395], [-48.961359800000025, -24.361214099290336], [-48.96153959999998, -24.362073299290355], [-48.96181990000002, -24.36327819929033], [-48.961175000000026, -24.36411079929029], [-48.960585400000014, -24.364768699290288], [-48.9595281, -24.36503639929029], [-48.957689699999996, -24.365045099290256], [-48.958142699999996, -24.36604479929024], [-48.958553800000004, -24.36694509929025], [-48.95798989999997, -24.367911899290245], [-48.957467699999995, -24.368843499290215], [-48.956788700000004, -24.369571899290165], [-48.9561415, -24.37022359929013], [-48.95579620000001, -24.371199199290118], [-48.955864599999984, -24.372246799290146], [-48.955113100000005, -24.3732161992901], [-48.95423649999998, -24.37462479929006], [-48.9537593, -24.37540949929004], [-48.95293459999999, -24.375745599290052], [-48.95240419999999, -24.376574399290003], [-48.951819899999975, -24.377345099290018], [-48.95093859999997, -24.37820629928997], [-48.95012809999997, -24.378766399289997], [-48.94945960000001, -24.379480099289978], [-48.9482567, -24.37986499928994], [-48.947153300000025, -24.38036029928995], [-48.94652550000001, -24.381047199289934], [-48.946108200000026, -24.38194899928993], [-48.94622900000002, -24.38230069928987], [-48.94653770000002, -24.383260799289893], [-48.94615340000001, -24.38403259928987], [-48.945157800000004, -24.384379599289836], [-48.943992999999985, -24.384962299289818], [-48.94337259999998, -24.386004299289848], [-48.943404600000015, -24.38700639928981], [-48.94342160000002, -24.38715189928979], [-48.943872699999986, -24.387883299289772], [-48.9433487, -24.388665099289796], [-48.942316000000005, -24.38880899928974], [-48.9393685, -24.38869579928975], [-48.93815740000002, -24.388877099289754], [-48.93700530000001, -24.38935349928977], [-48.935858900000035, -24.389597799289728], [-48.9357842, -24.39046249928973], [-48.93538719999998, -24.391220299289685], [-48.93474570000001, -24.391980699289668], [-48.934261400000025, -24.39284619928968], [-48.93337200000001, -24.39345269928967], [-48.93258500000002, -24.39401729928961], [-48.931409599999995, -24.394023299289664], [-48.93034490000003, -24.393605699289676], [-48.92948630000001, -24.392922199289654], [-48.92794279999998, -24.392462199289692], [-48.92707960000001, -24.391994999289697], [-48.92611690000001, -24.39131769928971], [-48.92516060000003, -24.390782199289706], [-48.9238947, -24.39039749928973], [-48.922903099999985, -24.390267099289748], [-48.9218404, -24.38985669928972], [-48.92107900000003, -24.389141199289732], [-48.92030199999999, -24.388421099289783], [-48.91952579999998, -24.38885259928977], [-48.91869329999997, -24.389379299289722], [-48.91798970000003, -24.389944799289758], [-48.917662699999994, -24.3911967992897], [-48.9179858, -24.392239199289687], [-48.91729390000001, -24.39309449928968], [-48.91656990000001, -24.39385939928965], [-48.91549379999998, -24.393883299289676], [-48.9145451, -24.39454469928962], [-48.913635899999974, -24.395211399289607], [-48.913021800000024, -24.39610399928958], [-48.91237589999997, -24.396841399289606], [-48.911728600000004, -24.39757749928957], [-48.9111757, -24.398631799289525], [-48.91058770000001, -24.399399099289514], [-48.909890700000005, -24.400048299289484], [-48.91007819999999, -24.401545299289495], [-48.91083600000002, -24.402438199289477], [-48.91138410000002, -24.403268499289457], [-48.91166559999999, -24.404051199289448], [-48.91148629999998, -24.40500909928938], [-48.910612000000015, -24.405636199289393], [-48.90956599999999, -24.406387399289407], [-48.90855599999997, -24.40671809928934], [-48.90761959999997, -24.406130599289373], [-48.90691859999998, -24.40676539928935], [-48.90586180000003, -24.407121799289385], [-48.904934500000024, -24.407683299289324], [-48.904476199999976, -24.408449199289336], [-48.90404080000001, -24.40936719928933], [-48.9044571, -24.41020179928927], [-48.90450060000001, -24.411223499289274], [-48.90360299999997, -24.41165619928924], [-48.903437499999995, -24.41254169928926], [-48.90383480000003, -24.413472599289193], [-48.90395059999997, -24.414416299289226], [-48.90343990000002, -24.4151374992892], [-48.903855299999975, -24.416021099289186], [-48.90460080000002, -24.416569599289154], [-48.90505230000002, -24.417467099289148], [-48.905402200000026, -24.418397399289116], [-48.90598979999999, -24.41931979928908], [-48.90570489999999, -24.4203043992891], [-48.905602699999974, -24.421334099289076], [-48.90490449999998, -24.42201939928904], [-48.9037563, -24.422356899289042], [-48.90323690000003, -24.423226099289042], [-48.902750000000026, -24.424089699289013], [-48.90202629999999, -24.42495039928897], [-48.90111969999998, -24.425272699288957], [-48.900547399999994, -24.426071399288972], [-48.899856899999975, -24.426620899288924], [-48.899431799999995, -24.42758289928892], [-48.89847880000002, -24.427966299288887], [-48.89729030000001, -24.42795279928892], [-48.89620839999997, -24.42833009928889], [-48.895055199999994, -24.42807609928891], [-48.893860200000006, -24.428371799288886], [-48.89297160000001, -24.428074199288936], [-48.89260999999999, -24.426957499288953], [-48.89163300000001, -24.42660629928894], [-48.890714100000025, -24.42702859928897], [-48.89092729999999, -24.4280401992889], [-48.889927, -24.42852829928887], [-48.88975110000001, -24.429423999288865], [-48.89007190000002, -24.43048219928882], [-48.88997169999999, -24.431452499288813], [-48.889505499999984, -24.432318799288826], [-48.88982119999997, -24.43314319928882], [-48.889761599999986, -24.43400399928879], [-48.8893607, -24.434836599288737], [-48.88811579999997, -24.435166799288737], [-48.88717509999998, -24.435626699288736], [-48.8859387, -24.435424399288728], [-48.88481309999997, -24.43512989928874], [-48.8841519, -24.434369899288747], [-48.88320090000001, -24.43460389928878], [-48.88228040000001, -24.43465369928877], [-48.88164840000002, -24.435296799288743], [-48.88033919999997, -24.435297599288766], [-48.87947730000002, -24.434473099288752], [-48.879321000000004, -24.43335269928879], [-48.87900459999997, -24.432547899288778], [-48.87851210000003, -24.431672699288807], [-48.87742680000002, -24.431815999288865], [-48.87590039999998, -24.431729199288828], [-48.87479469999999, -24.431378999288828], [-48.87361290000002, -24.43144649928882], [-48.8727298, -24.43209469928881], [-48.87295430000001, -24.432512599288806], [-48.8728529, -24.43349749928878], [-48.87243089999998, -24.434615799288782], [-48.872598900000014, -24.435447399288737], [-48.87185950000003, -24.436489499288708], [-48.870841900000016, -24.43695589928871], [-48.869725800000026, -24.437282099288712], [-48.868637999999976, -24.437280799288704], [-48.8683679, -24.438105599288658], [-48.8682809, -24.438970599288666], [-48.8679525, -24.439789499288665], [-48.867720899999995, -24.441137699288642], [-48.866680099999996, -24.441626799288606], [-48.865959799999985, -24.44236669928856], [-48.86684420000001, -24.442698899288565], [-48.86729830000001, -24.443515599288574], [-48.86683549999998, -24.44422439928855], [-48.866782899999976, -24.445008299288514], [-48.86688880000003, -24.446612499288513], [-48.86776800000001, -24.44721579928847], [-48.867257300000006, -24.448129199288452], [-48.86687680000001, -24.449081099288453], [-48.86645970000001, -24.450149699288424], [-48.86608250000001, -24.4511856992884], [-48.86520359999997, -24.453202799288345], [-48.86380129999998, -24.455587499288292], [-48.86284569999998, -24.455486799288323], [-48.8616141, -24.456010499288293], [-48.861437500000015, -24.45690289928827], [-48.86087170000002, -24.457615199288284], [-48.860071600000026, -24.458408599288237], [-48.85910310000003, -24.458861799288258], [-48.85821629999998, -24.459502499288213], [-48.858872799999965, -24.46029599928824], [-48.85943869999999, -24.461581499288208], [-48.860302699999984, -24.462280599288146], [-48.861700199999966, -24.462838499288136], [-48.862496299999975, -24.463374399288156], [-48.86320469999998, -24.46428309928811], [-48.86399929999999, -24.46508769928813], [-48.86359440000001, -24.466094999288078], [-48.862931600000024, -24.46667159928806], [-48.862157000000025, -24.46741449928807], [-48.86201829999999, -24.468297699288026], [-48.86168620000001, -24.469270299288016], [-48.86119830000002, -24.470341599287973], [-48.860420999999974, -24.469848999288008], [-48.859462399999984, -24.469952799287984], [-48.85870210000001, -24.470577199287966], [-48.85789510000001, -24.470977499287976], [-48.857318599999985, -24.47169319928797], [-48.85669250000001, -24.472368299287975], [-48.85652470000002, -24.473329699287948], [-48.855688499999985, -24.473685899287943], [-48.854888700000004, -24.474137599287918], [-48.85416989999999, -24.474780199287895], [-48.8536375, -24.475894899287887], [-48.853346699999975, -24.476737699287852], [-48.85255389999998, -24.477292599287836], [-48.85201940000002, -24.478118099287833], [-48.851395000000025, -24.47899559928782], [-48.85110470000001, -24.479842099287772], [-48.85031780000002, -24.480312299287768], [-48.84952670000001, -24.479516899287816], [-48.84914620000001, -24.478811999287814], [-48.84869459999999, -24.477856499287803], [-48.847958300000016, -24.47703469928784], [-48.84691839999999, -24.476889799287825], [-48.8457004, -24.476812099287862], [-48.84462550000001, -24.477151299287836], [-48.8434115, -24.477225599287838], [-48.84255460000003, -24.476964299287864], [-48.84160350000002, -24.47627669928789], [-48.8407287, -24.475495599287864], [-48.83976130000002, -24.474964899287865], [-48.83859180000002, -24.475235199287866], [-48.837438700000014, -24.475560199287898], [-48.836517500000014, -24.4756888992879], [-48.835689, -24.475290799287873], [-48.83477629999999, -24.47457229928787], [-48.833449400000006, -24.474193799287935], [-48.83343999999999, -24.475092899287883], [-48.83328660000001, -24.47594719928788], [-48.833531100000016, -24.476742699287847], [-48.83322429999998, -24.477514599287833], [-48.832900800000004, -24.47846869928783], [-48.83207770000001, -24.478942199287808], [-48.83107469999999, -24.47927469928782], [-48.8301525, -24.47986789928778], [-48.82912390000001, -24.480335499287797], [-48.829849500000016, -24.48137139928774], [-48.8295339, -24.48214519928772], [-48.8287196, -24.482930299287737], [-48.82753070000001, -24.483064899287704], [-48.82660490000001, -24.48315989928769], [-48.825425800000005, -24.48302279928773], [-48.82442930000002, -24.48319669928771], [-48.82322290000002, -24.482720099287718], [-48.82234269999997, -24.483260999287744], [-48.822787500000004, -24.484221799287692], [-48.82323939999998, -24.484953599287657], [-48.822899199999995, -24.485812199287658], [-48.82167120000003, -24.485870899287658], [-48.820808699999986, -24.48625149928762], [-48.81978240000001, -24.48648549928766], [-48.8184081, -24.48695829928766], [-48.817509599999994, -24.4875781992876], [-48.81738009999999, -24.488764799287605], [-48.81702569999999, -24.489748099287556], [-48.81747560000002, -24.49057989928756], [-48.81840390000002, -24.49144839928755], [-48.81878019999999, -24.492275699287507], [-48.818956500000006, -24.493342299287495], [-48.81847129999999, -24.494357899287493], [-48.818756500000006, -24.495524199287416], [-48.8185466, -24.496609399287443], [-48.818182999999976, -24.49736179928743], [-48.817149400000005, -24.497395299287405], [-48.8161887, -24.4970612992874], [-48.8152253, -24.49776889928739], [-48.81547230000001, -24.498656999287363], [-48.81573259999999, -24.499889199287335], [-48.81553630000002, -24.500774299287322], [-48.81444920000001, -24.501147799287338], [-48.8134288, -24.50158319928734], [-48.813480700000014, -24.503201599287284], [-48.81391980000001, -24.504021899287267], [-48.81453479999999, -24.504991699287245], [-48.81481050000002, -24.505790199287205], [-48.81485060000001, -24.50670389928719], [-48.81463029999997, -24.507731599287176], [-48.813739999999996, -24.508381299287166], [-48.8126886, -24.509342599287173], [-48.811827300000004, -24.510163499287103], [-48.81086349999999, -24.510894799287136], [-48.80961139999999, -24.51132939928713], [-48.80847440000003, -24.512014999287114], [-48.807877899999994, -24.512697399287056], [-48.80786490000003, -24.512841699287094], [-48.806890599999974, -24.512274799287088], [-48.805821200000025, -24.511788399287095], [-48.80472329999998, -24.511272199287113], [-48.80380509999997, -24.510680999287093], [-48.802730699999984, -24.51073439928711], [-48.80150370000001, -24.509378199287163], [-48.80118920000001, -24.508515499287153], [-48.800556900000004, -24.507608299287202], [-48.79954240000001, -24.50691409928722], [-48.798805300000026, -24.506219299287217], [-48.7977563, -24.505956799287194], [-48.79667160000003, -24.505603199287233], [-48.79622069999999, -24.50550859928721], [-48.79528959999998, -24.505971999287212], [-48.79488909999998, -24.50673379928721], [-48.794084699999985, -24.507523499287178], [-48.79328020000003, -24.508313099287175], [-48.792461499999995, -24.509155499287175], [-48.7915036, -24.509821299287147], [-48.790775999999994, -24.510586299287123], [-48.79077139999998, -24.511601399287112], [-48.790635099999974, -24.512636699287043], [-48.789946999999984, -24.513479399287043], [-48.78922460000001, -24.51397659928703], [-48.788252399999976, -24.51335469928704], [-48.78772700000002, -24.512516999287083], [-48.78784999999999, -24.511407299287082], [-48.78800890000002, -24.510422099287155], [-48.78801299999998, -24.509447199287152], [-48.788105900000005, -24.50851959928716], [-48.78773480000001, -24.50759689928719], [-48.786893099999986, -24.507083399287197], [-48.78586960000001, -24.506624799287206], [-48.784720600000014, -24.506537599287203], [-48.7836648, -24.50664149928721], [-48.782377699999984, -24.506354299287217], [-48.781368999999984, -24.506079199287207], [-48.780347800000015, -24.50580869928721], [-48.7796138, -24.50532469928725], [-48.77911599999999, -24.50458609928723], [-48.778231000000005, -24.50441609928727], [-48.77718229999999, -24.50386429928724], [-48.7761524, -24.50358569928725], [-48.775397199999986, -24.504201499287277], [-48.77531160000001, -24.505023099287254], [-48.774994, -24.505788399287194], [-48.77483489999997, -24.50660569928723], [-48.77409160000001, -24.507382499287193], [-48.773167, -24.507788099287204], [-48.772371899999996, -24.50834179928716], [-48.77195050000001, -24.50908549928718], [-48.771270800000025, -24.509909799287147], [-48.77015720000003, -24.510413199287143], [-48.7689669, -24.51070509928712], [-48.767702799999995, -24.510914799287136], [-48.76668999999998, -24.511652699287115], [-48.76621779999999, -24.512521999287063], [-48.7659526, -24.513518599287064], [-48.7651419, -24.513939399287082], [-48.76456639999998, -24.513748999287078], [-48.763724000000025, -24.513774899287043], [-48.762916399999995, -24.51454129928706], [-48.762796700000024, -24.515723599287014], [-48.7617368, -24.51566799928702], [-48.760405400000025, -24.51551089928699], [-48.76033840000002, -24.51465089928703], [-48.7601098, -24.513855599287055], [-48.76016729999998, -24.512954099287068], [-48.75993340000002, -24.512162499287076], [-48.75991699999997, -24.51133869928711], [-48.759737599999994, -24.510504599287106], [-48.75983689999998, -24.509610799287163], [-48.75959280000001, -24.508734699287157], [-48.7593923, -24.507801199287197], [-48.759384700000005, -24.5066740992872], [-48.75951040000001, -24.50580819928721], [-48.760016899999975, -24.505026199287222], [-48.75940880000002, -24.504058399287285], [-48.75943669999998, -24.50297369928727], [-48.75952990000002, -24.502074199287293], [-48.7593081, -24.501228299287295], [-48.758291100000015, -24.501157399287337], [-48.7570053, -24.50096179928735], [-48.75633829999998, -24.500391299287333], [-48.755558399999984, -24.49947699928738], [-48.755029499999985, -24.498430799287387], [-48.7538318, -24.49852249928736], [-48.75299260000003, -24.498228399287406], [-48.75347449999998, -24.497242799287385], [-48.75365399999998, -24.49629179928743], [-48.75347340000001, -24.495330599287442], [-48.753173100000026, -24.494372099287485], [-48.75234390000003, -24.493629599287505], [-48.751438199999996, -24.49356679928749], [-48.75037020000002, -24.493036299287525], [-48.74964360000002, -24.49194259928754], [-48.74970939999998, -24.491035199287545], [-48.74886279999998, -24.490361499287573], [-48.74783880000001, -24.490121899287583], [-48.7467507, -24.489578299287587], [-48.745813999999996, -24.488723299287603], [-48.7447818, -24.488853499287597], [-48.744214, -24.48808659928758], [-48.74321800000001, -24.4874406992876], [-48.742499699999996, -24.486811299287638], [-48.7415752, -24.48627049928764], [-48.74059790000002, -24.486899599287653], [-48.74022530000001, -24.48785759928759], [-48.739362400000005, -24.48863139928757], [-48.73826170000001, -24.48832579928758], [-48.73679279999998, -24.488195399287594], [-48.73568180000001, -24.4882320992876], [-48.73470279999997, -24.48838189928758], [-48.73396309999998, -24.487785499287586], [-48.734099800000024, -24.48666619928764], [-48.73447629999998, -24.48584519928769], [-48.733056600000005, -24.483969799287713], [-48.73221109999997, -24.483152899287713], [-48.73146730000002, -24.482606599287717], [-48.73154240000003, -24.481773799287726], [-48.73160569999999, -24.48070309928779], [-48.73051550000003, -24.480085699287795], [-48.72942419999998, -24.480218799287762], [-48.727891, -24.480797099287784], [-48.72708410000001, -24.48129019928774], [-48.72583750000001, -24.482607799287706], [-48.7249397, -24.4832951992877], [-48.72478289999998, -24.484114899287707], [-48.724147000000016, -24.48483019928766], [-48.723247599999986, -24.48532159928769], [-48.722425199999975, -24.484800899287663], [-48.721358599999974, -24.48438879928766], [-48.720589200000006, -24.483751999287698], [-48.72039799999998, -24.482811099287712], [-48.72074140000001, -24.48178049928775], [-48.72109130000001, -24.480693999287794], [-48.72101370000002, -24.479647099287813], [-48.72072379999997, -24.478714599287805], [-48.720265400000024, -24.477846499287825], [-48.71944589999998, -24.476947699287827], [-48.71850879999999, -24.47682129928784], [-48.71831639999999, -24.475940599287863], [-48.7163519, -24.474639699287906], [-48.71527209999999, -24.47412649928793], [-48.714430600000014, -24.47342689928791], [-48.7134332, -24.4735104992879], [-48.713043700000014, -24.472680999287956], [-48.71316409999997, -24.471573099287966], [-48.711996399999975, -24.470462399287968], [-48.70938840000002, -24.468061399288047], [-48.708641, -24.467323199288064], [-48.70741650000002, -24.46591319928808], [-48.70673759999999, -24.46497229928811], [-48.70552350000003, -24.46399259928811], [-48.70456419999999, -24.463817899288106], [-48.70395980000001, -24.463072299288164], [-48.70335130000001, -24.462455299288152], [-48.70372950000001, -24.4616360992882], [-48.704451800000015, -24.460885099288184], [-48.7048681, -24.460118999288234], [-48.705679599999996, -24.459246799288252], [-48.70648160000001, -24.458454999288254], [-48.70734199999998, -24.457829699288247], [-48.7079872, -24.457125899288265], [-48.708899299999985, -24.456420599288297], [-48.70954790000002, -24.45554539928832], [-48.70881950000001, -24.455230299288292], [-48.708068500000024, -24.454754599288332], [-48.706928300000015, -24.454191699288355], [-48.70602220000001, -24.453475199288366], [-48.70461660000001, -24.452877599288403], [-48.70382080000001, -24.452052499288367], [-48.7019972, -24.452111899288358], [-48.70093379999997, -24.452373699288387], [-48.6999485, -24.45278829928838], [-48.69938309999998, -24.45374799928836], [-48.69957950000003, -24.454709599288336], [-48.699065899999994, -24.455417699288304], [-48.6983338, -24.455986599288323], [-48.69732540000001, -24.456412299288303], [-48.69652539999998, -24.4559624992883], [-48.69579859999999, -24.455259499288335], [-48.695175899999974, -24.45461089928831], [-48.69482210000001, -24.45379299928836], [-48.693698900000015, -24.45367529928833], [-48.69377609999998, -24.45283229928838], [-48.693822300000015, -24.451893199288364], [-48.69377989999998, -24.45103859928841], [-48.69348370000001, -24.448870699288445], [-48.693107499999996, -24.446839899288484], [-48.69197270000001, -24.446216799288514], [-48.691388099999976, -24.445191199288534], [-48.69080009999999, -24.444190299288564], [-48.691463, -24.443503199288575], [-48.69237570000001, -24.442837999288578], [-48.69318550000003, -24.441995799288577], [-48.6933459, -24.44094609928865], [-48.69367820000002, -24.439892399288677], [-48.69433359999999, -24.439155699288687], [-48.694594300000006, -24.437032199288694], [-48.69537120000001, -24.436593899288706], [-48.694620799999996, -24.435744899288718], [-48.694263999999976, -24.43483569928876], [-48.69462859999999, -24.43392519928875], [-48.69423160000002, -24.431795299288808], [-48.69431609999998, -24.430922799288858], [-48.69470639999997, -24.42945939928886], [-48.69515289999998, -24.4279177992889], [-48.69525549999997, -24.427013899288955], [-48.695439900000004, -24.42547659928898], [-48.69593400000002, -24.42469739928899], [-48.695145000000025, -24.424014499288987], [-48.6940616, -24.42346809928899], [-48.6937499, -24.42242589928903], [-48.69412269999998, -24.421493799289056], [-48.694315500000016, -24.42018039928907], [-48.69490769999999, -24.41920089928912], [-48.695069199999985, -24.418233499289105], [-48.69565920000002, -24.417381199289167], [-48.69594949999998, -24.41635299928917], [-48.69616689999998, -24.415405399289174], [-48.696313299999986, -24.414542899289223], [-48.695408199999974, -24.413865999289197], [-48.694349999999986, -24.413876699289215], [-48.6928727, -24.413772899289246], [-48.692091800000014, -24.413248699289216], [-48.69094039999999, -24.41283659928922], [-48.690150800000026, -24.412221399289272], [-48.68913789999999, -24.412210699289258], [-48.68802290000002, -24.411870399289253], [-48.68693919999998, -24.411863999289235], [-48.68598389999999, -24.41235759928925], [-48.68522139999999, -24.41159749928929], [-48.684481300000016, -24.412325399289237], [-48.6833173, -24.412858899289233], [-48.68254510000003, -24.413678099289243], [-48.68149069999999, -24.414433699289216], [-48.68052510000001, -24.414378099289223], [-48.67925359999998, -24.414241999289203], [-48.67829440000003, -24.414173199289195], [-48.677207899999985, -24.41469239928918], [-48.67634659999999, -24.415325699289166], [-48.67554689999997, -24.41612369928918], [-48.674705700000004, -24.416635599289158], [-48.674074399999995, -24.41565609928915], [-48.673292600000025, -24.414731899289187], [-48.672771599999976, -24.41404339928923], [-48.67174890000001, -24.414055599289192], [-48.67078509999999, -24.413482199289195], [-48.670255499999996, -24.412436299289272], [-48.66954340000001, -24.41175809928925], [-48.66838790000003, -24.412008999289256], [-48.6670886, -24.41189029928923], [-48.66606789999997, -24.411324799289254], [-48.665408300000024, -24.410366099289263], [-48.66560579999998, -24.409447499289303], [-48.66483770000003, -24.40862749928935], [-48.6644804, -24.407802799289364], [-48.66368460000001, -24.407041599289375], [-48.66249850000002, -24.40617219928939], [-48.66173199999997, -24.405708199289386], [-48.66087399999998, -24.405264399289422], [-48.65979199999998, -24.40521159928937], [-48.658762900000006, -24.40521389928937], [-48.658539099999985, -24.404152499289435], [-48.65770029999999, -24.403699199289445], [-48.6561984, -24.40284189928944], [-48.65569169999998, -24.4015235992895], [-48.654815600000006, -24.401949099289492], [-48.654076499999974, -24.401430499289482], [-48.653099899999965, -24.400947599289488], [-48.65258110000002, -24.40002349928948], [-48.652167700000014, -24.398868099289555], [-48.65127799999999, -24.39851059928956], [-48.65060820000003, -24.39767099928956], [-48.65004809999999, -24.39646399928957], [-48.649467500000014, -24.39568859928963], [-48.648985700000026, -24.394891799289603], [-48.648723899999986, -24.39387889928965], [-48.64837469999998, -24.392771499289655], [-48.64789669999999, -24.392055399289685], [-48.646966099999986, -24.39070699928973], [-48.646103600000004, -24.390187899289728], [-48.645359799999994, -24.38970949928971], [-48.645066799999995, -24.388712399289734], [-48.64590759999999, -24.38814559928974], [-48.645776700000006, -24.387298499289777], [-48.64507500000002, -24.386541499289834], [-48.64446529999998, -24.385925999289803], [-48.643588799999975, -24.38509009928985], [-48.64309129999998, -24.384332699289867], [-48.64234920000001, -24.38385409928987], [-48.64230889999999, -24.382989999289897], [-48.64200920000002, -24.381206799289895], [-48.64146820000002, -24.379757899289974], [-48.64109810000002, -24.378651999289968], [-48.64080139999999, -24.377746899289974], [-48.64057120000001, -24.37689769928998], [-48.64100530000002, -24.376061499290024], [-48.64016170000002, -24.375418999290066], [-48.63940389999999, -24.37444039929009], [-48.63919640000001, -24.373456899290105], [-48.6390088, -24.372418299290104], [-48.6387666, -24.370863399290155], [-48.63770690000001, -24.370123699290183], [-48.637329299999976, -24.369235599290207], [-48.63771459999998, -24.368019899290182], [-48.636687499999994, -24.367421599290218], [-48.635932700000005, -24.366700799290232], [-48.63541220000002, -24.36583179929028], [-48.63578810000002, -24.36481329929025], [-48.63559470000001, -24.3639530992903], [-48.635132399999975, -24.3630006992903], [-48.635048600000005, -24.362044999290358], [-48.634391900000026, -24.361463099290322], [-48.63352170000002, -24.360885399290343], [-48.63271040000001, -24.360368999290362], [-48.63201129999999, -24.35952559929037], [-48.63245710000002, -24.35847479929043], [-48.63186109999998, -24.35754649929045], [-48.63131120000003, -24.356895799290466], [-48.63110449999999, -24.355909299290477], [-48.63115540000001, -24.354864899290487], [-48.63020130000001, -24.354876499290484], [-48.62937260000001, -24.354292999290493], [-48.62886859999998, -24.35355339929053], [-48.628870199999994, -24.352643399290518], [-48.628186700000015, -24.351959999290578], [-48.627872500000024, -24.351145699290587], [-48.627936499999976, -24.349889299290577], [-48.62688680000002, -24.350519299290553], [-48.625471000000005, -24.350859699290588], [-48.62447179999998, -24.351069099290594], [-48.62348109999999, -24.351230899290584], [-48.622227599999974, -24.3511148992906], [-48.62133060000002, -24.350394599290603], [-48.62034139999998, -24.349745199290574], [-48.61941430000002, -24.349148199290617], [-48.61848620000001, -24.34855189929065], [-48.61767850000001, -24.34803359929065], [-48.6168922, -24.347246699290675], [-48.61622110000002, -24.34664949929068], [-48.616753500000016, -24.345689499290685], [-48.61744629999998, -24.345160799290674], [-48.61853539999999, -24.344562999290712], [-48.6184212, -24.343744099290713], [-48.61733099999997, -24.343240799290733], [-48.61626990000002, -24.34272299929073], [-48.615105099999994, -24.342408999290726], [-48.61408080000001, -24.342328299290784], [-48.6134652, -24.342944599290767], [-48.61257039999999, -24.342710199290757], [-48.611837200000025, -24.34214059929076], [-48.61020180000003, -24.341066799290815], [-48.6090001, -24.34061179929078], [-48.608295999999996, -24.33976229929084], [-48.6078852, -24.338926899290833], [-48.607031800000016, -24.33867539929084], [-48.60590509999997, -24.337372799290897], [-48.60427370000002, -24.335871399290877], [-48.6031709, -24.334728399290945], [-48.60225439999999, -24.333690499290935], [-48.60141409999999, -24.33335229929096], [-48.60021760000001, -24.332725599290978], [-48.60033229999999, -24.331724499291], [-48.60036259999998, -24.330801899291], [-48.5999587, -24.32990429929105], [-48.59981240000002, -24.328973599291043], [-48.59947729999999, -24.327985399291066], [-48.59844559999999, -24.32721409929109], [-48.59738060000001, -24.326802999291086], [-48.59662020000002, -24.32608709929111], [-48.595869600000015, -24.325364999291114], [-48.59508219999998, -24.324830199291153], [-48.59445640000001, -24.323883899291165], [-48.59367179999998, -24.3228635992912], [-48.592944100000004, -24.321831699291227], [-48.59204740000001, -24.321389299291244], [-48.59173679999998, -24.320572499291266], [-48.59112850000003, -24.318879799291267], [-48.590622199999984, -24.317891299291283], [-48.59042090000003, -24.31696669929134], [-48.59049429999999, -24.316107099291347], [-48.59017979999999, -24.31526439929134], [-48.58955129999998, -24.314329399291395], [-48.58849859999998, -24.313970699291406], [-48.58852760000002, -24.31292179929144], [-48.58834569999999, -24.311973199291433], [-48.58740990000001, -24.311246699291466], [-48.58622220000001, -24.311405099291445], [-48.5853611, -24.310654599291478], [-48.58471270000001, -24.309695899291487], [-48.5837125, -24.30886299929146], [-48.58249000000001, -24.308534299291516], [-48.58155149999998, -24.308107299291525], [-48.580199100000016, -24.306842099291526], [-48.57954300000001, -24.30625019929157], [-48.579394900000004, -24.305205299291593], [-48.57921700000002, -24.304396299291593], [-48.57834819999999, -24.303886299291594], [-48.57741829999998, -24.303240999291635], [-48.57656259999999, -24.302980499291607], [-48.57559930000002, -24.30296959929161], [-48.57480850000002, -24.302511799291626], [-48.574477100000024, -24.301478799291637], [-48.5734635, -24.301110699291645], [-48.57226950000001, -24.30096329929164], [-48.5713642, -24.300365899291652], [-48.57036449999998, -24.299881099291692], [-48.56963039999999, -24.29931739929171], [-48.5687446, -24.298545299291717], [-48.56772089999998, -24.298332599291705], [-48.566622199999976, -24.29749269929176], [-48.56577729999998, -24.296668699291754], [-48.5649113, -24.295722199291784], [-48.56350909999998, -24.293977399291837], [-48.5626615, -24.293549999291805], [-48.56230449999998, -24.293324599291843], [-48.56220789999998, -24.292917599291854], [-48.561987800000004, -24.291983499291863], [-48.55992459999999, -24.28893389929194], [-48.55914130000002, -24.287847399291927], [-48.55760379999999, -24.286619099291975], [-48.55668409999998, -24.287178799291954], [-48.555346900000025, -24.287714999291946], [-48.55461059999999, -24.28839989929194], [-48.55353020000002, -24.28894519929193], [-48.55256680000002, -24.288873199291952], [-48.551536999999996, -24.289433299291904], [-48.55137689999999, -24.290454599291877], [-48.55191739999999, -24.29152129929187], [-48.55236630000002, -24.29240679929183], [-48.552762900000005, -24.293304799291818], [-48.553206999999986, -24.29413219929179], [-48.552831000000026, -24.295058899291806], [-48.55194130000002, -24.296030099291766], [-48.55130989999998, -24.29693089929176], [-48.55091349999997, -24.297717899291744], [-48.55032449999999, -24.298483099291722], [-48.55016239999998, -24.29933899929168], [-48.54944949999998, -24.300081699291713], [-48.5484697, -24.300796699291652], [-48.548399399999994, -24.30166389929164], [-48.547957, -24.30239279929164], [-48.54767579999998, -24.303359999291615], [-48.5481532, -24.304343999291603], [-48.54836440000003, -24.305328599291563], [-48.548383100000024, -24.306347099291525], [-48.54750619999999, -24.3069724992915], [-48.5465972, -24.307637799291527], [-48.54591169999998, -24.30836219929149], [-48.545655099999976, -24.30927419929149], [-48.544709899999994, -24.309880999291494], [-48.54373720000001, -24.310649999291464], [-48.542515200000025, -24.31123029929142], [-48.541669300000024, -24.311867899291407], [-48.5406122, -24.31263639929138], [-48.54035959999999, -24.313510599291366], [-48.540369999999996, -24.31438179929135], [-48.54006429999998, -24.31544169929136], [-48.53926510000003, -24.315839799291336], [-48.538708299999996, -24.316606799291314], [-48.5383028, -24.3174362992913], [-48.53796999999997, -24.31824599929127], [-48.53716020000002, -24.31907909929128], [-48.53633070000001, -24.319675699291267], [-48.53566219999999, -24.32038479929125], [-48.53551099999999, -24.321417899291195], [-48.53454260000001, -24.32134549929123], [-48.533307700000016, -24.321049999291237], [-48.532138900000014, -24.32069659929125], [-48.531330099999984, -24.320023199291224], [-48.53088700000001, -24.319063099291267], [-48.52989150000002, -24.318353899291264], [-48.528975, -24.318088199291275], [-48.52709620000002, -24.317966099291272], [-48.52606589999999, -24.31810589929127], [-48.52532869999999, -24.3186455992913], [-48.52463030000001, -24.319171099291278], [-48.523535400000014, -24.31925119929126], [-48.5232449, -24.31845929929125], [-48.5229741, -24.317570299291305], [-48.523379299999995, -24.316568699291324], [-48.52348369999998, -24.315625299291366], [-48.5238938, -24.31471499929134], [-48.523724000000016, -24.313878599291385], [-48.523771599999975, -24.312440599291417], [-48.52426650000001, -24.31141499929146], [-48.52442450000001, -24.310533699291454], [-48.52377410000003, -24.309791099291456], [-48.52256130000001, -24.30987519929149], [-48.521383000000014, -24.31004789929144], [-48.520616700000005, -24.309133199291512], [-48.51954239999998, -24.30885209929152], [-48.51865579999998, -24.308685499291514], [-48.5180173, -24.30931099929147], [-48.517135600000024, -24.309927199291472], [-48.51582100000001, -24.309990699291472], [-48.51495540000002, -24.309554199291462], [-48.51501389999999, -24.308118499291485], [-48.51511319999997, -24.306999199291543], [-48.514612399999976, -24.30616319929156], [-48.513691300000005, -24.305745799291568], [-48.51256189999998, -24.305725299291566], [-48.511375799999996, -24.305649199291572], [-48.5105494, -24.30506749929158], [-48.50982579999999, -24.30420099929158], [-48.50996809999998, -24.303239399291613], [-48.5087322, -24.30337769929161], [-48.50779080000001, -24.303558299291627], [-48.507030999999984, -24.304244499291574], [-48.5061149, -24.30462679929158], [-48.50522590000003, -24.30433079929159], [-48.50435609999999, -24.30375449929163], [-48.503696400000024, -24.303150799291636], [-48.502959900000015, -24.302440299291636], [-48.50351740000002, -24.301518899291665], [-48.50434999999999, -24.300924199291654], [-48.50488949999999, -24.300231299291696], [-48.5045331, -24.299276699291703], [-48.503603399999974, -24.298475699291707], [-48.50287500000001, -24.297769399291724], [-48.503015500000004, -24.29629979929175], [-48.502355799999975, -24.295611799291805], [-48.501478299999974, -24.295070099291763], [-48.500528999999965, -24.294850299291802], [-48.500354800000025, -24.29326629929187], [-48.500460299999986, -24.29216999929186], [-48.50116009999999, -24.291410899291883], [-48.501656500000024, -24.290612299291915], [-48.50199300000003, -24.289030599291905], [-48.501610899999996, -24.28763059929196], [-48.500893099999985, -24.285843399291963], [-48.50018640000001, -24.28519929929199], [-48.49986969999998, -24.284430499292004], [-48.49996809999999, -24.284191099292016], [-48.49912799999999, -24.283224899292044], [-48.49852329999999, -24.281912099292086], [-48.49793260000001, -24.280822499292093], [-48.49683249999998, -24.28006899929214], [-48.495744100000024, -24.27952209929214], [-48.494876999999974, -24.279162199292113], [-48.49476759999999, -24.280113899292125], [-48.4945338, -24.28158619929208], [-48.49362830000001, -24.28216319929209], [-48.49271190000002, -24.28251949929205], [-48.49171860000001, -24.282295799292054], [-48.49089350000003, -24.281949999292078], [-48.48945880000002, -24.282397699292055], [-48.48843799999997, -24.28360009929204], [-48.4871632, -24.28416099929202], [-48.48660530000001, -24.283065199292064], [-48.48542759999999, -24.283426999292068], [-48.48406670000003, -24.28388399929204], [-48.482909500000005, -24.28428719929203], [-48.48209000000003, -24.284672899291998], [-48.48113110000003, -24.28520039929202], [-48.48006750000002, -24.285714399292015], [-48.47918049999999, -24.286443199291984], [-48.47803149999998, -24.287132999291952], [-48.47735979999999, -24.288172099291945], [-48.47617739999998, -24.289023199291897], [-48.4751746, -24.289029899291933], [-48.4743244, -24.28871369929195], [-48.4738643, -24.287651499291936], [-48.472917, -24.28715189929199], [-48.47086189999999, -24.286252599292], [-48.47103140000002, -24.287363699291976], [-48.47042909999999, -24.288130399291948], [-48.469333800000015, -24.287664899291933], [-48.46848499999998, -24.286665499292], [-48.46704749999998, -24.28670659929198], [-48.46607540000002, -24.286487499292004], [-48.46471999999999, -24.28588509929197], [-48.463865999999996, -24.286389099292], [-48.463007000000005, -24.28733619929199], [-48.46252240000001, -24.28819519929195], [-48.46214800000001, -24.288944099291914], [-48.461200899999994, -24.289979299291936], [-48.4605401, -24.290816199291886], [-48.45983530000001, -24.29147699929186], [-48.45935079999998, -24.292490199291827], [-48.458932300000015, -24.293635499291813], [-48.458139399999986, -24.29438439929182], [-48.45761069999997, -24.295067199291807], [-48.456928000000005, -24.295727999291774], [-48.45589269999999, -24.29561779929178], [-48.455232000000024, -24.29500109929177], [-48.45448490000002, -24.293951599291834], [-48.45399850000001, -24.29334919929185], [-48.45377830000001, -24.29218179929184], [-48.453910399999984, -24.291366899291887], [-48.45415270000001, -24.2902655992919], [-48.45419679999998, -24.28938459929192], [-48.4544611, -24.288437499291916], [-48.4543509, -24.28738029929195], [-48.45357999999999, -24.28641109929199], [-48.45278710000002, -24.285530099292018], [-48.45228049999997, -24.28451699929202], [-48.45243470000003, -24.28367999929204], [-48.45311750000002, -24.283129299292035], [-48.45371219999999, -24.282446499292057], [-48.45472530000001, -24.281719699292083], [-48.45569449999999, -24.280882699292107], [-48.45701600000001, -24.280618399292088], [-48.45839369999999, -24.280888399292085], [-48.45932870000002, -24.2802659992921], [-48.45974719999998, -24.279362899292163], [-48.46023170000001, -24.278569999292166], [-48.46116230000001, -24.277872099292193], [-48.46186510000001, -24.276770499292184], [-48.462205900000015, -24.27568309929219], [-48.46288529999998, -24.274888399292244], [-48.463831500000026, -24.27428229929222], [-48.4646922, -24.273819999292254], [-48.46455559999999, -24.272868999292296], [-48.46414570000002, -24.27191049929229], [-48.46407620000003, -24.27108309929232], [-48.4642151, -24.26997449929233], [-48.4643772, -24.268971699292376], [-48.46372389999999, -24.26813099929236], [-48.462916199999995, -24.267192999292426], [-48.46261190000001, -24.26636619929241], [-48.46230170000002, -24.265534199292425], [-48.46223350000002, -24.264545699292444], [-48.462327200000004, -24.26298249929251], [-48.462744499999985, -24.262252099292525], [-48.463234399999976, -24.261561899292527], [-48.463672599999995, -24.26073669929254], [-48.46312790000002, -24.259691099292567], [-48.46234909999998, -24.259167399292597], [-48.461546399999975, -24.258653499292567], [-48.46081179999999, -24.25778299929262], [-48.45985259999998, -24.2567538992926], [-48.45957240000001, -24.25593069929267], [-48.45860210000001, -24.254801299292662], [-48.458068099999984, -24.25391519929269], [-48.457998499999974, -24.252736699292733], [-48.4570822, -24.252808999292732], [-48.45605380000001, -24.253150499292715], [-48.45407990000001, -24.254195999292662], [-48.45346749999998, -24.254954799292666], [-48.45393660000002, -24.255917399292635], [-48.4539456, -24.256886299292653], [-48.45298980000002, -24.25758249929262], [-48.452506099999994, -24.258380299292597], [-48.452464400000004, -24.259380799292543], [-48.45274599999999, -24.260864499292573], [-48.4528267, -24.26168019929252], [-48.45324520000003, -24.26258859929252], [-48.45265940000002, -24.263424099292486], [-48.451317899999985, -24.263419699292463], [-48.45035840000003, -24.263036899292473], [-48.44947810000002, -24.26276159929247], [-48.44860649999999, -24.26216999929254], [-48.44728909999998, -24.262480199292526], [-48.44634309999997, -24.263205499292514], [-48.44558339999998, -24.26395169929248], [-48.44415409999999, -24.264441799292445], [-48.44329399999998, -24.263809299292465], [-48.44278300000002, -24.26257739929251], [-48.441640500000005, -24.2624433992925], [-48.44068290000001, -24.262091899292482], [-48.43916949999999, -24.261885199292518], [-48.437846200000024, -24.262180999292507], [-48.43675380000002, -24.261992799292482], [-48.43552260000001, -24.262301599292513], [-48.43466560000001, -24.262736299292467], [-48.433618299999985, -24.263806599292483], [-48.43258129999998, -24.26363849929249], [-48.43137840000003, -24.26329379929248], [-48.43100579999998, -24.26342249929247], [-48.43000940000002, -24.264018799292437], [-48.429692699999976, -24.26485449929246], [-48.42946080000001, -24.266113299292396], [-48.42853700000001, -24.26581189929245], [-48.427465900000016, -24.265419499292445], [-48.42616579999998, -24.265487799292448], [-48.424862700000006, -24.26540309929245], [-48.423842200000024, -24.265570499292462], [-48.42258240000001, -24.26575109929243], [-48.421515, -24.265961599292453], [-48.42054949999999, -24.266090499292446], [-48.419870300000014, -24.266775599292426], [-48.41892760000002, -24.267126299292375], [-48.41803479999999, -24.267538099292416], [-48.41714330000002, -24.267956199292406], [-48.416220899999985, -24.26805129929239], [-48.4152598, -24.267816099292396], [-48.414271900000024, -24.2679283992924], [-48.41368219999998, -24.2671741992924], [-48.41267729999999, -24.266711199292384], [-48.41213720000001, -24.26751999929239], [-48.411285599999985, -24.2680577992924], [-48.41046080000001, -24.26841099929238], [-48.409245199999994, -24.268805499292345], [-48.408333200000015, -24.26975199929233], [-48.408053499999994, -24.27076849929229], [-48.4065114, -24.271008299292326], [-48.40568489999998, -24.271507799292298], [-48.40513820000001, -24.272483499292296], [-48.4050145, -24.27339669929224], [-48.40497779999999, -24.27426709929222], [-48.405608700000016, -24.274865899292237], [-48.40646700000002, -24.275683699292212], [-48.40675920000002, -24.276730499292185], [-48.40733119999999, -24.277384299292162], [-48.408242599999994, -24.27797779929214], [-48.408575600000006, -24.278778899292167], [-48.40776060000001, -24.279568399292142], [-48.40700229999999, -24.28005899929212], [-48.40690590000003, -24.28165829929209], [-48.40710919999997, -24.28258329929207], [-48.40680659999998, -24.28336609929207], [-48.406265899999994, -24.284386199291998], [-48.405148999999994, -24.284371399292024], [-48.40317779999998, -24.285949199292002], [-48.40156769999998, -24.287170099291988], [-48.4003014, -24.28835689929194], [-48.39958009999998, -24.289578099291937], [-48.398737600000004, -24.290029099291928], [-48.39789889999997, -24.2909229992919], [-48.39741070000002, -24.291675399291837], [-48.39641590000002, -24.29194089929185], [-48.39489509999999, -24.29184459929186], [-48.393873499999984, -24.291402199291863], [-48.393517400000015, -24.292141599291845], [-48.39340570000002, -24.293249399291817], [-48.393150400000025, -24.29438089929182], [-48.39354700000001, -24.295418799291767], [-48.394276699999985, -24.296123799291752], [-48.39450210000002, -24.297136099291738], [-48.39332969999998, -24.29743239929173], [-48.392454799999996, -24.29772039929174], [-48.3917505, -24.29862669929171], [-48.39116100000001, -24.299648699291676], [-48.39125599999999, -24.300760999291686], [-48.39164319999998, -24.301679099291647], [-48.39156170000001, -24.302515899291638], [-48.39148669999997, -24.3033530992916], [-48.391165, -24.304122399291582], [-48.3905656, -24.304772699291583], [-48.38948599999998, -24.305078299291566], [-48.38864510000002, -24.30584189929158], [-48.38724489999998, -24.306584699291516], [-48.38605239999999, -24.306639599291515], [-48.38453229999999, -24.30617559929157], [-48.38434369999999, -24.30587509929153], [-48.38273149999998, -24.30422829929157], [-48.382223399999994, -24.303552599291596], [-48.38160069999998, -24.3027020992916], [-48.380555500000014, -24.301932999291655], [-48.37991929999998, -24.301260199291658], [-48.3788224, -24.30053259929167], [-48.377812100000035, -24.299868899291674], [-48.37699279999998, -24.299067499291688], [-48.37642610000001, -24.298222899291712], [-48.375786500000004, -24.297585399291737], [-48.3750417, -24.296894699291748], [-48.37362389999999, -24.295732099291786], [-48.37279100000001, -24.295025999291802], [-48.37206989999999, -24.29403009929181], [-48.371427900000015, -24.29344299929185], [-48.370419200000015, -24.293368299291817], [-48.36959080000003, -24.29252879929187], [-48.36893850000001, -24.2916495992919], [-48.36877709999999, -24.29052709929191], [-48.36867640000003, -24.289683099291896], [-48.36770419999999, -24.289514199291894], [-48.36692470000002, -24.288776699291958], [-48.3661209, -24.288284699291957], [-48.36549789999998, -24.287635599291942], [-48.36492729999998, -24.286727099291973], [-48.36433790000001, -24.285717699292018], [-48.36375279999999, -24.285016499292], [-48.36266180000001, -24.28434819929203], [-48.36192820000002, -24.283703699292033], [-48.36168570000001, -24.282522499292092], [-48.36109199999999, -24.281733199292102], [-48.360185, -24.281140899292122], [-48.35960499999999, -24.280641099292136], [-48.35886099999999, -24.281321299292095], [-48.358053900000016, -24.28210769929206], [-48.35773510000001, -24.28287429929206], [-48.35762449999998, -24.28383179929201], [-48.35667619999998, -24.284401699292015], [-48.3557821, -24.284981499292034], [-48.354595200000006, -24.284973499291983], [-48.3536777, -24.28452999929204], [-48.3524102, -24.284568999292], [-48.35165540000003, -24.28538269929202], [-48.35184529999998, -24.285709699291978], [-48.35159759999999, -24.286501399292003], [-48.35083839999999, -24.287028999291984], [-48.34979650000003, -24.287210099291947], [-48.349152000000004, -24.286618999291953], [-48.34809969999998, -24.28608689929197], [-48.34743359999999, -24.285494599291997], [-48.3465114, -24.28502389929201], [-48.34539539999998, -24.285312399292017], [-48.344413799999984, -24.285543799292025], [-48.34321060000001, -24.285662899291975], [-48.34236090000002, -24.286075199292014], [-48.34134940000001, -24.286680599291994], [-48.34064330000002, -24.287389499291976], [-48.340286400000025, -24.288478999291925], [-48.33950140000002, -24.2892428992919], [-48.33889240000002, -24.290161299291924], [-48.33823380000001, -24.291058099291867], [-48.337419399999995, -24.291962499291877], [-48.33630140000003, -24.29233549929183], [-48.33524269999998, -24.292103699291843], [-48.33413680000001, -24.29180749929187], [-48.33319119999999, -24.29156169929186], [-48.33197080000002, -24.291626499291876], [-48.33032159999999, -24.291944999291847], [-48.3293531, -24.29263229929183], [-48.32976869999999, -24.29337759929181], [-48.329612499999996, -24.294275399291813], [-48.32868689999998, -24.294730899291796], [-48.32794630000001, -24.295411199291784], [-48.32769739999998, -24.29637149929179], [-48.327593700000016, -24.29736689929173], [-48.32776630000001, -24.298203199291713], [-48.3282489, -24.29918279929168], [-48.32867859999998, -24.30036759929169], [-48.32887010000002, -24.301285299291667], [-48.327788800000015, -24.30164919929164], [-48.327699600000024, -24.302515899291638], [-48.328636700000004, -24.3029720992916], [-48.32990990000002, -24.303322199291635], [-48.331855700000006, -24.30347859929161], [-48.33306090000002, -24.303906399291613], [-48.333351100000016, -24.30503339929159], [-48.33327020000002, -24.305897399291545], [-48.3326636, -24.30671909929155], [-48.33315950000002, -24.30762889929152], [-48.333372699999984, -24.308633299291493], [-48.332574299999976, -24.309246599291477], [-48.33149049999997, -24.309934299291477], [-48.3306948, -24.31048399929143], [-48.330068600000004, -24.31117479929145], [-48.329275199999984, -24.311649299291425], [-48.328343399999994, -24.31169739929144], [-48.32739930000002, -24.311091599291437], [-48.3266117, -24.31156529929142], [-48.32627050000002, -24.31240899929141], [-48.325386700000024, -24.313223699291377], [-48.32418610000001, -24.3135324992914], [-48.32308419999998, -24.31397809929136], [-48.32188530000001, -24.31374149929138], [-48.32147629999997, -24.312602099291407], [-48.32052090000003, -24.312150599291414], [-48.319480500000004, -24.312087799291387], [-48.318329500000004, -24.312468099291404], [-48.3175134, -24.31309469929142], [-48.31642199999999, -24.312654699291414], [-48.31577970000001, -24.311766899291435], [-48.315079099999984, -24.310826199291462], [-48.31445400000001, -24.310197999291475], [-48.314218299999986, -24.310005099291473], [-48.31418129999997, -24.30997489929145], [-48.31354190000001, -24.30915479929147], [-48.31236530000001, -24.30895429929147], [-48.31146410000002, -24.30817839929148], [-48.31041890000001, -24.30755739929153], [-48.309124, -24.30738389929151], [-48.30817430000002, -24.307087099291515], [-48.307387300000016, -24.306299699291554], [-48.306408600000005, -24.30570069929155], [-48.30536009999997, -24.30497519929157], [-48.30456149999998, -24.30437499929159], [-48.30341069999997, -24.304869199291574], [-48.30197079999999, -24.305219899291572], [-48.3007948, -24.305479599291576], [-48.30041749999998, -24.304545599291572], [-48.299570500000016, -24.303914199291615], [-48.298853199999996, -24.303360899291587], [-48.29760240000001, -24.302328299291627], [-48.29661850000002, -24.301414199291667], [-48.29569600000002, -24.301176699291645], [-48.29424039999998, -24.300811499291683], [-48.29439769999999, -24.299849899291715], [-48.294751899999994, -24.298971799291714], [-48.29526440000001, -24.29813109929171], [-48.295494700000006, -24.297184099291723], [-48.295160599999974, -24.29639459929175], [-48.294794000000024, -24.2956150992918], [-48.2938709, -24.294981099291764], [-48.29302439999998, -24.294388699291822], [-48.29204770000001, -24.29381209929185], [-48.290788599999985, -24.29360079929181], [-48.289842599999986, -24.293580499291853], [-48.288868200000024, -24.293838499291816], [-48.28759910000002, -24.29414329929178], [-48.28672549999999, -24.294564199291827], [-48.28589440000002, -24.295308099291777], [-48.284893599999975, -24.295999899291804], [-48.28389279999998, -24.296926199291725], [-48.28268270000001, -24.29762489929175], [-48.28148890000001, -24.297831399291745], [-48.28037640000002, -24.2980410992917], [-48.279944699999994, -24.29694569929173], [-48.27896179999999, -24.296411799291757], [-48.27757350000002, -24.296287099291742], [-48.27626670000001, -24.296454499291755], [-48.27533570000003, -24.29615269929176], [-48.27472340000003, -24.295450899291787], [-48.27447999999998, -24.29446019929181], [-48.27471250000002, -24.29346469929184], [-48.27531060000001, -24.29269729929183], [-48.275870699999984, -24.29164679929189], [-48.276461700000034, -24.290881099291862], [-48.27709010000002, -24.289998499291922], [-48.27821239999997, -24.289570799291894], [-48.27972360000001, -24.289594999291936], [-48.28028069999999, -24.288889699291964], [-48.28065820000001, -24.288128899291948], [-48.28114449999998, -24.287133899291987], [-48.281886199999974, -24.286644099291966], [-48.282854499999985, -24.286192999292005], [-48.28360320000001, -24.28556599929203], [-48.28375310000001, -24.284727899292026], [-48.283583899999996, -24.283572899292075], [-48.28291000000002, -24.282767599292058], [-48.282068200000026, -24.282006699292086], [-48.28099700000002, -24.281530199292106], [-48.28044790000001, -24.281252699292082], [-48.279724499999986, -24.280569399292094], [-48.2785313, -24.279855399292096], [-48.27702629999999, -24.279323499292115], [-48.27588850000001, -24.278704499292164], [-48.27487120000001, -24.277989999292146], [-48.27360299999998, -24.27726269929218], [-48.27301619999998, -24.276309599292187], [-48.272278099999994, -24.275482399292212], [-48.27104700000002, -24.27519379929224], [-48.27005780000002, -24.27544269929221], [-48.26917320000001, -24.275631399292223], [-48.26819260000003, -24.275553199292208], [-48.26715710000002, -24.275240199292206], [-48.266232699999996, -24.274480999292223], [-48.26611980000001, -24.273507899292277], [-48.2649184, -24.273333199292296], [-48.26394629999998, -24.27320199929229], [-48.26313399999998, -24.272483799292257], [-48.26293500000003, -24.271278599292327], [-48.26249539999998, -24.270528999292342], [-48.261589500000014, -24.270329999292333], [-48.26038920000002, -24.26986289929237], [-48.259842900000024, -24.26886289929235], [-48.25931700000001, -24.267925199292364], [-48.25849119999998, -24.2673154992924], [-48.25756339999998, -24.266547799292425], [-48.25740059999998, -24.265567799292427], [-48.25732449999998, -24.26470619929243], [-48.256517299999985, -24.263113799292476], [-48.255889200000006, -24.261878299292498], [-48.254875200000015, -24.26101549929252], [-48.25410249999999, -24.260212299292533], [-48.253626699999984, -24.25918699929257], [-48.25327060000001, -24.257970599292623], [-48.25247250000001, -24.257341399292592], [-48.25152200000002, -24.25796539929259], [-48.250597500000026, -24.25839099929261], [-48.249690499999986, -24.258968899292594], [-48.248638200000016, -24.259358399292566], [-48.24760279999998, -24.259747699292557], [-48.24644970000003, -24.260086299292567], [-48.245531099999994, -24.26009309929256], [-48.245102299999985, -24.25921299929257], [-48.244339500000024, -24.258678099292588], [-48.243542699999985, -24.259121299292584], [-48.242640600000016, -24.259577099292567], [-48.2421731, -24.260306699292542], [-48.242369699999976, -24.261222199292547], [-48.241801899999984, -24.26206489929249], [-48.240915099999995, -24.262441499292525], [-48.240149299999985, -24.263010399292472], [-48.23912619999999, -24.263297599292475], [-48.23800699999998, -24.263123699292482], [-48.237069599999984, -24.262644299292468], [-48.23611690000001, -24.262318099292525], [-48.2348202, -24.26219729929254], [-48.23379790000001, -24.262372099292495], [-48.232728699999996, -24.262884099292496], [-48.23188570000002, -24.263357399292513], [-48.230831799999976, -24.263356799292477], [-48.229960800000015, -24.26392329929247], [-48.22913, -24.263497199292498], [-48.22793619999998, -24.262886999292473], [-48.22698520000001, -24.262197499292522], [-48.22598240000002, -24.26281859929249], [-48.2250186, -24.263407199292494], [-48.224222, -24.263002499292526], [-48.223652000000016, -24.263641999292478], [-48.22271610000002, -24.264280999292446], [-48.22148320000002, -24.264693599292443], [-48.22072229999997, -24.26520309929246], [-48.21986770000001, -24.264637999292454], [-48.21917029999997, -24.263732799292494], [-48.218180200000006, -24.263083799292506], [-48.217376100000024, -24.262562799292525], [-48.21633239999999, -24.261875299292505], [-48.215400199999976, -24.2619212992925], [-48.21461670000002, -24.262524699292474], [-48.213672900000006, -24.262263899292506], [-48.21311980000002, -24.26156359929251], [-48.21183050000002, -24.261805199292542], [-48.21053710000001, -24.262245099292493], [-48.20946459999999, -24.262764199292494], [-48.209091300000004, -24.263731899292456], [-48.20885099999998, -24.264774799292443], [-48.2078133, -24.264789199292444], [-48.20709190000002, -24.26413919929245], [-48.20590950000002, -24.264059099292467], [-48.2050509, -24.263587599292475], [-48.204170200000014, -24.26312699929248], [-48.20252640000001, -24.262621799292475], [-48.20159530000001, -24.26196629929249], [-48.20056909999999, -24.261781099292527], [-48.200084999999994, -24.26084629929257], [-48.199647700000014, -24.259799699292543], [-48.19972259999997, -24.259733499292544], [-48.20027620000002, -24.259035599292577], [-48.199889600000006, -24.257954799292584], [-48.198804699999975, -24.25755879929264], [-48.197948, -24.25672959929265], [-48.19736560000001, -24.255688699292662], [-48.19724309999999, -24.2548352992927], [-48.19684289999998, -24.254875899292678], [-48.195835999999986, -24.254359099292664], [-48.19500929999998, -24.25356439929271], [-48.19409139999999, -24.254250199292677], [-48.193154900000025, -24.254450099292665], [-48.191942299999994, -24.254162199292676], [-48.190916000000016, -24.2538436992927], [-48.19013319999999, -24.253252999292684], [-48.18932990000002, -24.2526925992927], [-48.18866680000003, -24.25173149929275], [-48.1874929, -24.25138259929274], [-48.18659500000001, -24.25075859929274], [-48.1854783, -24.250128999292777], [-48.184561900000006, -24.249925299292745], [-48.1837122, -24.249105499292774], [-48.18283730000002, -24.248851599292816], [-48.18205690000002, -24.248121399292824], [-48.18125859999998, -24.24762519929284], [-48.18048640000001, -24.247101199292818], [-48.17939209999997, -24.247096399292815], [-48.17832149999998, -24.247153099292834], [-48.17677370000001, -24.24707179929285], [-48.1758888, -24.246514399292877], [-48.17537229999999, -24.24546259929288], [-48.17428840000002, -24.245070399292864], [-48.17346809999997, -24.245515399292863], [-48.172350900000026, -24.245767599292883], [-48.17143700000003, -24.245169699292894], [-48.17060379999998, -24.244262899292924], [-48.16953530000001, -24.243458999292894], [-48.168258499999986, -24.24317719929292], [-48.16811059999998, -24.242262099292955], [-48.1676589, -24.241305999292972], [-48.16740440000002, -24.240451899292957], [-48.16643060000001, -24.239778899292983], [-48.165572199999986, -24.23895559929301], [-48.16524429999998, -24.23797289929303], [-48.16396150000003, -24.237448999293072], [-48.16260979999999, -24.237039899293073], [-48.16137889999998, -24.236795199293088], [-48.160874700000015, -24.235908899293108], [-48.159901900000015, -24.235469899293097], [-48.159281099999994, -24.234419899293087], [-48.15840889999998, -24.234050999293146], [-48.15749949999997, -24.233253399293165], [-48.15648140000002, -24.23303139929316], [-48.15587260000001, -24.233887699293156], [-48.154956599999984, -24.233691599293127], [-48.15452110000001, -24.23284969929313], [-48.15416720000002, -24.231738999293185], [-48.15326299999998, -24.23171539929316], [-48.1521295, -24.23177029929317], [-48.15116819999997, -24.232142999293174], [-48.151096499999994, -24.233167399293162], [-48.14994059999997, -24.233271799293156], [-48.148876099999995, -24.233060099293137], [-48.147858499999984, -24.23280969929317], [-48.14686810000001, -24.232306799293166], [-48.145792099999994, -24.23179439929318], [-48.14508030000002, -24.231161499293176], [-48.14406969999999, -24.230439099293218], [-48.14374190000001, -24.229507199293213], [-48.14327450000002, -24.228786399293234], [-48.142190700000015, -24.228422999293265], [-48.141608399999996, -24.227758999293254], [-48.141304400000024, -24.226867499293302], [-48.141365699999994, -24.22599979929331], [-48.14155520000002, -24.22513969929333], [-48.142622700000004, -24.225228099293297], [-48.1436185, -24.22522629929329], [-48.144548999999984, -24.22502939929331], [-48.14545229999999, -24.224843199293332], [-48.146197599999994, -24.224272899293354], [-48.14571699999999, -24.22354309929333], [-48.14495470000003, -24.222810299293368], [-48.14429480000001, -24.222207499293397], [-48.14351879999998, -24.221402199293408], [-48.14360499999998, -24.220535299293413], [-48.144117800000004, -24.219659199293467], [-48.144812, -24.218877199293466], [-48.14443039999998, -24.2179572992935], [-48.14434419999997, -24.217037999293495], [-48.14493850000002, -24.216157299293535], [-48.14479770000003, -24.21524439929355], [-48.14511709999999, -24.21433319929355], [-48.14584980000001, -24.21354669929357], [-48.14567039999998, -24.21263379929357], [-48.145263899999975, -24.211730199293584], [-48.14434290000003, -24.211266699293628], [-48.14342670000001, -24.210956599293603], [-48.142723499999995, -24.210407399293654], [-48.14178609999999, -24.209952999293638], [-48.13956400000001, -24.209880399293628], [-48.13853569999998, -24.20950389929367], [-48.13845190000001, -24.20864269929365], [-48.13852300000003, -24.207793699293727], [-48.13820679999998, -24.206957399293735], [-48.13849570000002, -24.20613209929372], [-48.13878899999997, -24.20521779929378], [-48.13852170000001, -24.204290299293795], [-48.1378788, -24.203430599293785], [-48.13861059999999, -24.202778399293802], [-48.139213900000016, -24.202114799293827], [-48.13945660000002, -24.201254099293866], [-48.13896690000001, -24.200325999293884], [-48.14006790000002, -24.199911599293877], [-48.14109139999999, -24.19968039929386], [-48.141416100000015, -24.198752599293876], [-48.1420569, -24.198077099293883], [-48.1425663, -24.197183499293917], [-48.14219489999999, -24.19618149929398], [-48.141680699999995, -24.19534449929395], [-48.14091509999997, -24.19431889929397], [-48.13964979999997, -24.19431749929401], [-48.13883229999999, -24.194737199294003], [-48.13768649999997, -24.194950499293984], [-48.136526, -24.194478199293975], [-48.13602739999998, -24.193664999294015], [-48.1356399, -24.192624899294024], [-48.134592, -24.192331499294063], [-48.13350860000002, -24.192120099294048], [-48.13316250000002, -24.191309499294054], [-48.132702699999975, -24.190582499294077], [-48.13165789999999, -24.1904533992941], [-48.1305992, -24.19049269929407], [-48.1296656, -24.190484299294056], [-48.12995719999997, -24.191477399294055], [-48.1307549, -24.192129599294024], [-48.131385799999975, -24.192835099294047], [-48.131308100000005, -24.194473499294013], [-48.13084629999997, -24.195620099293954], [-48.130177, -24.196207099293925], [-48.1290583, -24.196017499293934], [-48.12801080000003, -24.196001299293936], [-48.12685340000002, -24.19654909929397], [-48.1259495, -24.196565899293937], [-48.12507870000002, -24.196071599293937], [-48.124177700000025, -24.196224399293953], [-48.123101599999984, -24.196099799293965], [-48.121819500000015, -24.19607999929394], [-48.12087860000002, -24.195418099293953], [-48.12004230000002, -24.194631099293964], [-48.11913329999999, -24.194286399294004], [-48.118104800000026, -24.194182499294012], [-48.11754020000001, -24.194873699293982], [-48.11738550000001, -24.195691699293956], [-48.1165517, -24.196567299293974], [-48.116234299999974, -24.197501999293912], [-48.115611100000024, -24.1985362992939], [-48.115034599999994, -24.1993925992939], [-48.114053099999985, -24.199938299293848], [-48.113038200000005, -24.200099699293883], [-48.11195140000002, -24.200037899293854], [-48.11094589999998, -24.200166999293895], [-48.11001490000001, -24.199902099293848], [-48.1089619, -24.200307399293845], [-48.10808739999999, -24.20084179929382], [-48.106856400000034, -24.20091519929384], [-48.10572239999999, -24.201243399293848], [-48.10476240000003, -24.20121519929382], [-48.10386729999999, -24.201744399293826], [-48.09942539999997, -24.201205099293833], [-48.099177, -24.20237819929381], [-48.0985753, -24.203080999293793], [-48.098122, -24.202755899293805], [-48.09719439999998, -24.201879599293807], [-48.09640109999998, -24.201342099293818], [-48.0958582, -24.20065159929387], [-48.09465740000002, -24.20031919929388], [-48.09384920000002, -24.199797499293872], [-48.09331529999997, -24.19895229929386], [-48.09279550000002, -24.1981658992939], [-48.09277959999998, -24.198142999293925], [-48.09280690000003, -24.19710929929395], [-48.09263470000002, -24.196233699293945], [-48.09278760000001, -24.195356999293974], [-48.09358559999999, -24.194946399293965], [-48.093720899999994, -24.193999899293996], [-48.09327960000002, -24.19416189929398], [-48.09225140000001, -24.194349699293962], [-48.09128199999998, -24.193881399294014], [-48.09046189999999, -24.193345399294], [-48.08952130000001, -24.193109799294017], [-48.0883978, -24.193647499294], [-48.08738870000001, -24.19352009929401], [-48.0866006, -24.192818099294037], [-48.08587319999998, -24.192298699294017], [-48.08507759999998, -24.19274839929406], [-48.084156699999994, -24.193158099294024], [-48.083218699999975, -24.193513899294043], [-48.082191900000005, -24.193177499294002], [-48.08133350000003, -24.19270269929402], [-48.08019389999998, -24.19204299929406], [-48.07907770000003, -24.191666699294032], [-48.0781493, -24.19102079929406], [-48.077022, -24.19095529929404], [-48.07601360000001, -24.190219399294076], [-48.07522890000001, -24.189708199294074], [-48.074713299999985, -24.18886439929411], [-48.07391940000003, -24.188170799294145], [-48.07302850000002, -24.187484199294115], [-48.07249710000003, -24.186555399294143], [-48.07185040000001, -24.185896099294148], [-48.070913700000006, -24.185306599294176], [-48.069879000000014, -24.1854201992942], [-48.069144600000016, -24.184698999294223], [-48.06823589999999, -24.183963699294214], [-48.067115, -24.183575799294243], [-48.0666756, -24.182712299294234], [-48.0655802, -24.18237729929423], [-48.064684899999975, -24.182105399294276], [-48.0636121, -24.182036399294276], [-48.06272480000001, -24.182185799294277], [-48.0617259, -24.182194399294268], [-48.06076189999998, -24.182388199294238], [-48.060314000000005, -24.18167149929426], [-48.0610059, -24.18098559929427], [-48.060867299999984, -24.1798661992943], [-48.06046459999999, -24.178972299294323], [-48.05982319999998, -24.178283799294316], [-48.05922609999999, -24.177432799294383], [-48.058264899999976, -24.176771299294362], [-48.05734890000002, -24.176189799294356], [-48.0568, -24.175391099294412], [-48.05627329999999, -24.174667799294436], [-48.056017800000006, -24.173858399294406], [-48.05587250000002, -24.17303189929447], [-48.056467, -24.172326199294464], [-48.05730449999999, -24.171790699294462], [-48.05767429999997, -24.170914899294516], [-48.05808289999999, -24.169913899294503], [-48.05850220000002, -24.16907879929457], [-48.059065999999966, -24.167799799294592], [-48.0588598, -24.1667710992946], [-48.05764970000001, -24.166656699294574], [-48.0570272, -24.164477199294662], [-48.056554000000006, -24.163635399294645], [-48.057130400000005, -24.16279239929469], [-48.058085500000004, -24.162419099294713], [-48.05860960000001, -24.16158659929473], [-48.05898139999999, -24.160311199294764], [-48.05961550000001, -24.15965049929475], [-48.05953699999998, -24.15870419929475], [-48.058639200000016, -24.158091399294772], [-48.057869400000016, -24.15737869929478], [-48.057192999999984, -24.1568050992948], [-48.056253200000015, -24.157276999294826], [-48.05529489999997, -24.157750599294783], [-48.05409800000001, -24.15753739929482], [-48.053015500000015, -24.157066799294796], [-48.0520846, -24.15679539929483], [-48.051127199999996, -24.156671999294836], [-48.050578400000006, -24.155988999294813], [-48.05080720000001, -24.155131599294855], [-48.05128989999997, -24.15427899929484], [-48.05117259999997, -24.153274899294875], [-48.051597800000025, -24.15243619929492], [-48.05189580000001, -24.1515908992949], [-48.052706, -24.15073449929494], [-48.05317530000002, -24.149967699294944], [-48.05361690000001, -24.14911449929498], [-48.0545411, -24.14848259929502], [-48.05545480000001, -24.14810149929499], [-48.056620099999975, -24.148103599295016], [-48.057387000000006, -24.147019499295027], [-48.05719060000001, -24.146728699295018], [-48.056460200000004, -24.14578329929505], [-48.05528399999997, -24.14519539929503], [-48.05436680000003, -24.144463899295086], [-48.05348509999999, -24.1447081992951], [-48.0523508, -24.144452299295097], [-48.051354, -24.143795099295076], [-48.05152450000003, -24.14288209929512], [-48.051115700000025, -24.14172249929516], [-48.0511247, -24.14082409929515], [-48.05090250000001, -24.13979659929519], [-48.051221399999974, -24.13902739929518], [-48.05087839999999, -24.138111899295225], [-48.049857900000006, -24.13763929929523], [-48.049417999999996, -24.136875099295246], [-48.04832440000001, -24.137377299295263], [-48.047319800000025, -24.13798749929524], [-48.04638440000002, -24.137737199295238], [-48.045354799999984, -24.137665099295223], [-48.04428330000002, -24.137928199295203], [-48.0434457, -24.138515699295233], [-48.04208249999999, -24.139035099295207], [-48.04105099999998, -24.138247499295197], [-48.040096199999994, -24.13791949929524], [-48.03911119999998, -24.13739599929526], [-48.03832799999998, -24.136621399295272], [-48.0374683, -24.135910899295265], [-48.036683100000005, -24.13539079929526], [-48.035805100000005, -24.13489939929529], [-48.03413929999999, -24.134824599295293], [-48.032864399999994, -24.134698599295287], [-48.03193140000002, -24.135078599295273], [-48.03089149999999, -24.135110999295286], [-48.02967380000001, -24.13552549929531], [-48.02874809999997, -24.134804399295295], [-48.02831079999998, -24.13396809929531], [-48.028718799999986, -24.13319119929533], [-48.026840100000015, -24.13289699929535], [-48.02581279999998, -24.132993599295354], [-48.0252964, -24.13396809929531], [-48.02429860000001, -24.134257699295286], [-48.02350080000002, -24.133751299295287], [-48.02253519999999, -24.13305059929532], [-48.02263799999997, -24.132032499295338], [-48.022718399999974, -24.131171499295366], [-48.02305530000001, -24.130292599295416], [-48.02314200000001, -24.129254799295435], [-48.02232140000001, -24.128564699295453], [-48.02191590000001, -24.128729799295403], [-48.02105319999998, -24.12932609929543], [-48.01999200000001, -24.12944169929538], [-48.0196295, -24.12859069929545], [-48.019723399999975, -24.127578899295457], [-48.018870400000026, -24.127142599295478], [-48.0178947, -24.12778399929547], [-48.016900599999985, -24.127649999295464], [-48.015966100000014, -24.127380899295442], [-48.01487780000003, -24.128064999295425], [-48.013887599999975, -24.128870599295446], [-48.012869799999976, -24.12907749929542], [-48.0120081, -24.129640099295422], [-48.012201800000014, -24.13056819929541], [-48.01183170000002, -24.13156409929536], [-48.01135180000001, -24.13241249929533], [-48.01104570000001, -24.133270499295314], [-48.01051519999998, -24.134137899295293], [-48.009629200000006, -24.13463909929531], [-48.0088245, -24.135157399295313], [-48.007993899999974, -24.134730299295292], [-48.00691699999999, -24.134183899295298], [-48.00639799999998, -24.13336749929535], [-48.00534859999999, -24.132625599295324], [-48.004513799999984, -24.13176709929535], [-48.00353310000003, -24.131491399295378], [-48.002582299999965, -24.13080369929538], [-48.001975399999985, -24.129933199295383], [-48.00127020000002, -24.12933749929544], [-48.00022940000002, -24.12847569929546], [-47.99952780000001, -24.127713399295455], [-47.99872210000001, -24.126808499295457], [-47.99753070000002, -24.125687099295483], [-47.9969198, -24.124975499295523], [-47.9962124, -24.124360299295493], [-47.99538669999998, -24.123608999295534], [-47.99405619999999, -24.12439019929552], [-47.993333699999994, -24.12381219929551], [-47.99181650000003, -24.123041499295557], [-47.99097360000002, -24.122752599295573], [-47.989914, -24.122343199295553], [-47.988637600000004, -24.12166879929559], [-47.98781880000002, -24.12036839929562], [-47.98736120000001, -24.11933279929563], [-47.986943199999985, -24.1173981992957], [-47.98705380000002, -24.11614449929572], [-47.986445999999994, -24.1153110992957], [-47.9859424, -24.11400139929575], [-47.985069899999985, -24.113421699295767], [-47.98423500000001, -24.112775699295764], [-47.98307519999997, -24.113346699295793], [-47.981950999999974, -24.113774999295728], [-47.980648299999984, -24.113614399295763], [-47.979613400000005, -24.113792799295748], [-47.97825719999997, -24.114256799295763], [-47.97713299999998, -24.113757099295736], [-47.975776800000006, -24.11311479929576], [-47.975394999999985, -24.11325339929579], [-47.97422280000001, -24.11384629929573], [-47.973215900000014, -24.114359699295765], [-47.97232739999998, -24.114655799295715], [-47.971360000000004, -24.11483349929571], [-47.9701359, -24.114853299295724], [-47.9683589, -24.114813799295707], [-47.967194000000006, -24.115406099295694], [-47.965871199999974, -24.11483349929571], [-47.96486429999999, -24.114024099295747], [-47.96439040000001, -24.11507049929573], [-47.962830699999984, -24.11552459929572], [-47.9618238, -24.11510999929574], [-47.96093530000001, -24.114872999295724], [-47.96010610000002, -24.115327199295734], [-47.95890170000001, -24.11495199929574], [-47.9574604, -24.114379499295723], [-47.956666600000005, -24.115351499295688], [-47.955861200000015, -24.115879999295718], [-47.95556499999998, -24.116768399295715], [-47.95495299999999, -24.11767669929567], [-47.95440009999999, -24.11852559929564], [-47.95293909999997, -24.119966899295623], [-47.95094499999998, -24.12012489929563], [-47.95003680000002, -24.119532599295642], [-47.94904960000002, -24.119117999295657], [-47.94831909999999, -24.11840719929563], [-47.94715419999999, -24.117854399295666], [-47.9463447, -24.11724229929567], [-47.94583139999997, -24.11627489929571], [-47.9459301, -24.11534689929574], [-47.946621100000016, -24.11430049929575], [-47.94630519999998, -24.11353049929578], [-47.94605150000001, -24.112648899295788], [-47.945873099999964, -24.111669799295814], [-47.94518870000002, -24.11089459929582], [-47.94467300000002, -24.109742199295876], [-47.944333099999994, -24.108722899295852], [-47.943577600000026, -24.108220199295882], [-47.942734599999994, -24.10735199929589], [-47.94207640000002, -24.10631569929591], [-47.94161120000001, -24.10542829929597], [-47.94078200000001, -24.104943599295964], [-47.94009010000002, -24.105559299295923], [-47.939586299999974, -24.106435599295914], [-47.9385671, -24.10709989929588], [-47.93779849999999, -24.106545699295946], [-47.937315599999984, -24.105418599295938], [-47.93674290000001, -24.104532099295927], [-47.93674900000001, -24.10362929929601], [-47.937423500000016, -24.102725299295972], [-47.93823079999999, -24.10189029929598], [-47.938975700000015, -24.10107549929602], [-47.93905160000003, -24.100039299296046], [-47.938208700000025, -24.099208699296096], [-47.937847499999975, -24.09916779929605], [-47.93704600000001, -24.09864979929606], [-47.936195, -24.098382899296077], [-47.9352394, -24.09836169929609], [-47.93385860000001, -24.098552599296095], [-47.933251799999994, -24.09935099929608], [-47.93299200000001, -24.100245399296053], [-47.93180260000003, -24.10066479929604], [-47.93064399999998, -24.10066229929605], [-47.929748200000006, -24.100386299296073], [-47.92851819999999, -24.10059219929603], [-47.92748390000003, -24.100784699296057], [-47.92620010000002, -24.101175399296032], [-47.925263400000006, -24.100897199296057], [-47.92419799999999, -24.10042279929604], [-47.92318519999998, -24.10084399929604], [-47.922034, -24.100558399296062], [-47.92146309999998, -24.099878499296057], [-47.92106460000002, -24.098961199296095], [-47.920013100000006, -24.099482599296053], [-47.91882829999997, -24.09971629929607], [-47.917950299999966, -24.099891899296043], [-47.9170704, -24.10008759929605], [-47.91579649999999, -24.100056699296026], [-47.91486550000001, -24.099519599296077], [-47.91421709999997, -24.098579399296096], [-47.91320330000003, -24.09778039929608], [-47.91333470000001, -24.096863799296116], [-47.91232789999998, -24.09640939929616], [-47.911397400000006, -24.095944899296153], [-47.91025639999997, -24.096074499296137], [-47.90920349999999, -24.09606969929613], [-47.90815809999999, -24.09532809929618], [-47.90759270000001, -24.09460069929618], [-47.907672400000024, -24.09357419929618], [-47.9077087, -24.092751899296218], [-47.9068633, -24.092319799296213], [-47.90573330000001, -24.092861999296236], [-47.90439359999999, -24.0927778992962], [-47.90336869999999, -24.092918099296238], [-47.90203009999999, -24.09321899929617], [-47.90098189999997, -24.09336989929623], [-47.90060690000001, -24.092339799296216], [-47.90042340000002, -24.09148749929627], [-47.90108750000002, -24.09080839929627], [-47.900383799999986, -24.089165699296313], [-47.89952349999999, -24.088009799296334], [-47.898903500000024, -24.08728539929632], [-47.89832069999999, -24.086280499296343], [-47.897949600000004, -24.08539549929639], [-47.8972685, -24.084750299296388], [-47.896021099999984, -24.0840595992964], [-47.895347800000025, -24.08305489929641], [-47.895539100000015, -24.08198609929644], [-47.894561399999986, -24.081941499296484], [-47.89376340000001, -24.08144899929648], [-47.89340929999998, -24.080516199296472], [-47.89416699999998, -24.07990259929652], [-47.89391389999997, -24.078865699296514], [-47.893027399999994, -24.078084799296548], [-47.89286679999998, -24.077842199296562], [-47.89245169999998, -24.07673039929655], [-47.89357289999999, -24.07608119929655], [-47.89435309999999, -24.07528079929657], [-47.89501339999998, -24.074563299296635], [-47.895627, -24.073962899296653], [-47.8966059, -24.074728499296604], [-47.897515999999996, -24.074181299296654], [-47.89818589999999, -24.073614699296645], [-47.89942780000002, -24.07332149929666], [-47.9003328, -24.07316619929664], [-47.90177010000002, -24.073458799296667], [-47.9028176, -24.07408259929662], [-47.90369509999999, -24.07341359929662], [-47.904116300000005, -24.072583299296685], [-47.904271900000026, -24.07140049929666], [-47.9048272, -24.070734499296705], [-47.90603470000001, -24.07036269929668], [-47.9067589, -24.069394799296727], [-47.90684019999998, -24.068460299296767], [-47.906526499999984, -24.067652899296746], [-47.90575849999999, -24.06690419929679], [-47.90546169999999, -24.06591409929679], [-47.90592140000001, -24.065349299296802], [-47.9049627, -24.0650423992968], [-47.90385259999999, -24.064949199296827], [-47.902705500000025, -24.06464529929683], [-47.90144249999997, -24.064510399296854], [-47.90054989999999, -24.063968699296815], [-47.899552400000005, -24.063840499296877], [-47.8986481, -24.06353309929682], [-47.89766659999998, -24.06339439929685], [-47.897050200000024, -24.06250279929688], [-47.89650690000002, -24.061813199296914], [-47.89513699999998, -24.06138929929687], [-47.89455700000003, -24.062151599296886], [-47.89365320000001, -24.063063099296887], [-47.892643299999975, -24.063474099296865], [-47.88965960000002, -24.06338299929684], [-47.88731619999999, -24.063380699296843], [-47.88558330000001, -24.063486999296863], [-47.88442570000001, -24.06392689929685], [-47.883853400000014, -24.063041399296846], [-47.88394699999998, -24.062117799296885], [-47.8832352, -24.06148139929689], [-47.882221800000025, -24.060984799296943], [-47.88216619999997, -24.060153499296938], [-47.88185320000002, -24.059271899296956], [-47.88241119999998, -24.058452399296993], [-47.88345120000002, -24.05840049929698], [-47.884475099999975, -24.058745599296973], [-47.88540660000001, -24.058551699296974], [-47.88636200000001, -24.058176299296992], [-47.88746550000002, -24.058145999297], [-47.88839130000002, -24.058058199296987], [-47.889229899999975, -24.057399699297015], [-47.88935409999999, -24.056373399297], [-47.88915900000001, -24.055467499297055], [-47.88926980000002, -24.05432959929708], [-47.889779799999985, -24.05332219929711], [-47.88986940000001, -24.052254299297118], [-47.8894919, -24.051122299297113], [-47.888812599999994, -24.05033619929716], [-47.888744799999984, -24.04893329929717], [-47.88841639999998, -24.048004399297216], [-47.887554400000006, -24.0474141992972], [-47.88638659999999, -24.046704899297232], [-47.88559729999997, -24.047453299297185], [-47.88479330000001, -24.048082099297183], [-47.88397479999998, -24.048653899297165], [-47.88304, -24.049314499297147], [-47.88235179999999, -24.04997109929715], [-47.88125450000001, -24.050186899297188], [-47.88006189999999, -24.050350999297127], [-47.87916209999997, -24.05075509929714], [-47.87793119999998, -24.051049699297142], [-47.87689210000002, -24.050618299297142], [-47.87454309999998, -24.050325199297124], [-47.873370299999976, -24.049846499297168], [-47.872355200000015, -24.04959949929716], [-47.871660799999965, -24.049032199297177], [-47.87118270000002, -24.048037999297215], [-47.87108849999998, -24.0477084992972], [-47.87019400000003, -24.04728029929723], [-47.86946790000002, -24.04676809929723], [-47.86856019999999, -24.046361999297226], [-47.86824150000001, -24.045586999297257], [-47.86826150000002, -24.044611499297254], [-47.86810379999997, -24.043586799297316], [-47.86786649999999, -24.04284199929733], [-47.86772300000001, -24.04190269929731], [-47.86834759999999, -24.041137699297337], [-47.86907389999999, -24.04063519929736], [-47.86945850000001, -24.03986019929739], [-47.869554300000004, -24.038987799297374], [-47.86959350000001, -24.038049899297388], [-47.868985399999985, -24.037376599297446], [-47.868041, -24.036728499297432], [-47.867968399999995, -24.035684499297474], [-47.86881219999998, -24.034905899297495], [-47.86925960000003, -24.034098299297494], [-47.869144199999994, -24.033039299297506], [-47.8695571, -24.03199429929756], [-47.86935770000003, -24.031023599297605], [-47.86873759999998, -24.030370899297566], [-47.868095900000014, -24.029440599297597], [-47.866989900000014, -24.029507999297625], [-47.86602479999999, -24.02975569929761], [-47.865326700000026, -24.03028069929758], [-47.86440520000002, -24.03071149929757], [-47.863316600000026, -24.030472199297606], [-47.862269200000014, -24.031212899297582], [-47.8611525, -24.03122009929755], [-47.8602874, -24.030640499297586], [-47.859488399999975, -24.029886499297575], [-47.85863410000002, -24.02929739929763], [-47.85749049999998, -24.029219799297632], [-47.85759430000002, -24.028246999297657], [-47.858331200000016, -24.02747679929764], [-47.85946819999998, -24.027439799297678], [-47.85917760000001, -24.02635659929766], [-47.85903209999998, -24.02537399929769], [-47.85833939999998, -24.02463239929769], [-47.85750200000001, -24.023876299297708], [-47.85654060000002, -24.02348849929772], [-47.855485800000004, -24.023485799297745], [-47.85428020000001, -24.023769099297706], [-47.85369839999999, -24.023135099297743], [-47.853271800000016, -24.02235679929778], [-47.85292179999999, -24.021245099297776], [-47.85215419999997, -24.020393599297776], [-47.85217949999997, -24.019495399297817], [-47.85234580000002, -24.018515999297822], [-47.85235669999997, -24.01761549929784], [-47.852875499999975, -24.016866099297907], [-47.85394880000001, -24.01629379929794], [-47.854829499999994, -24.015822299297934], [-47.85605829999997, -24.015897399297874], [-47.85689919999999, -24.0151897992979], [-47.857179299999984, -24.014186899297975], [-47.85693659999998, -24.01339039929795], [-47.8561522, -24.012839399298002], [-47.85624039999998, -24.011749999298004], [-47.85714359999997, -24.01098979929802], [-47.85764080000001, -24.010208599298036], [-47.857527300000015, -24.009331399298063], [-47.8589366, -24.009720799298062], [-47.85993509999997, -24.009960799298028], [-47.8607465, -24.00909789929803], [-47.860762900000005, -24.008265499298066], [-47.86111110000002, -24.00743199929808], [-47.861228700000034, -24.00651449929809], [-47.862169900000026, -24.00572859929813], [-47.86279080000003, -24.00511449929814], [-47.86308600000001, -24.003899799298175], [-47.8624464, -24.003167199298197], [-47.861521400000015, -24.002561799298224], [-47.860816899999975, -24.00180399929821], [-47.86035220000003, -24.001099699298223], [-47.86032560000002, -24.00025149929824], [-47.85910089999999, -23.999842699298245], [-47.858177399999995, -23.999355099298267], [-47.857219199999975, -23.999409599298247], [-47.85743639999998, -23.998846599298254], [-47.857896400000016, -23.99809679929828], [-47.85788450000001, -23.997017399298322], [-47.85804489999999, -23.995993599298362], [-47.85770489999999, -23.99491469929834], [-47.85674549999999, -23.994328499298373], [-47.856260200000015, -23.993472999298397], [-47.85617719999999, -23.992597999298404], [-47.855675399999996, -23.99184929929845], [-47.85493129999998, -23.99121189929844], [-47.854727000000025, -23.990239499298436], [-47.85578800000002, -23.98965649929851], [-47.856873199999995, -23.9894230992985], [-47.85759489999998, -23.988723399298532], [-47.85857920000001, -23.988532399298503], [-47.8588886, -23.988435399298535], [-47.85895360000001, -23.987383499298545], [-47.85891939999999, -23.985507699298605], [-47.85867109999998, -23.984684299298618], [-47.858375000000024, -23.983860299298616], [-47.85774420000001, -23.982482199298637], [-47.857133400000016, -23.981829599298685], [-47.85639980000002, -23.98109609929867], [-47.856070300000006, -23.980166699298675], [-47.85568110000003, -23.979267399298738], [-47.85525360000002, -23.97849249929875], [-47.85478189999998, -23.977764599298744], [-47.854551500000014, -23.97665779929876], [-47.853848400000004, -23.9761092992988], [-47.852835400000004, -23.97561049929881], [-47.85194339999998, -23.97540099929877], [-47.8516166, -23.974203099298848], [-47.85081109999999, -23.97360559929882], [-47.85054539999999, -23.972423799298856], [-47.8502886, -23.9711372992989], [-47.84970529999998, -23.970190399298893], [-47.84930739999999, -23.96941899929895], [-47.8500171, -23.968425899298953], [-47.85005869999998, -23.967342399298982], [-47.85013859999998, -23.966430899298974], [-47.84966029999999, -23.965444499299007], [-47.8493474, -23.964544699299015], [-47.84904849999998, -23.96373649929903], [-47.84828169999998, -23.96313589929907], [-47.84800200000001, -23.962302199299092], [-47.84828049999999, -23.96128649929914], [-47.84756820000001, -23.960745899299138], [-47.846697199999994, -23.960138499299156], [-47.84698150000003, -23.95931729929916], [-47.84739020000001, -23.958532799299174], [-47.84780180000001, -23.956717699299215], [-47.84759300000002, -23.95591739929921], [-47.84763520000001, -23.95571199929924], [-47.846853599999974, -23.95510949929924], [-47.84599259999999, -23.954723499299256], [-47.84499069999998, -23.95469289929925], [-47.843895299999986, -23.95461919929927], [-47.84270950000001, -23.954547999299244], [-47.841707900000024, -23.954029499299256], [-47.8406597, -23.954633499299252], [-47.83956869999998, -23.95525849929925], [-47.83864199999999, -23.955641099299214], [-47.83758899999998, -23.95533259929925], [-47.83664759999999, -23.955183299299232], [-47.83566270000001, -23.9557517992992], [-47.8348441, -23.956332399299225], [-47.83390900000001, -23.956344399299194], [-47.83328160000002, -23.95543019929927], [-47.833279600000026, -23.954564299299275], [-47.83280830000001, -23.953659299299307], [-47.83173260000001, -23.953217699299266], [-47.83056959999999, -23.953069799299268], [-47.83002449999998, -23.95241239929932], [-47.829611399999976, -23.951512999299307], [-47.828554499999996, -23.951515399299325], [-47.82757329999999, -23.95135869929935], [-47.8267773, -23.95174189929932], [-47.82548889999998, -23.95165079929931], [-47.82474070000001, -23.950903799299326], [-47.8239716, -23.950051699299376], [-47.82310960000001, -23.950375299299367], [-47.82313670000002, -23.951222899299328], [-47.822502900000025, -23.95211169929929], [-47.821044700000016, -23.952350099299295], [-47.82008480000002, -23.95251049929932], [-47.81890470000002, -23.952284799299278], [-47.8185466, -23.9520193992993], [-47.81790180000002, -23.952842199299308], [-47.8173405, -23.954468299299233], [-47.81675360000003, -23.95551189929921], [-47.816007599999985, -23.956587899299205], [-47.81513580000001, -23.957559199299183], [-47.81470839999997, -23.958482399299157], [-47.814388199999996, -23.95925459929916], [-47.813215800000016, -23.959646399299142], [-47.812155599999976, -23.959874299299162], [-47.81119949999998, -23.95920339929913], [-47.810739700000006, -23.95825009929917], [-47.810903800000006, -23.957169199299212], [-47.81111320000002, -23.955100499299267], [-47.811474400000016, -23.95419239929928], [-47.81069580000002, -23.953381699299303], [-47.809836099999984, -23.952832499299294], [-47.80861149999999, -23.9525392992993], [-47.8072171, -23.952175499299322], [-47.806571599999984, -23.951470099299325], [-47.806294200000025, -23.951128799299322], [-47.806085199999984, -23.951550699299304], [-47.804937499999994, -23.95214369929933], [-47.80382730000002, -23.95267239929927], [-47.80268189999998, -23.95263779929929], [-47.801748299999986, -23.952834899299333], [-47.800791100000026, -23.953129799299294], [-47.80125399999997, -23.953892699299256], [-47.8018717, -23.95455119929929], [-47.8019911, -23.955779499299226], [-47.80244049999999, -23.956661599299228], [-47.802265799999994, -23.957725899299202], [-47.801346799999976, -23.958415699299156], [-47.801836700000024, -23.959214999299117], [-47.801867200000004, -23.96036189929914], [-47.80238800000001, -23.96117489929911], [-47.80329610000001, -23.9617676992991], [-47.804357400000015, -23.962185099299088], [-47.804869800000006, -23.96298119929907], [-47.804439800000004, -23.963818399299033], [-47.803960399999994, -23.965039599299036], [-47.803661299999995, -23.96593539929898], [-47.80281710000002, -23.966607699298986], [-47.801632100000006, -23.96671149929896], [-47.800354700000014, -23.966374299298977], [-47.799759900000026, -23.967178099298994], [-47.799171, -23.967946899298973], [-47.7985721, -23.968597299298942], [-47.797652200000016, -23.968850899298943], [-47.7967165, -23.96966829929895], [-47.79654820000002, -23.970484499298898], [-47.796184600000004, -23.971529499298853], [-47.79636290000003, -23.972576199298842], [-47.79692560000001, -23.973484099298844], [-47.79749060000001, -23.97420819929884], [-47.79710929999999, -23.97506979929883], [-47.79673939999998, -23.976152099298762], [-47.79650989999999, -23.97717469929873], [-47.79621079999998, -23.978273999298736], [-47.795585000000024, -23.97911519929874], [-47.79478210000002, -23.9791670992987], [-47.793765199999996, -23.97978709929872], [-47.793091600000025, -23.98071509929867], [-47.7924797, -23.981339299298668], [-47.79138879999999, -23.98129199929867], [-47.79026620000002, -23.981408099298672], [-47.78955079999997, -23.98219319929863], [-47.78933569999998, -23.98300579929864], [-47.78838830000001, -23.9836488992986], [-47.787714900000026, -23.984217299298617], [-47.786675, -23.984818499298605], [-47.785551000000005, -23.986011299298532], [-47.78454770000002, -23.98708969929855], [-47.78342780000003, -23.987957599298536], [-47.782408799999985, -23.988398999298525], [-47.78139199999998, -23.9886377992985], [-47.78032280000002, -23.988934099298493], [-47.77958339999998, -23.989640799298495], [-47.77845910000002, -23.989402999298466], [-47.77750120000002, -23.989333299298494], [-47.77619459999999, -23.988710799298484], [-47.775186399999996, -23.988471299298517], [-47.773888899999974, -23.98797679929853], [-47.77326319999997, -23.987303199298516], [-47.77250950000001, -23.98645459929855], [-47.7712866, -23.985729899298594], [-47.77075739999998, -23.98662249929855], [-47.76973270000003, -23.98692949929852], [-47.768825100000015, -23.986885999298572], [-47.76798439999998, -23.98756679929856], [-47.76762880000001, -23.988507999298534], [-47.76717919999999, -23.9893517992985], [-47.76627589999999, -23.98980709929848], [-47.76527599999997, -23.98974219929851], [-47.7641142, -23.989139799298474], [-47.76346080000002, -23.988533399298493], [-47.76281940000001, -23.98764889929854], [-47.76249619999999, -23.98671539929852], [-47.7609344, -23.986532799298566], [-47.759705800000006, -23.987140599298513], [-47.759528699999976, -23.98802549929851], [-47.75901090000002, -23.988897599298475], [-47.758767499999976, -23.98908949929847], [-47.75849019999998, -23.989462299298502], [-47.75832860000003, -23.99054189929845], [-47.757639100000006, -23.991389699298452], [-47.7565558, -23.99146179929847], [-47.75548650000002, -23.991266099298468], [-47.75471920000001, -23.990357199298476], [-47.753675699999974, -23.990484399298477], [-47.75266670000002, -23.990849099298444], [-47.751507300000014, -23.991213899298447], [-47.750748499999986, -23.991733599298406], [-47.74963279999997, -23.991859999298402], [-47.74855480000002, -23.991709199298445], [-47.747703, -23.991120899298444], [-47.7469069, -23.990365199298445], [-47.745833000000005, -23.989851599298486], [-47.74494440000001, -23.98950409929846], [-47.744304, -23.988709799298483], [-47.74336840000001, -23.988446999298514], [-47.74210180000001, -23.987942199298534], [-47.74134259999999, -23.987129799298536], [-47.74035959999998, -23.987642399298547], [-47.73925140000001, -23.98778459929852], [-47.73844600000001, -23.988196999298527], [-47.73794179999999, -23.989264599298505], [-47.73759159999997, -23.99028219929849], [-47.736486300000024, -23.990777099298455], [-47.73580420000001, -23.99143569929846], [-47.7360112, -23.99230159929844], [-47.73570419999999, -23.993415599298384], [-47.735294599999975, -23.994211399298365], [-47.73448810000002, -23.99512149929835], [-47.73349839999997, -23.99584479929833], [-47.7329656, -23.99651799929831], [-47.732184099999984, -23.997942299298277], [-47.73206190000002, -23.998766199298267], [-47.7315471, -23.999491299298256], [-47.7315557, -24.00040489929822], [-47.73068890000002, -24.001081999298236], [-47.73014150000001, -24.00183269929824], [-47.728751699999975, -24.00329269929816], [-47.72783490000001, -24.003814199298198], [-47.72689650000001, -24.00386539929817], [-47.7254312, -24.003683799298148], [-47.72559230000002, -24.002716799298163], [-47.725331100000005, -24.001861299298195], [-47.7243699, -24.00170209929821], [-47.723354900000004, -24.001493899298232], [-47.72245079999999, -24.000895799298263], [-47.7218039, -24.00030089929826], [-47.72065379999998, -24.00042519929825], [-47.71962739999998, -24.000776999298274], [-47.718662900000034, -24.00104609929823], [-47.71815609999999, -24.00192239929823], [-47.717942100000016, -24.003335099298205], [-47.71781570000002, -24.004647599298146], [-47.717713600000025, -24.00579739929813], [-47.71695890000001, -24.006339699298135], [-47.715944900000004, -24.006314299298104], [-47.714929900000016, -24.006225499298147], [-47.71398640000001, -24.00590509929813], [-47.71300280000003, -24.00533789929811], [-47.712020199999984, -24.00512259929813], [-47.711233299999996, -24.00438849929816], [-47.71045700000002, -24.003524199298198], [-47.7105065, -24.002474199298202], [-47.71029069999998, -24.001448999298194], [-47.710386700000015, -24.000488799298275], [-47.710483599999975, -23.999490299298255], [-47.710894999999994, -23.998547299298274], [-47.71099270000002, -23.997615699298294], [-47.71125169999999, -23.996756999298324], [-47.71099129999999, -23.995946799298363], [-47.710539700000034, -23.99499169929838], [-47.710132199999975, -23.994127699298364], [-47.71033540000003, -23.993267299298417], [-47.709524999999985, -23.992387699298423], [-47.708137299999976, -23.991649499298433], [-47.70703720000001, -23.991490799298454], [-47.706232500000006, -23.990927799298465], [-47.70554199999998, -23.99003989929847], [-47.704647299999976, -23.989170599298514], [-47.703716499999985, -23.988297999298496], [-47.703288600000015, -23.98804079929854], [-47.702335000000005, -23.98812339929852], [-47.702308000000016, -23.989042199298474], [-47.701125999999995, -23.98911859929848], [-47.700047299999994, -23.9896427992985], [-47.69959239999998, -23.990747299298462], [-47.69886960000002, -23.991333299298454], [-47.6976843, -23.991547299298414], [-47.69713489999999, -23.9925261992984], [-47.69737959999998, -23.993377499298408], [-47.696129199999966, -23.993025899298424], [-47.69493080000001, -23.993195499298412], [-47.69250360000001, -23.99339979929842], [-47.69135360000002, -23.993553499298415], [-47.68976809999998, -23.993674399298367], [-47.68875329999998, -23.993636999298374], [-47.68766160000001, -23.993557699298396], [-47.68658929999998, -23.993279699298427], [-47.684497400000005, -23.992677199298416], [-47.683481500000035, -23.992292499298443], [-47.68200109999997, -23.991630099298447], [-47.681217899999986, -23.99113169929843], [-47.68043890000001, -23.990412299298463], [-47.679506300000014, -23.99019469929849], [-47.679191800000005, -23.989113199298522], [-47.679027399999995, -23.988282199298528], [-47.67840749999999, -23.987217799298534], [-47.677821100000024, -23.98654729929854], [-47.67688210000001, -23.986083399298547], [-47.675473899999986, -23.98578649929858], [-47.674401800000005, -23.985271499298594], [-47.673952199999974, -23.984273299298586], [-47.67323590000001, -23.98369779929862], [-47.67237779999999, -23.98340319929862], [-47.67138290000002, -23.98295709929864], [-47.67072170000001, -23.982298399298635], [-47.6700161, -23.98132309929867], [-47.668764500000016, -23.97998789929872], [-47.66827619999998, -23.979005399298725], [-47.667826299999994, -23.978176799298762], [-47.667154100000005, -23.976880199298755], [-47.66647729999999, -23.975303899298773], [-47.6660695, -23.974497699298787], [-47.6653852, -23.97365659929886], [-47.665469799999975, -23.972667899298834], [-47.66567579999998, -23.971396599298878], [-47.666072499999984, -23.97045219929892], [-47.666176500000006, -23.96954489929894], [-47.66571729999998, -23.968490299298942], [-47.666789600000016, -23.967906799298937], [-47.66797900000001, -23.967552599298948], [-47.66900279999999, -23.968092499298972], [-47.67004830000002, -23.96852459929897], [-47.67074350000002, -23.967970399298977], [-47.671770700000025, -23.96762609929899], [-47.67160489999998, -23.966698699298973], [-47.67191179999998, -23.965908299299024], [-47.671607300000005, -23.964953099299034], [-47.67094020000002, -23.963966799299026], [-47.67065539999998, -23.963003899299057], [-47.6700318, -23.96219409929907], [-47.6689303, -23.96179109929912], [-47.66755010000003, -23.961690799299078], [-47.66677420000002, -23.96111269929911], [-47.665998, -23.960406499299104], [-47.6658377, -23.960781499299124], [-47.66500769999999, -23.961635799299117], [-47.66431779999999, -23.962412599299068], [-47.66388239999998, -23.96317819929909], [-47.66327799999999, -23.963832399299054], [-47.66228030000002, -23.963996399299038], [-47.66127719999997, -23.96419099929907], [-47.66051490000001, -23.96478669929902], [-47.65952549999997, -23.965481999299026], [-47.65848779999999, -23.965343699299027], [-47.65759159999999, -23.96528309929904], [-47.65657310000001, -23.964909999299003], [-47.655919400000016, -23.963914199299026], [-47.65554400000003, -23.962826799299084], [-47.654770900000024, -23.962055099299075], [-47.65420990000002, -23.961371399299132], [-47.653988200000015, -23.960571499299146], [-47.65356989999998, -23.959213799299143], [-47.65233699999999, -23.958787399299172], [-47.65097700000001, -23.95876189929918], [-47.64997469999998, -23.958491799299154], [-47.64945460000001, -23.957632599299206], [-47.648278999999995, -23.95837299929917], [-47.64777629999997, -23.95938919929912], [-47.647355600000026, -23.960225699299162], [-47.646163, -23.960121699299137], [-47.645117400000004, -23.95943749929913], [-47.644044000000015, -23.95892339929916], [-47.64315850000003, -23.95819569929915], [-47.642219899999986, -23.95831109929917], [-47.641156599999995, -23.958532799299164], [-47.63985650000001, -23.95862729929915], [-47.639030100000014, -23.9581617992992], [-47.63803600000001, -23.95808909929917], [-47.6371115, -23.957821699299206], [-47.636098000000004, -23.95724409929922], [-47.6344995, -23.95677039929919], [-47.633467900000035, -23.95630039929919], [-47.632908199999974, -23.95556899929926], [-47.632976499999984, -23.95469549929927], [-47.632224800000024, -23.953922499299246], [-47.63099649999997, -23.953630999299243], [-47.63024139999999, -23.95286379929928], [-47.63031630000001, -23.952030499299287], [-47.62986790000002, -23.951255299299348], [-47.628798099999976, -23.950843899299333], [-47.62818390000001, -23.95019979929936], [-47.6274866, -23.950307399299334], [-47.626500299999975, -23.950010999299373], [-47.625291199999985, -23.950075899299353], [-47.624204200000015, -23.95040509929935], [-47.62266340000002, -23.950310399299326], [-47.62160369999997, -23.950750699299356], [-47.62046379999998, -23.95086489929934], [-47.61976299999998, -23.95143579929933], [-47.62016510000001, -23.952420999299314], [-47.61981209999998, -23.953237199299284], [-47.6192486, -23.95429049929928], [-47.61811519999998, -23.954514699299267], [-47.61723899999999, -23.954731599299254], [-47.61635100000001, -23.954594699299232], [-47.61546529999998, -23.954353499299277], [-47.61387610000003, -23.95448819929927], [-47.61346109999999, -23.953287499299265], [-47.613119900000015, -23.952418699299315], [-47.61378380000003, -23.951690599299322], [-47.61395290000002, -23.95079409929933], [-47.61339320000002, -23.949961999299383], [-47.612474700000014, -23.94966909929936], [-47.61125529999998, -23.949249399299358], [-47.6099514, -23.9492080992994], [-47.60895199999999, -23.948849399299345], [-47.60810930000003, -23.948480999299413], [-47.607269299999984, -23.9478076992994], [-47.6067491, -23.948790099299387], [-47.60618419999997, -23.94958539929936], [-47.60594350000003, -23.95038329929935], [-47.605166699999984, -23.95093909929936], [-47.60426769999998, -23.951341699299324], [-47.603105200000016, -23.951869499299303], [-47.601884700000035, -23.952253599299315], [-47.600903500000015, -23.952471299299326], [-47.60001859999999, -23.95308119929927], [-47.59899489999998, -23.953736999299263], [-47.598146299999996, -23.953062499299264], [-47.597728700000005, -23.95227999929928], [-47.597576000000004, -23.95128789929934], [-47.596411199999984, -23.950909099299334], [-47.59564180000001, -23.95025319929937], [-47.595615599999974, -23.949162199299362], [-47.594491000000005, -23.948925599299375], [-47.59344099999999, -23.94923409929939], [-47.59241300000003, -23.94982139929939], [-47.59135789999999, -23.949298299299386], [-47.59009379999998, -23.949579299299337], [-47.58905950000002, -23.949912599299367], [-47.58818939999998, -23.950660799299325], [-47.58739550000002, -23.951109199299353], [-47.586165600000015, -23.95124109929933], [-47.58512400000001, -23.951133199299345], [-47.5840556, -23.95064399929935], [-47.58261299999998, -23.95047799929932], [-47.5814742, -23.950602799299364], [-47.580357900000024, -23.950889199299347], [-47.57935570000001, -23.95042709929936], [-47.575705500000026, -23.94966109929938], [-47.57472580000001, -23.949048999299386], [-47.57334359999999, -23.948352499299393], [-47.572117299999995, -23.948127999299395], [-47.57108390000002, -23.947640499299386], [-47.56979319999999, -23.947447299299434], [-47.57015660000001, -23.946541999299455], [-47.570340499999986, -23.945323399299465], [-47.570794600000006, -23.94448019929946], [-47.57141580000001, -23.943713999299497], [-47.572076700000025, -23.943157499299485], [-47.571349500000004, -23.942425999299537], [-47.5703747, -23.9421527992995], [-47.56876299999999, -23.94204869929952], [-47.56705679999999, -23.941861799299566], [-47.56621560000002, -23.94153739929956], [-47.56520660000001, -23.941262099299557], [-47.564244900000006, -23.940976399299565], [-47.563142500000026, -23.94138719929956], [-47.56202680000001, -23.941005699299552], [-47.561573899999985, -23.94025939929957], [-47.560675300000014, -23.940022399299558], [-47.55971440000002, -23.94072279929956], [-47.559062299999994, -23.941638599299516], [-47.5579333, -23.94208939929952], [-47.55704129999999, -23.941849299299545], [-47.55607659999998, -23.941981499299533], [-47.55501970000001, -23.942530499299497], [-47.55386549999997, -23.942415799299514], [-47.55306439999998, -23.942867399299526], [-47.552053600000015, -23.943341099299506], [-47.55112029999998, -23.943073699299518], [-47.550314699999994, -23.942549799299513], [-47.54923359999998, -23.942335999299537], [-47.54848049999998, -23.94219159929953], [-47.54753950000003, -23.94143359929953], [-47.54633050000001, -23.94127259929955], [-47.545446200000015, -23.940708999299588], [-47.544885299999976, -23.939873299299563], [-47.544643399999984, -23.93906829929957], [-47.544552399999986, -23.93823449929964], [-47.54439580000002, -23.937311499299657], [-47.54407709999998, -23.936341899299652], [-47.543386300000016, -23.935602399299672], [-47.542392199999995, -23.93561169929965], [-47.5415448, -23.93489829929968], [-47.54081860000003, -23.934409299299727], [-47.53990040000002, -23.933768399299737], [-47.53946589999999, -23.93286399929973], [-47.53885120000001, -23.931972499299725], [-47.5380528, -23.931542799299752], [-47.5373472, -23.931941699299745], [-47.5364376, -23.932603999299772], [-47.53584000000001, -23.93326589929971], [-47.534917199999995, -23.93366799929973], [-47.53402030000001, -23.934457399299685], [-47.532966300000005, -23.934574299299708], [-47.53243809999997, -23.935409299299675], [-47.53225179999998, -23.936485999299663], [-47.53185760000003, -23.937239799299633], [-47.530779800000005, -23.937621199299652], [-47.529774499999974, -23.937825699299633], [-47.528619900000024, -23.937560599299612], [-47.52732820000001, -23.937479899299657], [-47.52648679999999, -23.937824199299644], [-47.525699799999984, -23.93724069929966], [-47.524849399999994, -23.93654759929964], [-47.52558269999997, -23.935945499299663], [-47.52444159999999, -23.935208899299706], [-47.52294970000003, -23.93474079929969], [-47.52163949999999, -23.934666899299717], [-47.52085349999998, -23.935270599299717], [-47.51944120000002, -23.935399599299668], [-47.518540099999996, -23.93474359929968], [-47.51821910000001, -23.933712999299736], [-47.5176889, -23.93288029929975], [-47.517786, -23.93187119929974], [-47.517208400000015, -23.931099399299768], [-47.51604659999998, -23.930628899299776], [-47.51522399999999, -23.930168299299794], [-47.51506380000001, -23.92915229929982], [-47.51486790000001, -23.928318099299855], [-47.51494839999998, -23.927458599299886], [-47.51467459999997, -23.926371799299904], [-47.514509299999986, -23.925290099299882], [-47.514781899999996, -23.924327999299926], [-47.51551430000001, -23.92369129929991], [-47.51551690000003, -23.922833199299966], [-47.51428759999999, -23.92238969929996], [-47.513746200000014, -23.921577699299988], [-47.512816900000026, -23.920950599300028], [-47.512070400000034, -23.920364499300014], [-47.51084470000001, -23.920320599300034], [-47.509400099999986, -23.919911499300035], [-47.508318900000006, -23.92012079930002], [-47.5071772, -23.920566199299998], [-47.505963399999985, -23.92076579930003], [-47.50516670000001, -23.921612899300005], [-47.50508910000001, -23.922478699299965], [-47.50486289999998, -23.92327519929993], [-47.5042861, -23.9239933992999], [-47.503294100000005, -23.923923399299916], [-47.50333460000002, -23.922948699299965], [-47.50316620000001, -23.922043399299977], [-47.50225649999999, -23.921547899299988], [-47.50099660000001, -23.920952399299974], [-47.50000879999999, -23.92103609929997], [-47.49958429999998, -23.92018479930003], [-47.49917210000002, -23.919286999300027], [-47.49969820000002, -23.918495699300045], [-47.5008335, -23.91787399930005], [-47.50099210000002, -23.916938399300076], [-47.502027300000016, -23.91628969930009], [-47.503006200000016, -23.915852099300107], [-47.5037183, -23.91526419930015], [-47.503391400000005, -23.914978299300095], [-47.50239140000003, -23.914839199300154], [-47.5006535, -23.91462859930015], [-47.50003090000001, -23.91366409930016], [-47.498880799999995, -23.913995899300133], [-47.49798820000001, -23.91440379930014], [-47.49702289999999, -23.91485369930011], [-47.495938000000024, -23.915652699300118], [-47.49548570000002, -23.916418499300118], [-47.49427850000001, -23.916939899300075], [-47.49290760000003, -23.916936999300102], [-47.491615000000024, -23.916253099300118], [-47.491687300000024, -23.9152740993001], [-47.491515100000015, -23.91431879930014], [-47.49188609999999, -23.91347919930015], [-47.49195609999998, -23.91265529930016], [-47.491840200000006, -23.911667499300233], [-47.490947600000034, -23.91102369930021], [-47.49000369999999, -23.91039699930022], [-47.48943559999998, -23.910438099300258], [-47.48835090000001, -23.910954999300216], [-47.48763459999998, -23.911920299300228], [-47.48693300000003, -23.91243459930017], [-47.48610209999998, -23.912894799300172], [-47.48506379999997, -23.91323469930015], [-47.48417469999998, -23.912959099300195], [-47.48379310000001, -23.912049699300212], [-47.4833625, -23.911272999300206], [-47.48257360000002, -23.91058549930026], [-47.48153769999999, -23.910695899300226], [-47.48065279999997, -23.91160589930018], [-47.479476799999986, -23.911591899300227], [-47.478331000000026, -23.911264799300234], [-47.47751770000002, -23.910865499300233], [-47.47671389999999, -23.910198399300256], [-47.47561250000001, -23.90991949930024], [-47.4744091, -23.910012699300214], [-47.473365899999976, -23.910424699300247], [-47.473511299999984, -23.911320399300223], [-47.473344, -23.9122144993002], [-47.472541499999984, -23.91274889930017], [-47.47153780000002, -23.912122399300184], [-47.47072859999997, -23.91164099930019], [-47.469694000000004, -23.912061399300228], [-47.46938269999998, -23.912904599300166], [-47.46861450000001, -23.913817999300147], [-47.467988699999985, -23.914706199300152], [-47.46840550000002, -23.915614699300107], [-47.467463599999974, -23.915688199300092], [-47.46617900000001, -23.916272799300096], [-47.46524240000002, -23.916930799300065], [-47.4644356, -23.917769399300063], [-47.46384160000003, -23.918577999300073], [-47.46281010000001, -23.918382399300036], [-47.4615887, -23.918726299300054], [-47.46077550000001, -23.919110799300032], [-47.45991789999999, -23.91989209930005], [-47.459091899999976, -23.920663999299993], [-47.45796999999999, -23.92071399929998], [-47.45700909999999, -23.92030939930002], [-47.45616949999999, -23.919686399300026], [-47.45547340000002, -23.91897369930002], [-47.45533690000002, -23.91919219930004], [-47.454344100000014, -23.91937349930003], [-47.4528651, -23.919513899300053], [-47.45195380000001, -23.920455199299994], [-47.45144620000002, -23.921327799299963], [-47.450713399999984, -23.922016199299946], [-47.449452399999984, -23.922278999299973], [-47.44854550000002, -23.921790499299966], [-47.44838440000001, -23.920973699300003], [-47.448494299999986, -23.9198283993], [-47.44780609999997, -23.918939399300033], [-47.44682870000003, -23.91852769930007], [-47.44574929999999, -23.918761499300064], [-47.44477280000002, -23.91820889930008], [-47.444356200000016, -23.917313399300095], [-47.44378169999999, -23.916488399300093], [-47.44312910000002, -23.915471699300124], [-47.4427672, -23.91463689930014], [-47.44211530000001, -23.913857599300133], [-47.44105899999999, -23.91441469930015], [-47.440267800000015, -23.914862799300113], [-47.43919440000002, -23.914822899300116], [-47.438305000000014, -23.915241799300112], [-47.437422200000015, -23.914934099300115], [-47.43732319999998, -23.914797999300156], [-47.4371764, -23.913879299300167], [-47.43760379999998, -23.912984199300155], [-47.4367077, -23.91220369930021], [-47.43631720000001, -23.91130179930022], [-47.43643129999998, -23.910189299300253], [-47.43572310000002, -23.90939959930023], [-47.43476010000001, -23.90903989930024], [-47.43425999999999, -23.908106799300263], [-47.43462579999999, -23.907165199300305], [-47.435038099999986, -23.906163799300337], [-47.43477769999998, -23.905333099300357], [-47.43394330000001, -23.905004899300344], [-47.43298440000002, -23.90494159930032], [-47.43191230000002, -23.90507979930035], [-47.43089029999999, -23.90474669930032], [-47.43010010000001, -23.904046599300386], [-47.43023790000001, -23.902976399300396], [-47.430114, -23.902156199300393], [-47.42984519999999, -23.901132699300444], [-47.42898480000002, -23.901695599300407], [-47.427830900000004, -23.90149519930043], [-47.427142600000025, -23.90054319930046], [-47.42651619999999, -23.899910799300446], [-47.42563369999999, -23.89936819930049], [-47.424654999999966, -23.899450899300458], [-47.423611600000015, -23.8994386993005], [-47.422494400000005, -23.899076599300482], [-47.42162029999997, -23.89836299930051], [-47.4210804, -23.897685899300512], [-47.42113389999997, -23.896784499300555], [-47.42075089999997, -23.895723099300547], [-47.420735499999985, -23.89468379930057], [-47.42016489999997, -23.893862599300583], [-47.419966499999994, -23.89287469930061], [-47.419699999999985, -23.892001599300652], [-47.41852160000002, -23.89207639930064], [-47.41748009999998, -23.892538499300628], [-47.41665949999999, -23.89300769930062], [-47.4155968, -23.8932834993006], [-47.414871800000014, -23.894119999300578], [-47.41371909999998, -23.893949399300602], [-47.41279930000002, -23.894041599300564], [-47.41180919999999, -23.89371619930057], [-47.41067930000003, -23.893551899300586], [-47.40975600000001, -23.89327699930062], [-47.410063999999984, -23.892461799300616], [-47.410709499999996, -23.891802499300628], [-47.411040500000006, -23.89091549930068], [-47.4110359, -23.890029899300686], [-47.41126129999998, -23.889168999300683], [-47.41013270000001, -23.88906419930072], [-47.40903450000002, -23.888991999300682], [-47.40803599999999, -23.88870469930072], [-47.40680809999998, -23.888277699300726], [-47.405802800000004, -23.887651199300723], [-47.405223999999976, -23.88700589930077], [-47.40522600000003, -23.886177799300764], [-47.4048143, -23.8853873993008], [-47.40479269999997, -23.88397009930082], [-47.403730199999984, -23.883557299300833], [-47.40365750000001, -23.88260539930084], [-47.40310199999998, -23.881776099300883], [-47.40399380000002, -23.881011999300878], [-47.404929100000004, -23.88082379930086], [-47.40550619999999, -23.880144799300883], [-47.40576759999999, -23.879320799300935], [-47.406361600000025, -23.87851679930093], [-47.40707229999998, -23.877658499300953], [-47.40677920000002, -23.87651109930099], [-47.407115499999975, -23.87572039930098], [-47.4074071, -23.874774799301026], [-47.407855700000034, -23.873912999301055], [-47.407889899999994, -23.873010899301057], [-47.40750559999998, -23.8721976993011], [-47.40622280000002, -23.8718179993011], [-47.40514230000003, -23.872191099301084], [-47.40410650000001, -23.872191299301072], [-47.40277889999999, -23.872443399301073], [-47.40188929999999, -23.873281699301064], [-47.40059580000002, -23.873284599301034], [-47.39968040000003, -23.873368699301057], [-47.398705699999994, -23.873298699301067], [-47.397925300000004, -23.87249969930106], [-47.39697000000001, -23.871890299301107], [-47.39593439999999, -23.871323799301127], [-47.39505550000001, -23.87061059930113], [-47.39450909999999, -23.86992489930112], [-47.393596100000025, -23.86967109930114], [-47.39261269999997, -23.869867499301122], [-47.39169209999999, -23.869757899301163], [-47.390806399999974, -23.86944069930112], [-47.39033740000002, -23.868472499301156], [-47.389758700000016, -23.867470399301183], [-47.3892621, -23.86675829930121], [-47.38873899999999, -23.864972099301223], [-47.3882117, -23.864259999301247], [-47.386238100000014, -23.862839099301258], [-47.3853105, -23.862798699301273], [-47.38433500000002, -23.862509899301312], [-47.38341059999999, -23.86190879930128], [-47.38297449999999, -23.861089799301322], [-47.3834506, -23.860322799301343], [-47.384188600000016, -23.859525899301357], [-47.38492639999998, -23.858376699301395], [-47.38570060000001, -23.857500899301407], [-47.387088199999994, -23.85750909930142], [-47.388025400000004, -23.8571393993014], [-47.38861300000002, -23.856369899301434], [-47.3890265, -23.85554679930145], [-47.387933499999974, -23.85507219930145], [-47.38796300000001, -23.853705899301506], [-47.387763699999994, -23.8527599993015], [-47.38684999999999, -23.852110099301523], [-47.38594380000001, -23.851702299301543], [-47.3856346, -23.85077019930155], [-47.385843799999975, -23.849860399301587], [-47.38449459999998, -23.850003599301544], [-47.38327049999998, -23.84994449930157], [-47.38217880000002, -23.849615499301606], [-47.38131320000002, -23.850082599301572], [-47.3804255, -23.85070439930153], [-47.37952840000003, -23.85061599930156], [-47.37956550000001, -23.84956529930157], [-47.37990339999999, -23.848799199301563], [-47.37923799999999, -23.847971899301612], [-47.3782324, -23.84692649930162], [-47.377214700000025, -23.84635609930163], [-47.376461500000005, -23.845598599301685], [-47.37646389999997, -23.844644699301693], [-47.37593179999999, -23.8437635993017], [-47.3760211, -23.843024599301703]]]}, "properties": {"CAPESTHM3": 38707.13744, "Shape__Area": 0, "Shape__Length": 0, "OBJECTID": 8, "ID": 32, "CDUGF": 8, "NMUGF": "Paranapanema", "QTRESERV": 8310}}]}