{"type": "FeatureCollection", "features": [{"type": "Feature", "id": 8596700, "geometry": {"type": "MultiPolygon", "coordinates": [[[[-50.66192557699998, -23.476421032309844], [-50.66176621199997, -23.47639008930985], [-50.661438604999944, -23.476432133309842], [-50.66102205099997, -23.47664528330987], [-50.66065502199996, -23.476988006309814], [-50.66035107699997, -23.477363520309854], [-50.66015447799998, -23.47780402330984], [-50.66012588899997, -23.477877520309857], [-50.66002551099995, -23.4782473553098], [-50.65996783399999, -23.47853744330984], [-50.65998022499997, -23.478900522309782], [-50.65989774099995, -23.479357853309775], [-50.659714134999945, -23.479893221309755], [-50.659486009999966, -23.48035005630977], [-50.65945296399997, -23.48037570830974], [-50.659100129999956, -23.48099894630973], [-50.65905779399998, -23.48109985930977], [-50.65868193899996, -23.48174056930973], [-50.65866191799995, -23.48176780230975], [-50.65833140699993, -23.48226924830973], [-50.65831230499998, -23.482295500309725], [-50.658019250999985, -23.482700024309697], [-50.65800296599997, -23.482689987309715], [-50.65829603199995, -23.482285447309735], [-50.65831489999994, -23.482259517309746], [-50.65864543499999, -23.481758034309717], [-50.658665178999975, -23.48173117730974], [-50.65903997699996, -23.48109227030977], [-50.65908226099998, -23.480991482309765], [-50.65943739399995, -23.480364183309764], [-50.65947005199995, -23.48033883230978], [-50.659695832999944, -23.479886692309787], [-50.65987864899995, -23.479353626309805], [-50.65996058899997, -23.478899312309792], [-50.659948192999934, -23.478536082309795], [-50.66000635999995, -23.478243528309804], [-50.66010712699995, -23.4778722633098], [-50.66013619599994, -23.477797530309843], [-50.66033390699994, -23.47735453730981], [-50.660640137999955, -23.47697619830987], [-50.66101009299996, -23.476630743309872], [-50.66143229399995, -23.47641470330989], [-50.66176689999997, -23.47637176230988], [-50.66192709699993, -23.47640286630984], [-50.66192557699998, -23.476421032309844]]], [[[-50.65597299899998, -23.494940218309434], [-50.655973923999966, -23.494918908309465], [-50.656176967999954, -23.49504712030946], [-50.656341760999965, -23.49507203930946], [-50.65633040299996, -23.49508862830945], [-50.65616949799994, -23.495064297309423], [-50.65597299899998, -23.494940218309434]]], [[[-50.65691498099994, -23.473171785309944], [-50.65692193999996, -23.47315489930992], [-50.65835527199994, -23.47365751530991], [-50.65890847999998, -23.473798734309913], [-50.66117115099996, -23.47481590130987], [-50.66198313399997, -23.475821824309886], [-50.661967425999926, -23.475832613309876], [-50.66115828899996, -23.474830215309876], [-50.65890151999997, -23.473815702309924], [-50.65834916799997, -23.473674701309953], [-50.65691498099994, -23.473171785309944]]], [[[-50.661046723999966, -23.495598999309443], [-50.660750320999966, -23.495717461309436], [-50.66054186999997, -23.495807485309403], [-50.66051271599997, -23.495821820309406], [-50.66027034099994, -23.49591839230942], [-50.66006272799996, -23.495979228309412], [-50.659905213999934, -23.495975486309423], [-50.65987824399997, -23.495962576309406], [-50.65978214099994, -23.495894649309434], [-50.659692898999936, -23.495817118309454], [-50.65967941599996, -23.49581161530944], [-50.659590192999985, -23.49577519630941], [-50.65944051799994, -23.49575601630943], [-50.65927016499996, -23.49570876530942], [-50.65889651199996, -23.495643895309403], [-50.65890663699998, -23.495627270309402], [-50.65927480999994, -23.495691189309422], [-50.65944471199998, -23.495738315309442], [-50.65959560899994, -23.495757651309425], [-50.659687342999966, -23.495795095309408], [-50.659703889999946, -23.49580184930943], [-50.659794846999944, -23.495880869309413], [-50.659888792999936, -23.495947272309422], [-50.65991023099996, -23.495957534309408], [-50.66005993799996, -23.495961090309432], [-50.660263473999976, -23.49590144830944], [-50.660504209999935, -23.495805530309443], [-50.660533102999985, -23.495791323309447], [-50.660742271999936, -23.495700989309412], [-50.66104754299994, -23.49557898330944], [-50.661046723999966, -23.495598999309443]]]]}, "properties": {"objectid": 8596700, "cod_tema": "RIO_ATE_10", "nom_tema": "Curso d'agua natural de ate 10 metros", "cod_imovel": "PR-4124301-F127CD1E73FA4B9DB4FA0CC2B3FC1E14", "ind_status": "AT", "des_condic": "Aguardando analise", "Shape__Area": 3.0790257920840344e-07, "Shape__Length": 0.03301375909147883}}, {"type": "Feature", "id": 8596701, "geometry": {"type": "MultiPolygon", "coordinates": [[[[-50.65896021599997, -23.495539292309456], [-50.65888518299994, -23.495662496309432], [-50.658757082999955, -23.495760762309438], [-50.65856042899997, -23.495853143309436], [-50.658257567999954, -23.495873246309426], [-50.65797233499996, -23.49582005530943], [-50.65763131399996, -23.495743381309406], [-50.657336190999956, -23.495702913309405], [-50.65716787399998, -23.49563800430941], [-50.65696335599995, -23.495541739309434], [-50.656803095999976, -23.495431404309457], [-50.65649553499997, -23.49532832230945], [-50.65632782699998, -23.495237084309412], [-50.65629785399995, -23.49518421730945], [-50.656302066999956, -23.495130018309414], [-50.656390408999975, -23.495000980309463], [-50.656436972999984, -23.49491033730945], [-50.656512608999954, -23.494800314309458], [-50.65659299499999, -23.494667506309472], [-50.65663547299994, -23.49464284730945], [-50.65686523099998, -23.494642883309464], [-50.65705379699995, -23.494643844309426], [-50.65720063599997, -23.494665945309436], [-50.657305814999965, -23.49467211630943], [-50.657394559999936, -23.494687382309422], [-50.65752895099996, -23.494731901309446], [-50.65762294099994, -23.494790020309463], [-50.657797783999975, -23.494964477309413], [-50.65784208599997, -23.49502848630944], [-50.65788520199993, -23.495062852309463], [-50.65790512699993, -23.495073513309446], [-50.65797304999995, -23.495087015309437], [-50.65798718299993, -23.495087858309454], [-50.65809759599995, -23.495085024309468], [-50.65811456199998, -23.495086042309453], [-50.65812869699994, -23.495086890309462], [-50.65825881799997, -23.49509155230944], [-50.65828141299994, -23.495092907309427], [-50.65838021899998, -23.495136330309442], [-50.658404464999926, -23.495150171309447], [-50.65847182899996, -23.495212322309452], [-50.65855495999995, -23.495318398309408], [-50.65864512299999, -23.495426960309437], [-50.65865239999994, -23.495433010309412], [-50.65872140399995, -23.495476080309412], [-50.65885363999996, -23.49551403530945], [-50.658866754999956, -23.49551479530944], [-50.65896021599997, -23.495539292309456]]], [[[-50.65811573999997, -23.482479984309716], [-50.65816438399998, -23.48258424830972], [-50.65815204099994, -23.482649914309732], [-50.65815127099995, -23.4826551153097], [-50.658157089999975, -23.482736141309726], [-50.65815845099996, -23.48274392830973], [-50.658192026999984, -23.482881099309683], [-50.658190865999984, -23.482888212309717], [-50.65815283099993, -23.482941539309714], [-50.65814417399998, -23.482950074309716], [-50.65805771299994, -23.48297646930975], [-50.65804308299994, -23.482977343309702], [-50.65803084999994, -23.482978450309712], [-50.657951047999966, -23.482979836309717], [-50.65787500099998, -23.482970111309726], [-50.657849806999934, -23.48287860830971], [-50.65785135199997, -23.482861997309737], [-50.65786287399993, -23.482765114309707], [-50.65786333799997, -23.48276015630974], [-50.65788026699994, -23.482688154309713], [-50.65788124399996, -23.48267791930972], [-50.65792426099995, -23.48258193030973], [-50.65792562299998, -23.48256858330975], [-50.65796622199997, -23.482531750309718], [-50.65806428199995, -23.482486066309743], [-50.65811573999997, -23.482479984309716]]]]}, "properties": {"objectid": 8596701, "cod_tema": "RESERVATORIO_ARTIFICIAL_DECORRENTE_BARRAMENTO", "nom_tema": "Reservatorio artificial decorrente de barramento ou represamento de cursos d'agua naturais", "cod_imovel": "PR-4124301-F127CD1E73FA4B9DB4FA0CC2B3FC1E14", "ind_status": "AT", "des_condic": "Aguardando analise", "Shape__Area": 2.004281767943556e-06, "Shape__Length": 0.007635902362119137}}, {"type": "Feature", "id": 8602574, "geometry": {"type": "Polygon", "coordinates": [[[-50.62877184499997, -23.489692715309594], [-50.62877202399994, -23.489692630309577], [-50.62877231699997, -23.489692509309553], [-50.62877248999996, -23.489692447309583], [-50.629105822999975, -23.489579545309574], [-50.62998775099994, -23.48928082730957], [-50.62999324599997, -23.48928858930956], [-50.629105795999976, -23.48958917830956], [-50.62877619999995, -23.489700812309565], [-50.62871231699995, -23.489732752309543], [-50.629104727999966, -23.489971003309588], [-50.62970485999995, -23.49033536830957], [-50.62970515999996, -23.490335564309547], [-50.62970540699995, -23.490335753309534], [-50.62970563999994, -23.49033595530956], [-50.629705856999976, -23.490336171309547], [-50.629706060999986, -23.490336400309573], [-50.629706246999945, -23.49033664030954], [-50.62970641499994, -23.490336892309543], [-50.629706564999935, -23.49033715330956], [-50.62970669699996, -23.490337424309544], [-50.629706809999966, -23.490337700309528], [-50.62970690199995, -23.49033798230955], [-50.62970697399993, -23.49033827130957], [-50.62970702499996, -23.49033856230956], [-50.62970705399994, -23.49033885630958], [-50.62970706399994, -23.490339140309526], [-50.629707063999945, -23.490604059309533], [-50.62969727199993, -23.49060870430953], [-50.62969727199993, -23.490341574309525], [-50.629104696999946, -23.489981798309557], [-50.62870132799998, -23.48973689530956], [-50.62870083299999, -23.48973689530956], [-50.62869428899995, -23.48972786030955], [-50.628701552999985, -23.489727860309557], [-50.62877184499997, -23.489692715309594]]]}, "properties": {"objectid": 8602574, "cod_tema": "RIO_ATE_10", "nom_tema": "Curso d'agua natural de ate 10 metros", "cod_imovel": "PR-4124301-2FCBF273CF344CBCB2C9707A3FA786D9", "ind_status": "AT", "des_condic": "Analisado, em conformidade com a Lei n 12.651/2012", "Shape__Area": 2.5859410648478735e-08, "Shape__Length": 0.005620923916998628}}, {"type": "Feature", "id": 8633551, "geometry": {"type": "MultiPolygon", "coordinates": [[[[-50.675869053999975, -23.49284773630951], [-50.67604732099994, -23.492765082309475], [-50.67604981499994, -23.492764211309474], [-50.67605243099996, -23.492763844309493], [-50.67605506799998, -23.492763993309502], [-50.67605762599993, -23.49276465530951], [-50.676060004999954, -23.49276580230948], [-50.67606211499998, -23.49276739230948], [-50.676063872999976, -23.492769363309513], [-50.67606521399995, -23.492771639309492], [-50.676066084999945, -23.492774133309478], [-50.676066452999976, -23.49277674830951], [-50.67606630299997, -23.492779386309465], [-50.67606564099998, -23.49278194330948], [-50.676064493999945, -23.492784322309504], [-50.676062903999934, -23.49278643230947], [-50.67606093299998, -23.492788191309515], [-50.67605865699994, -23.492789531309494], [-50.675882017999974, -23.492871430309503], [-50.67547857999995, -23.4932105103095], [-50.67547598699997, -23.493212221309484], [-50.67481451499997, -23.4935464993095], [-50.67481377499996, -23.49354684530949], [-50.67451601499994, -23.493675313309488], [-50.674211844999945, -23.49390687630948], [-50.673923516999935, -23.49421413130947], [-50.67367256599994, -23.494565040309432], [-50.673469713999964, -23.49503209030942], [-50.673467631999976, -23.49503543630945], [-50.67319992799998, -23.495351197309454], [-50.67302277899994, -23.495569724309416], [-50.673020172999934, -23.495572183309445], [-50.67262801099997, -23.495853893309405], [-50.67262680299996, -23.495854667309402], [-50.67235174399997, -23.496010851309446], [-50.672348886999934, -23.496012063309422], [-50.67188016999996, -23.496149701309427], [-50.67187757499993, -23.496150194309397], [-50.67187493299997, -23.496150170309413], [-50.671872346999976, -23.496149632309415], [-50.671869915999935, -23.49614859930943], [-50.671867732999935, -23.49614711230941], [-50.67186588099997, -23.496145228309437], [-50.671864433999986, -23.496143018309397], [-50.67186344399994, -23.49614056930942], [-50.67186295199997, -23.496137974309416], [-50.67186297599994, -23.496135333309432], [-50.67186351399994, -23.496132746309403], [-50.671864546999984, -23.496130315309408], [-50.67186603399995, -23.49612813230943], [-50.671867917999975, -23.496126281309433], [-50.67187012699998, -23.496124833309405], [-50.67187257699994, -23.496123844309405], [-50.67233979499997, -23.49598664530941], [-50.672612870999956, -23.49583158630941], [-50.67300298199995, -23.495551350309437], [-50.673179086999944, -23.495334111309443], [-50.67317927599998, -23.495333883309407], [-50.67344578799998, -23.495019527309424], [-50.673648415999935, -23.494552995309476], [-50.673649814999976, -23.494550524309464], [-50.67390211699995, -23.49419772630948], [-50.673903251999945, -23.494196344309483], [-50.67419296199994, -23.493887615309454], [-50.674194625999974, -23.49388611430947], [-50.67450100199995, -23.493652872309493], [-50.67450382599997, -23.4936512213095], [-50.67480272399997, -23.493522262309455], [-50.675462436999965, -23.493188874309453], [-50.67586605199995, -23.492849645309505], [-50.675869053999975, -23.49284773630951]]], [[[-50.66882218899997, -23.495417654309463], [-50.66834716299997, -23.495720032309414], [-50.66834559199998, -23.49572082730942], [-50.66834389599995, -23.4957213013094], [-50.668342139999936, -23.495721434309424], [-50.66834039199995, -23.49572122330943], [-50.66833871799998, -23.495720674309442], [-50.66833718399994, -23.49571981030943], [-50.66833584799997, -23.495718663309457], [-50.66833476099999, -23.49571727730944], [-50.66833396599998, -23.495715706309394], [-50.66833349199993, -23.49571401030943], [-50.668333357999984, -23.495712254309417], [-50.66833356999996, -23.495710506309425], [-50.66833411799996, -23.49570883230945], [-50.66833498299996, -23.495707298309423], [-50.668336129999936, -23.495705962309447], [-50.66833751599996, -23.495704875309407], [-50.66881525799994, -23.49540076930942], [-50.66881662699996, -23.495400055309414], [-50.668818097999974, -23.495399586309432], [-50.66881962799994, -23.49539937530945], [-50.668821170999934, -23.49539943030943], [-50.669042374999954, -23.49542645630943], [-50.66904409299997, -23.495426840309463], [-50.669045703999984, -23.49542755230943], [-50.66904714499998, -23.49542856430942], [-50.669048360999966, -23.495429838309413], [-50.66904930499993, -23.49543132530943], [-50.66904993999998, -23.495432967309412], [-50.66905024299995, -23.49543470230942], [-50.66905020199994, -23.495436462309456], [-50.66904981799997, -23.495438181309403], [-50.669049106999985, -23.49543979230942], [-50.66904809399995, -23.495441233309414], [-50.66904681999995, -23.495442449309397], [-50.669045332999985, -23.495443392309436], [-50.669043690999956, -23.495444028309418], [-50.669041955999944, -23.495444331309454], [-50.66904019599997, -23.49544429030943], [-50.66882218899997, -23.495417654309463]]], [[[-50.67141422599997, -23.475661653309878], [-50.67173374199996, -23.47561210730987], [-50.67173637899998, -23.475611960309887], [-50.67173899399995, -23.475612330309904], [-50.67174148699996, -23.475613204309877], [-50.67174376199995, -23.475614547309874], [-50.67174573099994, -23.475616308309895], [-50.67174731799997, -23.475618419309864], [-50.67174846299997, -23.47562080030986], [-50.67174912199994, -23.475623358309864], [-50.671749268999974, -23.475625995309873], [-50.67174889899997, -23.475628611309904], [-50.67174802499994, -23.475631103309873], [-50.671746681999934, -23.47563337830985], [-50.67174492099997, -23.47563534730989], [-50.671742809999955, -23.47563693430987], [-50.67174042899995, -23.47563807930987], [-50.67173787099995, -23.4756387383099], [-50.67141665099996, -23.475688549309897], [-50.67141322899994, -23.475688639309848], [-50.67132544999998, -23.475679753309862], [-50.67124866299997, -23.475741347309842], [-50.671246673999974, -23.475742670309895], [-50.67124448299996, -23.47574362230989], [-50.671133115999965, -23.475780653309876], [-50.67113059399998, -23.475781230309842], [-50.67098892499996, -23.475799564309852], [-50.67098693099995, -23.475799673309893], [-50.67098494199996, -23.475799486309878], [-50.670873713999974, -23.475780618309894], [-50.67087364599996, -23.475780607309904], [-50.67071186099997, -23.475752316309865], [-50.67070851999995, -23.47575126930985], [-50.67060881499999, -23.475705094309887], [-50.67043978999994, -23.47566808930986], [-50.670289493999974, -23.475667771309862], [-50.67028715999999, -23.475667562309862], [-50.67028489799998, -23.475666953309887], [-50.670282774999976, -23.475665960309875], [-50.67020370299998, -23.475620213309874], [-50.67012627099996, -23.475602211309884], [-50.67002664399996, -23.475602000309895], [-50.670024188999946, -23.47560176930989], [-50.67002181699996, -23.475601095309855], [-50.66990337399995, -23.475555349309904], [-50.669786203999934, -23.475564092309863], [-50.66964890699996, -23.475599905309878], [-50.66960067899999, -23.475644119309887], [-50.669599020999954, -23.475645415309884], [-50.66959718199996, -23.475646438309862], [-50.66951616299997, -23.475683532309866], [-50.66951340999997, -23.475684449309885], [-50.669510524999964, -23.47568475530989], [-50.66942218799994, -23.475684568309877], [-50.669313295999984, -23.475729874309877], [-50.66931303999997, -23.47572997830985], [-50.66910149499995, -23.475812944309887], [-50.66898092499997, -23.475886603309895], [-50.66897897699994, -23.47588758630985], [-50.66888784199995, -23.475924658309843], [-50.66888616499995, -23.47592521530987], [-50.66853199299993, -23.476017596309863], [-50.66832697899997, -23.47607504530986], [-50.668145411999944, -23.476148901309884], [-50.668143210999965, -23.476149584309884], [-50.66814092599998, -23.47614988130987], [-50.66794058099998, -23.47615867930988], [-50.66781084099995, -23.476204319309876], [-50.66780914299994, -23.47620479430984], [-50.66767938999994, -23.47623207930984], [-50.66761092499996, -23.47626791730988], [-50.66748173299994, -23.476359004309867], [-50.66742213699996, -23.47644092130984], [-50.66742037499994, -23.47644290030983], [-50.66741825899993, -23.476444496309835], [-50.667415871999935, -23.476445648309873], [-50.66721432899993, -23.47651939530986], [-50.66701262699996, -23.476630267309854], [-50.667012384999964, -23.47663039630985], [-50.666941479999934, -23.47666751130985], [-50.66693903099996, -23.476668501309835], [-50.666936435999965, -23.476668994309858], [-50.66693379399993, -23.476668971309866], [-50.66693120799994, -23.47666843330987], [-50.66692877699995, -23.47666740130987], [-50.66692659299997, -23.476665915309844], [-50.666924740999946, -23.476664031309866], [-50.666923292999975, -23.476661822309875], [-50.66692230299998, -23.476659373309847], [-50.66692180999997, -23.476656778309835], [-50.66692183299995, -23.476654136309875], [-50.666922370999934, -23.476651550309878], [-50.66692340299994, -23.47664911830985], [-50.66692488899998, -23.476646935309844], [-50.66692677299994, -23.47664508330988], [-50.666928981999945, -23.47664363530984], [-50.66699976499996, -23.47660658430986], [-50.667202244999935, -23.47649528530983], [-50.66720410599998, -23.47649443930986], [-50.66740275799999, -23.476421749309832], [-50.66746125099996, -23.476341348309838], [-50.66746268999998, -23.476339677309838], [-50.66746438299998, -23.476338263309845], [-50.66759612299995, -23.476245379309862], [-50.66759763899995, -23.47624445330989], [-50.66766854399999, -23.47620733830983], [-50.66767201999994, -23.47620609030984], [-50.667802731999984, -23.476178603309894], [-50.66793352199994, -23.47613259430988], [-50.66793740199995, -23.476131844309844], [-50.66813741599998, -23.476123060309863], [-50.66831753099996, -23.476049794309848], [-50.66831897199995, -23.476049301309885], [-50.66852483899999, -23.475991614309848], [-50.66852507399995, -23.475991550309857], [-50.66887850699993, -23.47589936230986], [-50.66896780899997, -23.475863035309878], [-50.66908845199998, -23.475789332309883], [-50.66909055699995, -23.475788286309868], [-50.66930307099995, -23.475704939309882], [-50.66941433499994, -23.475658646309853], [-50.669416885999965, -23.475657871309863], [-50.66941953899993, -23.475657613309863], [-50.66950762899995, -23.47565779930988], [-50.66958403299998, -23.47562281930988], [-50.66963316299995, -23.475577779309894], [-50.66963582499995, -23.4755758773099], [-50.669638866999954, -23.475574673309904], [-50.66978058299998, -23.475537707309854], [-50.66978298099997, -23.475537308309875], [-50.669904394999946, -23.47552824930989], [-50.669907371999955, -23.475528357309884], [-50.66991025299995, -23.47552911630988], [-50.67002919799996, -23.475575056309875], [-50.670127858999926, -23.475575265309896], [-50.67013088199997, -23.47557561530988], [-50.67021176299994, -23.475594419309854], [-50.67021366499994, -23.4755950123099], [-50.67021545899996, -23.475595880309868], [-50.670293152999925, -23.475640829309896], [-50.670441289999985, -23.475641143309876], [-50.67044414299994, -23.475641454309873], [-50.67061601999995, -23.4756790833099], [-50.67061880099993, -23.475680019309888], [-50.67071824299995, -23.475726073309886], [-50.670878254999934, -23.4757540543099], [-50.67098746399995, -23.47577257930988], [-50.67112584599994, -23.475754670309865], [-50.67123368599994, -23.475718812309875], [-50.67131288899998, -23.47565528030987], [-50.67131507599999, -23.475653851309858], [-50.67131749799995, -23.475652870309876], [-50.67132006399998, -23.47565237530989], [-50.67132267699997, -23.475652385309907], [-50.67141422599997, -23.475661653309878]]]]}, "properties": {"objectid": 8633551, "cod_tema": "RIO_ATE_10", "nom_tema": "Curso d'agua natural de ate 10 metros", "cod_imovel": "PR-4126009-0134E9BD9A6241AEA84B5E9A519A9243", "ind_status": "AT", "des_condic": "Analisado, aguardando atendimento a notificacao", "Shape__Area": 3.0301088608448227e-07, "Shape__Length": 0.023135156706473328}}, {"type": "Feature", "id": 8633552, "geometry": {"type": "MultiPolygon", "coordinates": [[[[-50.66894893399995, -23.495933565309436], [-50.66895021899996, -23.495453976309438], [-50.669576345999985, -23.495568810309425], [-50.67043080299994, -23.49570393130944], [-50.67152002299997, -23.496027868309394], [-50.671960845999934, -23.496162609309405], [-50.67135161499994, -23.496163477309437], [-50.670629221999945, -23.496136203309444], [-50.67022437799994, -23.496075271309394], [-50.66966565499995, -23.496007628309428], [-50.66920778199994, -23.495933507309417], [-50.66894893399995, -23.495933565309436]]], [[[-50.666373639999954, -23.495915857309395], [-50.66706066599994, -23.495793435309395], [-50.66770152699996, -23.495772763309454], [-50.66830533499996, -23.49577311330944], [-50.66838661299994, -23.495705742309443], [-50.66854145299994, -23.495746345309446], [-50.668548191999946, -23.495948571309444], [-50.66837125999996, -23.496198066309432], [-50.666373639999954, -23.495915857309395]]]]}, "properties": {"objectid": 8633552, "cod_tema": "LAGO_NATURAL", "nom_tema": "Lago ou lagoa natural", "cod_imovel": "PR-4126009-0134E9BD9A6241AEA84B5E9A519A9243", "ind_status": "AT", "des_condic": "Analisado, aguardando atendimento a notificacao", "Shape__Area": 1.5313237707298371e-06, "Shape__Length": 0.011339741329732398}}, {"type": "Feature", "id": 8641541, "geometry": {"type": "Polygon", "coordinates": [[[-50.63244870799997, -23.506153161309214], [-50.63277778499997, -23.50596438630919], [-50.63277939099998, -23.50596366330922], [-50.63278110699997, -23.505963268309188], [-50.63278286699994, -23.50596321530918], [-50.63278460399994, -23.50596350730922], [-50.63278624999998, -23.50596413230921], [-50.632787742999945, -23.505965066309223], [-50.632789024999965, -23.505966273309188], [-50.63279004699996, -23.505967708309186], [-50.63279076899994, -23.505969314309205], [-50.63279116399997, -23.505971030309187], [-50.63279121699997, -23.50597279030922], [-50.632790924999945, -23.50597452730921], [-50.63279030099995, -23.505976173309186], [-50.63278936599994, -23.50597766630921], [-50.63278815899998, -23.50597894830919], [-50.63278672499996, -23.505979970309166], [-50.63245771399994, -23.506168707309204], [-50.63223596199998, -23.506300966309187], [-50.63249949799996, -23.506749477309196], [-50.63250034099997, -23.50675139230917], [-50.63250071799996, -23.50675344930918], [-50.63255739699997, -23.507630500309133], [-50.63255741499995, -23.50763104230916], [-50.63255841899996, -23.50787567230914], [-50.632558253999946, -23.50787742530914], [-50.63255774899994, -23.507879112309137], [-50.63255692599995, -23.507880669309163], [-50.63255581399994, -23.50788203530916], [-50.63255445699997, -23.507883157309166], [-50.63255290799997, -23.507883994309125], [-50.63255122499998, -23.50788451230917], [-50.63254947299998, -23.507884692309137], [-50.632547719999934, -23.50788452630913], [-50.63254603199994, -23.507884022309174], [-50.63254447599996, -23.50788319830913], [-50.63254310999997, -23.507882087309167], [-50.63254198699997, -23.507880730309147], [-50.632541150999934, -23.507879181309157], [-50.632540632999955, -23.507877497309167], [-50.63254045299993, -23.50787574630916], [-50.63253944999996, -23.50763138730914], [-50.632482925999966, -23.506756738309193], [-50.63221849699994, -23.506306706309196], [-50.63159217899994, -23.506294629309192], [-50.631590915999936, -23.5062945153092], [-50.630051794999986, -23.506045173309193], [-50.63004998099996, -23.506044680309177], [-50.628511414999934, -23.50544753530922], [-50.628509848999954, -23.505446743309232], [-50.62850846599997, -23.505445662309178], [-50.62756117799995, -23.504542390309243], [-50.62756012999995, -23.50454119830923], [-50.62755930899994, -23.504539839309224], [-50.62724166399994, -23.503891051309257], [-50.62683025899997, -23.503491415309263], [-50.62612051499997, -23.503110089309256], [-50.624987619999956, -23.50263849030929], [-50.623578985999984, -23.502062548309283], [-50.62248822999994, -23.501677182309304], [-50.621623872999976, -23.501553761309296], [-50.62162157399996, -23.501553111309295], [-50.62069925399993, -23.5011538193093], [-50.62069702699995, -23.50115243830931], [-50.62016660599994, -23.500704494309343], [-50.62016546999996, -23.500703345309326], [-50.62016455899994, -23.500702011309336], [-50.620163900999955, -23.500700536309303], [-50.62016351799997, -23.500698966309315], [-50.61996757499997, -23.499394943309344], [-50.619529883999974, -23.498276295309385], [-50.61952945799993, -23.498274867309366], [-50.61946126099997, -23.497949926309392], [-50.61947961799996, -23.4979499263094], [-50.619546887999945, -23.498270445309355], [-50.61998467399997, -23.49938933630936], [-50.619985191999945, -23.49939127530936], [-50.62018078199998, -23.50069295130931], [-50.620707606999986, -23.50113785730929], [-50.62162760599995, -23.501536145309316], [-50.62249165199995, -23.501659522309286], [-50.62249337499997, -23.501659945309296], [-50.62358517599995, -23.502045680309305], [-50.623585582999965, -23.502045835309314], [-50.62499444599996, -23.502621871309273], [-50.62499449899997, -23.50262189230928], [-50.626127827999944, -23.503093672309266], [-50.62612862799995, -23.503094052309233], [-50.62683986899999, -23.503476182309267], [-50.62684187599996, -23.503477652309247], [-50.62725530299997, -23.503879254309254], [-50.627256315999944, -23.50388042230923], [-50.62725711199994, -23.50388174730926], [-50.62757473899995, -23.504530496309233], [-50.62851957599997, -23.505431430309226], [-50.63005560099998, -23.506027589309213], [-50.63159316099996, -23.506276679309153], [-50.63222130099996, -23.5062887913092], [-50.63244857699993, -23.506153237309206], [-50.63244870799997, -23.506153161309214]]]}, "properties": {"objectid": 8641541, "cod_tema": "RIO_ATE_10", "nom_tema": "Curso d'agua natural de ate 10 metros", "cod_imovel": "PR-4124301-661FFECFC7B64E5DAFF8B720B8BA71E6", "ind_status": "AT", "des_condic": "Analisado, aguardando atendimento a notificacao", "Shape__Area": 3.39482248488815e-07, "Shape__Length": 0.03782074117169819}}, {"type": "Feature", "id": 8648932, "geometry": {"type": "MultiPolygon", "coordinates": [[[[-50.61293775599995, -23.45516340731036], [-50.61293737199997, -23.45517220431032], [-50.61293527999993, -23.45518075731036], [-50.612931558999946, -23.455188737310333], [-50.61292635299998, -23.455195838310317], [-50.612919860999966, -23.45520178731032], [-50.61291233399999, -23.455206355310338], [-50.61290405999995, -23.45520936731032], [-50.61289535799995, -23.455210707310364], [-50.61276050699996, -23.45521807431033], [-50.61142573199999, -23.455379144310324], [-50.61141572899999, -23.455379229310324], [-50.60924471499993, -23.455154592310357], [-50.60841112299994, -23.45529960331032], [-50.608331935999956, -23.45552759531033], [-50.60900265599997, -23.457097375310315], [-50.60910949099998, -23.457179221310323], [-50.60918288399995, -23.45723544831028], [-50.60959329799994, -23.457281047310307], [-50.60985596299997, -23.45731023131028], [-50.60985596399996, -23.45731023131028], [-50.60986457699994, -23.457312056310297], [-50.60986457699995, -23.457312057310297], [-50.609864577999986, -23.457312057310297], [-50.60986727499994, -23.457313214310275], [-50.60987266899997, -23.45731552731032], [-50.60987266999995, -23.4573155283103], [-50.61015705999995, -23.457472145310255], [-50.61016481099995, -23.457477548310305], [-50.61017126099995, -23.45748445331027], [-50.610678088999975, -23.45815686331025], [-50.61068116599995, -23.458161524310302], [-50.611087801999986, -23.458869303310262], [-50.612059742999975, -23.459293009310237], [-50.61219435299995, -23.45923142731025], [-50.61216371499995, -23.459068142310255], [-50.61123657699995, -23.45825992331025], [-50.611231262999986, -23.45825442931026], [-50.611226957999975, -23.45824811231029], [-50.61074133399996, -23.4573861193103], [-50.61073846199997, -23.457379980310307], [-50.61061055099997, -23.457042229310304], [-50.610608431999935, -23.457034723310322], [-50.61060764399997, -23.45702696531028], [-50.61060820899996, -23.45701918731028], [-50.61064341499997, -23.45680035531032], [-50.61064591199994, -23.45679117731028], [-50.61065028499996, -23.456782730310326], [-50.610656339999935, -23.456775393310327], [-50.610663802999966, -23.456769496310333], [-50.61067234199999, -23.456765303310267], [-50.61138247699995, -23.45650575131029], [-50.611394989999944, -23.45650311531031], [-50.61210075499997, -23.456457355310285], [-50.61210988999994, -23.456457694310338], [-50.61211876599999, -23.456459877310326], [-50.61332412799994, -23.456890309310285], [-50.61333238899993, -23.456894249310295], [-50.61333967899998, -23.45689978131027], [-50.61334569599996, -23.456906676310293], [-50.613350190999945, -23.456914647310303], [-50.613352977999966, -23.456923364310303], [-50.613353938999985, -23.456932465310285], [-50.61335303599998, -23.456941572310274], [-50.61328640999994, -23.45726871031031], [-50.613284215999954, -23.457276138310267], [-50.61328077799994, -23.457283079310304], [-50.61327619899998, -23.45728932631029], [-50.61327061399993, -23.457294693310253], [-50.61293973299996, -23.45756184631029], [-50.612881462999944, -23.45801114331027], [-50.613798274999965, -23.458574409310287], [-50.61380407399999, -23.458578646310258], [-50.614459383999986, -23.459143017310247], [-50.614747852999976, -23.45929198931023], [-50.61475563499994, -23.45929709331026], [-50.61476219799994, -23.45930369131023], [-50.61476725999995, -23.459311500310225], [-50.61477060499993, -23.459320185310236], [-50.61477208799994, -23.45932937231024], [-50.61477164599995, -23.459338668310266], [-50.61467948699993, -23.459943072310242], [-50.615012240999924, -23.46069766831021], [-50.615013972999975, -23.460702259310203], [-50.615318860999935, -23.46166729731019], [-50.61532092699997, -23.461679467310177], [-50.61535721699993, -23.46287681431016], [-50.616160811999976, -23.463148032310187], [-50.616168226999946, -23.46315130731017], [-50.61617493199998, -23.46315586031016], [-50.61660616599994, -23.463509519310133], [-50.61661166499995, -23.463514878310132], [-50.616616171999965, -23.463521095310153], [-50.616891143999965, -23.46397818231012], [-50.616894972999944, -23.46398628031015], [-50.61689711899999, -23.46399497731014], [-50.61689749599997, -23.46400392731014], [-50.616896089999955, -23.464012774310138], [-50.61689295699994, -23.464021166310125], [-50.61673749499994, -23.46433711231012], [-50.61673264999996, -23.464344855310145], [-50.61672633699994, -23.464351459310112], [-50.61671881999996, -23.464356648310144], [-50.61671040799996, -23.464360210310108], [-50.61670144899995, -23.46436199531015], [-50.61669231399997, -23.46436193131015], [-50.61576156499995, -23.464260200310115], [-50.61557704499996, -23.464467166310126], [-50.616700127999934, -23.46488142631012], [-50.61670752699996, -23.464884952310125], [-50.61696372499994, -23.46503716931012], [-50.61697044999994, -23.465042060310125], [-50.61697615799994, -23.46504810731012], [-50.616980652999985, -23.465055103310092], [-50.61698378199998, -23.465062807310133], [-50.61712947899997, -23.46554558731009], [-50.61713104199998, -23.46555295131008], [-50.61713135399997, -23.46556047331012], [-50.617130403999965, -23.46556794231008], [-50.61704724599996, -23.46595744831011], [-50.61704603599998, -23.46596195531008], [-50.61692955899997, -23.46632028831008], [-50.61692580299996, -23.466328753310094], [-50.61685380499995, -23.466454258310062], [-50.616846618999936, -23.466463654310065], [-50.616276178999954, -23.467034605310083], [-50.61626988499995, -23.467039848310062], [-50.616262741999954, -23.46704386131009], [-50.61625498999996, -23.46704651031009], [-50.61624688499995, -23.467047706310073], [-50.61623869799997, -23.467047411310062], [-50.61567177599995, -23.46697478831007], [-50.615663806999976, -23.466973019310075], [-50.61565629099993, -23.466969838310057], [-50.61564947399996, -23.466965349310065], [-50.615408583999965, -23.466773191310068], [-50.614627623999986, -23.46676952931008], [-50.614619778999945, -23.466768801310057], [-50.614612180999984, -23.466766714310072], [-50.61460506499998, -23.4667633303101], [-50.614598648999966, -23.466758755310053], [-50.61418027199994, -23.46640110831007], [-50.61417568199994, -23.466396575310085], [-50.61408324299998, -23.466291123310082], [-50.613954519999936, -23.466261668310082], [-50.61332799299999, -23.466137038310066], [-50.61260861299996, -23.466063322310085], [-50.61188352299996, -23.4663813423101], [-50.61187268899994, -23.46638454231008], [-50.61056732099996, -23.466596757310104], [-50.60954162599995, -23.466912870310086], [-50.609428514999934, -23.467112140310082], [-50.609264474999975, -23.46825000131003], [-50.60979536999998, -23.469042591310004], [-50.609799528999986, -23.46905035231], [-50.609802094999964, -23.469058775310014], [-50.60980296799994, -23.469067536310018], [-50.60980211499998, -23.469076300310046], [-50.60979956799997, -23.46908472931003], [-50.60979542599995, -23.469092499310005], [-50.609789847999934, -23.46909931131003], [-50.60978304799994, -23.469104905309994], [-50.60977528799997, -23.46910906531], [-50.60976686499998, -23.469111630310035], [-50.60975810299993, -23.469112503310015], [-50.60974933899996, -23.469111650310005], [-50.60974091099996, -23.46910910431004], [-50.60973314099993, -23.469104962310023], [-50.609726327999965, -23.46909938431], [-50.60972073399995, -23.469092584310005], [-50.609180239999944, -23.468285661310055], [-50.609176307999974, -23.46827843931003], [-50.60917375899999, -23.468270620310022], [-50.609172677999936, -23.46826246831005], [-50.60917310099996, -23.468254256310036], [-50.60934081199997, -23.46709093131008], [-50.609342771999934, -23.467082797310095], [-50.60934620699994, -23.467075167310053], [-50.60947230199997, -23.466853024310097], [-50.60947715999998, -23.466846084310045], [-50.60948323499996, -23.466840179310083], [-50.609490309999956, -23.466835520310067], [-50.60949813499997, -23.46683227331007], [-50.61054382499997, -23.466509997310062], [-50.61054984699996, -23.466508587310074], [-50.61185265499994, -23.46629678831009], [-50.61258337299995, -23.465976300310082], [-50.61259067099996, -23.465973821310108], [-50.61259828599998, -23.46597262631007], [-50.612605992999924, -23.46597275131011], [-50.61333925799995, -23.466047890310097], [-50.61334344199997, -23.466048519310093], [-50.613972675999946, -23.466173688310104], [-50.613973931999965, -23.4661739573101], [-50.61411745399994, -23.466206798310097], [-50.61412630799998, -23.466209824310106], [-50.61413434299993, -23.4662146193101], [-50.61414121099995, -23.466220974310076], [-50.61424110199994, -23.46633492731011], [-50.61464450699997, -23.46667977631009], [-50.615424606999966, -23.46668343431005], [-50.61543452999996, -23.466684591310102], [-50.615443950999975, -23.46668791431009], [-50.615452404999985, -23.46669323631008], [-50.61569566199996, -23.466887282310058], [-50.616228225999976, -23.466955504310057], [-50.61677885299997, -23.466404383310064], [-50.616845565999945, -23.466288091310087], [-50.616959881999946, -23.465936407310092], [-50.61704014099996, -23.465560482310085], [-50.61690282699993, -23.465105478310093], [-50.61666517999998, -23.464964283310128], [-50.61548409799997, -23.46452863031013], [-50.61547624499996, -23.464524830310115], [-50.61546927399996, -23.464519583310132], [-50.61546344899995, -23.46451308831015], [-50.61545898899994, -23.464505588310114], [-50.61545606399994, -23.464497369310116], [-50.61545478299996, -23.464488739310152], [-50.61545519399993, -23.464480023310134], [-50.61545728299996, -23.464471552310115], [-50.61546096999996, -23.464463645310133], [-50.615466115999936, -23.464456599310125], [-50.61570991399998, -23.46418314631016], [-50.61571617299995, -23.464177344310126], [-50.61572341699998, -23.464172830310105], [-50.61573138399996, -23.46416976831015], [-50.61573978599995, -23.464168269310143], [-50.615748319999966, -23.464168386310153], [-50.616670787999965, -23.464269212310143], [-50.61680153599997, -23.464003492310134], [-50.61654319799993, -23.463574055310165], [-50.61612431099996, -23.463230523310177], [-50.615298904999975, -23.462951944310145], [-50.615290638999966, -23.462948185310154], [-50.61528329799995, -23.46294284131017], [-50.61527718199994, -23.462936130310137], [-50.615272540999975, -23.462928326310138], [-50.615269563999966, -23.46291974831019], [-50.615268372999935, -23.46291074731017], [-50.615231325999964, -23.461688417310175], [-50.61492905499995, -23.46073166531022], [-50.61459201599996, -23.45996735231024], [-50.614589343999974, -23.45995931331021], [-50.61458822899993, -23.459950916310223], [-50.61458871099995, -23.45994245931026], [-50.61467797899997, -23.459357008310267], [-50.61441346799995, -23.459220408310244], [-50.61440476699994, -23.459214533310245], [-50.61374818199994, -23.458649064310272], [-50.612809669999926, -23.458072466310284], [-50.61280281599995, -23.45806729231025], [-50.61279707299996, -23.458060908310298], [-50.612792648999964, -23.45805354831026], [-50.61278970699993, -23.45804548131025], [-50.612788353999974, -23.458037001310284], [-50.61278863899997, -23.458028419310267], [-50.612852962999966, -23.457532435310274], [-50.612854864999974, -23.45752409931027], [-50.612858311999965, -23.457516274310258], [-50.61286317899993, -23.457509245310295], [-50.612869289999935, -23.45750326531028], [-50.613201609999976, -23.457234950310305], [-50.61325723799996, -23.45696181031027], [-50.61209730099995, -23.456547599310312], [-50.61140724799998, -23.456592341310316], [-50.61072792199996, -23.456840632310307], [-50.61069880399998, -23.45702162231029], [-50.61082126699995, -23.45734498731027], [-50.61130143099996, -23.458197287310263], [-50.61223449899995, -23.45901067531023], [-50.612241249999954, -23.459018033310237], [-50.61224620899998, -23.459026700310275], [-50.612249129999945, -23.45903624931023], [-50.612289120999954, -23.459249377310275], [-50.61228989099993, -23.45925784631023], [-50.61228905099995, -23.459266308310227], [-50.61228663199994, -23.459274459310244], [-50.61228271899996, -23.45928200931028], [-50.61227745399998, -23.459288686310266], [-50.61227102399994, -23.459294251310236], [-50.61226366099998, -23.459298505310265], [-50.61207887099994, -23.459383044310268], [-50.612069943999984, -23.45938604231022], [-50.61206058799996, -23.459387114310253], [-50.61205121499995, -23.45938621131026], [-50.61204223599998, -23.459383373310256], [-50.61103829999996, -23.45894571931026], [-50.61103001199996, -23.45894100131025], [-50.61102290599996, -23.458934640310225], [-50.61101730399997, -23.458926921310233], [-50.61060466899994, -23.45820870031024], [-50.61010530899995, -23.457546198310308], [-50.60983716299995, -23.457398526310286], [-50.609160534999944, -23.457323349310293], [-50.609152578999954, -23.457321727310287], [-50.609145044999934, -23.457318699310314], [-50.609138179999945, -23.45731436331029], [-50.60893866799995, -23.4571615173103], [-50.608932996999954, -23.457156345310317], [-50.60893261999997, -23.457155860310273], [-50.608932236999976, -23.457155502310297], [-50.608930964999956, -23.45715373031029], [-50.60892828799995, -23.45715028431029], [-50.60892770299995, -23.457149185310325], [-50.608927102999985, -23.457148349310295], [-50.60892620699996, -23.457146377310288], [-50.60892467999998, -23.457143509310313], [-50.60824250399998, -23.455546916310315], [-50.608239966999975, -23.45553903931034], [-50.608238918999966, -23.455530829310305], [-50.60823939399995, -23.4555225673103], [-50.608241377999946, -23.4555145323103], [-50.60825697199993, -23.455469635310344], [-50.60833494099995, -23.455245148310322], [-50.608339010999934, -23.45523651731032], [-50.60834481299998, -23.455228941310338], [-50.60835208499998, -23.45522276231031], [-50.60836049799997, -23.455218258310307], [-50.60836967199998, -23.455215633310335], [-50.60923544999998, -23.45506502331034], [-50.609247769999975, -23.455064597310354], [-50.61141996799994, -23.45528935631034], [-50.61275120599999, -23.455128713310337], [-50.61275413699997, -23.45512845731032], [-50.61289045699993, -23.45512100931035], [-50.612899253999956, -23.455121392310332], [-50.61290780599996, -23.45512348531032], [-50.61291578699996, -23.455127206310358], [-50.61292288799996, -23.45513241231032], [-50.61292883599998, -23.45513890431033], [-50.61293340499998, -23.455146431310315], [-50.612936415999975, -23.45515470531036], [-50.61293775599995, -23.45516340731036]]], [[[-50.614655888999955, -23.46839720831001], [-50.614572156999934, -23.468988563310038], [-50.61457007399997, -23.468997118310018], [-50.614566361999955, -23.46900510231004], [-50.61456116399996, -23.469012209310026], [-50.61455467899999, -23.46901816531003], [-50.61454715599996, -23.469022742310052], [-50.61453888599994, -23.469025763310047], [-50.614530184999985, -23.46902711231004], [-50.61452138799996, -23.469026738310035], [-50.614512832999935, -23.46902465531], [-50.61450484799997, -23.469020943310024], [-50.614497741999976, -23.469015745310028], [-50.614491785999974, -23.469009260310003], [-50.61448720899995, -23.469001738310038], [-50.614484187999956, -23.468993467310018], [-50.61448283899995, -23.468984766310008], [-50.614483212999964, -23.468975969310044], [-50.61456684299997, -23.46838533431003], [-50.614619095999956, -23.46790460031003], [-50.61462209299998, -23.46789265531004], [-50.614943936999964, -23.46709458731006], [-50.614947761999986, -23.46708717431007], [-50.615115224999954, -23.46682551231007], [-50.61512067599995, -23.46681859731009], [-50.615127369999975, -23.466812878310094], [-50.615135051999964, -23.46680857531007], [-50.61514342599998, -23.466805853310092], [-50.61515216999993, -23.46680481731008], [-50.61516094799998, -23.466805507310056], [-50.61516942299994, -23.46680789631009], [-50.61517726799997, -23.46681189331005], [-50.615184183999986, -23.466817343310062], [-50.61518990299999, -23.46682403831008], [-50.615194205999956, -23.46683172031007], [-50.61519692799993, -23.466840094310072], [-50.61519796299996, -23.466848838310085], [-50.61519727299998, -23.46685761631007], [-50.61519488399994, -23.466866090310045], [-50.61519088799997, -23.46687393631007], [-50.61502568199995, -23.467132069310054], [-50.614707729999964, -23.46792048731004], [-50.614656069999974, -23.468395764310053], [-50.614655888999955, -23.46839720831001]]], [[[-50.62618014699996, -23.476173635309845], [-50.62647172099997, -23.475598194309892], [-50.626476450999974, -23.47559076830987], [-50.62648253999999, -23.475584407309892], [-50.626489751999934, -23.475579356309883], [-50.62649781099998, -23.475575809309877], [-50.626506406999965, -23.475573903309847], [-50.62651520999997, -23.475573710309906], [-50.62652388199996, -23.475575239309876], [-50.626532087999976, -23.47557842930985], [-50.62653951499994, -23.4755831603099], [-50.62654587499998, -23.475589248309863], [-50.626550925999936, -23.47559646030988], [-50.62655447299994, -23.4756045203099], [-50.626556378999965, -23.47561311630989], [-50.62655657199997, -23.475621919309894], [-50.62655504399998, -23.475630590309887], [-50.62655185299996, -23.475638797309905], [-50.62625486699994, -23.476224919309843], [-50.62625075599993, -23.476231537309886], [-50.62624556299994, -23.476237345309855], [-50.626239443999964, -23.476242169309895], [-50.625904516999974, -23.476461965309834], [-50.62589585799998, -23.476466389309838], [-50.62588644899995, -23.47646884530984], [-50.62587673199994, -23.476469219309852], [-50.62586716199996, -23.476467492309872], [-50.625547934999986, -23.47637329430988], [-50.62554266899998, -23.476371376309864], [-50.62508737799993, -23.476172513309834], [-50.62508137599996, -23.47616933130984], [-50.62507592399999, -23.476165281309857], [-50.62464432199994, -23.475790879309887], [-50.62427232699997, -23.475561568309903], [-50.62337565099995, -23.475385342309888], [-50.62280376099994, -23.475291450309903], [-50.62279525399998, -23.475289179309875], [-50.62278735399997, -23.47528529230989], [-50.62278036299995, -23.47527993830989], [-50.62277455199995, -23.475273323309874], [-50.62277014299996, -23.47526570230986], [-50.622767304999975, -23.47525736630991], [-50.62276614799998, -23.475248638309896], [-50.622766715999944, -23.47523985130989], [-50.62276898699997, -23.475231344309865], [-50.62277287399997, -23.475223444309922], [-50.62277822799996, -23.475216453309894], [-50.622784842999984, -23.4752106423099], [-50.62279246399999, -23.475206232309866], [-50.62280079899995, -23.47520339530991], [-50.62280952799995, -23.47520223730988], [-50.62281831499996, -23.475202805309905], [-50.623390898999965, -23.47529681230987], [-50.623392283999976, -23.475297061309906], [-50.624297632999976, -23.475474991309856], [-50.62430534899994, -23.4754772403099], [-50.62431254099994, -23.4754808293099], [-50.62469456699995, -23.47571632430988], [-50.624700429999955, -23.47572063030987], [-50.62512961299996, -23.476092934309847], [-50.625576051999985, -23.476287930309844], [-50.625872627999975, -23.476375444309884], [-50.62618014699996, -23.476173635309845]]], [[[-50.625039234999974, -23.471399081309965], [-50.62534002799998, -23.471278764309982], [-50.62534848399998, -23.471276311309957], [-50.62535725699997, -23.471275554310004], [-50.62536600799996, -23.47127652430997], [-50.62537440199998, -23.47127918330999], [-50.625382116999965, -23.47128342831001], [-50.625388853999944, -23.471289096309974], [-50.62539435699995, -23.471295970309967], [-50.62539841299997, -23.471303786309978], [-50.62540086599994, -23.47131224230996], [-50.62540162199998, -23.471321014309975], [-50.62540065199994, -23.471329766309946], [-50.62539799299998, -23.47133816030997], [-50.62539374799997, -23.47134587430996], [-50.62538807999993, -23.471352612309985], [-50.625381205999986, -23.47135811430995], [-50.62537339099998, -23.471362170309956], [-50.625079364999976, -23.47147978030998], [-50.624564077999935, -23.471915792309932], [-50.62386273699997, -23.47254699930996], [-50.623856959999955, -23.472551407309943], [-50.62385054899995, -23.472554826309935], [-50.62354975499994, -23.47268517030995], [-50.62354119799994, -23.472687900309957], [-50.62353226799997, -23.47268887230997], [-50.62352332299997, -23.47268804730994], [-50.62316237199997, -23.47261786230997], [-50.62315281499997, -23.47261486730992], [-50.62281191599993, -23.47246447030996], [-50.62280451399994, -23.47246032930993], [-50.622798022999966, -23.472454871309953], [-50.62279267299993, -23.47244829030998], [-50.62269240899997, -23.472297894309925], [-50.62269217399996, -23.472297538309945], [-50.622371327999986, -23.471806243309942], [-50.62236668899993, -23.47179693930994], [-50.622236344999976, -23.471435987309956], [-50.62223607799996, -23.47143522430995], [-50.622088489999946, -23.47100230130996], [-50.621592852999974, -23.470427361309994], [-50.621589616999984, -23.47042312431001], [-50.62125874499998, -23.469931828310006], [-50.621254918999966, -23.46992489931002], [-50.62125236899993, -23.46991740631002], [-50.62113981999994, -23.46945708331001], [-50.621021560999964, -23.469344244310005], [-50.62101680699993, -23.46933892531003], [-50.620762885999966, -23.46900480331002], [-50.620247189999986, -23.46859893831002], [-50.620241273999966, -23.468593343310026], [-50.61877548199994, -23.466930393310086], [-50.61804569999998, -23.46653407031008], [-50.61792311099999, -23.466527846310083], [-50.61791650099997, -23.4665270163101], [-50.61791008599994, -23.46652521731009], [-50.61773621399993, -23.466462210310095], [-50.61772994499995, -23.4664593773101], [-50.61772418099997, -23.46645562131009], [-50.61758053999994, -23.466345447310108], [-50.617577402999984, -23.46634280431007], [-50.617098127999945, -23.465900181310076], [-50.61709227599994, -23.46589360231007], [-50.61708781999994, -23.46588600831011], [-50.61708493199995, -23.465877690310077], [-50.61708372099997, -23.46586896931011], [-50.617084234999936, -23.46586017931007], [-50.617086454999935, -23.465851658310097], [-50.617090293999965, -23.465843734310113], [-50.617095604999975, -23.46583671131007], [-50.617102183999975, -23.46583085931012], [-50.617109777999985, -23.46582640331007], [-50.617118095999956, -23.465823515310092], [-50.61712681699999, -23.465822304310105], [-50.617135606999966, -23.465822819310112], [-50.61714412799994, -23.465825038310122], [-50.617152051999945, -23.46582887731011], [-50.61715907499996, -23.465834188310108], [-50.61763684099997, -23.466275418310076], [-50.61777334499993, -23.466380117310095], [-50.61793437499995, -23.46643847131006], [-50.61806044499997, -23.46644487131009], [-50.618070326999934, -23.466446490310066], [-50.618079603999945, -23.466450258310076], [-50.61882534799997, -23.466855251310072], [-50.61883190799995, -23.466859597310044], [-50.61883760799998, -23.466865022310085], [-50.62030595999994, -23.468530876310062], [-50.62082295299996, -23.468937762309995], [-50.62083093599995, -23.468945880310038], [-50.62108616399997, -23.469281722309997], [-50.62120631799996, -23.469396370310015], [-50.62136243599997, -23.469472839310036], [-50.62136814799993, -23.469476180310007], [-50.621519241999984, -23.469580202310027], [-50.62246187599993, -23.469521287310016], [-50.62313939799998, -23.46934194331001], [-50.62314861999994, -23.469340505310036], [-50.62394070899996, -23.46930039931001], [-50.623949503999945, -23.46930081831002], [-50.62395804899995, -23.46930294531004], [-50.62396601399996, -23.469306697310035], [-50.62397309399996, -23.469311932310035], [-50.623979016999954, -23.469318447310027], [-50.62398355499994, -23.469325993310036], [-50.623986533999975, -23.46933427831001], [-50.62398783899994, -23.469342986310007], [-50.623987419999935, -23.469351781309996], [-50.62398529399996, -23.469360326310007], [-50.62398154099998, -23.469368291310015], [-50.623976305999975, -23.469375371309997], [-50.62396979099998, -23.469381294310015], [-50.623962245999955, -23.46938583231], [-50.62395395999993, -23.469388811310044], [-50.62394525199994, -23.46939011630999], [-50.62315784899994, -23.469429984310043], [-50.622480586999984, -23.469609260310015], [-50.62247189499993, -23.46961066731003], [-50.62150935699998, -23.469670826310015], [-50.621499426999954, -23.469670344309993], [-50.62148984699997, -23.469667690309976], [-50.62148108499998, -23.469662994310024], [-50.62131994099997, -23.469552053310018], [-50.62124675299998, -23.469516204309993], [-50.62133772799996, -23.469888291310003], [-50.62166263499995, -23.470370729309995], [-50.62216221399996, -23.470950240310003], [-50.62216717299998, -23.470957250309983], [-50.62217070799994, -23.470965075309998], [-50.62232097399994, -23.471405856309993], [-50.62244940299996, -23.471761506309935], [-50.622767270999994, -23.47224824130997], [-50.622860154999955, -23.472387566309923], [-50.62318446399996, -23.47253064430994], [-50.62352680799995, -23.47259721130997], [-50.62380809699994, -23.472475319309943], [-50.62450449399996, -23.471848562309987], [-50.62450552799998, -23.47184766030999], [-50.625026902999934, -23.47140649630999], [-50.62503276999996, -23.47140229130995], [-50.625039234999974, -23.471399081309965]]]]}, "properties": {"objectid": 8648932, "cod_tema": "RIO_ATE_10", "nom_tema": "Curso d'agua natural de ate 10 metros", "cod_imovel": "PR-4124301-50D0057553254AEB9743B22AD9A8B54B", "ind_status": "AT", "des_condic": "Aguardando analise, apos revisao ou atendimento da notificacao", "Shape__Area": 5.619800570503598e-06, "Shape__Length": 0.1255666035347749}}, {"type": "Feature", "id": 8651356, "geometry": {"type": "Polygon", "coordinates": [[[-50.63255741499995, -23.50763104230916], [-50.63255841899996, -23.50787567230914], [-50.632558253999946, -23.50787742530914], [-50.63255774899994, -23.507879112309137], [-50.63255692599995, -23.507880669309163], [-50.63255581399994, -23.50788203530916], [-50.63255445699997, -23.507883157309166], [-50.63255290799997, -23.507883994309125], [-50.63255122499998, -23.50788451230917], [-50.63254947299998, -23.507884692309137], [-50.632547719999934, -23.50788452630913], [-50.63254603199994, -23.507884022309174], [-50.63254447599996, -23.50788319830913], [-50.63254310999997, -23.507882087309167], [-50.63254198699997, -23.507880730309147], [-50.632541150999934, -23.507879181309157], [-50.632540632999955, -23.507877497309167], [-50.63254045299993, -23.50787574630916], [-50.63253944999996, -23.50763138730914], [-50.632482925999966, -23.506756738309193], [-50.63221849699994, -23.506306706309196], [-50.63159217899994, -23.506294629309192], [-50.631590915999936, -23.5062945153092], [-50.630051794999986, -23.506045173309193], [-50.63004998099996, -23.506044680309177], [-50.628511414999934, -23.50544753530922], [-50.628509848999954, -23.505446743309232], [-50.62850846599997, -23.505445662309178], [-50.62756117799995, -23.504542390309243], [-50.62756012999995, -23.50454119830923], [-50.62755930899994, -23.504539839309224], [-50.62724166399994, -23.503891051309257], [-50.62683025899997, -23.503491415309263], [-50.62612051499997, -23.503110089309256], [-50.624987619999956, -23.50263849030929], [-50.623578985999984, -23.502062548309283], [-50.62248822999994, -23.501677182309304], [-50.621623872999976, -23.501553761309296], [-50.62162157399996, -23.501553111309295], [-50.62069925399993, -23.5011538193093], [-50.62069702699995, -23.50115243830931], [-50.62016660599994, -23.500704494309343], [-50.62016546999996, -23.500703345309326], [-50.62016455899994, -23.500702011309336], [-50.620163900999955, -23.500700536309303], [-50.62016351799997, -23.500698966309315], [-50.61996757499997, -23.499394943309344], [-50.619529883999974, -23.498276295309385], [-50.61952945799993, -23.498274867309366], [-50.61934382599998, -23.497390387309363], [-50.619078480999974, -23.49625555330942], [-50.618802278999965, -23.495698810309424], [-50.61869150199993, -23.49550669130941], [-50.61811539699994, -23.49468512030947], [-50.61811460899998, -23.494683754309477], [-50.61811407099999, -23.494682271309472], [-50.618113800999936, -23.494680717309414], [-50.61804697799994, -23.493887743309465], [-50.61804706399994, -23.493885541309435], [-50.618269331999954, -23.49252479130952], [-50.61807097899998, -23.491986340309534], [-50.61807062199994, -23.49198510030951], [-50.61784159699994, -23.490906483309523], [-50.61784143999995, -23.490905444309533], [-50.61776150299994, -23.490039912309573], [-50.61745743699999, -23.489406013309548], [-50.617456834999984, -23.48940435830955], [-50.61745656699997, -23.489402617309544], [-50.61745664299997, -23.48940085830955], [-50.61745706199997, -23.48939914830957], [-50.61745780599995, -23.489397552309555], [-50.617458846999966, -23.489396131309576], [-50.617460145999985, -23.48939494230959], [-50.617461650999985, -23.4893940283096], [-50.617463305999934, -23.489393426309594], [-50.61746504699994, -23.489393158309586], [-50.61746680599998, -23.489393235309567], [-50.61746851599998, -23.489393653309577], [-50.61747011199997, -23.48939439730955], [-50.61747153299996, -23.489395439309565], [-50.617472721999945, -23.48939673730959], [-50.617473635999936, -23.4893982423096], [-50.61777839999997, -23.49003359630957], [-50.61777895899997, -23.490035087309558], [-50.617779244999944, -23.490036655309574], [-50.617859280999944, -23.490903267309523], [-50.61808806199998, -23.491980736309497], [-50.61828700899998, -23.492520799309503], [-50.618287414999934, -23.492522285309484], [-50.61828756199998, -23.49252381730948], [-50.61828744499996, -23.492525353309492], [-50.618064973999935, -23.493887341309446], [-50.61813149999995, -23.49467679130945], [-50.61870643999999, -23.49549670230944], [-50.61870686699996, -23.49549737230945], [-50.618817982999985, -23.495690079309437], [-50.61881824899996, -23.49569057430944], [-50.619095037999955, -23.496248501309424], [-50.619095737999935, -23.496250448309404], [-50.61936134299998, -23.497386396309388], [-50.61936138799996, -23.497386596309376], [-50.619546887999945, -23.498270445309355], [-50.61998467399997, -23.49938933630936], [-50.619985191999945, -23.49939127530936], [-50.62018078199998, -23.50069295130931], [-50.620707606999986, -23.50113785730929], [-50.62162760599995, -23.501536145309316], [-50.62249165199995, -23.501659522309286], [-50.62249337499997, -23.501659945309296], [-50.62358517599995, -23.502045680309305], [-50.623585582999965, -23.502045835309314], [-50.62499444599996, -23.502621871309273], [-50.62499449899997, -23.50262189230928], [-50.626127827999944, -23.503093672309266], [-50.62612862799995, -23.503094052309233], [-50.62683986899999, -23.503476182309267], [-50.62684187599996, -23.503477652309247], [-50.62725530299997, -23.503879254309254], [-50.627256315999944, -23.50388042230923], [-50.62725711199994, -23.50388174730926], [-50.62757473899995, -23.504530496309233], [-50.62851957599997, -23.505431430309226], [-50.63005560099998, -23.506027589309213], [-50.63159316099996, -23.506276679309153], [-50.63222386899997, -23.506288840309185], [-50.63222568599997, -23.50628906230917], [-50.632227419999936, -23.50628964730918], [-50.63222899899995, -23.50629057130919], [-50.63223035799996, -23.506291796309192], [-50.63223144099993, -23.506293271309175], [-50.63249949799996, -23.506749477309196], [-50.63250034099997, -23.50675139230917], [-50.63250071799996, -23.50675344930918], [-50.63255739699997, -23.507630500309133], [-50.63255741499995, -23.50763104230916]]]}, "properties": {"objectid": 8651356, "cod_tema": "RIO_ATE_10", "nom_tema": "Curso d'agua natural de ate 10 metros", "cod_imovel": "PR-4124301-E170B09A3A164412AFD0A97B65B2D339", "ind_status": "AT", "des_condic": "Em analise", "Shape__Area": 4.900758679581876e-07, "Shape__Length": 0.05458240427784319}}, {"type": "Feature", "id": 8655723, "geometry": {"type": "MultiPolygon", "coordinates": [[[[-50.64946576899997, -23.498230876309382], [-50.64948295299996, -23.49823137930935], [-50.64947180899998, -23.49823803030939], [-50.648762998999985, -23.49884562630938], [-50.64844073099994, -23.499237485309358], [-50.64823626899994, -23.499894138309312], [-50.64808042599998, -23.500609607309304], [-50.647894776999976, -23.502005868309283], [-50.64790777899998, -23.502386909309248], [-50.64781599399999, -23.502689837309294], [-50.647863487999984, -23.50323773730925], [-50.64786562099994, -23.50479209930924], [-50.64784680199994, -23.5047898883092], [-50.647853694999974, -23.503238106309258], [-50.64780609099994, -23.50268895430925], [-50.64789794199999, -23.502385810309278], [-50.64788496399996, -23.5020054583093], [-50.64807074999993, -23.500608165309302], [-50.64822674499993, -23.499891998309327], [-50.648431821999964, -23.499233370309344], [-50.64875570899994, -23.498839543309362], [-50.64946576899997, -23.498230876309382]]], [[[-50.63213930699994, -23.496677717309392], [-50.63067198699997, -23.49565948930945], [-50.628753535999984, -23.493841396309495], [-50.62752937699997, -23.493056450309496], [-50.627354070999964, -23.491920963309532], [-50.62735675099998, -23.491906283309543], [-50.627533923999984, -23.4930538653095], [-50.62875671699994, -23.49383793530949], [-50.63067523299998, -23.495656090309424], [-50.632142657999964, -23.496674390309398], [-50.63340044499995, -23.498001375309354], [-50.633398177999936, -23.498005846309365], [-50.63213930699994, -23.496677717309392]]]]}, "properties": {"objectid": 8655723, "cod_tema": "RIO_ATE_10", "nom_tema": "Curso d'agua natural de ate 10 metros", "cod_imovel": "PR-4124301-958F6FEC6F9940389520FA03A7522DAF", "ind_status": "AT", "des_condic": "Aguardando analise", "Shape__Area": 1.1742389836668363e-07, "Shape__Length": 0.0319520983344293}}, {"type": "Feature", "id": 8655724, "geometry": {"type": "MultiPolygon", "coordinates": [[[[-50.64338113499997, -23.497792471309385], [-50.64341478999995, -23.497594133309377], [-50.643354244999955, -23.497527856309404], [-50.643155639999975, -23.49748161330941], [-50.64313944999998, -23.497344211309407], [-50.64321160999997, -23.49719683630938], [-50.643305726999984, -23.497095300309383], [-50.64349915399998, -23.497014342309374], [-50.64356470299998, -23.49675693530938], [-50.643698076999954, -23.496602931309425], [-50.64387084699996, -23.496449017309416], [-50.644072808999965, -23.49642678630942], [-50.64428446199997, -23.496463577309434], [-50.64439755199999, -23.496527375309416], [-50.64450302599993, -23.49664208930943], [-50.64427418499997, -23.49825239530937], [-50.64409183899994, -23.49831811730934], [-50.643942504999984, -23.49842461530938], [-50.643837536999975, -23.49845490130934], [-50.643666148999955, -23.498551173309348], [-50.64346196799994, -23.498525268309372], [-50.64326352499995, -23.498417974309348], [-50.64312575099996, -23.498331170309378], [-50.643142626999975, -23.498214194309362], [-50.64319821399994, -23.498071869309356], [-50.64338113499997, -23.497792471309385]]], [[[-50.648229872999934, -23.49992350330935], [-50.64831404099994, -23.499953183309312], [-50.64835042899994, -23.499982840309332], [-50.648357586999964, -23.500033941309333], [-50.648351413999926, -23.500161639309304], [-50.64832050299998, -23.50026642830932], [-50.648254393999935, -23.500479180309313], [-50.64823367199995, -23.5005920573093], [-50.64818955099997, -23.500727736309333], [-50.64814093499996, -23.5009077673093], [-50.64804547699998, -23.501149532309284], [-50.64800787899998, -23.501155237309312], [-50.64808042599998, -23.500609607309304], [-50.648229872999934, -23.49992350330935]]], [[[-50.647844599999985, -23.500453084309303], [-50.64784488199996, -23.500346882309334], [-50.647820243999945, -23.50028633130933], [-50.64782481699996, -23.50021240330933], [-50.64789205999994, -23.50015878130933], [-50.647982637999974, -23.500106557309344], [-50.64807021599995, -23.500085246309332], [-50.64809514999996, -23.50003421730931], [-50.648071967999954, -23.49997501430933], [-50.648080790999984, -23.499948147309304], [-50.64821919899998, -23.499926642309358], [-50.64807074999993, -23.500608165309302], [-50.64799819199993, -23.501153877309317], [-50.64794338199994, -23.501143924309297], [-50.647934979999945, -23.5010121603093], [-50.647881575999975, -23.500791124309337], [-50.64783826799993, -23.50062029530932], [-50.647844599999985, -23.500453084309303]]], [[[-50.642353114999935, -23.497634789309384], [-50.64231976699995, -23.497539868309406], [-50.64232849199993, -23.497419879309373], [-50.64235829199998, -23.497272841309407], [-50.64239849899997, -23.49716066730938], [-50.642499611999945, -23.497048634309383], [-50.642573234999986, -23.49700621930939], [-50.642678124999975, -23.497050979309424], [-50.642774890999924, -23.49699313230938], [-50.642837678999975, -23.497074572309398], [-50.64284593899998, -23.497126853309364], [-50.64280371099994, -23.49720998730939], [-50.64279714899993, -23.4973067533094], [-50.64280944799998, -23.497419047309414], [-50.64281737399995, -23.4975952063094], [-50.642785572999976, -23.497705463309405], [-50.64269936999994, -23.497740107309387], [-50.642583867999974, -23.497735971309353], [-50.64241801299995, -23.49771236330936], [-50.642353114999935, -23.497634789309384]]], [[[-50.64183175599993, -23.49878608330936], [-50.64177152399998, -23.49871956230935], [-50.641669394999944, -23.498680782309343], [-50.641620786999965, -23.498612147309363], [-50.64160025799999, -23.49847076930938], [-50.64163762499994, -23.49840019030938], [-50.64174686299997, -23.498387593309367], [-50.64187926199998, -23.49840288730934], [-50.641985939999984, -23.498478080309376], [-50.64224333799996, -23.498667112309356], [-50.64248890599999, -23.498935347309377], [-50.64259982699997, -23.499160445309354], [-50.64262494699994, -23.499323246309338], [-50.64255962899995, -23.499419458309355], [-50.64242943199997, -23.49944913930936], [-50.64225986799995, -23.499429477309352], [-50.642192647999934, -23.499369364309334], [-50.642027939999934, -23.49927262430934], [-50.64188657099999, -23.499137393309347], [-50.64188445599995, -23.49906029930933], [-50.64186398899995, -23.49889536730938], [-50.64183175599993, -23.49878608330936]]], [[[-50.64249395499996, -23.498315160309346], [-50.642442604999985, -23.498150138309377], [-50.64239831199995, -23.497987302309372], [-50.64235377899996, -23.497913427309367], [-50.64238926399997, -23.49785058530939], [-50.64283661899998, -23.4978385923094], [-50.642914031999965, -23.498056707309395], [-50.64289486999997, -23.498178171309352], [-50.64291795699995, -23.498347467309376], [-50.64292932499995, -23.498497209309402], [-50.64298083399996, -23.49860364730938], [-50.643117115999985, -23.498703769309373], [-50.643397112999935, -23.498767334309374], [-50.64356189799997, -23.498774220309365], [-50.64384649799996, -23.49887685130937], [-50.64357076099998, -23.498980371309347], [-50.64336106199994, -23.49904064530937], [-50.64316802399997, -23.499033694309375], [-50.64298925199995, -23.49897470030935], [-50.642829158999966, -23.498867495309344], [-50.642652801999986, -23.498786809309355], [-50.642606211999976, -23.498602270309387], [-50.64262321999996, -23.49839790830936], [-50.64249395499996, -23.498315160309346]]], [[[-50.647609273999926, -23.50524319130922], [-50.64769581599995, -23.50496814530922], [-50.647688924999954, -23.504887932309224], [-50.647686378999936, -23.504843736309198], [-50.64777617799996, -23.504801385309207], [-50.64784680199994, -23.5047898883092], [-50.64786562099994, -23.50479209930924], [-50.64794910099994, -23.504803537309243], [-50.64798041399996, -23.504849960309194], [-50.648031824999975, -23.505034451309225], [-50.64805674299998, -23.50512141930923], [-50.64800751999996, -23.50525009730923], [-50.647947278999936, -23.505325580309233], [-50.647848883999984, -23.50544893230922], [-50.647824499999956, -23.50558720530923], [-50.64789237499997, -23.505651912309208], [-50.64790788099998, -23.505841918309223], [-50.64787554499998, -23.505959886309203], [-50.64778327099998, -23.506038986309186], [-50.64769128299997, -23.506011112309185], [-50.64764142499996, -23.50594460130918], [-50.64762575999999, -23.505816832309232], [-50.64762608799998, -23.505693259309176], [-50.64761678399998, -23.505429491309215], [-50.647609273999926, -23.50524319130922]]], [[[-50.64583536299995, -23.4973468453094], [-50.64593220899996, -23.497237436309394], [-50.64722760199999, -23.497145133309385], [-50.64722126299994, -23.497199042309404], [-50.64722268599996, -23.497207978309376], [-50.64711605599996, -23.497339846309412], [-50.64693079699998, -23.497385580309377], [-50.646810654999975, -23.497481809309388], [-50.646650945999966, -23.497563056309406], [-50.64660373099997, -23.49762728430938], [-50.64660664699994, -23.49767204530935], [-50.64655489899997, -23.497729269309403], [-50.64653643499998, -23.497824331309367], [-50.64653988299994, -23.497959286309374], [-50.646615734999955, -23.498118727309368], [-50.646644197999926, -23.498188401309406], [-50.646646431999955, -23.498244424309355], [-50.64668919999997, -23.498296147309357], [-50.64666523799997, -23.498343324309364], [-50.64656740799995, -23.498380448309373], [-50.64644823199996, -23.49837798130938], [-50.64642447399996, -23.498348270309354], [-50.646436473999984, -23.49831754130935], [-50.646398499999975, -23.49825594430939], [-50.64628544999994, -23.498190882309363], [-50.646220201999945, -23.49807759730937], [-50.64617765099996, -23.49794459330935], [-50.64601448399998, -23.497811451309374], [-50.64590927799997, -23.4976843883094], [-50.645813345999954, -23.497586898309375], [-50.64576146199994, -23.497504283309368], [-50.645776325999975, -23.49744152130941], [-50.64583536299995, -23.4973468453094]]]]}, "properties": {"objectid": 8655724, "cod_tema": "RESERVATORIO_ARTIFICIAL_DECORRENTE_BARRAMENTO", "nom_tema": "Reservatorio artificial decorrente de barramento ou represamento de cursos d'agua naturais", "cod_imovel": "PR-4124301-958F6FEC6F9940389520FA03A7522DAF", "ind_status": "AT", "des_condic": "Aguardando analise", "Shape__Area": 5.041789401583592e-06, "Shape__Length": 0.029014937795701655}}, {"type": "Feature", "id": 8655792, "geometry": {"type": "Polygon", "coordinates": [[[-50.64804201299995, -23.49081734430957], [-50.64763050199997, -23.490575664309517], [-50.647556243999986, -23.49039062930957], [-50.64740911399997, -23.49007859130956], [-50.647064600999954, -23.489728460309586], [-50.64654298299996, -23.489117066309557], [-50.646420611999986, -23.48871112230961], [-50.64644642799993, -23.488372422309563], [-50.64648070299995, -23.488088292309616], [-50.64661786099998, -23.487864498309595], [-50.646688394999956, -23.487457885309617], [-50.64662696899995, -23.48683968430962], [-50.646527134999985, -23.486330563309636], [-50.64636558599994, -23.485474540309678], [-50.64608136999993, -23.484555440309663], [-50.64560520799995, -23.48389993130967], [-50.64511572999999, -23.48311853430972], [-50.644419857999935, -23.48257505030973], [-50.64423194199998, -23.482003889309716], [-50.64410296899996, -23.481674451309722], [-50.64371695899996, -23.481255733309744], [-50.64331542299993, -23.480879827309757], [-50.64365553599998, -23.480458420309798], [-50.64401279499998, -23.48011750930977], [-50.64464505299998, -23.479530977309796], [-50.64553733699995, -23.47942981630983], [-50.64639567499995, -23.47999219030978], [-50.646804877999955, -23.47997344130979], [-50.64727100999994, -23.479146446309787], [-50.64707914299999, -23.47749997330983], [-50.646591876999935, -23.47634183030986], [-50.64571170699997, -23.475849219309847], [-50.64472953399997, -23.475559359309912], [-50.64379467099996, -23.475010625309903], [-50.64282852399998, -23.47460578330989], [-50.642203560999974, -23.474258199309897], [-50.64204783799994, -23.473794836309914], [-50.64222136899997, -23.473133222309905], [-50.642145839999955, -23.472257129309938], [-50.64177414799997, -23.47126416430999], [-50.641620583999945, -23.470299333309985], [-50.64170066299994, -23.469607425310038], [-50.64193570299995, -23.469323534310014], [-50.642160202999946, -23.468628607310038], [-50.64228611799995, -23.46777431631006], [-50.64194037699997, -23.46721335431007], [-50.64219653799995, -23.466665997310063], [-50.64290456999999, -23.46585430631011], [-50.644249846999976, -23.46512408831013], [-50.64457523799996, -23.46505345531012], [-50.644730461999984, -23.464818671310137], [-50.64493283599995, -23.464597356310122], [-50.645104765999974, -23.464161283310126], [-50.64520565999993, -23.463948097310123], [-50.64513770999998, -23.463779803310143], [-50.64489988299994, -23.463715568310118], [-50.644587660999946, -23.463707661310124], [-50.64449929999995, -23.463625804310134], [-50.64455068899997, -23.46325316931018], [-50.644478525999936, -23.462975178310156], [-50.64421198399998, -23.462891517310144], [-50.644234504999986, -23.462638994310176], [-50.64423862099994, -23.46251543331017], [-50.644234455999936, -23.46242726531018], [-50.643885901999965, -23.462268390310182], [-50.64386213399995, -23.462127410310217], [-50.64376506199994, -23.46199417731016], [-50.643877693999976, -23.461689873310178], [-50.64376213999998, -23.461668810310226], [-50.643683446999944, -23.461480340310214], [-50.643769390999985, -23.461469230310207], [-50.643646842999935, -23.46126414631019], [-50.643454636999934, -23.461197109310188], [-50.64338227799993, -23.461341112310194], [-50.64321688299998, -23.461192350310213], [-50.64323969499998, -23.461052231310177], [-50.64308587599999, -23.461018889310175], [-50.642969144999945, -23.460710802310174], [-50.64236452899996, -23.46029954231023], [-50.64195445799999, -23.459933983310254], [-50.64175420799995, -23.459673043310215], [-50.641861029999966, -23.459452145310213], [-50.64178478499996, -23.45935862731024], [-50.64140418499995, -23.459453827310217], [-50.641243961999976, -23.459348029310227], [-50.64129433499994, -23.459196678310228], [-50.64127320199999, -23.459086278310256], [-50.641138473999945, -23.459074320310243], [-50.640751489999964, -23.458929471310263], [-50.64085774799997, -23.458852566310252], [-50.640790186999936, -23.458562714310272], [-50.64056114599999, -23.458438402310254], [-50.640564765999954, -23.458233332310268], [-50.64075266299995, -23.45818037931024], [-50.64084579499996, -23.45805135031025], [-50.641067297999946, -23.457889033310263], [-50.64098898499998, -23.45692822531029], [-50.64095464199994, -23.4564574883103], [-50.64095881899994, -23.45644748931031], [-50.64099386799995, -23.456927904310277], [-50.64107237399998, -23.45789108131027], [-50.64084944299998, -23.45805444531026], [-50.64075576699997, -23.45818422631025], [-50.64056960299996, -23.458236691310265], [-50.64056608799996, -23.458435844310248], [-50.640794520999975, -23.458559826310232], [-50.64086317799996, -23.45885437731025], [-50.64076115599994, -23.45892821531024], [-50.64113965299999, -23.459069887310225], [-50.64127737599994, -23.45908211231026], [-50.64129936099994, -23.459196964310223], [-50.64124967599998, -23.459346248310247], [-50.64140514599995, -23.45944890831023], [-50.64178670399997, -23.45935346731025], [-50.64186667599996, -23.45945155631025], [-50.64175981499994, -23.459672534310254], [-50.64195818899998, -23.459931029310223], [-50.64236769699995, -23.460296086310226], [-50.64297326699994, -23.460707995310198], [-50.64308961099994, -23.461015059310213], [-50.64324520599996, -23.461048786310226], [-50.64322209699998, -23.461190732310214], [-50.643380744999945, -23.4613334253102], [-50.64345210899995, -23.46119140031019], [-50.64365026099995, -23.461260510310225], [-50.643777109999974, -23.461472793310215], [-50.64369023099994, -23.461484024310185], [-50.643765737999956, -23.46166486231019], [-50.64388413699999, -23.46168644331018], [-50.643770479999944, -23.46199351731015], [-50.64386680399997, -23.46212572431019], [-50.643890348999946, -23.462265379310185], [-50.644239220999964, -23.462424399310194], [-50.64424351999997, -23.462515404310192], [-50.64423939499994, -23.46263924831017], [-50.64421717599998, -23.46288837631016], [-50.64448265799996, -23.462971704310174], [-50.64455565799995, -23.463252920310133], [-50.64473585099995, -23.46335827731013], [-50.64522288699993, -23.463309151310167], [-50.64531897199998, -23.463148512310166], [-50.645395668999974, -23.462688520310163], [-50.645337352999945, -23.46259601131016], [-50.645409564999966, -23.462489987310178], [-50.64593070899996, -23.462341417310153], [-50.64635505499996, -23.46215661131017], [-50.64693686999994, -23.461621459310184], [-50.64730087899995, -23.46170856931017], [-50.647749866999966, -23.46146068131018], [-50.64777106099996, -23.461325725310175], [-50.64792708499993, -23.461256134310172], [-50.648219663999946, -23.460927411310188], [-50.64822717199997, -23.460874785310228], [-50.64867525899996, -23.461069422310224], [-50.64858391999996, -23.46113500331022], [-50.64860978399998, -23.461204932310217], [-50.64859902499996, -23.46150359531018], [-50.64847902799993, -23.4615668043102], [-50.648393892999934, -23.461840321310177], [-50.648473826999975, -23.46187078731018], [-50.64869501199996, -23.461922811310192], [-50.64875261699996, -23.461982011310187], [-50.64896719499996, -23.46201785031016], [-50.64904672499995, -23.462107441310145], [-50.64919510899995, -23.462267313310193], [-50.64928836999997, -23.46232288231018], [-50.64933131199996, -23.462121628310193], [-50.649168550999946, -23.461962100310206], [-50.649843860999965, -23.462151747310163], [-50.65000401699995, -23.4623078683102], [-50.65010213299997, -23.46236051231018], [-50.650402403999976, -23.462521620310163], [-50.65053825399996, -23.462406966310155], [-50.65080077799996, -23.462318245310154], [-50.651051490999976, -23.462271441310193], [-50.65150143399996, -23.46257279231015], [-50.65199373599995, -23.462822423310175], [-50.652582165999945, -23.46320117131017], [-50.65258987099997, -23.463265074310186], [-50.65253291099998, -23.46329586431016], [-50.65337293399994, -23.46380176331017], [-50.65385020399998, -23.464349520310154], [-50.654040624999936, -23.464609209310098], [-50.65425869999996, -23.464921460310126], [-50.65445895899995, -23.4653654783101], [-50.65434067199993, -23.4658097323101], [-50.65357234399993, -23.46630487231009], [-50.652570528999945, -23.466549319310076], [-50.652369323999956, -23.466801929310098], [-50.65233813699996, -23.46715107831007], [-50.65345792199997, -23.468019381310064], [-50.65364891399997, -23.468252197310054], [-50.653775992999954, -23.469123265310007], [-50.65379747799994, -23.469608874310005], [-50.65379258599995, -23.469609058309995], [-50.65377111099996, -23.46912365931005], [-50.653644232999966, -23.46825397631004], [-50.65345434999995, -23.46802251231004], [-50.65233304999998, -23.46715303331009], [-50.65236455799993, -23.466800284310096], [-50.652567605999934, -23.4665453613101], [-50.65357025299994, -23.46630071131009], [-50.654336356999984, -23.465807004310076], [-50.65445382099994, -23.465365843310114], [-50.65425434799994, -23.464923567310116], [-50.65403653899995, -23.464611698310097], [-50.653846261999945, -23.464352205310117], [-50.65336960599996, -23.463805152310144], [-50.65252360999995, -23.463295656310144], [-50.65258465399995, -23.46326265931014], [-50.65257754499999, -23.46320370431015], [-50.651991148999976, -23.462826265310188], [-50.65149880599994, -23.462576613310148], [-50.651050354999946, -23.462276261310155], [-50.65080211299994, -23.46232260431016], [-50.650540845999956, -23.46241090131015], [-50.65040305399998, -23.462527193310187], [-50.650099671999946, -23.46236441631017], [-50.65000094599998, -23.462311445310167], [-50.64984119599996, -23.462155719310168], [-50.64918472499994, -23.461971364310177], [-50.649336601999956, -23.46212022331016], [-50.64929177899995, -23.46233029031017], [-50.64919185399998, -23.46227075031017], [-50.64904297099997, -23.462110341310186], [-50.64896454999996, -23.462021998310167], [-50.64875009499997, -23.461986180310156], [-50.64869236199996, -23.461926848310185], [-50.648472278999975, -23.4618750843102], [-50.64838797999994, -23.46184295431019], [-50.64847487199995, -23.461563792310226], [-50.648594222999975, -23.46150092431018], [-50.64860486199996, -23.461205608310184], [-50.648578159999936, -23.461133416310172], [-50.64866596099995, -23.4610703753102], [-50.64823115099995, -23.460881506310205], [-50.64822433599995, -23.4609292803102], [-50.64793018499994, -23.46125976831023], [-50.64777553399995, -23.46132874731022], [-50.64775437899993, -23.46146345431018], [-50.64730163399997, -23.461713416310175], [-50.64693834699995, -23.461626478310205], [-50.646357910999946, -23.462160362310183], [-50.645932485999936, -23.4623456383102], [-50.64541274399994, -23.462493807310196], [-50.64534307299993, -23.462596101310186], [-50.64540077099997, -23.462687629310157], [-50.645323677999954, -23.463149991310157], [-50.64522594499994, -23.463313386310173], [-50.64473467899995, -23.463362938310173], [-50.644559542999964, -23.463260539310163], [-50.64450961799997, -23.463622561310153], [-50.64459183999998, -23.46369873031015], [-50.64490141899995, -23.463706570310123], [-50.64514517199995, -23.46377240731014], [-50.645216216999984, -23.46394836531014], [-50.64511386299994, -23.464164637310127], [-50.64494144199995, -23.4646019533101], [-50.64473842999997, -23.46482396631014], [-50.64458146499993, -23.465061382310132], [-50.64425353399997, -23.465132567310107], [-50.64291107699995, -23.46586125431008], [-50.64220499999993, -23.466670703310097], [-50.64195129999996, -23.46721280231004], [-50.64229626599995, -23.467772507310045], [-50.642169803999934, -23.46863051731001], [-50.64194457499997, -23.469327700310004], [-50.641710107999984, -23.469610898310034], [-50.64163045199996, -23.470299153310016], [-50.64178370299993, -23.471262015309986], [-50.64215550299997, -23.472255267309972], [-50.642231253999974, -23.473133943309957], [-50.64205799099994, -23.473794540309935], [-50.64221180999994, -23.474252239309894], [-50.64283309199993, -23.474597776309874], [-50.64379934699997, -23.47500266330987], [-50.64473372299994, -23.47555111230986], [-50.645715794999944, -23.47584094230989], [-50.64659980199997, -23.476335700309885], [-50.647088740999955, -23.47749781930983], [-50.64728106299999, -23.4791481923098], [-50.64681097399995, -23.47998220630981], [-50.64639277199996, -23.480001367309754], [-50.645534761999954, -23.479439209309803], [-50.64464960899995, -23.47953956230978], [-50.64401978799999, -23.480123832309754], [-50.64366301499995, -23.480464280309782], [-50.643328293999964, -23.480879006309753], [-50.643724185999986, -23.481249630309765], [-50.64411157699993, -23.481669846309764], [-50.64424123899994, -23.482001041309747], [-50.64442839099997, -23.48256987830975], [-50.64512335799997, -23.483112655309704], [-50.64561352499992, -23.48389515330972], [-50.646090363999974, -23.484551594309703], [-50.64637514499997, -23.485472521309653], [-50.64653697499995, -23.486330028309606], [-50.646636681999944, -23.486838466309596], [-50.64669825999994, -23.487458191309617], [-50.64662725299997, -23.48786752930961], [-50.64649021399999, -23.48809112830958], [-50.64645618299994, -23.488373239309574], [-50.646430498999955, -23.488710203309605], [-50.64655189199994, -23.489112902309586], [-50.647072084999934, -23.489722625309557], [-50.64741745099997, -23.490073623309534], [-50.647565705999966, -23.49038804630955], [-50.64764219699998, -23.490565404309514], [-50.64804693299993, -23.490809531309537], [-50.64895618299994, -23.4913233463095], [-50.64973105699994, -23.49159754030954], [-50.65090841699998, -23.492087131309486], [-50.65189626399996, -23.49246386030952], [-50.65250654899995, -23.492688016309508], [-50.65282401199994, -23.493125411309514], [-50.65282337599996, -23.49314077330951], [-50.65250010099993, -23.49269537030951], [-50.65189258099997, -23.49247223030951], [-50.65090453199997, -23.492095424309497], [-50.64972728599998, -23.49160588130949], [-50.64896098999997, -23.49133464230953], [-50.64948545899994, -23.493049258309497], [-50.64959736099996, -23.493373773309486], [-50.64967058299993, -23.493782654309474], [-50.64996034599994, -23.49449123330945], [-50.64997566299997, -23.495196268309442], [-50.65009331799996, -23.495979119309425], [-50.65008807799995, -23.495977153309415], [-50.649970766999964, -23.49519635930944], [-50.649955466999984, -23.49449210130948], [-50.64966582999994, -23.49378383030948], [-50.64959258799996, -23.493374831309495], [-50.64948076799994, -23.49305055630947], [-50.64947507899995, -23.49304859330949], [-50.64894943199994, -23.491330125309553], [-50.64804201299995, -23.49081734430957]]]}, "properties": {"objectid": 8655792, "cod_tema": "RIO_ATE_10", "nom_tema": "Curso d'agua natural de ate 10 metros", "cod_imovel": "PR-4124301-8221376F24564481AF601C2A8D83055F", "ind_status": "AT", "des_condic": "Aguardando analise", "Shape__Area": 5.935047746758198e-07, "Shape__Length": 0.15926602927100986}}, {"type": "Feature", "id": 8655793, "geometry": {"type": "Polygon", "coordinates": [[[-50.64155618199993, -23.471579548309954], [-50.64168415299997, -23.47141666730996], [-50.641708447999974, -23.47137492730995], [-50.64191705199994, -23.471364260309983], [-50.64206188299993, -23.471462118309972], [-50.64224926699995, -23.471473694309942], [-50.64234593599997, -23.471496207309976], [-50.64231850599998, -23.471579737309966], [-50.64229399999993, -23.47169949830996], [-50.64232091999997, -23.471805445309965], [-50.64226901399997, -23.471997591309982], [-50.642392048999966, -23.472494931309953], [-50.64247037999996, -23.472592637309972], [-50.642633236999984, -23.47273233230994], [-50.64251785899995, -23.47292154630993], [-50.64241939799996, -23.473621741309938], [-50.64240380399997, -23.47384271030994], [-50.642454605999944, -23.474060169309936], [-50.64256307699997, -23.474191381309904], [-50.642774301999964, -23.4743311873099], [-50.64304353799997, -23.474480431309896], [-50.64342422499994, -23.47455375030992], [-50.643623636999955, -23.474590429309927], [-50.643789692999974, -23.474666043309885], [-50.64402215499996, -23.474778032309885], [-50.64421833599993, -23.474892723309914], [-50.64423595799996, -23.47508502830989], [-50.64422028699994, -23.475328315309866], [-50.644425490999936, -23.475444138309857], [-50.64457322299995, -23.475598538309903], [-50.644557727999945, -23.475710549309905], [-50.64437910099997, -23.475745156309866], [-50.64412872399998, -23.475622034309886], [-50.643886291999934, -23.475369377309917], [-50.643643550999975, -23.475232266309895], [-50.643271263999964, -23.475241919309905], [-50.642932617999975, -23.475454732309856], [-50.64260554499998, -23.475601043309894], [-50.64225600999998, -23.475624752309905], [-50.642026590999926, -23.47569864130986], [-50.64155618199993, -23.471579548309954]]]}, "properties": {"objectid": 8655793, "cod_tema": "RESERVATORIO_ARTIFICIAL_DECORRENTE_BARRAMENTO", "nom_tema": "Reservatorio artificial decorrente de barramento ou represamento de cursos d'agua naturais", "cod_imovel": "PR-4124301-8221376F24564481AF601C2A8D83055F", "ind_status": "AT", "des_condic": "Aguardando analise", "Shape__Area": 4.382983981715103e-06, "Shape__Length": 0.013616944370585233}}, {"type": "Feature", "id": 8672549, "geometry": {"type": "MultiPolygon", "coordinates": [[[[-50.63312565299998, -23.497374059309415], [-50.63312535399996, -23.497373836309375], [-50.63312511999993, -23.497373633309355], [-50.633124991999985, -23.49737350930937], [-50.63283945699993, -23.497087973309394], [-50.63258979899996, -23.496838315309425], [-50.632411544999975, -23.496695713309382], [-50.632411281999964, -23.49669548630941], [-50.632411153999946, -23.496695363309396], [-50.63212585699995, -23.496410065309416], [-50.63184059299993, -23.496196118309395], [-50.63184047399995, -23.496196025309413], [-50.63166217899993, -23.49605338930939], [-50.63155537699998, -23.495982187309433], [-50.631377362999956, -23.49587537930944], [-50.63119927999997, -23.495804146309414], [-50.63119905199994, -23.495804048309427], [-50.631198894999955, -23.49580397330942], [-50.63112751099993, -23.49576828230943], [-50.631127385999946, -23.49576821730944], [-50.631127112999934, -23.495768061309438], [-50.63112697599996, -23.495767973309405], [-50.631020457999966, -23.495696960309434], [-50.63080695399998, -23.495625792309404], [-50.63080673199994, -23.495625712309465], [-50.63080644099995, -23.495625588309405], [-50.63080628299996, -23.49562551430945], [-50.630663648999985, -23.49555419630941], [-50.63048851499997, -23.49547914030945], [-50.630469325999975, -23.495460955309408], [-50.63066791299997, -23.495546063309412], [-50.630668026999956, -23.495546114309445], [-50.63066818399994, -23.495546189309447], [-50.63081062799995, -23.495617412309404], [-50.631024432999936, -23.49568868030941], [-50.63102465399999, -23.495688760309413], [-50.63102494499998, -23.495688883309423], [-50.63102522799994, -23.495689022309424], [-50.63102549999996, -23.495689179309412], [-50.63102563699994, -23.495689267309448], [-50.63113245699998, -23.49576048130945], [-50.631203372999956, -23.49579593830942], [-50.63138163699995, -23.495867245309395], [-50.63138186499997, -23.4958673423094], [-50.631382145999964, -23.49586748130941], [-50.631382358999986, -23.49586760130944], [-50.63156081799996, -23.49597467830944], [-50.63156101699997, -23.49597480130944], [-50.63166809199999, -23.496046186309396], [-50.63166821499993, -23.496046270309417], [-50.63166843199997, -23.49604643530944], [-50.63184683199995, -23.496189155309413], [-50.632132308999985, -23.496403260309403], [-50.63213245699995, -23.496403376309438], [-50.632132690999974, -23.496403579309387], [-50.632132818999935, -23.49640370330939], [-50.63241816899994, -23.49668905530943], [-50.63259642199995, -23.49683165730941], [-50.63259668499995, -23.496831883309415], [-50.632596812999964, -23.496832007309404], [-50.63284665699996, -23.4970818503094], [-50.63313188899997, -23.497367082309406], [-50.63356894699996, -23.4976696603094], [-50.633564701999944, -23.49767801630937], [-50.63312565299998, -23.497374059309415]]], [[[-50.624668749999955, -23.489379975309568], [-50.62463391599994, -23.489379975309568], [-50.624633582999934, -23.48937996430957], [-50.62463326399996, -23.489379935309582], [-50.62463294899993, -23.489379886309543], [-50.624632636999934, -23.489379818309576], [-50.62463232999994, -23.48937973230958], [-50.62463203099998, -23.489379626309564], [-50.624631738999945, -23.489379504309543], [-50.624631455999975, -23.489379364309553], [-50.624631184999934, -23.489379207309554], [-50.624630923999966, -23.489379034309575], [-50.62463067799996, -23.489378846309574], [-50.62463044399994, -23.489378644309543], [-50.62463022599997, -23.489378429309543], [-50.624630022999945, -23.489378199309588], [-50.624629837999976, -23.489377958309575], [-50.624629668999944, -23.48937770630957], [-50.62462951899994, -23.48937744630959], [-50.62462938799996, -23.48937717530956], [-50.62462927499996, -23.489376899309573], [-50.62462918299997, -23.489376616309567], [-50.62462911099993, -23.489376328309596], [-50.62462905999997, -23.489376036309547], [-50.62462902899995, -23.4893757423096], [-50.62462901899993, -23.48937545830958], [-50.62462901899995, -23.489344283309578], [-50.62452683999993, -23.489344282309595], [-50.62452650799997, -23.489344271309598], [-50.62452618799995, -23.489344243309557], [-50.62452587199994, -23.48934419330957], [-50.624525560999984, -23.489344126309597], [-50.62452525499998, -23.489344039309547], [-50.62452495499997, -23.48934393530956], [-50.62452466399998, -23.489343811309578], [-50.62452450699994, -23.489343736309575], [-50.624453623999955, -23.489308295309552], [-50.62431140899997, -23.48927274130958], [-50.62431102499994, -23.48927263130955], [-50.624203948999934, -23.489236939309563], [-50.624203727999934, -23.489236859309568], [-50.62420343599996, -23.489236737309554], [-50.624203153999986, -23.48923659730955], [-50.624202880999974, -23.489236439309565], [-50.624202621999984, -23.48923626630958], [-50.62420237499998, -23.489236078309574], [-50.624202140999955, -23.489235877309547], [-50.62420201299994, -23.489235751309575], [-50.62416777699997, -23.489201515309595], [-50.62406284599996, -23.489201515309595], [-50.624062512999956, -23.489201504309605], [-50.624062192999986, -23.489201474309585], [-50.624061877999964, -23.489201426309577], [-50.62406156499998, -23.4892013593096], [-50.62406125999996, -23.489201272309547], [-50.62406095999995, -23.489201167309584], [-50.62406066899996, -23.48920104330959], [-50.62406051199997, -23.489200969309568], [-50.62391824599995, -23.489129836309562], [-50.62377602999993, -23.48909428130956], [-50.62377572499997, -23.489094195309566], [-50.62377542499996, -23.48909409130958], [-50.62377513399997, -23.48909396830957], [-50.62377497699998, -23.489093893309573], [-50.623774732999955, -23.489093771309555], [-50.62378450499994, -23.489087042309542], [-50.62392135799996, -23.48912125630958], [-50.623921663999965, -23.48912134230958], [-50.623921962999994, -23.489121448309607], [-50.62392225499997, -23.489121570309557], [-50.62392241099997, -23.489121644309574], [-50.62406408799995, -23.489192482309573], [-50.624169920999975, -23.489192482309573], [-50.62417025399998, -23.489192494309556], [-50.62417057399994, -23.48919252330959], [-50.62417088799998, -23.48919257130961], [-50.62417120099997, -23.489192640309547], [-50.624171506999964, -23.48919272530956], [-50.62417180699999, -23.489192832309566], [-50.624172097999974, -23.489192953309594], [-50.624172380999944, -23.489193093309584], [-50.62417265299996, -23.48919325030958], [-50.62417291299994, -23.489193422309583], [-50.62417315999995, -23.48919361230956], [-50.62417339299997, -23.489193814309584], [-50.62417352099993, -23.489193937309587], [-50.624208400999976, -23.489228818309574], [-50.62431416399994, -23.489264072309577], [-50.624456736999946, -23.489299716309553], [-50.62445704299995, -23.489299801309564], [-50.62445734199997, -23.489299907309572], [-50.62445763399995, -23.489300029309597], [-50.62445778999995, -23.489300104309542], [-50.62452808199998, -23.489335250309566], [-50.62463391599994, -23.489335250309566], [-50.62463424899993, -23.48933526230954], [-50.624634568999966, -23.489335290309594], [-50.624634883999924, -23.48933533930958], [-50.62463519499995, -23.489335407309543], [-50.62463550199994, -23.489335493309543], [-50.62463580199995, -23.489335599309562], [-50.624636092999935, -23.489335721309576], [-50.62463637599995, -23.489335861309584], [-50.62463664799998, -23.489336019309544], [-50.62463690799996, -23.48933619030956], [-50.62463715499996, -23.489336380309542], [-50.62463738799995, -23.48933658130958], [-50.62463760599997, -23.48933679730957], [-50.62463780899997, -23.489337026309595], [-50.624637994999944, -23.489337268309587], [-50.624638162999986, -23.489337518309565], [-50.62463831299994, -23.489337780309572], [-50.62463844499996, -23.48933805030956], [-50.62463855799996, -23.48933832630954], [-50.62463864999995, -23.489338608309573], [-50.62463872099994, -23.489338897309583], [-50.624638772999965, -23.48933918830958], [-50.624638802999975, -23.489339483309575], [-50.62463881299993, -23.489339766309552], [-50.624638812999926, -23.489370941309552], [-50.624669607999984, -23.489370941309552], [-50.62466993999994, -23.489370953309592], [-50.62467025999996, -23.489370982309573], [-50.62467057499998, -23.489371030309574], [-50.624670887999976, -23.489371099309587], [-50.624671271999944, -23.489371211309592], [-50.62488378599995, -23.489442049309588], [-50.624884617999946, -23.48944232730955], [-50.624919451999965, -23.48944232530958], [-50.624919783999985, -23.489442337309566], [-50.624920103999955, -23.489442366309603], [-50.62492041899998, -23.48944241430954], [-50.624920730999975, -23.489442482309567], [-50.62492111599994, -23.489442594309576], [-50.62513507899995, -23.489513916309562], [-50.625277022999974, -23.48954940230956], [-50.62531206299997, -23.48954940230956], [-50.62531239599996, -23.48954941230958], [-50.62531271499995, -23.489549442309542], [-50.62531302999997, -23.48954949130959], [-50.625313343999956, -23.489549560309538], [-50.62559825099999, -23.489620785309537], [-50.625668981999986, -23.489620785309537], [-50.62566931499998, -23.48962079630954], [-50.62566963399996, -23.48962082630956], [-50.625669949999974, -23.489620874309573], [-50.62567026299996, -23.489620943309582], [-50.62581302999996, -23.489656635309558], [-50.625813334999975, -23.489656720309558], [-50.625813634999986, -23.489656826309595], [-50.62581392599997, -23.489656948309545], [-50.625814082999966, -23.48965702330954], [-50.62588437599993, -23.489692169309563], [-50.626025900999934, -23.48969216930957], [-50.62602623399994, -23.48969218130954], [-50.626026552999974, -23.489692209309535], [-50.62602686799994, -23.489692258309585], [-50.626027180999984, -23.48969232630955], [-50.62602748699994, -23.48969241230956], [-50.62602778499996, -23.48969251830956], [-50.62602807799993, -23.48969264030958], [-50.62602823399993, -23.489692715309594], [-50.626098526999954, -23.489727862309532], [-50.62691819799994, -23.489727862309532], [-50.62691853099994, -23.48972787130956], [-50.62691885099997, -23.489727900309582], [-50.62691916599994, -23.489727951309554], [-50.62691947999997, -23.489728018309588], [-50.62706161799996, -23.489763554309572], [-50.62714175199994, -23.489763554309572], [-50.62715570599994, -23.489772586309552], [-50.62706096599993, -23.489772586309567], [-50.627060632999985, -23.489772575309555], [-50.62706031399995, -23.48977254530959], [-50.627059998999975, -23.489772497309584], [-50.62705968499994, -23.489772428309582], [-50.62691754599996, -23.48973689530956], [-50.62609728499996, -23.489736893309583], [-50.626096951999955, -23.48973688330957], [-50.626096631999985, -23.489736853309548], [-50.62609631799996, -23.48973680430956], [-50.626096005999955, -23.489736737309585], [-50.62609569899996, -23.48973665030954], [-50.62609539999994, -23.48973654530957], [-50.62609510899995, -23.489736423309544], [-50.62609495199996, -23.489736348309545], [-50.62602465899993, -23.489701201309533], [-50.62588313299995, -23.489701201309533], [-50.62588280099993, -23.489701191309525], [-50.62588248199995, -23.489701162309558], [-50.62588216599994, -23.489701112309564], [-50.62588185399995, -23.48970104530954], [-50.62588154799994, -23.48970095830955], [-50.625881248999974, -23.48970085330959], [-50.625880956999936, -23.48970073130957], [-50.62588080099994, -23.489700657309562], [-50.62580991799996, -23.489665214309557], [-50.62566832999994, -23.489629818309563], [-50.625597597999956, -23.48962981830957], [-50.625597264999946, -23.48962980830955], [-50.62559694599997, -23.489629779309578], [-50.62559663099995, -23.48962972930954], [-50.625596317999964, -23.489629662309564], [-50.625311410999984, -23.48955843530959], [-50.62527637099999, -23.48955843430954], [-50.625276037999974, -23.48955842530958], [-50.625275718999944, -23.48955839330958], [-50.62527540399997, -23.48955834630956], [-50.625275090999935, -23.489558277309555], [-50.62513232299995, -23.489522585309572], [-50.62513193899998, -23.48952247430955], [-50.62491859399995, -23.48945135830954], [-50.62488375999993, -23.489451360309584], [-50.624883426999986, -23.48945134830959], [-50.62488310699997, -23.489451318309566], [-50.62488279199994, -23.48945127130956], [-50.62488247999994, -23.489451202309535], [-50.62488209499998, -23.48945109030959], [-50.624668749999955, -23.489379975309568]]], [[[-50.628302394999935, -23.4935466183095], [-50.62823435299998, -23.49341053630946], [-50.62823427099993, -23.493410362309476], [-50.62823415899993, -23.4934100863095], [-50.62823406599995, -23.49340980230949], [-50.62823399499997, -23.493409512309487], [-50.62823394399993, -23.49340922230947], [-50.628233912999974, -23.49340892830946], [-50.62823390199998, -23.493408645309508], [-50.62823390199998, -23.493302248309476], [-50.62816273599998, -23.493088746309475], [-50.628162681999974, -23.49308857530946], [-50.62816261099994, -23.493088288309483], [-50.628162558999975, -23.493087996309498], [-50.62816252899995, -23.493087701309502], [-50.62816251899994, -23.49308741830948], [-50.62816251899995, -23.492266503309484], [-50.62816253099998, -23.49226619730953], [-50.62816256299993, -23.49226590230952], [-50.62816261599994, -23.492265612309513], [-50.628162688999964, -23.492265323309503], [-50.62816278299993, -23.4922650403095], [-50.62816289699998, -23.492264763309517], [-50.62816296799998, -23.492264612309516], [-50.62819821099998, -23.49219412830947], [-50.62819821199997, -23.492159427309527], [-50.62819822199998, -23.492159120309484], [-50.62819825499997, -23.492158827309506], [-50.628198306999934, -23.49215853630951], [-50.62819838099995, -23.492158247309497], [-50.62819847499998, -23.49215796630952], [-50.628198589999954, -23.492157688309508], [-50.62819866099994, -23.49215753630952], [-50.62823435299999, -23.492086152309497], [-50.62823441399996, -23.492086036309537], [-50.62823456499996, -23.49208577530951], [-50.62823473499998, -23.492085525309527], [-50.62823492199993, -23.492085286309507], [-50.62823519999995, -23.492084982309475], [-50.62827036899995, -23.492049814309528], [-50.628305736999955, -23.49197907630949], [-50.628305797999985, -23.491978960309527], [-50.62830594899998, -23.49197870130954], [-50.62830611899995, -23.491978449309528], [-50.628306305999956, -23.491978210309497], [-50.62830650999996, -23.49197798130954], [-50.62830672899997, -23.491977766309542], [-50.62830696399993, -23.491977565309504], [-50.628307211999974, -23.491977377309503], [-50.62830751299998, -23.49197718230952], [-50.62848597299995, -23.491870106309502], [-50.628486205999934, -23.49186997530953], [-50.62848648799997, -23.491869837309512], [-50.628486780999935, -23.491869715309495], [-50.62848708099994, -23.491869612309507], [-50.62848736199993, -23.491869533309494], [-50.628629726999975, -23.491833943309505], [-50.628879052999935, -23.491727088309492], [-50.62909307199994, -23.491620079309524], [-50.62909325199996, -23.49161999330952], [-50.62909354399994, -23.491619872309496], [-50.629093843999954, -23.491619768309516], [-50.629094122999966, -23.49161969030955], [-50.629100118999986, -23.49161819130954], [-50.62923588999996, -23.491584249309515], [-50.62937757899993, -23.491477981309504], [-50.629531328999974, -23.491324232309523], [-50.629539542999964, -23.49132934130954], [-50.62938453999994, -23.49148434230953], [-50.62938439499993, -23.491484483309524], [-50.62938416099996, -23.4914846843095], [-50.62938403099997, -23.491484785309513], [-50.62924126299998, -23.491591861309523], [-50.629241143999934, -23.491591947309512], [-50.629240881999976, -23.491592118309526], [-50.62924061099994, -23.491592275309515], [-50.62924032699993, -23.49159241230955], [-50.62924003499995, -23.49159253330951], [-50.62923973499994, -23.491592639309527], [-50.62923945499995, -23.491592715309523], [-50.629100092999984, -23.491627556309524], [-50.629097237999986, -23.491628272309516], [-50.62888358799995, -23.491735094309533], [-50.628883317999964, -23.49173521930951], [-50.62863347499996, -23.491842297309493], [-50.628633272999934, -23.49184237730951], [-50.62863297299998, -23.491842481309536], [-50.62863269199994, -23.491842559309504], [-50.62849066799998, -23.49187806430954], [-50.628314037999985, -23.49198404330949], [-50.628278937999944, -23.492054243309525], [-50.62827887699996, -23.49205436030949], [-50.62827872599996, -23.49205462030951], [-50.62827855499995, -23.492054871309534], [-50.62827836899999, -23.4920551103095], [-50.62827809099997, -23.49205541330949], [-50.62824292199997, -23.492090582309494], [-50.628208004999976, -23.492160418309517], [-50.628208004999976, -23.49219511930951], [-50.62820799299993, -23.492195426309504], [-50.62820796099993, -23.49219572130951], [-50.628207907999986, -23.492196011309517], [-50.628207834999955, -23.492196300309537], [-50.62820774099998, -23.4921965823095], [-50.62820762699994, -23.492196858309487], [-50.62820755499996, -23.492197011309518], [-50.628172312999936, -23.49226749430952], [-50.62817231299993, -23.493086740309487], [-50.62824347999998, -23.493300242309488], [-50.62824353299993, -23.49330041130947], [-50.628243604999966, -23.493300700309483], [-50.62824365599994, -23.493300991309468], [-50.62824368599997, -23.493301285309485], [-50.62824369599997, -23.493301570309487], [-50.62824369699995, -23.493407654309465], [-50.62831450699998, -23.49354927730945], [-50.62832045499994, -23.49355819930946], [-50.628302394999935, -23.4935466183095]]]]}, "properties": {"objectid": 8672549, "cod_tema": "RIO_ATE_10", "nom_tema": "Curso d'agua natural de ate 10 metros", "cod_imovel": "PR-4124301-6839C7E64D8F4B41B6587312F222933C", "ind_status": "AT", "des_condic": "Analisado, aguardando regularizacao ambiental (Lei n 12.651/2012)", "Shape__Area": 9.663171878208758e-08, "Shape__Length": 0.02090376817578236}}, {"type": "Feature", "id": 8675244, "geometry": {"type": "MultiPolygon", "coordinates": [[[[-50.64256310499996, -23.51152102030908], [-50.644022225999954, -23.51224904030906], [-50.64421534499996, -23.51276061830903], [-50.64417242999996, -23.51311478730903], [-50.64357161499999, -23.51303608330905], [-50.64312100399997, -23.512996731309066], [-50.64254164699997, -23.512721266309047], [-50.64236998599995, -23.512799970309015], [-50.64256310499996, -23.51152102030908]]], [[[-50.65256237999995, -23.514275667309043], [-50.65230488799995, -23.51449210130901], [-50.651961564999965, -23.514570804308995], [-50.65168261499997, -23.514865941309004], [-50.651403665999965, -23.514688859309018], [-50.650974511999955, -23.514472425308984], [-50.650910138999954, -23.514196963309004], [-50.65091013899996, -23.513941177309043], [-50.651189088999956, -23.513960853309015], [-50.65157532699993, -23.513960853309015], [-50.65194010699997, -23.513685390309025], [-50.652154683999974, -23.513547659309044], [-50.652412175999984, -23.513665714309017], [-50.65241217599999, -23.513862474308997], [-50.652498006999956, -23.514000205308992], [-50.65256237999995, -23.514275667309043]]]]}, "properties": {"objectid": 8675244, "cod_tema": "RESERVATORIO_ARTIFICIAL_DECORRENTE_BARRAMENTO", "nom_tema": "Reservatorio artificial decorrente de barramento ou represamento de cursos d'agua naturais", "cod_imovel": "PR-4124301-15295495A08648F89C0B3A0FA3088F00", "ind_status": "AT", "des_condic": "Aguardando analise", "Shape__Area": 3.0550489253901496e-06, "Shape__Length": 0.010463889858583098}}, {"type": "Feature", "id": 8685802, "geometry": {"type": "MultiPolygon", "coordinates": [[[[-50.62359781299995, -23.484061776309698], [-50.62359757099994, -23.484061722309697], [-50.623597185999984, -23.484061611309677], [-50.62349021799998, -23.484025954309676], [-50.62324056599993, -23.48395462530969], [-50.62309788399995, -23.48391895430972], [-50.62309757799994, -23.483918869309708], [-50.62309727899998, -23.48391876330969], [-50.62309698699994, -23.48391864130967], [-50.62309682999995, -23.483918566309665], [-50.62302594799996, -23.483883124309713], [-50.62288373199994, -23.48384757130969], [-50.62288342699998, -23.483847484309692], [-50.622883126999966, -23.48384737930967], [-50.622882835999974, -23.48384725730971], [-50.62288255299996, -23.483847117309708], [-50.62288228199998, -23.483846959309663], [-50.62288202199995, -23.483846787309673], [-50.62288177299997, -23.483846599309672], [-50.62288154099998, -23.483846397309705], [-50.62288141299996, -23.483846273309705], [-50.62284717599994, -23.48381203630969], [-50.62270655299995, -23.483812035309693], [-50.62270621999994, -23.48381202530968], [-50.62270590099996, -23.48381199530967], [-50.622705585999945, -23.48381194630967], [-50.622705273999934, -23.48381188030969], [-50.62270496699995, -23.483811792309716], [-50.62270466799998, -23.483811688309675], [-50.622704376999934, -23.483811564309676], [-50.62270409299998, -23.483811423309685], [-50.62270382199995, -23.483811267309694], [-50.62270356199997, -23.483811095309697], [-50.62270331499997, -23.483810907309696], [-50.62270308099994, -23.483810706309708], [-50.62270295399997, -23.483810581309672], [-50.622668071999954, -23.483775700309703], [-50.62256230999998, -23.483740447309675], [-50.62241973699998, -23.4837048033097], [-50.62241943099997, -23.483704718309685], [-50.62241913099996, -23.483704611309676], [-50.622418840999956, -23.483704489309723], [-50.62241868399997, -23.48370441430972], [-50.622348390999946, -23.4836692683097], [-50.622278248999976, -23.4836692683097], [-50.62227791699996, -23.483669257309707], [-50.622277596999936, -23.48366922830967], [-50.62227728199996, -23.48366917930968], [-50.62227696999997, -23.483669112309705], [-50.62227658499996, -23.4836689993097], [-50.622169509999935, -23.483633308309713], [-50.62216922499994, -23.48363320330969], [-50.621991090999984, -23.48356195030969], [-50.62184866599995, -23.483526342309688], [-50.621848360999934, -23.483526258309716], [-50.62184806199998, -23.483526151309707], [-50.621847768999935, -23.483526029309694], [-50.62184761399993, -23.4835259543097], [-50.62170545899994, -23.483454877309715], [-50.621527681999964, -23.48341932230971], [-50.62152743999996, -23.483419268309706], [-50.62152713399996, -23.483419181309728], [-50.62152683499994, -23.483419077309687], [-50.62152654299996, -23.483418953309684], [-50.621526260999985, -23.483418815309733], [-50.62152598899996, -23.48341865730969], [-50.621525728999984, -23.483418484309706], [-50.62152548199998, -23.483418296309697], [-50.621525247999955, -23.48341809430969], [-50.62152512099994, -23.48341797230972], [-50.62149067799999, -23.48338352730969], [-50.62112317499998, -23.48334748830973], [-50.621123195999985, -23.483340322309687], [-50.62112320199998, -23.48333843230972], [-50.62112352199995, -23.483338443309716], [-50.62112370699998, -23.48333845830973], [-50.621493545999954, -23.4833747263097], [-50.62149367999996, -23.48337474030973], [-50.62149399499998, -23.483374789309718], [-50.62149430699998, -23.483374857309684], [-50.621494613999964, -23.483374944309734], [-50.621494912999935, -23.483375049309696], [-50.621495203999984, -23.483375171309714], [-50.62149548599995, -23.48337531130971], [-50.62149575899997, -23.483375468309696], [-50.62149601799995, -23.48337564130969], [-50.62149626599995, -23.48337582930969], [-50.62149649999998, -23.483376031309714], [-50.62149662599995, -23.483376154309717], [-50.62153126999994, -23.483410796309723], [-50.621708216999934, -23.48344618730971], [-50.62170845899993, -23.483446240309725], [-50.62170876399995, -23.48344632730971], [-50.62170906499995, -23.483446432309727], [-50.62170935499995, -23.483446556309733], [-50.621709512999985, -23.483446628309707], [-50.62185177799995, -23.48351776330968], [-50.62199399499997, -23.48355331730971], [-50.62199429999998, -23.483553403309706], [-50.62199466199996, -23.483553533309696], [-50.62217298199994, -23.483624861309686], [-50.62227910799999, -23.483660235309678], [-50.62234963299994, -23.483660235309678], [-50.622349965999945, -23.48366024630967], [-50.62235028599997, -23.483660276309696], [-50.622350600999944, -23.483660325309696], [-50.622350912999934, -23.483660392309723], [-50.62235121799995, -23.48366047930971], [-50.62235151899995, -23.483660583309685], [-50.62235180999994, -23.483660708309678], [-50.622351966999986, -23.48366078130971], [-50.622422848999975, -23.483696222309725], [-50.622565064999954, -23.483731777309675], [-50.62256544799993, -23.48373188930968], [-50.622672524999984, -23.483767580309674], [-50.62267274599998, -23.483767660309685], [-50.62267303699997, -23.483767782309695], [-50.62267331999993, -23.4837679223097], [-50.622673591999956, -23.483768080309677], [-50.622673851999934, -23.483768251309694], [-50.62267409899994, -23.483768441309664], [-50.62267433199998, -23.483768642309705], [-50.62267445899993, -23.483768765309698], [-50.62270869799994, -23.48380300230967], [-50.62284932099994, -23.48380300430971], [-50.622849653999936, -23.483803014309714], [-50.62284997199998, -23.4838030433097], [-50.62285028799993, -23.48380309330967], [-50.622850600999975, -23.48380316030971], [-50.62285090599994, -23.483803247309694], [-50.62285120599996, -23.483803352309668], [-50.62285149699994, -23.483803474309678], [-50.62285177999996, -23.483803614309682], [-50.622852051999985, -23.483803772309713], [-50.62285231199996, -23.483803943309667], [-50.62285255799997, -23.483804132309725], [-50.62285279199995, -23.483804334309678], [-50.62285291999996, -23.483804457309684], [-50.62288765599993, -23.483839191309684], [-50.623029059999965, -23.483874545309714], [-50.623029365999976, -23.483874630309664], [-50.623029664999926, -23.48387473730969], [-50.62302995699997, -23.483874858309697], [-50.62303011199998, -23.48387493330971], [-50.62310099599995, -23.483910374309666], [-50.62324321199998, -23.483945928309698], [-50.62324337999996, -23.483945973309673], [-50.62349322399996, -23.484017357309693], [-50.62349343999995, -23.48401742430966], [-50.62360020699998, -23.484053013309712], [-50.62360323399997, -23.484053619309663], [-50.62363424399996, -23.48406906230968], [-50.62359781299995, -23.484061776309698]]], [[[-50.617665373999955, -23.48755624330961], [-50.61766869699994, -23.487565293309633], [-50.61717730099997, -23.487915663309607], [-50.61717701499998, -23.48791585130961], [-50.61717674299996, -23.487916007309607], [-50.61717645899994, -23.487916145309615], [-50.61717616699996, -23.48791626630959], [-50.61717586699996, -23.487916370309623], [-50.61717555999997, -23.487916455309588], [-50.61717524799997, -23.487916521309618], [-50.617174931999955, -23.487916568309576], [-50.61717461199998, -23.4879165983096], [-50.617174303999946, -23.487916607309625], [-50.61714351099994, -23.487916607309618], [-50.61714351099993, -23.487947782309636], [-50.61714349899995, -23.487948089309622], [-50.61714346599995, -23.487948383309583], [-50.61714341399994, -23.487948675309614], [-50.61714333999998, -23.487948962309595], [-50.61714324699995, -23.487949244309615], [-50.61714313199997, -23.487949520309613], [-50.61714306099998, -23.48794967330958], [-50.617107368999946, -23.488021057309613], [-50.61710730699997, -23.488021173309622], [-50.617107155999975, -23.488021434309598], [-50.617106984999964, -23.4880216863096], [-50.61710679899994, -23.488021925309575], [-50.61710652099998, -23.48802222730962], [-50.61707135399996, -23.48805739630962], [-50.61700043099996, -23.488199242309573], [-50.616965050999966, -23.4883053803096], [-50.61696505099996, -23.488375094309614], [-50.61700029399998, -23.48844557730961], [-50.61700037499998, -23.488445750309598], [-50.617000487999974, -23.488446028309564], [-50.617000579999974, -23.48844631130958], [-50.61700061799997, -23.488446454309603], [-50.617036309999946, -23.48858922330959], [-50.61703634399998, -23.488589367309597], [-50.617036394999964, -23.48858965930958], [-50.61703642499998, -23.488589953309596], [-50.61703643499993, -23.488590236309605], [-50.61703643499994, -23.488625249309557], [-50.61707190899995, -23.48873167630961], [-50.61707196399993, -23.488731846309562], [-50.617072001999986, -23.488731990309585], [-50.61710769299998, -23.48887475730958], [-50.61710772699996, -23.488874904309554], [-50.61710777699995, -23.4888751953096], [-50.617107808999954, -23.488875489309567], [-50.617107818999955, -23.488875772309576], [-50.617107818999955, -23.488982169309548], [-50.61714296799993, -23.489087615309572], [-50.61717790499994, -23.48912255230958], [-50.61717799599995, -23.489122646309557], [-50.617178198999966, -23.48912287530957], [-50.61717838299995, -23.489123115309592], [-50.61717847699998, -23.489123249309593], [-50.61724986099995, -23.4892303253096], [-50.61724993699994, -23.48923044330955], [-50.617250136999985, -23.48923079930959], [-50.617256441999984, -23.489243410309577], [-50.617243960999986, -23.48924001730959], [-50.61724136599997, -23.489234827309577], [-50.61717038399996, -23.489128354309557], [-50.61713501499997, -23.489092985309572], [-50.61713492399997, -23.48909289230958], [-50.61713472099996, -23.489092664309535], [-50.61713453599998, -23.489092422309554], [-50.61713436699995, -23.4890921703096], [-50.61713421699994, -23.48909190930958], [-50.617134085999965, -23.489091640309592], [-50.61713397299997, -23.489091364309594], [-50.61713393399998, -23.489091250309546], [-50.61709824199993, -23.48898417630959], [-50.61709818899993, -23.488984005309565], [-50.61709811699996, -23.48898371730955], [-50.61709806599999, -23.488983425309574], [-50.61709803599996, -23.488983132309603], [-50.61709802599995, -23.4889828473096], [-50.61709802599995, -23.488876285309562], [-50.617062498999985, -23.488734176309592], [-50.61702685699998, -23.4886272553096], [-50.617026804999966, -23.48862708530959], [-50.61702673299993, -23.48862679730956], [-50.61702668199995, -23.48862650730961], [-50.617026651999936, -23.4886262123096], [-50.61702664199999, -23.488625928309595], [-50.617026641999985, -23.488590750309577], [-50.616991187999986, -23.48844893630956], [-50.61695570799998, -23.488377975309618], [-50.616955624999946, -23.488377801309586], [-50.61695551399998, -23.488377524309605], [-50.61695542099994, -23.48837724130959], [-50.61695534999996, -23.48837695330957], [-50.61695529899998, -23.488376662309577], [-50.61695526799996, -23.48837636730957], [-50.61695525799996, -23.4883760853096], [-50.61695525799996, -23.488304701309566], [-50.61695526899996, -23.488304395309562], [-50.61695530199995, -23.48830410030963], [-50.61695535399997, -23.48830380830959], [-50.61695542799998, -23.48830352030961], [-50.61695547399995, -23.48830337330958], [-50.61699116699997, -23.488196297309575], [-50.616991213999945, -23.488196162309578], [-50.616991326999944, -23.488195886309605], [-50.61699139999997, -23.48819573430962], [-50.61706278399999, -23.48805296630958], [-50.617062844999964, -23.488052849309618], [-50.617062995999966, -23.488052590309564], [-50.61706316599998, -23.488052337309576], [-50.617063352999935, -23.488052099309584], [-50.61706363099995, -23.488051795309627], [-50.61709879699998, -23.488016627309626], [-50.617133716999945, -23.487946790309607], [-50.61713371799993, -23.487912089309596], [-50.617133728999924, -23.48791178230961], [-50.617133760999934, -23.48791148930958], [-50.61713381399995, -23.4879111973096], [-50.61713388699998, -23.48791090930963], [-50.61713398099994, -23.487910625309624], [-50.61713409599997, -23.487910350309633], [-50.61713422899993, -23.487910081309582], [-50.617134378999936, -23.48790982130959], [-50.617134549999946, -23.48790957130962], [-50.61713473699996, -23.48790933030962], [-50.61713494199995, -23.487909103309626], [-50.617135160999965, -23.48790888730959], [-50.617135394999934, -23.487908687309595], [-50.617135643999966, -23.487908500309572], [-50.61713590399995, -23.487908328309587], [-50.61713617699997, -23.48790817330963], [-50.61713646099997, -23.487908034309612], [-50.617136752999954, -23.4879079133096], [-50.61713705299996, -23.487907809309604], [-50.61713735999996, -23.4879077243096], [-50.617137671999956, -23.487907658309616], [-50.61713798799996, -23.487907611309602], [-50.61713830699995, -23.487907583309614], [-50.61713861499993, -23.4879075743096], [-50.61717263199994, -23.4879075743096], [-50.617665373999955, -23.48755624330961]]], [[[-50.622346765999964, -23.4884868223096], [-50.62234664199997, -23.488486738309568], [-50.622346544999964, -23.48848666530961], [-50.62220377699999, -23.48837958930959], [-50.622203626999976, -23.48837947230959], [-50.622203393999946, -23.488379271309608], [-50.622203266999975, -23.488379147309615], [-50.62216812599996, -23.488344006309603], [-50.62209745699994, -23.488308672309586], [-50.622097330999964, -23.488308606309598], [-50.62209705899994, -23.488308450309596], [-50.62209679899996, -23.488308278309603], [-50.62209655199996, -23.48830809030961], [-50.62209631799993, -23.488307887309595], [-50.62209619099997, -23.488307763309585], [-50.62206050399993, -23.488272074309585], [-50.621796076999935, -23.488009041309578], [-50.62180201899998, -23.488001772309598], [-50.62180206299996, -23.488001801309576], [-50.621802309999964, -23.488001989309577], [-50.621802543999934, -23.488002191309587], [-50.621802661999936, -23.488002306309575], [-50.622067693999945, -23.488265943309607], [-50.622102838999986, -23.488301088309584], [-50.62217350699996, -23.488336422309605], [-50.62217363299993, -23.488336487309596], [-50.622173904999954, -23.48833664530958], [-50.62217416499993, -23.488336818309623], [-50.622174411999936, -23.488337005309575], [-50.62217464599997, -23.488337207309595], [-50.62217477299998, -23.488337330309605], [-50.62221022699999, -23.48837278530959], [-50.622352613999965, -23.488479576309597], [-50.62256536999996, -23.4886214133096], [-50.62259947699994, -23.488621412309598], [-50.62259980999994, -23.488621422309564], [-50.62260012799993, -23.488621452309584], [-50.62260044399994, -23.48862150130957], [-50.62260075599994, -23.48862156830961], [-50.622601061999944, -23.488621656309576], [-50.622601361999955, -23.488621760309563], [-50.622601653999936, -23.488621883309573], [-50.622601809999935, -23.488621957309586], [-50.622957637999946, -23.48879987130959], [-50.62299208799993, -23.48879987130959], [-50.622992420999935, -23.488799882309582], [-50.62299273899998, -23.488799912309606], [-50.62299305499994, -23.488799960309557], [-50.622993366999935, -23.48880002830957], [-50.62299375199996, -23.488800140309582], [-50.62310002199996, -23.48883556430956], [-50.62313485599998, -23.488835564309554], [-50.62313518899998, -23.488835573309583], [-50.62313550899995, -23.488835603309607], [-50.623135822999984, -23.4888356523096], [-50.62313613599998, -23.48883571930956], [-50.623136441999975, -23.4888358073096], [-50.623136741999986, -23.48883591130959], [-50.62313703299998, -23.488836034309582], [-50.623137189999966, -23.488836108309602], [-50.62320857299994, -23.48887180130957], [-50.62320869899998, -23.488871866309573], [-50.62320896999996, -23.488872023309554], [-50.62320923099998, -23.488872195309558], [-50.62320947799998, -23.4888723843096], [-50.62320971099996, -23.488872586309572], [-50.62320983799997, -23.488872709309575], [-50.623244719999946, -23.48890759030957], [-50.623350671999965, -23.488942907309575], [-50.62335095399993, -23.48894301230961], [-50.62352897399995, -23.489014218309574], [-50.62370696399995, -23.489049816309585], [-50.62370720599995, -23.489049872309565], [-50.62370751199996, -23.489049958309565], [-50.623707810999974, -23.489050063309588], [-50.623708102999956, -23.489050185309548], [-50.623708259999944, -23.48905026030955], [-50.62372478299994, -23.48905852130956], [-50.62371619599997, -23.48906450330956], [-50.623704205999964, -23.489058508309583], [-50.62352642899998, -23.489022951309593], [-50.62352618699999, -23.48902289930957], [-50.62352588099998, -23.489022812309575], [-50.62352551899995, -23.489022682309603], [-50.62334719899997, -23.488951356309578], [-50.62324026699997, -23.488915710309573], [-50.623240045999985, -23.488915631309556], [-50.62323975499999, -23.488915509309596], [-50.623239471999966, -23.488915369309602], [-50.62323919999995, -23.488915212309543], [-50.62323893999996, -23.488915041309593], [-50.62323869299996, -23.488914851309566], [-50.62323845999998, -23.488914649309592], [-50.62323833299996, -23.488914526309586], [-50.62320319099996, -23.488879384309588], [-50.62313361399999, -23.48884459630959], [-50.62309916299995, -23.48884459730958], [-50.62309882999995, -23.488844585309604], [-50.623098510999974, -23.48884455530957], [-50.623098195999944, -23.48884450830956], [-50.62309788399995, -23.488844439309602], [-50.62309749799994, -23.488844327309586], [-50.62299122999997, -23.488808904309554], [-50.62295639599995, -23.488808904309554], [-50.62295606299994, -23.488808893309553], [-50.62295574399997, -23.488808863309586], [-50.622955428999944, -23.488808815309596], [-50.62295511599996, -23.488808747309566], [-50.62295480999995, -23.488808661309566], [-50.62295451099993, -23.4888085553096], [-50.62295421899995, -23.4888084323096], [-50.62295406299995, -23.488808358309594], [-50.62259823499994, -23.48863044530957], [-50.622563784999954, -23.48863044530957], [-50.622563451999945, -23.488630433309595], [-50.62256313299997, -23.488630404309614], [-50.62256281799995, -23.48863035630961], [-50.622562504999955, -23.488630287309597], [-50.622562198999965, -23.488630201309597], [-50.62256189999993, -23.488630096309574], [-50.62256160799996, -23.48862997330956], [-50.62256132599998, -23.48862983330957], [-50.62256105399996, -23.488629676309582], [-50.62256091699994, -23.488629588309596], [-50.622346765999964, -23.4884868223096]]]]}, "properties": {"objectid": 8685802, "cod_tema": "RIO_ATE_10", "nom_tema": "Curso d'agua natural de ate 10 metros", "cod_imovel": "PR-4124301-2BF7884D4CC64AA2BF1261D26CD04C3C", "ind_status": "AT", "des_condic": "Analisado, aguardando regularizacao ambiental (Lei n 12.651/2012)", "Shape__Area": 6.465255392602728e-08, "Shape__Length": 0.014009837562833805}}, {"type": "Feature", "id": 8685803, "geometry": {"type": "MultiPolygon", "coordinates": [[[[-50.62182740899993, -23.487696497309585], [-50.62182300799998, -23.487681200309574], [-50.62182304299995, -23.48766909930961], [-50.621823062999965, -23.487661930309592], [-50.62182314499996, -23.48763325130962], [-50.621821977999964, -23.487627792309603], [-50.62181547499995, -23.487597382309634], [-50.621815535999986, -23.487575873309613], [-50.62181558399993, -23.487558977309632], [-50.621815596999966, -23.48755436630963], [-50.62181563799994, -23.48754002530962], [-50.621815658999935, -23.487532855309627], [-50.62181569899997, -23.487518517309592], [-50.62180796699994, -23.487504157309633], [-50.62180441299995, -23.48749090130959], [-50.62180027599993, -23.487475460309632], [-50.62178483099996, -23.487439574309587], [-50.62178485199996, -23.487432405309644], [-50.62176936599997, -23.487410858309627], [-50.62176940699993, -23.487396519309605], [-50.62176393999994, -23.48738125630963], [-50.621761694999975, -23.48737499030962], [-50.62175455899996, -23.487361741309623], [-50.621746229999985, -23.48734627230961], [-50.62172301299995, -23.487310369309593], [-50.62170758899998, -23.48726731230963], [-50.62169214399995, -23.487231426309645], [-50.621676658999945, -23.487209879309624], [-50.62167667999996, -23.48720271030961], [-50.62166881299998, -23.48718810430963], [-50.62166121399998, -23.487173994309636], [-50.621659644999966, -23.48717180930961], [-50.62164572899996, -23.487152447309622], [-50.62162091999994, -23.487112154309635], [-50.62161477899996, -23.487102183309645], [-50.62160084899995, -23.48708064030964], [-50.621591561999935, -23.487066278309644], [-50.62158382899998, -23.487051920309593], [-50.62156838399994, -23.487016033309633], [-50.621560631999955, -23.487008844309596], [-50.62153741399993, -23.486972938309606], [-50.62153743499994, -23.48696577030964], [-50.62152192599996, -23.486941785309597], [-50.62151421699998, -23.486929864309648], [-50.62149871199995, -23.48691548730963], [-50.62149095799998, -23.486908298309608], [-50.62148586599994, -23.486900423309606], [-50.62110046899994, -23.48627847230965], [-50.620787236999945, -23.485630491309625], [-50.62078725799994, -23.485623200309654], [-50.620776429999985, -23.485608135309636], [-50.62077178199997, -23.485598519309637], [-50.62077179299996, -23.485594484309676], [-50.62076962399994, -23.485586389309674], [-50.62076410199995, -23.485565787309675], [-50.62075008599993, -23.485533215309665], [-50.62074865899996, -23.48552989830967], [-50.62072548199996, -23.485479655309636], [-50.62071781199995, -23.48544378730965], [-50.620710226999954, -23.485401120309636], [-50.62071016099998, -23.485400750309637], [-50.620686943999935, -23.48536484530968], [-50.62067152099996, -23.48532178930965], [-50.620671561999984, -23.48530745030968], [-50.620663890999936, -23.485271582309633], [-50.62066389299997, -23.48527106930966], [-50.62066391099995, -23.485264412309693], [-50.62066397299998, -23.48524290330966], [-50.620656322999935, -23.485199866309667], [-50.62064857099995, -23.48519267830967], [-50.62063912899999, -23.485136290309654], [-50.62063570199995, -23.485115822309655], [-50.62058172299999, -23.484793441309677], [-50.62057125699994, -23.48473093630965], [-50.62057975799996, -23.484613894309657], [-50.62061676399997, -23.48437197830967], [-50.62076746499997, -23.484082789309674], [-50.620845721999956, -23.48381147530971], [-50.62085467099996, -23.483795075309715], [-50.62087031899995, -23.48375926530968], [-50.62088089799994, -23.483739876309702], [-50.620885947999966, -23.483730623309715], [-50.62089376199998, -23.483716303309663], [-50.62090161699995, -23.48368764330966], [-50.62090943099997, -23.48367332330968], [-50.62091728599995, -23.483644662309693], [-50.62092507999994, -23.483637511309716], [-50.62093262399998, -23.483609986309713], [-50.620932934999985, -23.483608851309715], [-50.62094860499996, -23.483565871309672], [-50.62096427299997, -23.483522890309704], [-50.620972148999954, -23.4834870603097], [-50.62097216899997, -23.483479891309674], [-50.620972180999956, -23.483475905309714], [-50.62097227199996, -23.48344404230971], [-50.62097229199997, -23.483436873309696], [-50.620980147999944, -23.483408212309705], [-50.62098032299997, -23.48340757230972], [-50.62098800199993, -23.4833795533097], [-50.62099583799994, -23.483358062309712], [-50.62099585799996, -23.48335089430969], [-50.620995888999964, -23.48334001230972], [-50.62099593999994, -23.483322214309677], [-50.620996041999945, -23.483286366309695], [-50.620992694999984, -23.483270715309683], [-50.62098837099995, -23.483250497309708], [-50.620988411999974, -23.48323615930969], [-50.62098849399996, -23.483207479309733], [-50.62098851099995, -23.483201736309695], [-50.620988575999945, -23.48317879930971], [-50.62098865799993, -23.483150122309734], [-50.62098867899993, -23.483142953309716], [-50.62098870899996, -23.483132252309705], [-50.62098876099998, -23.483114275309735], [-50.620981110999935, -23.483071237309733], [-50.62097991599995, -23.483063374309737], [-50.620973480999965, -23.483021030309718], [-50.620973548999984, -23.482997092309695], [-50.62097355699996, -23.482994357309686], [-50.62097356299996, -23.482992350309708], [-50.62097358299997, -23.48298517930971], [-50.620973644999935, -23.48296367230972], [-50.62097366499995, -23.482956501309733], [-50.620965912999964, -23.48294931430969], [-50.62095815999998, -23.482942124309726], [-50.62093494299995, -23.482906220309715], [-50.62091206299994, -23.48287969630969], [-50.620902168999976, -23.482708447309744], [-50.62091054599995, -23.482712618309744], [-50.620918476999975, -23.482718746309743], [-50.62092952499995, -23.48272557930972], [-50.62095642399999, -23.482738066309725], [-50.62100769299997, -23.482785607309737], [-50.62101731699994, -23.4828124753097], [-50.62101770999993, -23.482813570309716], [-50.62103989499996, -23.48283928630969], [-50.62105946899993, -23.48286956030974], [-50.62106315199997, -23.48287297530971], [-50.62110111099997, -23.482908172309703], [-50.62110095199995, -23.482963980309727], [-50.62110088999998, -23.482985489309726], [-50.621100869999964, -23.482992660309726], [-50.62110086799998, -23.4829932853097], [-50.621100862999974, -23.482994666309718], [-50.62110081099996, -23.483012993309735], [-50.62110697999998, -23.48305358330971], [-50.62110877599997, -23.48306368730971], [-50.621116094999934, -23.48310486530972], [-50.62111601599998, -23.483132561309738], [-50.62111600299994, -23.4831370363097], [-50.62111598599995, -23.483143262309685], [-50.621115964999944, -23.483150431309696], [-50.62111588299996, -23.483179109309734], [-50.62111581799996, -23.483202045309724], [-50.62111580099997, -23.483207790309685], [-50.62111571899993, -23.483236468309713], [-50.621115711999956, -23.48323918030969], [-50.621122523999986, -23.483271032309688], [-50.62112338299995, -23.4832750473097], [-50.62112324699996, -23.483322525309692], [-50.62112320199998, -23.48333843230972], [-50.621123195999985, -23.483340322309687], [-50.62112317499998, -23.48334748830973], [-50.621123164999965, -23.483351203309727], [-50.62112308999997, -23.48337742730974], [-50.621111982999935, -23.48340789430972], [-50.62111022899995, -23.483412705309714], [-50.62110357199998, -23.483436993309674], [-50.62109955799997, -23.483451638309692], [-50.621099486999995, -23.483476214309686], [-50.62109947699997, -23.483480200309707], [-50.621099421999986, -23.4834989983097], [-50.621087467999985, -23.483553387309698], [-50.62106927199995, -23.483603298309724], [-50.621066714999984, -23.483610312309672], [-50.62105516199995, -23.483642003309676], [-50.621039861999975, -23.483697824309722], [-50.621032068999966, -23.483704976309685], [-50.621029430999954, -23.48371460030971], [-50.62102161699993, -23.4837289203097], [-50.62101852199999, -23.48374021130967], [-50.62101376199996, -23.483757579309714], [-50.62099966499994, -23.48378341430968], [-50.62098641799997, -23.48380769330969], [-50.62097076899994, -23.483843503309682], [-50.620958511999966, -23.483865965309676], [-50.62095811199998, -23.4838666993097], [-50.62094494599995, -23.48389082730971], [-50.62092002999998, -23.4839364893097], [-50.62091223599997, -23.48394364030968], [-50.620909962999974, -23.483947806309665], [-50.62090080099995, -23.483972937309698], [-50.620895433999976, -23.4839876603097], [-50.62087526999994, -23.484006161309686], [-50.62086836999998, -23.484015655309676], [-50.620857978999936, -23.48403153430966], [-50.62085178499995, -23.48404099830968], [-50.620849256999975, -23.484046781309683], [-50.620846694999955, -23.484052645309678], [-50.62083499299995, -23.484079424309684], [-50.62081369099997, -23.48410872830969], [-50.62079183499998, -23.4841421283097], [-50.620775864999985, -23.484166531309693], [-50.62077101999995, -23.484173934309684], [-50.62077099799995, -23.484181743309684], [-50.62074130599996, -23.484222590309663], [-50.620732515999975, -23.48424270730969], [-50.62073201099997, -23.484243859309665], [-50.62071753399994, -23.484283571309707], [-50.62071628499996, -23.484286998309674], [-50.62071626399995, -23.484294167309685], [-50.620708428999926, -23.484315659309665], [-50.620708383999954, -23.484331492309675], [-50.62070056999994, -23.484345814309716], [-50.62070053399998, -23.484358491309678], [-50.62070048599998, -23.484375450309663], [-50.620700382999985, -23.484411299309695], [-50.62070032099995, -23.484432809309656], [-50.62070027999994, -23.484447148309666], [-50.62070021899996, -23.48446865630971], [-50.62070019799995, -23.484475827309698], [-50.62070013699997, -23.48449733530967], [-50.62070012899994, -23.484499653309662], [-50.62070009599995, -23.484511675309673], [-50.620700033999974, -23.48453318530969], [-50.62069997999998, -23.48455198130969], [-50.62069210399994, -23.484587810309705], [-50.620692075999955, -23.48459769230966], [-50.620692034999934, -23.484612032309688], [-50.62069195299995, -23.484640710309662], [-50.62069192399997, -23.484650836309672], [-50.62069185099995, -23.484676559309694], [-50.620691835999935, -23.4846817293097], [-50.62069591399995, -23.48470608930969], [-50.62071044699996, -23.484792880309683], [-50.620728317999976, -23.48489961730964], [-50.62074320099998, -23.484988499309637], [-50.620756226999966, -23.48506629330969], [-50.62076799999994, -23.485136604309684], [-50.62076806099998, -23.485136970309682], [-50.62077535499998, -23.485143732309684], [-50.62079130999996, -23.48523349530969], [-50.62079123299997, -23.485260265309662], [-50.62079361199994, -23.485271384309677], [-50.62079890399996, -23.485296132309664], [-50.62079888399995, -23.485303043309685], [-50.62080344299995, -23.48531576630969], [-50.62083188199995, -23.48535974930964], [-50.62083929199997, -23.485401434309676], [-50.62084311199993, -23.48542292030966], [-50.62084781999994, -23.485444934309683], [-50.62086641399998, -23.48548524630963], [-50.62088561799994, -23.485529870309687], [-50.620886603999956, -23.485533547309682], [-50.62089316699996, -23.485558038309655], [-50.620896257999966, -23.485562339309645], [-50.62090809999995, -23.485578817309666], [-50.620914668999944, -23.485587956309647], [-50.62091460499994, -23.485610129309634], [-50.620919055999934, -23.485618394309668], [-50.620934499999976, -23.485654280309642], [-50.62093862599994, -23.485661941309672], [-50.620959365999965, -23.48570045530966], [-50.62096991599998, -23.48572990730963], [-50.62098533999994, -23.485772963309678], [-50.62099175099996, -23.485790860309642], [-50.62100229699996, -23.485820300309626], [-50.62101492299996, -23.485867410309645], [-50.62101489799994, -23.485876246309655], [-50.62101808199997, -23.48587919830964], [-50.621029998999965, -23.485923663309617], [-50.621037995999984, -23.485953503309645], [-50.621037953999966, -23.485968254309622], [-50.621068924999975, -23.486011348309653], [-50.621068900999944, -23.48601977230965], [-50.62106953899996, -23.48602036330965], [-50.62108500399995, -23.48604907930962], [-50.621099381999954, -23.486062412309646], [-50.621115348999986, -23.48610698430962], [-50.62111694899994, -23.486110701309645], [-50.62112745899998, -23.48613512330962], [-50.62114531399993, -23.486168281309627], [-50.62114829999996, -23.486173825309656], [-50.62116376399996, -23.48620254130963], [-50.621168547999964, -23.48621142530964], [-50.62125474799996, -23.486336835309647], [-50.62129495199997, -23.48639532530966], [-50.62130064899998, -23.486403615309644], [-50.62134098599995, -23.48646229830966], [-50.62142166099994, -23.486579667309606], [-50.621426982999935, -23.48658741030963], [-50.621506539999984, -23.486703154309605], [-50.62153554799994, -23.48674801430961], [-50.62157935299996, -23.48681575830964], [-50.621592268999954, -23.48683573330963], [-50.621615528999946, -23.486857299309623], [-50.621623314999965, -23.48686933930961], [-50.62166483799996, -23.486933555309612], [-50.62166482199996, -23.486938949309646], [-50.621677072999944, -23.486950306309645], [-50.62170020499997, -23.487004056309654], [-50.621703406999984, -23.48701000130964], [-50.62172310999995, -23.487040472309644], [-50.62172481199996, -23.48704310630964], [-50.62174814499997, -23.487080996309622], [-50.62175426699997, -23.487090938309592], [-50.62176977499997, -23.487112518309598], [-50.62177170799998, -23.487115208309632], [-50.62179917399994, -23.487166208309617], [-50.62180263899995, -23.48717264230961], [-50.621805581999986, -23.48717673830961], [-50.62181468799997, -23.487197893309624], [-50.62182729799997, -23.487227196309643], [-50.62183951199995, -23.487261290309647], [-50.621854276999954, -23.487284123309582], [-50.62185807499998, -23.4872899973096], [-50.62187973999994, -23.48733022630963], [-50.62189114899996, -23.487362073309637], [-50.621895224999946, -23.487373451309587], [-50.621912263999945, -23.48739716030959], [-50.62191220699997, -23.487417269309645], [-50.621921791999966, -23.48743954330964], [-50.62192820399997, -23.487463464309613], [-50.62194308899995, -23.487491104309605], [-50.62194308899995, -23.487491236309626], [-50.621942969999964, -23.4875331643096], [-50.62194294899996, -23.4875403353096], [-50.621942906999955, -23.487554674309603], [-50.62194289499996, -23.4875592873096], [-50.62194284699995, -23.487576182309585], [-50.62194281899997, -23.48758606530961], [-50.62195048999996, -23.48762193230961], [-50.62195047199999, -23.48762810430959], [-50.62195037499998, -23.487662239309614], [-50.62195035399998, -23.487669408309632], [-50.62195027399998, -23.4876974423096], [-50.62195019099994, -23.487726471309617], [-50.621934582999984, -23.487747943309632], [-50.62193466399998, -23.487719557309628], [-50.62193078199994, -23.48774802830959], [-50.62191428299996, -23.48780822130961], [-50.62191108399997, -23.48781115930963], [-50.621911043999944, -23.487824594309593], [-50.62190996199996, -23.487827562309583], [-50.62188590699998, -23.487893545309607], [-50.62185701599998, -23.487946492309625], [-50.62185692299994, -23.487946661309604], [-50.62184270999995, -23.487959702309595], [-50.62183448199994, -23.48796725230961], [-50.62181751499997, -23.487982819309604], [-50.62180201899998, -23.488001772309598], [-50.621796076999935, -23.488009041309578], [-50.621794113999954, -23.488011441309602], [-50.62177117099998, -23.48803249130959], [-50.62176483099995, -23.48804411130959], [-50.62175793199998, -23.488056753309596], [-50.62175185499996, -23.488067890309598], [-50.621716093999964, -23.48811162930958], [-50.621715983999934, -23.48811173030959], [-50.621692493999944, -23.488133282309608], [-50.62157370799997, -23.488234814309585], [-50.62146319599998, -23.488329273309603], [-50.62144629899995, -23.488343716309597], [-50.62130245499998, -23.488466666309588], [-50.62124217399998, -23.488518193309574], [-50.621151762999936, -23.488595470309573], [-50.621131660999936, -23.48861265230959], [-50.621076405999986, -23.488659882309594], [-50.62105950799997, -23.4886743253096], [-50.62091566399994, -23.48879727530959], [-50.62085538199995, -23.488848800309583], [-50.62084993099995, -23.488853458309553], [-50.62078927599998, -23.488905302309593], [-50.62074236399997, -23.48894540130958], [-50.62073320999997, -23.4889453783096], [-50.620729376999975, -23.488948891309562], [-50.620729360999974, -23.48895486830956], [-50.620716371999954, -23.48896678530956], [-50.62070985899993, -23.488978718309554], [-50.620690373999935, -23.488996596309597], [-50.620677383999976, -23.489008515309575], [-50.62067088999999, -23.489014474309602], [-50.62066437799995, -23.489026407309595], [-50.62065789999997, -23.489026391309594], [-50.62065140499993, -23.489032350309554], [-50.620651387999935, -23.489038324309586], [-50.62064899799998, -23.48903942030959], [-50.620646087999944, -23.48904075430958], [-50.62063841499997, -23.489044268309602], [-50.620631936999985, -23.489044253309583], [-50.62063191999994, -23.48905022730957], [-50.620625442999945, -23.48905021130955], [-50.62061896299997, -23.489050194309566], [-50.62061248599997, -23.489050180309608], [-50.62060600899997, -23.489050163309553], [-50.62059305199994, -23.48905013330959], [-50.62058657499994, -23.489050116309595], [-50.620580095999976, -23.489050101309573], [-50.62057361999996, -23.489050084309604], [-50.62056714099998, -23.489050069309585], [-50.620560663999974, -23.489050054309576], [-50.62054770799995, -23.48905002130958], [-50.620541229999965, -23.489050007309555], [-50.62053475199997, -23.489049989309574], [-50.62052827399998, -23.489049975309552], [-50.620521795999935, -23.489049958309565], [-50.620515318999935, -23.489049942309563], [-50.620508840999946, -23.489049928309598], [-50.62050236299996, -23.489049911309554], [-50.62049588499997, -23.489049895309602], [-50.62048292999998, -23.48904986430959], [-50.62047645199994, -23.48904984830959], [-50.62046349599996, -23.489049816309585], [-50.620457017999975, -23.489049801309573], [-50.62044404499994, -23.48905574430959], [-50.62043756699996, -23.48905572830959], [-50.620435407999935, -23.489055724309573], [-50.620431088999965, -23.489055713309583], [-50.620424610999976, -23.489055697309574], [-50.62041813399998, -23.489055682309562], [-50.62040516099995, -23.48906162530958], [-50.62039868299996, -23.48906160930959], [-50.62039220499997, -23.489061594309565], [-50.62038693799997, -23.489064005309608], [-50.62037923199995, -23.489067535309562], [-50.62037275399995, -23.489067521309586], [-50.62036627699996, -23.4890675043096], [-50.62035979899997, -23.4890674883096], [-50.62034034799995, -23.489073416309555], [-50.62033386999997, -23.489073401309593], [-50.62032968999995, -23.48907339130958], [-50.620554781999935, -23.488984023309555], [-50.62069613099993, -23.488889693309584], [-50.62092357299997, -23.488679246309562], [-50.621148725999944, -23.48846390130961], [-50.62138048499998, -23.48827790130958], [-50.621533531999944, -23.488109059309576], [-50.62157416599996, -23.488074327309626], [-50.62159518999994, -23.48805635730959], [-50.62160430499995, -23.488048567309605], [-50.621619892999945, -23.488034263309604], [-50.62164329399997, -23.488005641309613], [-50.62165075699994, -23.48799196630961], [-50.62165110899997, -23.487991321309615], [-50.62165819199999, -23.48797833930957], [-50.62172313099996, -23.4879113103096], [-50.62172971399997, -23.487897749309592], [-50.62174469599995, -23.48788400230962], [-50.62175248999994, -23.4878768513096], [-50.621768117999984, -23.48784821030962], [-50.62177576399994, -23.48782723730962], [-50.62178378799996, -23.487805229309586], [-50.621783808999965, -23.487798059309583], [-50.62178727799994, -23.487779168309604], [-50.62182740899993, -23.487696497309585]]], [[[-50.61492999699993, -23.487291602309618], [-50.61491703999996, -23.487291570309615], [-50.61490408499998, -23.48729153830962], [-50.614891129999926, -23.4872915073096], [-50.61488465099995, -23.487291490309616], [-50.614881168999936, -23.487291482309637], [-50.61501733799997, -23.48720616930964], [-50.61501443199995, -23.48721413930959], [-50.615001459999974, -23.48722008130963], [-50.61498845199997, -23.487237974309643], [-50.61498193899996, -23.487249908309632], [-50.61497544499996, -23.487255866309592], [-50.61496893199996, -23.48726780030963], [-50.61496243599998, -23.487273758309605], [-50.61495594199994, -23.48727971830962], [-50.61494944599997, -23.4872856763096], [-50.61494884599995, -23.487286227309614], [-50.61494295199998, -23.487291634309624], [-50.61492999699993, -23.487291602309618]]], [[[-50.615599471999985, -23.486202073309634], [-50.615917440999965, -23.48618140030964], [-50.61614899199998, -23.486168243309628], [-50.61614553099997, -23.486174585309637], [-50.616043540999954, -23.486193138309652], [-50.61600215999994, -23.48619939530964], [-50.615955424999974, -23.486231544309636], [-50.61593879399993, -23.486234060309638], [-50.61586773199997, -23.486244802309667], [-50.61582691799998, -23.486244703309634], [-50.61581833099996, -23.486244681309635], [-50.61581055799997, -23.48624466130962], [-50.61575880499999, -23.486244535309645], [-50.615720557999964, -23.486232671309665], [-50.615716474999935, -23.486231718309604], [-50.61568948599995, -23.486225424309612], [-50.61564576699993, -23.486211862309617], [-50.61563776199995, -23.48621036530966], [-50.61563272899997, -23.486211898309644], [-50.61562623499998, -23.486217858309654], [-50.615613278999945, -23.486217826309638], [-50.615606801999945, -23.48621781030965], [-50.61558735099993, -23.48622373630962], [-50.61558087299994, -23.486223720309617], [-50.615567917999954, -23.486223688309618], [-50.61556609099995, -23.48622368330967], [-50.615561440999954, -23.486223672309606], [-50.615554962999965, -23.48622365630967], [-50.61554200799998, -23.48622362430966], [-50.615535528999935, -23.486223608309665], [-50.615522556999956, -23.486229550309634], [-50.615509601999975, -23.486229519309628], [-50.61549664599995, -23.48622948730962], [-50.615490167999944, -23.486229470309627], [-50.61548367299997, -23.48623543130963], [-50.61547719599997, -23.486235414309633], [-50.61546423999994, -23.486235384309605], [-50.61545126699997, -23.48624132630965], [-50.61544478999997, -23.486241309309644], [-50.61543887299996, -23.48624129430963], [-50.615438311999974, -23.48624129330965], [-50.615432656999985, -23.48624648130964], [-50.615431816999944, -23.486247252309624], [-50.615425338999955, -23.486247236309612], [-50.615418859999984, -23.486247220309615], [-50.61541678599997, -23.48624912430966], [-50.61541236599994, -23.48625317830963], [-50.615405887999934, -23.48625316230964], [-50.615392915999955, -23.486259104309617], [-50.61538643799997, -23.486259090309648], [-50.615379942999944, -23.486265050309655], [-50.61537346499995, -23.486265033309607], [-50.61536697099996, -23.486270992309635], [-50.61536049199997, -23.48627097530964], [-50.615360474999925, -23.486276950309662], [-50.61535399699994, -23.48627693330961], [-50.615348720999975, -23.486281775309624], [-50.615347502999946, -23.486282893309635], [-50.615341006999984, -23.486288851309656], [-50.61533451299994, -23.486294810309627], [-50.61532801699997, -23.486300770309622], [-50.61532799999998, -23.48630674430966], [-50.615321521999924, -23.48630672830965], [-50.61532150499994, -23.486312702309636], [-50.61531500999996, -23.48631866130966], [-50.61530851499998, -23.486324620309613], [-50.615308496999944, -23.486330594309653], [-50.61530200299996, -23.486336553309627], [-50.61529617799994, -23.48634189830965], [-50.615295506999985, -23.486342512309626], [-50.61529548999994, -23.486348487309655], [-50.61529547299995, -23.486354462309624], [-50.615295454999966, -23.486360436309653], [-50.615295437999976, -23.48636641230961], [-50.61529542099998, -23.486372387309633], [-50.61529540299995, -23.48637836130966], [-50.61529538599996, -23.486384336309623], [-50.615295368999966, -23.486390310309655], [-50.61529535099999, -23.486396285309624], [-50.61529533399993, -23.48640225930966], [-50.61529531699994, -23.486408235309607], [-50.615295298999975, -23.486414209309636], [-50.61529529799998, -23.48641461130965], [-50.615295286999974, -23.48641861130966], [-50.615295264999986, -23.486426160309623], [-50.61529524699994, -23.486432134309656], [-50.61529522999996, -23.48643810830963], [-50.61529521299997, -23.486444083309646], [-50.61529519499992, -23.486450058309604], [-50.615295160999956, -23.486462007309616], [-50.61529514299996, -23.486467982309634], [-50.61529512599998, -23.48647395630961], [-50.61529510899993, -23.48647993130963], [-50.61529509099994, -23.486485908309636], [-50.61529507399996, -23.486491882309615], [-50.61529506399995, -23.486495330309626], [-50.61529505599998, -23.486497857309622], [-50.61528856099994, -23.486503814309614], [-50.61528854399995, -23.48650978930962], [-50.615282014999934, -23.486527697309658], [-50.61528199599996, -23.486533671309623], [-50.615281979999956, -23.48653964830963], [-50.615275501999974, -23.486539631309636], [-50.615275484999984, -23.48654560630966], [-50.61527546699994, -23.486551580309637], [-50.615275449999956, -23.48655755730963], [-50.61527543299997, -23.486563531309603], [-50.615275414999985, -23.48656950630963], [-50.615268937999986, -23.486569489309634], [-50.61526892099993, -23.4865754643096], [-50.61526446599999, -23.486583627309624], [-50.61526240799998, -23.486587397309656], [-50.61525589599996, -23.48659933130965], [-50.61525589399997, -23.4866002273096], [-50.61525587899996, -23.486605306309613], [-50.615249382999934, -23.48661126530963], [-50.615249365999944, -23.48661723930961], [-50.61524934899995, -23.48662321430963], [-50.615242870999964, -23.486623197309648], [-50.615242835999936, -23.486635148309613], [-50.61523635899993, -23.48663513130963], [-50.615236323999966, -23.486647082309645], [-50.61522981099995, -23.4866590143096], [-50.61522331699996, -23.486664973309622], [-50.61521678699995, -23.486682881309644], [-50.615210289999936, -23.48668884130965], [-50.615210238999964, -23.48670676530961], [-50.61520372699994, -23.48671869930966], [-50.615197231999964, -23.48672465630964], [-50.61519721399998, -23.486730631309605], [-50.61519415899994, -23.48673623030962], [-50.615213998999934, -23.48677307630963], [-50.61522543199993, -23.486815743309617], [-50.61522880299998, -23.486828321309627], [-50.615228677999944, -23.486871455309625], [-50.615228486999975, -23.48693708830965], [-50.615201689999935, -23.48699840230964], [-50.615195325999935, -23.487010064309594], [-50.615187746999936, -23.487023951309624], [-50.61517814699994, -23.487050279309607], [-50.61517281499994, -23.487064902309644], [-50.61516537999995, -23.487085295309633], [-50.61515309799995, -23.487096565309596], [-50.61510647999995, -23.487139333309617], [-50.61509591999993, -23.487146595309614], [-50.615058869999984, -23.487172083309613], [-50.61503721399998, -23.487182004309627], [-50.615116647999976, -23.487044705309614], [-50.61508924999998, -23.486941601309617], [-50.61510124199998, -23.486914159309638], [-50.61510135999998, -23.48687350230963], [-50.615101366999966, -23.486871142309646], [-50.61510145099993, -23.48684246330961], [-50.615093760999976, -23.48681376430963], [-50.61508602899994, -23.486799406309654], [-50.61507827699995, -23.48679221530964], [-50.61506275099998, -23.486785009309617], [-50.615047223999966, -23.48677780030964], [-50.61504542799997, -23.486776689309618], [-50.61504343699994, -23.48676919730961], [-50.61507466499995, -23.486618905309616], [-50.615155028999936, -23.486434695309626], [-50.615194764999956, -23.48631748630963], [-50.61529491999995, -23.486262187309638], [-50.615397092999956, -23.486221998309638], [-50.615599471999985, -23.486202073309634]]], [[[-50.616176224999954, -23.486166695309624], [-50.61621561699997, -23.486164457309645], [-50.61621741399995, -23.486164599309625], [-50.61620072299997, -23.48616675630967], [-50.616176224999954, -23.486166695309624]]], [[[-50.61843821299993, -23.488250223309592], [-50.618431733999955, -23.488250207309594], [-50.618425257999945, -23.48825019230958], [-50.618420802999935, -23.48824606330958], [-50.61860594399997, -23.488255018309584], [-50.618620952999954, -23.4882500453096], [-50.61861959299995, -23.4882506683096], [-50.61860661999998, -23.488256611309563], [-50.618605142999975, -23.488257060309593], [-50.61858716899997, -23.488262537309595], [-50.618574213999985, -23.488262505309585], [-50.61855477999996, -23.488262457309588], [-50.618541824999966, -23.48826242630958], [-50.61853534599993, -23.488262410309577], [-50.618528867999935, -23.488262396309604], [-50.618515912999946, -23.488262363309616], [-50.61850943499996, -23.48826234830961], [-50.618502956999976, -23.488262331309613], [-50.618496478999994, -23.4882623163096], [-50.61848922499996, -23.488262298309564], [-50.61847704599995, -23.488262269309594], [-50.61847056799996, -23.4882622523096], [-50.61845762999996, -23.488256246309618], [-50.61845115099993, -23.48825623030961], [-50.61844467399993, -23.488256214309615], [-50.61843821299993, -23.488250223309592]]], [[[-50.61886033099996, -23.488170727309573], [-50.61910744099998, -23.48810281130961], [-50.61922682099998, -23.488069659309595], [-50.61920804999994, -23.488092617309583], [-50.61920721599995, -23.488093638309582], [-50.619189836999965, -23.48811489230957], [-50.619151244999955, -23.488138488309573], [-50.61912008799993, -23.488159920309617], [-50.61908273299997, -23.488182758309634], [-50.61905373899998, -23.48819337330958], [-50.61902347299997, -23.488204453309606], [-50.61897504299998, -23.4882154953096], [-50.61894991599996, -23.488221224309598], [-50.618912155999965, -23.488228093309615], [-50.61890604199994, -23.48822920530961], [-50.61884695699996, -23.488238140309594], [-50.61882705899996, -23.488238091309597], [-50.61878200799998, -23.488237981309567], [-50.61876646099996, -23.488237943309578], [-50.61875172499998, -23.488237907309625], [-50.61871981999996, -23.488237829309583], [-50.61867317899998, -23.488237714309605], [-50.618666204999954, -23.48823769730962], [-50.61866497199997, -23.48823882930958], [-50.61865487699999, -23.488238804309614], [-50.61886033099996, -23.488170727309573]]], [[[-50.61920748899996, -23.489172712309575], [-50.61920643099995, -23.489172221309598], [-50.619186996999986, -23.48917217430958], [-50.61917404199994, -23.489172142309585], [-50.619161085999956, -23.489172110309582], [-50.61915460799998, -23.489172095309566], [-50.61914165199994, -23.48917206330956], [-50.61913517399995, -23.489172047309555], [-50.61912869699995, -23.489172031309565], [-50.61912221899996, -23.48917201530956], [-50.619115757999964, -23.489166024309593], [-50.61910929699996, -23.489160035309542], [-50.61910281899998, -23.489160019309544], [-50.619100860999936, -23.489158203309596], [-50.619317886999966, -23.489177624309583], [-50.619343604999976, -23.48917746930957], [-50.619342449999984, -23.48917852830958], [-50.619329492999945, -23.489178496309567], [-50.61932301599996, -23.489178480309572], [-50.619316537999964, -23.489178464309575], [-50.619310059999975, -23.489178449309566], [-50.619303581999986, -23.489178433309558], [-50.61929062599995, -23.48917840130955], [-50.61928414799996, -23.489178386309607], [-50.61927119199998, -23.48917835430959], [-50.61926471399995, -23.489178339309586], [-50.61924528099996, -23.489178290309592], [-50.61923880299997, -23.48917827530958], [-50.61921936999993, -23.48917822730957], [-50.61920748899996, -23.489172712309575]]], [[[-50.61971768699994, -23.48916474730957], [-50.619711721999984, -23.489167480309597], [-50.61969876599994, -23.48916744930959], [-50.61969228799995, -23.489167432309596], [-50.619679315999974, -23.48917337630954], [-50.61967283699994, -23.489173359309554], [-50.619672305999984, -23.489173847309566], [-50.61966634199995, -23.489179318309578], [-50.61965986499996, -23.489179303309566], [-50.61964690899998, -23.489179271309574], [-50.61964215799998, -23.489179259309577], [-50.61964043099994, -23.489179256309555], [-50.61963395299995, -23.489179239309554], [-50.619627474999966, -23.48917922430955], [-50.61960804199998, -23.489179177309595], [-50.61960156299994, -23.489179160309597], [-50.619588607999965, -23.489179130309576], [-50.61957565199999, -23.489179097309584], [-50.619562696999935, -23.489179066309564], [-50.61955621799996, -23.489179051309552], [-50.61954974099996, -23.48917903430957], [-50.61954672899998, -23.48917624330959], [-50.61956392099995, -23.489176139309546], [-50.61971768699994, -23.48916474730957]]], [[[-50.620240628999966, -23.489091098309572], [-50.62024376099998, -23.489090522309574], [-50.62024312799997, -23.489091104309555], [-50.620240628999966, -23.489091098309572]]], [[[-50.62027272199998, -23.489085202309564], [-50.62027624899997, -23.489084553309556], [-50.62027553499996, -23.48908520830956], [-50.62027272199998, -23.489085202309564]]]]}, "properties": {"objectid": 8685803, "cod_tema": "RIO_10_A_50", "nom_tema": "Curso d'agua natural de 10 a 50 metros", "cod_imovel": "PR-4124301-2BF7884D4CC64AA2BF1261D26CD04C3C", "ind_status": "AT", "des_condic": "Analisado, aguardando regularizacao ambiental (Lei n 12.651/2012)", "Shape__Area": 9.844764338186614e-07, "Shape__Length": 0.022032664203924215}}, {"type": "Feature", "id": 8687198, "geometry": {"type": "MultiPolygon", "coordinates": [[[[-50.71135217699998, -23.468752819310044], [-50.71145895099993, -23.468805877310025], [-50.71146492099996, -23.468809614310018], [-50.71147004799997, -23.468814445310027], [-50.71147413399996, -23.468820183310065], [-50.71147702099995, -23.468826608310035], [-50.711478599999964, -23.468833473310017], [-50.71147880899997, -23.46884051431003], [-50.71147764099994, -23.46884746031001], [-50.711475138999965, -23.46885404531001], [-50.71147140199997, -23.468860016310014], [-50.71146657099996, -23.468865142310037], [-50.711460832999926, -23.468869228310023], [-50.71145440799995, -23.46887211631001], [-50.71144754299996, -23.468873694310037], [-50.71144050199996, -23.468873904310016], [-50.71143355599998, -23.46887273531005], [-50.71142697099998, -23.46887023431001], [-50.71132019899994, -23.468817177310008], [-50.71088033899997, -23.46859867731006], [-50.70801378699997, -23.467222177310035], [-50.707991468999985, -23.46721146031009], [-50.70698728399998, -23.466729237310087], [-50.70697995699994, -23.466725719310062], [-50.70692134999995, -23.466697574310075], [-50.70688931299998, -23.466682217310083], [-50.70682789699998, -23.46665272631006], [-50.70682187699999, -23.46664906931008], [-50.70681668499998, -23.466644308310073], [-50.70681252299994, -23.46663862631008], [-50.70680954799997, -23.466632241310066], [-50.70680787699995, -23.46662539831008], [-50.706807572999935, -23.466618360310097], [-50.706808646999946, -23.466611399310107], [-50.70681105899996, -23.466604781310053], [-50.70681471599994, -23.46659876031007], [-50.706819476999954, -23.466593569310053], [-50.70682515899995, -23.466589406310078], [-50.70683154499994, -23.466586432310105], [-50.706838387999944, -23.4665847603101], [-50.706845424999976, -23.466584456310077], [-50.70685238699998, -23.466585530310088], [-50.706859004999956, -23.466587942310106], [-50.70692041099994, -23.466617428310055], [-50.70695244899997, -23.46663278731009], [-50.70701106699994, -23.4666609363101], [-50.70701839199996, -23.466664454310056], [-50.70802257899993, -23.467146677310062], [-50.70804489599994, -23.46715739431007], [-50.71091166399997, -23.46853399731003], [-50.71091209599996, -23.468534208310018], [-50.71135217699998, -23.468752819310044]]], [[[-50.71292766299996, -23.470738590309953], [-50.71291063899997, -23.471102693309984], [-50.712909621999984, -23.471109663310006], [-50.71290726499995, -23.471116301309944], [-50.71290365799996, -23.471122351309976], [-50.712898938999956, -23.471127582309972], [-50.71289329199993, -23.47113179130996], [-50.71288693099996, -23.471134818309952], [-50.712880101999986, -23.47113654630998], [-50.712873066999975, -23.47113690830997], [-50.71286609699996, -23.471135891309967], [-50.712859458999965, -23.471133534310002], [-50.71285340899993, -23.471129927310006], [-50.712848177999945, -23.471125208309996], [-50.71284396899995, -23.471119561309976], [-50.71284094199996, -23.471113200309997], [-50.712839214999974, -23.471106371309972], [-50.71283885199995, -23.47109933630996], [-50.71285575199994, -23.470737904309992], [-50.712826775999986, -23.47045416330996], [-50.71272280099999, -23.470305911309993], [-50.71272084799995, -23.47030279831], [-50.71264660199995, -23.47016984430998], [-50.71213591199996, -23.46925558931], [-50.71211926499995, -23.46922578731002], [-50.71211034099997, -23.46920981030998], [-50.71184895199997, -23.469079922310048], [-50.71184298099996, -23.469076184310016], [-50.71183785499994, -23.469071354310056], [-50.711833768999945, -23.469065616310036], [-50.71183088099996, -23.469059191310045], [-50.71182930299995, -23.469052326310003], [-50.71182909399994, -23.469045285310045], [-50.711830261999985, -23.469038338310018], [-50.71183276299997, -23.46903175331002], [-50.71183650099994, -23.469025783310006], [-50.711841331999956, -23.469020656309993], [-50.711847069999976, -23.46901657130999], [-50.71185349499996, -23.469013683310006], [-50.71186035999995, -23.46901210431001], [-50.71186740099995, -23.46901189531], [-50.711874346999934, -23.469013064310026], [-50.71188093199998, -23.469015565310016], [-50.71215227899995, -23.469150401310046], [-50.712158355999975, -23.46915422131], [-50.71216355199993, -23.469159172310047], [-50.71216765999998, -23.46916505730999], [-50.71218200599998, -23.46919074231002], [-50.71219865299997, -23.469220543310005], [-50.71270934499995, -23.47013480430998], [-50.71278269499993, -23.47026615330999], [-50.71289098999995, -23.47042056531], [-50.71289405599998, -23.47042583831001], [-50.712896185999966, -23.47043155331], [-50.71289731799993, -23.470437547309995], [-50.71292751599998, -23.47073326230997], [-50.71292766299996, -23.470738590309953]]], [[[-50.70136480799994, -23.46677728131008], [-50.701353325999946, -23.466792454310085], [-50.70134854499997, -23.466797628310044], [-50.701342846999985, -23.46680176931007], [-50.701336449999985, -23.46680471931009], [-50.70132960099994, -23.46680636431009], [-50.70132256299996, -23.466806642310043], [-50.701315604999934, -23.466805541310087], [-50.70130899599996, -23.466803104310056], [-50.701302989999924, -23.466799424310093], [-50.701297815999965, -23.46679464331007], [-50.70129367499994, -23.46678894531007], [-50.70129072499997, -23.46678254931008], [-50.70128907999998, -23.466775699310084], [-50.70128880199997, -23.466768661310056], [-50.701289902999974, -23.46676170331008], [-50.70129233999995, -23.46675509431006], [-50.70129601999997, -23.466749088310085], [-50.70130750199997, -23.46673391531008], [-50.70170538999997, -23.466208135310108], [-50.701932402999944, -23.465768298310074], [-50.701936893999964, -23.46576157831009], [-50.701942772999985, -23.46575603231008], [-50.70228137899994, -23.46550207731008], [-50.70258897599996, -23.4650960013101], [-50.702594154999986, -23.46509048331013], [-50.702600374999975, -23.465086173310123], [-50.702607359999945, -23.465083261310102], [-50.702614799999935, -23.465081876310105], [-50.70262236499997, -23.465082080310093], [-50.703996685999975, -23.46526521131011], [-50.70400610699994, -23.465267807310124], [-50.704561866999946, -23.46550624031011], [-50.704590279999934, -23.465518430310116], [-50.704980457999966, -23.465685947310085], [-50.70498183599995, -23.4656865743101], [-50.70534372999998, -23.46586035231012], [-50.70534974999998, -23.465864009310106], [-50.70535494099994, -23.465868770310113], [-50.70535910399997, -23.465874452310107], [-50.70536207799995, -23.4658808383101], [-50.70536374999995, -23.465887681310104], [-50.70536405399997, -23.465894718310082], [-50.70536297899998, -23.465901680310076], [-50.705360566999964, -23.46590829831012], [-50.705356909999985, -23.465914318310123], [-50.70535214899996, -23.465919509310076], [-50.70534646699997, -23.465923672310105], [-50.70534008099998, -23.46592664631008], [-50.70533323799998, -23.46592831831008], [-50.705326200999934, -23.4659286223101], [-50.70531923899995, -23.465927547310105], [-50.70531262099996, -23.465925135310087], [-50.70495141099997, -23.465751685310117], [-50.70456193299999, -23.465584468310112], [-50.70453353299995, -23.4655722843101], [-50.70398230499995, -23.46533579531013], [-50.70263362199995, -23.465156080310134], [-50.70233561799995, -23.4655494933101], [-50.702328534999936, -23.46555654231008], [-50.70199248399996, -23.465808580310117], [-50.70176783499994, -23.46624383831009], [-50.70176455799998, -23.466249041310082], [-50.70136480799994, -23.46677728131008]]], [[[-50.69988795399996, -23.470555259310004], [-50.699905247999936, -23.471150035310007], [-50.69990476099997, -23.47115706230998], [-50.69990291399994, -23.471163859309954], [-50.69989977499995, -23.471170165310003], [-50.69989546599999, -23.471175738309963], [-50.699890152999956, -23.47118036330999], [-50.69988403999997, -23.471183863309985], [-50.69987736199994, -23.471186103309996], [-50.69987037499993, -23.471186996309978], [-50.69986334799995, -23.47118651030995], [-50.69985654999993, -23.471184662309994], [-50.69985024399994, -23.47118152430998], [-50.69984467099994, -23.47117721530997], [-50.69984004599996, -23.471171902309997], [-50.69983654699996, -23.47116578930995], [-50.69983430699994, -23.471159111309976], [-50.699833412999965, -23.471152123309967], [-50.69981612399994, -23.470557533310004], [-50.69979652999996, -23.470060574309983], [-50.699796754999966, -23.470054897309993], [-50.69979787299997, -23.470049327310008], [-50.69996501199995, -23.469461724310037], [-50.699967879999974, -23.46945462431002], [-50.70013049299996, -23.46915021931002], [-50.70013407599998, -23.469144768310038], [-50.70013858599997, -23.46914005431003], [-50.70050296099998, -23.468822691310017], [-50.70055612899994, -23.468484400310036], [-50.700557698999944, -23.46847814331004], [-50.700560361999976, -23.46847226631007], [-50.70075907299998, -23.46812153831007], [-50.70078299699998, -23.467664010310056], [-50.70078378099998, -23.467658194310058], [-50.70082304699997, -23.467479024310034], [-50.70082496499998, -23.467472926310062], [-50.70082793399996, -23.467467264310084], [-50.70083185999994, -23.46746221831008], [-50.70112130499996, -23.46715164531005], [-50.70114567999997, -23.46705066331005], [-50.701158945999964, -23.46699191131009], [-50.70115946699997, -23.46698988231006], [-50.701179101999976, -23.466921704310064], [-50.70118170599994, -23.466915159310037], [-50.70118553599997, -23.46690924831009], [-50.70119044599994, -23.46690419731007], [-50.70119624699999, -23.46690020131009], [-50.701202715999955, -23.466897414310065], [-50.701209604999974, -23.466895942310053], [-50.70121664799996, -23.466895843310077], [-50.70122357499997, -23.466897119310055], [-50.70123012099998, -23.466899723310096], [-50.70123603199994, -23.466903553310058], [-50.70124108299995, -23.466908463310094], [-50.70124507899993, -23.466914264310073], [-50.70124786599996, -23.466920734310097], [-50.70124933799997, -23.46692762231006], [-50.701249436999944, -23.466934665310053], [-50.70124815999998, -23.46694159331005], [-50.70122881599996, -23.467008763310073], [-50.70121572199997, -23.467066751310046], [-50.701215600999944, -23.467067268310092], [-50.70118895099995, -23.46717767531006], [-50.701187004999944, -23.467183500310078], [-50.701184095999956, -23.467188908310064], [-50.70118030799995, -23.467193742310055], [-50.70089113999995, -23.467504018310038], [-50.70085461099996, -23.46767070331004], [-50.700830396999955, -23.468133754310028], [-50.70082900799997, -23.468141941310023], [-50.70082577699998, -23.468149591310056], [-50.700626108999984, -23.46850201031003], [-50.70057192399997, -23.46884677331], [-50.70057041499996, -23.46885285431003], [-50.700567872999954, -23.46885858131001], [-50.70056437499994, -23.468863779310002], [-50.70056002699994, -23.46886829031004], [-50.70019076799997, -23.46918990831003], [-50.70003308199995, -23.46948508931003], [-50.69986856499998, -23.470063473310017], [-50.699887940999986, -23.470554887310016], [-50.69988795399996, -23.470555259310004]]]]}, "properties": {"objectid": 8687198, "cod_tema": "RIO_ATE_10", "nom_tema": "Curso d'agua natural de ate 10 metros", "cod_imovel": "PR-4126009-580FECBA316642FFB49D796F599A76CF", "ind_status": "AT", "des_condic": "Em analise", "Shape__Area": 1.2474322283053413e-06, "Shape__Length": 0.035165211860536526}}, {"type": "Feature", "id": 8695136, "geometry": {"type": "Polygon", "coordinates": [[[-50.63558172699993, -23.509398283309086], [-50.63557480999998, -23.509415591309143], [-50.635444975999974, -23.509341105309133], [-50.635344283999984, -23.509291970309146], [-50.63520782799998, -23.509241692309146], [-50.634952707999965, -23.509186364309116], [-50.63469628799999, -23.50911610630912], [-50.63451163599996, -23.5090593803091], [-50.634313299999974, -23.509051258309093], [-50.63410178999993, -23.50900216530913], [-50.63407379199998, -23.509000674309156], [-50.63404930199994, -23.50899137030916], [-50.63402887199993, -23.50898782130911], [-50.633760637999956, -23.508950181309157], [-50.633515098999965, -23.50881275730915], [-50.633278006999944, -23.508637723309153], [-50.63326138399998, -23.508612576309137], [-50.63321199299997, -23.508544643309172], [-50.633082282999965, -23.50841298430914], [-50.63293332099994, -23.50821930530913], [-50.63287856699998, -23.508023046309145], [-50.63284040399998, -23.507858796309186], [-50.63280370899997, -23.50770594830914], [-50.632821002999954, -23.50769440930915], [-50.632859543999984, -23.507854952309128], [-50.632897637999974, -23.508018901309143], [-50.63295139099995, -23.50821157430915], [-50.633097576999944, -23.508401643309135], [-50.63322746099993, -23.508533479309158], [-50.63327788999993, -23.508602839309155], [-50.633292939999926, -23.508625606309117], [-50.633526348999965, -23.508797921309103], [-50.63376745499995, -23.508932864309138], [-50.63403215899996, -23.508970009309106], [-50.63405490399998, -23.508973960309156], [-50.63407820899994, -23.50898281430914], [-50.63410477199994, -23.508984229309124], [-50.634316153999976, -23.509033292309123], [-50.63451523499998, -23.50904144430916], [-50.634702174999966, -23.50909887330913], [-50.63495774499995, -23.509168898309145], [-50.635213737999955, -23.509224415309106], [-50.63535252199995, -23.509275552309116], [-50.63545474299996, -23.50932543230912], [-50.63558172699993, -23.509398283309086]]]}, "properties": {"objectid": 8695136, "cod_tema": "RIO_ATE_10", "nom_tema": "Curso d'agua natural de ate 10 metros", "cod_imovel": "PR-4124301-0E57260BCA304D16963BAC79FD4E574E", "ind_status": "AT", "des_condic": "Aguardando analise", "Shape__Area": 6.556147775036098e-08, "Shape__Length": 0.007103561972255376}}, {"type": "Feature", "id": 8704540, "geometry": {"type": "MultiPolygon", "coordinates": [[[[-50.71456150199998, -23.451539313310416], [-50.716443298999934, -23.45079143231043], [-50.71644583699998, -23.45079070231042], [-50.71644846899995, -23.450790481310428], [-50.71645109399997, -23.45079077731042], [-50.71645361099997, -23.450791580310458], [-50.716455921999966, -23.45079285931045], [-50.71645793999994, -23.450794564310446], [-50.716459585999985, -23.450796630310425], [-50.71646079699997, -23.450798977310452], [-50.71646152799997, -23.450801516310424], [-50.71646174899996, -23.45080414831044], [-50.716461451999976, -23.450806773310426], [-50.71646064899995, -23.45080928931042], [-50.71645936999994, -23.45081160131042], [-50.71645766499995, -23.45081361831045], [-50.716455598999964, -23.450815265310432], [-50.716453251999944, -23.45081647631041], [-50.714572587999946, -23.451563907310433], [-50.71451848899994, -23.451597718310417], [-50.71451606099998, -23.451598915310438], [-50.71451344199994, -23.451599603310424], [-50.71451073899993, -23.451599753310433], [-50.71450805999996, -23.4515993593104], [-50.71450551399994, -23.451598438310416], [-50.71421999699999, -23.451461315310418], [-50.71421992899997, -23.451461274310397], [-50.71421985499995, -23.45146124631041], [-50.71421879499996, -23.451460585310404], [-50.71421773899994, -23.45145994431041], [-50.71421768099998, -23.451459890310424], [-50.71421761299996, -23.451459848310414], [-50.71420822099997, -23.451452622310427], [-50.711850535999986, -23.451997847310412], [-50.71184873799996, -23.451998136310426], [-50.71044845799997, -23.45212730631041], [-50.71044624599995, -23.4521273283104], [-50.710444059999986, -23.452126988310408], [-50.70905004499997, -23.451790676310413], [-50.708258167999986, -23.45205583631038], [-50.70825811199995, -23.4520558553104], [-50.70798200199993, -23.45214696531038], [-50.70798112199997, -23.45214722231039], [-50.70727612799993, -23.4523276993104], [-50.70442030199995, -23.453194003310387], [-50.70441947099994, -23.453194226310398], [-50.70301748099996, -23.45352349131035], [-50.702154353999966, -23.45383959231035], [-50.70215152799995, -23.453840292310336], [-50.70083208799997, -23.454018911310396], [-50.70082905799995, -23.454018978310355], [-50.700826089999964, -23.454018365310368], [-50.70082333399995, -23.454017105310392], [-50.698782155999936, -23.45278923631036], [-50.698492422999955, -23.452739106310386], [-50.69849197999997, -23.452739022310368], [-50.69757447999996, -23.45254847231042], [-50.69757118899998, -23.45254732831041], [-50.69670278199994, -23.452112705310434], [-50.69461559499996, -23.4515863943104], [-50.694612961999944, -23.451585429310423], [-50.694610584999964, -23.451583939310435], [-50.69460856799998, -23.451581990310423], [-50.694606997999976, -23.451579665310387], [-50.69460594399993, -23.45157706631042], [-50.694245121999984, -23.45032723531046], [-50.693861950999974, -23.449502898310488], [-50.693861266999924, -23.449501101310453], [-50.693634174999936, -23.448746249310478], [-50.693061557999954, -23.448496792310475], [-50.693059114999976, -23.448495409310503], [-50.69305701199994, -23.4484935493105], [-50.693055338999955, -23.44849129331049], [-50.69305416999999, -23.448488740310474], [-50.69305355599994, -23.448486001310513], [-50.693053522999946, -23.448483193310476], [-50.69309630299995, -23.448022363310486], [-50.693096823999944, -23.44801970231049], [-50.69309786799994, -23.448017198310474], [-50.693099390999976, -23.448014955310487], [-50.69310133399994, -23.448013062310512], [-50.693103614999984, -23.44801159631048], [-50.69310614499995, -23.4480106173105], [-50.693108817999985, -23.44801016431051], [-50.69311152899997, -23.448010256310507], [-50.69336117499995, -23.448044076310506], [-50.693152315999946, -23.447802992310525], [-50.693150910999975, -23.4478010443105], [-50.69314987499996, -23.447798879310483], [-50.69314923999997, -23.447796563310472], [-50.69314902499997, -23.447794172310523], [-50.69314923899998, -23.44779178131052], [-50.69329599699996, -23.446976777310535], [-50.692841707999946, -23.44655265031051], [-50.691347950999955, -23.44547593031057], [-50.691345902999956, -23.445474110310556], [-50.69134426499994, -23.44547191431053], [-50.69134310499993, -23.44546943131058], [-50.691342471999974, -23.445466766310574], [-50.69126124999997, -23.444852917310605], [-50.69062323899993, -23.444574537310597], [-50.68966633599996, -23.444257887310606], [-50.688928568999984, -23.444050189310552], [-50.688926329999966, -23.444049338310577], [-50.68892427799994, -23.444048104310617], [-50.68892247599996, -23.44404652631059], [-50.688674134999985, -23.443786528310607], [-50.687740023999936, -23.44291554631059], [-50.686724642999934, -23.44271766531063], [-50.68672235699995, -23.442717005310612], [-50.686720221999956, -23.442715954310646], [-50.68671830599993, -23.442714544310608], [-50.68671666799998, -23.442712819310596], [-50.68671535899994, -23.44271083231064], [-50.686437308999984, -23.442195002310616], [-50.686436242999946, -23.44219241031062], [-50.68643573599997, -23.442189653310617], [-50.68643580999998, -23.44218685131064], [-50.68643646299995, -23.442184125310646], [-50.68643766599997, -23.442181593310657], [-50.686587101999976, -23.441936529310638], [-50.68650560799994, -23.441349817310634], [-50.68632653499997, -23.44049971631068], [-50.68632624899993, -23.44049662231066], [-50.68632667999998, -23.440493544310698], [-50.68649510699999, -23.43984653631066], [-50.68624758899995, -23.43949469231071], [-50.68624620899993, -23.43949221031069], [-50.686245379999946, -23.439489495310703], [-50.68624513799995, -23.439486666310717], [-50.68626541799995, -23.438482507310702], [-50.686265425999984, -23.43848224131072], [-50.686286738999975, -23.43794832531073], [-50.68623942399995, -23.43775825431072], [-50.686239041999954, -23.437755662310735], [-50.68623916799999, -23.437753045310732], [-50.686239797999974, -23.43775050231074], [-50.686240907999945, -23.437748129310712], [-50.686242456999935, -23.437746015310722], [-50.68624438499995, -23.437744242310707], [-50.68624661999997, -23.437742875310732], [-50.68624907699996, -23.437741966310735], [-50.68625166399994, -23.437741550310704], [-50.68655542499993, -23.437722663310748], [-50.68642812599995, -23.437368037310712], [-50.686108949999955, -23.43732306231074], [-50.68610623999995, -23.437322387310704], [-50.68610372699993, -23.437321170310728], [-50.68610151999996, -23.437319460310757], [-50.68609971199999, -23.43731733231073], [-50.686098381999955, -23.43731487731072], [-50.68609758599996, -23.437312200310725], [-50.68609735899997, -23.437309417310708], [-50.686111740999934, -23.436666592310726], [-50.68570821099996, -23.43575450831076], [-50.68531202399998, -23.435296029310795], [-50.68531077999995, -23.43529433931075], [-50.68530981299995, -23.435292476310792], [-50.68507045299999, -23.434727623310792], [-50.68488987999995, -23.43466267831078], [-50.68488736099994, -23.43466146431082], [-50.68488514699993, -23.434659757310808], [-50.68488333399995, -23.43465762931079], [-50.68488199799998, -23.43465517331079], [-50.68478311799998, -23.434417392310777], [-50.68478233999996, -23.4344148273108], [-50.68478208499994, -23.434412158310828], [-50.68478236399994, -23.43440949231083], [-50.68478316499995, -23.43440693431082], [-50.68478445599993, -23.43440458431083], [-50.684786187999975, -23.434402537310817], [-50.68478828999997, -23.434400874310796], [-50.684996197999965, -23.434267638310782], [-50.684924115999934, -23.433651069310795], [-50.684713973999976, -23.43344830531082], [-50.68471200099998, -23.433445903310812], [-50.68471062999998, -23.433443113310812], [-50.68458619099994, -23.433092283310813], [-50.684585539999944, -23.433089604310844], [-50.68458544699997, -23.43308684931081], [-50.68458591799998, -23.43308413231084], [-50.684586931999945, -23.433081568310847], [-50.684588445999964, -23.43307926431082], [-50.684590397999955, -23.433077317310847], [-50.68459270499995, -23.433075807310836], [-50.68459527099998, -23.433074799310813], [-50.68459798899994, -23.433074334310835], [-50.684600743999965, -23.43307443231083], [-50.68460342199995, -23.433075089310805], [-50.68484999899994, -23.43316314431086], [-50.68515250199993, -23.432691164310825], [-50.684965079999984, -23.43190640831087], [-50.68481076099994, -23.43193136131085], [-50.68480803099993, -23.431931521310865], [-50.684805324999964, -23.431931127310875], [-50.684802754999964, -23.43193019531085], [-50.684800424999935, -23.431928763310868], [-50.68479843299996, -23.431926890310837], [-50.68450192699999, -23.431585203310835], [-50.684173235999936, -23.431603173310886], [-50.68417067299998, -23.431603069310853], [-50.68416817599996, -23.431602481310875], [-50.68416583599998, -23.43160143031085], [-50.68416373799994, -23.43159995631086], [-50.68416195699996, -23.431598110310894], [-50.684160557999974, -23.431595960310887], [-50.68415959199996, -23.431593584310875], [-50.68382157299993, -23.4304648333109], [-50.68368193799995, -23.43031013731092], [-50.68368040499997, -23.430308073310925], [-50.683679291999965, -23.430305755310876], [-50.68367863899994, -23.430303268310915], [-50.68367847099995, -23.43030070231088], [-50.683678793999945, -23.43029815131093], [-50.683679594999944, -23.430295708310886], [-50.68395182499996, -23.429673488310936], [-50.683953008999936, -23.42967133931093], [-50.68395456199994, -23.429669441310924], [-50.68395643399998, -23.42966785631092], [-50.68410143399996, -23.429566186310936], [-50.68410297599997, -23.429565252310923], [-50.68414941699996, -23.429541212310895], [-50.684102215999985, -23.429279041310924], [-50.68394619999997, -23.42884202931092], [-50.68394554599996, -23.428839372310932], [-50.68394544299996, -23.428836637310916], [-50.683945893999976, -23.42883393831093], [-50.68394688199999, -23.42883138631092], [-50.683948364999935, -23.428829085310927], [-50.683950280999966, -23.42882713231094], [-50.683952552999976, -23.428825607310927], [-50.68395508699996, -23.428824572310905], [-50.684078977999945, -23.428788121310934], [-50.68417853099998, -23.42852888731095], [-50.684162199999946, -23.428336880310944], [-50.684110084999986, -23.428271556310953], [-50.68399533599995, -23.428327395310923], [-50.683992761999946, -23.42832833731096], [-50.68399005099997, -23.428328739310917], [-50.68398731399998, -23.42832858531095], [-50.68398466499997, -23.428327879310967], [-50.68398221399996, -23.428326652310933], [-50.68391444399998, -23.428283592310937], [-50.68391246799997, -23.428282062310966], [-50.68391080799995, -23.42828019331095], [-50.68390952299995, -23.428278050310944], [-50.68390865499998, -23.428275707310934], [-50.683908233999944, -23.428273244310944], [-50.68390827599996, -23.428270745310943], [-50.68390877899998, -23.42826829731096], [-50.683909723999925, -23.428265984310926], [-50.68391108099997, -23.42826388531096], [-50.683953799999976, -23.428209605310933], [-50.68391500499996, -23.42809400631096], [-50.683914338999955, -23.428090664310943], [-50.68387516799998, -23.42753400431092], [-50.68387525299994, -23.427531282310955], [-50.683875882999985, -23.427528632310953], [-50.683877033999984, -23.427526162310993], [-50.68387865699997, -23.427523975310983], [-50.68388068799993, -23.427522159310964], [-50.68398620299996, -23.42744546631093], [-50.68396668199995, -23.427394843310935], [-50.683680211999956, -23.427270977310982], [-50.68367788599994, -23.42726968531094], [-50.68367585999994, -23.42726796131099], [-50.68367421099998, -23.42726587331095], [-50.683673004999946, -23.427263502310957], [-50.68367228799997, -23.427260940310944], [-50.68367208899997, -23.42725828731097], [-50.68367241499993, -23.427255646310986], [-50.68367325299994, -23.427253121310976], [-50.68367457099999, -23.427250810310973], [-50.68374790099994, -23.427147480310975], [-50.68374950099997, -23.427145614310987], [-50.68375141299998, -23.427144069310955], [-50.68375357399998, -23.42714289731096], [-50.68375591199999, -23.42714213731098], [-50.683758348999966, -23.42714181531097], [-50.68388085999993, -23.42713689131097], [-50.683814575999975, -23.426811014310967], [-50.68381430599993, -23.426808497310976], [-50.68381451299996, -23.426805973310955], [-50.68381518799998, -23.42680353331095], [-50.68381630699998, -23.426801262310974], [-50.68381783199993, -23.426799240310984], [-50.68381970799993, -23.426797539310964], [-50.683821868999985, -23.426796220310976], [-50.68382423899993, -23.42679532831098], [-50.68382673299993, -23.42679489531095], [-50.683829264999986, -23.426794936310976], [-50.68392988499994, -23.426806095310965], [-50.68396767399998, -23.426724008310963], [-50.68395669399996, -23.426661062310995], [-50.683875144999945, -23.426587504310948], [-50.68387333299995, -23.42658550731098], [-50.68387195599996, -23.426583188310957], [-50.683871066999984, -23.426580642311], [-50.68387070399996, -23.426577970310998], [-50.68387087899998, -23.42657527931097], [-50.68387158799993, -23.42657267731099], [-50.68389074799996, -23.42652267731099], [-50.68389194499998, -23.42652029131099], [-50.68389358899998, -23.426518188310997], [-50.683895615999965, -23.426516450310967], [-50.68389794599995, -23.426515146311], [-50.68390048699996, -23.426514327310965], [-50.68390313899994, -23.426514025310976], [-50.68399187099993, -23.426512768310968], [-50.68403510199994, -23.426392655311], [-50.684036266999954, -23.426390218310956], [-50.68403789499997, -23.426388062310966], [-50.68403991999997, -23.426386274311], [-50.684042261999934, -23.426384926310995], [-50.684044824999944, -23.42638407231099], [-50.684047506999946, -23.42638374731101], [-50.684050199999945, -23.426383963310986], [-50.68414727399994, -23.426401684311], [-50.68414266099995, -23.42633647331101], [-50.68410410499996, -23.426283487311], [-50.68410275299994, -23.426281177310987], [-50.68410188399997, -23.426278646310976], [-50.68410153199994, -23.42627599231097], [-50.68410171199997, -23.42627332231101], [-50.684102416999956, -23.42627073931099], [-50.68410361699994, -23.426268347310984], [-50.68410526699995, -23.426266240310976], [-50.68416739699995, -23.426201351311], [-50.68400173099997, -23.425891919311017], [-50.68400067799996, -23.425889344311013], [-50.684000175999984, -23.425886609311004], [-50.68400024699997, -23.425883828310965], [-50.68400088699997, -23.42588112231099], [-50.68400206799999, -23.425878604311013], [-50.68400374199996, -23.425876383310978], [-50.684005835999976, -23.42587455331099], [-50.68410889099993, -23.42580176131097], [-50.68408886499997, -23.425652349310994], [-50.684088780999964, -23.42564958431101], [-50.684089261999986, -23.425646861310994], [-50.684090289999965, -23.42564429431097], [-50.68409181999994, -23.42564199031101], [-50.684093788999974, -23.42564004831103], [-50.68409611199997, -23.425638548310975], [-50.68409869299995, -23.425637554311024], [-50.68410142199997, -23.42563710731098], [-50.684375290999974, -23.425620867311], [-50.68443802999997, -23.425592112310976], [-50.68443098199999, -23.425450107311], [-50.68443112499994, -23.425447373310984], [-50.68443181599997, -23.425444726311007], [-50.68453689699999, -23.42516326331099], [-50.68437427499999, -23.424864501311], [-50.684373267999945, -23.424862140311014], [-50.684372726999975, -23.424859632311055], [-50.68437267199994, -23.424857067311006], [-50.684373102999984, -23.424854537311035], [-50.68437400699998, -23.42485213631102], [-50.684375348999936, -23.424849949311014], [-50.68437708099998, -23.42484805631103], [-50.684379140999965, -23.424846526311008], [-50.68457636099998, -23.424727356311013], [-50.68457851699998, -23.424726303310997], [-50.684580824999955, -23.424725649311043], [-50.68458321199995, -23.42472541431102], [-50.684800500999984, -23.424723510311033], [-50.68482308999995, -23.42470260231102], [-50.684770997999976, -23.424590288311048], [-50.684586697999976, -23.424621613311], [-50.68458394099997, -23.424621794311015], [-50.684581204999965, -23.424621409311005], [-50.68445204499995, -23.424589469311016], [-50.68444954599994, -23.424588583311], [-50.68444726899998, -23.42458722431105], [-50.68444530299996, -23.42458544531105], [-50.68444372199997, -23.424583316311008], [-50.684442588999964, -23.424580918311005], [-50.68444194799998, -23.424578345311048], [-50.68442555799999, -23.424466675311027], [-50.68442542799995, -23.424464143311024], [-50.68442577399997, -23.424461630311004], [-50.68442658499998, -23.424459227311015], [-50.68442783199998, -23.424457018311003], [-50.68442947099993, -23.424455083311006], [-50.68443144299993, -23.424453489311023], [-50.68450894299997, -23.424402099311035], [-50.684511156999974, -23.424400912311025], [-50.68451355199994, -23.42440015631105], [-50.68451604499995, -23.42439985831102], [-50.68451855099994, -23.42440002831104], [-50.684732473999986, -23.424434781311], [-50.684859435999954, -23.42435629631105], [-50.68498301599994, -23.42426682131101], [-50.68491115699993, -23.424144316311043], [-50.684910076999984, -23.42414199431104], [-50.68490945599996, -23.42413950931105], [-50.68490931599996, -23.42413695231104], [-50.68490966299999, -23.42413441531104], [-50.684953795999945, -23.423946710311014], [-50.684938820999946, -23.42390105231104], [-50.68480268099995, -23.423772288311028], [-50.684800946999985, -23.423770291311058], [-50.68479963699996, -23.423767995311067], [-50.68479880099995, -23.423765486311048], [-50.684798469999976, -23.42376286231107], [-50.68479865799998, -23.42376022531105], [-50.68479935799996, -23.423757675311077], [-50.68483769799996, -23.42365767531104], [-50.68483880599996, -23.423655434311033], [-50.684840307999934, -23.42365343731107], [-50.68484215299998, -23.42365175131105], [-50.68484427699997, -23.423650435311036], [-50.68495245699995, -23.42359660631107], [-50.68503019399998, -23.423256714311076], [-50.685030971999936, -23.423254348311037], [-50.68503217099993, -23.42325216631103], [-50.68503375199998, -23.423250241311035], [-50.68518247399993, -23.423099935311075], [-50.685002948999966, -23.422777666311045], [-50.68500189999998, -23.422775257311056], [-50.68500133799995, -23.422772690311085], [-50.68500128599993, -23.422770062311084], [-50.68500174499997, -23.42276747531104], [-50.68503334799993, -23.42265462731109], [-50.684789371999955, -23.422196701311073], [-50.684647868999946, -23.42227002331106], [-50.68464547099995, -23.42227098631105], [-50.684642932999964, -23.42227147431107], [-50.68464034899995, -23.42227146831107], [-50.68463781299994, -23.422270969311064], [-50.68463541899996, -23.422269996311073], [-50.68441263899995, -23.422153326311065], [-50.68441055999995, -23.422151980311085], [-50.684408762999965, -23.422150277311065], [-50.68440730699996, -23.422148274311045], [-50.684406242999955, -23.422146038311112], [-50.684405605999984, -23.422143646311056], [-50.68440541699994, -23.422141177311076], [-50.684405682999966, -23.422138715311075], [-50.68441957299996, -23.422070105311096], [-50.68442034999998, -23.422067576311083], [-50.684421605999944, -23.422065247311085], [-50.68442329299996, -23.422063209311098], [-50.684425345999955, -23.422061540311073], [-50.684567285999954, -23.42196765031106], [-50.68456957699994, -23.421966434311063], [-50.68457205999993, -23.4219656793111], [-50.68457463999994, -23.42196541431106], [-50.684738985999964, -23.42196444131107], [-50.68468274199995, -23.42186681231108], [-50.68436370499995, -23.42147180131107], [-50.68428265899996, -23.421413134311106], [-50.68428070699997, -23.421411410311087], [-50.68427912199997, -23.421409343311122], [-50.68427796599997, -23.421407009311082], [-50.684194580999986, -23.42118778831108], [-50.684064511999956, -23.420986481311093], [-50.68406334899999, -23.420984248311104], [-50.684062621999935, -23.420981837311086], [-50.68406235599998, -23.420979333311134], [-50.68406256099996, -23.42097682331113], [-50.68406322899995, -23.4209743963111], [-50.68406433699994, -23.420972135311086], [-50.68406584599995, -23.42097011931109], [-50.68406770399997, -23.420968420311098], [-50.684069845999936, -23.420967096311113], [-50.68419222599994, -23.420906439311103], [-50.68421529799997, -23.420842585311085], [-50.68399815399993, -23.420575438311108], [-50.68399617599994, -23.420572133311108], [-50.68387219099998, -23.42027532831109], [-50.68345444299995, -23.419995636311118], [-50.68345288099994, -23.419994414311134], [-50.683301770999954, -23.419857194311145], [-50.683299886999976, -23.419855081311145], [-50.683298484999966, -23.419852620311136], [-50.68316029599998, -23.41953678831113], [-50.68281028299998, -23.419174354311124], [-50.68241921899994, -23.418852624311143], [-50.68241789499996, -23.418851376311153], [-50.68216385599993, -23.418577165311177], [-50.681922627999946, -23.418427846311193], [-50.68192022799997, -23.418425953311132], [-50.68191831699995, -23.418423567311187], [-50.68172859699997, -23.418122177311187], [-50.68172736499997, -23.41811968131115], [-50.68172667299996, -23.418116986311183], [-50.68162061899994, -23.417405842311222], [-50.68156707899993, -23.417348352311198], [-50.681565568999986, -23.417346398311174], [-50.68156443999993, -23.41734420131121], [-50.68156373199997, -23.41734183631121], [-50.68156346699993, -23.417339381311198], [-50.681563654999934, -23.417336918311204], [-50.68156428799995, -23.41733453131116], [-50.68165315599998, -23.41709206631118], [-50.68148603299994, -23.41682124531118], [-50.68148480399998, -23.416818682311213], [-50.68148413899996, -23.416815919311222], [-50.681484069999954, -23.4168130783112], [-50.68148459699995, -23.416810285311175], [-50.68148569899995, -23.41680766531121], [-50.68161415199995, -23.41657459031123], [-50.68160772899996, -23.416428793311212], [-50.68142474499996, -23.41644811931119], [-50.68142157499995, -23.416448079311206], [-50.68141850199998, -23.41644729931121], [-50.68129736899994, -23.41640081031122], [-50.68126047799995, -23.416419153311242], [-50.68126537999995, -23.41648736331123], [-50.68126533799995, -23.416489764311187], [-50.68126487099994, -23.416492119311187], [-50.68126399299995, -23.416494354311197], [-50.681213722999985, -23.41659491431121], [-50.68121231899994, -23.41659714431122], [-50.68121050899999, -23.416599059311206], [-50.68120835999997, -23.4166005853112], [-50.681205955999985, -23.416601664311216], [-50.68120338699998, -23.416602254311176], [-50.681200752999985, -23.416602332311207], [-50.68119815399996, -23.416601896311217], [-50.68112620399995, -23.4165824463112], [-50.681123656999944, -23.4165814723112], [-50.68112135799999, -23.4165800053112], [-50.681119401999986, -23.41657810531122], [-50.681117868999934, -23.41657585131118], [-50.68111682099993, -23.416573334311206], [-50.681116299999985, -23.4165706573112], [-50.68111632999995, -23.41656793031123], [-50.68111690799997, -23.41656526531121], [-50.681163949999984, -23.41642084231123], [-50.681183783999984, -23.416215342311236], [-50.68119734299996, -23.415987023311214], [-50.68110146599997, -23.41595230931123], [-50.68112366399998, -23.416142880311185], [-50.68112370799997, -23.416145556311196], [-50.68112322299999, -23.41614818831121], [-50.68112222599996, -23.416150672311215], [-50.68112075899995, -23.416152910311247], [-50.68107269899998, -23.416212360311224], [-50.681070885999986, -23.416214207311185], [-50.68106875299998, -23.416215674311193], [-50.68106637899996, -23.41621670531119], [-50.681063851999966, -23.416217264311204], [-50.68106126499999, -23.4162173293112], [-50.68105871199998, -23.416216899311195], [-50.68093816299995, -23.41618439931122], [-50.68093584199994, -23.416183538311238], [-50.68093371799995, -23.416182267311207], [-50.680931862999955, -23.416180629311185], [-50.68093033799994, -23.416178679311233], [-50.68084616799995, -23.416047849311184], [-50.68084502299996, -23.416045646311233], [-50.68084430099998, -23.416043271311228], [-50.68084402799997, -23.41604080331124], [-50.680844210999965, -23.416038328311206], [-50.68084484599996, -23.416035927311192], [-50.68084591099995, -23.416033685311195], [-50.68103341099993, -23.415717565311226], [-50.68103491599993, -23.41571550131123], [-50.68103678299997, -23.415713759311235], [-50.681038944999955, -23.415712401311215], [-50.681041324999974, -23.41571147531123], [-50.68104383699995, -23.415711014311224], [-50.68104639099994, -23.4157110363112], [-50.681048894999954, -23.415711539311225], [-50.68105125899996, -23.415712505311248], [-50.68105339799997, -23.415713901311197], [-50.681055234999974, -23.415715674311212], [-50.68113078399994, -23.41580390031122], [-50.68125215499998, -23.415734891311203], [-50.68102820699994, -23.415611235311236], [-50.68102618399996, -23.415609864311236], [-50.68102444099998, -23.415608151311215], [-50.68102303699993, -23.415606152311213], [-50.681022015999986, -23.415603931311228], [-50.68098812599994, -23.415508101311204], [-50.68098748099994, -23.415505444311222], [-50.68098738499998, -23.415502711311255], [-50.68098784299996, -23.41550001531122], [-50.68098883599998, -23.41549746731123], [-50.68099032299994, -23.415495172311225], [-50.680992242999935, -23.415493224311255], [-50.68107436399998, -23.415425316311254], [-50.68108172599995, -23.41528932331124], [-50.68091273499993, -23.415260502311234], [-50.68091005499996, -23.415259753311258], [-50.680907585999925, -23.415258471311233], [-50.68090543399995, -23.41525670831124], [-50.68090368899994, -23.415254542311235], [-50.68090242599993, -23.41525206331124], [-50.680901698999946, -23.415249378311213], [-50.68085002899994, -23.414931048311256], [-50.680849862999935, -23.414928437311236], [-50.68085020399997, -23.414925844311256], [-50.68085103899995, -23.414923366311264], [-50.680852337999966, -23.41492109531122], [-50.68085404999995, -23.414919118311218], [-50.68085611299995, -23.414917510311234], [-50.68095334299994, -23.414855840311247], [-50.68095562399998, -23.41485468131123], [-50.68095808299995, -23.41485397431126], [-50.680960630999955, -23.414853744311245], [-50.68096317599997, -23.41485400031127], [-50.68096562799997, -23.414854733311245], [-50.68112082699997, -23.414917725311216], [-50.68118638799996, -23.41447026531127], [-50.68118707899998, -23.414467552311255], [-50.681188316999965, -23.41446503931128], [-50.681190046999966, -23.41446283831125], [-50.68142549899994, -23.414220062311266], [-50.68136588999994, -23.414037394311286], [-50.68111942699994, -23.414001110311254], [-50.68111684999997, -23.414000465311254], [-50.68111444799997, -23.413999328311277], [-50.68111231699998, -23.413997741311253], [-50.681110538999974, -23.413995767311256], [-50.68110918199994, -23.41399348231127], [-50.68110829999995, -23.41399097631128], [-50.681107926999964, -23.413988345311243], [-50.681108077999966, -23.413985692311268], [-50.68110874599995, -23.41398312131124], [-50.681178124999974, -23.413794792311275], [-50.68091918099998, -23.41378626531124], [-50.68086980999993, -23.413897150311275], [-50.68086852499994, -23.413899415311246], [-50.680866829999964, -23.413901391311263], [-50.68086478499998, -23.413903004311273], [-50.68086246799999, -23.41390419431124], [-50.68085996599996, -23.413904916311274], [-50.68085737199994, -23.41390514331127], [-50.680854782999965, -23.41390486631124], [-50.680852294999966, -23.413904097311242], [-50.68085000099995, -23.41390286431126], [-50.68084798799998, -23.413901212311284], [-50.680846328999955, -23.413899204311267], [-50.68073632899995, -23.41373614431129], [-50.680735081999956, -23.413733840311263], [-50.68073430499993, -23.413731338311294], [-50.680734025999975, -23.413728733311274], [-50.68072985599998, -23.41327540331126], [-50.68073027299994, -23.413271949311294], [-50.68077188099995, -23.41310878031128], [-50.680684808999956, -23.41279920731129], [-50.68068454899998, -23.41279810931132], [-50.68064833799996, -23.412610281311288], [-50.68052505999998, -23.412520917311266], [-50.679890359999945, -23.412428909311306], [-50.67923566399998, -23.41273222531128], [-50.67923277799997, -23.41273318431131], [-50.67922975099998, -23.412733471311295], [-50.679226735999976, -23.412733072311305], [-50.67901882099994, -23.412681160311312], [-50.678309488999965, -23.412881297311284], [-50.67830656599995, -23.41288178331132], [-50.67830360799997, -23.41288161931128], [-50.67830075699994, -23.412880812311286], [-50.67818659699997, -23.412834422311263], [-50.67818382599995, -23.41283289531127], [-50.67818148799995, -23.41283076431129], [-50.67784009799993, -23.412436884311322], [-50.67783865399998, -23.41243487131129], [-50.67783760399993, -23.412432628311308], [-50.677836980999984, -23.41243023031132], [-50.677836808999984, -23.4124277593113], [-50.67784369799994, -23.412118085311324], [-50.67769439799997, -23.411656082311325], [-50.67769383899998, -23.411653525311312], [-50.677693784999974, -23.411650907311312], [-50.67769423799995, -23.41164832831131], [-50.67769518099993, -23.411645886311323], [-50.677794673999976, -23.411447985311288], [-50.67765392899997, -23.411207362311327], [-50.67765391799997, -23.41120734331131], [-50.67750418799995, -23.410950393311314], [-50.677503042999945, -23.410947857311307], [-50.67750244199993, -23.41094514031133], [-50.67750241399994, -23.41094235731132], [-50.677502956999945, -23.410939628311294], [-50.67754684699997, -23.410797688311316], [-50.67754783999993, -23.410795310311332], [-50.67754926799996, -23.41079316431136], [-50.677551078999954, -23.410791329311312], [-50.67755320599997, -23.410789873311305], [-50.677555570999964, -23.410788848311345], [-50.677558087999955, -23.410788293311303], [-50.67756066499992, -23.410788227311322], [-50.677563206999935, -23.410788653311315], [-50.677798837999944, -23.410851788311312], [-50.67788374199995, -23.41060443031135], [-50.677883200999986, -23.410215419311317], [-50.67774982999998, -23.40999378731135], [-50.677686677999986, -23.41020843931135], [-50.67777487999996, -23.410450384311318], [-50.67777554199995, -23.410452976311362], [-50.67777567899998, -23.410455649311352], [-50.67777528499994, -23.410458295311333], [-50.677774375999945, -23.410460812311314], [-50.677772987999965, -23.410463100311343], [-50.677771173999986, -23.41046506831133], [-50.677769007999984, -23.410466639311373], [-50.67764039799993, -23.41054163931135], [-50.67763808999996, -23.410542707311368], [-50.677635621999976, -23.410543322311337], [-50.67763308199995, -23.41054346331133], [-50.67763056199993, -23.410543124311328], [-50.677628148999986, -23.410542317311343], [-50.677625931999955, -23.41054107231131], [-50.67762398799994, -23.410539432311325], [-50.67762238699999, -23.41053745531132], [-50.677485446999974, -23.41033134531135], [-50.67748427599997, -23.410329176311325], [-50.67748351999995, -23.410326829311362], [-50.67748320399994, -23.41032438331137], [-50.67748333999998, -23.410321922311354], [-50.67755166999996, -23.40985886231136], [-50.67755238899996, -23.409856082311368], [-50.67755368099996, -23.409853517311376], [-50.67755548799994, -23.409851285311337], [-50.67780260699993, -23.409604983311347], [-50.67749645899994, -23.40896638431135], [-50.67749558899993, -23.4089640253114], [-50.677495171999965, -23.40896154631135], [-50.67749522199995, -23.408959033311376], [-50.67749573899994, -23.408956572311375], [-50.67749670299997, -23.40895425131136], [-50.67749808199994, -23.408952149311364], [-50.677757701999944, -23.40862715231137], [-50.67761656399995, -23.40857657331136], [-50.677614319999975, -23.4085755273114], [-50.67761230399998, -23.40857408831138], [-50.67761058699995, -23.40857230431138], [-50.67760922399998, -23.408570237311416], [-50.677608262999975, -23.408567954311398], [-50.67760773599997, -23.408565534311407], [-50.67759051099994, -23.408425566311365], [-50.67727664199998, -23.40824613731141], [-50.67727462199996, -23.408244722311377], [-50.67727289399994, -23.4082429623114], [-50.67727151499997, -23.408240917311375], [-50.677270531999966, -23.408238655311408], [-50.67726997799998, -23.40823625231136], [-50.67725858799997, -23.40815237231139], [-50.677258490999975, -23.408149718311375], [-50.67725891799995, -23.408147096311417], [-50.677259849999984, -23.4081446093114], [-50.67726125199994, -23.408142353311387], [-50.677263068999935, -23.40814041631141], [-50.67726522999994, -23.408138873311408], [-50.67726765299994, -23.408137784311386], [-50.67758765999997, -23.408030385311395], [-50.67766498799994, -23.407911728311426], [-50.67762848599994, -23.4078566093114], [-50.677627205999954, -23.407854166311427], [-50.67762645099998, -23.4078515143114], [-50.677626250999936, -23.407848763311375], [-50.67762661599995, -23.407846030311415], [-50.67764411599995, -23.407772970311374], [-50.67764493599998, -23.40777057031141], [-50.67764619199994, -23.407768366311412], [-50.677647838999974, -23.407766436311412], [-50.67764981799996, -23.407764849311423], [-50.67795953799998, -23.4075612393114], [-50.677961685999946, -23.40756009031139], [-50.67796400599997, -23.40755934731141], [-50.678171456999955, -23.407513069311385], [-50.678218077999986, -23.40746101231139], [-50.67815487099995, -23.407384115311398], [-50.67815346899994, -23.407382044311422], [-50.678152472999955, -23.407379749311424], [-50.67815191999994, -23.407377310311404], [-50.678151825999976, -23.4073748113114], [-50.678152195999985, -23.407372337311422], [-50.67815301699995, -23.407369974311393], [-50.67833408499996, -23.40697234431139], [-50.67832073799996, -23.406893464311402], [-50.67826070199993, -23.4068903963114], [-50.67825818699998, -23.40689002731143], [-50.678255785999966, -23.406889193311436], [-50.67825358399994, -23.406887922311405], [-50.678251660999926, -23.406886261311406], [-50.67809915999994, -23.4067271013114], [-50.67809765499993, -23.406725217311436], [-50.67809650799995, -23.406723095311428], [-50.67805261799999, -23.40662087531144], [-50.67805175899997, -23.406618059311445], [-50.678051531999984, -23.406615125311443], [-50.67805375199998, -23.406546235311417], [-50.67805406699995, -23.40654374031143], [-50.67805483999996, -23.40654134831143], [-50.67805604399996, -23.40653914031141], [-50.67805763799999, -23.406537195311405], [-50.67814991799997, -23.406443852311412], [-50.67814253999995, -23.406254436311457], [-50.678086045999976, -23.40618463731144], [-50.67791521299994, -23.406155218311458], [-50.67791277799996, -23.40615455931143], [-50.67791050799996, -23.40615345731143], [-50.67790848299995, -23.406151952311433], [-50.67790677399996, -23.40615009531146], [-50.67790544199993, -23.406147952311436], [-50.677904531999964, -23.406145599311426], [-50.67790407699994, -23.406143117311412], [-50.67788768699995, -23.405956457311422], [-50.67788770799996, -23.405953878311465], [-50.67788821999994, -23.405951351311415], [-50.677889204999985, -23.405948968311442], [-50.678011424999966, -23.405718407311426], [-50.67801299899998, -23.40571606831143], [-50.67801502599997, -23.405714106311425], [-50.67801741699998, -23.405712610311454], [-50.67802006799997, -23.405711645311428], [-50.67802286099993, -23.40571125231143], [-50.67802567399996, -23.405711449311454], [-50.67811845399995, -23.405727839311425], [-50.678120759999956, -23.40572846231144], [-50.678122919999964, -23.405729481311468], [-50.678124865999955, -23.405730866311433], [-50.67812653699997, -23.40573257331145], [-50.678210915999955, -23.40583564531145], [-50.678327915999944, -23.405796226311438], [-50.678430660999936, -23.405672885311436], [-50.67829352499996, -23.405400498311433], [-50.678292532999926, -23.405397883311473], [-50.67829210299994, -23.40539511931148], [-50.67829225199995, -23.405392326311464], [-50.67829297499998, -23.405389624311443], [-50.678294239999964, -23.405387130311446], [-50.67829599199996, -23.405384950311486], [-50.67829815699997, -23.40538318031144], [-50.67838898699995, -23.405323459311486], [-50.67839152799996, -23.40532215231143], [-50.67900180799995, -23.405086042311485], [-50.67900466999998, -23.40508528331145], [-50.679007628999955, -23.405085168311462], [-50.67901054199995, -23.40508570231145], [-50.67901326699996, -23.405086859311485], [-50.67930909699999, -23.405252969311437], [-50.679310793999946, -23.405254099311485], [-50.679485186999955, -23.40539030731144], [-50.67961772499996, -23.405371884311467], [-50.679756575999924, -23.405179610311443], [-50.67975831599995, -23.40517763931148], [-50.67976040599996, -23.40517604331148], [-50.67976276499997, -23.405174883311467], [-50.679765304999925, -23.405174204311493], [-50.679954251999966, -23.405143015311467], [-50.67995294399997, -23.404860712311464], [-50.67979851499996, -23.404730004311496], [-50.679796745999965, -23.404728196311453], [-50.67979534699998, -23.404726090311453], [-50.679794364999964, -23.404723759311487], [-50.679793836999984, -23.40472128731148], [-50.679793779999954, -23.40471875831145], [-50.67980126999998, -23.404613926311473], [-50.67960802599998, -23.404272545311482], [-50.679451996999944, -23.404137115311485], [-50.67945014799995, -23.404135152311504], [-50.67944872699997, -23.404132861311517], [-50.67931571999998, -23.403861043311473], [-50.679208777999975, -23.403722679311464], [-50.67920735299999, -23.40372039431147], [-50.67912291299996, -23.4035490143115], [-50.67912202499998, -23.403546694311483], [-50.67912157799998, -23.403544251311505], [-50.67912158699993, -23.40354176731151], [-50.679122051999975, -23.403539327311513], [-50.67918427699993, -23.40332339831148], [-50.678902981999954, -23.403142156311485], [-50.67890107599993, -23.40314067031151], [-50.67889946699995, -23.403138868311526], [-50.67889820499994, -23.40313680831148], [-50.67885680999996, -23.403053210311477], [-50.67831364099993, -23.402551840311496], [-50.67831190199996, -23.402549891311537], [-50.678310572999976, -23.402547644311536], [-50.678309701999986, -23.40254518331153], [-50.67830932199996, -23.40254259931151], [-50.67830944699994, -23.402539991311524], [-50.67833517599996, -23.402363841311512], [-50.67794985399996, -23.40209831431151], [-50.67794785399997, -23.402096627311558], [-50.67794621699994, -23.402094585311556], [-50.677945005999966, -23.402092266311524], [-50.67794426599994, -23.40208975631152], [-50.67794402499993, -23.40208715131155], [-50.67794569499995, -23.40175576131152], [-50.67794597599994, -23.401753093311537], [-50.67794677899997, -23.40175053331155], [-50.67794807399997, -23.401748184311543], [-50.67805084399998, -23.40159902431152], [-50.67805255899999, -23.401596996311532], [-50.678054637999935, -23.401595344311563], [-50.67805700099996, -23.401594132311537], [-50.67805955599994, -23.401593406311534], [-50.678062203999964, -23.40159319731153], [-50.67806484099998, -23.401593510311525], [-50.67806736499994, -23.401594334311564], [-50.678213992999986, -23.40165882831151], [-50.67824771999995, -23.40150596431155], [-50.67803357899998, -23.400849457311587], [-50.67803302999994, -23.400847035311568], [-50.678032934999976, -23.400844553311547], [-50.678033296999956, -23.40084209631156], [-50.67803410299996, -23.400839747311565], [-50.67803532699997, -23.400837586311564], [-50.67803692699994, -23.40083568631158], [-50.67803884799997, -23.400834112311575], [-50.67804102599996, -23.400832918311586], [-50.67845313799996, -23.400654068311535], [-50.67851097199997, -23.40035877831155], [-50.678226097999975, -23.39994232631159], [-50.67822492199996, -23.399940225311585], [-50.678224137999955, -23.399937947311564], [-50.67822377199997, -23.39993556731156], [-50.678204720999986, -23.399633398311614], [-50.677821860999984, -23.399343238311598], [-50.677820048999926, -23.39934158431158], [-50.67781856599998, -23.39933962831158], [-50.67781746299993, -23.399337436311566], [-50.67763913299996, -23.398884657311573], [-50.67763850499995, -23.398882593311576], [-50.677638214999945, -23.398880455311623], [-50.677610049999934, -23.398366151311592], [-50.677395425999975, -23.397992197311613], [-50.67716512499993, -23.397690963311614], [-50.67716381199994, -23.397688872311623], [-50.677162901999964, -23.397686577311607], [-50.67716242599993, -23.397684155311644], [-50.67716239999999, -23.397681686311607], [-50.67716282399994, -23.39767925431163], [-50.67724449399998, -23.397377864311633], [-50.677245420999945, -23.397375417311647], [-50.67724680299995, -23.397373195311626], [-50.67724858799994, -23.3973712823116], [-50.67725070999995, -23.39736975031161], [-50.677253087999986, -23.39736865731163], [-50.67725563199997, -23.397368044311637], [-50.67764997899997, -23.39731284231163], [-50.678156685999966, -23.396442658311646], [-50.67815886699998, -23.396439845311665], [-50.67840386699999, -23.396198185311647], [-50.67840611199995, -23.396196400311652], [-50.67840868399997, -23.39619513031167], [-50.67884410499994, -23.396035192311643], [-50.67897963299998, -23.395882175311645], [-50.67898144999999, -23.395880470311656], [-50.67973328299996, -23.395296021311697], [-50.68009511199995, -23.39474262531171], [-50.68009642299996, -23.394740931311674], [-50.680166422999946, -23.394663991311685], [-50.680168435999974, -23.394662182311727], [-50.68017076899997, -23.394660812311717], [-50.68037048899998, -23.39456914231171], [-50.68037365499998, -23.394568139311684], [-50.680788501999984, -23.3944912853117], [-50.68103804499998, -23.394282229311692], [-50.681035530999964, -23.394278807311725], [-50.68103408999997, -23.39427633031171], [-50.68103320399996, -23.394273605311703], [-50.681032915999936, -23.394270754311734], [-50.68103323599997, -23.394267906311715], [-50.68103415199994, -23.394265190311682], [-50.681126931999984, -23.394063800311713], [-50.681128454999964, -23.394061268311724], [-50.681130494999934, -23.394059128311724], [-50.681132951999984, -23.39405748531171], [-50.68113570799994, -23.394056416311695], [-50.68169658399995, -23.393907287311738], [-50.68164849599998, -23.39358134031173], [-50.68148932999998, -23.393566747311716], [-50.681486846999974, -23.393566282311692], [-50.68148449499995, -23.393565361311726], [-50.681482356999936, -23.393564018311704], [-50.68148050599996, -23.393562300311743], [-50.68147900799995, -23.393560266311717], [-50.68147791699994, -23.393557988311702], [-50.68147726899997, -23.393555547311713], [-50.68141893999996, -23.39320611331173], [-50.68112565699994, -23.39317231331174], [-50.68090554799994, -23.393238463311754], [-50.68090307599993, -23.393238960311727], [-50.68090055499994, -23.39323898731173], [-50.68089807299997, -23.393238544311743], [-50.68089571699994, -23.39323764731174], [-50.68089356899998, -23.393236326311733], [-50.680891704999965, -23.393234629311717], [-50.68089018999996, -23.39323261431171], [-50.68088907599997, -23.393230351311704], [-50.68077712599995, -23.39293618131175], [-50.680776701999946, -23.39293486631173], [-50.68071688899994, -23.392710954311713], [-50.68054173099995, -23.39249373731172], [-50.68054019099998, -23.392491350311726], [-50.680539184999986, -23.39248869431174], [-50.680538758999944, -23.392485886311754], [-50.680538930999944, -23.39248305131173], [-50.68053969299995, -23.392480315311722], [-50.68054101199994, -23.39247780031172], [-50.68064311999996, -23.392324776311742], [-50.68071727599994, -23.392111955311766], [-50.680718051999975, -23.392110158311777], [-50.68091694199995, -23.391728768311744], [-50.68091838099998, -23.391726564311753], [-50.681030601999964, -23.391586745311784], [-50.680819035999946, -23.391290612311785], [-50.68081769499997, -23.391288270311765], [-50.68081684799995, -23.391285708311752], [-50.68081652799998, -23.391283029311776], [-50.680816747999984, -23.391280339311795], [-50.680817499999925, -23.391277748311808], [-50.68081875299998, -23.391275358311773], [-50.68082045699998, -23.391273266311796], [-50.68082254299998, -23.39127155531175], [-50.68082492899999, -23.39127029431179], [-50.680827518999926, -23.391269534311757], [-50.68083020699998, -23.391269306311784], [-50.68083288799994, -23.391269617311785], [-50.68131093499995, -23.391374495311787], [-50.68137467699996, -23.39117697031176], [-50.68137565799998, -23.391174679311774], [-50.681377045999966, -23.391172607311805], [-50.681378790999986, -23.391170827311747], [-50.68138083399999, -23.39116939831179], [-50.68138310599994, -23.391168371311807], [-50.681385527999964, -23.391167779311758], [-50.68138801699996, -23.391167644311757], [-50.681474686999934, -23.39117097431179], [-50.68147746199998, -23.39117137231179], [-50.68148009399994, -23.391172336311765], [-50.68148246999993, -23.391173824311775], [-50.68148448699998, -23.39117577131177], [-50.68148605699997, -23.391178093311765], [-50.681487112999946, -23.391180690311757], [-50.68154133799993, -23.39136792931177], [-50.68164708399996, -23.3914229613118], [-50.681780996999976, -23.391380398311767], [-50.681803961999954, -23.391349945311752], [-50.681805682999936, -23.391348064311753], [-50.68180772699998, -23.391346540311773], [-50.681810021999986, -23.39134542931175], [-50.681812485999956, -23.391344770311793], [-50.68181502899996, -23.3913445873118], [-50.681817560999946, -23.39134488731176], [-50.68181999199994, -23.39134565831179], [-50.681822232999934, -23.391346873311782], [-50.68182420599994, -23.391348489311756], [-50.68210570999998, -23.391627518311758], [-50.68216519699996, -23.391626283311798], [-50.682216756999935, -23.39161155931176], [-50.682318760999976, -23.391442255311766], [-50.68234101099995, -23.391298802311745], [-50.68231129899994, -23.39116769731178], [-50.68231096799996, -23.391164993311776], [-50.68231118799998, -23.391162278311786], [-50.68231194999999, -23.39115966331176], [-50.682313221999955, -23.39115725431176], [-50.68231495199995, -23.39115515131177], [-50.68248134199996, -23.390990151311797], [-50.682483443999956, -23.390988449311784], [-50.682485843999984, -23.390987201311788], [-50.682488443999944, -23.390986457311755], [-50.682491140999964, -23.390986247311762], [-50.68249382499993, -23.3909865813118], [-50.68282771499997, -23.391062691311756], [-50.68283012099993, -23.391063484311783], [-50.68283233699998, -23.391064713311817], [-50.68283428299998, -23.39106633631175], [-50.68283589099997, -23.391068293311804], [-50.68283710399999, -23.391070518311803], [-50.68283787899998, -23.391072930311765], [-50.68283818899993, -23.39107544531177], [-50.68283802299994, -23.391077973311763], [-50.68283738599996, -23.391080426311788], [-50.682836301999934, -23.391082716311793], [-50.682736664999936, -23.391250276311805], [-50.68293182199995, -23.391251457311764], [-50.68295458499995, -23.391141439311777], [-50.682955455999945, -23.391138721311762], [-50.68295687999994, -23.391136247311785], [-50.682958792999955, -23.39113412931177], [-50.68296110899996, -23.391132461311795], [-50.683058608999936, -23.39107690131178], [-50.68306117499998, -23.39107577431176], [-50.68306391799997, -23.39107520331177], [-50.68306672099993, -23.391075211311804], [-50.683069460999945, -23.391075799311775], [-50.68307201999994, -23.39107694131174], [-50.68307428799994, -23.39107858831179], [-50.68307616599998, -23.391080668311798], [-50.68307757299993, -23.391083091311803], [-50.683180677999985, -23.3913128213118], [-50.683377924999945, -23.391441817311794], [-50.68379810399995, -23.391443194311776], [-50.683800090999966, -23.391443348311746], [-50.68380203399994, -23.391443793311755], [-50.68398449899996, -23.391500115311786], [-50.68401910999995, -23.391452622311775], [-50.68402093599996, -23.39145058831175], [-50.68402313299998, -23.39144896531174], [-50.68402561399995, -23.391447818311768], [-50.684028274999946, -23.391447195311756], [-50.68403100599994, -23.391447121311742], [-50.68403369699996, -23.39144760131179], [-50.68403623499995, -23.39144861331177], [-50.684038516999976, -23.391450117311788], [-50.68434434699998, -23.39169955731178], [-50.684346080999944, -23.391701253311755], [-50.68434748299995, -23.391703232311748], [-50.68434850699998, -23.391705431311788], [-50.684562396999986, -23.39229904131173], [-50.684563066999935, -23.392301755311735], [-50.684563161999954, -23.39230455031174], [-50.68456267799997, -23.392307303311718], [-50.684561636999945, -23.392309898311733], [-50.68456008299995, -23.392312222311773], [-50.68455808199997, -23.39231417531175], [-50.68446892199995, -23.392384735311733], [-50.68446687499995, -23.39238607231176], [-50.684464620999954, -23.392387017311762], [-50.68446223199993, -23.392387539311745], [-50.68445978899996, -23.392387621311737], [-50.68445737099996, -23.392387261311736], [-50.68427701699995, -23.39234333231172], [-50.684324336999964, -23.392483010311768], [-50.68445375399995, -23.392517539311758], [-50.684456256999965, -23.392518482311743], [-50.68445852399998, -23.39251990031175], [-50.68446046699995, -23.392521738311757], [-50.68446200799997, -23.392523924311764], [-50.68446308699998, -23.392526371311767], [-50.684463661999985, -23.392528983311752], [-50.68446370999993, -23.392531657311743], [-50.68445472399998, -23.39264152831173], [-50.68455249699996, -23.39275334231177], [-50.68479759299998, -23.392806834311724], [-50.68480047599996, -23.392807815311752], [-50.68480306399994, -23.39280941831173], [-50.68480522699997, -23.392811562311742], [-50.685368291999964, -23.393512777311724], [-50.68563474999996, -23.39350717131171], [-50.686193326999955, -23.393495417311687], [-50.68619560099996, -23.393495562311696], [-50.68619781899997, -23.393496088311714], [-50.686199915999964, -23.39349698131169], [-50.686274915999945, -23.393536701311724], [-50.68627731499999, -23.39353832431172], [-50.686279311999954, -23.39354042231171], [-50.686280814999975, -23.393542898311733], [-50.68641701299998, -23.393833968311718], [-50.68695219699998, -23.39419448431172], [-50.687152433999984, -23.394097052311697], [-50.68715493999997, -23.394096127311702], [-50.68715757899998, -23.394095715311735], [-50.68755563899999, -23.394073485311733], [-50.68755791699994, -23.39407355131172], [-50.68756015099996, -23.39407399931168], [-50.68756227799997, -23.394074818311726], [-50.68771782799996, -23.3941503783117], [-50.68772022199994, -23.394151870311717], [-50.68772225399994, -23.39415382731172], [-50.68772383299995, -23.39415616431172], [-50.687813981999966, -23.394325421311706], [-50.68817516399997, -23.394221489311697], [-50.68817756999994, -23.394221029311737], [-50.68818002099994, -23.394221011311704], [-50.68818243299996, -23.39422143831173], [-50.68818472899995, -23.3942222953117], [-50.68818683099994, -23.394223553311708], [-50.68818867099998, -23.394225171311703], [-50.68828395099996, -23.39432573131172], [-50.688285603999994, -23.39432786831169], [-50.68828679599994, -23.394330293311683], [-50.688287480999975, -23.39433290631173], [-50.68828763099999, -23.39433560431174], [-50.688277813999946, -23.394554045311686], [-50.68834877199998, -23.394672233311667], [-50.68834981899994, -23.394674389311724], [-50.688350465999974, -23.3946766973117], [-50.68835069499994, -23.3946790833117], [-50.688352828999946, -23.395015269311667], [-50.68839859999997, -23.395014775311722], [-50.688401448999976, -23.395015048311674], [-50.68840417599995, -23.39501591731168], [-50.68840665799996, -23.395017342311693], [-50.688436974999945, -23.395039335311697], [-50.688500181999984, -23.395031813311665], [-50.688501205999955, -23.395004844311696], [-50.688501551999934, -23.395002280311694], [-50.68850238099998, -23.394999829311693], [-50.68850366399994, -23.394997582311706], [-50.68850535299998, -23.394995621311693], [-50.68850738499998, -23.39499402031168], [-50.688509686999964, -23.394992836311697], [-50.68851217199994, -23.394992114311716], [-50.68879443999999, -23.394938840311678], [-50.68879721699994, -23.394938610311666], [-50.68879998299996, -23.394938955311723], [-50.68880261799995, -23.394939862311666], [-50.68880500999995, -23.394941292311675], [-50.68880705699997, -23.394943183311682], [-50.68880867199994, -23.394945455311703], [-50.68880978399994, -23.39494801031168], [-50.68881034699996, -23.39495074031169], [-50.68884209599997, -23.39526803831171], [-50.68884211999995, -23.39527046631166], [-50.68884170699993, -23.395272858311664], [-50.68882630099994, -23.395330528311703], [-50.68887414099998, -23.395410006311682], [-50.688875371999984, -23.395412672311682], [-50.68892639599994, -23.395564888311682], [-50.68892701299996, -23.395567685311658], [-50.68892702399995, -23.395570549311667], [-50.68892642999998, -23.395573350311665], [-50.68892525699993, -23.39557596331165], [-50.68892355899993, -23.395578269311653], [-50.688632444999946, -23.395896250311672], [-50.68859431599998, -23.395997891311676], [-50.688685706999934, -23.396228826311667], [-50.68868635499996, -23.396230968311638], [-50.68868663899997, -23.396233187311648], [-50.68868655299996, -23.396235423311648], [-50.688656476999945, -23.39648088331167], [-50.688639129999956, -23.396794384311658], [-50.688638658999935, -23.396797247311618], [-50.68863758499998, -23.396799944311635], [-50.68863595899996, -23.39680234831162], [-50.688633855999974, -23.396804347311626], [-50.68837247799997, -23.39700399631164], [-50.68836983999995, -23.397005570311666], [-50.68836691299999, -23.39700650631165], [-50.68820935799994, -23.39703767231164], [-50.68795781599994, -23.397309048311627], [-50.68782470299993, -23.397729055311622], [-50.687982226999964, -23.398046614311603], [-50.68798318899997, -23.39804918131163], [-50.68798361199998, -23.39805189031164], [-50.68798347799998, -23.398054628311616], [-50.68798279199996, -23.398057282311623], [-50.68792093999997, -23.398224268311626], [-50.68791946599998, -23.3982271363116], [-50.68791735299993, -23.39822957231163], [-50.687408371999936, -23.398690815311593], [-50.687434226999976, -23.3987986603116], [-50.687559859999965, -23.398870396311583], [-50.68767934099997, -23.398744878311586], [-50.68768126099996, -23.398743209311615], [-50.68768345999996, -23.398741931311605], [-50.687685859999924, -23.398741089311574], [-50.687688374999944, -23.39874071331158], [-50.68769091599995, -23.398740816311626], [-50.68769339299996, -23.398741395311582], [-50.68782697499996, -23.39878628531161], [-50.68782935199994, -23.39878734931162], [-50.687831478999954, -23.3987888503116], [-50.68783327799997, -23.398790733311575], [-50.68783468199995, -23.398792927311625], [-50.687835636999985, -23.398795350311584], [-50.68783610799994, -23.398797911311615], [-50.687836077999975, -23.398800515311585], [-50.68777596399997, -23.39935302731158], [-50.68777542199996, -23.399355615311617], [-50.68777438399997, -23.399358048311587], [-50.68777289099996, -23.399360231311583], [-50.68777100099993, -23.399362080311576], [-50.687768785999936, -23.39936352531158], [-50.68776633099998, -23.39936450931158], [-50.68762651199996, -23.399405167311564], [-50.68754530299997, -23.39950248331162], [-50.687808288999975, -23.399823670311594], [-50.68785758499996, -23.399883875311556], [-50.688076852999984, -23.39991678931159], [-50.68837786399997, -23.399960743311564], [-50.68838059599995, -23.39996144031158], [-50.688383122999944, -23.39996269031155], [-50.688385334999964, -23.39996443931158], [-50.68838713399998, -23.39996660931161], [-50.68838844199997, -23.39996910631157], [-50.68838920199993, -23.399971821311567], [-50.68842973899996, -23.400210595311584], [-50.68855975099996, -23.40029708331155], [-50.68874374699993, -23.40010585731158], [-50.68874583699995, -23.40010408631155], [-50.688748241999974, -23.400102775311606], [-50.68875086299994, -23.400101977311568], [-50.688753590999966, -23.40010172631155], [-50.689312308999945, -23.400107263311554], [-50.689314784999965, -23.40010751831158], [-50.68931717199996, -23.400108224311555], [-50.69005333899997, -23.40040217031156], [-50.690053374999934, -23.400402185311567], [-50.69032255499996, -23.40051057131159], [-50.69032458099997, -23.400511593311577], [-50.69032640699999, -23.400512940311543], [-50.69032798099994, -23.400514575311593], [-50.69053261399995, -23.400766483311582], [-50.69091740299996, -23.40088780031155], [-50.69091971599994, -23.40088877431154], [-50.69092180799998, -23.400890160311555], [-50.691266145999975, -23.40116773331154], [-50.69144534799995, -23.401259468311576], [-50.69144536099998, -23.401259468311576], [-50.69144792399993, -23.401260108311558], [-50.69145031299996, -23.40126123431153], [-50.69145243599996, -23.40126280631156], [-50.69145292899998, -23.40126334931156], [-50.691654261999986, -23.401366412311535], [-50.69165678599995, -23.401368086311578], [-50.691658871999955, -23.401370282311543], [-50.691660414999944, -23.401372888311545], [-50.691719224999986, -23.40150389131153], [-50.691719880999976, -23.40150568431156], [-50.691791008999985, -23.40175292231153], [-50.691995718999976, -23.40165474231152], [-50.69199829299998, -23.401653816311544], [-50.69200100099994, -23.40165342831154], [-50.69200373099994, -23.401653595311554], [-50.692006370999934, -23.401654311311535], [-50.69200881199998, -23.401655544311566], [-50.69201095499994, -23.401657246311544], [-50.69201270899998, -23.401659344311515], [-50.69232384899993, -23.402119551311504], [-50.69232512299993, -23.402121913311532], [-50.69232590399997, -23.402124481311553], [-50.69232616099998, -23.40212715331155], [-50.692325882999974, -23.402129823311494], [-50.69232508099998, -23.40213238431154], [-50.692323786999964, -23.402134736311552], [-50.69232205299995, -23.402136784311566], [-50.69231994799998, -23.40213844931151], [-50.692237572999936, -23.402191147311505], [-50.69250728799995, -23.402239591311517], [-50.69251007499997, -23.4022404093115], [-50.69251262199998, -23.40224180631152], [-50.69251480999998, -23.402243716311553], [-50.69251653799995, -23.40224605131153], [-50.692827223999984, -23.4027773453115], [-50.69282832399995, -23.402779734311533], [-50.692828937999934, -23.402782292311528], [-50.69282904399996, -23.402784921311532], [-50.692828636999934, -23.402787520311485], [-50.69282773299994, -23.402789991311526], [-50.69282636599996, -23.4027922393115], [-50.69282458899994, -23.402794178311513], [-50.692822467999974, -23.40279573531154], [-50.69282008499994, -23.40279685031151], [-50.692554343999966, -23.402890844311507], [-50.692739219999964, -23.40297665331148], [-50.69321778599994, -23.403099622311498], [-50.69353602299998, -23.403151185311497], [-50.69353915599998, -23.403152093311505], [-50.693541978999974, -23.403153727311505], [-50.69407816499996, -23.403557915311502], [-50.69408003099995, -23.40355961931149], [-50.69408154599995, -23.403561641311484], [-50.69408265699997, -23.40356391031148], [-50.69408332599995, -23.403566347311518], [-50.69411713699998, -23.40375908531152], [-50.69411733399994, -23.40376182931149], [-50.694116967999946, -23.40376455731152], [-50.694116055999984, -23.403767153311517], [-50.69411463599994, -23.40376951031149], [-50.69411276699998, -23.403771529311516], [-50.694110525999974, -23.4037731263115], [-50.694108007999944, -23.403774235311488], [-50.69410531699997, -23.403774809311496], [-50.693816348999974, -23.403806119311497], [-50.69381276199994, -23.4038099943115], [-50.69437921999997, -23.403976283311486], [-50.694381507999935, -23.40397718931152], [-50.69438359299994, -23.403978496311513], [-50.69438540599998, -23.403980160311466], [-50.69438688599996, -23.40398212731147], [-50.694483322999986, -23.404138133311466], [-50.69448445499995, -23.40414042731147], [-50.69448513399993, -23.404142894311484], [-50.69448533399997, -23.404145444311517], [-50.69448504799993, -23.40414798631147], [-50.694484286999966, -23.404150429311485], [-50.69448307799996, -23.40415268431146], [-50.69448146499997, -23.4041546693115], [-50.69429399499995, -23.40434516831148], [-50.69429224099997, -23.404346669311458], [-50.69429025599993, -23.404347848311502], [-50.69389669099996, -23.4045381253115], [-50.69388910599997, -23.404623504311484], [-50.693978714999965, -23.40477705731149], [-50.69418913999993, -23.40493009231148], [-50.69419166299997, -23.40493248131145], [-50.69448014699998, -23.405286770311466], [-50.694550518999954, -23.40532931731143], [-50.694712524999936, -23.405202161311475], [-50.694714734999934, -23.405200750311447], [-50.69471717699997, -23.405199794311436], [-50.69471975699998, -23.405199330311454], [-50.694722378999984, -23.405199373311454], [-50.69472494199994, -23.405199924311475], [-50.69472734999994, -23.405200960311436], [-50.694729511999974, -23.40520244431144], [-50.69473134599997, -23.40520431831146], [-50.69473278199996, -23.40520651131146], [-50.69473376699995, -23.405208941311443], [-50.69473426199994, -23.405211516311443], [-50.69477542699996, -23.405655383311444], [-50.69477543599998, -23.405657768311457], [-50.694775023999966, -23.40566011931143], [-50.69477420399995, -23.40566235931144], [-50.69477300199998, -23.40566442031148], [-50.69477145499996, -23.405666237311475], [-50.69455327199995, -23.405880692311467], [-50.69451537499998, -23.406170283311404], [-50.69455548199994, -23.40617332831144], [-50.69463362399994, -23.406083038311444], [-50.69463628999995, -23.405949797311422], [-50.69463658799998, -23.40594723631145], [-50.694637368999956, -23.405944778311465], [-50.69463860299993, -23.40594251331143], [-50.69464024699993, -23.40594052631141], [-50.69464223899996, -23.405938888311457], [-50.694644506999964, -23.405937659311434], [-50.69464696699998, -23.405936885311434], [-50.694649528999946, -23.40593659431144], [-50.69478596899995, -23.405934241311435], [-50.69478845399993, -23.405934429311433], [-50.69479086099995, -23.405935070311422], [-50.69479310899993, -23.40593614431143], [-50.69479512099996, -23.405937614311462], [-50.69479682799994, -23.405939429311427], [-50.694798171999935, -23.405941527311455], [-50.69489143499993, -23.406121961311413], [-50.69509769299999, -23.406341333311403], [-50.69517856299995, -23.40631868731142], [-50.69518123599994, -23.40631822231145], [-50.695183947999965, -23.406318302311455], [-50.695186588999945, -23.40631892331142], [-50.69518905099994, -23.40632006131144], [-50.69531542999994, -23.406394739311416], [-50.695317605999946, -23.40639633931144], [-50.69531941899998, -23.406398340311412], [-50.695320795999976, -23.406400663311413], [-50.695321681999985, -23.406403214311425], [-50.69532204299998, -23.40640589031144], [-50.69532186199996, -23.406408584311432], [-50.69529320299995, -23.406578210311423], [-50.695308944999965, -23.406611222311447], [-50.69550268599994, -23.406620708311454], [-50.69551058899999, -23.40646847831143], [-50.695511015999955, -23.406465745311458], [-50.69551199099993, -23.40646315631144], [-50.695513474999984, -23.40646082131141], [-50.695515403999934, -23.40645883831145], [-50.695517697999954, -23.406457291311437], [-50.69552025899998, -23.40645624531142], [-50.695522978999975, -23.406455744311447], [-50.695525744999934, -23.406455810311424], [-50.695528438999986, -23.40645643831143], [-50.69579473799996, -23.40654827931146], [-50.695796978999965, -23.406549290311453], [-50.695798998999976, -23.40655069031142], [-50.69580073199996, -23.406552435311443], [-50.69580211899995, -23.4065544653114], [-50.69580311299996, -23.406556713311453], [-50.69580368299995, -23.40655910431141], [-50.69580380799993, -23.406561560311417], [-50.69579630599998, -23.40674801531142], [-50.696428880999974, -23.406999082311426], [-50.69681058499999, -23.407000900311413], [-50.69681359599996, -23.407001255311414], [-50.69681645199994, -23.40700227531142], [-50.69723273299997, -23.40720632231143], [-50.69723508399995, -23.407207792311407], [-50.69723708399993, -23.407209712311396], [-50.697238648999985, -23.407212002311397], [-50.69723971299993, -23.40721456231142], [-50.69724022899993, -23.407217287311425], [-50.69724017699996, -23.407220059311385], [-50.69723955899997, -23.40722276231139], [-50.697156491999976, -23.40746687431141], [-50.69715799099998, -23.40748726931139], [-50.69745763599997, -23.407419092311386], [-50.69745814099996, -23.407419029311427], [-50.697458633999986, -23.407418904311378], [-50.69745944799996, -23.407418864311406], [-50.697460256999925, -23.4074187623114], [-50.69746076499996, -23.407418797311436], [-50.69746127199994, -23.407418772311424], [-50.697462078999926, -23.407418891311412], [-50.697462891999976, -23.407418948311435], [-50.697463382999956, -23.40741908331142], [-50.69746388599998, -23.40741915731143], [-50.69746465299995, -23.407419430311393], [-50.697465439999974, -23.40741964631144], [-50.69746589499994, -23.40741987331143], [-50.69746637399993, -23.407420044311433], [-50.69772907899994, -23.407543942311406], [-50.69773152699997, -23.407545433311384], [-50.69773360299996, -23.40754740831141], [-50.697735214999966, -23.407549777311434], [-50.69780137099997, -23.407673556311398], [-50.69817345599996, -23.4076477083114], [-50.69817611799994, -23.407647787311408], [-50.69817871299995, -23.407648388311426], [-50.698181138999985, -23.407649487311392], [-50.69833038099995, -23.407735851311422], [-50.69849314299995, -23.4077783433114], [-50.698495851999944, -23.407779373311424], [-50.69849827899999, -23.407780958311417], [-50.698662695999985, -23.4079156853114], [-50.69866464299997, -23.407917647311407], [-50.69866614899996, -23.407919965311397], [-50.69866714999995, -23.40792254231136], [-50.69871233199996, -23.40808719631137], [-50.698786548999976, -23.408096464311402], [-50.698873753999976, -23.408060344311416], [-50.698821211999984, -23.40787604231138], [-50.69882074699996, -23.407873525311395], [-50.69882076599998, -23.4078709663114], [-50.69882126899995, -23.40786845731138], [-50.698822237999934, -23.407866088311433], [-50.69882363599999, -23.407863945311412], [-50.69882541399994, -23.407862105311423], [-50.69899794699995, -23.40771461031142], [-50.699133183999955, -23.40749304731139], [-50.699134654999966, -23.40749107031143], [-50.69913646199995, -23.40748939331143], [-50.699138543999936, -23.407488074311402], [-50.69915220799993, -23.407481077311385], [-50.69948637499994, -23.407072813311405], [-50.69948827099995, -23.407070918311437], [-50.699490503999975, -23.40706943631142], [-50.699492986999985, -23.407068425311433], [-50.69964616299996, -23.40702319331144], [-50.69964888399994, -23.407022686311404], [-50.69965165199995, -23.40702274631139], [-50.69965434899996, -23.407023370311446], [-50.69965686099994, -23.40702453231144], [-50.69965908299997, -23.40702618331142], [-50.69966092099997, -23.40702825331142], [-50.69980772099996, -23.407232531311422], [-50.69983927299995, -23.407238378311426], [-50.69993204399998, -23.40716580031142], [-50.69993446899997, -23.407164288311442], [-50.699937157999955, -23.407163321311433], [-50.70031360699994, -23.407071620311413], [-50.70075652699995, -23.406792272311424], [-50.70075756199998, -23.40679168131142], [-50.70111050899993, -23.406610524311432], [-50.70111322399998, -23.406609483311417], [-50.701116099999986, -23.406609049311403], [-50.701353855999976, -23.406599116311398], [-50.70135529899994, -23.406599133311445], [-50.701754180999956, -23.40662525931141], [-50.702162063999936, -23.40645715131145], [-50.70219130899995, -23.40642660731143], [-50.70220573299997, -23.406245071311414], [-50.702206266999944, -23.406242242311432], [-50.702207388999966, -23.406239591311447], [-50.70220904799998, -23.406237239311427], [-50.70221116999995, -23.40623529331143], [-50.70221365599997, -23.406233842311426], [-50.70235257899998, -23.406171599311417], [-50.702355014999966, -23.406170776311424], [-50.702357562999964, -23.406170431311445], [-50.702884654999934, -23.406149845311425], [-50.702887260999944, -23.406149997311424], [-50.70288978899998, -23.406150648311474], [-50.702892143999975, -23.406151774311432], [-50.70289423699996, -23.406153333311437], [-50.702895990999934, -23.406155266311462], [-50.70289733899995, -23.406157502311466], [-50.70289823099995, -23.406159955311438], [-50.70294653799994, -23.406347869311407], [-50.70318699699993, -23.40669655731144], [-50.70323586699993, -23.406738311311432], [-50.703449181999986, -23.40679430131145], [-50.703674224999986, -23.4068160373114], [-50.70392275399996, -23.406770420311446], [-50.70413064999997, -23.40670004031144], [-50.70413296799995, -23.406699479311403], [-50.704135347999966, -23.40669933431141], [-50.70413771699998, -23.406699612311414], [-50.70413999899995, -23.406700302311446], [-50.70440068399995, -23.406805145311417], [-50.704575310999985, -23.406768747311407], [-50.704577926999946, -23.406768465311426], [-50.70458054799997, -23.40676869631143], [-50.70458307399997, -23.406769432311435], [-50.70477918399997, -23.406848051311396], [-50.70478154399996, -23.406849281311406], [-50.704783615999986, -23.406850949311455], [-50.704785319999985, -23.40685299331143], [-50.70478658899998, -23.40685533131144], [-50.70478737399997, -23.40685787331144], [-50.704787644999946, -23.406860520311408], [-50.70478738999998, -23.406863168311435], [-50.70475488499995, -23.407027837311446], [-50.70489245599998, -23.4072260843114], [-50.70509372599997, -23.407281514311418], [-50.70545325799997, -23.407279584311425], [-50.705456108999954, -23.407279873311452], [-50.705458833999955, -23.40728075931139], [-50.70546130999997, -23.40728220131144], [-50.70546342599994, -23.40728413431139], [-50.70559360699997, -23.40743140731143], [-50.705617735999965, -23.40739590531143], [-50.705555887999935, -23.407299790311416], [-50.705554636999985, -23.40729732031138], [-50.705553917999964, -23.40729464731141], [-50.70555375899993, -23.407291882311434], [-50.70555416899998, -23.407289144311395], [-50.70555513099998, -23.407286548311387], [-50.705556601999945, -23.40728420231142], [-50.70555852199993, -23.40728220731143], [-50.70556080899996, -23.407280647311442], [-50.705601368999965, -23.407258707311424], [-50.70560395399997, -23.407257638311425], [-50.70560670499998, -23.40725712731143], [-50.70560950099997, -23.407257194311402], [-50.705612223999935, -23.407257838311416], [-50.70561475499994, -23.407259029311433], [-50.705616984999956, -23.40726071831142], [-50.70561881799995, -23.407262831311414], [-50.70579209599998, -23.40751033031142], [-50.70598215799998, -23.4076582703114], [-50.70598215899997, -23.4076582703114], [-50.706411783999954, -23.407992677311416], [-50.706686783999935, -23.408176572311373], [-50.70684948899998, -23.408268293311416], [-50.70706782599996, -23.40829209831137], [-50.70717547299994, -23.40825369731139], [-50.70717772099994, -23.408253108311367], [-50.707180036999944, -23.40825291431137], [-50.70718235199996, -23.408253121311393], [-50.70718459699998, -23.408253722311414], [-50.707503766999935, -23.408369552311374], [-50.707505986999934, -23.408370596311368], [-50.70750798199999, -23.40837202431139], [-50.707509683999945, -23.4083737913114], [-50.70751103799995, -23.408375837311358], [-50.70751199799997, -23.408378095311406], [-50.70751253299994, -23.408380489311387], [-50.70752558299995, -23.408481329311414], [-50.70752567599993, -23.408483767311367], [-50.70752532799998, -23.40848618131136], [-50.70752454999996, -23.40848849331141], [-50.70752336799996, -23.40849062731141], [-50.70745329599998, -23.408593839311408], [-50.70740609499995, -23.4088489503114], [-50.70743621399999, -23.408901045311406], [-50.70748335099995, -23.408885789311356], [-50.70748614699994, -23.40888520231138], [-50.70748900299997, -23.408885218311376], [-50.707491791999985, -23.408885836311384], [-50.70762818199995, -23.408931666311346], [-50.70763043399995, -23.40893266031137], [-50.70763246799998, -23.408934047311355], [-50.707634214999985, -23.408935781311378], [-50.70763561799998, -23.408937804311353], [-50.70763662999997, -23.40894004931137], [-50.70772162999998, -23.409186719311393], [-50.70772222299996, -23.4091891593114], [-50.70772235299996, -23.409191668311358], [-50.707722014999945, -23.40919415731135], [-50.707721220999986, -23.409196540311378], [-50.707719998999956, -23.409198735311364], [-50.70771839099996, -23.409200664311374], [-50.70771645199994, -23.409202261311375], [-50.70771425099997, -23.409203471311354], [-50.707711862999986, -23.40920425131135], [-50.707709371999954, -23.409204575311396], [-50.70755409199995, -23.409210135311376], [-50.70755145799995, -23.409209970311355], [-50.707548905999936, -23.409209295311385], [-50.70754653399995, -23.409208136311364], [-50.70754443399994, -23.40920653631135], [-50.70754268599996, -23.409204558311345], [-50.70752442099995, -23.40917926731136], [-50.70751780799998, -23.409195508311385], [-50.70763310299997, -23.409329347311388], [-50.70763377499998, -23.409328719311365], [-50.70776433499998, -23.409229279311383], [-50.707766720999984, -23.409227826311355], [-50.70776935599997, -23.409226896311353], [-50.70777212599995, -23.40922652931137], [-50.707869519999974, -23.409223822311358], [-50.707966849999934, -23.409181530311365], [-50.70796935299995, -23.409180722311387], [-50.707971964999956, -23.409180416311372], [-50.70797458699997, -23.40918062331134], [-50.70797711899996, -23.409181336311367], [-50.70804045899996, -23.409206056311362], [-50.708043025999984, -23.40920739131133], [-50.70804524799996, -23.40920924431136], [-50.70804702399994, -23.409211528311364], [-50.708048271999985, -23.409214138311377], [-50.708094381999956, -23.40934524831137], [-50.708095078999975, -23.40934838931135], [-50.70809501199994, -23.409351607311365], [-50.70808506199995, -23.409421923311367], [-50.708207786999935, -23.409432130311366], [-50.70820970699999, -23.409432431311366], [-50.70839313399994, -23.409474860311384], [-50.70850458299998, -23.40945506231135], [-50.70850724599995, -23.40945485731135], [-50.70850989599995, -23.40945518231139], [-50.708617395999966, -23.40947935231135], [-50.70861947199995, -23.40947999931138], [-50.70862141799995, -23.409480971311392], [-50.70871503799997, -23.409537641311385], [-50.708717037999975, -23.40953912131135], [-50.708718731999966, -23.40954094231137], [-50.70872006299993, -23.409543044311363], [-50.70879417899994, -23.409688297311337], [-50.708836933999976, -23.409714716311324], [-50.70898412699995, -23.409709446311357], [-50.70907489199994, -23.40965063031138], [-50.709077344999976, -23.40964937731139], [-50.70908000099997, -23.40964864831137], [-50.709082749999936, -23.409648474311396], [-50.709085476999974, -23.40964886331137], [-50.70923603699998, -23.40968636331139], [-50.709238425999956, -23.40968720431135], [-50.70924061499994, -23.409688476311388], [-50.70924252799995, -23.40969013631133], [-50.70931736499995, -23.409768559311384], [-50.70946181599993, -23.409879696311346], [-50.709666350999946, -23.40995287831134], [-50.70976197699997, -23.409962989311335], [-50.709764690999975, -23.409963563311358], [-50.709767229999954, -23.409964681311344], [-50.70976948599997, -23.40996629531134], [-50.709841491999946, -23.410029972311346], [-50.70995046299998, -23.41005787831136], [-50.710086709999985, -23.410032580311327], [-50.71008936199997, -23.41003235531133], [-50.71009200599997, -23.41003265631132], [-50.710094538999954, -23.410033470311365], [-50.71009686299994, -23.410034766311348], [-50.710098886999965, -23.410036493311335], [-50.71010053199995, -23.410038585311323], [-50.71015136199997, -23.41011831531136], [-50.71015254499997, -23.41012064131138], [-50.71015325799994, -23.410123150311332], [-50.710153472999934, -23.410125751311348], [-50.71015158199999, -23.410258440311335], [-50.71018353999994, -23.410319385311368], [-50.710250376999966, -23.410346695311375], [-50.71025180699996, -23.410347380311336], [-50.71043297899996, -23.41044769031133], [-50.710650040999944, -23.410468991311333], [-50.710886149999965, -23.41045710631135], [-50.71094045399997, -23.410395526311326], [-50.710942475999964, -23.410393658311353], [-50.71094483599995, -23.410392240311342], [-50.71094743499998, -23.41039133131134], [-50.71095016399995, -23.410390970311358], [-50.710952909999946, -23.410391170311357], [-50.710955557999974, -23.41039192531132], [-50.71095799699998, -23.410393202311347], [-50.710960124999986, -23.410394948311353], [-50.71103123499994, -23.410466618311375], [-50.711032917999944, -23.410468690311337], [-50.71103415999994, -23.410471052311365], [-50.711034911999946, -23.410473613311343], [-50.711035143999936, -23.410476272311353], [-50.71103484699995, -23.410478925311324], [-50.711034033999965, -23.410481467311328], [-50.71103273499995, -23.41048379931134], [-50.71094412499997, -23.41061129831136], [-50.71094233799993, -23.41061338031135], [-50.71094016699993, -23.41061505731135], [-50.710937700999985, -23.41061625931136], [-50.710856691999936, -23.41064597831136], [-50.71114733999996, -23.410789019311363], [-50.711149510999974, -23.41079035631131], [-50.71115139099994, -23.410792078311356], [-50.711152911999925, -23.41079412331133], [-50.71115402199996, -23.410796418311325], [-50.71115467899995, -23.410798881311322], [-50.71116911499996, -23.410885009311343], [-50.71139987799996, -23.411004144311306], [-50.71146888499993, -23.41101273731133], [-50.71147174899994, -23.411013418311345], [-50.71179480899996, -23.411128698311327], [-50.71179769099995, -23.41113013531131], [-50.712408520999986, -23.411532355311316], [-50.71241063299993, -23.411534076311305], [-50.712412355999966, -23.41153618631133], [-50.71241361899996, -23.411538600311328], [-50.71241437099997, -23.411541219311314], [-50.71241458099997, -23.411543936311343], [-50.71241423999993, -23.41154663931134], [-50.71241336099997, -23.41154921931135], [-50.712359873999965, -23.411666029311302], [-50.712352931999924, -23.411740381311308], [-50.71256342199996, -23.411931613311314], [-50.71277892699993, -23.411959269311303], [-50.71281607699996, -23.41180653431135], [-50.712817026999964, -23.411803877311296], [-50.71281850999998, -23.411801476311343], [-50.71282045999993, -23.411799437311306], [-50.71282279199994, -23.41179784931133], [-50.71282540399994, -23.41179678131132], [-50.713018173999956, -23.411740671311303], [-50.71302101299994, -23.411740166311304], [-50.71302389399994, -23.411740276311345], [-50.71340505699993, -23.41179614931129], [-50.71369559599998, -23.41176822131133], [-50.713705779999934, -23.411763020311316], [-50.713951650999945, -23.411637439311303], [-50.713953894999975, -23.411636536311306], [-50.713956263999926, -23.411636049311333], [-50.71395868299993, -23.41163599431135], [-50.71396107199996, -23.411636372311325], [-50.714393291999954, -23.411745262311296], [-50.71439583599994, -23.41174618331134], [-50.71439814499996, -23.411747594311315], [-50.71440012599993, -23.411749438311315], [-50.71440169799996, -23.411751641311312], [-50.71440279799999, -23.411754113311318], [-50.71440338299993, -23.4117567553113], [-50.714420293999986, -23.41190059731129], [-50.714535910999984, -23.41192316331132], [-50.71453853099996, -23.411923958311345], [-50.71454093699998, -23.41192526631131], [-50.71454302799998, -23.411927034311315], [-50.714544718999946, -23.41192918731129], [-50.71454593999994, -23.411931638311287], [-50.714546638999934, -23.41193428531131], [-50.714546789999986, -23.41193701931133], [-50.71454638499995, -23.411939727311285], [-50.714506827999976, -23.412094425311306], [-50.71476605299995, -23.412109326311292], [-50.71476825999997, -23.412109638311296], [-50.71477038599994, -23.4121103093113], [-50.71477237199997, -23.412111321311283], [-50.71492181199995, -23.412203821311323], [-50.71492388499996, -23.412205400311283], [-50.71492561399999, -23.41220734931131], [-50.71492693699997, -23.41220959431133], [-50.714927802999966, -23.41221205131132], [-50.71497364299995, -23.412397881311275], [-50.71497402199997, -23.41240052431129], [-50.71497387299997, -23.412403190311295], [-50.714973200999964, -23.41240577431131], [-50.71491418599993, -23.41256567531127], [-50.71500358299994, -23.412643739311296], [-50.71500470299997, -23.412644838311273], [-50.71508715199997, -23.41273577831128], [-50.71528650999994, -23.412866198311285], [-50.71541313199998, -23.412947844311287], [-50.71541506899995, -23.41294936031129], [-50.71563372099995, -23.4131553103113], [-50.71582625099996, -23.413256121311285], [-50.71582841499997, -23.413257534311285], [-50.71583026999996, -23.413259335311277], [-50.71583174599993, -23.413261456311293], [-50.715832790999976, -23.413263821311304], [-50.71583336499998, -23.41326634131126], [-50.71583870099994, -23.413307858311253], [-50.71607201899996, -23.4133909143113], [-50.71607446099995, -23.413392071311282], [-50.71607662399998, -23.4133936933113], [-50.71607841899998, -23.413395713311257], [-50.71607977499997, -23.413398051311262], [-50.71613117799995, -23.413511574311286], [-50.71621925799997, -23.41355720431127], [-50.71622161599998, -23.413558759311258], [-50.716480058999934, -23.41377117231125], [-50.71653077199994, -23.413759110311236], [-50.71653353499994, -23.41375874931126], [-50.71653631299995, -23.413758963311267], [-50.716648093999936, -23.413779392311273], [-50.71698589899995, -23.41380391331129], [-50.71712809799993, -23.413771305311258], [-50.717131116999944, -23.413770964311276], [-50.71713413599998, -23.413771308311293], [-50.71713699999998, -23.41377232031127], [-50.71727580999993, -23.413839789311254], [-50.717534860999926, -23.413933437311268], [-50.71753712499998, -23.41393450231126], [-50.71783255899993, -23.414108729311252], [-50.71798053899993, -23.414142981311233], [-50.717983542999946, -23.41414406531125], [-50.71814521299996, -23.414225175311252], [-50.71814778999993, -23.414226862311253], [-50.71814991699995, -23.414229090311284], [-50.718340466999955, -23.414481041311266], [-50.71843104099998, -23.414600803311266], [-50.71848075199995, -23.414617809311274], [-50.71848364299996, -23.414619202311254], [-50.718486121999945, -23.41462123931128], [-50.71929445599994, -23.415465403311256], [-50.71937446299996, -23.41554902131121], [-50.71939691899996, -23.415572527311195], [-50.71971500799998, -23.415391616311222], [-50.71971708399997, -23.415390658311253], [-50.71971929199998, -23.415390065311204], [-50.720086511999966, -23.41532423531122], [-50.72008979599996, -23.415324054311213], [-50.72034984499992, -23.415341576311214], [-50.72071366599994, -23.41514782531124], [-50.72071394899996, -23.415147679311243], [-50.72103783899996, -23.414984899311275], [-50.72104070299998, -23.41498384631126], [-50.72104372999996, -23.414983465311252], [-50.721248997999965, -23.41498103131125], [-50.72138927199995, -23.41483806231123], [-50.721389715999976, -23.414837629311258], [-50.721525622999934, -23.414711311311244], [-50.72163134699997, -23.414490577311266], [-50.721653783999955, -23.414389028311255], [-50.72167990399999, -23.414270978311283], [-50.721680800999934, -23.414268295311235], [-50.72168223999995, -23.41426585831125], [-50.721684154999934, -23.41426377631127], [-50.72200211399996, -23.413983789311285], [-50.722218200999976, -23.41373750231125], [-50.72221994399996, -23.41373584131125], [-50.72222195499995, -23.413734517311262], [-50.72248441099999, -23.413593581311297], [-50.722823249999976, -23.41338703331131], [-50.72289568999997, -23.41325518031128], [-50.72289701299996, -23.41325320831127], [-50.72289866099993, -23.413251498311286], [-50.722900583999945, -23.413250105311285], [-50.72312934499996, -23.413113282311286], [-50.723243661999966, -23.412971272311314], [-50.72327890499998, -23.412891026311264], [-50.72331071599996, -23.412806369311273], [-50.723311782999986, -23.412804163311304], [-50.72331323199995, -23.412802187311268], [-50.72331501399998, -23.412800506311267], [-50.723317071999986, -23.412799176311292], [-50.723319335999975, -23.412798240311304], [-50.72332173199993, -23.412797729311308], [-50.72339874099998, -23.412788532311303], [-50.72340070999997, -23.412746311311302], [-50.723401088999935, -23.41274370431131], [-50.72340196899995, -23.412741221311293], [-50.72340331399994, -23.412738956311276], [-50.72340507499997, -23.412736997311292], [-50.72340718299995, -23.41273541731128], [-50.72340955799996, -23.41273427831129], [-50.72365310199996, -23.41264556831128], [-50.72385002999994, -23.412491603311306], [-50.72385288399994, -23.412489894311307], [-50.72400778999998, -23.412421443311302], [-50.724217443999976, -23.412170793311315], [-50.72421961899994, -23.412168716311278], [-50.724222200999975, -23.412167173311285], [-50.72457920999995, -23.41200478131129], [-50.724723375999986, -23.411803975311283], [-50.72490509399995, -23.411534026311315], [-50.725013780999966, -23.411287621311352], [-50.72501505099996, -23.411285360311325], [-50.72501673099998, -23.411283384311307], [-50.72501875799997, -23.411281766311305], [-50.725021056999935, -23.4112805673113], [-50.72502354399995, -23.4112798313113], [-50.72526154399998, -23.411233657311328], [-50.725473794999964, -23.411096462311345], [-50.725476722999986, -23.411095038311352], [-50.725479906999965, -23.411094358311317], [-50.72554930299999, -23.4110881353113], [-50.72562339199994, -23.410910375311325], [-50.72562458499994, -23.410908134311324], [-50.72562617699998, -23.41090615731131], [-50.725628111999974, -23.410904513311362], [-50.725630319999944, -23.410903262311344], [-50.725842457999924, -23.41080820731131], [-50.72588905599997, -23.410768620311323], [-50.72589152099994, -23.410766956311353], [-50.72589428999999, -23.410765874311352], [-50.72610108899994, -23.410710427311336], [-50.726429123999935, -23.41059924931134], [-50.72655232599993, -23.410487248311355], [-50.72655392499996, -23.410486000311366], [-50.72655569399996, -23.410485007311365], [-50.72673785999996, -23.41040003731137], [-50.726855195999974, -23.41016808631133], [-50.726856613999985, -23.410165857311366], [-50.726858438999955, -23.410163948311375], [-50.72686060199993, -23.410162431311328], [-50.72686301899995, -23.41016136631134], [-50.72686559699997, -23.410160792311324], [-50.72686823799995, -23.41016073231134], [-50.72687083999995, -23.410161189311324], [-50.726873301999944, -23.41016214531135], [-50.72687553099996, -23.410163563311357], [-50.72687744099995, -23.410165388311317], [-50.72687895699994, -23.410167550311368], [-50.726880022999985, -23.410169967311333], [-50.72688059699993, -23.410172546311333], [-50.726880655999935, -23.410175187311367], [-50.726880198999936, -23.41017778831132], [-50.726879243999974, -23.410180251311367], [-50.72675980399998, -23.410416361311366], [-50.726758168999936, -23.41041885931132], [-50.72675602499999, -23.410420936311358], [-50.72675347599994, -23.410422490311348], [-50.72656893999994, -23.410508565311375], [-50.72644517399994, -23.410621079311323], [-50.72644294899994, -23.41062271931132], [-50.72644043499997, -23.41062387031131], [-50.72610932499998, -23.410736090311307], [-50.726108489999945, -23.41073634431136], [-50.72590419599993, -23.410791119311334], [-50.72585844399998, -23.410829988311352], [-50.72585522999998, -23.410832015311353], [-50.72564621299995, -23.410925672311336], [-50.72557104799995, -23.411106013311294], [-50.72556991099998, -23.411108168311312], [-50.72556840399995, -23.41111008331134], [-50.725566577999984, -23.41111169531135], [-50.725564489999954, -23.411112953311342], [-50.72556221099995, -23.411113813311346], [-50.72555981399995, -23.411114250311332], [-50.72548562899994, -23.41112090231136], [-50.725273984999944, -23.41125770531133], [-50.725271701999986, -23.41125888831132], [-50.72526923599997, -23.411259617311345], [-50.72503559499995, -23.411304944311354], [-50.72492926899998, -23.41154599731131], [-50.72492811799998, -23.411548083311306], [-50.724745617999986, -23.411819193311334], [-50.72474538599994, -23.41181952731132], [-50.72459900599995, -23.41202341731129], [-50.72459748299997, -23.412025191311283], [-50.72459567499993, -23.412026675311342], [-50.72459363899998, -23.41202782431129], [-50.72423614899998, -23.412190435311295], [-50.724026445999975, -23.412441144311284], [-50.72402421299995, -23.412443265311314], [-50.72402155599997, -23.4124448243113], [-50.72386530899996, -23.412513866311315], [-50.723668019999934, -23.412668114311305], [-50.72366625599995, -23.412669282311295], [-50.72366433199994, -23.41267016031127], [-50.72342721199993, -23.412756529311302], [-50.72342512999995, -23.412801186311288], [-50.72342473499998, -23.412803858311285], [-50.72342381399994, -23.412806397311265], [-50.72342240599994, -23.41280870131129], [-50.72342056699995, -23.412810679311292], [-50.72341836999993, -23.412812250311276], [-50.72341590399998, -23.412813351311275], [-50.723413267999945, -23.412813938311263], [-50.72333306199994, -23.412823517311313], [-50.72330400399994, -23.412900848311306], [-50.72330372699997, -23.412901527311295], [-50.72326761699997, -23.412983747311266], [-50.72326577599995, -23.41298677831126], [-50.723148825999935, -23.413132058311287], [-50.72314717499995, -23.41313377431127], [-50.723145246999934, -23.413135173311264], [-50.722917550999966, -23.413271358311288], [-50.72284513999994, -23.41340315731126], [-50.722843840999985, -23.413405100311294], [-50.722842225999955, -23.413406789311278], [-50.72284034399996, -23.413408174311293], [-50.72249812399996, -23.41361678431125], [-50.72249748499996, -23.4136171503113], [-50.72223685199998, -23.41375710731127], [-50.72202179899995, -23.414002215311278], [-50.72202057499993, -23.414003441311284], [-50.72170526599996, -23.414281094311285], [-50.72168009699993, -23.41439484831126], [-50.72165732699995, -23.41449790631124], [-50.72165632299993, -23.41450081931125], [-50.721548822999985, -23.414725259311247], [-50.72154752399996, -23.414727424311256], [-50.721545843999934, -23.414729309311213], [-50.72140829099993, -23.41485715731125], [-50.72126433799997, -23.415003876311236], [-50.72126231899994, -23.41500556631127], [-50.721260008999934, -23.41500683231124], [-50.721257497999936, -23.41500762431122], [-50.72125487999995, -23.415007912311232], [-50.721047160999944, -23.41501037631121], [-50.72072619299996, -23.415171687311215], [-50.72035911399996, -23.415367172311218], [-50.72035681099993, -23.41536813631126], [-50.72035436999993, -23.415368659311238], [-50.72035187399996, -23.415368723311246], [-50.720089636999944, -23.415351054311255], [-50.719726322999975, -23.41541618431124], [-50.71940110199995, -23.415601152311222], [-50.71939877799997, -23.41560219631121], [-50.71939629899998, -23.415602784311254], [-50.719393754999935, -23.415602896311206], [-50.719391233999936, -23.415602526311254], [-50.719388827999985, -23.41560168931123], [-50.719386622999934, -23.415600414311232], [-50.719384696999946, -23.415598746311208], [-50.71935497999994, -23.41556764031121], [-50.71927498599997, -23.415484036311216], [-50.71846892599996, -23.41464224731124], [-50.718418418999924, -23.414624968311227], [-50.718415996999966, -23.41462386231126], [-50.71841383999998, -23.41462230131123], [-50.71841203299993, -23.414620347311267], [-50.71831897299996, -23.414497297311254], [-50.71813031899996, -23.414247853311235], [-50.71797289499995, -23.414168874311287], [-50.71782446099997, -23.414134516311282], [-50.717822499999954, -23.414133901311253], [-50.717820654999976, -23.41413299531127], [-50.71752451699996, -23.413958354311287], [-50.71726597899993, -23.413864891311256], [-50.717264668999974, -23.413864338311235], [-50.71712949199997, -23.41379863431129], [-50.71698995199995, -23.413830632311278], [-50.71698796999993, -23.41383093431127], [-50.716985964999935, -23.413830938311293], [-50.71664541499996, -23.413806218311287], [-50.716643966999975, -23.41380603431125], [-50.71653425299996, -23.413785983311268], [-50.71647978799996, -23.413798938311253], [-50.71647733299994, -23.41379928731126], [-50.716474855999934, -23.41379918131124], [-50.71647243899997, -23.413798622311248], [-50.71647016699995, -23.41379763031128], [-50.71646811399995, -23.413796239311274], [-50.71620560099995, -23.41358048031125], [-50.71611463199997, -23.41353335331131], [-50.716112143999965, -23.413531690311277], [-50.71611008399998, -23.413529519311254], [-50.71610855499995, -23.413526947311297], [-50.716057586999966, -23.413414383311277], [-50.71582187099995, -23.41333047331128], [-50.71581963099993, -23.41332943531129], [-50.71581761699997, -23.413328006311282], [-50.71581589799996, -23.41332623431127], [-50.71581453099998, -23.41332417731131], [-50.71581356299998, -23.413321906311282], [-50.71581302499994, -23.413319496311303], [-50.71580752999995, -23.413276739311282], [-50.715619579999945, -23.413178326311296], [-50.715616590999964, -23.41317619731131], [-50.71539748999998, -23.41296982431128], [-50.715271867999945, -23.412888823311263], [-50.71527179299994, -23.412888775311266], [-50.71507095299995, -23.412757385311284], [-50.71506834699994, -23.412755159311303], [-50.71498526499994, -23.41266352131127], [-50.71488946699997, -23.41257986831129], [-50.71488761799998, -23.412577893311322], [-50.714886200999956, -23.412575589311306], [-50.714885272999936, -23.412573048311284], [-50.71488487099999, -23.41257037331127], [-50.71488501199997, -23.412567672311294], [-50.71488568899997, -23.412565053311315], [-50.71494648699996, -23.412400322311264], [-50.71490295399996, -23.412223843311324], [-50.71476109399998, -23.41213603531128], [-50.71448894699995, -23.41212039131131], [-50.714486341999994, -23.412119983311314], [-50.714483866999956, -23.412119076311292], [-50.714481615999944, -23.412117704311314], [-50.71447967499995, -23.412115920311308], [-50.714478117999924, -23.4121137923113], [-50.71447700599998, -23.41211140131129], [-50.71447637999995, -23.41210884031132], [-50.71447626499997, -23.412106206311314], [-50.71447666499995, -23.412103601311287], [-50.714516738999976, -23.41194687931131], [-50.714405478999936, -23.41192516431131], [-50.71440277599998, -23.411924334311337], [-50.71440030699995, -23.41192295931132], [-50.71439817799996, -23.411921099311325], [-50.71439648399996, -23.41191883631134], [-50.71439529999998, -23.4119162693113], [-50.714394676999966, -23.41191351231131], [-50.71437770199997, -23.411769126311317], [-50.71395939899998, -23.411663742311323], [-50.71372553999999, -23.41178318831131], [-50.713734010999985, -23.41223076531129], [-50.71373384899994, -23.412233117311313], [-50.713733279999985, -23.412235404311286], [-50.71351041099995, -23.4128831183113], [-50.71339849599997, -23.413654948311294], [-50.713516709999965, -23.41429469831128], [-50.71351692099995, -23.414296537311266], [-50.71354948299996, -23.415016386311258], [-50.713549357999966, -23.415018921311226], [-50.71354875999998, -23.41502138731124], [-50.71354771099993, -23.41502369831124], [-50.71338722799993, -23.4153035753112], [-50.713387178999945, -23.415303660311217], [-50.712863334999945, -23.416202009311213], [-50.71260078099993, -23.417328069311175], [-50.712600055999985, -23.417330288311188], [-50.712300021999965, -23.418035019311162], [-50.712300004999975, -23.41803505931118], [-50.711576407999985, -23.41971932031113], [-50.71065959699996, -23.423974317311064], [-50.71065878999997, -23.423976832311073], [-50.71065750799994, -23.423979142311026], [-50.710655799999984, -23.423981157311026], [-50.71065373199996, -23.423982800311048], [-50.71065138199998, -23.423984008311066], [-50.71064884299995, -23.42398473531105], [-50.710646209999936, -23.423984952311034], [-50.71064358599995, -23.423984652311017], [-50.710641070999934, -23.423983845311028], [-50.71063876099999, -23.423982563311046], [-50.71063674599998, -23.42398085531104], [-50.71063510299996, -23.42397878631104], [-50.710633894999944, -23.42397643731104], [-50.71063316799996, -23.423973898311058], [-50.71063295099998, -23.42397126531105], [-50.71063325199998, -23.42396864131106], [-50.71155033899999, -23.419712365311117], [-50.71155112999997, -23.419709884311153], [-50.71227523499993, -23.418024442311204], [-50.71257480199994, -23.41732080931121], [-50.71283754999996, -23.41619391431121], [-50.71283815199996, -23.41619199531121], [-50.71283903199998, -23.416190186311184], [-50.713363872999935, -23.415290127311252], [-50.71352238399999, -23.41501369131123], [-50.71349004099994, -23.414298682311276], [-50.71337159099994, -23.413657661311248], [-50.71337136999995, -23.413655474311252], [-50.71337150599994, -23.41365327931127], [-50.713483921999966, -23.412877997311277], [-50.71348451599993, -23.41287554731127], [-50.71370702099995, -23.41222889131132], [-50.713698808999936, -23.411794986311307], [-50.71340600899998, -23.411823132311287], [-50.713402765999945, -23.411823051311295], [-50.713022888999944, -23.411767366311338], [-50.71284042099995, -23.411820478311334], [-50.71280226299995, -23.411977353311283], [-50.71280131999998, -23.41197999531132], [-50.71279984999995, -23.411982384311287], [-50.71279791799998, -23.41198441831132], [-50.71279560699998, -23.41198600731128], [-50.712793015999985, -23.411987083311338], [-50.712790258999966, -23.411987599311328], [-50.712787454999955, -23.41198753431134], [-50.71255578499995, -23.411957804311275], [-50.712553121999974, -23.41195718231133], [-50.71255063899997, -23.41195603631135], [-50.71254843899993, -23.41195441231129], [-50.71232982899994, -23.411755802311312], [-50.712328146999944, -23.411753962311323], [-50.712326831999974, -23.411751844311333], [-50.712325930999945, -23.41174952031129], [-50.712325471999975, -23.411747069311286], [-50.71232547399995, -23.411744576311346], [-50.71233325399999, -23.411661246311294], [-50.712333651999984, -23.41165901831131], [-50.71233441899994, -23.411656889311324], [-50.712384046999944, -23.411548507311316], [-50.71178422399999, -23.411153534311353], [-50.71146408599998, -23.41103929731131], [-50.711394164999945, -23.411030590311302], [-50.71139184499998, -23.41103009131135], [-50.711389648999955, -23.411029192311307], [-50.71115075899996, -23.41090586231135], [-50.71114865499993, -23.410904515311344], [-50.711146835999955, -23.410902804311355], [-50.71114536399995, -23.41090078631132], [-50.71114428999993, -23.41089853031131], [-50.71114365099999, -23.410896116311317], [-50.71112924199997, -23.410810148311302], [-50.71081654999995, -23.41065625931132], [-50.71081432699998, -23.41065488231133], [-50.71081241099996, -23.41065310131135], [-50.71081087599998, -23.410650984311335], [-50.71080977799994, -23.410648610311323], [-50.71080915999995, -23.410646069311305], [-50.71080904399998, -23.41064345731136], [-50.71080943499993, -23.410640871311312], [-50.71081031799997, -23.410638409311325], [-50.71081165999993, -23.410636165311345], [-50.71081340999996, -23.410634222311316], [-50.71081550299993, -23.41063265331136], [-50.710817858999974, -23.410631518311323], [-50.71092442399999, -23.41059242431133], [-50.71100420099997, -23.41047763331134], [-50.71095113999996, -23.410424154311322], [-50.71090260599993, -23.410479191311353], [-50.71090063999998, -23.410481017311312], [-50.710898350999976, -23.410482417311343], [-50.71089582999997, -23.410483335311362], [-50.71089317699995, -23.410483736311328], [-50.71065039699994, -23.410495956311344], [-50.71064840399998, -23.410495909311337], [-50.71042757399994, -23.41047423931132], [-50.71042488599994, -23.410473695311325], [-50.71042236299996, -23.410472617311356], [-50.71023944799998, -23.41037134231134], [-50.71016879299998, -23.410342472311342], [-50.71016669999995, -23.410341394311327], [-50.710164824999936, -23.41033996931132], [-50.71016322799994, -23.41033823831133], [-50.710161955999986, -23.410336256311385], [-50.71012612599998, -23.41026792631135], [-50.71012525799995, -23.410265872311342], [-50.71012473999996, -23.410263702311333], [-50.71012458699993, -23.410261477311334], [-50.71012646899993, -23.410129401311334], [-50.71008269399993, -23.410060736311376], [-50.70995245999995, -23.410084917311345], [-50.70994954799995, -23.410085136311345], [-50.70994665699993, -23.41008472231135], [-50.70983165699994, -23.41005527231135], [-50.70982868899995, -23.41005412431133], [-50.70982607399998, -23.41005231331132], [-50.70975485999997, -23.40998933631136], [-50.70966191299994, -23.40997950931137], [-50.70965879099998, -23.40997879631136], [-50.70945074099996, -23.409904356311362], [-50.709448823999935, -23.409903496311358], [-50.70944706299997, -23.409902348311334], [-50.70930011299998, -23.409789288311345], [-50.709298581999974, -23.40978791131135], [-50.709225729999964, -23.40971156931136], [-50.70908463899997, -23.40967642831135], [-50.70899565799993, -23.40973408731135], [-50.70899351799994, -23.40973521531134], [-50.708991211999944, -23.409735942311325], [-50.708988811999966, -23.409736245311368], [-50.708833811999966, -23.409741795311348], [-50.708831174999936, -23.40974163031138], [-50.70882861999996, -23.40974095331139], [-50.70882624699993, -23.40973979131139], [-50.70877680699993, -23.409709242311354], [-50.70877485099994, -23.40970777231138], [-50.708773192999956, -23.409705972311382], [-50.708771887999944, -23.409703903311375], [-50.70869780099997, -23.40955871031134], [-50.70860934099994, -23.409505163311344], [-50.70850662799995, -23.40948207031137], [-50.70839513699997, -23.409501876311364], [-50.70839243299997, -23.40950207931139], [-50.70838974299994, -23.40950173731137], [-50.70820458199995, -23.409458906311343], [-50.70806860299996, -23.40944759731134], [-50.70806591199994, -23.40944709431137], [-50.70806337799996, -23.409446057311357], [-50.70806110499996, -23.409444530311358], [-50.708059188999975, -23.409442574311367], [-50.708057706999966, -23.409440272311382], [-50.708056720999934, -23.409437718311395], [-50.708056271999965, -23.409435017311356], [-50.70805637799998, -23.409432281311364], [-50.708067866999954, -23.409351087311343], [-50.70802489999994, -23.409228913311406], [-50.707972495999975, -23.409208461311394], [-50.70787786999994, -23.409249577311368], [-50.70787542499995, -23.40925037231138], [-50.707872874999964, -23.40925068831139], [-50.70777721199994, -23.409253348311402], [-50.70765915399994, -23.409343266311353], [-50.707681657999956, -23.409386249311375], [-50.707682638999984, -23.409388670311348], [-50.70768313499997, -23.40939123531138], [-50.70768312699994, -23.409393847311396], [-50.70768261499995, -23.40939640931136], [-50.70768161799998, -23.409398824311396], [-50.707680173999954, -23.409401001311394], [-50.70767833699995, -23.409402858311367], [-50.70767617599995, -23.409404326311353], [-50.70767377199997, -23.409405350311378], [-50.70767121599994, -23.40940589031136], [-50.707668603999934, -23.40940592731137], [-50.70766603299995, -23.40940545931137], [-50.70766360199996, -23.40940450431136], [-50.70766139999995, -23.40940309831139], [-50.707659510999974, -23.409401293311372], [-50.70749201099994, -23.40920685331135], [-50.707490580999945, -23.409204849311394], [-50.70748953999998, -23.409202618311344], [-50.70748892199998, -23.40920023531136], [-50.707488747999946, -23.409197779311356], [-50.70748902399999, -23.409195332311366], [-50.70748973999998, -23.40919297731139], [-50.70750862999995, -23.40914658731136], [-50.70750984099994, -23.40914428131135], [-50.707511472999954, -23.4091422513114], [-50.70751346399992, -23.40914057331136], [-50.70751574199994, -23.409139309311364], [-50.70751821999994, -23.409138508311365], [-50.707520805999934, -23.40913819731135], [-50.70752340299998, -23.409138390311362], [-50.70752591399998, -23.409139079311355], [-50.70752824599998, -23.409140239311355], [-50.70753031199996, -23.40914182531135], [-50.70753203399994, -23.409143779311385], [-50.70756031999996, -23.409182945311336], [-50.70769022199995, -23.40917829431136], [-50.70761331099993, -23.408955099311374], [-50.707487420999946, -23.40891279731138], [-50.70743414899994, -23.408930039311397], [-50.70743159699999, -23.408930598311397], [-50.70742898399993, -23.408930655311362], [-50.707426409999975, -23.408930206311396], [-50.707423970999976, -23.408929269311347], [-50.70742175799995, -23.4089278793114], [-50.707419855999945, -23.4089260883114], [-50.707418334999936, -23.408923963311366], [-50.707380274999934, -23.408858133311387], [-50.70737926999993, -23.408855976311397], [-50.70737866099995, -23.408853677311377], [-50.70737846599997, -23.40885130631138], [-50.707378689999985, -23.408848937311372], [-50.70742730999996, -23.408586157311362], [-50.707428095999944, -23.408583490311372], [-50.707429411999954, -23.408581040311365], [-50.707498200999964, -23.408479719311376], [-50.70748685999996, -23.408392086311412], [-50.70717996099995, -23.408280709311367], [-50.70707396699999, -23.408318520311393], [-50.70707101299997, -23.408319211311415], [-50.70706797899992, -23.40831922431139], [-50.70684381999996, -23.408294784311384], [-50.706841156999985, -23.40829421731142], [-50.706838662999985, -23.408293127311406], [-50.70667310299996, -23.408199797311376], [-50.70667222999998, -23.408199260311374], [-50.70639639999997, -23.40801481031138], [-50.706395612999984, -23.40801424231141], [-50.70598076999994, -23.407691340311438], [-50.70447322499996, -23.412338105311274], [-50.70474131199995, -23.413411611311272], [-50.70474169599998, -23.413414184311286], [-50.70474157799998, -23.413416783311263], [-50.704605903999955, -23.414365727311257], [-50.70460533499994, -23.414368119311263], [-50.704604341999975, -23.41437036731124], [-50.70460295699996, -23.414372397311258], [-50.704601225999966, -23.41437414231127], [-50.704599207999934, -23.414375544311227], [-50.703842599999966, -23.414804263311236], [-50.70338149299994, -23.41735638831119], [-50.703380394999954, -23.41735979231118], [-50.702843499999965, -23.418485731311172], [-50.70289005099995, -23.418656919311143], [-50.703042737999965, -23.419037863311157], [-50.70344353999997, -23.41963442431114], [-50.703443670999945, -23.419634622311154], [-50.70418561499998, -23.42078203931111], [-50.70418660999997, -23.4207838773111], [-50.70418730999995, -23.42078584631108], [-50.704961040999926, -23.423653613311018], [-50.70496146899995, -23.423656130311063], [-50.70496141499996, -23.42365868331106], [-50.70496088099997, -23.42366117931104], [-50.70495988499994, -23.423663530311018], [-50.70495846399996, -23.423665651311047], [-50.70437729599996, -23.42437665531101], [-50.70414468299999, -23.425253009311], [-50.70414375899998, -23.42525548331099], [-50.70414236899995, -23.42525773031099], [-50.70414056799996, -23.425259662311014], [-50.70413842399995, -23.42526120631101], [-50.704136020999954, -23.42526230231102], [-50.704133449999965, -23.42526290731103], [-50.70413080999999, -23.425263000311016], [-50.70412820299998, -23.42526257631101], [-50.70412572799995, -23.425261651311015], [-50.70412348199994, -23.425260262310974], [-50.70412154999997, -23.42525846131098], [-50.70412000599998, -23.42525631731103], [-50.70411890999998, -23.425253914310982], [-50.70411830399996, -23.42525134231101], [-50.70411821199996, -23.425248703311013], [-50.70411863599998, -23.42524609531102], [-50.70435199599995, -23.42436692631102], [-50.704353019999985, -23.424364252311033], [-50.704354585999965, -23.424361855311034], [-50.70493321899994, -23.423653953311064], [-50.70416183999998, -23.4207949023111], [-50.70342110399997, -23.41964935531116], [-50.70301957499999, -23.419051711311134], [-50.703018251999936, -23.41904921031116], [-50.702864745999925, -23.41866622131116], [-50.70286425099994, -23.418664743311155], [-50.70281618299998, -23.418487979311163], [-50.70281576299993, -23.41848562631115], [-50.70281576599996, -23.41848323631119], [-50.702816189999965, -23.41848088431116], [-50.70281702299997, -23.41847864331115], [-50.70335529299996, -23.417349821311184], [-50.70381720199998, -23.414793256311217], [-50.70381803999992, -23.414790431311253], [-50.703819471999964, -23.41478785631125], [-50.70382142999995, -23.41478565331125], [-50.70382381999996, -23.41478392931123], [-50.704580161999964, -23.414355360311237], [-50.704714525999975, -23.41341558031131], [-50.704446142999984, -23.412340886311327], [-50.704445764999946, -23.4123384103113], [-50.704445850999946, -23.412335907311274], [-50.70444639899994, -23.412333463311317], [-50.70595814899997, -23.407673733311398], [-50.70577394299994, -23.407530352311426], [-50.70577245399994, -23.407529002311435], [-50.70577118199998, -23.407527447311388], [-50.70560362899994, -23.407288124311446], [-50.70558641899999, -23.407297433311395], [-50.70564522199993, -23.40738881731141], [-50.70564641899995, -23.40739114831143], [-50.705647141999975, -23.4073936673114], [-50.705647363999965, -23.407396278311413], [-50.705647075999934, -23.407398883311437], [-50.705646289999954, -23.407401383311417], [-50.705645033999986, -23.407403683311436], [-50.705606143999944, -23.4074609033114], [-50.705604394999966, -23.407462988311405], [-50.705602262999946, -23.407464678311385], [-50.70559983399995, -23.40746590631142], [-50.70559720799997, -23.407466621311425], [-50.70559449199993, -23.407466794311404], [-50.705591796999954, -23.407466417311415], [-50.705589232999955, -23.407465507311425], [-50.70558690299998, -23.40746409931143], [-50.705584903999984, -23.407462253311394], [-50.705447284999934, -23.407306566311437], [-50.705092011999966, -23.407308473311392], [-50.70508836199997, -23.40730799031144], [-50.70488059199994, -23.407250770311407], [-50.70487839899994, -23.407249955311386], [-50.70487637999997, -23.40724877331144], [-50.70487459499997, -23.40724726031141], [-50.704873099999986, -23.407245461311383], [-50.704729489999984, -23.40703851131139], [-50.70472818199994, -23.407036154311424], [-50.704727369999944, -23.407033583311442], [-50.704727085999934, -23.40703090331142], [-50.70472733999998, -23.407028219311442], [-50.704758786999946, -23.406868909311427], [-50.70457682399996, -23.406795961311406], [-50.70440218999994, -23.40683236031141], [-50.704399567999985, -23.40683264331143], [-50.70439694299995, -23.406832410311456], [-50.704394411999935, -23.406831670311433], [-50.70413456899996, -23.40672716631141], [-50.70393046899995, -23.406796260311424], [-50.70392858099995, -23.406796750311422], [-50.703677236999965, -23.406842884311416], [-50.70367350899995, -23.406843043311437], [-50.70344551299997, -23.406821022311433], [-50.703443386999936, -23.406820643311402], [-50.703226039999954, -23.406763594311446], [-50.70322321599996, -23.406762501311405], [-50.703220707999954, -23.406760805311436], [-50.70316815199993, -23.406715902311433], [-50.70316581199995, -23.406713307311424], [-50.70292299099998, -23.406361195311455], [-50.70292182299994, -23.40635913431142], [-50.702921033999985, -23.406356900311454], [-50.70287483799996, -23.406177199311436], [-50.702361218999954, -23.406197258311437], [-50.70223196499995, -23.406255169311432], [-50.70221779399998, -23.406433526311414], [-50.702217204999954, -23.40643653631141], [-50.70221594999998, -23.40643933531143], [-50.70221409399994, -23.406441778311454], [-50.70217956199997, -23.406477844311457], [-50.70217742699998, -23.40647965331143], [-50.70217496399994, -23.406480983311404], [-50.70176155799993, -23.406651368311454], [-50.70175860699993, -23.40665220631146], [-50.701755541999944, -23.4066523563114], [-50.70135425899997, -23.40662607231139], [-50.701120181999954, -23.406635852311428], [-50.700770398999964, -23.406815384311432], [-50.70032612299997, -23.407095589311442], [-50.70032419199998, -23.40709659831141], [-50.70032212299998, -23.407097283311437], [-50.699946359999956, -23.407188817311408], [-50.69985109299996, -23.407263347311424], [-50.69984867699998, -23.407264855311436], [-50.699845997999944, -23.40726582231138], [-50.699843174999955, -23.407266204311387], [-50.699840334999976, -23.407265984311437], [-50.69979748499997, -23.4072580433114], [-50.69979501299997, -23.407257335311385], [-50.699792719999955, -23.40725617131143], [-50.699790689999986, -23.40725459231141], [-50.699788997999974, -23.407252657311403], [-50.69964461999996, -23.407051749311403], [-50.699504599999955, -23.407093095311446], [-50.699171280999956, -23.407500323311407], [-50.69916931699999, -23.40750227431141], [-50.699166994999985, -23.407503782311426], [-50.699154207999975, -23.407510330311418], [-50.699019832999966, -23.407730480311375], [-50.69901858799995, -23.40773219931139], [-50.69901708699996, -23.407733702311404], [-50.69884949999994, -23.4078769703114], [-50.698902962999966, -23.408064503311426], [-50.698903446999964, -23.40806725931138], [-50.69890335099996, -23.408070055311367], [-50.698902679999954, -23.40807277031142], [-50.69890146299997, -23.408075289311373], [-50.69889975199993, -23.408077502311407], [-50.69889762099996, -23.408079314311394], [-50.69889516099994, -23.408080647311394], [-50.698793569999964, -23.408122725311372], [-50.69879135899998, -23.40812342531142], [-50.698789061999946, -23.40812373531138], [-50.69878674399996, -23.408123647311395], [-50.698700051999936, -23.408112821311402], [-50.69869747399997, -23.40811223831137], [-50.69869505999998, -23.40811116331138], [-50.69869290199995, -23.408109637311366], [-50.69869108299997, -23.408107719311417], [-50.69868967299993, -23.408105483311417], [-50.69868872699993, -23.408103016311415], [-50.698642296999935, -23.407933811311395], [-50.698483479999936, -23.407803673311417], [-50.698321807999946, -23.407761466311392], [-50.69831846299996, -23.407760091311374], [-50.69817120999994, -23.4076748783114], [-50.69779453399997, -23.40770104531139], [-50.697791957999975, -23.40770097731143], [-50.69778944099995, -23.407700420311414], [-50.69778707699998, -23.407699394311393], [-50.69778495199995, -23.407697936311415], [-50.69778314299998, -23.407696101311377], [-50.69778171599996, -23.407693955311395], [-50.697713549999946, -23.407566414311418], [-50.697459082999956, -23.407446401311407], [-50.69714868999995, -23.407517023311406], [-50.69714613799994, -23.40751735231139], [-50.69714356999998, -23.4075171903114], [-50.69714107999994, -23.407516542311384], [-50.69713875799993, -23.4075154333114], [-50.69713668999998, -23.407513903311383], [-50.69713494999996, -23.407512008311414], [-50.69713360199995, -23.407509816311396], [-50.69713269499994, -23.407507408311403], [-50.69713226199996, -23.40750487231139], [-50.69712941399996, -23.407466115311415], [-50.697129486999984, -23.407463417311423], [-50.69713009599997, -23.407460787311436], [-50.69721022699997, -23.407225303311414], [-50.69680736599997, -23.407027834311414], [-50.69642620899998, -23.407026019311388], [-50.696423711999955, -23.407025773311446], [-50.696421302999966, -23.40702506931144], [-50.69577748699999, -23.406769541311416], [-50.695775035999986, -23.406768263311413], [-50.69577289699998, -23.406766511311403], [-50.695771159999936, -23.406764360311413], [-50.695769899999966, -23.40676190031145], [-50.69576916699998, -23.406759234311448], [-50.695768993999934, -23.406756475311425], [-50.695776477999964, -23.406570489311452], [-50.69553657499995, -23.406487751311456], [-50.69552890199997, -23.40663552231145], [-50.695528508999985, -23.406638129311453], [-50.695527614999946, -23.406640609311424], [-50.69552625499995, -23.40664286831141], [-50.695524481999946, -23.40664481931142], [-50.69552236199996, -23.40664638831141], [-50.695519977999936, -23.406647513311395], [-50.69551741999993, -23.40664815331145], [-50.69551478699998, -23.40664828231145], [-50.69529958799996, -23.406637746311404], [-50.695296725999974, -23.40663729431141], [-50.69529402799998, -23.406636241311396], [-50.69529161699996, -23.406634636311445], [-50.69528960399998, -23.406632552311425], [-50.69528808399997, -23.4066300873114], [-50.695267043999934, -23.406585965311447], [-50.695266120999975, -23.40658338031144], [-50.69526574099996, -23.40658066031145], [-50.69526592099999, -23.406577921311413], [-50.69529374599994, -23.40641322831143], [-50.695180292999964, -23.406346188311456], [-50.69509709999994, -23.406369486311437], [-50.695094697999934, -23.406369928311417], [-50.69509225499996, -23.40636993031145], [-50.69508985199996, -23.406369491311427], [-50.69508756799996, -23.406368625311448], [-50.695085476999964, -23.406367361311446], [-50.69508364999996, -23.40636574031143], [-50.694870511999966, -23.40613905031145], [-50.69486835899993, -23.406136007311456], [-50.69477807199996, -23.405961331311435], [-50.69466297399999, -23.405963316311418], [-50.69466046999998, -23.406088444311443], [-50.69466022199998, -23.40609076431142], [-50.69465957699998, -23.40609300631147], [-50.69465855499993, -23.406095103311458], [-50.694657186999954, -23.40609699231143], [-50.69457141899994, -23.40619609631144], [-50.69456960599996, -23.406197834311424], [-50.69456750199999, -23.406199205311417], [-50.69456517999998, -23.406200161311432], [-50.69456272099995, -23.406200670311453], [-50.69456020999996, -23.40620071431144], [-50.69449914799998, -23.40619607831146], [-50.694496457999946, -23.406195597311438], [-50.694493920999946, -23.406194582311418], [-50.694491640999956, -23.406193076311443], [-50.69448971099996, -23.406191141311435], [-50.69448821199995, -23.40618885731144], [-50.69448720399999, -23.406186317311462], [-50.69448672899995, -23.406183626311442], [-50.694486806999976, -23.406180894311458], [-50.69452715299997, -23.405872590311425], [-50.69452786299996, -23.40586970031146], [-50.69452918899998, -23.405867036311445], [-50.69453106799995, -23.405864729311464], [-50.69474800199998, -23.405651501311457], [-50.69470971099998, -23.40523862831144], [-50.69455983399996, -23.40535626431147], [-50.69455754299997, -23.405357715311474], [-50.69455500899994, -23.405358678311465], [-50.694552332999926, -23.40535911531144], [-50.69454962399993, -23.40535900631145], [-50.69454699199998, -23.405358358311435], [-50.69454454299995, -23.40535719631144], [-50.69446420299994, -23.405308622311438], [-50.69446233399999, -23.40530726131146], [-50.694460725999924, -23.40530560031145], [-50.69417187199997, -23.404950856311473], [-50.693960576999984, -23.404797189311473], [-50.69395850799998, -23.404795329311476], [-50.69395686499996, -23.404793083311457], [-50.69386366599996, -23.40463337931147], [-50.69386252499998, -23.404630860311457], [-50.69386192199994, -23.40462816131146], [-50.693861881999965, -23.404625396311484], [-50.69387052299993, -23.404528128311483], [-50.69387105199997, -23.404525403311485], [-50.69387212799995, -23.404522845311476], [-50.69387370599998, -23.40452056131148], [-50.69387571799995, -23.404518648311477], [-50.693878079999934, -23.404517189311502], [-50.69427642399995, -23.404324601311504], [-50.69445483699997, -23.404143306311504], [-50.694366675999966, -23.40400068731147], [-50.69378430799998, -23.403829728311475], [-50.69378177699996, -23.403828696311475], [-50.69377950599994, -23.403827174311484], [-50.69377758899998, -23.403825226311504], [-50.69377610499998, -23.403822931311502], [-50.69377511399995, -23.403820383311512], [-50.69377465799994, -23.40381768831147], [-50.69377475499993, -23.403814956311493], [-50.69377540199997, -23.40381230131148], [-50.69377657099994, -23.403809830311474], [-50.69377821499995, -23.403807646311485], [-50.69379999599993, -23.403784113311495], [-50.693801783999966, -23.403782498311475], [-50.693803830999975, -23.403781227311494], [-50.69380607099998, -23.40378034231147], [-50.69380843399995, -23.403779869311474], [-50.69408810699998, -23.403749567311504], [-50.69405769899998, -23.403576237311512], [-50.69352841999995, -23.4031772543115], [-50.69321287099996, -23.403126127311484], [-50.69321167299995, -23.403125876311545], [-50.692731314999946, -23.40300244631151], [-50.69272899599997, -23.403001618311517], [-50.692513030999976, -23.402901380311487], [-50.69251074599998, -23.402900031311493], [-50.69250876899997, -23.402898260311517], [-50.69250717799998, -23.402896137311508], [-50.69250603399996, -23.402893743311537], [-50.69250538099994, -23.402891171311516], [-50.69250524399996, -23.40288852031152], [-50.69250562999997, -23.40288589531148], [-50.69250652299997, -23.40288339631154], [-50.69250788899995, -23.402881121311502], [-50.69250967299996, -23.40287915731152], [-50.69251180799995, -23.402877581311532], [-50.692514210999946, -23.40287645431151], [-50.69279573199998, -23.402776878311496], [-50.69249640999993, -23.402265017311557], [-50.69219895899993, -23.40221159231152], [-50.69219637699996, -23.402210856311513], [-50.69219399299993, -23.40220962431153], [-50.692191898999965, -23.402207943311513], [-50.69219018099994, -23.402205880311506], [-50.692188905999956, -23.402203518311524], [-50.69218812399998, -23.40220094931152], [-50.69218786699997, -23.402198277311523], [-50.69218814499993, -23.402195607311523], [-50.69218894599993, -23.402193045311552], [-50.692190239999945, -23.402190692311542], [-50.692191973999975, -23.40218864331155], [-50.69219407999998, -23.402186978311544], [-50.69229378199998, -23.402123196311564], [-50.69199689299995, -23.401684068311525], [-50.691788292999945, -23.40178411431152], [-50.69178585399993, -23.401785006311524], [-50.69178328799995, -23.40178541431153], [-50.69178069199996, -23.401785321311554], [-50.691778160999945, -23.401784733311512], [-50.691775790999934, -23.401783669311513], [-50.691773668999986, -23.401782171311563], [-50.69177187399998, -23.40178029331152], [-50.69177047199998, -23.401778105311518], [-50.69176951699995, -23.40177568931155], [-50.69169424699999, -23.40151405531153], [-50.691637767999964, -23.401388244311566], [-50.691448117999975, -23.401291161311544], [-50.69052384899993, -23.402836868311507], [-50.69052308499994, -23.402838009311544], [-50.68996457399993, -23.40358681631151], [-50.689510165999934, -23.404892754311447], [-50.68950939399998, -23.404894544311453], [-50.689154702999986, -23.40557640531146], [-50.689152490999966, -23.40557949531147], [-50.688604970999954, -23.406152535311456], [-50.68834730999998, -23.406661703311407], [-50.68826303999999, -23.407571252311417], [-50.68826253999999, -23.40757384531139], [-50.688261543999936, -23.407576292311422], [-50.68826008899999, -23.407578497311416], [-50.688258231999946, -23.407580375311394], [-50.68825604399996, -23.407581855311427], [-50.68825360899995, -23.40758288031139], [-50.688251021999974, -23.4075834113114], [-50.68824837999994, -23.407583426311405], [-50.68824578599998, -23.407582926311417], [-50.688243339999985, -23.407581929311384], [-50.68824113499995, -23.407580474311438], [-50.688239256999964, -23.4075786173114], [-50.68823777699998, -23.407576429311405], [-50.68823675199997, -23.407573995311395], [-50.688236220999954, -23.407571407311412], [-50.68823620599994, -23.40756876631138], [-50.68832071299994, -23.40665666431143], [-50.688321180999935, -23.40665417731141], [-50.688322106999976, -23.40665182331141], [-50.68858182599996, -23.406138586311414], [-50.68858410699994, -23.406135362311467], [-50.689131679999946, -23.405562265311445], [-50.68948503499996, -23.40488297531147], [-50.68993980399994, -23.40357599731148], [-50.68994062799993, -23.403574110311492], [-50.68994172899995, -23.403572369311497], [-50.69050107199996, -23.40282244831149], [-50.691424076999965, -23.401278854311528], [-50.691252629999944, -23.401191090311517], [-50.691250313999944, -23.401189586311574], [-50.69090687399994, -23.400912737311536], [-50.690520652999965, -23.400790969311547], [-50.69051824699995, -23.400789945311583], [-50.69051608399997, -23.40078847531155], [-50.69051424599997, -23.400786614311563], [-50.690309258999946, -23.40053426931159], [-50.690043326999955, -23.40042719131155], [-50.68930951999994, -23.400134187311604], [-50.68875913599993, -23.400128732311604], [-50.68857136799994, -23.40032387831155], [-50.688569331999986, -23.40032561231156], [-50.68856699299994, -23.40032690931155], [-50.68856444399995, -23.400327719311566], [-50.68856178499994, -23.400328009311572], [-50.68855912099997, -23.400327769311556], [-50.68855655799996, -23.4003270073116], [-50.68855419499993, -23.40032575431159], [-50.68840996499995, -23.400229808311554], [-50.68840784799995, -23.400228065311566], [-50.68840612799994, -23.400225928311553], [-50.68840487599993, -23.400223488311543], [-50.688404143999946, -23.400220845311583], [-50.688364272999934, -23.399985994311567], [-50.688072932999944, -23.39994345131158], [-50.68807287899995, -23.399943444311596], [-50.68784844899995, -23.399909754311583], [-50.68784604499996, -23.399909164311563], [-50.687843789999924, -23.399908144311603], [-50.68784175999997, -23.399906728311574], [-50.68784002299998, -23.39990496631157], [-50.687802465999944, -23.3998590973116], [-50.687428867999984, -23.400892067311563], [-50.68742846199996, -23.400893062311557], [-50.686232201999985, -23.403523594311512], [-50.686230877999954, -23.403525879311513], [-50.68622913399997, -23.403527863311492], [-50.68622703599994, -23.403529468311522], [-50.68622466499995, -23.403530633311476], [-50.68622211299999, -23.403531313311504], [-50.68621947699995, -23.40353148231148], [-50.686216857999966, -23.40353113431152], [-50.686214357999965, -23.403530281311497], [-50.68621207199993, -23.403528957311526], [-50.686210088999985, -23.403527213311502], [-50.68620848399996, -23.403525115311513], [-50.68620731899994, -23.40352274531151], [-50.68620663799993, -23.403520192311507], [-50.686206468999956, -23.403517556311474], [-50.68620681799996, -23.40351493831147], [-50.68620766999993, -23.40351243731149], [-50.68740370699993, -23.400882396311587], [-50.687782588999944, -23.399834821311575], [-50.687517394999986, -23.399510938311618], [-50.68751592399997, -23.399508728311567], [-50.68751491399996, -23.39950627331161], [-50.687514405999934, -23.399503667311595], [-50.68751441799998, -23.399501012311596], [-50.687514950999976, -23.39949841131159], [-50.68751598299997, -23.399495965311594], [-50.68751747499993, -23.399493769311572], [-50.68760845499997, -23.39938474331161], [-50.68761034999995, -23.399382881311578], [-50.68761257299997, -23.3993814273116], [-50.68761503799993, -23.39938043731161], [-50.687750147999964, -23.39934114931158], [-50.68780811399996, -23.39880837731161], [-50.68769294399993, -23.398769674311634], [-50.68757210399997, -23.398896621311593], [-50.68757017499996, -23.3988982963116], [-50.68756796499997, -23.398899577311592], [-50.68756555399995, -23.398900417311634], [-50.68756302699995, -23.398900788311636], [-50.68756047499994, -23.39890067531163], [-50.68755798999996, -23.398900083311577], [-50.687555661999966, -23.398899032311615], [-50.68741580099999, -23.398819173311626], [-50.68741356799996, -23.398817575311586], [-50.68741170399994, -23.398815557311607], [-50.687410287999974, -23.398813204311594], [-50.687409378999966, -23.3988106133116], [-50.68738030399993, -23.39868933331164], [-50.68737993599996, -23.39868647931164], [-50.68738018199998, -23.3986836123116], [-50.68738103099998, -23.398680862311636], [-50.68738244499997, -23.39867835631159], [-50.68738435899996, -23.39867620731163], [-50.68789681399994, -23.398211816311616], [-50.68795549999994, -23.398053378311644], [-50.68779814299995, -23.39773615731161], [-50.68779722299996, -23.397733746311626], [-50.687796779999985, -23.397731203311633], [-50.68779682899998, -23.39772862331165], [-50.68779736999994, -23.397726099311615], [-50.687933036999944, -23.397298030311614], [-50.687934236999986, -23.397295321311606], [-50.68793599999998, -23.397292940311623], [-50.68819256799998, -23.397016142311656], [-50.68819468799995, -23.397014289311652], [-50.68819714599994, -23.397012916311628], [-50.68819983599997, -23.397012084311676], [-50.68835860999997, -23.396980677311667], [-50.68861256499997, -23.396786698311647], [-50.68862959299997, -23.396478946311635], [-50.68862967299998, -23.39647805131167], [-50.68865938599998, -23.396235552311648], [-50.688567346999946, -23.396002979311657], [-50.688566650999974, -23.39600060431169], [-50.68856640199993, -23.395998141311658], [-50.68856660699999, -23.395995675311642], [-50.68856725999995, -23.395993288311647], [-50.68860812899993, -23.395884342311696], [-50.688609257999985, -23.395882030311643], [-50.688610805999986, -23.395879976311655], [-50.688898320999954, -23.39556592731166], [-50.68885028999995, -23.39542263831167], [-50.68880026099998, -23.395339526311705], [-50.688799107999955, -23.395337085311652], [-50.688798463999944, -23.39533446231171], [-50.68879835599994, -23.39533176431171], [-50.688798787999986, -23.3953290993117], [-50.688815035999944, -23.395268276311686], [-50.688784994999935, -23.39496804831167], [-50.68852772799994, -23.395016603311714], [-50.688526674999935, -23.39504434331166], [-50.68852629899993, -23.395047035311674], [-50.68852538999994, -23.39504959731169], [-50.68852398499996, -23.395051924311687], [-50.68852214199996, -23.395053922311714], [-50.688519935999985, -23.395055509311703], [-50.68851745599994, -23.395056621311706], [-50.688514802999975, -23.395057213311695], [-50.68843492299993, -23.395066719311668], [-50.68843241399998, -23.395066782311684], [-50.68842993699997, -23.395066379311682], [-50.68842757799996, -23.39506552431169], [-50.68842541799995, -23.395064246311666], [-50.68839443799994, -23.395041771311693], [-50.68833958499993, -23.39504236331169], [-50.68833694699998, -23.39504213131169], [-50.68833440399993, -23.39504138731172], [-50.68833205599998, -23.39504016031168], [-50.68832999399996, -23.395038498311685], [-50.68832829699994, -23.395036464311715], [-50.68832702999998, -23.39503413831169], [-50.68832624299995, -23.395031609311665], [-50.688325964999926, -23.395028974311685], [-50.688323768999965, -23.39468294231172], [-50.68825261699993, -23.394564435311693], [-50.68825149199995, -23.394562062311714], [-50.68825084699994, -23.394559516311695], [-50.68825070899993, -23.394556894311684], [-50.68826045199995, -23.39434011231169], [-50.68817474299993, -23.394249653311725], [-50.687810945999956, -23.3943543383117], [-50.68780837299994, -23.39435481431169], [-50.68780575599993, -23.394354784311705], [-50.687803194999965, -23.39435424831169], [-50.68780078499998, -23.394353228311683], [-50.68779861799993, -23.394351761311675], [-50.68779677599997, -23.394349902311724], [-50.68779532699995, -23.394347723311697], [-50.68770210799993, -23.39417270331172], [-50.68755364899994, -23.39410058731171], [-50.68716178799997, -23.3941224713117], [-50.686957005999936, -23.39422211531173], [-50.68695436199994, -23.394223075311707], [-50.686951575999956, -23.39422346531173], [-50.68694876999996, -23.394223269311695], [-50.68694606599996, -23.39422249431171], [-50.68694358199998, -23.394221174311678], [-50.68639886199998, -23.393854234311696], [-50.68639698199996, -23.39385270531173], [-50.686395405999974, -23.3938508633117], [-50.686394184999976, -23.39384876931174], [-50.686258316999954, -23.39355840531173], [-50.68619039499998, -23.393522434311738], [-50.68564951299992, -23.393533816311713], [-50.68571208399993, -23.394385486311716], [-50.685711863999984, -23.394389089311698], [-50.68558230599996, -23.395043772311674], [-50.685581800999955, -23.39504562031169], [-50.68542743399996, -23.395485291311658], [-50.68542729999996, -23.395485655311674], [-50.68523158399995, -23.395995618311677], [-50.68523059599994, -23.395997661311668], [-50.68486948699996, -23.396606860311643], [-50.684868122999944, -23.39660876231166], [-50.68431958999997, -23.397248258311667], [-50.68390066199999, -23.3977415803116], [-50.683898762999945, -23.397743416311634], [-50.68389654199996, -23.39774484731162], [-50.68389408499996, -23.39774581631161], [-50.68389148599994, -23.397746288311613], [-50.683888844999956, -23.39774624431163], [-50.68388626299998, -23.397745685311612], [-50.683883839999964, -23.397744633311603], [-50.68388166899995, -23.39774312931165], [-50.68387983299994, -23.397741230311617], [-50.683878401999955, -23.397739009311618], [-50.683877431999974, -23.397736552311628], [-50.68387696099995, -23.397733953311604], [-50.68387700499994, -23.39773131231162], [-50.68387756399994, -23.39772873031164], [-50.68387861599996, -23.397726307311636], [-50.68388011999997, -23.397724136311627], [-50.68429906899996, -23.397230789311667], [-50.68429911299996, -23.397230738311638], [-50.684846902999936, -23.396592108311676], [-50.68520683199995, -23.395984899311678], [-50.68540206999995, -23.39547618031165], [-50.68555605499995, -23.395037598311713], [-50.685685072999945, -23.394385644311704], [-50.68562253199997, -23.39353438331173], [-50.68536222299997, -23.393539860311744], [-50.685359765999976, -23.393539687311755], [-50.68535738199995, -23.39353906931175], [-50.685355149999964, -23.393538027311738], [-50.685353144999965, -23.393536597311737], [-50.68535143299994, -23.39353482531172], [-50.684787194999956, -23.392832148311744], [-50.68454240699999, -23.392778723311768], [-50.68453969499996, -23.392777822311746], [-50.68453723499994, -23.39277636831171], [-50.68453513599996, -23.392774428311718], [-50.684430685999985, -23.392654978311725], [-50.68442912599994, -23.392652786311768], [-50.68442803299996, -23.392650328311724], [-50.68442744999993, -23.392647701311763], [-50.68442739999995, -23.39264501031175], [-50.684435932999975, -23.392540677311718], [-50.68431041599996, -23.39250718831175], [-50.68430793899995, -23.39250625831175], [-50.68430569099996, -23.392504862311746], [-50.68430375999998, -23.39250305431177], [-50.68430221899997, -23.392500903311756], [-50.684301127999966, -23.39249849231174], [-50.68424362799993, -23.39232876231176], [-50.68424303299997, -23.392326218311783], [-50.68424294099998, -23.392323606311784], [-50.68424335399993, -23.39232102731177], [-50.68424425799998, -23.392318575311773], [-50.68424561799998, -23.392316344311784], [-50.684247382999956, -23.392314417311756], [-50.68424948599994, -23.392312867311784], [-50.68425184899997, -23.39231175231174], [-50.68425438299994, -23.392311114311724], [-50.684256991999966, -23.39231097731175], [-50.684259578999956, -23.39231134731176], [-50.68445735699999, -23.39235952031174], [-50.68453375699994, -23.392299057311742], [-50.68432441899996, -23.391718080311772], [-50.68403250999995, -23.391479994311755], [-50.68400060999995, -23.39152376531179], [-50.683998748999954, -23.391525831311768], [-50.683996502999946, -23.39152747131176], [-50.683993968999964, -23.391528616311763], [-50.683991253999984, -23.391529216311785], [-50.683988472999935, -23.391529246311748], [-50.68398574599996, -23.391528704311746], [-50.683796005999966, -23.391470137311757], [-50.68337384599993, -23.39146875331178], [-50.683371275999946, -23.391468497311752], [-50.68336880199997, -23.391467756311744], [-50.68336651499993, -23.39146655631175], [-50.68316262499997, -23.39133321631177], [-50.683160628999985, -23.39133162131176], [-50.683158968999976, -23.391329678311795], [-50.68315770699997, -23.391327456311743], [-50.68305906099993, -23.391107661311796], [-50.682979741999986, -23.391152861311774], [-50.68295597499997, -23.391267729311796], [-50.68295518999997, -23.391270248311763], [-50.68295392999995, -23.391272565311752], [-50.68295224099995, -23.3912745933118], [-50.682950189999985, -23.391276253311748], [-50.68294785499996, -23.391277481311786], [-50.68294532599999, -23.39127823131175], [-50.68294269899996, -23.39127847331175], [-50.682712977999984, -23.39127708331179], [-50.68271042199996, -23.39127682331175], [-50.68270796099995, -23.391276081311755], [-50.68270568599996, -23.391274886311766], [-50.682703678999985, -23.391273281311744], [-50.68270201299998, -23.391271324311756], [-50.682700748999935, -23.391269086311777], [-50.68269993299998, -23.391266649311792], [-50.68269959399998, -23.391264102311798], [-50.68269974599997, -23.391261536311752], [-50.68270038099996, -23.391259046311774], [-50.682701477999956, -23.3912567223118], [-50.68280367699998, -23.39108485231176], [-50.68249505799997, -23.391014503311766], [-50.682339232999944, -23.391169026311758], [-50.68236786099993, -23.391295350311758], [-50.68236818699995, -23.39129786431178], [-50.68236803599996, -23.391300394311795], [-50.68234498499999, -23.391449004311788], [-50.68234433699997, -23.39145153431174], [-50.68234321199998, -23.39145389231177], [-50.68223710199993, -23.39163001231175], [-50.68223560199993, -23.391632043311755], [-50.682233750999956, -23.391633758311762], [-50.682231611999946, -23.391635098311742], [-50.682229259999986, -23.39163601531176], [-50.68217091999998, -23.391652675311775], [-50.682167499999935, -23.39165319031175], [-50.68210055999998, -23.391654580311762], [-50.68209787199998, -23.39165436631176], [-50.682095280999924, -23.39165362231179], [-50.682092888999925, -23.391652376311768], [-50.68209079399997, -23.39165067931174], [-50.68181618999995, -23.391378488311794], [-50.681799927999975, -23.391400052311745], [-50.68179804499994, -23.391402078311753], [-50.681795787999924, -23.391403676311793], [-50.68179325199998, -23.39140478031177], [-50.68164991199996, -23.391450340311756], [-50.68164732099995, -23.391450891311777], [-50.68164467199993, -23.391450924311776], [-50.681642067999974, -23.391450438311804], [-50.681639609999934, -23.391449452311768], [-50.681523779999964, -23.391389172311758], [-50.68152150499997, -23.391387678311744], [-50.68151957699997, -23.391385759311746], [-50.68151807399994, -23.39138349131175], [-50.68151705699995, -23.391380967311783], [-50.681463932999975, -23.391197530311754], [-50.681397186999966, -23.391194966311755], [-50.681332822999934, -23.39139441731177], [-50.68133184799995, -23.39139669731176], [-50.68133047099997, -23.391398760311766], [-50.68132873899998, -23.391400535311757], [-50.68132671099994, -23.391401963311765], [-50.68132445599998, -23.391402995311783], [-50.68132204899996, -23.39140359731177], [-50.681319573999986, -23.391403747311774], [-50.68131711199993, -23.391403440311787], [-50.68086132599996, -23.391303446311746], [-50.68105846399993, -23.39157938631179], [-50.68105971899996, -23.39158153931177], [-50.68106055599998, -23.391583887311764], [-50.68106094699993, -23.391586348311783], [-50.68106087699994, -23.391588840311744], [-50.68106034899994, -23.39159127631179], [-50.681059381999944, -23.391593573311763], [-50.68105800899997, -23.39159565331177], [-50.68094022599996, -23.39174240231177], [-50.68074240099997, -23.392121749311748], [-50.68066800399998, -23.392335262311743], [-50.680666487999986, -23.392338308311764], [-50.68056892199996, -23.39248452531177], [-50.68073965899999, -23.39269626031176], [-50.68074118499993, -23.392698618311723], [-50.680742187999954, -23.392701241311723], [-50.68080255999996, -23.39292724331175], [-50.68090980299996, -23.393209044311718], [-50.68112056199993, -23.393145704311717], [-50.68112324799995, -23.393145187311724], [-50.68112598299995, -23.393145223311755], [-50.68143210299996, -23.393180503311704], [-50.68143453099999, -23.39318101231172], [-50.68143682399994, -23.39318195931172], [-50.681438904999936, -23.393183309311752], [-50.68144070299997, -23.3931850183117], [-50.68144215799998, -23.39318702831171], [-50.681443218999966, -23.39318927131175], [-50.68144385099998, -23.393191670311733], [-50.68150213999997, -23.393540859311734], [-50.68166150999996, -23.39355547031173], [-50.68166402799995, -23.393555946311754], [-50.68166640999994, -23.393556889311725], [-50.68166856999994, -23.393558266311715], [-50.681670430999986, -23.393560027311747], [-50.68167192399994, -23.393562108311727], [-50.681672996999964, -23.39356443531172], [-50.68167360999996, -23.393566922311752], [-50.68172499999997, -23.39391525231169], [-50.681725118999964, -23.39391805031171], [-50.68172465699996, -23.39392081231172], [-50.68172363399997, -23.39392341831173], [-50.68172209399995, -23.393925758311713], [-50.681720103999965, -23.393927728311684], [-50.68171774899997, -23.393929244311735], [-50.68171513199997, -23.393930241311715], [-50.68114875699995, -23.39408083231174], [-50.681061951999936, -23.3942692523117], [-50.68106724899996, -23.394276460311698], [-50.68106855099995, -23.394278635311707], [-50.68106942299993, -23.394281015311734], [-50.68106983299999, -23.394283516311713], [-50.681069767999986, -23.394286050311692], [-50.68106922999994, -23.394288527311698], [-50.68106823699998, -23.394290859311713], [-50.68106682499996, -23.394292964311727], [-50.68106504299993, -23.394294768311696], [-50.68080309299995, -23.394514218311716], [-50.680801204999966, -23.3945155423117], [-50.68079911799998, -23.394516525311705], [-50.68079689499996, -23.39451713831171], [-50.68038020999995, -23.39459433331172], [-50.68018450799996, -23.394684159311684], [-50.68011707999994, -23.394758272311723], [-50.67975460799994, -23.39531265331168], [-50.679753238999986, -23.395314410311688], [-50.679751599999975, -23.395315917311677], [-50.67899897799998, -23.395900979311683], [-50.67886202699999, -23.39605560331169], [-50.67886042599997, -23.39605713531168], [-50.67885859599995, -23.396058385311647], [-50.67885658599994, -23.396059317311686], [-50.67842071499996, -23.396219421311653], [-50.67817907099993, -23.396457771311663], [-50.67766997399997, -23.397332059311633], [-50.677668564999976, -23.397334043311613], [-50.67766682099994, -23.39733574231161], [-50.67766479999995, -23.397337098311656], [-50.67766256799996, -23.397338069311623], [-50.677660197999955, -23.39733862331162], [-50.67726817899995, -23.39739350031164], [-50.67719057599999, -23.397679881311657], [-50.67741737499995, -23.397976535311596], [-50.67741835699996, -23.397978011311626], [-50.67763501699995, -23.39835551131162], [-50.67763624999998, -23.398358393311618], [-50.67763678499995, -23.39836148231163], [-50.677665005999984, -23.398876807311602], [-50.677841151999985, -23.39932404331161], [-50.67822591899994, -23.399615650311613], [-50.67822802099994, -23.39961763231156], [-50.67822965299996, -23.399620016311587], [-50.678230737999975, -23.39962269331159], [-50.678231227999966, -23.3996255413116], [-50.67825043499994, -23.39993017131161], [-50.67853640199996, -23.400348221311546], [-50.678537682999945, -23.400350561311576], [-50.67853847699996, -23.400353108311595], [-50.67853875499998, -23.400355762311552], [-50.67853850399995, -23.400358418311548], [-50.67847822399995, -23.400666199311544], [-50.678477477999934, -23.400668694311594], [-50.67847626699995, -23.400671000311583], [-50.678474634999986, -23.40067302931157], [-50.67847264199998, -23.400674707311552], [-50.67847036399996, -23.400675970311557], [-50.67806300299998, -23.400852758311576], [-50.67827448099996, -23.40150110031154], [-50.678275016999976, -23.40150342831153], [-50.67827513399993, -23.401505813311548], [-50.678274827999985, -23.401508182311566], [-50.67823676799998, -23.401680682311525], [-50.678235948999934, -23.40168319431156], [-50.678234653999944, -23.401685498311515], [-50.678232934999976, -23.401687506311553], [-50.67823085699995, -23.40168913931156], [-50.67822849999993, -23.40169033531153], [-50.67822595599994, -23.401691048311548], [-50.67822332099996, -23.401691250311515], [-50.67822069699997, -23.401690935311553], [-50.67821818499994, -23.401690113311545], [-50.67806671399996, -23.401623489311543], [-50.67797262399995, -23.401760052311555], [-50.677971009999965, -23.402080165311542], [-50.67835736599994, -23.402346403311522], [-50.67835927999994, -23.402348003311534], [-50.67836086699998, -23.40234992831154], [-50.67836207099998, -23.402352113311508], [-50.67836285299996, -23.402354482311523], [-50.67836318399998, -23.402356955311518], [-50.67836305299994, -23.402359446311543], [-50.67833713999994, -23.402536856311535], [-50.67887691999994, -23.40303509731153], [-50.67887856699997, -23.403036924311536], [-50.678879854999934, -23.403039019311493], [-50.678920704999946, -23.403121516311476], [-50.679207297999945, -23.403306171311474], [-50.67920923499998, -23.403307686311486], [-50.67921086399996, -23.403309527311507], [-50.679212131999975, -23.40331163431151], [-50.67921299499994, -23.40331393631149], [-50.679213425999926, -23.403316357311475], [-50.67921340999993, -23.40331881531152], [-50.679212947999986, -23.403321230311498], [-50.67914939199994, -23.40354178031149], [-50.679230928999964, -23.403707269311465], [-50.67933788099998, -23.403845648311485], [-50.67933932299997, -23.403847966311467], [-50.67947172999994, -23.40411855731147], [-50.67962744299996, -23.404253713311462], [-50.67962904099994, -23.404255358311463], [-50.679630335999946, -23.404257251311503], [-50.67982672599993, -23.40460419131149], [-50.67982779199997, -23.404606595311474], [-50.679828370999985, -23.404609160311466], [-50.679828440999984, -23.40461178931145], [-50.679821147999974, -23.40471385431147], [-50.679975094999975, -23.404844153311444], [-50.67997709699995, -23.404846258311462], [-50.67997860099996, -23.404848742311458], [-50.67997953799994, -23.40485149031145], [-50.67997986499996, -23.40485437631145], [-50.67998125499997, -23.40515437631148], [-50.67998099399995, -23.40515707731145], [-50.67998019799996, -23.405159670311487], [-50.679978897999945, -23.405162052311482], [-50.67997714699993, -23.40516412531144], [-50.67997501699995, -23.40516580531146], [-50.679972592999945, -23.40516702431147], [-50.67996997499995, -23.405167733311472], [-50.67977517299994, -23.405199889311454], [-50.67963620399996, -23.405392327311443], [-50.67963440099994, -23.405394357311472], [-50.679632227999946, -23.405395984311426], [-50.67962977299993, -23.40539714231146], [-50.679627134999976, -23.40539778531149], [-50.67948324499997, -23.40541778531143], [-50.67948055299996, -23.40541788731143], [-50.67947789399995, -23.405417452311436], [-50.679475373999935, -23.405416496311478], [-50.67947309599998, -23.405415058311448], [-50.679295010999965, -23.405275967311457], [-50.67900560999993, -23.405113467311473], [-50.67840259199994, -23.40534676731146], [-50.678322993999984, -23.405399102311485], [-50.67845870599996, -23.405668659311438], [-50.67845964599997, -23.40567108731145], [-50.678460101999974, -23.40567364931148], [-50.678460056999945, -23.405676252311462], [-50.67845951199996, -23.40567879831143], [-50.678458487999926, -23.40568119131147], [-50.678457022999964, -23.405683343311445], [-50.678346182999974, -23.40581640331145], [-50.67834443299995, -23.405818150311443], [-50.67834239299998, -23.405819547311452], [-50.67834013199996, -23.405820548311432], [-50.678210691999936, -23.405864158311463], [-50.67820804799993, -23.405864761311463], [-50.67820533599996, -23.40586482231144], [-50.678202666999944, -23.40586433931142], [-50.67820014899996, -23.40586333131145], [-50.678197883999985, -23.40586183931144], [-50.67819596399994, -23.40585992431145], [-50.678108846999976, -23.40575350931146], [-50.67803064299994, -23.405739694311453], [-50.67791488199998, -23.405958069311435], [-50.67793001499996, -23.40613042131142], [-50.67809561699994, -23.406158939311442], [-50.67809795699998, -23.40615956331143], [-50.678100146999945, -23.40616059631142], [-50.67810211699999, -23.40616200431142], [-50.67810380399993, -23.40616374131142], [-50.678166303999944, -23.406240961311457], [-50.67816786399993, -23.40624337731143], [-50.67816887699996, -23.406246069311432], [-50.678169293999986, -23.406248914311412], [-50.67817707499995, -23.406448644311425], [-50.67817689999998, -23.40645139131143], [-50.67817617099996, -23.406454046311435], [-50.67817491799997, -23.406456497311428], [-50.678173192999964, -23.406458642311424], [-50.678080517999945, -23.406552384311425], [-50.67807856399997, -23.406612997311424], [-50.67812030899995, -23.406710219311456], [-50.67826741899995, -23.40686375431143], [-50.67833290799996, -23.406867101311438], [-50.67833547799995, -23.406867484311423], [-50.67833792799996, -23.406868352311406], [-50.67834016399996, -23.406869675311405], [-50.67834210599995, -23.406871402311438], [-50.67834367999995, -23.406873470311446], [-50.67834482699993, -23.406875802311397], [-50.67834550599997, -23.406878311311406], [-50.67836134599997, -23.40697192031145], [-50.67836152799998, -23.40697458231143], [-50.67836118299994, -23.406977227311426], [-50.678360322999936, -23.406979753311422], [-50.67818102599995, -23.407373495311383], [-50.678246239999964, -23.40745283231143], [-50.678247747999926, -23.40745510231142], [-50.67824876999998, -23.407457629311406], [-50.678249261999945, -23.40746031031142], [-50.67824920399993, -23.407463035311427], [-50.67824859899997, -23.40746569331139], [-50.67824747099996, -23.40746817431142], [-50.678245867999976, -23.40747037831142], [-50.678188647999946, -23.40753426831139], [-50.67818658599998, -23.407536139311397], [-50.678184183999974, -23.407537547311392], [-50.67818154399998, -23.40753843031143], [-50.677972280999946, -23.407585113311413], [-50.67766908099997, -23.407784437311413], [-50.67765418799997, -23.407846612311385], [-50.67769234399998, -23.407904229311377], [-50.67769356699995, -23.407906531311408], [-50.677694322999976, -23.4079090263114], [-50.67769458499998, -23.407911619311374], [-50.677694341999945, -23.40791421431139], [-50.677693603999955, -23.407916714311384], [-50.67769239899997, -23.407919026311387], [-50.67760767899995, -23.40804902631139], [-50.677605770999946, -23.408051341311406], [-50.67760339799998, -23.408053178311413], [-50.67760067699999, -23.4080544433114], [-50.67728679199996, -23.408159788311405], [-50.67729578799998, -23.408226039311373], [-50.67760974799995, -23.408405521311387], [-50.67761179299998, -23.40840695731138], [-50.677613538999935, -23.408408747311373], [-50.67761492299997, -23.408410829311418], [-50.67761589999997, -23.408413130311406], [-50.67761643399995, -23.408415573311387], [-50.67763346999993, -23.408554004311362], [-50.67778454599994, -23.40860814431139], [-50.67778685999996, -23.408609231311377], [-50.67778892799999, -23.408610736311378], [-50.67779067399994, -23.408612605311397], [-50.67779203499998, -23.408614769311356], [-50.677792963999934, -23.408617152311397], [-50.677793424999955, -23.40861966831139], [-50.67779340199997, -23.408622225311408], [-50.67779289699996, -23.408624732311385], [-50.67779192699993, -23.408627098311367], [-50.67779052799995, -23.40862923931142], [-50.67752441699998, -23.40896236031139], [-50.67783104099993, -23.409601954311377], [-50.67783197399996, -23.40960455831135], [-50.67783235599995, -23.40960729831136], [-50.67783216999993, -23.40961005831134], [-50.67783142499996, -23.409612723311344], [-50.67783015099997, -23.409615179311363], [-50.67782840199994, -23.40961732331136], [-50.67757767799998, -23.40986721731133], [-50.67751075499996, -23.410320739311363], [-50.677637799999964, -23.410511956311367], [-50.67774570299997, -23.41044903231135], [-50.67765983999993, -23.41021350431133], [-50.67765915299998, -23.410210738311374], [-50.677659061999975, -23.410207889311373], [-50.67765957299997, -23.410205086311343], [-50.67773263299995, -23.409956755311317], [-50.67773360099994, -23.409954349311363], [-50.67773501299996, -23.409952173311353], [-50.677736814999946, -23.409950307311355], [-50.67773894199996, -23.409948821311332], [-50.677741313999945, -23.409947771311344], [-50.677743842999966, -23.40994719431137], [-50.67774643599995, -23.409947112311336], [-50.677748995999934, -23.409947529311356], [-50.677751428999954, -23.409948429311328], [-50.67775364399995, -23.409949778311326], [-50.67775555999998, -23.409951527311364], [-50.677757105999945, -23.40995361131138], [-50.677908215999935, -23.410204721311338], [-50.677909272999955, -23.41020690231136], [-50.677909922999966, -23.410209236311342], [-50.677910144999935, -23.41021165031134], [-50.67791069499998, -23.41060665031135], [-50.677910511999976, -23.410608877311333], [-50.67790996499996, -23.410611043311345], [-50.677820244999964, -23.410872433311315], [-50.677819203999945, -23.410874735311364], [-50.67781775299994, -23.41087680231133], [-50.67781594099995, -23.410878562311357], [-50.67781383199997, -23.410879953311316], [-50.67781150099995, -23.410880926311318], [-50.677809028999945, -23.410881446311326], [-50.67780650299994, -23.41088149631131], [-50.677804012999964, -23.41088107431134], [-50.677568760999975, -23.41081804131134], [-50.67753045099993, -23.41094193731133], [-50.67767719699997, -23.411193765311314], [-50.67782163099997, -23.411440695311306], [-50.67782274699994, -23.41144312931133], [-50.677823358999945, -23.411445736311318], [-50.677823443999955, -23.411448412311323], [-50.67782299799995, -23.411451051311328], [-50.67782203899998, -23.41145355131132], [-50.67772174099997, -23.41165305431129], [-50.67787004199994, -23.412111965311293], [-50.677870552999934, -23.41211415931128], [-50.67787069099996, -23.412116408311316], [-50.677863866999985, -23.412423161311324], [-50.678199735999954, -23.412810672311302], [-50.678306619999944, -23.412854105311276], [-50.67901495099994, -23.412654250311263], [-50.67901724099994, -23.412653814311284], [-50.67901957199996, -23.41265377831131], [-50.67902187399994, -23.412654145311308], [-50.67922864999997, -23.412705773311295], [-50.67988266599997, -23.412402772311278], [-50.679885110999976, -23.41240191431132], [-50.679887674999975, -23.412401540311297], [-50.67989026299994, -23.4124016633113], [-50.680532212999935, -23.412494723311273], [-50.68053534799998, -23.412495573311283], [-50.68053818899994, -23.412497149311335], [-50.680668468999954, -23.412591589311315], [-50.680670370999955, -23.412593262311304], [-50.680671925999945, -23.4125952613113], [-50.68067307999996, -23.412597517311262], [-50.68067379099995, -23.412599948311307], [-50.68071090399997, -23.41279245431126], [-50.68079880099998, -23.413104960311255], [-50.680799237999956, -23.413107269311286], [-50.68079926699994, -23.413109619311278], [-50.68079888699998, -23.413111938311303], [-50.68075681999994, -23.41327690831125], [-50.68075693699995, -23.413289556311256], [-50.68113827399998, -23.412964930311304], [-50.68113992299993, -23.41296372931127], [-50.68114173399994, -23.412962791311305], [-50.68188200499998, -23.412647892311274], [-50.68242267099998, -23.412318746311318], [-50.68304893799995, -23.411912603311297], [-50.68305167699998, -23.41191124031128], [-50.68339624699997, -23.4117863333113], [-50.683396355999946, -23.411786294311312], [-50.684398364999936, -23.41143276631132], [-50.68440063299993, -23.411432182311305], [-50.68462391399999, -23.411394968311328], [-50.68462394499995, -23.41139496331132], [-50.685580469999934, -23.411237839311315], [-50.685582573999966, -23.411237661311336], [-50.68558467999998, -23.411237814311306], [-50.686326870999956, -23.411350670311357], [-50.68632943099993, -23.41135132131134], [-50.68633181499997, -23.41135245931131], [-50.68633393099997, -23.411354041311338], [-50.68633569799993, -23.411356004311326], [-50.686337047999984, -23.411358275311294], [-50.68633792899993, -23.411360765311343], [-50.68633830699998, -23.411363380311307], [-50.686338166999974, -23.411366017311337], [-50.68633751599999, -23.41136857731131], [-50.68633637799996, -23.411370961311352], [-50.68633479699997, -23.4113730773113], [-50.68633283299993, -23.411374844311307], [-50.686330562999956, -23.41137619431131], [-50.68632807199998, -23.41137707431133], [-50.686325457999935, -23.411377453311303], [-50.68632281999998, -23.41137731331131], [-50.685582735999965, -23.411264778311327], [-50.68462832899996, -23.411421553311328], [-50.68440622299995, -23.411458571311314], [-50.683405376999985, -23.41181168931134], [-50.68306230899998, -23.411936051311283], [-50.68243717399998, -23.41234146131132], [-50.68243684899995, -23.41234166531133], [-50.68189518499997, -23.412671419311312], [-50.68189345299999, -23.412672308311294], [-50.68115417699994, -23.41298678431126], [-50.68075725999995, -23.413324673311283], [-50.680760936999945, -23.413724432311284], [-50.68085507699994, -23.413863983311245], [-50.680898249999984, -23.413767018311283], [-50.680899564999955, -23.413764709311263], [-50.680901306999935, -23.41376270431126], [-50.68090340799995, -23.4137610783113], [-50.68090578799996, -23.413759897311284], [-50.68090835299995, -23.413759206311255], [-50.68091100399994, -23.413759031311287], [-50.681197663999974, -23.41376847131128], [-50.681200186999945, -23.41376879531126], [-50.68120260499996, -23.413769586311247], [-50.681204829999956, -23.413770819311278], [-50.68120678499997, -23.413772447311278], [-50.68120839799997, -23.413774414311284], [-50.681209612999965, -23.41377664931125], [-50.68121038599997, -23.413779073311247], [-50.68121068999994, -23.41378159931125], [-50.681210513999986, -23.413784137311296], [-50.68120986399998, -23.413786597311258], [-50.68113977099995, -23.41397686531124], [-50.681378072999955, -23.41401194831124], [-50.681380489999974, -23.414012536311272], [-50.68138275699994, -23.41401355831126], [-50.68138479899995, -23.41401497931124], [-50.68138654399996, -23.41401675231125], [-50.68138793299994, -23.41401881531126], [-50.68138891999996, -23.414021098311267], [-50.68145363999997, -23.41421942831125], [-50.68145418299998, -23.41422180231128], [-50.68145428999998, -23.414224234311238], [-50.68145395799996, -23.414226646311267], [-50.68145319699994, -23.41422895831126], [-50.68145203299997, -23.414231096311276], [-50.68145050299995, -23.414232990311255], [-50.68121242199994, -23.41447847731128], [-50.68114500199994, -23.41493862231124], [-50.68114434299997, -23.414941247311216], [-50.68114317199996, -23.414943688311272], [-50.681141537999956, -23.41494584531126], [-50.68113950399999, -23.41494763231123], [-50.68113715499993, -23.414948976311226], [-50.68113458499994, -23.41494982431124], [-50.68113189699994, -23.414950141311238], [-50.68112919999999, -23.414949915311244], [-50.68112660199995, -23.41494915431122], [-50.68096191999996, -23.414882313311242], [-50.68087805499994, -23.414935506311235], [-50.68092675799995, -23.41523555531125], [-50.68109809499998, -23.415264776311226], [-50.68110078899997, -23.415265530311217], [-50.68110326999994, -23.41526682431122], [-50.681105428999956, -23.41526860231124], [-50.681107174999966, -23.41527078831125], [-50.681108431999974, -23.415273288311244], [-50.681109144999944, -23.415275993311237], [-50.681109284999934, -23.41527878731124], [-50.68110095499997, -23.415432667311215], [-50.68110051999997, -23.415435409311204], [-50.68109953199996, -23.415438005311216], [-50.681098032999955, -23.41544034231122], [-50.681096086999965, -23.41544232331125], [-50.68101667299994, -23.41550799331121], [-50.68104571599997, -23.415590118311208], [-50.68128623299997, -23.415722923311236], [-50.68128837199999, -23.415724389311254], [-50.68129019099996, -23.415726237311198], [-50.68129162099996, -23.415728400311245], [-50.68129261099995, -23.41573079631125], [-50.68129312399997, -23.415733338311195], [-50.68129313999998, -23.415735931311225], [-50.68129265899995, -23.415738479311244], [-50.68129169899998, -23.41574088831122], [-50.681290295999986, -23.415743069311233], [-50.68128849999993, -23.41574494031123], [-50.68128637999996, -23.415746432311252], [-50.68113443999994, -23.415832822311224], [-50.68113201699998, -23.415833900311192], [-50.681129430999924, -23.415834482311237], [-50.68112677999994, -23.415834546311242], [-50.68112416799994, -23.41583409031123], [-50.68112169599994, -23.41583313231125], [-50.681119458999945, -23.415831707311202], [-50.68111754499995, -23.415829873311203], [-50.68104699599996, -23.415747486311247], [-50.68087333699998, -23.416040271311243], [-50.680950191999955, -23.4161597303112], [-50.681057256999964, -23.41618859531119], [-50.68109623999993, -23.41614037231121], [-50.68107217599999, -23.41593377831121], [-50.681072136999944, -23.415931042311204], [-50.68107265099997, -23.415928354311212], [-50.681073697999985, -23.41592582631123], [-50.68107523399993, -23.415923562311235], [-50.68107719599993, -23.415921654311244], [-50.68107950199993, -23.415920182311236], [-50.68108205899994, -23.415919207311198], [-50.68108475999998, -23.415918768311226], [-50.68108749299995, -23.41591888331121], [-50.68109014699997, -23.415919549311223], [-50.681215976999965, -23.415965109311202], [-50.68121820899995, -23.41596615731122], [-50.68122021299996, -23.415967594311194], [-50.681221920999974, -23.415969372311196], [-50.68122327699996, -23.41597143231125], [-50.68122423399995, -23.4159737043112], [-50.68122476099996, -23.415976113311196], [-50.68122484099996, -23.415978577311225], [-50.681210670999974, -23.416217187311226], [-50.681210631999924, -23.41621768331121], [-50.681190631999975, -23.41642490331119], [-50.68119003199996, -23.416427782311214], [-50.681146922999964, -23.416560131311222], [-50.68119454599997, -23.41657300431123], [-50.68123823499997, -23.416485609311195], [-50.68123294999999, -23.416412075311225], [-50.68123302099997, -23.416409427311198], [-50.68123360799996, -23.416406845311226], [-50.68123468799996, -23.416404427311218], [-50.68123622099995, -23.4164022683112], [-50.68123814699994, -23.416400449311222], [-50.68124039099996, -23.416399043311202], [-50.68129067099994, -23.416374043311208], [-50.681293277999934, -23.416373068311227], [-50.68129602999994, -23.416372649311228], [-50.68129880999993, -23.41637280531123], [-50.68130149799999, -23.416373529311187], [-50.681425134999984, -23.416420978311216], [-50.68161914499996, -23.416400488311208], [-50.681621888999985, -23.416400480311236], [-50.68162457799997, -23.416401027311196], [-50.68162709999995, -23.41640210831119], [-50.68162935099998, -23.416403677311195], [-50.681631237999966, -23.416405669311217], [-50.68163268099994, -23.416408003311194], [-50.68163362199993, -23.416410581311222], [-50.68163402199997, -23.41641329631122], [-50.681641241999955, -23.41657718631122], [-50.68164112599993, -23.416579640311188], [-50.68164056599994, -23.41658203231119], [-50.681639580999956, -23.4165842833112], [-50.68151309699993, -23.416813785311227], [-50.68167952699997, -23.417083482311185], [-50.68168061299996, -23.41708566031117], [-50.68168128899998, -23.417087998311167], [-50.68168153399995, -23.417090419311208], [-50.681681338999965, -23.41709284531119], [-50.681680711999945, -23.417095196311223], [-50.68159243799994, -23.417336039311188], [-50.68164319099998, -23.4173905353112], [-50.681644822999935, -23.417392684311213], [-50.68164599399995, -23.4173951153112], [-50.68164665699994, -23.41739773131116], [-50.68175290999994, -23.41811021431117], [-50.681939462999935, -23.418406572311184], [-50.682179591999954, -23.418555211311148], [-50.68218238499998, -23.418557511311157], [-50.68243704499997, -23.418832392311142], [-50.682828000999955, -23.41915403331117], [-50.682829132999984, -23.419155078311142], [-50.68318136299996, -23.419519808311133], [-50.683182864999935, -23.41952167031111], [-50.68318401499993, -23.419523767311155], [-50.683322019999935, -23.419839179311122], [-50.68347026299995, -23.419973795311133], [-50.683890556999984, -23.420255192311117], [-50.68389258399998, -23.420256857311127], [-50.68389425099998, -23.420258884311124], [-50.683895493999955, -23.42026119531113], [-50.684020293999936, -23.42055994931115], [-50.68424101599993, -23.420831500311103], [-50.68424253299997, -23.420833816311116], [-50.68424354399996, -23.420836394311145], [-50.68424400599997, -23.42083912431109], [-50.68424390099994, -23.4208418913111], [-50.68424323299996, -23.42084457831109], [-50.68421573299997, -23.420920688311107], [-50.68421463299996, -23.420923010311107], [-50.68421311299994, -23.4209250813111], [-50.68421122699994, -23.420926826311113], [-50.684209043999935, -23.420928182311098], [-50.68409534099994, -23.42098453731113], [-50.68421798799994, -23.421174356311074], [-50.684219263999985, -23.42117687831111], [-50.684301722999976, -23.42139366531111], [-50.68438096099993, -23.42145102431109], [-50.68438354299997, -23.421453472311068], [-50.68470437299993, -23.4218507023111], [-50.68470556599993, -23.42185244231111], [-50.684773895999975, -23.421971052311065], [-50.684774954999966, -23.4219733763111], [-50.68477555699996, -23.421975857311065], [-50.68477567999997, -23.4219784073111], [-50.68477531999997, -23.42198093531109], [-50.68477448899995, -23.421983350311073], [-50.684773217999975, -23.421985564311072], [-50.684771551999965, -23.42198749931107], [-50.68476955099993, -23.42198908531106], [-50.68476728599995, -23.421990265311095], [-50.68476483999996, -23.421990996311102], [-50.68476229999993, -23.42199125331111], [-50.68457880999994, -23.421992339311103], [-50.68444487699998, -23.422080932311083], [-50.68443410399993, -23.422134146311073], [-50.684641702999954, -23.422242865311095], [-50.68478880099997, -23.42216664531107], [-50.68479123499998, -23.422165671311074], [-50.68479381299994, -23.422165186311087], [-50.68479643499995, -23.4221652113111], [-50.684799002999966, -23.422165742311062], [-50.68480141899993, -23.422166761311086], [-50.68480359199998, -23.422168229311083], [-50.684805439999934, -23.422170089311084], [-50.684806891999976, -23.422172273311052], [-50.68505967199997, -23.42264672331106], [-50.68506065699995, -23.42264909131109], [-50.68506117599998, -23.422651603311067], [-50.68506120899997, -23.422654168311045], [-50.685060755999984, -23.42265669231107], [-50.68502919199994, -23.42276939931104], [-50.68520597199995, -23.42308674131105], [-50.68666117099997, -23.422739224311044], [-50.68739040299994, -23.422397998311055], [-50.688011967999955, -23.422105821311064], [-50.68871808799997, -23.4217698723111], [-50.688720572999955, -23.42176897731106], [-50.688723184999965, -23.421768583311074], [-50.68872582299997, -23.421768707311067], [-50.688728386999976, -23.421769343311116], [-50.68873077799998, -23.421770467311113], [-50.68873290299996, -23.421772035311076], [-50.68873468099997, -23.42177398931109], [-50.688736044999985, -23.421776251311098], [-50.688736939999956, -23.421778736311094], [-50.68873733399993, -23.421781348311093], [-50.68873720999994, -23.421783987311088], [-50.68873657399997, -23.42178655131109], [-50.68873544999997, -23.421788941311114], [-50.688733881999944, -23.421791066311094], [-50.68873192799998, -23.42179284531108], [-50.68872966599997, -23.421794208311056], [-50.688023517999966, -23.422130170311057], [-50.68802346099994, -23.422130197311063], [-50.68740185699994, -23.422422392311102], [-50.68740183599993, -23.422422402311042], [-50.68667134799995, -23.42276421531107], [-50.68666876699996, -23.422765117311087], [-50.68520604199995, -23.42311443131108], [-50.68505560899997, -23.423266466311063], [-50.684977305999944, -23.42360883331103], [-50.68497657199998, -23.42361109731107], [-50.68497545199995, -23.423613197311028], [-50.684973979999945, -23.423615067311044], [-50.684972200999944, -23.423616648311036], [-50.684970172999954, -23.42361789231106], [-50.684860982999965, -23.423672224311055], [-50.68482774899997, -23.42375890431103], [-50.68495981899998, -23.42388381931104], [-50.684961304999945, -23.423885477311014], [-50.68496249699996, -23.423887358311013], [-50.68496336399994, -23.423889409311048], [-50.68498058399995, -23.423941909311022], [-50.68498113299995, -23.423944304311053], [-50.68498123899997, -23.42394675931107], [-50.684980896999946, -23.423949193311024], [-50.68493713099997, -23.42413533331105], [-50.685012452999956, -23.424263741311012], [-50.68501350499997, -23.424265987311024], [-50.685014128999974, -23.424268387311052], [-50.68501430099997, -23.42427086231103], [-50.685014017999954, -23.424273326311056], [-50.68501328699995, -23.424275696311007], [-50.685012133999976, -23.424277892311025], [-50.68501059899995, -23.42427984031101], [-50.68500873199997, -23.424281473311023], [-50.68487484199994, -23.424378413311004], [-50.684874024999935, -23.42437896031102], [-50.68474236499998, -23.424460350311016], [-50.68474021499998, -23.42446142731104], [-50.68473790799993, -23.42446210531103], [-50.68473551799997, -23.424462361310997], [-50.684733118999986, -23.424462189310997], [-50.68451943799993, -23.424427475311017], [-50.684453463999944, -23.424471223311006], [-50.68446729799995, -23.424565480311006], [-50.68458494999993, -23.424594574311023], [-50.684776631999966, -23.424561994311052], [-50.68477913299995, -23.42456180631105], [-50.68478162599996, -23.42456208531105], [-50.68478402399995, -23.424562820311014], [-50.68478624399995, -23.424563987311004], [-50.684788208999976, -23.424565546311], [-50.68478985099994, -23.424567442311016], [-50.68479111399995, -23.424569609310996], [-50.68485166399995, -23.424700159311005], [-50.68485257599997, -23.424702828311016], [-50.684852912999986, -23.424705629311017], [-50.684852659999926, -23.42470843831104], [-50.68485182699993, -23.42471113331103], [-50.68485045099994, -23.424713595311026], [-50.68484859299997, -23.424715717311024], [-50.68481498299997, -23.42474682731103], [-50.68481301399998, -23.424748339311027], [-50.68481079999998, -23.42474946331101], [-50.68480841799993, -23.42475016331099], [-50.684805947999955, -23.424750413311028], [-50.68458713899997, -23.424752330311044], [-50.68440410299996, -23.42486293031102], [-50.68456350499997, -23.425155777311026], [-50.684564602999956, -23.425158436310994], [-50.68456511099998, -23.425161268311005], [-50.68456500699994, -23.425164144311], [-50.68456429399998, -23.425166932311015], [-50.68445803599997, -23.425451547311013], [-50.684465397999986, -23.425599891311023], [-50.68446526599996, -23.425602557311027], [-50.684464609999964, -23.425605145310996], [-50.68446345799998, -23.425607552311014], [-50.68446185299995, -23.425609686311006], [-50.68445985899996, -23.425611461310996], [-50.684457553999955, -23.425612808311026], [-50.68438422399999, -23.425646418311015], [-50.68438187199997, -23.425647243310994], [-50.684379407999984, -23.425647620310986], [-50.68411750299999, -23.425663151311017], [-50.68413668499994, -23.42580626931099], [-50.68413678899997, -23.425808709310996], [-50.68413645099997, -23.425811128311], [-50.68413568099999, -23.425813446310972], [-50.684134505999964, -23.425815587311018], [-50.68413296299997, -23.425817481311004], [-50.68413110399995, -23.42581906531102], [-50.68403110899994, -23.425889695311], [-50.684195768999984, -23.426197249311013], [-50.684196830999944, -23.426199854310966], [-50.68419732899997, -23.426202624311003], [-50.684197239999946, -23.426205436311], [-50.68419656899994, -23.426208169310968], [-50.68419534599997, -23.426210703311003], [-50.68419362299995, -23.426212927310967], [-50.68413252399995, -23.426276740311017], [-50.684166724999955, -23.42632374031101], [-50.68416800499994, -23.426325894310963], [-50.68416886299997, -23.42632824731097], [-50.68416927099997, -23.426330718310993], [-50.68417538099993, -23.426417108310968], [-50.68417529799996, -23.426419830310994], [-50.684174668999965, -23.426422479310954], [-50.684173519999945, -23.42642494831099], [-50.68417189799993, -23.42642713631099], [-50.68416986999995, -23.42642895331099], [-50.684167516999935, -23.42643032531097], [-50.684164936999935, -23.426431196310972], [-50.684162234999974, -23.42643153031096], [-50.68415951999997, -23.42643131431097], [-50.68405659199993, -23.426412525311004], [-50.68401406899994, -23.42653067231097], [-50.68401289599995, -23.426533121310996], [-50.68401125699995, -23.426535286310997], [-50.684009215999936, -23.426537077310996], [-50.68400685799997, -23.426538424310955], [-50.684004277999975, -23.426539270310997], [-50.68400158099996, -23.426539582310987], [-50.68391264699994, -23.426540843310946], [-50.683900060999974, -23.426573686311], [-50.68397819499995, -23.426644163311], [-50.68398017199997, -23.426646389310992], [-50.68398161199997, -23.426648995310995], [-50.68398244399997, -23.426651853310965], [-50.68399494399995, -23.426723513310964], [-50.68399513899994, -23.426726215310985], [-50.68399478999999, -23.426728901310995], [-50.68399390999998, -23.42673146331097], [-50.68395029999993, -23.426826193310962], [-50.68394886999993, -23.426828603310998], [-50.68394697299994, -23.426830664310977], [-50.683944689999976, -23.426832289310955], [-50.68394212099997, -23.426833407310948], [-50.68393937599995, -23.426833969310977], [-50.68393657499997, -23.426833951311007], [-50.68384466899994, -23.426823759310956], [-50.683910423999976, -23.427147033310984], [-50.683910693999955, -23.427149607310994], [-50.68391046699998, -23.427152185310955], [-50.68390975099993, -23.427154672310973], [-50.68390857299994, -23.427156976310993], [-50.683906975999946, -23.42715901331099], [-50.68390501899995, -23.427160707310982], [-50.68390277499998, -23.42716199531095], [-50.683900324999975, -23.42716283131098], [-50.68389776099997, -23.42716318331095], [-50.68376604699994, -23.427168477310957], [-50.683706174999934, -23.427252842310985], [-50.683982567999976, -23.42737235131096], [-50.68398490399995, -23.42737364931094], [-50.683986936999986, -23.427375383310967], [-50.68398858799998, -23.42737748531097], [-50.68398979199998, -23.427379871310965], [-50.684015071999966, -23.427445431310964], [-50.684015754999955, -23.427447855310962], [-50.684015973999976, -23.42745036431097], [-50.68401572299996, -23.42745287031096], [-50.68401500999994, -23.427455286310938], [-50.68401385999994, -23.42745752631095], [-50.684012311999936, -23.427459514310954], [-50.68401042199997, -23.427461178310978], [-50.68390257599997, -23.42753956631094], [-50.683904531999985, -23.42756737231093], [-50.684891489999984, -23.427570437310973], [-50.68489414999994, -23.427570710310935], [-50.684896702999936, -23.42757150431095], [-50.68489904899997, -23.427572786310975], [-50.68542393699994, -23.42793141331094], [-50.685850673999944, -23.428068628310925], [-50.686952384999984, -23.42841428931096], [-50.687986577999936, -23.42859124531093], [-50.68798914199993, -23.428591950310917], [-50.68799151699994, -23.428593144310955], [-50.687993611999964, -23.428594782310913], [-50.68875650399997, -23.429323341310933], [-50.690470226999935, -23.429695681310886], [-50.69217813199998, -23.428263953310918], [-50.692665460999926, -23.42781649131097], [-50.69343776799997, -23.42672948931098], [-50.69387393199998, -23.425003015311006], [-50.693874826999945, -23.42500053031102], [-50.69387618899998, -23.424998267311032], [-50.693877966999935, -23.424996313311], [-50.69388009199998, -23.42499474431099], [-50.69388248199994, -23.424993619311007], [-50.693885045999934, -23.42499298331103], [-50.693887683999954, -23.424992858310986], [-50.69389029699994, -23.424993251311047], [-50.69389278199998, -23.424994146311008], [-50.69389504499998, -23.424995509311035], [-50.69389699799995, -23.424997287310998], [-50.69389856799995, -23.424999411311042], [-50.693899691999945, -23.425001802310994], [-50.69390032899997, -23.42500436531101], [-50.69390045299997, -23.425007004311013], [-50.693900059999976, -23.42500961631101], [-50.69346327899996, -23.426738537310957], [-50.693462447999934, -23.42674088531097], [-50.693461198999955, -23.426743041310957], [-50.69268660599994, -23.427833259310948], [-50.69268473499994, -23.427835380310967], [-50.69219613499996, -23.428284010310954], [-50.69219567799996, -23.428284411310965], [-50.69048247799998, -23.429720577310903], [-50.69048046199998, -23.429721976310887], [-50.69047822599998, -23.4297229853109], [-50.690475843999934, -23.429723573310937], [-50.69047339499998, -23.429723719310925], [-50.69047096099995, -23.429723419310918], [-50.688747077999956, -23.429348871310903], [-50.688744731999975, -23.429348132310913], [-50.68874255999998, -23.429346978310907], [-50.68874063299995, -23.42934544831094], [-50.68797797599995, -23.42861711431093], [-50.68694694499993, -23.428440700310915], [-50.68694518399996, -23.428440275310923], [-50.68584256099996, -23.428094327310923], [-50.685842469999955, -23.428094298310942], [-50.685413825999944, -23.42795647031095], [-50.685410348999945, -23.427954768310936], [-50.684887264999986, -23.427597373310963], [-50.68390642899993, -23.427594327310945], [-50.68394110099996, -23.428087060310926], [-50.683981664999976, -23.428207932310944], [-50.683982258999954, -23.428210530310935], [-50.683982328999946, -23.42821319431094], [-50.68398187499997, -23.428215820310974], [-50.68398091199998, -23.428218305310963], [-50.68397947899996, -23.428220552310943], [-50.68394147699996, -23.42826883931091], [-50.68399031299998, -23.42829986931092], [-50.68410799399993, -23.428242602310924], [-50.68411042599997, -23.428241697310952], [-50.684112986999935, -23.428241274310935], [-50.684115580999965, -23.42824135031092], [-50.684118111999965, -23.42824192331096], [-50.68412048699997, -23.428242969310915], [-50.68412261699996, -23.428244452310928], [-50.68412442299996, -23.42824631531095], [-50.68418581299994, -23.428323265310926], [-50.68418724899993, -23.42832548031092], [-50.68418822599995, -23.428327931310932], [-50.684188705999986, -23.42833052731093], [-50.68420564599995, -23.428529687310956], [-50.68420556099995, -23.42853272131093], [-50.68420479899998, -23.428535659310946], [-50.68410174899998, -23.428803999310933], [-50.68410065599994, -23.428806215310914], [-50.68409917599996, -23.42880819331092], [-50.68409736099994, -23.428809868310942], [-50.68409526899996, -23.42881118431095], [-50.68409297299996, -23.4288120963109], [-50.683976374999986, -23.42884640031091], [-50.68412796999996, -23.429271028310907], [-50.68412854199994, -23.42927317131093], [-50.68417770199994, -23.429546221310904], [-50.684177906999935, -23.429549063310915], [-50.684177509999984, -23.429551885310914], [-50.684176528999956, -23.429554561310923], [-50.684175006999965, -23.42955697031091], [-50.684173011999974, -23.429559005310942], [-50.68417063399994, -23.429560575310934], [-50.68411616599997, -23.429588770310914], [-50.683974999999975, -23.429687752310898], [-50.683707771999934, -23.430298538310918], [-50.68384361299996, -23.430449030310907], [-50.68384535299998, -23.430451450310898], [-50.683846517999946, -23.430454193310872], [-50.684182362999934, -23.431575684310847], [-50.684507043999986, -23.43155793431086], [-50.68450949399994, -23.431558023310874], [-50.68451188599994, -23.43155855531089], [-50.68451414299994, -23.4315595113109], [-50.684516188999964, -23.431560860310896], [-50.68451795699997, -23.43156255731086], [-50.684813867999935, -23.43190355931087], [-50.68497312899996, -23.431877807310883], [-50.68497564099994, -23.43187763931088], [-50.68497813999994, -23.431877941310876], [-50.68498053899997, -23.431878703310836], [-50.684982754999965, -23.43187989731089], [-50.684984708999934, -23.431881483310885], [-50.68498633499996, -23.431883405310845], [-50.68498757499998, -23.431885595310877], [-50.684988385999986, -23.43188797931085], [-50.68518004599997, -23.432690479310843], [-50.68518040699997, -23.432693159310816], [-50.68518022599994, -23.432695859310854], [-50.685179507999976, -23.432698467310853], [-50.68517828499995, -23.432700880310847], [-50.68486690499998, -23.433186710310846], [-50.68486530899998, -23.433188741310843], [-50.68486335499995, -23.43319043031083], [-50.68486111499994, -23.433191715310844], [-50.68485866999998, -23.43319254931082], [-50.68485611199998, -23.43319290231084], [-50.684853532999966, -23.433192760310806], [-50.68485102799997, -23.433192128310846], [-50.68462107199998, -23.433110008310845], [-50.684734968999976, -23.43343111431083], [-50.684946295999964, -23.433635022310835], [-50.68494825299996, -23.433637399310815], [-50.68494961899995, -23.433640157310816], [-50.68495032399994, -23.433643154310843], [-50.685023943999965, -23.43427287431082], [-50.68502400199998, -23.434275379310833], [-50.685023594999954, -23.43427785131084], [-50.68502273799999, -23.434280205310838], [-50.68502145999997, -23.434282360310792], [-50.68501980499997, -23.434284241310788], [-50.685017829999936, -23.434285784310784], [-50.68481233799997, -23.434417471310795], [-50.684904597999946, -23.43463933231079], [-50.68508511999994, -23.43470425931078], [-50.68508761999993, -23.434705461310802], [-50.68508981999997, -23.43470715031078], [-50.68509162799995, -23.434709253310825], [-50.685092966999946, -23.434711681310787], [-50.68533379999997, -23.435280011310788], [-50.68572991599996, -23.435738408310772], [-50.68573110399996, -23.435740009310784], [-50.685732042999966, -23.435741767310773], [-50.68613760299996, -23.43665843731073], [-50.68613849399997, -23.436661250310774], [-50.68613875099992, -23.43666419031078], [-50.68612456899995, -23.43729804731073], [-50.686439939999964, -23.43734248631075], [-50.68644231199994, -23.43734304231073], [-50.68644454399998, -23.437344017310764], [-50.68644656499998, -23.43734537731076], [-50.68644830799997, -23.43734707931073], [-50.68644971499998, -23.437349067310723], [-50.68645074199997, -23.43735127631073], [-50.68658685199995, -23.437730446310752], [-50.68658751499999, -23.43773313631073], [-50.68658761399996, -23.43773590431074], [-50.686587144999976, -23.43773863431074], [-50.68658612799993, -23.43774121031072], [-50.68658460499996, -23.437743524310747], [-50.68658264199996, -23.43774547731072], [-50.68658031999996, -23.437746988310728], [-50.68657773799998, -23.437747992310726], [-50.68657500599995, -23.437748447310746], [-50.68626948399997, -23.43776744331074], [-50.68631335599997, -23.437943684310703], [-50.68631374399997, -23.43794747631074], [-50.686292358999935, -23.438483183310716], [-50.68627217099999, -23.43948279731071], [-50.68652074099998, -23.439836136310653], [-50.68652215099996, -23.439838689310655], [-50.68652297899996, -23.439841487310684], [-50.68652318499994, -23.43984439731066], [-50.686522759999946, -23.43984728331066], [-50.68635355899993, -23.440497264310693], [-50.68653207499994, -23.44134472131063], [-50.68653223699993, -23.441345645310637], [-50.68661445699996, -23.441937585310622], [-50.686614529999986, -23.44194065731065], [-50.686613904999945, -23.44194366531061], [-50.686612614999945, -23.441946454310628], [-50.68646469999993, -23.442189022310647], [-50.68673605599997, -23.442692432310594], [-50.68774896799994, -23.442889833310627], [-50.687751368999955, -23.44289053731063], [-50.68775359799997, -23.442891674310594], [-50.68775557899994, -23.442893203310636], [-50.68797068899994, -23.443093775310604], [-50.689621846999955, -23.441666274310613], [-50.68962374499995, -23.441664902310634], [-50.68962585099996, -23.44166388031065], [-50.691764575999976, -23.440846962310665], [-50.69305229599997, -23.440089480310693], [-50.69305431799995, -23.440088508310687], [-50.69339337499997, -23.43995894931068], [-50.693394094999974, -23.439958697310665], [-50.695189991999946, -23.43938671131066], [-50.69519165899993, -23.439386296310673], [-50.69791259899995, -23.438888949310726], [-50.69900308999996, -23.438484146310703], [-50.699005643999946, -23.4384834743107], [-50.699008280999976, -23.438483313310698], [-50.69901089799998, -23.438483669310745], [-50.69901339599995, -23.438484530310724], [-50.69901567699998, -23.438485861310685], [-50.69901765499998, -23.438487612310702], [-50.69901925399995, -23.4384897143107], [-50.699020410999935, -23.438492089310706], [-50.699021082999934, -23.438494643310698], [-50.69902124399994, -23.43849728031072], [-50.69902088799995, -23.438499897310727], [-50.69902002699996, -23.43850239531069], [-50.699018695999946, -23.43850467631072], [-50.69901694599997, -23.438506654310718], [-50.699014842999986, -23.438508253310694], [-50.69901246799998, -23.438509410310683], [-50.69792087199994, -23.43891462531067], [-50.697918604999984, -23.43891524731069], [-50.69519735099993, -23.439412651310665], [-50.69340263699996, -23.43998426031068], [-50.693064988999936, -23.440113280310705], [-50.69177726899994, -23.440870762310666], [-50.69177524499998, -23.44087173631065], [-50.689637679999976, -23.44168821031062], [-50.68799051399998, -23.44311226031061], [-50.68869279899996, -23.443767083310586], [-50.688693353999945, -23.443767632310582], [-50.68893941899995, -23.444025247310577], [-50.68967393199994, -23.444232028310605], [-50.68967451299995, -23.4442322063106], [-50.690632292999965, -23.4445491463106], [-50.69063344899996, -23.444549588310586], [-50.69127899899996, -23.444831258310565], [-50.69128140599997, -23.444832618310574], [-50.691283484999985, -23.444834441310565], [-50.69128514899995, -23.444836650310567], [-50.691286325999954, -23.444839152310596], [-50.691286967999986, -23.44484184131058], [-50.69136842599994, -23.445457467310572], [-50.69285815899997, -23.446531288310528], [-50.69285947499998, -23.446532369310518], [-50.69331975599994, -23.44696208931051], [-50.69332152599998, -23.44696410831054], [-50.69332286099995, -23.44696643731052], [-50.69332370699993, -23.446968985310527], [-50.693324031999964, -23.446971650310523], [-50.69332382099998, -23.446974327310517], [-50.69317690299994, -23.447790215310484], [-50.693404903999976, -23.448053396310513], [-50.69340646499995, -23.448055614310473], [-50.69340754999996, -23.448058099310508], [-50.69340811499996, -23.44806075231048], [-50.69340813699995, -23.448063464310504], [-50.693407615999945, -23.448066126310483], [-50.69340657199996, -23.44806862931051], [-50.69340504899998, -23.448070872310485], [-50.69340310699994, -23.448072765310478], [-50.69340082499997, -23.448074231310493], [-50.69339829599995, -23.448075210310485], [-50.693395621999976, -23.448075663310473], [-50.69339291099993, -23.448075571310472], [-50.69312183799997, -23.448038848310492], [-50.69308125799994, -23.448475978310498], [-50.69365066199998, -23.448724035310462], [-50.69365319399998, -23.448725483310493], [-50.693655355999965, -23.44872744231046], [-50.69365704599994, -23.448729821310486], [-50.693658182999975, -23.448732507310496], [-50.69388679599996, -23.44949241331047], [-50.69426999899997, -23.450316819310448], [-50.69427072599996, -23.45031876131043], [-50.69462968899995, -23.451562155310423], [-50.696710794999944, -23.452086933310415], [-50.69671353099994, -23.452087949310414], [-50.697581679999985, -23.452522443310393], [-50.69849723899995, -23.4527125903104], [-50.69878923699997, -23.452763111310393], [-50.698791641999954, -23.45276376131039], [-50.698793885999976, -23.45276484231038], [-50.69936270299996, -23.453107014310373], [-50.69966922699995, -23.451990880310426], [-50.69967026699993, -23.45198822831039], [-50.69975923099997, -23.451817279310404], [-50.69976069099994, -23.451815045310433], [-50.700280944999975, -23.45116930331043], [-50.70109954899994, -23.449900859310464], [-50.70110161599995, -23.449898372310454], [-50.701798346999965, -23.449240009310497], [-50.70233176099998, -23.448703980310466], [-50.702966506999985, -23.44800384231052], [-50.702968417999955, -23.4480021033105], [-50.70334794699993, -23.447718159310515], [-50.70334860799994, -23.44771769531048], [-50.70574862299998, -23.446137239310502], [-50.70574910099998, -23.446136938310513], [-50.70647925199995, -23.445698847310545], [-50.70704893899995, -23.44477858531054], [-50.707488454999975, -23.443914202310594], [-50.707489212999974, -23.44391289931056], [-50.707885007999955, -23.443311876310574], [-50.70788532699998, -23.443311413310585], [-50.70814919099996, -23.442944936310596], [-50.70815076599997, -23.44294311531064], [-50.708575879999955, -23.44253266131063], [-50.70857602399996, -23.4425325243106], [-50.70881056899998, -23.442312637310653], [-50.70881262599993, -23.442311052310643], [-50.70881494799994, -23.44230989131064], [-50.70957654999995, -23.442016967310643], [-50.711289362999935, -23.441138602310655], [-50.71254867799997, -23.43996714631068], [-50.71255063499996, -23.43996563531067], [-50.71255283399995, -23.43996450831066], [-50.712555202999965, -23.43996380131069], [-50.71255766099995, -23.439963538310685], [-50.71356827899996, -23.43994889231067], [-50.71469617899999, -23.439787763310676], [-50.71469881799993, -23.43978764831071], [-50.71470142899994, -23.439788049310682], [-50.714703910999965, -23.439788953310664], [-50.71470616899995, -23.439790323310675], [-50.71470811699999, -23.43979210731068], [-50.71470967899995, -23.439794237310657], [-50.714710794999974, -23.43979663131069], [-50.71471142399997, -23.439799197310677], [-50.71471153899995, -23.439801836310675], [-50.714711137999984, -23.439804447310692], [-50.71471023399994, -23.439806929310713], [-50.71470886399993, -23.439809187310694], [-50.71470707999998, -23.439811135310677], [-50.71470494999994, -23.439812697310696], [-50.71470255599996, -23.439813814310707], [-50.714699989999986, -23.439814442310656], [-50.713571238999975, -23.43997569231067], [-50.71356952899998, -23.43997582631068], [-50.71256323599994, -23.43999041031066], [-50.71130635099996, -23.44115960631068], [-50.711303321999935, -23.44116173031067], [-50.70958820699996, -23.442041276310608], [-50.70958689599996, -23.442041862310607], [-50.70882707999994, -23.442334099310656], [-50.708594527999935, -23.442552117310655], [-50.70817035499994, -23.442961663310587], [-50.70790736099997, -23.443326932310626], [-50.707512134999945, -23.443927090310613], [-50.70707270399999, -23.444791304310588], [-50.70707214999993, -23.44479228931057], [-50.70650044599995, -23.44571581231053], [-50.70649844999997, -23.44571831431056], [-50.706495920999934, -23.445720274310528], [-50.705763207999944, -23.44615990231055], [-50.703363766999985, -23.447739980310484], [-50.702985600999966, -23.448022904310506], [-50.702351516999954, -23.44872231331048], [-50.702351084999975, -23.448722767310514], [-50.701817303999974, -23.449259165310448], [-50.70181700699993, -23.449259454310464], [-50.70112130899997, -23.449916841310433], [-50.700303203999965, -23.451184511310412], [-50.70030237499998, -23.45118565931044], [-50.69978251799995, -23.45183090931041], [-50.699694834999946, -23.451999398310388], [-50.69938668799994, -23.453121442310366], [-50.700833166999985, -23.453991570310368], [-50.702146460999984, -23.45381378231035], [-50.70300897599998, -23.453497906310346], [-50.70301052899998, -23.453497441310372], [-50.70441288999996, -23.45316808931039], [-50.707268588999966, -23.452301824310396], [-50.707269157999974, -23.45230166531043], [-50.70797399399999, -23.45212122931039], [-50.70824963999996, -23.452030272310388], [-50.70904516199994, -23.451763891310442], [-50.70904760599996, -23.45176331931039], [-50.70905011499996, -23.451763211310407], [-50.70905259999995, -23.451763570310412], [-50.710448207999946, -23.452100266310392], [-50.711845352999944, -23.451971385310422], [-50.71205503799996, -23.45192289431039], [-50.71247584699995, -23.450354718310454], [-50.71247677799994, -23.45035224631044], [-50.712478173999955, -23.450350003310465], [-50.71247997999995, -23.450348076310433], [-50.71248212799998, -23.450346538310438], [-50.71248453499994, -23.45034544931042], [-50.71248710699996, -23.45034485031044], [-50.71248974699994, -23.45034476431044], [-50.71249235399994, -23.450345196310426], [-50.712494824999965, -23.45034612731046], [-50.71249706799995, -23.45034752331042], [-50.71249899499998, -23.450349329310434], [-50.71250053299997, -23.45035147731045], [-50.71250162199994, -23.450353883310477], [-50.712502220999966, -23.450356456310427], [-50.712502306999966, -23.45035909631043], [-50.712501874999994, -23.450361702310428], [-50.71208478699998, -23.451916015310385], [-50.714208353999936, -23.45142493031043], [-50.71421130299995, -23.4514245843104], [-50.714214254999945, -23.45142489231044], [-50.71421706899997, -23.451425839310424], [-50.71421960699996, -23.451427379310392], [-50.71423293199996, -23.451437631310434], [-50.714510495999946, -23.451570934310407], [-50.71455933699997, -23.45154040831043], [-50.71456150199998, -23.451539313310416]]], [[[-50.71936548799994, -23.419895365311117], [-50.718674212999986, -23.42099945731113], [-50.718672597999955, -23.421001547311093], [-50.71867060699998, -23.421003283311087], [-50.718668314999945, -23.421004597311114], [-50.71866581099994, -23.421005438311088], [-50.71866319199995, -23.421005775311105], [-50.71866055599997, -23.42100559431109], [-50.71865800699993, -23.42100490231113], [-50.71865564099994, -23.421003727311103], [-50.71865355099993, -23.42100211231108], [-50.71865181499993, -23.421000121311113], [-50.71865050099995, -23.420997830311123], [-50.71864965999998, -23.42099532631111], [-50.718649322999966, -23.42099270631113], [-50.718649503999984, -23.420990070311092], [-50.718650195999935, -23.42098752131111], [-50.718651370999964, -23.42098515531112], [-50.719342799999936, -23.419880819311118], [-50.71934311699994, -23.419880336311117], [-50.71971815999996, -23.419334780311157], [-50.719719865999934, -23.419332757311132], [-50.72015439099994, -23.418909868311143], [-50.72015645499994, -23.418908220311184], [-50.72015880099997, -23.418907006311166], [-50.72016133899996, -23.41890627431119], [-50.72016397099998, -23.418906051311154], [-50.720166595999956, -23.418906345311164], [-50.72016911399999, -23.418907146311163], [-50.720171425999986, -23.418908423311137], [-50.72017344499994, -23.418910126311147], [-50.72017509299997, -23.418912191311136], [-50.720176305999985, -23.418914537311164], [-50.720177038999964, -23.418917075311153], [-50.720177261999936, -23.418919707311176], [-50.720176966999986, -23.41892233231115], [-50.72017616599993, -23.418924849311146], [-50.72017488999995, -23.41892716131113], [-50.72017318599995, -23.41892918131115], [-50.719739613999934, -23.419351143311147], [-50.71936548799994, -23.419895365311117]]], [[[-50.72591313299995, -23.428646607310927], [-50.72618993699995, -23.42905053631094], [-50.726191209999975, -23.42905285131089], [-50.72619200599996, -23.42905536931093], [-50.72619229599996, -23.429057995310956], [-50.72619206799993, -23.429060626310925], [-50.72619133099994, -23.42906316331093], [-50.726190112999966, -23.429065507310916], [-50.726188460999936, -23.429067568310955], [-50.72618643899995, -23.42906926831093], [-50.72618412399998, -23.4290705403109], [-50.726181605999955, -23.429071337310937], [-50.726178979999986, -23.429071627310943], [-50.726176348999964, -23.429071399310907], [-50.726173811999956, -23.429070661310927], [-50.726171467999954, -23.42906944431095], [-50.72616940599993, -23.429067792310914], [-50.726167706999945, -23.42906577031092], [-50.72588860499997, -23.428658488310912], [-50.72588733899994, -23.428656187310906], [-50.72588654199995, -23.428653683310955], [-50.72588624699995, -23.428651072310945], [-50.72586626599997, -23.427307487310944], [-50.72583873199994, -23.426758175310987], [-50.725778127999945, -23.426194842311], [-50.72577805999998, -23.426193889311005], [-50.72577185799998, -23.426022983310965], [-50.72577185199998, -23.426022198310967], [-50.72578149999998, -23.425582527310997], [-50.725781504999986, -23.42558236231098], [-50.72583177299998, -23.424114922311016], [-50.725757520999935, -23.42355253031102], [-50.72569143499993, -23.42315188031107], [-50.725433187999954, -23.421850374311084], [-50.72409607199995, -23.421398043311083], [-50.72360403899996, -23.42123265431113], [-50.723602476999986, -23.421232018311095], [-50.72332819999996, -23.421099703311125], [-50.72332804299998, -23.42109962631108], [-50.72285529299995, -23.420863940311097], [-50.72285466899995, -23.42086360831113], [-50.722426023999965, -23.420621031311093], [-50.72242400299996, -23.420619629311137], [-50.72222630299996, -23.42045386131109], [-50.72138094199994, -23.42031662731113], [-50.72137806699993, -23.42031582531114], [-50.720981122999945, -23.42015594531114], [-50.720978855999924, -23.420154771311097], [-50.72097685099993, -23.4201531913111], [-50.720975179999975, -23.4201512613111], [-50.72097390299996, -23.420149051311117], [-50.72097306599994, -23.420146639311103], [-50.720972698999965, -23.42014411331115], [-50.72093961999997, -23.419477026311153], [-50.72093974799998, -23.41947438831115], [-50.72094038899996, -23.41947182531114], [-50.72094151699997, -23.41946943731114], [-50.72094308999994, -23.41946731431114], [-50.72094504599995, -23.41946554031115], [-50.720947310999975, -23.419464180311152], [-50.720949797999936, -23.41946328931114], [-50.720952410999985, -23.41946290131115], [-50.72095504899994, -23.419463029311164], [-50.72095761199995, -23.419463670311142], [-50.720959999999934, -23.419464798311154], [-50.720962122999936, -23.419466371311128], [-50.72096389699993, -23.419468327311122], [-50.72096525699993, -23.419470592311153], [-50.720966147999945, -23.419473079311118], [-50.72096653599993, -23.419475691311124], [-50.72099918799995, -23.420134168311115], [-50.721386741999936, -23.4202902663111], [-50.72223427999995, -23.42042785331113], [-50.72223661299996, -23.420428450311128], [-50.72223880199993, -23.4204294523111], [-50.72224077899994, -23.420430829311098], [-50.722440371999944, -23.420598185311107], [-50.72286763399995, -23.420839980311122], [-50.723339987999964, -23.421075468311106], [-50.723613425999986, -23.421207378311102], [-50.724104670999964, -23.421372502311076], [-50.72410469599998, -23.421372511311088], [-50.72544920699994, -23.421827343311087], [-50.72545176999995, -23.421828522311056], [-50.72545403099997, -23.42183020831108], [-50.72545589199996, -23.42183232831112], [-50.725457269999936, -23.421834790311113], [-50.72545810599996, -23.4218374843111], [-50.72571791099994, -23.42314684931106], [-50.72571798899997, -23.423147279311067], [-50.725784146999956, -23.423548358311038], [-50.72578420999997, -23.42354878731105], [-50.72585863699993, -23.424112503311022], [-50.72585874499998, -23.424114728311025], [-50.72580844099997, -23.425583201310967], [-50.725798803999965, -23.426022397310966], [-50.72580497399998, -23.426192434310998], [-50.72586556799996, -23.426755675311004], [-50.72586562799995, -23.42675644231095], [-50.72589319299993, -23.42730637531095], [-50.725893208999935, -23.427306849310995], [-50.72591313299995, -23.428646607310927]]], [[[-50.723129046999986, -23.454915970310328], [-50.72214998299995, -23.454539195310325], [-50.72214762299996, -23.454538010310348], [-50.72214553899994, -23.45453638631035], [-50.72214381199995, -23.454534387310364], [-50.72214250799993, -23.454532090310373], [-50.722141676999975, -23.45452958231035], [-50.72214135199994, -23.454526961310332], [-50.722141543999946, -23.45452432731033], [-50.722142246999965, -23.454521780310383], [-50.72214343299998, -23.454519420310326], [-50.72214505599994, -23.454517336310367], [-50.72214705499994, -23.454515609310317], [-50.722149351999974, -23.454514305310365], [-50.72215185999995, -23.454513475310332], [-50.72215448099996, -23.45451314931037], [-50.72215711599995, -23.454513341310317], [-50.72215966199997, -23.454514044310343], [-50.723140995999984, -23.454891692310365], [-50.723143153999956, -23.45489275231036], [-50.72314508799997, -23.454894178310344], [-50.72352914899995, -23.45523413731037], [-50.72506611299996, -23.456584315310327], [-50.725067916999926, -23.456586245310312], [-50.72506930999998, -23.456588489310295], [-50.72507023899993, -23.456590962310287], [-50.725070666999954, -23.456593569310296], [-50.725070577999986, -23.456596209310277], [-50.725069975999986, -23.45659878131031], [-50.725068883999946, -23.456601186310287], [-50.72506734299998, -23.456603332310326], [-50.72506541399997, -23.456605136310287], [-50.72506316999994, -23.456606529310278], [-50.72506069699995, -23.456607457310295], [-50.725058089999955, -23.45660788531032], [-50.725055449999964, -23.45660779731028], [-50.725052877999985, -23.456607195310283], [-50.72505047299995, -23.456606102310307], [-50.72504832699996, -23.45660456231028], [-50.72351134399998, -23.455254367310317], [-50.72351130599997, -23.45525433331034], [-50.723129046999986, -23.454915970310328]]], [[[-50.72862264599996, -23.430277258310923], [-50.72885988199994, -23.4305462813109], [-50.72886142599998, -23.43054842431087], [-50.72886252299997, -23.43055082731092], [-50.72886312999998, -23.43055339831089], [-50.72886322399996, -23.430556038310886], [-50.728862800999934, -23.430558645310885], [-50.728861876999986, -23.430561120310923], [-50.72886048799995, -23.430563367310917], [-50.72885868799994, -23.43056530031087], [-50.728856544999985, -23.43056684431087], [-50.72885414199993, -23.430567941310915], [-50.72885157099995, -23.430568548310866], [-50.72884893099996, -23.43056864231089], [-50.72884632399996, -23.43056821831088], [-50.72884384899999, -23.430567295310865], [-50.728841601999925, -23.430565906310893], [-50.72883966899997, -23.430564106310882], [-50.72860459099996, -23.430297529310902], [-50.72644459199995, -23.42945211131094], [-50.72644170799998, -23.42945055431092], [-50.72602089999999, -23.429152118310945], [-50.72601890499993, -23.4291503863109], [-50.726017286999934, -23.429148298310928], [-50.726016106999964, -23.42914593531091], [-50.726015410999935, -23.429143387310905], [-50.72601522499997, -23.42914075231092], [-50.72601555699998, -23.4291381313109], [-50.72601639399995, -23.4291356263109], [-50.726017702999975, -23.42913333231095], [-50.726019434999955, -23.429131337310896], [-50.726021522999986, -23.429129719310897], [-50.72602388599995, -23.429128539310923], [-50.72602643499993, -23.429127843310905], [-50.726029068999935, -23.429127657310943], [-50.72603168999996, -23.4291279893109], [-50.72603419599995, -23.429128826310915], [-50.726036489999956, -23.429130135310935], [-50.72645595199998, -23.42942761731094], [-50.728617450999934, -23.430273623310878], [-50.728620264999954, -23.43027513131091], [-50.72862264599996, -23.430277258310923]]]]}, "properties": {"objectid": 8704540, "cod_tema": "RIO_ATE_10", "nom_tema": "Curso d'agua natural de ate 10 metros", "cod_imovel": "PR-4126009-84F51D84B3E1459FA1A254BBAEE89B95", "ind_status": "AT", "des_condic": "Aguardando analise, apos revisao ou atendimento da notificacao", "Shape__Area": 8.600623098841365e-06, "Shape__Length": 0.6377464515044763}}, {"type": "Feature", "id": 8708729, "geometry": {"type": "Polygon", "coordinates": [[[-50.65228076999995, -23.49769652330936], [-50.651876948999984, -23.497605544309373], [-50.65187611299996, -23.497605267309403], [-50.65187534699999, -23.49760483330939], [-50.651874680999974, -23.497604257309394], [-50.65187413999996, -23.4976035633094], [-50.65187374399994, -23.497602776309364], [-50.65187350999997, -23.497601927309375], [-50.65187344599997, -23.497601049309385], [-50.651873553999955, -23.497600175309366], [-50.65187383099993, -23.497599339309392], [-50.651874265999936, -23.49759857430936], [-50.65187484099994, -23.49759790730936], [-50.65187553599998, -23.49759736630939], [-50.651876322999954, -23.497596971309367], [-50.65187717099997, -23.49759673630941], [-50.65187804999994, -23.49759667230941], [-50.65187892299997, -23.49759678130939], [-50.65228315799993, -23.497687853309362], [-50.65228395999998, -23.49768811530937], [-50.65262331399998, -23.49783552130937], [-50.652624241999945, -23.497836064309357], [-50.65274433899998, -23.4979273193094], [-50.65320280699996, -23.4980663283094], [-50.653446102999965, -23.49814025530936], [-50.65344675299997, -23.49814050930934], [-50.65344735599996, -23.498140861309377], [-50.65360380699997, -23.498249289309346], [-50.65384363399994, -23.498349725309364], [-50.65384440899993, -23.498350143309395], [-50.65384508799996, -23.498350704309356], [-50.65384564299996, -23.49835138730935], [-50.65384605599997, -23.49835216530937], [-50.65384630799998, -23.498353009309376], [-50.65384639099994, -23.49835388530937], [-50.65384630099993, -23.498354761309372], [-50.65384604199994, -23.498355603309392], [-50.653845623999985, -23.49835637830938], [-50.653845062999956, -23.498357056309374], [-50.65384437999995, -23.49835761230936], [-50.65384360199994, -23.498358024309372], [-50.65384275799994, -23.498358276309382], [-50.65384188199994, -23.49835835930936], [-50.65384100599993, -23.498358270309385], [-50.653840163999966, -23.498358011309392], [-50.65359990199994, -23.498257392309373], [-50.65359907799996, -23.498256941309364], [-50.653442817999974, -23.49814864530937], [-50.653200196999926, -23.498074923309392], [-50.65274096099995, -23.497935681309354], [-50.65274022199998, -23.497935383309386], [-50.65273954699995, -23.497934959309372], [-50.65261923899994, -23.497843544309397], [-50.65228076999995, -23.49769652330936]]]}, "properties": {"objectid": 8708729, "cod_tema": "RIO_ATE_10", "nom_tema": "Curso d'agua natural de ate 10 metros", "cod_imovel": "PR-4124301-932AD5BAE7634C5B8348D277B169BBC9", "ind_status": "AT", "des_condic": "Analisado, em conformidade com a Lei n 12.651/2012", "Shape__Area": 1.9119077257312008e-08, "Shape__Length": 0.0042710458407981015}}, {"type": "Feature", "id": 8708730, "geometry": {"type": "MultiPolygon", "coordinates": [[[[-50.652201899999966, -23.49785548930937], [-50.65216342999997, -23.49811854330938], [-50.65203884399994, -23.49811696030935], [-50.65209254499996, -23.4978440433094], [-50.652201899999966, -23.49785548930937]]], [[[-50.651976203999936, -23.498085030309376], [-50.65185533399995, -23.49807071230937], [-50.65192169299996, -23.497825418309407], [-50.65202502999994, -23.497846906309366], [-50.651976203999936, -23.498085030309376]]], [[[-50.65245970099995, -23.49794291230939], [-50.652365706999944, -23.49798212030937], [-50.65225231399995, -23.498038796309352], [-50.65229361399997, -23.4978547503094], [-50.65246115799994, -23.49789808530938], [-50.65245970099995, -23.49794291230939]]]]}, "properties": {"objectid": 8708730, "cod_tema": "RESERVATORIO_ARTIFICIAL_DECORRENTE_BARRAMENTO", "nom_tema": "Reservatorio artificial decorrente de barramento ou represamento de cursos d'agua naturais", "cod_imovel": "PR-4124301-932AD5BAE7634C5B8348D277B169BBC9", "ind_status": "AT", "des_condic": "Analisado, em conformidade com a Lei n 12.651/2012", "Shape__Area": 8.022466601140506e-08, "Shape__Length": 0.002138145901627507}}, {"type": "Feature", "id": 8718451, "geometry": {"type": "Polygon", "coordinates": [[[-50.61692833299997, -23.48286167330969], [-50.61674750299994, -23.482652223309692], [-50.61665583299998, -23.482418333309695], [-50.616662502999986, -23.482092223309714], [-50.61666083299997, -23.481862223309726], [-50.61663667299996, -23.48150556330976], [-50.616593612999964, -23.481028613309768], [-50.61652389299996, -23.480418613309787], [-50.61649528299995, -23.48006639330977], [-50.61642278299996, -23.479668613309766], [-50.61632389299996, -23.47934222330978], [-50.61619667299993, -23.479056673309785], [-50.616112502999954, -23.478867503309786], [-50.615951672999984, -23.478717783309826], [-50.615862222999965, -23.47863750330981], [-50.61574889299993, -23.47855833330981], [-50.61585294199995, -23.478414387309837], [-50.615998753999975, -23.478504063309792], [-50.616367802999946, -23.478855989309793], [-50.616506937999986, -23.479267740309787], [-50.61666565499996, -23.48005284030979], [-50.61678493199998, -23.48106572130979], [-50.61690385099996, -23.48175690230975], [-50.61689600599993, -23.482564204309718], [-50.617878910999934, -23.483142351309702], [-50.61865964399993, -23.483511999309705], [-50.61918471999997, -23.483573337309668], [-50.619511203999934, -23.48348952230969], [-50.61963717599996, -23.48337383130968], [-50.61986966899997, -23.48326589730971], [-50.62011213799997, -23.4829362093097], [-50.62029072899998, -23.48266030330974], [-50.62044317899995, -23.4825998763097], [-50.62067823599995, -23.482619197309717], [-50.62090028399996, -23.482766923309747], [-50.62105707099994, -23.48307674030968], [-50.620985013999984, -23.483564636309715], [-50.62057195699998, -23.484590612309688], [-50.620757003999984, -23.48534192030963], [-50.62117773799997, -23.486317350309655], [-50.62167440099996, -23.487093848309634], [-50.62185657699995, -23.487564200309603], [-50.62187616899996, -23.487826947309607], [-50.62139282199996, -23.488410804309577], [-50.620532544999946, -23.4890361733096], [-50.61964367599995, -23.48917824230959], [-50.619287140999965, -23.489156108309583], [-50.61896867799993, -23.48916514530957], [-50.61888838999993, -23.489006275309556], [-50.61902165699996, -23.488839275309584], [-50.61940766199996, -23.488637730309613], [-50.61971208099993, -23.488360871309574], [-50.61964824599994, -23.488183864309576], [-50.61938691399995, -23.48808539230959], [-50.618887419999965, -23.488261039309577], [-50.618343279999976, -23.488297868309594], [-50.61823539499994, -23.488192629309598], [-50.61778168099994, -23.48793806430963], [-50.61763003399994, -23.487408066309587], [-50.61740711399994, -23.487080326309613], [-50.617156017999946, -23.486742851309632], [-50.616889612999955, -23.486570013309617], [-50.61663784599995, -23.486222803309644], [-50.61567591199997, -23.486270406309636], [-50.615447615999976, -23.486225327309615], [-50.61531476299996, -23.48626693030961], [-50.61514214299995, -23.486877172309654], [-50.61511890399999, -23.487050301309605], [-50.61483119999997, -23.48725356930962], [-50.614643206999965, -23.487170399309633], [-50.61441895799992, -23.4870984683096], [-50.61435568799993, -23.48689316030963], [-50.61402146999995, -23.4868066023096], [-50.61394694299997, -23.486645833309613], [-50.61404889299997, -23.486629173309648], [-50.61423556299997, -23.486677783309613], [-50.614408612999966, -23.486760833309617], [-50.614528892999935, -23.48693583330962], [-50.614587222999944, -23.48700972330963], [-50.614642782999965, -23.487022783309644], [-50.61483806299998, -23.487070003309636], [-50.61488361299996, -23.48705667330964], [-50.614971112999974, -23.486936393309602], [-50.61496722299995, -23.486868893309616], [-50.614897222999964, -23.486754443309596], [-50.614875832999985, -23.486673893309653], [-50.61490667299994, -23.48652083330965], [-50.61495167299995, -23.486373333309633], [-50.615095832999934, -23.48616639330964], [-50.61523972299995, -23.486056673309623], [-50.615760282999986, -23.48608056330965], [-50.61602333299993, -23.48604694330964], [-50.61624111299994, -23.48604111330962], [-50.61665361299998, -23.48610222330967], [-50.61682000299999, -23.486140283309616], [-50.61696667299997, -23.486407223309627], [-50.61730278299995, -23.48668222330961], [-50.617485562999946, -23.486919173309648], [-50.617788892999954, -23.487348893309633], [-50.61782333299994, -23.487496113309614], [-50.617892222999956, -23.48767139330961], [-50.61794722299993, -23.487761673309603], [-50.61801333299996, -23.48789639330961], [-50.61814278299994, -23.487995833309594], [-50.61838111299994, -23.48807611330961], [-50.61853222299993, -23.488113333309574], [-50.61870222299996, -23.48811639330961], [-50.618817502999946, -23.48809194330961], [-50.61884778299998, -23.4880788933096], [-50.619091112999975, -23.487963613309603], [-50.619385282999986, -23.48788722330961], [-50.61960694299995, -23.487952503309614], [-50.61979222299993, -23.4880452833096], [-50.61986889299993, -23.48822111330959], [-50.619859722999934, -23.48836500330958], [-50.619809722999946, -23.488500563309557], [-50.61971417299998, -23.488596943309567], [-50.61957472299997, -23.48866000330957], [-50.61933472299996, -23.48879833330959], [-50.61924944299994, -23.488895833309567], [-50.61916750299997, -23.488984443309597], [-50.61924194299996, -23.489014443309586], [-50.61933222299996, -23.489028063309593], [-50.61949028299995, -23.48899333330955], [-50.619846672999984, -23.48899056330957], [-50.62032056299995, -23.488879723309584], [-50.620517502999974, -23.48885750330958], [-50.62062583299996, -23.48879833330959], [-50.62072083299996, -23.488700003309575], [-50.62086917299996, -23.488549173309586], [-50.621093332999976, -23.48836917330959], [-50.621263062999965, -23.488232503309582], [-50.621451392999965, -23.488027223309594], [-50.62160917299997, -23.48787028330959], [-50.62170528299998, -23.487756943309602], [-50.62171694299997, -23.487589723309636], [-50.62160194299997, -23.48734056330963], [-50.62138333299998, -23.486966673309638], [-50.62117194299998, -23.48663944330961], [-50.620936942999954, -23.48626333330962], [-50.62081583299994, -23.485983893309655], [-50.62059556299994, -23.48542472330963], [-50.62047333299995, -23.485022783309674], [-50.62041444299996, -23.484430563309704], [-50.62050306299995, -23.484270003309664], [-50.62055861299996, -23.484126393309655], [-50.62064583299997, -23.483872503309712], [-50.62078417299995, -23.48357306330968], [-50.62084167299997, -23.483217503309735], [-50.62082278299993, -23.482956393309685], [-50.62072667299998, -23.482828893309723], [-50.62061111299994, -23.482757783309705], [-50.62050833299997, -23.482753893309685], [-50.62040028299998, -23.48278972330969], [-50.62032667299996, -23.482883613309706], [-50.62023444299996, -23.483000833309696], [-50.62007667299997, -23.483202503309716], [-50.619951672999946, -23.483410283309702], [-50.61967639299996, -23.483596393309714], [-50.61951972299994, -23.48366778330972], [-50.61924833299998, -23.483697223309704], [-50.618830832999954, -23.48369944330971], [-50.61818083299994, -23.483518063309713], [-50.61780750299994, -23.48332833330971], [-50.61739667299997, -23.4831827833097], [-50.617137222999986, -23.483055563309744], [-50.61692833299997, -23.48286167330969]]]}, "properties": {"objectid": 8718451, "cod_tema": "RIO_10_A_50", "nom_tema": "Curso d'agua natural de 10 a 50 metros", "cod_imovel": "PR-4117008-A9B6F1B2B5DE4E7FAE13C6D02AADD738", "ind_status": "AT", "des_condic": "Analisado, aguardando regularizacao ambiental (Lei n 12.651/2012)", "Shape__Area": 4.9285495487649996e-06, "Shape__Length": 0.0540597228415669}}, {"type": "Feature", "id": 8721540, "geometry": {"type": "Polygon", "coordinates": [[[-50.627831534999984, -23.48972765930958], [-50.62816456999997, -23.489678608309553], [-50.62817336499995, -23.48967818530954], [-50.62818207299995, -23.48967948630953], [-50.628190360999945, -23.489682461309577], [-50.62819790799995, -23.489686996309587], [-50.62820442599997, -23.489692915309572], [-50.62820966399993, -23.48969999330959], [-50.62821342099994, -23.48970795730955], [-50.62821555099999, -23.489716500309584], [-50.62821597399994, -23.48972529530957], [-50.628214672999945, -23.489734003309565], [-50.62821169799998, -23.489742290309575], [-50.628207163999946, -23.48974983830956], [-50.62820124399997, -23.489756356309588], [-50.62819416599996, -23.489761594309545], [-50.628186202999984, -23.489765350309565], [-50.62817765999995, -23.48976748130954], [-50.62784037899996, -23.48981715730954], [-50.62783184699998, -23.48981759230954], [-50.62757093999994, -23.48980603730959], [-50.627570476999956, -23.489806015309544], [-50.62721679499999, -23.489786695309554], [-50.627209139999934, -23.489785610309557], [-50.627007481999954, -23.489739052309545], [-50.626999137999974, -23.489736239309565], [-50.62699150299995, -23.489731854309547], [-50.626984870999934, -23.48972606230959], [-50.626979494999944, -23.489719088309553], [-50.62697558399997, -23.48971120030959], [-50.62697328599995, -23.489702700309543], [-50.626972690999935, -23.489693915309562], [-50.62697382199997, -23.489685183309547], [-50.62697663399996, -23.48967683930957], [-50.62698101999997, -23.489669204309536], [-50.62698681099994, -23.489662572309577], [-50.62699378499996, -23.489657196309537], [-50.62700167299994, -23.489653285309572], [-50.62701017299997, -23.48965098730954], [-50.62701895799995, -23.489650392309585], [-50.627027689999984, -23.489651523309565], [-50.62722556899996, -23.489697209309575], [-50.62757514599998, -23.48971630430955], [-50.627831534999984, -23.48972765930958]]]}, "properties": {"objectid": 8721540, "cod_tema": "RIO_ATE_10", "nom_tema": "Curso d'agua natural de ate 10 metros", "cod_imovel": "PR-4124301-3EFB6DEFABAB4A779E0CA9690526CD9A", "ind_status": "AT", "des_condic": "Analisado, em conformidade com a Lei n 12.651/2012", "Shape__Area": 1.1079118371880643e-07, "Shape__Length": 0.0026082033321256316}}, {"type": "Feature", "id": 8726793, "geometry": {"type": "MultiPolygon", "coordinates": [[[[-50.68069383899994, -23.465491809310105], [-50.68156472199996, -23.464820801310125], [-50.68157069599993, -23.464817070310126], [-50.68157728399996, -23.464814575310147], [-50.68158423099993, -23.464813414310147], [-50.681591271999935, -23.464813631310125], [-50.681598134999945, -23.464815216310136], [-50.68160455699995, -23.464818111310095], [-50.68161029099996, -23.46482220231014], [-50.681615115999925, -23.464827334310097], [-50.681618847999964, -23.464833308310137], [-50.68162134199997, -23.464839896310096], [-50.68162250399996, -23.464846844310113], [-50.68162228699999, -23.46485388431013], [-50.681620700999986, -23.464860747310137], [-50.68161780699995, -23.46486716931009], [-50.68161371499997, -23.464872903310106], [-50.68160858399995, -23.46487772931012], [-50.68074285299997, -23.46554476731012], [-50.68042041999996, -23.466063464310064], [-50.68027902499995, -23.466530067310067], [-50.68027652299997, -23.466536212310114], [-50.68027293399996, -23.466541792310103], [-50.679758969999966, -23.467198523310078], [-50.679754600999956, -23.46720318531006], [-50.67974947499994, -23.46720699931009], [-50.678935699999954, -23.467706685310027], [-50.67892761499996, -23.467710362310086], [-50.67801390199998, -23.46799589731006], [-50.67800764099997, -23.467997255310024], [-50.67732235699999, -23.46808291631004], [-50.67731789999993, -23.46808319331007], [-50.67659414599996, -23.46808319331007], [-50.67561975799999, -23.468323260310058], [-50.67480431499996, -23.46889141131002], [-50.67479919099998, -23.46889438631005], [-50.67432329899998, -23.46912043431005], [-50.67431867199997, -23.46912225231003], [-50.67367621699998, -23.469324506310016], [-50.67366698799998, -23.469326130310012], [-50.67311971199995, -23.469349925310013], [-50.67311815099998, -23.469349959309994], [-50.672431314999976, -23.469349959309994], [-50.67183960799998, -23.469456466309982], [-50.67182966699995, -23.469456856310014], [-50.67111582799998, -23.469385472309988], [-50.67111447599996, -23.469385311309985], [-50.670341150999946, -23.46927823531004], [-50.67033713699993, -23.469277445310052], [-50.67011184099994, -23.46921955931001], [-50.67010522299995, -23.469217146310005], [-50.67009920299995, -23.469213488310032], [-50.67009401299998, -23.469208726310033], [-50.67008985099994, -23.469203043310042], [-50.67008687799996, -23.469196657309993], [-50.670085207999925, -23.469189814309996], [-50.67008490499995, -23.469182777310014], [-50.670085979999946, -23.469175815310038], [-50.67008839399994, -23.46916919731004], [-50.67009205099998, -23.46916317831003], [-50.67009681299998, -23.469157987310012], [-50.67010249699995, -23.469153825310038], [-50.670108881999965, -23.469150852310037], [-50.670115725999956, -23.469149182310034], [-50.670122762999945, -23.46914887931004], [-50.67012972399994, -23.46914995531004], [-50.670353036999984, -23.469207330310013], [-50.67112365699996, -23.469314032309992], [-50.671831819999966, -23.469384848310003], [-50.67242174199998, -23.46927866231003], [-50.67242810699997, -23.469278094309995], [-50.67311736999994, -23.469278094309995], [-50.67365914499993, -23.469254538310025], [-50.674294714999974, -23.469054451310043], [-50.67476567099993, -23.468830747310026], [-50.67558414599995, -23.468260483310008], [-50.675589869999946, -23.468257230310034], [-50.67559609199998, -23.468255076310072], [-50.67658118899993, -23.468012371310074], [-50.676589784999976, -23.46801132831008], [-50.67731566299994, -23.46801132831008], [-50.67799553599997, -23.467926344310065], [-50.678901908999926, -23.467643102310042], [-50.679706360999944, -23.467149140310045], [-50.68021219699995, -23.466502794310056], [-50.68035301599998, -23.46603809331008], [-50.68035688699996, -23.466029543310118], [-50.68068525299997, -23.465501303310074], [-50.680689119999954, -23.465496171310118], [-50.68069383899994, -23.465491809310105]]], [[[-50.65814474899997, -23.464780723310145], [-50.65845457699998, -23.46453583331013], [-50.65846050499994, -23.46453202831011], [-50.65846706099995, -23.464529452310124], [-50.65847399399996, -23.464528205310128], [-50.658481035999955, -23.464528335310117], [-50.65848791899998, -23.464529835310106], [-50.658494375999965, -23.464532650310122], [-50.65850015999996, -23.46453667031014], [-50.658505048999984, -23.46454174231009], [-50.65850885399993, -23.464547670310097], [-50.658511429999976, -23.464554226310128], [-50.658512676999976, -23.464561159310136], [-50.65851254699999, -23.46456820131013], [-50.65851104699994, -23.46457508431015], [-50.658508231999974, -23.46458154131013], [-50.658504211999976, -23.464587325310127], [-50.658499139999954, -23.464592214310144], [-50.658194605999945, -23.46483292031015], [-50.65893402699998, -23.46506247931013], [-50.65894066599998, -23.465065299310094], [-50.659547428999986, -23.46539842331009], [-50.65954945599998, -23.465399624310127], [-50.660370369999946, -23.465923105310075], [-50.66037048099997, -23.46592317731011], [-50.66103550999998, -23.466350695310087], [-50.66190061099996, -23.466812873310086], [-50.66259987099994, -23.46707361431006], [-50.66359752899996, -23.467417106310062], [-50.66360393199995, -23.46742004131006], [-50.663609639999954, -23.467424169310064], [-50.663614432999964, -23.467429331310036], [-50.66361812699995, -23.467435329310046], [-50.66362057899994, -23.467441932310084], [-50.66362169599995, -23.46744888731009], [-50.66362143499998, -23.46745592631005], [-50.663619805999986, -23.467462779310054], [-50.66361687099993, -23.46746918331009], [-50.66361274299993, -23.467474891310033], [-50.66360758099995, -23.467479684310046], [-50.66360158399994, -23.467483377310046], [-50.66359497999997, -23.467485830310093], [-50.66358802599996, -23.467486947310036], [-50.66358098599994, -23.467486686310068], [-50.66357413299993, -23.467485057310068], [-50.66257604599997, -23.46714141631005], [-50.66257518899994, -23.467141109310052], [-50.66187324799995, -23.46687936831008], [-50.66186886999998, -23.466877393310053], [-50.661000366999986, -23.46641339831011], [-50.66099786799998, -23.466411931310105], [-50.66033167499995, -23.465983664310098], [-50.65951180999997, -23.465460851310123], [-50.65890925799993, -23.465130038310132], [-50.658108169999934, -23.46488133431013], [-50.65810167899997, -23.464878596310104], [-50.65809584799996, -23.464874644310115], [-50.65809089999994, -23.464869631310098], [-50.65808702399995, -23.464863749310116], [-50.65808437099997, -23.464857224310112], [-50.65808304199993, -23.464850306310115], [-50.65808308799996, -23.464843262310136], [-50.658084506999955, -23.464836363310116], [-50.65808724499993, -23.46482987331014], [-50.65809119599999, -23.464824041310145], [-50.65809620899996, -23.464819093310112], [-50.65810209099993, -23.464815218310118], [-50.65810861699998, -23.464812564310098], [-50.65811553399993, -23.46481123531011], [-50.65812257799996, -23.464811281310133], [-50.65812947799998, -23.46481270031013], [-50.65813149099995, -23.46481332531013], [-50.65813121299993, -23.46481177831011], [-50.65813134199993, -23.46480473531013], [-50.658132842999976, -23.464797853310145], [-50.658135657999935, -23.464791396310105], [-50.65813967799995, -23.464785612310113], [-50.65814474899997, -23.464780723310145]]], [[[-50.66646823499997, -23.461689239310175], [-50.666883536999926, -23.461726028310217], [-50.666890458999944, -23.461727334310204], [-50.66689699299996, -23.46172996631017], [-50.66690288799999, -23.461733822310208], [-50.666907916999946, -23.461738753310193], [-50.66691188799995, -23.46174457231021], [-50.66691464799993, -23.46175105331016], [-50.66691608999997, -23.46175794731019], [-50.66691615899999, -23.461764991310154], [-50.666914851999934, -23.461771913310177], [-50.666912220999954, -23.461778447310195], [-50.66690836499998, -23.461784342310207], [-50.66690343299995, -23.46178937231016], [-50.666897614999975, -23.46179334231018], [-50.66689113399997, -23.461796102310217], [-50.66688423899996, -23.461797544310205], [-50.66687719599997, -23.461797613310203], [-50.66646753099997, -23.461761323310185], [-50.665966095999984, -23.46187560731018], [-50.66595910799998, -23.461876492310207], [-50.66595208199994, -23.46187599631017], [-50.66594528699994, -23.461874139310186], [-50.665938984999976, -23.46187099231016], [-50.66593341799995, -23.46186667631016], [-50.66592879999997, -23.461861357310195], [-50.66592530799995, -23.461855239310204], [-50.665923076999945, -23.46184855831021], [-50.66592219299998, -23.461841570310206], [-50.665922688999956, -23.46183454331018], [-50.66592454599999, -23.46182774831018], [-50.66592769299995, -23.461821446310214], [-50.66593200899996, -23.461815879310194], [-50.665937327999984, -23.461811261310203], [-50.66594344499998, -23.46180777031017], [-50.66595012699997, -23.46180553931017], [-50.66645707999998, -23.461689997310177], [-50.666462627999984, -23.46168918231021], [-50.66646823499997, -23.461689239310175]]], [[[-50.67094834999994, -23.475691021309895], [-50.671725298999945, -23.47592658130986], [-50.672209426999984, -23.47604509330988], [-50.67264441399993, -23.47606614130989], [-50.67341772299995, -23.475924249309855], [-50.67411659399994, -23.475767360309867], [-50.67412446499998, -23.475766487309894], [-50.67472408899994, -23.475766487309894], [-50.67473426299994, -23.47576795730987], [-50.67540062299997, -23.47596467830987], [-50.67540714999996, -23.475967325309842], [-50.67541303599995, -23.475971195309842], [-50.67541805399998, -23.475976138309868], [-50.67542201099997, -23.475981966309853], [-50.67542475499994, -23.47598845330986], [-50.67542618099998, -23.47599535230988], [-50.675426233999985, -23.476002395309866], [-50.675424910999936, -23.47600931430985], [-50.67542226399996, -23.476015842309884], [-50.67541839399996, -23.476021728309885], [-50.67541345099994, -23.47602674630985], [-50.675407622999955, -23.47603070330989], [-50.67540113599995, -23.476033447309863], [-50.67539423799997, -23.476034873309853], [-50.675387193999946, -23.47603492530987], [-50.675380274999945, -23.476033602309876], [-50.674718895999945, -23.475838352309893], [-50.674128447999976, -23.475838352309893], [-50.67343277399994, -23.475994524309886], [-50.67343138799998, -23.475994807309856], [-50.67265330399994, -23.476137574309845], [-50.67264508299996, -23.47613812230986], [-50.672202502999944, -23.476116707309856], [-50.67219569599996, -23.47611571930985], [-50.67170726399996, -23.475996153309893], [-50.67170634099994, -23.47599582830986], [-50.67170538199997, -23.475995638309872], [-50.67093384499998, -23.475761719309897], [-50.669941281999975, -23.47583194030988], [-50.669934240999964, -23.475831746309886], [-50.66992737299994, -23.475830182309892], [-50.669920941999976, -23.47582730830987], [-50.66991519499993, -23.475823235309853], [-50.66991035299997, -23.475818118309864], [-50.66990660199997, -23.475812156309868], [-50.66990408699996, -23.475805576309877], [-50.66990290399996, -23.475798632309882], [-50.66990309799996, -23.47579159130987], [-50.66990466199997, -23.47578472330985], [-50.66990753499993, -23.47577829230988], [-50.66991160899994, -23.475772545309898], [-50.66991672499994, -23.475767703309888], [-50.66992268699993, -23.475763952309883], [-50.66992926699999, -23.475761437309874], [-50.66993621099993, -23.475760254309872], [-50.67093538899997, -23.47568956530989], [-50.67094193599996, -23.475689700309882], [-50.67094834999994, -23.475691021309895]]], [[[-50.692805144999966, -23.48531577330965], [-50.69233698299996, -23.48585038030967], [-50.69233184499995, -23.485855199309643], [-50.692325865999976, -23.485858923309642], [-50.69231927499993, -23.48586140930962], [-50.69231232599998, -23.48586256130966], [-50.692305285999964, -23.485862336309648], [-50.69229842499993, -23.485860741309637], [-50.692292006999935, -23.485857839309627], [-50.69228627799999, -23.48585374030966], [-50.69228145899996, -23.485848602309662], [-50.69227773499995, -23.485842623309612], [-50.69227524899998, -23.485836032309642], [-50.692274096999945, -23.485829083309635], [-50.69227432199994, -23.48582204330966], [-50.69227591699996, -23.485815181309647], [-50.69227881899997, -23.485808763309645], [-50.69228291799993, -23.485803035309623], [-50.69275325499996, -23.48526594430969], [-50.69275802199996, -23.485261413309686], [-50.69343515699996, -23.484726834309658], [-50.69361663799998, -23.48456111530968], [-50.69362227999994, -23.484556898309705], [-50.69362863699996, -23.484553862309692], [-50.693635462999964, -23.484552125309705], [-50.69364249799997, -23.484551754309646], [-50.69364946899998, -23.484552761309693], [-50.69365610999995, -23.484555110309685], [-50.69366216599996, -23.48455870830967], [-50.69366740199996, -23.484563419309694], [-50.693671619999975, -23.484569062309692], [-50.69367465499993, -23.484575418309664], [-50.69367639199998, -23.484582245309667], [-50.69367676399998, -23.484589279309684], [-50.69367575599994, -23.4845962503097], [-50.69367340799994, -23.484602891309663], [-50.69366980899997, -23.484608947309685], [-50.69366509799994, -23.484614184309653], [-50.69348266399992, -23.484780772309666], [-50.69348069999995, -23.48478244030964], [-50.692805144999966, -23.48531577330965]]], [[[-50.69515281099995, -23.487851270309598], [-50.69549115399997, -23.4879862333096], [-50.69549740999997, -23.487989471309632], [-50.695502912999984, -23.48799386830963], [-50.69550745299995, -23.487999254309617], [-50.69551085499995, -23.48800542230959], [-50.69551298799996, -23.488012135309603], [-50.69551377099998, -23.488019136309628], [-50.69551317199995, -23.488026154309583], [-50.695511215999936, -23.488032921309586], [-50.695507977999966, -23.488039177309584], [-50.695503580999976, -23.488044680309613], [-50.69549819499997, -23.48804922030963], [-50.69549202699994, -23.488052622309585], [-50.69548531399993, -23.488054755309584], [-50.695478313999956, -23.488055537309613], [-50.69547129499994, -23.48805493930957], [-50.695464527999945, -23.488052983309625], [-50.69512561499994, -23.48791779430958], [-50.69512448399996, -23.48791732030959], [-50.694539135999946, -23.487660338309603], [-50.69453868599993, -23.487660137309614], [-50.69410525699993, -23.48746270230961], [-50.69410379499993, -23.48746199530964], [-50.69397962399995, -23.4873985083096], [-50.69397369699993, -23.4873947023096], [-50.69396862599995, -23.487389813309633], [-50.69396460599995, -23.487384028309595], [-50.69396179199998, -23.487377571309622], [-50.69396029199998, -23.48737068830959], [-50.69396016399998, -23.487363645309614], [-50.693961411999965, -23.48735671330959], [-50.69396398899994, -23.48735015730963], [-50.693967794999935, -23.48734423030961], [-50.69397268399996, -23.487339159309638], [-50.69397846799995, -23.487335139309636], [-50.69398492599999, -23.487332325309605], [-50.69399180799996, -23.48733082530961], [-50.69399885099995, -23.487330697309595], [-50.69400578399995, -23.48733194530964], [-50.69401233999997, -23.487334521309627], [-50.69413578699994, -23.487397639309634], [-50.694568251999954, -23.487594634309588], [-50.69515281099995, -23.487851270309598]]], [[[-50.66770081799996, -23.468297456310026], [-50.66810131899996, -23.468481086310007], [-50.668107403999954, -23.46848463531005], [-50.66811267899994, -23.468489303310026], [-50.668116941999976, -23.468494911310067], [-50.668120028999965, -23.46850124231002], [-50.66812182199993, -23.46850805431005], [-50.66812225099995, -23.468515085310045], [-50.66812130099999, -23.468522065310015], [-50.66811900699998, -23.46852872531002], [-50.668115456999935, -23.46853480931002], [-50.66811078899997, -23.468540085310043], [-50.66810518199997, -23.468544348310033], [-50.66809884999997, -23.468547435310022], [-50.66809203799994, -23.46854922731005], [-50.668085006999945, -23.468549657310053], [-50.66807802799997, -23.468548706310045], [-50.66807136799997, -23.468546412310037], [-50.667671782999946, -23.468363203310048], [-50.66743048899997, -23.46826857831007], [-50.66695965599996, -23.468099078310047], [-50.66640295899998, -23.468056618310076], [-50.66639974599996, -23.46805622631007], [-50.66569362499996, -23.467937750310067], [-50.66517770199993, -23.467937922310057], [-50.66517069199995, -23.467937234310057], [-50.66516395099996, -23.46793519131006], [-50.66515773699996, -23.46793187331002], [-50.66515229099997, -23.46792740631003], [-50.66514781999995, -23.467921963310072], [-50.66514449799996, -23.467915751310038], [-50.66514245099995, -23.467909011310045], [-50.66514175799995, -23.467902002310044], [-50.66514244599995, -23.467894991310068], [-50.665144487999946, -23.467888250310068], [-50.66514780699998, -23.467882036310076], [-50.66515227399998, -23.467876590310027], [-50.66515771699994, -23.467872119310076], [-50.66516392799997, -23.467868797310018], [-50.66517066799997, -23.467866750310073], [-50.66517767799997, -23.46786605731006], [-50.66569659999993, -23.467865883310022], [-50.665702557999964, -23.467866379310063], [-50.66641003999996, -23.467985084310047], [-50.66696997699995, -23.46802779131002], [-50.66697941499996, -23.468029811310036], [-50.667455307999944, -23.46820113231007], [-50.667456254999934, -23.468201488310054], [-50.667698959999946, -23.46829666731002], [-50.66770081799996, -23.468297456310026]]], [[[-50.684353821999935, -23.475622662309885], [-50.68437511799993, -23.47561949730988], [-50.68438215399994, -23.47561914930987], [-50.68438912199996, -23.47562018130986], [-50.68439575499997, -23.47562255230986], [-50.68440179799995, -23.47562617130989], [-50.684407017999945, -23.47563090030985], [-50.684411215999944, -23.475636556309894], [-50.68441422999996, -23.475642923309866], [-50.684415942999976, -23.47564975630986], [-50.684416290999934, -23.475656791309863], [-50.68441525999997, -23.47566375930989], [-50.684412888999994, -23.475670392309894], [-50.684409268999964, -23.47567643530989], [-50.684404539999946, -23.47568165630986], [-50.68439888399996, -23.475685854309855], [-50.68439251699994, -23.475688867309877], [-50.68438568499993, -23.47569058130989], [-50.68436438899994, -23.4756937473099], [-50.68366114199995, -23.475798283309867], [-50.68262475899997, -23.47601697030989], [-50.68262272299995, -23.476017338309866], [-50.681681755999925, -23.476159909309896], [-50.680848097999956, -23.47634937730986], [-50.679927378999935, -23.47671007130984], [-50.67992727699993, -23.476710111309874], [-50.67988066199996, -23.47672820830983], [-50.679873876999984, -23.476730101309872], [-50.679866852999965, -23.47673063430987], [-50.679859859999965, -23.476729787309836], [-50.679853166999976, -23.476727592309867], [-50.67984703099995, -23.47672413330983], [-50.67984168699996, -23.476719544309873], [-50.67983734099994, -23.476714000309844], [-50.67983416099998, -23.476707715309868], [-50.67983226699994, -23.476700930309878], [-50.67983173399995, -23.476693906309865], [-50.679832580999964, -23.476686914309866], [-50.67983477599996, -23.476680220309877], [-50.679838234999984, -23.47667408430985], [-50.679842823999934, -23.476668740309872], [-50.67984836799996, -23.476664395309825], [-50.67985465299996, -23.47666121430987], [-50.679901216999944, -23.476643137309825], [-50.680824395999934, -23.47628147930986], [-50.68082953999993, -23.476279897309876], [-50.68166710999998, -23.476089540309882], [-50.68166969099997, -23.476089052309867], [-50.68261093399996, -23.475946439309897], [-50.683647365999946, -23.475727742309857], [-50.68364950199998, -23.47572735930987], [-50.684353821999935, -23.475622662309885]]], [[[-50.65655506599995, -23.46496292231013], [-50.65657207099998, -23.46496126931011], [-50.65657911499994, -23.464961278310124], [-50.65658602199995, -23.4649626613101], [-50.65659252599994, -23.464965365310107], [-50.656598377999956, -23.464969286310136], [-50.65660335299998, -23.46497427331008], [-50.65660725899994, -23.464980135310114], [-50.656609945999946, -23.46498664631009], [-50.656611311999946, -23.464993557310102], [-50.65661130299998, -23.465000601310138], [-50.65660991999994, -23.465007508310133], [-50.65660721599994, -23.46501401231014], [-50.65660329499997, -23.46501986431009], [-50.65659830799996, -23.465024838310125], [-50.656592445999934, -23.465028744310086], [-50.65658593399996, -23.465031432310138], [-50.65657902399993, -23.465032797310144], [-50.65656201899998, -23.465034450310114], [-50.65643866299996, -23.465046441310125], [-50.65544122099993, -23.465761588310098], [-50.65417629499996, -23.467253067310054], [-50.654082262999964, -23.468569518310062], [-50.654364903999976, -23.470226141309993], [-50.654365402999986, -23.47023316831003], [-50.654364520999934, -23.47024015631002], [-50.65436229199997, -23.470246839310004], [-50.65435880299998, -23.470252958309977], [-50.654354186999974, -23.470258278310002], [-50.65434862199999, -23.470262596309972], [-50.654342320999945, -23.470265746309977], [-50.65433552699994, -23.47026760530998], [-50.654328500999945, -23.47026810430998], [-50.65432151199996, -23.470267222309996], [-50.65431482999997, -23.470264993309986], [-50.654308710999935, -23.470261504309985], [-50.65430338999994, -23.470256888309965], [-50.654299071999965, -23.47025132330999], [-50.65429592299995, -23.470245022310007], [-50.654294062999945, -23.47023822831], [-50.654010691999986, -23.46857732931004], [-50.65401027099995, -23.46856872531001], [-50.654105449999975, -23.467236227310046], [-50.65410677799997, -23.467228788310038], [-50.65410963199998, -23.467221791310084], [-50.65411388699994, -23.467215546310076], [-50.65538927799997, -23.465711726310072], [-50.655395744999964, -23.465705765310073], [-50.656404635999934, -23.46498240931011], [-50.656410041999955, -23.464979209310133], [-50.65641592199995, -23.464977000310114], [-50.65642209699996, -23.46497584831009], [-50.65655506599995, -23.46496292231013]]], [[[-50.692093317999934, -23.49223663930947], [-50.69215602499997, -23.4926083603095], [-50.69215650999996, -23.492615387309478], [-50.692155614999926, -23.492622374309473], [-50.692153373999986, -23.49262905230952], [-50.692149873999945, -23.49263516430951], [-50.692145247999974, -23.492640477309486], [-50.692139673999975, -23.49264478430952], [-50.692133367999986, -23.492647922309477], [-50.69212656999997, -23.492649769309487], [-50.69211954299994, -23.492650254309485], [-50.692112555999984, -23.492649359309507], [-50.69210587799996, -23.492647118309506], [-50.692099764999966, -23.49264361730947], [-50.69209445299999, -23.49263899130951], [-50.69209014499995, -23.4926334183095], [-50.69208700799993, -23.492627111309517], [-50.69208516099996, -23.492620314309487], [-50.692021360999945, -23.49224211330951], [-50.69202086399997, -23.492235640309524], [-50.69202153899994, -23.492229184309476], [-50.69205449499997, -23.49206204830952], [-50.69208941499994, -23.491684918309524], [-50.69196996399995, -23.491249274309542], [-50.691856411999936, -23.490887325309526], [-50.691658802999946, -23.490407419309527], [-50.69148294699993, -23.49016825530955], [-50.69148251799998, -23.49016765930953], [-50.69126955599995, -23.48986526930954], [-50.69126679499994, -23.489860648309588], [-50.69100981399999, -23.489346685309588], [-50.69100836299999, -23.48934337930959], [-50.690827523999985, -23.488867487309612], [-50.69082593099995, -23.488862025309558], [-50.69072123399997, -23.48835757930959], [-50.69072051699994, -23.48835178930961], [-50.690701554999976, -23.487901444309625], [-50.690673968999924, -23.487705166309592], [-50.69066292399998, -23.487634456309614], [-50.69066252399995, -23.487627423309632], [-50.690663503999986, -23.487620448309606], [-50.690665825999986, -23.48761379730958], [-50.690669399999926, -23.487607728309587], [-50.69067409099995, -23.487602472309632], [-50.69067971599997, -23.487598233309615], [-50.69068605999996, -23.487595172309586], [-50.690692879999965, -23.487593408309596], [-50.69069991199996, -23.48759300830961], [-50.690706887999966, -23.487593988309598], [-50.690713537999954, -23.487596310309595], [-50.69071960799994, -23.4875998853096], [-50.69072486299996, -23.48760457530962], [-50.69072910299997, -23.487610200309597], [-50.69073216399994, -23.48761654430964], [-50.690733927999986, -23.487623364309584], [-50.69074501599994, -23.487694346309603], [-50.69074509699993, -23.487694891309637], [-50.69077296499995, -23.487893179309605], [-50.69077328199995, -23.48789666830961], [-50.69079219499997, -23.488345841309588], [-50.69089571699993, -23.488844627309614], [-50.69107489999994, -23.48931616230957], [-50.69132986699998, -23.489826095309546], [-50.69154106299994, -23.49012597830956], [-50.69171930499994, -23.490368388309562], [-50.69172358199995, -23.490375992309524], [-50.69192345699997, -23.490861402309523], [-50.69192451499999, -23.49086432830956], [-50.69203872999998, -23.4912283853095], [-50.69203909799995, -23.49122963930956], [-50.69216045099995, -23.4916722193095], [-50.692161591999934, -23.491678576309525], [-50.69216157699998, -23.4916850343095], [-50.69212588499993, -23.492070507309542], [-50.69212535899993, -23.49207414530949], [-50.692093317999934, -23.49223663930947]]]]}, "properties": {"objectid": 8726793, "cod_tema": "RIO_ATE_10", "nom_tema": "Curso d'agua natural de ate 10 metros", "cod_imovel": "PR-4126009-950975FD4C98483D8147792940690205", "ind_status": "AT", "des_condic": "Aguardando analise", "Shape__Area": 3.5602897326186077e-06, "Shape__Length": 0.10020599774670465}}, {"type": "Feature", "id": 8726794, "geometry": {"type": "MultiPolygon", "coordinates": [[[[-50.68945169299997, -23.48529521630964], [-50.689543063999956, -23.485342805309656], [-50.689642049999975, -23.485375166309677], [-50.68973913199994, -23.48538658730968], [-50.68983621399997, -23.48542656230968], [-50.689950427999975, -23.48545701930966], [-50.69001705299996, -23.485487476309636], [-50.69010080999993, -23.485504609309665], [-50.69019408499997, -23.48549699430965], [-50.690300683999965, -23.485550294309643], [-50.69036350199997, -23.48558836630964], [-50.69042155099999, -23.485650628309664], [-50.69055509799995, -23.48570178630967], [-50.690680019999945, -23.485689888309654], [-50.69080494099996, -23.485689888309654], [-50.69097150399995, -23.48574937530964], [-50.691043726999965, -23.48581557930964], [-50.69116807699999, -23.485850899309643], [-50.69128419499998, -23.48588135730966], [-50.691383180999935, -23.485904199309626], [-50.69142505899998, -23.485885164309654], [-50.691501201999976, -23.485930849309618], [-50.691543079999974, -23.48590800630968], [-50.69163445199996, -23.485957499309624], [-50.69172201599997, -23.48600318530963], [-50.69181909799995, -23.485999378309646], [-50.69188191599994, -23.48599747430967], [-50.691992322999965, -23.48604125630964], [-50.69208390199998, -23.48606465330966], [-50.692173131999944, -23.48593378330963], [-50.69227460899998, -23.485854366309624], [-50.69227433599996, -23.485854076309632], [-50.69226968099997, -23.485846602309667], [-50.69226657399997, -23.485838363309654], [-50.692265132999985, -23.48582967730965], [-50.69226541499995, -23.485820876309674], [-50.692267407999964, -23.485812300309643], [-50.69227103599996, -23.485804277309622], [-50.69227615999995, -23.48579711630964], [-50.692372896999984, -23.48582300430962], [-50.692411077999964, -23.485820759309654], [-50.692511472999975, -23.485952858309634], [-50.69254740499997, -23.485955008309638], [-50.69257952799995, -23.48598118230967], [-50.69262116799996, -23.486002597309653], [-50.69263901399995, -23.486034720309643], [-50.69268541399998, -23.486063273309636], [-50.692733002999944, -23.48609539630961], [-50.69275343399994, -23.48616177630963], [-50.692944076999936, -23.48632163530963], [-50.69324745799997, -23.486630965309633], [-50.69328057599994, -23.486622422309644], [-50.69330318099998, -23.486641458309617], [-50.69334482199997, -23.486672391309618], [-50.69337694499995, -23.486697375309614], [-50.69343762099993, -23.48674853330963], [-50.69349234799995, -23.4867913643096], [-50.69358276799994, -23.4868437123096], [-50.693614406999984, -23.48689928730963], [-50.69389711599996, -23.48706083530962], [-50.69392848999996, -23.487162974309594], [-50.693957042999955, -23.48724863430962], [-50.69396085099999, -23.48730954930962], [-50.693922778999934, -23.487338102309618], [-50.69385425099995, -23.4873419093096], [-50.69374765099997, -23.48734952430962], [-50.693625822999934, -23.4873419093096], [-50.693530643999964, -23.487334295309633], [-50.69343165899995, -23.487313356309603], [-50.69334790099998, -23.48730574230964], [-50.69326224099996, -23.48728289930963], [-50.693132797999965, -23.487275284309614], [-50.693049040999945, -23.48728860930961], [-50.69299193399996, -23.48728860930961], [-50.69291388799997, -23.48729432030965], [-50.69284916599997, -23.487301934309613], [-50.692793962999986, -23.487286706309607], [-50.69271401299994, -23.4872771883096], [-50.692681651999976, -23.487286706309607], [-50.69258837799998, -23.48727909230958], [-50.69256172799992, -23.487265767309584], [-50.69250842799994, -23.48724292430964], [-50.69242467099997, -23.487250538309603], [-50.692361852999966, -23.48724292430963], [-50.69231807099993, -23.487231502309637], [-50.69223050699998, -23.48726005630963], [-50.69216388199993, -23.48725624930963], [-50.69205157099998, -23.487250538309603], [-50.69196464099998, -23.487231502309633], [-50.691856137999935, -23.48726576730959], [-50.69172098499997, -23.48729432030964], [-50.69164293799998, -23.487292417309646], [-50.69158012099996, -23.487317163309584], [-50.691524836999974, -23.487317163309584], [-50.69140306299994, -23.487318247309613], [-50.69130598099997, -23.487363933309627], [-50.691197477999935, -23.487386776309638], [-50.69112514199998, -23.487396294309598], [-50.69108135999994, -23.487436269309594], [-50.69102615699995, -23.487451497309582], [-50.69095953199996, -23.487502894309632], [-50.69089480999997, -23.48754477230962], [-50.69082226099994, -23.487603489309627], [-50.690797753999966, -23.487633155309613], [-50.69074635699997, -23.48764267330963], [-50.69067973299997, -23.48762934830963], [-50.690580746999956, -23.48761221630959], [-50.69048366499993, -23.487562723309587], [-50.69045320799996, -23.487522748309587], [-50.69041703999995, -23.48747515930963], [-50.69037706499995, -23.487454220309605], [-50.690327571999944, -23.48746183430963], [-50.690294139999935, -23.48743863530963], [-50.690259509999976, -23.487357831309584], [-50.69024047399995, -23.487176992309596], [-50.690229569999985, -23.48710367730965], [-50.69011357099998, -23.487044190309607], [-50.690039212999984, -23.487029319309645], [-50.689917265999945, -23.486984704309613], [-50.68976854899995, -23.486943063309614], [-50.68964065299997, -23.4868925003096], [-50.68959306399995, -23.486844910309607], [-50.68948301399996, -23.486755681309646], [-50.689328348999936, -23.486648605309625], [-50.689188555999976, -23.48652963230965], [-50.68908742899998, -23.48646717130962], [-50.68897217599994, -23.486379482309623], [-50.688934237999945, -23.486333955309636], [-50.68891495699995, -23.486277647309624], [-50.68889791699996, -23.486240602309625], [-50.68889661999998, -23.486237782309665], [-50.68888759399994, -23.48621816030964], [-50.68887926599995, -23.48617533030966], [-50.68888334099995, -23.48611963630964], [-50.688895334999984, -23.486105243309623], [-50.68889533499998, -23.48602791030964], [-50.688914919999945, -23.48596083630963], [-50.688903498999935, -23.485922765309613], [-50.68885400599999, -23.485905633309635], [-50.68881022399995, -23.48588659730967], [-50.68878547799994, -23.485840911309648], [-50.68876453899998, -23.485804744309632], [-50.68874359899996, -23.485785708309667], [-50.68874359899996, -23.48574573330967], [-50.68871504599997, -23.485762865309656], [-50.688688395999975, -23.485736215309664], [-50.68862557799998, -23.485741926309636], [-50.688576084999966, -23.48572669730964], [-50.68852088199998, -23.485762865309656], [-50.68847900299995, -23.485779997309635], [-50.68844283499994, -23.485749540309662], [-50.68840095699994, -23.485722890309656], [-50.68835336799998, -23.48569624030967], [-50.68830768199996, -23.485654362309674], [-50.688277224999986, -23.48562961530968], [-50.688237249999986, -23.485610580309643], [-50.68815464499994, -23.48562375230966], [-50.68812189099998, -23.48562633830966], [-50.68796722599996, -23.48565965030963], [-50.68787204799998, -23.485657271309663], [-50.68780066399995, -23.48563109730964], [-50.687686449999944, -23.48560254330966], [-50.687557958999946, -23.485543057309666], [-50.687496092999936, -23.485471673309636], [-50.68744612399996, -23.485435981309656], [-50.687387704999935, -23.48543059130965], [-50.687336787999975, -23.48535571330969], [-50.68730515599999, -23.485321115309677], [-50.68728943899998, -23.485264441309663], [-50.68725374799993, -23.485185919309636], [-50.68717284599995, -23.48512643230966], [-50.687125256999934, -23.48508122230966], [-50.68711020699993, -23.485058594309653], [-50.68710068899998, -23.485054073309666], [-50.68703882299997, -23.485016001309663], [-50.68698647499997, -23.484973171309683], [-50.68693174699996, -23.48493510030968], [-50.68686988099995, -23.48491130530968], [-50.686812773999975, -23.484880372309668], [-50.68674376999997, -23.484863716309658], [-50.68670093899994, -23.484875613309686], [-50.686667626999956, -23.48485181930968], [-50.68661765799993, -23.484820886309684], [-50.68656768899995, -23.48481374730968], [-50.68652485899997, -23.48478995330966], [-50.68646775199994, -23.48475664030965], [-50.68639874799994, -23.484728087309648], [-50.68637019399995, -23.48473998430971], [-50.68631784599995, -23.484725707309646], [-50.68626073899998, -23.48471143030965], [-50.686244082999956, -23.484678118309684], [-50.68620839099998, -23.484661462309674], [-50.68616080199996, -23.48464480630966], [-50.68611797099993, -23.484637667309666], [-50.68606086399996, -23.48460673430966], [-50.68598947999993, -23.484597216309645], [-50.68594902999996, -23.48454962730969], [-50.68587030699996, -23.484450618309694], [-50.68585640599998, -23.48443131230968], [-50.685811195999975, -23.48435992830966], [-50.685718000999934, -23.48420109930968], [-50.68570015499995, -23.484123767309693], [-50.685613898999975, -23.484019665309667], [-50.68554548999998, -23.483948281309708], [-50.68548298899998, -23.48385952930969], [-50.68548042799994, -23.483855892309673], [-50.68539677399997, -23.483737104309675], [-50.685274151999984, -23.48356173830973], [-50.685198960999976, -23.483483230309727], [-50.685195474999944, -23.483455401309694], [-50.68518500599998, -23.48343731730972], [-50.68515264499996, -23.48340114930971], [-50.685129801999956, -23.48337830630971], [-50.685109814999976, -23.483350705309697], [-50.685078405999946, -23.483316440309686], [-50.68506603299994, -23.483296453309716], [-50.68505365999994, -23.483281224309682], [-50.685027960999946, -23.483253623309675], [-50.68498798599996, -23.483241249309682], [-50.684940396999934, -23.48321840730972], [-50.68490042199994, -23.48318699830969], [-50.684848073999945, -23.48318033530972], [-50.684811905999936, -23.483157492309722], [-50.684790014999976, -23.48312513230969], [-50.68471196899998, -23.48308801230968], [-50.68466818699994, -23.483050892309684], [-50.684582525999986, -23.48301377330972], [-50.68448044699994, -23.482956765309734], [-50.68443285799998, -23.4829234533097], [-50.68437575099994, -23.48289370930969], [-50.68432221299997, -23.48286515630969], [-50.68425201899998, -23.482840171309718], [-50.68416635899995, -23.482808049309714], [-50.68411163099996, -23.482785444309698], [-50.68405214399996, -23.48276164930969], [-50.68397957099995, -23.482720009309734], [-50.68389985899994, -23.482677178309714], [-50.68379516299996, -23.48260936430975], [-50.68372853799997, -23.482565344309727], [-50.68370712299998, -23.4825463083097], [-50.68367856899994, -23.482523703309727], [-50.68365001599995, -23.48250585730973], [-50.68361908299994, -23.482484442309744], [-50.68359647799997, -23.482471355309734], [-50.68358695999996, -23.48244756030973], [-50.68357268299996, -23.4824178173097], [-50.68353104199998, -23.4823928333097], [-50.683488211999986, -23.48236546930971], [-50.683448950999946, -23.48235238230975], [-50.68337756699999, -23.48229765430975], [-50.68333354699996, -23.482256014309726], [-50.68329428599998, -23.482222701309723], [-50.683214573999976, -23.482179871309736], [-50.68312653399993, -23.482114436309725], [-50.68308608299998, -23.482088262309745], [-50.683040873999964, -23.482072795309737], [-50.68298987799995, -23.482064828309746], [-50.68302106699998, -23.48201224830976], [-50.683055402999976, -23.48195664030973], [-50.68314486999998, -23.481821486309723], [-50.68325146999996, -23.48164826230974], [-50.68332190199993, -23.48154546930975], [-50.683403755999954, -23.481419833309747], [-50.68348370599995, -23.481290391309745], [-50.68356365499994, -23.481172369309757], [-50.68363218399997, -23.481052444309736], [-50.683695001999986, -23.480953459309774], [-50.683723308999966, -23.480893695309756], [-50.68378814899995, -23.48089602030979], [-50.683966607999935, -23.480945989309753], [-50.68406654599994, -23.480981680309757], [-50.68414506799996, -23.481005475309757], [-50.68423312699997, -23.481073966309726], [-50.68427552599996, -23.48107520030976], [-50.68431002799997, -23.481084718309766], [-50.68434571999995, -23.481087098309775], [-50.68435761799998, -23.48110970230976], [-50.68440401699996, -23.481120410309753], [-50.68445041699994, -23.481120410309753], [-50.684471831999986, -23.48113468730974], [-50.684524179999976, -23.481176327309743], [-50.684563440999966, -23.481197742309735], [-50.68458485599996, -23.481221537309732], [-50.684633634999955, -23.481237004309765], [-50.684695500999965, -23.481251280309774], [-50.68473952099998, -23.481261988309754], [-50.684779971999944, -23.48128102430972], [-50.684828206999946, -23.481322813309745], [-50.68491940799999, -23.481324330309736], [-50.68499364799993, -23.481356690309767], [-50.68508121199994, -23.48139285830977], [-50.68508911899994, -23.481431200309757], [-50.685119089999944, -23.481447423309746], [-50.68515049899998, -23.481482639309753], [-50.68517714899997, -23.48152546930973], [-50.68520950899995, -23.481574010309743], [-50.685253290999974, -23.481604467309737], [-50.68528150799995, -23.48160083830974], [-50.685318388999974, -23.48160797730974], [-50.68537906599994, -23.481661515309757], [-50.685449259999984, -23.481671033309716], [-50.68549684899994, -23.48168887830973], [-50.685544437999965, -23.481709104309726], [-50.68558488899999, -23.48174003730972], [-50.68563009899998, -23.48176621130975], [-50.68566579099997, -23.481784057309742], [-50.68572289799994, -23.481776919309752], [-50.68577048699996, -23.48176621130975], [-50.68579904099994, -23.48179119530975], [-50.68583830199998, -23.481820939309756], [-50.68588470099997, -23.481835215309765], [-50.685931100999944, -23.48184354330974], [-50.68598582799996, -23.481892322309744], [-50.686026278999975, -23.481917307309722], [-50.68607862699997, -23.48194467130973], [-50.68612621599994, -23.481956568309773], [-50.68617400399995, -23.48198610830971], [-50.686209844999944, -23.48198799430972], [-50.686288367999964, -23.482055809309728], [-50.68645611999994, -23.48204153230974], [-50.68657033399995, -23.481991563309716], [-50.686741654999935, -23.481984425309715], [-50.68683802299995, -23.481945164309735], [-50.68692865999997, -23.481933834309732], [-50.68692928499996, -23.48196262830973], [-50.68691595999997, -23.481984519309755], [-50.68689216499995, -23.48200165130972], [-50.68686932199995, -23.482015927309728], [-50.686839816999964, -23.482025445309738], [-50.68681697399995, -23.482052095309736], [-50.686815069999966, -23.482084456309703], [-50.68681126299998, -23.482125383309743], [-50.686802696999955, -23.48216345430976], [-50.68679413099995, -23.48221389930975], [-50.68680364899995, -23.482256729309736], [-50.68681586399998, -23.482311774309746], [-50.68681776699998, -23.482328906309725], [-50.68682347799995, -23.482364122309736], [-50.68683013999999, -23.48240219330975], [-50.68682347799995, -23.48242027730973], [-50.68683013999999, -23.4824469273097], [-50.686847271999966, -23.48246405930969], [-50.68685107999995, -23.482492613309727], [-50.68683489899996, -23.48251926330973], [-50.686828236999986, -23.48254972030971], [-50.68684060999993, -23.482596357309724], [-50.68685774199997, -23.48264109130971], [-50.68686630799994, -23.482676307309706], [-50.68687392199996, -23.482718186309697], [-50.68690261099994, -23.482747063309724], [-50.68690472699996, -23.482754894309725], [-50.68690287299995, -23.482809061309705], [-50.68691833899993, -23.48285189230973], [-50.686934994999945, -23.482918517309713], [-50.68694570299994, -23.482964916309697], [-50.68695403099997, -23.48302440330969], [-50.68695046199998, -23.48313147830971], [-50.686952840999936, -23.483196913309715], [-50.68695878999995, -23.483273056309713], [-50.68698800799996, -23.483341670309702], [-50.68704511499993, -23.48341543330968], [-50.68708794599996, -23.48352250930969], [-50.68714267299999, -23.483653379309708], [-50.68726164599997, -23.483865151309697], [-50.68734254799995, -23.48390560230972], [-50.687447243999934, -23.48392225830968], [-50.68748795999995, -23.483915994309694], [-50.68752841699995, -23.48388438730972], [-50.68755506699994, -23.48385964130971], [-50.68758933099997, -23.48381395530968], [-50.68763977599997, -23.483772077309705], [-50.687678051999974, -23.483827080309702], [-50.68767975099996, -23.483867255309676], [-50.68768831699998, -23.48389009830969], [-50.68770164199997, -23.483914844309695], [-50.68774419099998, -23.483942011309683], [-50.68774947699995, -23.484019547309664], [-50.687796312999986, -23.484055074309687], [-50.687817251999945, -23.48407315830966], [-50.68783343199993, -23.484096001309677], [-50.687875310999964, -23.48412360230968], [-50.68791623699996, -23.484147397309677], [-50.68791116199998, -23.48421043430969], [-50.68791242999998, -23.484240910309698], [-50.68791837899994, -23.484280171309685], [-50.687948121999966, -23.484345606309688], [-50.68796596799996, -23.484399144309666], [-50.68800825599993, -23.484452168309666], [-50.688026642999944, -23.484517837309653], [-50.68811656799994, -23.48452565230966], [-50.688137982999926, -23.484542308309667], [-50.68816891599994, -23.484572052309687], [-50.68819984899994, -23.484601795309654], [-50.68821943599993, -23.484650467309656], [-50.68824969899998, -23.484646886309662], [-50.688285390999965, -23.48465545230968], [-50.688305377999946, -23.4846897163097], [-50.68836962399996, -23.484699710309688], [-50.68841388199996, -23.484685433309703], [-50.68846670599999, -23.484686861309655], [-50.68847955499996, -23.484713986309675], [-50.68852952399993, -23.48475967230965], [-50.688589485999955, -23.484795364309683], [-50.68863517199998, -23.48482962830964], [-50.68868799599994, -23.484852471309658], [-50.688756523999984, -23.484889591309653], [-50.68883790199993, -23.48493242130964], [-50.68889072599995, -23.484966685309672], [-50.688962109999984, -23.48498381730965], [-50.68900636799998, -23.485020937309635], [-50.68905490899994, -23.485018082309658], [-50.689082034999956, -23.48504378030965], [-50.68912896199999, -23.485048881309652], [-50.68913589799997, -23.485049634309643], [-50.68914770799996, -23.48505091830965], [-50.68919223599994, -23.48505806730965], [-50.68922125599993, -23.48507716430966], [-50.68927106599995, -23.48509162530963], [-50.689270513999986, -23.485104016309673], [-50.689268949999985, -23.485139123309654], [-50.68929369699999, -23.48516767730969], [-50.68935270699995, -23.485205748309646], [-50.68939268199995, -23.48526095230967], [-50.68945169299997, -23.48529521630964]]], [[[-50.66350391399993, -23.467693009310057], [-50.663492660999964, -23.46769290431009], [-50.66349198199998, -23.467672534310058], [-50.66351292099995, -23.467632559310072], [-50.66353861899995, -23.467597343310054], [-50.66355670299998, -23.46756783831008], [-50.66356907599994, -23.467527863310075], [-50.66357954599994, -23.467497406310045], [-50.66359667799997, -23.467452672310063], [-50.66361856899994, -23.467421263310047], [-50.663635700999976, -23.467387950310087], [-50.66366806199995, -23.46737177031004], [-50.663708036999935, -23.46735463831006], [-50.66375372199997, -23.467347024310087], [-50.66378893899997, -23.46734607231004], [-50.66382399199995, -23.467346782310084], [-50.66382514099996, -23.467375351310093], [-50.66388938599994, -23.46745744231005], [-50.664053568999975, -23.467525257310065], [-50.664217751999956, -23.467553811310058], [-50.66442892899994, -23.46762281531005], [-50.66450031299998, -23.467607943310053], [-50.664646054999935, -23.467703122310073], [-50.66473528499995, -23.467765583310044], [-50.66483655999997, -23.467802042310044], [-50.66488400099996, -23.46781912131008], [-50.66490420499997, -23.46781530831004], [-50.66504163999996, -23.46778937731007], [-50.66516953599996, -23.467828043310025], [-50.665174874999934, -23.467864081310037], [-50.665142292999974, -23.46792994531005], [-50.665095177999945, -23.467955940310055], [-50.664940512999976, -23.467979734310063], [-50.66484830899998, -23.467884556310022], [-50.664779899999985, -23.46789942731005], [-50.66462225999992, -23.46786373531006], [-50.66447651799996, -23.467783429310042], [-50.66434862199998, -23.467768557310027], [-50.66428913599999, -23.46772513231003], [-50.664157075999974, -23.46774297831008], [-50.663914370999976, -23.46772156331003], [-50.66360028199994, -23.46771799331004], [-50.66350723499993, -23.467693870310043], [-50.66350391399993, -23.467693009310057]]], [[[-50.66914370699993, -23.468627600310057], [-50.66924364399995, -23.468663292310048], [-50.669345960999976, -23.468696604310008], [-50.66946493399996, -23.46875847031002], [-50.66955297399994, -23.468782265310033], [-50.66965529099997, -23.46880843931005], [-50.66983899099995, -23.468891306310052], [-50.66991785199997, -23.46893636931001], [-50.66989763899994, -23.469035095310044], [-50.66984410099997, -23.46912789331001], [-50.669740593999954, -23.469206416310026], [-50.66966257699994, -23.46921143631002], [-50.669606183999974, -23.469208580310042], [-50.66957691599998, -23.469184310310013], [-50.669559069999934, -23.469156470310036], [-50.66951052899998, -23.46914790431001], [-50.66948839999998, -23.469158612310007], [-50.669458418999966, -23.469150046310038], [-50.669451280999965, -23.46912363431003], [-50.669423440999935, -23.46911506831001], [-50.66938917699998, -23.469098649310045], [-50.66937275899994, -23.469092225309993], [-50.66936347899997, -23.469057960310046], [-50.669330641999984, -23.46905367731003], [-50.669296377999956, -23.46906438531002], [-50.669277103999946, -23.469050822310045], [-50.669254974999944, -23.469032262310048], [-50.669215713999954, -23.46902655231], [-50.66920429299996, -23.468990146310006], [-50.66920500699996, -23.468955168310043], [-50.66917859499995, -23.46891947631001], [-50.669135049999966, -23.46892161731004], [-50.66911149399994, -23.468954454310033], [-50.669109351999964, -23.468983007310026], [-50.66909793099995, -23.468989432310007], [-50.66907651599996, -23.468983721310025], [-50.66904938999994, -23.468967303310002], [-50.66902369199994, -23.46895659531001], [-50.668980860999966, -23.468953740310017], [-50.66894588299993, -23.468938749310023], [-50.66891661599993, -23.46894160531], [-50.66889305899998, -23.468935180310023], [-50.66886074599995, -23.46891538331003], [-50.66884361399996, -23.46888183331001], [-50.66880221099996, -23.46887897731004], [-50.668767946999935, -23.468888257310017], [-50.66873011399996, -23.468890399310038], [-50.668705842999934, -23.46888754331006], [-50.668685855999975, -23.46886969831005], [-50.66866515399994, -23.46884685531004], [-50.66861447199995, -23.468841144310023], [-50.66858663199997, -23.46882544031004], [-50.66855879299993, -23.468801883310032], [-50.66852452799998, -23.468801883310032], [-50.66850953799997, -23.468787606310034], [-50.668500257999945, -23.468759053310052], [-50.66846099699996, -23.468771902310024], [-50.668452430999935, -23.46877904031003], [-50.66843315699998, -23.468759053310052], [-50.66840745899997, -23.46875762531003], [-50.66834749599997, -23.46875762531003], [-50.668318942999974, -23.46874905931001], [-50.66829895499996, -23.468728358310024], [-50.668292530999956, -23.468705515310017], [-50.66828110899996, -23.468685527310054], [-50.668255053999985, -23.468695664310005], [-50.668236494999974, -23.468728500310014], [-50.668201515999954, -23.468733497310026], [-50.66815797199995, -23.468712796310047], [-50.66811514199998, -23.468722076310023], [-50.66809596999997, -23.468735525310016], [-50.668054394999956, -23.468698569310032], [-50.66808130399994, -23.46856402631003], [-50.668112423999965, -23.468481391310025], [-50.66819716299995, -23.46833451231004], [-50.668320412999954, -23.468311132310014], [-50.668434626999954, -23.468308752310055], [-50.668558358999974, -23.468315891310052], [-50.66861070699997, -23.468337306310048], [-50.66869160899996, -23.468361100310048], [-50.668772510999986, -23.46839203331006], [-50.668810581999935, -23.468446761310005], [-50.668908139999985, -23.468470555310024], [-50.668998558999924, -23.46851814531004], [-50.66908659899997, -23.46853956031002], [-50.669098496999936, -23.46857763131003], [-50.66914370699993, -23.468627600310057]]], [[[-50.689382301999956, -23.475272366309888], [-50.689342892999946, -23.475260172309913], [-50.68927793399996, -23.475253748309864], [-50.68924652499993, -23.475260886309872], [-50.689220826999986, -23.47527730430989], [-50.689185848999955, -23.475308713309868], [-50.68917826299998, -23.475345931309903], [-50.68902657299997, -23.47544408430986], [-50.68885406199996, -23.475586852309906], [-50.688794550999944, -23.475633003309888], [-50.68879400099997, -23.475633430309873], [-50.68870831999993, -23.475699876309868], [-50.68856852699998, -23.47578315730987], [-50.68838709299997, -23.475818849309853], [-50.68824135099993, -23.475821824309886], [-50.68811642899993, -23.47578315730987], [-50.687994481999965, -23.475741517309867], [-50.687896328999955, -23.475738542309895], [-50.68779222699994, -23.4757950553099], [-50.68771192099996, -23.4758456183099], [-50.68763756199996, -23.4759378223099], [-50.68754833299994, -23.47601812930986], [-50.68744125699993, -23.476098436309858], [-50.68729848899994, -23.476140077309864], [-50.68706649199998, -23.47616089730984], [-50.686891006999986, -23.476157922309863], [-50.686727418999965, -23.476104385309885], [-50.68652218999994, -23.476038949309885], [-50.68637049999995, -23.476000283309865], [-50.686233680999976, -23.47599433530984], [-50.68612660499997, -23.47598243730987], [-50.68578308599995, -23.475912758309892], [-50.685745890999954, -23.475902130309855], [-50.68561502099993, -23.475872387309884], [-50.685522816999935, -23.47588428430987], [-50.68540594499996, -23.47593972630989], [-50.68532409199997, -23.47592640130989], [-50.685206070999975, -23.475895944309844], [-50.685145155999976, -23.475857872309856], [-50.68507091699997, -23.475903558309874], [-50.68492434199993, -23.47591307630989], [-50.684791092999944, -23.475935919309897], [-50.68465784299997, -23.475945437309854], [-50.68456266399994, -23.475953051309876], [-50.68449794299995, -23.475934015309853], [-50.68447577699994, -23.475919009309845], [-50.68443674799994, -23.4758646193099], [-50.68442247099995, -23.475817505309852], [-50.68441818799994, -23.4757646813099], [-50.68439677299995, -23.475686159309866], [-50.68437964099997, -23.475607637309846], [-50.68436108099996, -23.475519121309908], [-50.68434568799996, -23.47546252930988], [-50.68439684499998, -23.475447063309904], [-50.68444412299993, -23.475436984309862], [-50.684468205999956, -23.475431849309874], [-50.68454075299997, -23.475416383309895], [-50.684664484999985, -23.475363083309908], [-50.68471778499997, -23.475363083309908], [-50.68488720299996, -23.47531168730991], [-50.68498809199997, -23.475264098309886], [-50.68506613799996, -23.475248869309898], [-50.68520012499994, -23.47525278130986], [-50.68532264399994, -23.475147742309915], [-50.68550699699995, -23.475128325309882], [-50.68557765299994, -23.4750812213099], [-50.68571447199997, -23.47501876030988], [-50.68573964199992, -23.4750043103099], [-50.68577672499998, -23.47488401930988], [-50.685794570999974, -23.474797763309894], [-50.68585405699997, -23.474821558309902], [-50.68590164699998, -23.47488699330992], [-50.68596113299998, -23.47491078730987], [-50.68600872199993, -23.47501488930989], [-50.68609497799998, -23.475065452309888], [-50.68618718199997, -23.4750951963099], [-50.686324000999946, -23.47511899030986], [-50.68649651199997, -23.4751219653099], [-50.686674970999945, -23.475086273309916], [-50.68681476499996, -23.475035709309854], [-50.68693076299997, -23.475035709309854], [-50.68703189099995, -23.47499406930992], [-50.68710029999994, -23.474955402309902], [-50.68720142699993, -23.47497027430992], [-50.687376911999934, -23.47497027430992], [-50.687543474999984, -23.47493458230987], [-50.687638652999965, -23.47488401930988], [-50.68773977999996, -23.474812635309913], [-50.68780521499997, -23.47473232830989], [-50.68788849599997, -23.47464012430989], [-50.687945008999975, -23.474577663309923], [-50.68799259799994, -23.474524125309898], [-50.688105621999966, -23.474497356309907], [-50.68815321199998, -23.47449140730989], [-50.68824541599997, -23.474515202309902], [-50.688325721999945, -23.47447356230989], [-50.68841802599997, -23.47442219930988], [-50.68842505499998, -23.474364209309922], [-50.68847859299995, -23.474303534309882], [-50.68857495999998, -23.474285688309898], [-50.68869534099998, -23.474291835309913], [-50.68909509099996, -23.474329906309915], [-50.689504357999965, -23.474253763309914], [-50.69001832199996, -23.47421569230992], [-50.690494212999965, -23.47411099630992], [-50.690760712999975, -23.474253763309914], [-50.69084520399997, -23.47428192730994], [-50.69088255199995, -23.474487541309916], [-50.690878982999955, -23.47467670830988], [-50.69081473799997, -23.474855168309908], [-50.69075049199995, -23.474905929309912], [-50.69070528299995, -23.474920206309903], [-50.69062438099997, -23.474944001309908], [-50.69052682299997, -23.474951139309905], [-50.69044354199997, -23.47496065730987], [-50.69038167599995, -23.47494876030989], [-50.69028173899994, -23.474929724309916], [-50.69023176999997, -23.47492258630992], [-50.69015800699998, -23.474951139309905], [-50.69009851999994, -23.475015385309874], [-50.69004141299996, -23.475074871309868], [-50.689991443999986, -23.475108184309878], [-50.689867711999966, -23.47515339330988], [-50.68969163199995, -23.475212880309886], [-50.68955838199997, -23.475243813309884], [-50.68945130699995, -23.475260469309898], [-50.689382301999956, -23.475272366309888]]], [[[-50.68053434699994, -23.48075952230977], [-50.68052759999994, -23.480755737309778], [-50.680449308999975, -23.48071181830977], [-50.680285125999944, -23.480586896309774], [-50.680181619999985, -23.480470065309767], [-50.68008168199998, -23.480338005309765], [-50.68005247099996, -23.480271794309786], [-50.68004738699995, -23.480260269309795], [-50.680028143999955, -23.480216652309775], [-50.679988882999965, -23.480138130309754], [-50.679962271999955, -23.480109472309802], [-50.679962219999936, -23.480072639309764], [-50.67994675299997, -23.480047654309793], [-50.67992414799994, -23.480034567309765], [-50.67988817199995, -23.480027642309793], [-50.67984254699996, -23.479966809309772], [-50.67974260899996, -23.479820472309783], [-50.67964980999995, -23.479731242309775], [-50.67957485699998, -23.479659858309816], [-50.679500140999956, -23.479615432309775], [-50.67948623199993, -23.47957323730978], [-50.679437690999976, -23.47954278030979], [-50.679384391999974, -23.479518034309788], [-50.67935107899995, -23.47950185330981], [-50.679313958999956, -23.479472348309773], [-50.67929206799993, -23.479444746309774], [-50.67925114199995, -23.479419048309776], [-50.67921808699998, -23.4794142783098], [-50.679156220999964, -23.47936668930978], [-50.67915543199996, -23.479339019309784], [-50.679139013999986, -23.47931546230982], [-50.679116884999985, -23.479316176309776], [-50.67909546899995, -23.479326884309817], [-50.679071912999966, -23.47933188130979], [-50.67904478699996, -23.479322601309796], [-50.67902551299994, -23.479312607309776], [-50.67901908899995, -23.479290478309775], [-50.67900338399995, -23.479276915309782], [-50.67897625799998, -23.47925978330981], [-50.67894270799997, -23.479248362309793], [-50.678920578999964, -23.479233371309803], [-50.678898449999956, -23.479227660309817], [-50.678870684999936, -23.479233439309812], [-50.67881357799996, -23.47915729630981], [-50.67878602099995, -23.47915729630981], [-50.67878245099996, -23.479121536309822], [-50.67876746099996, -23.479075851309776], [-50.678736765999986, -23.479070854309825], [-50.67871392299997, -23.47907942030978], [-50.67869250799998, -23.479083703309794], [-50.67867037899998, -23.47908941430982], [-50.678638633999974, -23.479089624309808], [-50.67856135499994, -23.479009770309787], [-50.678489971999966, -23.478938386309817], [-50.67842934699996, -23.478930478309767], [-50.67842516699995, -23.478903831309804], [-50.67842135999996, -23.478876230309798], [-50.67838995099998, -23.478863856309818], [-50.67836330099993, -23.47887051930978], [-50.67834408899995, -23.478880676309796], [-50.678256783999984, -23.478776582309802], [-50.678215776999934, -23.478744362309822], [-50.67821862999995, -23.478720137309825], [-50.678212918999975, -23.478698246309808], [-50.67819578699993, -23.478684921309807], [-50.678161709999976, -23.478691292309797], [-50.67812484299998, -23.478648605309836], [-50.678107033999936, -23.478632604309816], [-50.678097039999955, -23.478588346309827], [-50.67803850499996, -23.478565503309817], [-50.677988536999976, -23.47850839630978], [-50.67794142299994, -23.478462711309803], [-50.67794293199995, -23.47841537830981], [-50.677918900999934, -23.478367315309804], [-50.677852275999946, -23.478281654309797], [-50.67775439799993, -23.478236794309797], [-50.67776003699999, -23.47820173630981], [-50.67775242199997, -23.478179845309796], [-50.677703880999964, -23.478173182309828], [-50.677678811999954, -23.478176639309826], [-50.67760957099994, -23.4781150923098], [-50.67740969599999, -23.47796756630981], [-50.67728514599997, -23.477887992309835], [-50.67726536699996, -23.47781606530981], [-50.67721420799995, -23.47779583930981], [-50.677173756999935, -23.477775614309802], [-50.677140444999964, -23.47778989130984], [-50.67711987499996, -23.477812168309814], [-50.676873274999934, -23.477627813309827], [-50.67685770899994, -23.477580341309835], [-50.676826775999984, -23.47755892630984], [-50.67679222599998, -23.47756722130983], [-50.67674939599994, -23.47754580630983], [-50.67666016599997, -23.477463715309803], [-50.676614107999974, -23.47741174530985], [-50.67653558599995, -23.47739033030987], [-50.67645399999997, -23.47737799430987], [-50.67644601499996, -23.477367347309855], [-50.67639247699998, -23.47729596330983], [-50.67635673799998, -23.477254863309863], [-50.676356720999934, -23.477254844309826], [-50.676321092999956, -23.47721387130982], [-50.67629195999995, -23.47720739730985], [-50.67626936399995, -23.477163460309857], [-50.67620330999995, -23.47715676430984], [-50.676153340999974, -23.477099657309818], [-50.67607481899995, -23.47701756630986], [-50.67605260299996, -23.47697671630985], [-50.676025952999964, -23.476935789309866], [-50.67596123199996, -23.476944355309826], [-50.67592030499998, -23.476944355309815], [-50.675874040999986, -23.476946909309866], [-50.67583235199998, -23.476859808309854], [-50.67579137299998, -23.476846148309875], [-50.67575159299997, -23.47678464930985], [-50.67569829299998, -23.476752289309882], [-50.675650703999956, -23.476712314309825], [-50.67561468399998, -23.476708423309883], [-50.67557180099993, -23.476667071309834], [-50.67555982199997, -23.47665259630984], [-50.675486139999975, -23.476563565309874], [-50.67547041999995, -23.47655089530983], [-50.675444364999976, -23.476539117309855], [-50.675424733999925, -23.476527339309865], [-50.675408672999936, -23.47651698830984], [-50.67539225499997, -23.476513776309883], [-50.675372623999976, -23.476502354309883], [-50.67536941199995, -23.476491290309838], [-50.675341214999946, -23.476494145309843], [-50.67533458999998, -23.47649960030985], [-50.67532068199995, -23.476471784309854], [-50.67529588199995, -23.476477844309876], [-50.675287553999965, -23.47646118730988], [-50.67527922499995, -23.47642668530987], [-50.67526018999997, -23.47642906530989], [-50.675251081999924, -23.47643201230988], [-50.67525103199995, -23.47643202830988], [-50.67525283099996, -23.476397354309864], [-50.675254733999964, -23.476351669309835], [-50.67526329999998, -23.476301224309832], [-50.67528233599995, -23.476251731309894], [-50.67529815899997, -23.47623421230985], [-50.67532385799995, -23.476119998309844], [-50.67534098999994, -23.475967237309867], [-50.67537810899995, -23.475765935309887], [-50.67540237999998, -23.475626022309886], [-50.675458938999945, -23.47559866630985], [-50.67551593999996, -23.47560101530985], [-50.67555591499996, -23.475601728309876], [-50.67556162599993, -23.475581027309882], [-50.67559660399996, -23.475574603309894], [-50.675617304999946, -23.475593876309862], [-50.67564228899994, -23.47558459630989], [-50.67570653499996, -23.47558531030989], [-50.67571510099998, -23.47561315030987], [-50.67574294099996, -23.47561529130986], [-50.67581218299995, -23.47561671930987], [-50.67587500099995, -23.475622430309894], [-50.675907123999934, -23.475634565309864], [-50.675939245999984, -23.475656694309873], [-50.67596994099994, -23.4756738263099], [-50.67600563299994, -23.475661691309888], [-50.67605274699998, -23.475683106309873], [-50.676082013999974, -23.475714515309903], [-50.67612627199998, -23.475738785309883], [-50.67616053599994, -23.475755204309838], [-50.676140904999954, -23.47580013130988], [-50.676178562999944, -23.47585329630987], [-50.67624134699997, -23.475928363309883], [-50.67627609899995, -23.475938581309883], [-50.67631892899994, -23.47594905030984], [-50.67634367499994, -23.475932870309855], [-50.67633606099997, -23.475907172309856], [-50.67638364999993, -23.47589004030987], [-50.67641886599995, -23.475890992309864], [-50.67645408199996, -23.475890992309864], [-50.676470262999935, -23.475853872309866], [-50.67651118899994, -23.4758348363099], [-50.67654799199994, -23.475864104309892], [-50.67654323299996, -23.475889088309874], [-50.67653728399994, -23.475921211309863], [-50.67655750999995, -23.47595095430989], [-50.67654561199998, -23.475986646309867], [-50.67657297599993, -23.47599378430988], [-50.67660866799997, -23.476029476309854], [-50.67664554999993, -23.476053271309848], [-50.67667053399999, -23.47608420430986], [-50.676712173999924, -23.476116327309835], [-50.67675262499994, -23.476086583309893], [-50.676779988999954, -23.476059220309867], [-50.67680497299995, -23.476016389309834], [-50.676833526999985, -23.475989025309897], [-50.676871597999934, -23.476024717309876], [-50.67685851099998, -23.476055650309874], [-50.676868028999934, -23.47607825530985], [-50.67689063399997, -23.476097291309877], [-50.67689063399996, -23.476121085309885], [-50.67689896199994, -23.476162726309884], [-50.67694655099996, -23.476190090309878], [-50.67699651999993, -23.476222213309867], [-50.67706195499994, -23.476224592309833], [-50.67710716499994, -23.47622697230985], [-50.67717022099998, -23.476219833309848], [-50.677198773999976, -23.47626266330984], [-50.67722613799998, -23.476285268309873], [-50.67723446599996, -23.47633166830984], [-50.67725339499998, -23.476390072309854], [-50.677302263999934, -23.47643894030987], [-50.677332519999936, -23.47646438330985], [-50.677376400999954, -23.47645837430984], [-50.67745373399998, -23.47647503030985], [-50.67753582499995, -23.476455995309866], [-50.677554860999976, -23.476417923309885], [-50.677572706999975, -23.47635724730985], [-50.67759769099996, -23.476378662309838], [-50.67763695199994, -23.476386990309873], [-50.67761910599996, -23.476439338309874], [-50.67764171099997, -23.476482169309833], [-50.67769286899994, -23.476542845309872], [-50.67778685799993, -23.47655831130986], [-50.677838015999946, -23.47656782930987], [-50.67787251899995, -23.476610660309838], [-50.677917727999954, -23.476615419309873], [-50.67805811699998, -23.476618988309873], [-50.678125930999954, -23.47662255730987], [-50.67814496699998, -23.476584486309868], [-50.67816481999995, -23.476602553309867], [-50.67820527099996, -23.47663943530987], [-50.67817195799995, -23.476694162309833], [-50.67818980399994, -23.47670487030989], [-50.67822311699996, -23.476648952309837], [-50.678250480999964, -23.476667988309867], [-50.67826951599995, -23.476632296309873], [-50.67829331099995, -23.47665252230983], [-50.678309371999944, -23.476644194309852], [-50.67840455099997, -23.47665371130986], [-50.67849734999999, -23.476677506309876], [-50.678610557999946, -23.476691139309857], [-50.67866321399998, -23.476713690309815], [-50.67869057699994, -23.476735105309874], [-50.678725079999936, -23.476761279309844], [-50.67878218699997, -23.476777936309844], [-50.67884286299995, -23.476744623309834], [-50.67891305699993, -23.476752951309873], [-50.67892614399994, -23.47673391630983], [-50.678958266999985, -23.476748192309834], [-50.67904511699993, -23.47672320830984], [-50.67910936199996, -23.476694655309842], [-50.67918193599997, -23.47670655230983], [-50.67928187299998, -23.47667323930986], [-50.679363964999936, -23.476626840309827], [-50.679459142999974, -23.476632789309843], [-50.67953409599995, -23.476633978309827], [-50.67956859799994, -23.476606615309866], [-50.67963046399995, -23.476607804309857], [-50.67972088399994, -23.476613753309874], [-50.679791179999945, -23.47663405730984], [-50.67983260799998, -23.476666914309845], [-50.67984576599997, -23.476726445309826], [-50.679820781999986, -23.476772845309863], [-50.67980579099998, -23.476803540309866], [-50.67978723099998, -23.476837804309852], [-50.679762960999945, -23.47685422230987], [-50.67975582199995, -23.476893483309855], [-50.67974868399995, -23.476926320309843], [-50.67972603199996, -23.476928239309835], [-50.67971175499997, -23.476948227309858], [-50.67969367099994, -23.476989154309845], [-50.67967463499996, -23.477027225309847], [-50.67966130999997, -23.477057682309827], [-50.67964037099995, -23.477090043309847], [-50.67964227399995, -23.47711193430986], [-50.679614672999946, -23.477150957309867], [-50.679597540999964, -23.477169041309843], [-50.679586118999964, -23.477187125309825], [-50.67957184199997, -23.477213775309824], [-50.67956898699998, -23.47724042530987], [-50.67954328899997, -23.477273737309844], [-50.67952901199993, -23.477308953309848], [-50.67947278199995, -23.477419931309857], [-50.67947475999994, -23.477446962309862], [-50.679477615999986, -23.477462190309858], [-50.679440287999974, -23.47756340730986], [-50.679423155999984, -23.477633363309806], [-50.67940459599998, -23.477687615309843], [-50.679383180999935, -23.477750432309858], [-50.67936462099994, -23.47779897330981], [-50.679364620999934, -23.477831810309794], [-50.67934035099995, -23.477870357309836], [-50.67934035099995, -23.47791747030982], [-50.679323218999976, -23.477993137309802], [-50.679308941999984, -23.47804453430985], [-50.67931893499997, -23.47814304330985], [-50.679351771999954, -23.478213000309836], [-50.679343175999975, -23.478265407309834], [-50.67937172999996, -23.478308237309815], [-50.67938736499997, -23.478443103309814], [-50.67939457299997, -23.478465282309784], [-50.67939599999993, -23.478523817309785], [-50.67938600699995, -23.478582351309793], [-50.67938886199994, -23.47862660930979], [-50.67943169199998, -23.47866515730981], [-50.67944311399999, -23.47872083630981], [-50.679458817999944, -23.478782226309807], [-50.67947452199996, -23.478846472309815], [-50.67950593099994, -23.478893585309812], [-50.67950593099994, -23.478927849309777], [-50.679525918999964, -23.479000661309822], [-50.679571635999935, -23.479036638309804], [-50.67962960999995, -23.479230551309772], [-50.679662880999956, -23.47924455530981], [-50.67969143399995, -23.479270254309803], [-50.679715228999946, -23.479275964309778], [-50.67974092699995, -23.4793102283098], [-50.67976947999995, -23.47935781830981], [-50.67983229799995, -23.479374950309797], [-50.67987227299995, -23.4793863713098], [-50.67991986199996, -23.479435864309814], [-50.67993604299994, -23.479504393309785], [-50.679982679999966, -23.479530091309787], [-50.68000266799999, -23.479572921309757], [-50.67999109399994, -23.479622643309792], [-50.680080729999986, -23.479710065309767], [-50.68022444899998, -23.479894474309813], [-50.68036078099993, -23.480003539309752], [-50.68045704999998, -23.480007886309775], [-50.680527481999945, -23.480032633309758], [-50.68063408099994, -23.480049765309804], [-50.68071783799996, -23.480064994309785], [-50.68072735599998, -23.48013542630975], [-50.68079778799994, -23.480181111309783], [-50.68085489499998, -23.480221086309786], [-50.68094245999998, -23.480215375309747], [-50.681054769999946, -23.480232508309776], [-50.68111758799994, -23.480297229309784], [-50.681186115999935, -23.48032197530979], [-50.68122435399993, -23.48034291530974], [-50.68126147399993, -23.48039145630976], [-50.68129288299997, -23.480430003309774], [-50.68135141799996, -23.480458556309774], [-50.68141280799995, -23.480469978309777], [-50.681524165999974, -23.480494248309757], [-50.68162124799994, -23.480489965309754], [-50.68169834299994, -23.480507097309786], [-50.681808273999934, -23.480547072309776], [-50.68193533699996, -23.48060132430976], [-50.682043840999945, -23.48063273330979], [-50.682172331999936, -23.48068841230975], [-50.68223802399996, -23.480728054309733], [-50.68232795699999, -23.48082496430975], [-50.68242123199997, -23.480933468309782], [-50.682442170999934, -23.48098676830977], [-50.68242503899996, -23.481072428309727], [-50.682305113999966, -23.48108575330973], [-50.68222135699995, -23.481078139309766], [-50.68210714299994, -23.481051489309774], [-50.68200054299996, -23.48102103230973], [-50.68185587199997, -23.481028646309753], [-50.68174546499995, -23.481036260309725], [-50.68160616499995, -23.481044063309742], [-50.68147481799997, -23.481078328309753], [-50.681397723999964, -23.481075472309776], [-50.68134775499993, -23.48106119630977], [-50.68129207599998, -23.481052629309755], [-50.68123925199995, -23.48104406330975], [-50.68119927699996, -23.48101551030976], [-50.681123609999986, -23.481041208309748], [-50.68099940199995, -23.481018365309748], [-50.68092284299996, -23.481006186309738], [-50.68085976599997, -23.48096166130977], [-50.68074912099996, -23.480876001309753], [-50.68066346099994, -23.480858155309754], [-50.68059564599997, -23.480793909309742], [-50.68053434699994, -23.48075952230977]]]]}, "properties": {"objectid": 8726794, "cod_tema": "RESERVATORIO_ARTIFICIAL_DECORRENTE_BARRAMENTO", "nom_tema": "Reservatorio artificial decorrente de barramento ou represamento de cursos d'agua naturais", "cod_imovel": "PR-4126009-950975FD4C98483D8147792940690205", "ind_status": "AT", "des_condic": "Aguardando analise", "Shape__Area": 3.3116996500216605e-05, "Shape__Length": 0.07596703603101253}}, {"type": "Feature", "id": 8771603, "geometry": {"type": "Polygon", "coordinates": [[[-50.61732942899993, -23.452246454310412], [-50.618605069999944, -23.451987191310383], [-50.61922749499996, -23.452566108310418], [-50.619320063999965, -23.453065789310408], [-50.61866293099997, -23.455682846310307], [-50.61874516299997, -23.456256490310334], [-50.61941379399997, -23.456571497310314], [-50.620296992999954, -23.456563802310296], [-50.621174339999975, -23.457340129310303], [-50.621874255999955, -23.45627694631029], [-50.622337650999945, -23.45579515431035], [-50.62278502699996, -23.455300622310357], [-50.62344637899997, -23.455096418310355], [-50.62416236799999, -23.455316011310348], [-50.62689543199997, -23.456571882310328], [-50.62806519299994, -23.45635787431033], [-50.628722480999954, -23.455840535310347], [-50.62951616799995, -23.454818245310335], [-50.62987170799994, -23.453944093310344], [-50.62973434299994, -23.45351139731035], [-50.626986540999944, -23.452567958310407], [-50.62669418499996, -23.45211516631038], [-50.62636034999997, -23.451263210310444], [-50.62461704199995, -23.449844822310475], [-50.62463371399997, -23.44931176131049], [-50.62485207799995, -23.448745461310505], [-50.62411696199995, -23.447782448310477], [-50.62405641199996, -23.447311479310496], [-50.624587832999964, -23.446922224310548], [-50.62575893499997, -23.446388711310515], [-50.62760052699996, -23.44530248731059], [-50.62853093499996, -23.444380296310577], [-50.628879652999956, -23.444018343310606], [-50.629800141999965, -23.4437554283106], [-50.63045951099996, -23.442682995310633], [-50.630777738999946, -23.442119461310618], [-50.63276792099998, -23.440011742310684], [-50.632793612999926, -23.43963194831067], [-50.63312701399997, -23.43967295831068], [-50.63290008899997, -23.44041461031065], [-50.63161827499994, -23.441499721310635], [-50.63100958699994, -23.442242003310653], [-50.63073172599997, -23.443162826310633], [-50.630029941999965, -23.443991202310578], [-50.62861298899997, -23.445120819310553], [-50.62709074299993, -23.446092110310513], [-50.625836996999965, -23.446859162310517], [-50.624747596999946, -23.44722170931051], [-50.62436667699995, -23.447487030310533], [-50.62439727299994, -23.447647675310527], [-50.62520422099993, -23.44868094031049], [-50.62525623199997, -23.44892652631049], [-50.62485480899994, -23.449341506310443], [-50.62492985399995, -23.449639138310456], [-50.626382181999986, -23.45094741431045], [-50.62705053399998, -23.452151491310378], [-50.62772681299998, -23.45250485431042], [-50.62907040999994, -23.452965498310387], [-50.62989728399997, -23.45325449431037], [-50.63015209399998, -23.453526167310365], [-50.630207746999986, -23.45397283731038], [-50.62938725299994, -23.45560400331032], [-50.62851822999994, -23.456530762310287], [-50.62761814699997, -23.45675949831028], [-50.62656209299996, -23.4568580583103], [-50.62385738499995, -23.45555616231036], [-50.62294533199997, -23.4556165663103], [-50.622250151999935, -23.456394502310317], [-50.621452130999955, -23.457619571310275], [-50.62097688799998, -23.457649281310303], [-50.62011181899992, -23.456949676310284], [-50.61918936399996, -23.45690883231029], [-50.61846841299996, -23.456678754310268], [-50.61826995599995, -23.4563514433103], [-50.61835717799993, -23.455312147310337], [-50.61882640199997, -23.453636905310347], [-50.61878160199996, -23.452588816310374], [-50.618201176999946, -23.452412755310384], [-50.61741316299998, -23.45267459531038], [-50.61732942899993, -23.452246454310412]]]}, "properties": {"objectid": 8771603, "cod_tema": "RIO_10_A_50", "nom_tema": "Curso d'agua natural de 10 a 50 metros", "cod_imovel": "PR-4117008-CF7AB4C68A85426380E9BD16B9D7DC35", "ind_status": "AT", "des_condic": "Aguardando analise", "Shape__Area": 1.5116282333296181e-05, "Shape__Length": 0.08516414663445868}}, {"type": "Feature", "id": 8776873, "geometry": {"type": "Polygon", "coordinates": [[[-50.664469602999986, -23.505661079309235], [-50.664544245999934, -23.506020837309173], [-50.664544525999986, -23.506023463309187], [-50.664544288999934, -23.506026094309213], [-50.66454354299998, -23.506028628309203], [-50.66454231699998, -23.506030968309172], [-50.66454065799997, -23.5060330243092], [-50.66453862999999, -23.50603471630922], [-50.66453631099995, -23.506035981309203], [-50.66453378899996, -23.50603676830918], [-50.664531162999936, -23.506037049309217], [-50.66452853199996, -23.50603681130917], [-50.66452599799993, -23.506036065309203], [-50.66452365799996, -23.506034839309166], [-50.66452160299997, -23.506033181309192], [-50.66451990999996, -23.506031152309216], [-50.66451864599998, -23.506028833309188], [-50.664517857999954, -23.506026312309192], [-50.66444400399996, -23.505670356309178], [-50.663542991999975, -23.504733272309206], [-50.66305163299995, -23.50446290030923], [-50.66305032699995, -23.504462080309196], [-50.66242176399992, -23.50401564430927], [-50.66242130099994, -23.50401530030926], [-50.66160641699997, -23.503382329309257], [-50.66089603199999, -23.50290217530928], [-50.66089399899994, -23.502900489309255], [-50.66089233399999, -23.502898438309288], [-50.66089110099995, -23.502896102309265], [-50.66089034799995, -23.502893570309265], [-50.660890102999986, -23.502890940309285], [-50.66089037599994, -23.50288831230928], [-50.660891155999934, -23.502885789309243], [-50.66089241399993, -23.502883466309257], [-50.66089409999995, -23.502881433309266], [-50.66089615099998, -23.502879768309263], [-50.66089848699995, -23.50287853530928], [-50.66090101899994, -23.50287778230928], [-50.66090364899998, -23.50287753730926], [-50.66090627699998, -23.502877810309272], [-50.66090879999996, -23.502878590309265], [-50.66091112299995, -23.502879848309266], [-50.66162187699996, -23.50336025130923], [-50.661622597999944, -23.503360773309225], [-50.66243760499998, -23.503993840309228], [-50.66306530199995, -23.50443966230925], [-50.663557779999955, -23.504710649309207], [-50.66355948199998, -23.504711761309206], [-50.663560996999934, -23.50471311530922], [-50.664466121999965, -23.505654477309193], [-50.66446768999999, -23.505656446309224], [-50.66446886299997, -23.505658673309206], [-50.664469602999986, -23.505661079309235]]]}, "properties": {"objectid": 8776873, "cod_tema": "RIO_ATE_10", "nom_tema": "Curso d'agua natural de ate 10 metros", "cod_imovel": "PR-4124301-2A5CDB5512B44C91AF55A19DD0CF641C", "ind_status": "AT", "des_condic": "Aguardando analise", "Shape__Area": 1.3254494582899823e-07, "Shape__Length": 0.009878976357975239}}, {"type": "Feature", "id": 8784690, "geometry": {"type": "Polygon", "coordinates": [[[-50.63325711599998, -23.504599763309248], [-50.63335749099997, -23.504521971309245], [-50.63347710499994, -23.50452346230921], [-50.63349463599997, -23.50452368030924], [-50.633576980999976, -23.504530893309234], [-50.63382883699995, -23.50445943530921], [-50.63385553599994, -23.504441131309225], [-50.63401733999995, -23.504371136309253], [-50.63405441099996, -23.504410637309242], [-50.63414923199998, -23.504395489309257], [-50.63428873099997, -23.504348982309224], [-50.63434762199994, -23.504392289309223], [-50.63432097999998, -23.50444108730923], [-50.63441958599997, -23.50456213830924], [-50.63452622599993, -23.504577405309224], [-50.634544293999966, -23.504542140309226], [-50.63460193999998, -23.504532662309238], [-50.63463538699994, -23.504645662309233], [-50.634680972999945, -23.50473676230925], [-50.63478836599996, -23.504865143309214], [-50.63482726799998, -23.504921858309245], [-50.63484877799993, -23.504953217309232], [-50.63484610399996, -23.505043904309247], [-50.63476267099997, -23.505222620309237], [-50.634720415999944, -23.505344805309228], [-50.63478271799994, -23.505528293309187], [-50.634765268999956, -23.505607043309183], [-50.634765415999944, -23.505665001309183], [-50.63474807099993, -23.505745515309172], [-50.63467590799997, -23.505885716309194], [-50.63456925199995, -23.50604165530922], [-50.634480973999985, -23.506091092309187], [-50.63438737699994, -23.5060802393092], [-50.63426693699995, -23.505998152309186], [-50.63411966099995, -23.50591877930918], [-50.633957313999986, -23.50587191730921], [-50.63381361699993, -23.505846402309206], [-50.63369074199994, -23.505861688309217], [-50.633622022999994, -23.505802958309175], [-50.63360516599994, -23.50578791330918], [-50.633530176999955, -23.505720985309225], [-50.63333518699994, -23.5055682063092], [-50.63326632999998, -23.50548291130919], [-50.633232333999956, -23.505440799309223], [-50.63315372999994, -23.505367335309213], [-50.633041281999965, -23.505311030309226], [-50.63316794199995, -23.505160271309222], [-50.63321241099994, -23.504988936309218], [-50.63320930599997, -23.50475844130924], [-50.63325711599998, -23.504599763309248]]]}, "properties": {"objectid": 8784690, "cod_tema": "RESERVATORIO_ARTIFICIAL_DECORRENTE_BARRAMENTO", "nom_tema": "Reservatorio artificial decorrente de barramento ou represamento de cursos d'agua naturais", "cod_imovel": "PR-4124301-C0FA2AB8936A48EE9376DFA5432564AD", "ind_status": "PE", "des_condic": "Aguardando analise", "Shape__Area": 2.1308264641651683e-06, "Shape__Length": 0.005853272960229803}}, {"type": "Feature", "id": 8784864, "geometry": {"type": "MultiPolygon", "coordinates": [[[[-50.642312520999944, -23.44278404131063], [-50.64270493199996, -23.44275275431061], [-50.642705811999974, -23.442752771310612], [-50.642706671999974, -23.44275295831062], [-50.64270747899997, -23.442753310310597], [-50.64270820199994, -23.442753813310613], [-50.642708812999956, -23.44275444731062], [-50.642709288999974, -23.442755188310638], [-50.64270960999993, -23.442756008310596], [-50.64270976599994, -23.442756875310636], [-50.64270974999994, -23.442757755310588], [-50.642709561999936, -23.44275861531059], [-50.642709209999964, -23.44275942231058], [-50.64270870699994, -23.44276014531061], [-50.64270807299994, -23.442760756310633], [-50.642707331999986, -23.44276123131062], [-50.64270651199996, -23.44276155331062], [-50.64270564599997, -23.442761709310616], [-50.64231295399997, -23.44279301931062], [-50.642312391999944, -23.44279302831064], [-50.64212922199994, -23.442784641310595], [-50.642128464999985, -23.442784542310616], [-50.64212773599996, -23.442784315310632], [-50.64188888899997, -23.442687217310617], [-50.64188808699998, -23.442686792310614], [-50.64172180399998, -23.44257582831063], [-50.64172145099997, -23.44257556631061], [-50.64155214599999, -23.442436863310608], [-50.64155159699993, -23.44243632931063], [-50.64137624999996, -23.44223382531062], [-50.641375961999984, -23.442233454310625], [-50.64125513299996, -23.44206024531066], [-50.640773433999975, -23.44155737631067], [-50.64043008399995, -23.441288106310626], [-50.64042960799998, -23.44128767531064], [-50.64011371699997, -23.44095719431066], [-50.640113577999955, -23.440957043310668], [-50.63993623599998, -23.440753669310645], [-50.63993581899996, -23.440753108310666], [-50.63976955899994, -23.440488722310644], [-50.63976951899996, -23.440488657310652], [-50.63952012999994, -23.440076824310665], [-50.63951991399995, -23.440076421310664], [-50.639346470999946, -23.439710659310677], [-50.63909189599997, -23.43939586331068], [-50.63886469699997, -23.439121327310687], [-50.63886446299995, -23.439121018310715], [-50.63868158299993, -23.4388566313107], [-50.63868119399996, -23.438855949310703], [-50.63854818899995, -23.438566138310684], [-50.63854793699994, -23.438565443310697], [-50.63854780299993, -23.43856471531073], [-50.63850200399998, -23.438109931310738], [-50.63839683599997, -23.437734151310732], [-50.63828072899997, -23.437379074310755], [-50.63810434699997, -23.43715150731073], [-50.63786135399994, -23.436996283310766], [-50.637585331999965, -23.436889920310726], [-50.637275728999946, -23.436869631310763], [-50.63693781899997, -23.43685438531074], [-50.63655719899998, -23.436851245310745], [-50.63655645099993, -23.436851176310732], [-50.63604107899994, -23.43675965431074], [-50.63604083499996, -23.43675960431075], [-50.63563075599995, -23.436662998310762], [-50.63562985999993, -23.436662683310736], [-50.634987035999984, -23.436357613310772], [-50.63498645399994, -23.436357281310762], [-50.63482044099993, -23.43624557931074], [-50.63459977699995, -23.436134224310738], [-50.63413797099997, -23.43608882131074], [-50.63399011799999, -23.43634002031079], [-50.63393858799998, -23.436541698310776], [-50.633938144999945, -23.43654279831074], [-50.63378851599998, -23.43680718631073], [-50.63378846299998, -23.436807278310727], [-50.63360004099997, -23.43712251031072], [-50.63359958999996, -23.437123135310756], [-50.63335020899996, -23.437412942310758], [-50.63334981099996, -23.437413350310752], [-50.63304501199997, -23.437687903310742], [-50.633044473999966, -23.437688318310734], [-50.63304387899995, -23.43768864831071], [-50.63303375699997, -23.437693291310723], [-50.632846651999955, -23.437925534310743], [-50.632769445999934, -23.43826954331074], [-50.63281365499994, -23.438705723310687], [-50.632958277999926, -23.439245329310687], [-50.632958352999935, -23.439245659310718], [-50.63300822099996, -23.439510051310677], [-50.633008298999975, -23.43951081131072], [-50.63301383099997, -23.439856553310687], [-50.63301374599997, -23.4398574983107], [-50.63301346399992, -23.439858403310676], [-50.63281394699993, -23.440321084310654], [-50.63281349899995, -23.440321885310652], [-50.63281289799994, -23.44032257931065], [-50.632580134999955, -23.44054120631067], [-50.632579952999954, -23.44054136831066], [-50.632242023999936, -23.440825979310645], [-50.63147863999995, -23.44157710631064], [-50.63110197599997, -23.442025497310638], [-50.63089261299996, -23.442363571310654], [-50.63077550799995, -23.442609152310645], [-50.630708527999964, -23.4428857013106], [-50.63070833299997, -23.44288631131059], [-50.63061608199996, -23.443117147310602], [-50.63061575599995, -23.443117802310603], [-50.630615327999976, -23.443118395310584], [-50.63046436799993, -23.443295370310636], [-50.63046428599995, -23.443295463310605], [-50.63026300399997, -23.44351860631058], [-50.63026296699996, -23.443518647310594], [-50.62966205299995, -23.444168592310607], [-50.62966139099996, -23.444169179310585], [-50.62966062799996, -23.444169626310583], [-50.62937597499996, -23.444300202310583], [-50.62904931799994, -23.44456146931056], [-50.62904896499998, -23.444561724310585], [-50.62873048699998, -23.44476932931055], [-50.62844553699995, -23.445007685310554], [-50.628445200999984, -23.445007940310585], [-50.628143270999935, -23.445215690310537], [-50.628142983999965, -23.445215872310552], [-50.627799249999946, -23.445415851310546], [-50.627208325999966, -23.445815622310523], [-50.62683942299998, -23.446107903310555], [-50.62683895599998, -23.44610822731054], [-50.626495082999945, -23.446315973310536], [-50.62649483499996, -23.44631611231054], [-50.62618451199995, -23.446477691310548], [-50.62618437599996, -23.44647775831053], [-50.62579856999997, -23.44666241831052], [-50.62579777699994, -23.44666270931051], [-50.62524423099995, -23.446808890310507], [-50.62524422299999, -23.446808892310546], [-50.62483376099993, -23.446916472310505], [-50.62445767399998, -23.447115810310503], [-50.624266578999936, -23.447367331310495], [-50.62432473999996, -23.447664673310506], [-50.62446690899998, -23.447902535310508], [-50.62446706099997, -23.44790281131049], [-50.62457579599993, -23.44811769131052], [-50.624776642999954, -23.448332677310464], [-50.62477685299996, -23.448332919310463], [-50.62496953899995, -23.448571197310503], [-50.625111870999945, -23.44870178331051], [-50.62511249799997, -23.448702495310478], [-50.625112961999946, -23.448703322310486], [-50.62511324199994, -23.4487042293105], [-50.62511332499997, -23.448705173310476], [-50.62511320799996, -23.44870611531051], [-50.62506287899999, -23.44892156331045], [-50.625062603999936, -23.44892237731049], [-50.62506217999998, -23.448923124310486], [-50.62506161999994, -23.44892377731046], [-50.62486813299994, -23.44911007931049], [-50.62474362599995, -23.449399419310478], [-50.62494332699998, -23.44970478531044], [-50.62538739799999, -23.450142948310436], [-50.62587359899993, -23.45056593831043], [-50.62623409399998, -23.450827446310427], [-50.62623468399994, -23.450827958310448], [-50.626235176999955, -23.450828565310406], [-50.62636606899997, -23.45102199731041], [-50.62636631399994, -23.451022404310407], [-50.626542438999934, -23.45135327031043], [-50.62654244699997, -23.451353285310446], [-50.626794056999984, -23.4518303463104], [-50.62679427599994, -23.451830829310403], [-50.62694484599996, -23.45222222431041], [-50.627169823999964, -23.452420979310382], [-50.627755917999934, -23.452628377310372], [-50.628183471999925, -23.45273605431038], [-50.628183811999975, -23.45273615331042], [-50.629072681999965, -23.453036179310406], [-50.62950023899998, -23.453136163310365], [-50.629501370999954, -23.453136595310397], [-50.62989559299995, -23.45335204631038], [-50.62989622799996, -23.45335246631037], [-50.62989678299994, -23.453352988310368], [-50.62989724099998, -23.453353596310354], [-50.63002305999998, -23.453553657310394], [-50.630023551999955, -23.453554732310387], [-50.63009904699993, -23.453800961310364], [-50.63009921099996, -23.453801730310357], [-50.63009923799996, -23.453802517310393], [-50.630099126999944, -23.45380329631039], [-50.62997430299998, -23.454339575310343], [-50.62997397399994, -23.45434050931035], [-50.62971395599993, -23.45487912831034], [-50.62971374299997, -23.45487951931035], [-50.629520826999965, -23.45519499531031], [-50.62952073599996, -23.455195138310334], [-50.62931104399996, -23.455510613310306], [-50.629310756999985, -23.455510999310313], [-50.62893331299995, -23.45596497431033], [-50.62893268599998, -23.455965593310324], [-50.62893195099996, -23.455966077310325], [-50.62893113499995, -23.45596640931034], [-50.62893026999995, -23.45596657531034], [-50.62892938999994, -23.455966569310288], [-50.62892852799996, -23.45596639231034], [-50.628927715999964, -23.45596605031033], [-50.62892698699994, -23.455965556310318], [-50.62892636899994, -23.45596493031034], [-50.628925883999955, -23.455964194310337], [-50.628925551999934, -23.455963379310315], [-50.628925385999935, -23.45596251431032], [-50.62892539199999, -23.45596163431031], [-50.62892556899993, -23.45596077131033], [-50.628925910999946, -23.45595996031032], [-50.62892640499995, -23.455959231310317], [-50.62930369599996, -23.45550544031034], [-50.62951320699994, -23.455190236310337], [-50.629705962999935, -23.454875023310315], [-50.629965666999965, -23.45433705331035], [-50.630090103999976, -23.453802438310365], [-50.630015138999966, -23.453557935310396], [-50.62989025899998, -23.453359368310355], [-50.62949759899993, -23.4531447713104], [-50.629070425999934, -23.453044877310393], [-50.62907001299993, -23.453044759310377], [-50.62818110599995, -23.452744721310413], [-50.62775351999994, -23.452637037310414], [-50.62775311899997, -23.4526369163104], [-50.627166004999935, -23.452429157310416], [-50.62716522599993, -23.4524287933104], [-50.62716452999996, -23.452428288310387], [-50.62693807499994, -23.452228228310407], [-50.62693735999994, -23.452227425310426], [-50.62693685599999, -23.452226475310418], [-50.62678598699995, -23.451834302310402], [-50.626534505999985, -23.451357483310435], [-50.62635849599996, -23.451026835310458], [-50.62622817999994, -23.450834253310447], [-50.62586816399993, -23.450573093310425], [-50.62586785299993, -23.450572846310425], [-50.62538139599996, -23.450149633310442], [-50.62538118899994, -23.450149441310444], [-50.62493667599994, -23.44971084231044], [-50.62493607099997, -23.449710103310462], [-50.62473478799996, -23.44940231831045], [-50.62473437899997, -23.44940153431044], [-50.62473413199996, -23.449400685310444], [-50.624734055999966, -23.449399805310485], [-50.62473415399995, -23.44939892631045], [-50.62473442099997, -23.449398084310445], [-50.624860239999975, -23.449105697310504], [-50.62486067199995, -23.44910491631046], [-50.62486124999998, -23.449104236310497], [-50.62505443299994, -23.44891822731049], [-50.62510386299993, -23.44870662831049], [-50.624963219999984, -23.448577590310475], [-50.624962763999974, -23.44857710531048], [-50.62476996899995, -23.448338692310518], [-50.62456879599995, -23.448123356310468], [-50.62456806999996, -23.4481223173105], [-50.62445911699996, -23.447907008310494], [-50.624316626999985, -23.447668609310487], [-50.62431628799993, -23.447667912310532], [-50.62431607399998, -23.44766716731051], [-50.624257376999935, -23.447367079310506], [-50.62425729399996, -23.4473661383105], [-50.624257409999984, -23.44736520031053], [-50.62425771899996, -23.447364308310526], [-50.62425820799996, -23.447363499310498], [-50.62445111999995, -23.447109587310493], [-50.62445178799993, -23.44710888131052], [-50.624452591999955, -23.44710833631055], [-50.624830014999986, -23.446908290310514], [-50.62483097899996, -23.4469079143105], [-50.625241941999946, -23.446800204310506], [-50.62579507399994, -23.44665413231056], [-50.62618042999998, -23.446469688310547], [-50.626490559999986, -23.446308210310555], [-50.62683406699995, -23.44610068531055], [-50.62720287999998, -23.445808476310553], [-50.627203151999936, -23.445808276310558], [-50.62779434199995, -23.445408325310552], [-50.62779460099995, -23.445408163310557], [-50.62813831899996, -23.445208193310584], [-50.62843993499996, -23.445000660310548], [-50.62872492799994, -23.444762267310587], [-50.628725356999944, -23.444761949310543], [-50.62904387699996, -23.444554318310587], [-50.62937079499994, -23.444292842310595], [-50.62937172799997, -23.444292267310598], [-50.62965606599994, -23.44416183531061], [-50.630256352999936, -23.443512569310588], [-50.630457572999944, -23.443289493310587], [-50.63060801399996, -23.443113127310593], [-50.63069987299997, -23.442883275310646], [-50.63076688799998, -23.44260658431063], [-50.63076719899993, -23.442605708310623], [-50.63088460999996, -23.442359483310618], [-50.630884845999965, -23.44235905131064], [-50.63109450999997, -23.442020491310657], [-50.63109488899995, -23.442019967310635], [-50.63110529299996, -23.442007583310634], [-50.63110524299997, -23.442007457310652], [-50.631105083999955, -23.4420065913106], [-50.63110509799998, -23.442005710310664], [-50.63110528199996, -23.442004849310614], [-50.631105631999965, -23.44200404131062], [-50.63110613199996, -23.442003316310625], [-50.63147190999996, -23.44157115231062], [-50.631472187999975, -23.441570852310665], [-50.63223584799994, -23.440819454310642], [-50.63223610499995, -23.44081922131067], [-50.63257407299995, -23.440534575310668], [-50.63280606699993, -23.440316670310676], [-50.63300483299997, -23.43985573231068], [-50.63299932299998, -23.4395113393107], [-50.63294955699996, -23.43924749131068], [-50.63280488399994, -23.438707699310708], [-50.63280475399995, -23.43870698931071], [-50.63276043499997, -23.438269724310697], [-50.63276041999995, -23.438269002310715], [-50.63276052099996, -23.438268287310727], [-50.63283811599996, -23.437922546310737], [-50.63283845299998, -23.43792157831075], [-50.63283900099998, -23.43792071231075], [-50.63302742499997, -23.43768683231069], [-50.633028163999946, -23.437686105310725], [-50.63302904999995, -23.437685567310726], [-50.633039509999946, -23.437680769310706], [-50.63334358599997, -23.437406866310717], [-50.63359252799995, -23.437117569310725], [-50.633780723999955, -23.436802715310726], [-50.63393003199997, -23.436538894310768], [-50.63398157299997, -23.436337179310758], [-50.63398205399995, -23.436336012310758], [-50.634131683999954, -23.43608179231077], [-50.63413218299996, -23.43608110331079], [-50.634132801999954, -23.436080521310753], [-50.63413351899993, -23.43608006631078], [-50.63413430999998, -23.436079755310782], [-50.634135144999966, -23.43607959731074], [-50.63413599499995, -23.436079600310777], [-50.634601490999955, -23.436125366310737], [-50.63460230499992, -23.436125522310743], [-50.63460307599996, -23.436125826310775], [-50.63482473899996, -23.436237686310776], [-50.63482522199997, -23.43623796931078], [-50.63499119099999, -23.436349641310787], [-50.635633279999986, -23.436654363310723], [-50.636042772999986, -23.436750832310768], [-50.63655764999998, -23.436842265310727], [-50.636937975999956, -23.43684540331074], [-50.63693814099997, -23.43684540731075], [-50.63727617999996, -23.436860659310778], [-50.63727627099997, -23.436860664310778], [-50.637586601999935, -23.43688100031076], [-50.63758727399994, -23.436881096310756], [-50.637587922999955, -23.436881291310755], [-50.63786500599998, -23.436988063310725], [-50.637865808999955, -23.43698846931075], [-50.63810983899997, -23.437144355310764], [-50.63811044899995, -23.437144823310767], [-50.638110970999946, -23.437145389310746], [-50.63828830599994, -23.43737418631072], [-50.638288723999956, -23.437374833310752], [-50.63828902499995, -23.437375542310757], [-50.638405404999965, -23.437731451310764], [-50.638405460999934, -23.437731636310726], [-50.638510758999985, -23.438107884310732], [-50.63851090299994, -23.438108645310706], [-50.63855666599994, -23.438563071310718], [-50.63868919499999, -23.43885184431068], [-50.638871740999946, -23.43911574931067], [-50.63909883299994, -23.43939015631068], [-50.63909886499994, -23.439390195310718], [-50.639353791999945, -23.43970542731069], [-50.639354357999935, -23.439706327310663], [-50.639527932999954, -23.440072366310698], [-50.63977718399997, -23.440483972310677], [-50.639943236999954, -23.44074803031065], [-50.64012028099995, -23.440951061310656], [-50.64043587999998, -23.441281235310647], [-50.640779227999985, -23.441550504310644], [-50.64077969999994, -23.441550932310662], [-50.64126186099997, -23.442054282310625], [-50.64126230099998, -23.442054820310613], [-50.641383194999946, -23.44222812231061], [-50.64155813699995, -23.442430158310646], [-50.64172697399994, -23.442568478310598], [-50.64189269399997, -23.442679067310625], [-50.64213040399994, -23.44277570331059], [-50.642312520999944, -23.44278404131063]]], [[[-50.63143426199997, -23.45512217531036], [-50.63133270299994, -23.455165418310344], [-50.63133186299995, -23.455165681310344], [-50.631330987999945, -23.45516577631031], [-50.631330110999954, -23.455165699310335], [-50.631329265999966, -23.455165451310343], [-50.63132848499998, -23.455165044310323], [-50.63132779899996, -23.455164492310306], [-50.63132723399997, -23.455163817310343], [-50.631326810999944, -23.45516304531032], [-50.63132654699996, -23.455162205310337], [-50.63132645199994, -23.455161329310336], [-50.63132652999997, -23.455160452310338], [-50.63132677699998, -23.455159607310357], [-50.631327184999975, -23.455158827310367], [-50.631327735999946, -23.455158140310353], [-50.63132841199997, -23.455157575310356], [-50.63132918399998, -23.455157152310345], [-50.631431716999934, -23.455113495310353], [-50.63143271299999, -23.45511320231032], [-50.63143374899994, -23.455113145310357], [-50.631688071999974, -23.455128559310314], [-50.63168887899997, -23.455128682310324], [-50.63168964999994, -23.455128949310343], [-50.63169035999993, -23.455129352310347], [-50.63169098599997, -23.455129876310313], [-50.63187981399994, -23.455319829310334], [-50.63188035999997, -23.455320496310325], [-50.63188076899996, -23.455321254310316], [-50.63188102599998, -23.455322077310313], [-50.631881119999946, -23.455322933310367], [-50.631884525999965, -23.4555660093103], [-50.632046349999946, -23.455469683310348], [-50.63229723699994, -23.455287211310353], [-50.63229801699998, -23.45528675631033], [-50.632298871999986, -23.45528646631033], [-50.63229976799994, -23.455286353310324], [-50.63230066799997, -23.45528642231034], [-50.63230153599994, -23.455286669310336], [-50.632302337999924, -23.45528708531032], [-50.63266394599998, -23.455523602310336], [-50.63266461599995, -23.45552413931034], [-50.632665171999975, -23.455524793310303], [-50.632665592999956, -23.455525541310347], [-50.632665864999986, -23.455526356310315], [-50.63268966299995, -23.455630018310327], [-50.63268977699994, -23.4556309553103], [-50.632689691999985, -23.455631896310308], [-50.63268941199993, -23.455632797310322], [-50.63268894999993, -23.45563362131031], [-50.63268832599993, -23.45563432931032], [-50.63268756799993, -23.45563489231034], [-50.632485677999966, -23.45575399031031], [-50.63253846399993, -23.456003619310298], [-50.63269636999996, -23.45604587131031], [-50.63314448099993, -23.455843897310324], [-50.63314529499996, -23.455843620310286], [-50.633146145999945, -23.455843504310323], [-50.63355642999994, -23.45582694431033], [-50.633557286999974, -23.455826992310325], [-50.63355811899998, -23.455827201310335], [-50.633938317999934, -23.455962682310297], [-50.63393912199996, -23.455963062310317], [-50.63462482799998, -23.456374619310324], [-50.63490232999993, -23.456473170310325], [-50.635689223999975, -23.456032354310295], [-50.63614293799998, -23.455705401310347], [-50.63614327099999, -23.455705183310325], [-50.63731792899994, -23.455007695310318], [-50.637318652999966, -23.455007349310346], [-50.637319426999966, -23.455007137310307], [-50.637320226999975, -23.455007066310326], [-50.637772366999975, -23.455007484310336], [-50.63777322199997, -23.45500756731031], [-50.63777404599995, -23.45500781131035], [-50.63803808599994, -23.455114511310356], [-50.639238001999956, -23.455521286310326], [-50.63923906299993, -23.45552181131034], [-50.63942990399995, -23.455649896310312], [-50.639637870999934, -23.4556434203103], [-50.64005081799996, -23.455386045310316], [-50.64005178399998, -23.455385592310336], [-50.64005282899995, -23.455385380310307], [-50.640287078999954, -23.455366319310315], [-50.64028804199996, -23.45536634431033], [-50.64028897799994, -23.455366575310332], [-50.64028984299995, -23.45536699931034], [-50.640290596999925, -23.455367598310318], [-50.64029120699996, -23.45536834531032], [-50.640691068999956, -23.455982322310312], [-50.64069117899999, -23.4559825003103], [-50.640962702999964, -23.4564452443103], [-50.640963117999945, -23.456446182310327], [-50.64096330899997, -23.456447190310286], [-50.64099833299998, -23.4569275263103], [-50.64107679799998, -23.45789067431026], [-50.641076778999945, -23.45789158831025], [-50.64107657499994, -23.457892479310267], [-50.64107619599997, -23.45789331131027], [-50.64107565499995, -23.45789404831027], [-50.64107497699996, -23.457894661310263], [-50.64085265299996, -23.458057674310275], [-50.640759407999944, -23.458186866310246], [-50.64075873399998, -23.458187608310258], [-50.64075791199997, -23.458188183310252], [-50.64075698299996, -23.458188561310283], [-50.64057402599997, -23.458240069310243], [-50.640570655999966, -23.45843316931028], [-50.64079664499997, -23.458555873310257], [-50.64079742499996, -23.458556409310283], [-50.640798073999974, -23.45855709831026], [-50.640798565999944, -23.458557907310237], [-50.64079887599996, -23.458558801310275], [-50.640867498999974, -23.458853338310277], [-50.64086761299996, -23.45885420731024], [-50.640867556999986, -23.458855081310254], [-50.64086733199998, -23.458855929310268], [-50.64086694599996, -23.458856716310244], [-50.64086641499995, -23.45885741331027], [-50.64086575899996, -23.45885799431025], [-50.64077060699998, -23.458926919310255], [-50.64114063499994, -23.45906546331022], [-50.641277756999955, -23.459077649310277], [-50.64127857199998, -23.45907779931023], [-50.64127934499999, -23.459078095310222], [-50.641280050999974, -23.45907852831025], [-50.64128066599994, -23.45907908331024], [-50.64128116799998, -23.459079742310248], [-50.641281539999966, -23.459080482310274], [-50.64128176999998, -23.45908127831028], [-50.641303783999945, -23.45919613531024], [-50.64130386299997, -23.459196895310278], [-50.64130381299998, -23.459197658310277], [-50.64130363399994, -23.45919840131026], [-50.64125497299994, -23.459344419310266], [-50.64140594799994, -23.459444041310256], [-50.641785655999975, -23.459349107310256], [-50.641786527999955, -23.459348979310246], [-50.64178740699998, -23.45934902231025], [-50.64178826099994, -23.459349236310256], [-50.64178905699998, -23.459349613310245], [-50.64178976399995, -23.459350138310278], [-50.641790354999955, -23.459350791310232], [-50.64179080699995, -23.459351546310266], [-50.64179110299995, -23.45935237531026], [-50.641791231999946, -23.459353246310258], [-50.641791188999946, -23.45935412631027], [-50.641790973999946, -23.459354980310227], [-50.641790596999954, -23.459355776310208], [-50.64179007299998, -23.45935648331024], [-50.64178941999995, -23.459357074310248], [-50.64178866499998, -23.45935752631024], [-50.641787834999946, -23.459357822310228], [-50.641406211999936, -23.45945323531023], [-50.641405292999934, -23.45945336631026], [-50.64140436599995, -23.45945330531023], [-50.64140347199997, -23.459453055310256], [-50.64140264799994, -23.45945262731023], [-50.64124714799994, -23.459350018310232], [-50.641246493999965, -23.459349493310267], [-50.64124594899993, -23.45934885531025], [-50.64124553199997, -23.459348127310214], [-50.64124525799997, -23.459347334310245], [-50.641245135999945, -23.459346504310215], [-50.64124517099998, -23.459345666310266], [-50.64124536099995, -23.459344849310263], [-50.64129473999998, -23.45919667431022], [-50.641273585999954, -23.45908629731023], [-50.64113923299993, -23.459074357310254], [-50.64113805599994, -23.45907409031022], [-50.64075961999999, -23.458932397310242], [-50.64075882999999, -23.458932010310242], [-50.640758131999974, -23.45893147631026], [-50.64075755099998, -23.45893081731024], [-50.640757108999935, -23.458930057310262], [-50.640756823999936, -23.45892922531025], [-50.640756705999934, -23.458928354310252], [-50.64075675999994, -23.45892747731027], [-50.64075698399995, -23.458926627310266], [-50.64075736999996, -23.458925836310286], [-50.64075790199996, -23.458925136310235], [-50.64075855999993, -23.45892455431025], [-50.64085807299994, -23.458852470310234], [-50.64079058499993, -23.458562804310237], [-50.640563973999974, -23.45843976331024], [-50.64056329599998, -23.458439310310258], [-50.64056270999998, -23.458438742310243], [-50.64056223699998, -23.458438078310273], [-50.64056189199994, -23.458437339310233], [-50.640561685999955, -23.458436550310278], [-50.64056162599996, -23.458435737310243], [-50.64056510299997, -23.45823657231028], [-50.64056519199994, -23.458235757310252], [-50.640565426999956, -23.45823497231027], [-50.64056580099998, -23.458234243310297], [-50.64056630199996, -23.458233594310283], [-50.64056691199995, -23.458233047310266], [-50.640567610999945, -23.45823262031028], [-50.64056837599997, -23.458232327310256], [-50.64075304099999, -23.458180338310278], [-50.64084578399997, -23.458051842310276], [-50.64084623799994, -23.458051307310257], [-50.64084676999994, -23.458050849310276], [-50.64106763999997, -23.457888901310294], [-50.64098937799998, -23.456928236310286], [-50.64098937499995, -23.456928198310294], [-50.64095442599995, -23.456448887310305], [-50.640683484999954, -23.455987137310323], [-50.64028513999995, -23.455375490310296], [-50.640054643999974, -23.45539424531034], [-50.639641595999926, -23.455651683310347], [-50.63964089499995, -23.455652040310323], [-50.63964014199996, -23.4556522683103], [-50.63963935999994, -23.455652361310335], [-50.63942873999997, -23.455658920310327], [-50.63942781299995, -23.455658853310357], [-50.63942691899996, -23.45565859631033], [-50.639426096999955, -23.455658160310346], [-50.63923455199995, -23.455529602310307], [-50.638035080999934, -23.455122978310342], [-50.63803483999993, -23.45512288831032], [-50.63777148799995, -23.455016466310337], [-50.63732145399996, -23.455016050310356], [-50.63614802899997, -23.455712805310313], [-50.63569426799995, -23.456039791310314], [-50.635693836999955, -23.456040066310308], [-50.63490494299998, -23.456482003310303], [-50.634904064999944, -23.456482379310305], [-50.63490312699997, -23.45648256031032], [-50.634902172999944, -23.45648253931032], [-50.63490124399994, -23.45648231731028], [-50.63462139899997, -23.456382934310312], [-50.63462058999994, -23.456382552310323], [-50.63393488199995, -23.45597099431034], [-50.63355592299996, -23.455835955310302], [-50.63314737799993, -23.455852445310306], [-50.632698600999966, -23.45605471831031], [-50.63269762599998, -23.456055030310306], [-50.632696606999964, -23.456055113310327], [-50.63269559399998, -23.456054963310336], [-50.63253347899995, -23.45601158531029], [-50.632532706999946, -23.4560113003103], [-50.63253199899997, -23.456010879310313], [-50.63253138099998, -23.45601033631031], [-50.63253087199996, -23.456009690310328], [-50.632530488999976, -23.45600896131031], [-50.63253024599993, -23.456008175310316], [-50.63247622099993, -23.455752691310348], [-50.632476123999936, -23.455751764310314], [-50.632476219999944, -23.45575083831033], [-50.63247650499994, -23.455749952310313], [-50.632476966999945, -23.455749143310342], [-50.63247758499995, -23.455748447310327], [-50.63247833399999, -23.45574789331032], [-50.63268017299999, -23.455628825310317], [-50.63265751399995, -23.4555301303103], [-50.63230001499994, -23.455296299310305], [-50.63205146699994, -23.455477069310348], [-50.63205112299994, -23.455477296310338], [-50.63188244099996, -23.455577705310304], [-50.63188166899994, -23.455578069310324], [-50.631880842999976, -23.45557828231033], [-50.631879990999956, -23.455578334310303], [-50.63187914399998, -23.455578224310337], [-50.63187833399997, -23.45557795631032], [-50.63187758899994, -23.455577539310347], [-50.63187693599997, -23.455576989310302], [-50.631876398999964, -23.45557632531034], [-50.63187599699995, -23.455575572310345], [-50.631875745999935, -23.455574756310337], [-50.63187565299995, -23.455573908310324], [-50.63187216299997, -23.45532487531034], [-50.63168582099996, -23.45513742231032], [-50.63143426199997, -23.45512217531036]]]]}, "properties": {"objectid": 8784864, "cod_tema": "RIO_ATE_10", "nom_tema": "Curso d'agua natural de ate 10 metros", "cod_imovel": "PR-4126009-489CA60549B5428DA6E999950409FFCD", "ind_status": "AT", "des_condic": "Aguardando analise", "Shape__Area": 5.120918102171389e-07, "Shape__Length": 0.11389440812452484}}, {"type": "Feature", "id": 8801307, "geometry": {"type": "Polygon", "coordinates": [[[-50.650400246999936, -23.46252553231018], [-50.65009997799996, -23.462364436310178], [-50.65009924699996, -23.462363945310205], [-50.65009862499994, -23.46236332231019], [-50.65009813699998, -23.462362589310167], [-50.65009780099996, -23.462361775310193], [-50.65009763099993, -23.462360911310174], [-50.650097631999984, -23.46236003131015], [-50.65009780499997, -23.462359167310186], [-50.65009814299998, -23.46235835431016], [-50.65009863399997, -23.462357623310147], [-50.650099256999965, -23.462357001310195], [-50.650099989999944, -23.46235651331019], [-50.650100803999976, -23.4623561783102], [-50.650101667999934, -23.46235600731019], [-50.65010254799996, -23.462356009310163], [-50.650103411999964, -23.462356182310156], [-50.65010422499995, -23.462356520310166], [-50.65040180699998, -23.462516174310178], [-50.65053538799998, -23.46240354731017], [-50.65053607799996, -23.46240306831016], [-50.65053684499998, -23.462402726310202], [-50.65079929199993, -23.462313979310196], [-50.650799906999964, -23.46231381931019], [-50.65105068999998, -23.462267048310157], [-50.651051554999974, -23.46226697231017], [-50.65105241799995, -23.462267064310154], [-50.651053247999975, -23.462267321310165], [-50.65105401299997, -23.462267732310202], [-50.651503693999985, -23.462568927310144], [-50.65199579399996, -23.462818395310148], [-50.651996193999935, -23.462818625310152], [-50.652581593999976, -23.463195365310185], [-50.652942372999966, -23.46283155731016], [-50.653360652999936, -23.461936985310185], [-50.65336102799994, -23.461936333310206], [-50.65406574999997, -23.46091716731023], [-50.654066255999965, -23.460916558310192], [-50.65406685999994, -23.460916048310185], [-50.65512658199997, -23.46017049231023], [-50.655126682999935, -23.460170423310224], [-50.65561751599995, -23.459844590310258], [-50.65561811499998, -23.459844255310216], [-50.65776578599997, -23.45885110031023], [-50.65832560399998, -23.458450425310264], [-50.65832560399998, -23.458461471310258], [-50.657770669999934, -23.45885865131024], [-50.65776994099997, -23.458859076310237], [-50.655622197999946, -23.459852265310214], [-50.65513170099996, -23.460177874310208], [-50.65407268399997, -23.46092293431018], [-50.65336863099998, -23.461941132310205], [-50.652950179999955, -23.462836068310136], [-50.65294979399994, -23.462836736310187], [-50.65294929999994, -23.462837328310176], [-50.65258541099996, -23.46320427331016], [-50.65258473999995, -23.463204829310133], [-50.65258397399998, -23.463205246310167], [-50.65258314099998, -23.463205507310136], [-50.65258227399994, -23.463205601310154], [-50.65258140499997, -23.463205527310148], [-50.65258056699998, -23.46320528631014], [-50.65257979099994, -23.46320488731014], [-50.65199152699995, -23.46282630331018], [-50.65149938899997, -23.462576816310165], [-50.651498920999984, -23.462576542310163], [-50.65105053599996, -23.46227621531019], [-50.650801867999974, -23.462322591310176], [-50.65054052799996, -23.462410963310177], [-50.65040526599994, -23.462525008310156], [-50.650404530999936, -23.46252551231016], [-50.65040371099997, -23.462525861310173], [-50.650402836999945, -23.4625260413102], [-50.650401945999924, -23.462526045310153], [-50.650401070999976, -23.462525873310156], [-50.650400246999936, -23.46252553231018]]]}, "properties": {"objectid": 8801307, "cod_tema": "RIO_ATE_10", "nom_tema": "Curso d'agua natural de ate 10 metros", "cod_imovel": "PR-4126009-E7306396EA414BA0A3DF98310978638B", "ind_status": "PE", "des_condic": "Aguardando analise, apos revisao ou atendimento da notificacao", "Shape__Area": 9.457625184329255e-08, "Shape__Length": 0.021073449017602403}}, {"type": "Feature", "id": 8801337, "geometry": {"type": "Polygon", "coordinates": [[[-50.62980494699997, -23.454843176310323], [-50.62980494699997, -23.45447892231035], [-50.62995503199995, -23.45420829431034], [-50.62999225699998, -23.45383145931036], [-50.62991878899993, -23.4535476903104], [-50.62980494699997, -23.45345450031038], [-50.62980494699997, -23.45330003731037], [-50.63002760799998, -23.453400823310393], [-50.63016410399996, -23.453986930310386], [-50.62980494699997, -23.454843176310323]]]}, "properties": {"objectid": 8801337, "cod_tema": "RIO_10_A_50", "nom_tema": "Curso d'agua natural de 10 a 50 metros", "cod_imovel": "PR-4126009-E7A7FFE9681C4810A8292D12B6DD316E", "ind_status": "AT", "des_condic": "Aguardando analise", "Shape__Area": 2.0357473632153978e-07, "Shape__Length": 0.0034218118206350337}}, {"type": "Feature", "id": 8801342, "geometry": {"type": "MultiPolygon", "coordinates": [[[[-50.642311835999976, -23.442743544310602], [-50.642701718999945, -23.44271245831061], [-50.64271052199996, -23.442712622310648], [-50.642719124999985, -23.442714500310615], [-50.64272719499996, -23.442718020310615], [-50.64273442399997, -23.442723048310594], [-50.64274053299994, -23.442729388310624], [-50.64274528799995, -23.44273679931064], [-50.642748505999975, -23.442744995310594], [-50.64275006199995, -23.442753662310622], [-50.642749897999984, -23.442762465310647], [-50.64274801999994, -23.442771068310602], [-50.642744499999935, -23.442779138310645], [-50.64273947299995, -23.44278636731059], [-50.64273313199993, -23.442792476310622], [-50.64272572099998, -23.442797231310635], [-50.642717524999966, -23.44280044831061], [-50.64270885899998, -23.442802005310632], [-50.64231616699993, -23.44283331531062], [-50.64231054299995, -23.442833410310634], [-50.64212737299994, -23.442825023310608], [-50.64211980399995, -23.44282402731062], [-50.64211251199998, -23.442821763310636], [-50.641873664999935, -23.442724665310617], [-50.64186564899996, -23.44272041731062], [-50.641699365999955, -23.442609453310638], [-50.64169583299997, -23.442606836310638], [-50.641526527999986, -23.442468133310634], [-50.64152103699996, -23.442462790310636], [-50.64134568999998, -23.44226028631062], [-50.641342806999944, -23.442256583310623], [-50.64122377199993, -23.44208594431065], [-50.640746227999955, -23.441587413310664], [-50.64040513799995, -23.441319915310633], [-50.64040038599995, -23.44131560731066], [-50.64008449499994, -23.440985126310675], [-50.64008311099997, -23.44098361031068], [-50.63990576799995, -23.44078023731066], [-50.639901598999984, -23.440774628310677], [-50.63973533899997, -23.440510241310673], [-50.63973494099997, -23.440509597310662], [-50.63948555199994, -23.440097763310686], [-50.639483387999974, -23.440093742310705], [-50.63931200899998, -23.439732333310662], [-50.639060607999966, -23.43942146031068], [-50.638833553999966, -23.43914710031069], [-50.63883121799995, -23.43914401531069], [-50.63864833699995, -23.438879627310694], [-50.63864445499996, -23.4388728103107], [-50.638511449999946, -23.43858300031069], [-50.638508926999975, -23.438576042310714], [-50.63850758199993, -23.438568765310706], [-50.63846213299996, -23.438117460310696], [-50.63835814299995, -23.437745885310736], [-50.63824448499997, -23.437398299310708], [-50.63807668499993, -23.437181804310754], [-50.63784302099998, -23.437032540310735], [-50.637576542999966, -23.436929854310755], [-50.63727349599998, -23.436909996310725], [-50.63693674099995, -23.436894802310768], [-50.63655686499993, -23.436891668310764], [-50.63654938199994, -23.436890978310732], [-50.636034010999936, -23.43679945631074], [-50.636031565999986, -23.436798951310745], [-50.63562148599994, -23.436702345310742], [-50.63561252799997, -23.436699204310766], [-50.63496970399996, -23.436394133310756], [-50.63496388799996, -23.43639082031078], [-50.63479997199994, -23.43628052931079], [-50.63458830699995, -23.43617371531073], [-50.63415971099994, -23.436131577310764], [-50.63402786499995, -23.43635558331076], [-50.63397775399994, -23.436551705310738], [-50.63397332599993, -23.436562709310778], [-50.63382369699997, -23.436827097310783], [-50.63382316099995, -23.436828019310738], [-50.633634738999945, -23.43714325031075], [-50.63363023099999, -23.437149502310728], [-50.63338085099997, -23.437439309310736], [-50.633376865999935, -23.43744338531071], [-50.633072066999944, -23.43771793831076], [-50.63306668299998, -23.437722095310736], [-50.63306073299998, -23.437725391310725], [-50.63305926399994, -23.437726065310763], [-50.63288403499996, -23.437943567310747], [-50.63281032499998, -23.438271994310742], [-50.63285354499993, -23.438698405310717], [-50.63299732399997, -23.43923486431069], [-50.63299807699997, -23.439238167310716], [-50.63304794499994, -23.43950255831068], [-50.63304871799994, -23.43951016531067], [-50.63305424999999, -23.439855906310715], [-50.633053398999955, -23.439865353310672], [-50.63305058399993, -23.439874410310683], [-50.63285106699994, -23.440337091310663], [-50.63284658799994, -23.44034510631065], [-50.63284057299996, -23.440352044310657], [-50.63260780999997, -23.440570671310677], [-50.63260599399996, -23.44057228731066], [-50.63226926099997, -23.440855891310648], [-50.63150829999995, -23.441604634310664], [-50.63114384399995, -23.442035236310645], [-50.631137524999986, -23.442041367310615], [-50.631130129999974, -23.44204614731065], [-50.63112194499996, -23.44204939331066], [-50.63111328399998, -23.442050979310654], [-50.631104479999976, -23.442050846310632], [-50.63109587199994, -23.442048997310636], [-50.631087788999935, -23.442045505310613], [-50.631080542999946, -23.442040502310604], [-50.63107441199998, -23.442034183310646], [-50.631069631999935, -23.442026788310635], [-50.631066385999986, -23.442018603310622], [-50.631064798999944, -23.442009942310637], [-50.631064932999955, -23.442001138310633], [-50.63106678099995, -23.441992529310614], [-50.631070273999974, -23.441984447310645], [-50.63107527599994, -23.441977201310653], [-50.631441053999936, -23.441545036310657], [-50.63144383599996, -23.44154203731065], [-50.63220749599998, -23.44079064031069], [-50.632210063999935, -23.440788301310633], [-50.63254719599996, -23.44050436131067], [-50.632772271999954, -23.440292953310685], [-50.63296427499995, -23.43984769831065], [-50.63295895899995, -23.439515438310668], [-50.632910115999955, -23.439256483310675], [-50.632765837999955, -23.438718164310703], [-50.63276453599997, -23.43871106531069], [-50.632720216999985, -23.438273800310746], [-50.632720067999976, -23.438266583310718], [-50.632721077999975, -23.438259435310712], [-50.63279867299996, -23.437913694310737], [-50.63280204399996, -23.43790401431073], [-50.63280752199995, -23.437895351310715], [-50.63299594599994, -23.43766147131072], [-50.633003335999945, -23.437654204310725], [-50.633012194999935, -23.43764882431072], [-50.63301704299994, -23.43764660131075], [-50.63331462199994, -23.43737855131071], [-50.63355961599996, -23.43709384031077], [-50.63374577999998, -23.43678238731078], [-50.633892198999945, -23.436523670310773], [-50.63394240699996, -23.436327172310744], [-50.633947215999974, -23.436315508310752], [-50.63409684699997, -23.436061287310768], [-50.63410182999996, -23.436054404310756], [-50.634108020999975, -23.436048583310743], [-50.63411519699997, -23.436044033310775], [-50.63412310199993, -23.436040915310784], [-50.634131451999956, -23.436039342310767], [-50.63413994999996, -23.43603937031075], [-50.634605446999956, -23.43608513531078], [-50.63461357999996, -23.43608670331075], [-50.63462128799995, -23.43608973731078], [-50.63484295099994, -23.436201596310788], [-50.63484778899993, -23.436204430310767], [-50.63501125099998, -23.436314416310758], [-50.63564673099995, -23.436616001310732], [-50.636050947999934, -23.436711227310777], [-50.63656137699997, -23.436801871310735], [-50.636938308999966, -23.436804980310757], [-50.636939962999975, -23.436805024310758], [-50.63727800199995, -23.436820276310794], [-50.63727891399997, -23.43682032731075], [-50.63758924499996, -23.436840663310722], [-50.63759596199997, -23.436841616310762], [-50.637602458999936, -23.436843571310717], [-50.63787954099997, -23.436950342310777], [-50.637887570999965, -23.436954402310747], [-50.638131600999934, -23.43711028831076], [-50.63813770499996, -23.43711497031076], [-50.63814292199999, -23.43712062431077], [-50.638320256999975, -23.437349422310728], [-50.638324434999966, -23.437355891310748], [-50.638327446999945, -23.437362978310727], [-50.638443826999946, -23.437718887310723], [-50.63844438999996, -23.437720742310717], [-50.638549686999966, -23.43809699031072], [-50.638551122999964, -23.43810459431073], [-50.638596211999975, -23.43855232531073], [-50.638724455999984, -23.438831762310677], [-50.638903994999964, -23.439091319310673], [-50.639129975999936, -23.439364383310675], [-50.63913029799994, -23.439364776310715], [-50.639385224999955, -23.439680008310702], [-50.639390883999965, -23.43968900731069], [-50.639563576999926, -23.440053187310713], [-50.639811585999944, -23.44046274131068], [-50.63997577799995, -23.44072384031067], [-50.64015014199998, -23.44092379731067], [-50.640463102999945, -23.44125121231063], [-50.640804173999975, -23.441518695310627], [-50.64080889199994, -23.44152296931063], [-50.641291052999975, -23.442026319310635], [-50.64129545499998, -23.442031692310614], [-50.64141513899994, -23.442203259310602], [-50.64158643099995, -23.442401080310624], [-50.64175105999993, -23.442535953310603], [-50.64191171899994, -23.4426431643106], [-50.642139191999945, -23.442735639310623], [-50.642311835999976, -23.442743544310602]]], [[[-50.64908307799993, -23.46192532631019], [-50.65171555899997, -23.461673644310192], [-50.65171555899997, -23.461682668310203], [-50.64908086999998, -23.461934562310173], [-50.64907997199998, -23.461934557310173], [-50.64907909299995, -23.461934375310154], [-50.64907826799998, -23.461934021310217], [-50.64907752999994, -23.461933510310157], [-50.649076907999984, -23.461932862310185], [-50.649076426999954, -23.46193210431019], [-50.64846409699993, -23.460711241310204], [-50.64717743199998, -23.46159095931021], [-50.64717671699998, -23.461591358310198], [-50.64399459699995, -23.46300192031015], [-50.64399380899994, -23.46300218531019], [-50.64399298599995, -23.463002301310144], [-50.643992154999985, -23.463002262310166], [-50.64399134599995, -23.46300207231013], [-50.643990584999976, -23.463001735310176], [-50.64398989999995, -23.46300126431015], [-50.64398931399996, -23.463000674310145], [-50.643988845999964, -23.462999987310187], [-50.642617161999965, -23.46051824331022], [-50.64261681299996, -23.460517434310187], [-50.642616628999974, -23.460516573310198], [-50.64261661699992, -23.46051569331024], [-50.642616776999944, -23.460514827310195], [-50.64261710199997, -23.460514009310202], [-50.64261758099997, -23.460513270310233], [-50.64261819499995, -23.460512639310192], [-50.64261891999996, -23.460512139310193], [-50.64261972899993, -23.460511791310235], [-50.64262058999997, -23.460511607310195], [-50.64262146999994, -23.46051159531021], [-50.64262233599993, -23.460511754310236], [-50.64262315399998, -23.460512080310195], [-50.64262389299995, -23.46051255931019], [-50.642624523999984, -23.460513172310247], [-50.64262502399998, -23.460513898310243], [-50.64399471799993, -23.46299204131014], [-50.64717270099993, -23.461583312310186], [-50.64846327199995, -23.460700924310217], [-50.64846401599993, -23.460700512310215], [-50.648464823999966, -23.460700249310197], [-50.64846566699998, -23.460700142310202], [-50.64846651499994, -23.4607001963102], [-50.648467337999925, -23.46070040931022], [-50.64846810599994, -23.46070077331023], [-50.64846879199996, -23.46070127531021], [-50.64846937099998, -23.46070189731023], [-50.64846982199999, -23.46070261831022], [-50.64908307799993, -23.46192532631019]]], [[[-50.63143426199997, -23.45512217531036], [-50.63133270299994, -23.455165418310344], [-50.63133186299995, -23.455165681310344], [-50.631330987999945, -23.45516577631031], [-50.631330110999954, -23.455165699310335], [-50.631329265999966, -23.455165451310343], [-50.63132848499998, -23.455165044310323], [-50.63132779899996, -23.455164492310306], [-50.63132723399997, -23.455163817310343], [-50.631326810999944, -23.45516304531032], [-50.63132654699996, -23.455162205310337], [-50.63132645199994, -23.455161329310336], [-50.63132652999997, -23.455160452310338], [-50.63132677699998, -23.455159607310357], [-50.631327184999975, -23.455158827310367], [-50.631327735999946, -23.455158140310353], [-50.63132841199997, -23.455157575310356], [-50.63132918399998, -23.455157152310345], [-50.631431716999934, -23.455113495310353], [-50.63143271299999, -23.45511320231032], [-50.63143374899994, -23.455113145310357], [-50.631688071999974, -23.455128559310314], [-50.63168887899997, -23.455128682310324], [-50.63168964999994, -23.455128949310343], [-50.63169035999993, -23.455129352310347], [-50.63169098599997, -23.455129876310313], [-50.63187981399994, -23.455319829310334], [-50.63188035999997, -23.455320496310325], [-50.63188076899996, -23.455321254310316], [-50.63188102599998, -23.455322077310313], [-50.631881119999946, -23.455322933310367], [-50.631884525999965, -23.4555660093103], [-50.632046349999946, -23.455469683310348], [-50.63229723699994, -23.455287211310353], [-50.63229801699998, -23.45528675631033], [-50.632298871999986, -23.45528646631033], [-50.63229976799994, -23.455286353310324], [-50.63230066799997, -23.45528642231034], [-50.63230153599994, -23.455286669310336], [-50.632302337999924, -23.45528708531032], [-50.63266394599998, -23.455523602310336], [-50.63266461599995, -23.45552413931034], [-50.632665171999975, -23.455524793310303], [-50.632665592999956, -23.455525541310347], [-50.632665864999986, -23.455526356310315], [-50.63268966299995, -23.455630018310327], [-50.63268977699994, -23.4556309553103], [-50.632689691999985, -23.455631896310308], [-50.63268941199993, -23.455632797310322], [-50.63268894999993, -23.45563362131031], [-50.63268832599993, -23.45563432931032], [-50.63268756799993, -23.45563489231034], [-50.632485677999966, -23.45575399031031], [-50.63253846399993, -23.456003619310298], [-50.63269636999996, -23.45604587131031], [-50.63314448099993, -23.455843897310324], [-50.63314529499996, -23.455843620310286], [-50.633146145999945, -23.455843504310323], [-50.63355642999994, -23.45582694431033], [-50.633557286999974, -23.455826992310325], [-50.63355811899998, -23.455827201310335], [-50.633938317999934, -23.455962682310297], [-50.63393912199996, -23.455963062310317], [-50.63462482799998, -23.456374619310324], [-50.63490232999993, -23.456473170310325], [-50.635689223999975, -23.456032354310295], [-50.63614293799998, -23.455705401310347], [-50.63614327099999, -23.455705183310325], [-50.63731792899994, -23.455007695310318], [-50.637318652999966, -23.455007349310346], [-50.637319426999966, -23.455007137310307], [-50.637320226999975, -23.455007066310326], [-50.637772366999975, -23.455007484310336], [-50.63777322199997, -23.45500756731031], [-50.63777404599995, -23.45500781131035], [-50.63803808599994, -23.455114511310356], [-50.639238001999956, -23.455521286310326], [-50.63923906299993, -23.45552181131034], [-50.63942990399995, -23.455649896310312], [-50.639637870999934, -23.4556434203103], [-50.64005081799996, -23.455386045310316], [-50.64005178399998, -23.455385592310336], [-50.64005282899995, -23.455385380310307], [-50.640287078999954, -23.455366319310315], [-50.64028804199996, -23.45536634431033], [-50.64028897799994, -23.455366575310332], [-50.64028984299995, -23.45536699931034], [-50.640290596999925, -23.455367598310318], [-50.64029120699996, -23.45536834531032], [-50.640691068999956, -23.455982322310312], [-50.64069117899999, -23.4559825003103], [-50.640962702999964, -23.4564452443103], [-50.640963117999945, -23.456446182310327], [-50.64096330899997, -23.456447190310286], [-50.64099833299998, -23.4569275263103], [-50.64107679799998, -23.45789067431026], [-50.641076778999945, -23.45789158831025], [-50.64107657499994, -23.457892479310267], [-50.64107619599997, -23.45789331131027], [-50.64107565499995, -23.45789404831027], [-50.64107497699996, -23.457894661310263], [-50.64085265299996, -23.458057674310275], [-50.640759407999944, -23.458186866310246], [-50.64075873399998, -23.458187608310258], [-50.64075791199997, -23.458188183310252], [-50.64075698299996, -23.458188561310283], [-50.64057402599997, -23.458240069310243], [-50.640570655999966, -23.45843316931028], [-50.64079664499997, -23.458555873310257], [-50.64079742499996, -23.458556409310283], [-50.640798073999974, -23.45855709831026], [-50.640798565999944, -23.458557907310237], [-50.64079887599996, -23.458558801310275], [-50.640867498999974, -23.458853338310277], [-50.64086761299996, -23.45885420731024], [-50.640867556999986, -23.458855081310254], [-50.64086733199998, -23.458855929310268], [-50.64086694599996, -23.458856716310244], [-50.64086641499995, -23.45885741331027], [-50.64086575899996, -23.45885799431025], [-50.64077060699998, -23.458926919310255], [-50.64114063499994, -23.45906546331022], [-50.641277756999955, -23.459077649310277], [-50.64127857199998, -23.45907779931023], [-50.64127934499999, -23.459078095310222], [-50.641280050999974, -23.45907852831025], [-50.64128066599994, -23.45907908331024], [-50.64128116799998, -23.459079742310248], [-50.641281539999966, -23.459080482310274], [-50.64128176999998, -23.45908127831028], [-50.641303783999945, -23.45919613531024], [-50.64130386299997, -23.459196895310278], [-50.64130381299998, -23.459197658310277], [-50.64130363399994, -23.45919840131026], [-50.64125497299994, -23.459344419310266], [-50.64140594799994, -23.459444041310256], [-50.641785655999975, -23.459349107310256], [-50.641786527999955, -23.459348979310246], [-50.64178740699998, -23.45934902231025], [-50.64178826099994, -23.459349236310256], [-50.64178905699998, -23.459349613310245], [-50.64178976399995, -23.459350138310278], [-50.641790354999955, -23.459350791310232], [-50.64179080699995, -23.459351546310266], [-50.64179110299995, -23.45935237531026], [-50.641791231999946, -23.459353246310258], [-50.641791188999946, -23.45935412631027], [-50.641790973999946, -23.459354980310227], [-50.641790596999954, -23.459355776310208], [-50.64179007299998, -23.45935648331024], [-50.64178941999995, -23.459357074310248], [-50.64178866499998, -23.45935752631024], [-50.641787834999946, -23.459357822310228], [-50.641406211999936, -23.45945323531023], [-50.641405292999934, -23.45945336631026], [-50.64140436599995, -23.45945330531023], [-50.64140347199997, -23.459453055310256], [-50.64140264799994, -23.45945262731023], [-50.64124714799994, -23.459350018310232], [-50.641246493999965, -23.459349493310267], [-50.64124594899993, -23.45934885531025], [-50.64124553199997, -23.459348127310214], [-50.64124525799997, -23.459347334310245], [-50.641245135999945, -23.459346504310215], [-50.64124517099998, -23.459345666310266], [-50.64124536099995, -23.459344849310263], [-50.64129473999998, -23.45919667431022], [-50.641273585999954, -23.45908629731023], [-50.64113923299993, -23.459074357310254], [-50.64113805599994, -23.45907409031022], [-50.64075961999999, -23.458932397310242], [-50.64075882999999, -23.458932010310242], [-50.640758131999974, -23.45893147631026], [-50.64075755099998, -23.45893081731024], [-50.640757108999935, -23.458930057310262], [-50.640756823999936, -23.45892922531025], [-50.640756705999934, -23.458928354310252], [-50.64075675999994, -23.45892747731027], [-50.64075698399995, -23.458926627310266], [-50.64075736999996, -23.458925836310286], [-50.64075790199996, -23.458925136310235], [-50.64075855999993, -23.45892455431025], [-50.64085807299994, -23.458852470310234], [-50.64079058499993, -23.458562804310237], [-50.640563973999974, -23.45843976331024], [-50.64056329599998, -23.458439310310258], [-50.64056270999998, -23.458438742310243], [-50.64056223699998, -23.458438078310273], [-50.64056189199994, -23.458437339310233], [-50.640561685999955, -23.458436550310278], [-50.64056162599996, -23.458435737310243], [-50.64056510299997, -23.45823657231028], [-50.64056519199994, -23.458235757310252], [-50.640565426999956, -23.45823497231027], [-50.64056580099998, -23.458234243310297], [-50.64056630199996, -23.458233594310283], [-50.64056691199995, -23.458233047310266], [-50.640567610999945, -23.45823262031028], [-50.64056837599997, -23.458232327310256], [-50.64075304099999, -23.458180338310278], [-50.64084578399997, -23.458051842310276], [-50.64084623799994, -23.458051307310257], [-50.64084676999994, -23.458050849310276], [-50.64106763999997, -23.457888901310294], [-50.64098937799998, -23.456928236310286], [-50.64098937499995, -23.456928198310294], [-50.64095442599995, -23.456448887310305], [-50.640683484999954, -23.455987137310323], [-50.64028513999995, -23.455375490310296], [-50.640054643999974, -23.45539424531034], [-50.639641595999926, -23.455651683310347], [-50.63964089499995, -23.455652040310323], [-50.63964014199996, -23.4556522683103], [-50.63963935999994, -23.455652361310335], [-50.63942873999997, -23.455658920310327], [-50.63942781299995, -23.455658853310357], [-50.63942691899996, -23.45565859631033], [-50.639426096999955, -23.455658160310346], [-50.63923455199995, -23.455529602310307], [-50.638035080999934, -23.455122978310342], [-50.63803483999993, -23.45512288831032], [-50.63777148799995, -23.455016466310337], [-50.63732145399996, -23.455016050310356], [-50.63614802899997, -23.455712805310313], [-50.63569426799995, -23.456039791310314], [-50.635693836999955, -23.456040066310308], [-50.63490494299998, -23.456482003310303], [-50.634904064999944, -23.456482379310305], [-50.63490312699997, -23.45648256031032], [-50.634902172999944, -23.45648253931032], [-50.63490124399994, -23.45648231731028], [-50.63462139899997, -23.456382934310312], [-50.63462058999994, -23.456382552310323], [-50.63393488199995, -23.45597099431034], [-50.63355592299996, -23.455835955310302], [-50.63314737799993, -23.455852445310306], [-50.632698600999966, -23.45605471831031], [-50.63269762599998, -23.456055030310306], [-50.632696606999964, -23.456055113310327], [-50.63269559399998, -23.456054963310336], [-50.63253347899995, -23.45601158531029], [-50.632532706999946, -23.4560113003103], [-50.63253199899997, -23.456010879310313], [-50.63253138099998, -23.45601033631031], [-50.63253087199996, -23.456009690310328], [-50.632530488999976, -23.45600896131031], [-50.63253024599993, -23.456008175310316], [-50.63247622099993, -23.455752691310348], [-50.632476123999936, -23.455751764310314], [-50.632476219999944, -23.45575083831033], [-50.63247650499994, -23.455749952310313], [-50.632476966999945, -23.455749143310342], [-50.63247758499995, -23.455748447310327], [-50.63247833399999, -23.45574789331032], [-50.63268017299999, -23.455628825310317], [-50.63265751399995, -23.4555301303103], [-50.63230001499994, -23.455296299310305], [-50.63205146699994, -23.455477069310348], [-50.63205112299994, -23.455477296310338], [-50.63188244099996, -23.455577705310304], [-50.63188166899994, -23.455578069310324], [-50.631880842999976, -23.45557828231033], [-50.631879990999956, -23.455578334310303], [-50.63187914399998, -23.455578224310337], [-50.63187833399997, -23.45557795631032], [-50.63187758899994, -23.455577539310347], [-50.63187693599997, -23.455576989310302], [-50.631876398999964, -23.45557632531034], [-50.63187599699995, -23.455575572310345], [-50.631875745999935, -23.455574756310337], [-50.63187565299995, -23.455573908310324], [-50.63187216299997, -23.45532487531034], [-50.63168582099996, -23.45513742231032], [-50.63143426199997, -23.45512217531036]]]]}, "properties": {"objectid": 8801342, "cod_tema": "RIO_ATE_10", "nom_tema": "Curso d'agua natural de ate 10 metros", "cod_imovel": "PR-4126009-EA8CC67719AA472C99397D667E56FD86", "ind_status": "AT", "des_condic": "Aguardando analise", "Shape__Area": 1.973359431568096e-06, "Shape__Length": 0.09544668735129132}}, {"type": "Feature", "id": 8801528, "geometry": {"type": "Polygon", "coordinates": [[[-50.650400246999936, -23.46252553231018], [-50.65009997799996, -23.462364436310178], [-50.65000190899997, -23.462311826310167], [-50.65000089799997, -23.462311084310166], [-50.649841548999966, -23.46215579831018], [-50.64918422499994, -23.46197117631018], [-50.649334412999956, -23.462118429310205], [-50.64933498999994, -23.46211912131016], [-50.649335416999975, -23.46211991531017], [-50.649335676999954, -23.462120779310194], [-50.64933575899994, -23.462121677310183], [-50.64933566099996, -23.462122573310204], [-50.64929273199994, -23.462323818310164], [-50.64929247699996, -23.462324629310178], [-50.64929207199998, -23.4623253793102], [-50.649291533999985, -23.46232603831017], [-50.649290880999956, -23.46232658431019], [-50.64929013699997, -23.462326997310207], [-50.64928932799995, -23.46232726231019], [-50.64928848299997, -23.462327370310177], [-50.64928763399996, -23.462327316310176], [-50.649286809999985, -23.462327103310155], [-50.649286039999936, -23.462326739310203], [-50.64919277699993, -23.462271158310173], [-50.64919178399998, -23.46227035531019], [-50.64904347499999, -23.462110502310182], [-50.649043408999944, -23.462110429310165], [-50.64896490099994, -23.46202201231019], [-50.648751835999974, -23.461986472310194], [-50.648750923999955, -23.461986219310198], [-50.64875008499995, -23.461985780310183], [-50.64874935599994, -23.46198517431016], [-50.64869265799996, -23.461926909310154], [-50.648472785999964, -23.461875134310187], [-50.64847221699995, -23.461874959310165], [-50.64839230199994, -23.461844519310173], [-50.648391543999935, -23.46184414531021], [-50.64839086899997, -23.46184363631019], [-50.64839030099995, -23.461843008310186], [-50.64838986199993, -23.461842286310205], [-50.64838956499995, -23.46184149431016], [-50.64838942199998, -23.46184066031018], [-50.64838943799998, -23.461839815310178], [-50.64838961199995, -23.461838987310184], [-50.648474737999955, -23.46156548531016], [-50.648475079999976, -23.461564675310203], [-50.648475573999974, -23.461563948310225], [-50.64847619899996, -23.46156333031022], [-50.64847693299998, -23.461562846310215], [-50.64859464499994, -23.46150082931021], [-50.64860529699996, -23.461205625310228], [-50.64857974499996, -23.46113657631019], [-50.64857952999996, -23.461135771310225], [-50.648579466999934, -23.46113493931021], [-50.648579558999984, -23.461134110310223], [-50.64857980299996, -23.461133312310196], [-50.64858018999997, -23.461132573310223], [-50.64858070699995, -23.461131918310226], [-50.64858133599996, -23.46113137031021], [-50.64866624399997, -23.461070344310194], [-50.648230783999956, -23.46088125931021], [-50.64822413099995, -23.460928068310224], [-50.64822392299994, -23.46092891931021], [-50.648223554999966, -23.46092971431021], [-50.64822303799997, -23.460930423310227], [-50.64793038599999, -23.461259098310197], [-50.647929683999955, -23.461259736310218], [-50.64792886299995, -23.461260213310172], [-50.64777512499995, -23.461328870310222], [-50.647754290999956, -23.461461363310182], [-50.64775409099997, -23.46146215531022], [-50.64775375099998, -23.46146289831021], [-50.647753282999986, -23.461463567310187], [-50.64775270099995, -23.461464140310216], [-50.64775202499993, -23.4614645983102], [-50.64730302099996, -23.461712527310198], [-50.64730226099994, -23.461712859310214], [-50.647301452999955, -23.461713046310162], [-50.64730062499995, -23.461713081310194], [-50.647299803999935, -23.461712963310198], [-50.646938123999966, -23.4616263433102], [-50.646358125999946, -23.462159954310167], [-50.64635753599998, -23.46216041231016], [-50.64635687799995, -23.46216076731016], [-50.64593251699995, -23.46234551831016], [-50.64593195499999, -23.46234572031019], [-50.645412319999934, -23.46249385331016], [-50.645342738999936, -23.46259613531016], [-50.64539947499998, -23.46268609331015], [-50.645399845999975, -23.46268682131018], [-50.64540007899995, -23.462687603310155], [-50.645400166999934, -23.46268841431016], [-50.64540010699994, -23.462689228310193], [-50.64532338599997, -23.463149275310172], [-50.64532317099998, -23.463150086310176], [-50.645322808999936, -23.463150843310192], [-50.64522671799995, -23.463311408310172], [-50.64522622399994, -23.463312081310157], [-50.64522561399997, -23.463312652310137], [-50.64522490999996, -23.46331310031019], [-50.645224133999925, -23.463313409310157], [-50.64522331499996, -23.463313570310152], [-50.64473625399995, -23.463362774310145], [-50.64473531299996, -23.463362770310134], [-50.644734392999965, -23.463362570310146], [-50.64473353499994, -23.463362183310142], [-50.64455335999997, -23.463256811310142], [-50.644552644999976, -23.46325629231016], [-50.644552045999944, -23.463255644310145], [-50.64455158499993, -23.463254891310154], [-50.64455127999997, -23.463254062310163], [-50.64447892999993, -23.462975207310137], [-50.644215790999965, -23.462892697310167], [-50.64421499099996, -23.462892359310164], [-50.64421427099995, -23.46289187231015], [-50.644213658999945, -23.462891256310176], [-50.64421317599994, -23.462890534310134], [-50.644212841999945, -23.462889732310142], [-50.64421266799997, -23.462888881310164], [-50.64421266099999, -23.462888013310135], [-50.64423485899994, -23.462638973310167], [-50.64423899899998, -23.462515447310192], [-50.64423487599999, -23.46242730731019], [-50.64388844099995, -23.462269484310198], [-50.64388768399994, -23.462269045310176], [-50.64388702499997, -23.462268467310153], [-50.643886491999986, -23.462267772310167], [-50.64388610299995, -23.462266987310176], [-50.643885873999984, -23.462266142310185], [-50.643862533999936, -23.462127485310155], [-50.64376687099997, -23.46199615131021], [-50.64376642399998, -23.461995390310186], [-50.643766133999975, -23.461994557310184], [-50.64376601299995, -23.461993683310162], [-50.64376606499997, -23.461992802310167], [-50.64376628899999, -23.4619919483102], [-50.64387805199994, -23.46168993031019], [-50.64376489799997, -23.46166930131019], [-50.64376404099993, -23.461669055310185], [-50.64376324899996, -23.46166864431021], [-50.64376255399998, -23.461668084310155], [-50.64376198299993, -23.46166739831019], [-50.643761558999984, -23.4616666133102], [-50.64368606399995, -23.4614857853102], [-50.643685798999975, -23.4614849093102], [-50.64368571699999, -23.46148399731019], [-50.64368582199995, -23.4614830883102], [-50.64368610899999, -23.461482218310177], [-50.643686565999985, -23.4614814263102], [-50.64368717499997, -23.46148074231022], [-50.64368790899993, -23.461480196310198], [-50.64368873899997, -23.461479810310184], [-50.64368962999998, -23.461479600310188], [-50.643769720999956, -23.461469208310206], [-50.64364725299998, -23.46126419631018], [-50.64345432899995, -23.461196928310226], [-50.64338473099997, -23.461335419310203], [-50.643384237999946, -23.461336191310217], [-50.643383599999936, -23.461336847310207], [-50.64338284099995, -23.461337360310186], [-50.64338199499997, -23.461337709310197], [-50.64338109499994, -23.46133787831018], [-50.64338017999995, -23.461337862310224], [-50.64337928599997, -23.4613376603102], [-50.64337845299996, -23.461337281310175], [-50.64337771299994, -23.461336742310195], [-50.64321908599993, -23.46119402231021], [-50.64321848299994, -23.461193359310233], [-50.64321802299998, -23.461192589310187], [-50.64321772599993, -23.46119174431019], [-50.64321760199993, -23.461190856310207], [-50.64321765699998, -23.46118996231023], [-50.643240068999944, -23.461052228310212], [-50.64308864599997, -23.461019443310178], [-50.64308779699997, -23.461019169310184], [-50.64308701799995, -23.461018731310208], [-50.64308634199995, -23.461018149310224], [-50.643085793999944, -23.461017444310237], [-50.64308539599995, -23.461016645310206], [-50.64296952199993, -23.460710950310204], [-50.642365135999974, -23.460299819310205], [-50.642364673999964, -23.460299458310207], [-50.641955208999946, -23.459934407310254], [-50.641954634999934, -23.4599337883102], [-50.641756276999956, -23.459675266310242], [-50.64175583699995, -23.45967456731025], [-50.641755531999934, -23.45967380031023], [-50.64175537199998, -23.45967298931022], [-50.64175536399995, -23.45967216431025], [-50.64175550699997, -23.459671350310224], [-50.64175579699997, -23.459670577310206], [-50.64186138199994, -23.459452184310255], [-50.64178326399997, -23.459356302310223], [-50.64178277699995, -23.459355568310258], [-50.64178244299995, -23.459354753310233], [-50.641782273999986, -23.459353889310215], [-50.64178227799994, -23.459353009310263], [-50.64178245199997, -23.459352146310238], [-50.64178279199996, -23.459351333310252], [-50.64178328399999, -23.459350603310227], [-50.64178390899997, -23.459349983310265], [-50.64178464299993, -23.459349496310235], [-50.64178545699997, -23.459349162310243], [-50.64178632199997, -23.459348993310257], [-50.641787201999925, -23.45934899631024], [-50.64178806499996, -23.459349171310272], [-50.64178887699996, -23.45934951131025], [-50.641789607999954, -23.459350003310224], [-50.641790227999934, -23.459350628310258], [-50.64187015299996, -23.459448727310207], [-50.64187062399998, -23.45944943231026], [-50.641870953999955, -23.459450212310255], [-50.64187113199994, -23.45945104131024], [-50.641871150999975, -23.459451888310262], [-50.64187100999993, -23.459452724310232], [-50.64187071499998, -23.459453519310237], [-50.64176508899994, -23.459671994310234], [-50.64196150399994, -23.45992798431025], [-50.64237043199996, -23.4602925573102], [-50.642975745999934, -23.460704319310196], [-50.64297644599998, -23.460704907310227], [-50.64297701099997, -23.460705624310204], [-50.64297741999996, -23.460706441310204], [-50.643092930999956, -23.461011180310194], [-50.64324613799994, -23.46104435031019], [-50.64324694899995, -23.46104460931018], [-50.643247696999936, -23.46104501531021], [-50.643248354999976, -23.461045556310225], [-50.643248898999964, -23.461046211310173], [-50.64324930999993, -23.461046957310188], [-50.64324957199995, -23.461047767310205], [-50.643249676999964, -23.461048612310194], [-50.64324962099994, -23.46104946231019], [-50.643226916999936, -23.461188984310226], [-50.64337934699995, -23.461326127310183], [-50.643448072999945, -23.4611893733102], [-50.643448569999975, -23.461188595310187], [-50.643449214999976, -23.461187935310175], [-50.64344998099995, -23.4611874223102], [-50.64345083599994, -23.461187075310175], [-50.64345174399994, -23.461186911310204], [-50.64345266699996, -23.46118693631022], [-50.64345356499996, -23.46118714831019], [-50.643651750999936, -23.461256250310203], [-50.643652463999956, -23.461256571310212], [-50.64365310999995, -23.461257010310174], [-50.64365367099998, -23.461257555310205], [-50.64365412799998, -23.461258188310218], [-50.64378094399996, -23.4614704783102], [-50.64378132199993, -23.46147128131017], [-50.64378153399997, -23.461472143310207], [-50.643781571999966, -23.461473031310195], [-50.64378143599998, -23.461473908310186], [-50.643781128999926, -23.46147474131018], [-50.64378066399996, -23.461475498310204], [-50.64378005999998, -23.46147614931018], [-50.643779338999934, -23.461476667310173], [-50.64377853099996, -23.461477034310207], [-50.64377766599995, -23.461477235310184], [-50.64369661899997, -23.46148775231021], [-50.64376890899996, -23.46166090131019], [-50.64388492699993, -23.46168205231018], [-50.64388576299996, -23.46168229031016], [-50.64388653799995, -23.461682684310208], [-50.64388722199994, -23.461683221310214], [-50.643887789999944, -23.461683879310186], [-50.643888219999944, -23.461684634310227], [-50.64388849699998, -23.461685459310196], [-50.643888609999976, -23.46168632131018], [-50.64388855499993, -23.461687188310226], [-50.64388833399994, -23.46168802931017], [-50.64377554899994, -23.461992808310207], [-50.64387041799995, -23.462123051310208], [-50.64387092799995, -23.462123954310208], [-50.64387121699997, -23.4621249503102], [-50.64389433699994, -23.4622622983102], [-50.64424109599997, -23.462420269310158], [-50.64424180799995, -23.462420676310174], [-50.64424243399998, -23.46242120531015], [-50.64424295399993, -23.462421839310164], [-50.644243348999964, -23.462422557310177], [-50.644243607999954, -23.46242333531019], [-50.64424372099995, -23.462424147310188], [-50.64424798099998, -23.46251520731018], [-50.64424798299995, -23.46251556831016], [-50.644243832999955, -23.462639398310163], [-50.64424381799996, -23.462639646310162], [-50.64422192999996, -23.46288520831019], [-50.644483994999966, -23.462967381310136], [-50.64448482999996, -23.46296773931015], [-50.644485575999965, -23.462968258310184], [-50.64448620199994, -23.462968916310167], [-50.64448668299997, -23.46296968731014], [-50.64448699899998, -23.462970539310156], [-50.64455950699995, -23.463249999310158], [-50.64473680699996, -23.46335369031015], [-50.64522016799998, -23.463304859310135], [-50.645314664999944, -23.463146959310162], [-50.645390963999944, -23.462689438310182], [-50.64533357099998, -23.462598438310188], [-50.645333181999945, -23.462597663310152], [-50.645332947999975, -23.462596828310158], [-50.645332879999955, -23.462595964310154], [-50.64533297799994, -23.46259510231017], [-50.64533323999996, -23.462594276310142], [-50.64533365699999, -23.462593515310175], [-50.64540580899996, -23.462487454310185], [-50.64540630199996, -23.462486849310167], [-50.64540689299998, -23.462486339310153], [-50.645407561999946, -23.462485939310177], [-50.64540829099997, -23.462485661310172], [-50.64592920499996, -23.46233716331019], [-50.64635259999994, -23.46215283231017], [-50.64693380299997, -23.46161811331021], [-50.64693450399995, -23.461617584310183], [-50.646935293999945, -23.461617202310187], [-50.64693614399994, -23.46161698131019], [-50.64693701999994, -23.461616930310225], [-50.646937889999954, -23.461617050310192], [-50.647300202999986, -23.461703822310167], [-50.647745757999985, -23.461457796310228], [-50.64776662999998, -23.461325066310206], [-50.647766855999976, -23.461324203310184], [-50.64776724699993, -23.4613234013102], [-50.647767788999936, -23.461322693310173], [-50.64776846099994, -23.461322105310195], [-50.64776923599993, -23.46132166231022], [-50.64792431899997, -23.461252404310226], [-50.648215427999965, -23.460925461310232], [-50.64822271999998, -23.4608741593102], [-50.64822294099997, -23.460873270310223], [-50.64822333699994, -23.460872444310198], [-50.64822389299997, -23.460871716310226], [-50.64822458599997, -23.460871115310226], [-50.64822538499993, -23.46087066831023], [-50.648226258999955, -23.46087039231019], [-50.648227170999974, -23.4608703003102], [-50.648228081999946, -23.46087039431023], [-50.64822895599997, -23.46087067231019], [-50.648677077999935, -23.46106525431019], [-50.64867782999994, -23.461065671310212], [-50.64867848899996, -23.461066223310226], [-50.64867903099997, -23.46106689031022], [-50.64867943599995, -23.46106764931021], [-50.648679687999966, -23.46106847031022], [-50.64867977999995, -23.46106932531022], [-50.648679706999985, -23.461070182310195], [-50.64867947199996, -23.461071009310206], [-50.64867908399998, -23.461071776310213], [-50.64867855699998, -23.461072455310205], [-50.64867790999995, -23.46107302131019], [-50.64858935799998, -23.46113666831018], [-50.648614029999976, -23.461203341310217], [-50.648614252999955, -23.4612041873102], [-50.648614305999956, -23.461205061310228], [-50.648603528999956, -23.461503752310175], [-50.64860339599994, -23.461504684310196], [-50.64860307299995, -23.46150556831018], [-50.64860257199996, -23.46150636531023], [-50.64860191599996, -23.46150704031018], [-50.64860113399994, -23.46150756431021], [-50.64848276299995, -23.461569928310183], [-50.64839944399995, -23.461837627310185], [-50.648475135999945, -23.4618664583102], [-50.64869599199995, -23.4619184663102], [-50.64869679599997, -23.461918737310185], [-50.64869753499994, -23.4619191553102], [-50.648698181999976, -23.461919705310173], [-50.64875476699996, -23.461977854310156], [-50.64896794399994, -23.46201341331019], [-50.64896891999996, -23.462013692310183], [-50.64896980799994, -23.462014183310174], [-50.64897056399997, -23.462014861310163], [-50.64905009399996, -23.462104428310194], [-50.64919792999996, -23.46226377231018], [-50.64928525499994, -23.462315813310187], [-50.649326359999975, -23.46212311431017], [-50.649165420999964, -23.46196531931016], [-50.64916483799993, -23.461964619310173], [-50.64916440899998, -23.461963816310192], [-50.64916415099999, -23.461962943310162], [-50.64916407399994, -23.461962036310208], [-50.649164181999936, -23.46196113231016], [-50.64916446999996, -23.4619602683102], [-50.64916492599997, -23.461959480310174], [-50.649165531999984, -23.4619588003102], [-50.64916626199994, -23.46195825631016], [-50.649167086999974, -23.461957871310204], [-50.64916797299998, -23.461957660310155], [-50.64916888299995, -23.461957632310163], [-50.649169779999966, -23.46195778831017], [-50.64984507999998, -23.46214745831017], [-50.649845777999985, -23.462147719310185], [-50.64984642399998, -23.462148092310166], [-50.649846999999966, -23.462148566310155], [-50.65000671399997, -23.46230420931018], [-50.65010422499995, -23.462356520310166], [-50.65040180699998, -23.462516174310178], [-50.65053538799998, -23.46240354731017], [-50.65053607799996, -23.46240306831016], [-50.65053684499998, -23.462402726310202], [-50.65079929199993, -23.462313979310196], [-50.650799906999964, -23.46231381931019], [-50.65105068999998, -23.462267048310157], [-50.651051554999974, -23.46226697231017], [-50.65105241799995, -23.462267064310154], [-50.651053247999975, -23.462267321310165], [-50.65105401299997, -23.462267732310202], [-50.651503693999985, -23.462568927310144], [-50.65199579399996, -23.462818395310148], [-50.651996193999935, -23.462818625310152], [-50.652581593999976, -23.463195365310185], [-50.652942372999966, -23.46283155731016], [-50.653360652999936, -23.461936985310185], [-50.65336102799994, -23.461936333310206], [-50.65406574999997, -23.46091716731023], [-50.654066255999965, -23.460916558310192], [-50.65406685999994, -23.460916048310185], [-50.65512658199997, -23.46017049231023], [-50.655126682999935, -23.460170423310224], [-50.65561751599995, -23.459844590310258], [-50.65561811499998, -23.459844255310216], [-50.65776578599997, -23.45885110031023], [-50.659145050999946, -23.457863927310267], [-50.659474666999984, -23.457595958310268], [-50.65947542099997, -23.457595462310294], [-50.65947625799999, -23.457595127310302], [-50.659477146999954, -23.45759496631031], [-50.65947804899997, -23.457594985310273], [-50.66190266399997, -23.457893481310297], [-50.665261569999984, -23.456878481310323], [-50.66622181599996, -23.454957990310337], [-50.666222367999985, -23.454957142310327], [-50.666223094999964, -23.45495643831033], [-50.66758559499994, -23.45390866131036], [-50.667586383999954, -23.453908175310385], [-50.670503277999956, -23.45250275731043], [-50.67072787799998, -23.452023648310398], [-50.67072832799994, -23.452022891310392], [-50.67072891699996, -23.452022237310377], [-50.67072962199995, -23.452021710310383], [-50.67073041699996, -23.452021331310405], [-50.670731269999976, -23.452021114310437], [-50.67073214899995, -23.452021068310412], [-50.67073302099993, -23.452021194310376], [-50.67073385099996, -23.4520214883104], [-50.67073460799998, -23.452021938310416], [-50.670735261999944, -23.452022527310383], [-50.670735788999934, -23.452023232310438], [-50.67073616799996, -23.45202402731044], [-50.67073638499994, -23.45202488031039], [-50.67073643099997, -23.452025760310416], [-50.670736304999934, -23.452026631310414], [-50.670736010999974, -23.452027461310383], [-50.67051073399995, -23.452508017310382], [-50.670510197999924, -23.452508886310408], [-50.67050947999996, -23.452509612310408], [-50.67050861599995, -23.452510156310396], [-50.66759070199998, -23.453916065310384], [-50.666229388999966, -23.454962930310337], [-50.66526873999993, -23.456884230310283], [-50.66526825099998, -23.456885000310272], [-50.665267616999984, -23.456885656310273], [-50.665266862999935, -23.456886170310295], [-50.66526602099997, -23.456886521310274], [-50.66190435499993, -23.457902354310253], [-50.66190343899996, -23.45790253031027], [-50.66190250699997, -23.457902512310284], [-50.65947884899998, -23.457604135310262], [-50.65915061099997, -23.457870984310254], [-50.65915039199996, -23.457871151310258], [-50.657770669999934, -23.45885865131024], [-50.65776994099997, -23.458859076310237], [-50.655622197999946, -23.459852265310214], [-50.65513170099996, -23.460177874310208], [-50.65407268399997, -23.46092293431018], [-50.65336863099998, -23.461941132310205], [-50.652950179999955, -23.462836068310136], [-50.65294979399994, -23.462836736310187], [-50.65294929999994, -23.462837328310176], [-50.65258541099996, -23.46320427331016], [-50.65258473999995, -23.463204829310133], [-50.65258397399998, -23.463205246310167], [-50.65258314099998, -23.463205507310136], [-50.65258227399994, -23.463205601310154], [-50.65258140499997, -23.463205527310148], [-50.65258056699998, -23.46320528631014], [-50.65257979099994, -23.46320488731014], [-50.65199152699995, -23.46282630331018], [-50.65149938899997, -23.462576816310165], [-50.651498920999984, -23.462576542310163], [-50.65105053599996, -23.46227621531019], [-50.650801867999974, -23.462322591310176], [-50.65054052799996, -23.462410963310177], [-50.65040526599994, -23.462525008310156], [-50.650404530999936, -23.46252551231016], [-50.65040371099997, -23.462525861310173], [-50.650402836999945, -23.4625260413102], [-50.650401945999924, -23.462526045310153], [-50.650401070999976, -23.462525873310156], [-50.650400246999936, -23.46252553231018]]]}, "properties": {"objectid": 8801528, "cod_tema": "RIO_ATE_10", "nom_tema": "Curso d'agua natural de ate 10 metros", "cod_imovel": "PR-4126009-1C354DBECA1C4CD7BFF7A805652D9596", "ind_status": "AT", "des_condic": "Aguardando analise", "Shape__Area": 3.632395067363684e-07, "Shape__Length": 0.08085127554186139}}, {"type": "Feature", "id": 8812117, "geometry": {"type": "Polygon", "coordinates": [[[-50.63619620699996, -23.509866891309095], [-50.63565275999998, -23.50951946030913], [-50.635663920999946, -23.509504613309144], [-50.63620736799999, -23.509852044309092], [-50.63619620699996, -23.509866891309095]]]}, "properties": {"objectid": 8812117, "cod_tema": "RIO_ATE_10", "nom_tema": "Curso d'agua natural de ate 10 metros", "cod_imovel": "PR-4124301-C26BC68962034CFB9B75F2A5D4DABAE6", "ind_status": "AT", "des_condic": "Analisado, aguardando atendimento a notificacao", "Shape__Area": 1.1946234994734763e-08, "Shape__Length": 0.001327176238904621}}, {"type": "Feature", "id": 8812118, "geometry": {"type": "Polygon", "coordinates": [[[-50.638425953999956, -23.50993640830913], [-50.638555297999964, -23.5101307893091], [-50.638602150999986, -23.51039216530912], [-50.638599075999934, -23.510411845309097], [-50.63848420399995, -23.5106239323091], [-50.63847334599995, -23.510638729309115], [-50.63828995899996, -23.51092176930911], [-50.63826622099998, -23.51093899330909], [-50.63803500599993, -23.511140024309103], [-50.63801736499993, -23.51114614230909], [-50.63779846999996, -23.5111516933091], [-50.637769412999944, -23.511149457309102], [-50.63731876099996, -23.51105867930909], [-50.63729795399996, -23.511057077309083], [-50.63728209899995, -23.511048358309097], [-50.63700743099997, -23.510982122309088], [-50.63675418899994, -23.510898459309086], [-50.63652309099996, -23.510781868309106], [-50.63651525099993, -23.51077363230907], [-50.63635668499996, -23.510619355309075], [-50.636348746999936, -23.51061101830909], [-50.63639833199995, -23.510443637309105], [-50.63639912699995, -23.510431940309125], [-50.636316035999975, -23.510327116309117], [-50.636299692999955, -23.510313994309076], [-50.636177791999955, -23.51012128730909], [-50.63611281099997, -23.509966870309107], [-50.63620178699995, -23.50985946730909], [-50.636355692999985, -23.509710455309094], [-50.63638305499995, -23.509695957309106], [-50.63649377599995, -23.509687876309137], [-50.63671839599994, -23.509692730309137], [-50.636843203999945, -23.5097314763091], [-50.636971746999954, -23.509674741309123], [-50.63698932099993, -23.509676098309097], [-50.637128950999966, -23.50960308130911], [-50.63733082899996, -23.509627067309083], [-50.63750782499994, -23.509674278309124], [-50.63752542399993, -23.5096756353091], [-50.63771023999993, -23.50972753430912], [-50.63793793199994, -23.509715843309117], [-50.63818531199996, -23.5097265743091], [-50.63829859499998, -23.50980633130914], [-50.63830620699997, -23.509815247309092], [-50.638425953999956, -23.50993640830913]]]}, "properties": {"objectid": 8812118, "cod_tema": "RESERVATORIO_ARTIFICIAL_DECORRENTE_BARRAMENTO", "nom_tema": "Reservatorio artificial decorrente de barramento ou represamento de cursos d'agua naturais", "cod_imovel": "PR-4124301-C26BC68962034CFB9B75F2A5D4DABAE6", "ind_status": "AT", "des_condic": "Analisado, aguardando atendimento a notificacao", "Shape__Area": 2.8283348967181175e-06, "Shape__Length": 0.006564748807368306}}, {"type": "Feature", "id": 8812692, "geometry": {"type": "MultiPolygon", "coordinates": [[[[-50.64094727999998, -23.455276217310313], [-50.641392903999986, -23.455573394310303], [-50.641396308999965, -23.455576184310303], [-50.64139910499995, -23.45557958531031], [-50.64140118399995, -23.455583466310316], [-50.64140246599993, -23.455587677310344], [-50.64140290099994, -23.455592058310334], [-50.64140247399996, -23.45559644031033], [-50.64140119899997, -23.45560065431033], [-50.64139912799994, -23.45560453931034], [-50.641396337999936, -23.45560794431031], [-50.64139293699998, -23.455610740310306], [-50.64138905599998, -23.455612819310304], [-50.641384843999965, -23.45561410131034], [-50.64138046399995, -23.45561453631035], [-50.641376081999965, -23.45561410931031], [-50.64137186799997, -23.455612835310315], [-50.64136798299995, -23.455610763310343], [-50.64092059699993, -23.45531241031034], [-50.640917323999986, -23.455309752310313], [-50.640510234999965, -23.454910088310342], [-50.640507154999966, -23.454906327310322], [-50.64027943599996, -23.454557007310328], [-50.63994797299995, -23.45461304831033], [-50.639674136999986, -23.454812422310358], [-50.639670430999956, -23.454814610310358], [-50.63966637499993, -23.454816051310342], [-50.63966211899997, -23.454816692310327], [-50.63965781899998, -23.454816510310312], [-50.63905694399995, -23.454732776310333], [-50.63831680499994, -23.454828469310325], [-50.63831654199998, -23.454828501310335], [-50.63769101699995, -23.45490189131034], [-50.63713930799997, -23.455139592310335], [-50.63630242099998, -23.455605576310344], [-50.63564050399998, -23.4559950033103], [-50.635272690999955, -23.456219739310296], [-50.635272190999956, -23.45622003631033], [-50.634986015999964, -23.45638487531031], [-50.63498200299995, -23.456386689310293], [-50.634977712999955, -23.45638768431033], [-50.63497331099995, -23.456387823310283], [-50.634968966999956, -23.456387100310316], [-50.63465898399994, -23.45630362031032], [-50.63465454099997, -23.456301900310322], [-50.634216355999975, -23.456076215310294], [-50.63386836099994, -23.455978368310348], [-50.63288079899997, -23.455756744310357], [-50.632417946999965, -23.455755655310316], [-50.63241571499998, -23.45575553831031], [-50.63173913099996, -23.45568631431035], [-50.63121751099993, -23.45567005831031], [-50.631213756999955, -23.455669623310307], [-50.630538445999946, -23.45553298431031], [-50.62999345099996, -23.4555166983103], [-50.629990172999946, -23.455516358310312], [-50.62943533599997, -23.455417241310325], [-50.629431097999934, -23.455416046310347], [-50.62942717599997, -23.45541404731034], [-50.62942371899993, -23.45541132131035], [-50.62942085999998, -23.455407973310344], [-50.629418708999935, -23.45540413231032], [-50.62941734899994, -23.455399945310326], [-50.62941683099995, -23.455395573310344], [-50.62941717699994, -23.45539118431032], [-50.629418371999975, -23.45538694731032], [-50.62942037099998, -23.455383024310326], [-50.62942309699997, -23.455379567310327], [-50.62942644499998, -23.455376708310318], [-50.62943028599994, -23.45537455731034], [-50.629434472999954, -23.455373197310333], [-50.62943884499998, -23.455372680310347], [-50.62944323399996, -23.455373025310344], [-50.62999644499996, -23.455471852310318], [-50.630541696999956, -23.45548814531031], [-50.630545479999974, -23.4554885813103], [-50.63122080599993, -23.455625223310324], [-50.63174132599995, -23.455641444310338], [-50.631742911999936, -23.455641550310297], [-50.63241917299996, -23.45571074231031], [-50.63288336699998, -23.455711835310346], [-50.63288823099998, -23.455712380310334], [-50.633878779999975, -23.455934674310342], [-50.633879941999965, -23.455934967310316], [-50.63423069899994, -23.4560335903103], [-50.63423490399999, -23.456035245310304], [-50.63467297699997, -23.45626087331031], [-50.634971660999945, -23.456341310310314], [-50.63524951999995, -23.456181260310338], [-50.63561724599998, -23.455956578310325], [-50.63561756699993, -23.45595638531033], [-50.63627987499996, -23.455566728310316], [-50.63628033799995, -23.455566463310337], [-50.63711845199998, -23.455099796310325], [-50.63712049099996, -23.45509879231032], [-50.63767625599996, -23.454859344310318], [-50.637682525999935, -23.45485766431035], [-50.638311176999935, -23.454783907310357], [-50.639054175999945, -23.454687844310357], [-50.63906015499998, -23.454687873310338], [-50.63965503299994, -23.45477077231034], [-50.63992580399997, -23.454573629310364], [-50.63993030999995, -23.454571085310327], [-50.639935278999985, -23.454569640310375], [-50.640286464999974, -23.454510265310333], [-50.64029079199997, -23.45450995931033], [-50.64029509599993, -23.45451048931036], [-50.640299218999985, -23.454511838310353], [-50.640303004999964, -23.454513953310325], [-50.640306313999986, -23.45451675731035], [-50.64030902199994, -23.454520145310337], [-50.64054344599998, -23.454879750310358], [-50.64094727999998, -23.455276217310313]]], [[[-50.63486524299998, -23.46510293931011], [-50.634831290999955, -23.465194749310122], [-50.63482975199997, -23.465197917310103], [-50.63482762399996, -23.4652007233101], [-50.63482498899998, -23.465203061310106], [-50.634821948999964, -23.465204839310115], [-50.63481862099996, -23.46520599131009], [-50.63481513099998, -23.465206471310125], [-50.63481161599998, -23.465206261310122], [-50.63480820799998, -23.465205369310137], [-50.634805040999936, -23.4652038293101], [-50.63480223399994, -23.465201701310107], [-50.63479989699994, -23.465199067310095], [-50.634798117999935, -23.465196027310135], [-50.634796966999936, -23.4651926983101], [-50.63479648699995, -23.465189209310104], [-50.634796696999956, -23.465185693310108], [-50.63479758899996, -23.465182286310103], [-50.63483154099998, -23.465090476310085], [-50.634833079999964, -23.465087309310096], [-50.63483520799997, -23.465084502310106], [-50.63483784299996, -23.4650821653101], [-50.63484088299998, -23.465080386310095], [-50.63484421099997, -23.465079235310107], [-50.63484769999997, -23.465078755310135], [-50.63485121599996, -23.465078965310113], [-50.63485462299997, -23.465079857310123], [-50.634857790999945, -23.465081396310108], [-50.63486059799993, -23.465083524310113], [-50.634862934999944, -23.4650861593101], [-50.63486471399995, -23.465089199310114], [-50.63486586499994, -23.46509252731011], [-50.63486634499998, -23.46509601631011], [-50.63486613499999, -23.465099532310095], [-50.63486524299998, -23.46510293931011]]], [[[-50.63481189399993, -23.45660356431032], [-50.63475831399996, -23.456814682310295], [-50.634757116999936, -23.456817995310267], [-50.63475529699997, -23.45682101031028], [-50.63475292399994, -23.456823612310323], [-50.634750087999976, -23.456825701310294], [-50.63474689999998, -23.456827197310275], [-50.63474348099993, -23.45682804331031], [-50.634739961999976, -23.456828204310312], [-50.63473647999996, -23.456827677310322], [-50.63473316799997, -23.45682648031029], [-50.634730151999975, -23.45682466031027], [-50.63472754999998, -23.456822287310295], [-50.63472546099996, -23.456819451310274], [-50.63472396499998, -23.456816263310284], [-50.63472311999993, -23.456812844310292], [-50.63472295799994, -23.456809325310278], [-50.63472348499993, -23.456805843310313], [-50.63477706599997, -23.456594725310282], [-50.63477826299993, -23.456591413310296], [-50.634780082999946, -23.456588397310302], [-50.634782455999975, -23.45658579531031], [-50.63478529199995, -23.456583706310287], [-50.63478847999995, -23.456582210310295], [-50.634791898999936, -23.456581365310313], [-50.63479541799995, -23.45658120331032], [-50.63479889999997, -23.456581730310322], [-50.634802211999954, -23.45658292731028], [-50.63480522699996, -23.456584747310302], [-50.634807829999936, -23.456587121310317], [-50.63480991899996, -23.456589956310292], [-50.634811414999945, -23.456593145310272], [-50.63481225999993, -23.456596564310274], [-50.63481242199998, -23.45660008231031], [-50.63481189399993, -23.45660356431032]]], [[[-50.635298088999946, -23.464673736310104], [-50.63522620699997, -23.46476893131013], [-50.63522381899997, -23.464771520310098], [-50.63522097199995, -23.464773593310113], [-50.63521777599994, -23.464775072310097], [-50.635214351999934, -23.464775898310123], [-50.635210832999974, -23.464776040310102], [-50.63520735399993, -23.46477549431014], [-50.635204047999935, -23.46477427931014], [-50.63520104299994, -23.46477244231012], [-50.63519845299993, -23.464770054310144], [-50.63519637999997, -23.46476720731012], [-50.63519490199997, -23.46476401131009], [-50.635194074999966, -23.464760587310096], [-50.63519393299998, -23.46475706831014], [-50.63519447999994, -23.464753588310103], [-50.63519569499994, -23.464750283310092], [-50.63519753099996, -23.464747277310117], [-50.63527036699997, -23.464650820310137], [-50.63527247899998, -23.464648481310135], [-50.635768000999974, -23.46418834031013], [-50.63576804099995, -23.46418830331013], [-50.63641220399996, -23.463593708310142], [-50.636415151999984, -23.46359150031014], [-50.636418487999954, -23.463589940310143], [-50.63713863199996, -23.46333949631013], [-50.637141561999954, -23.463338747310164], [-50.63714457599997, -23.46333849931016], [-50.63779169999998, -23.46334000231013], [-50.638327604999965, -23.463257422310157], [-50.638331120999965, -23.463257229310155], [-50.63833460799998, -23.46325772631013], [-50.63833793099997, -23.463258894310165], [-50.63834096199997, -23.46326068831018], [-50.638343584999966, -23.463263038310163], [-50.638345698999956, -23.463265855310166], [-50.638347222999975, -23.463269031310166], [-50.638348097999945, -23.463272442310135], [-50.63834828999995, -23.46327595931018], [-50.63834779299997, -23.463279446310136], [-50.63834662499994, -23.46328276831014], [-50.63834483199997, -23.463285799310142], [-50.63834248099994, -23.46328842231014], [-50.63833966399995, -23.463290536310172], [-50.63833648899998, -23.46329206031014], [-50.63833307699997, -23.463292935310147], [-50.63779579199997, -23.463375729310133], [-50.63779301399996, -23.463375938310136], [-50.63714754799998, -23.46337443931014], [-50.63643382599997, -23.463622650310167], [-50.63579243299995, -23.464214689310133], [-50.635298088999946, -23.464673736310104]]], [[[-50.63414840499996, -23.45873754631025], [-50.634012274999975, -23.459151884310284], [-50.63401085299995, -23.459155106310252], [-50.63400882999997, -23.45915798931023], [-50.63400628299996, -23.459160421310262], [-50.63400330999997, -23.45916231031024], [-50.63400002599997, -23.459163583310243], [-50.63399655699993, -23.45916419131023], [-50.63399303599993, -23.45916411031024], [-50.63398959799997, -23.459163344310273], [-50.633986375999946, -23.459161922310244], [-50.63398349299996, -23.459159899310265], [-50.633981060999986, -23.459157352310257], [-50.63397917199995, -23.45915438031025], [-50.63397789899994, -23.459151096310244], [-50.63397729099995, -23.459147627310273], [-50.63397737199995, -23.459144105310234], [-50.633978137999975, -23.459140668310262], [-50.634115863999966, -23.458721473310256], [-50.63411718499998, -23.45871843231025], [-50.63411904199996, -23.458715686310235], [-50.63412137299997, -23.458713327310235], [-50.63443109199994, -23.458453025310273], [-50.63463035699993, -23.458006077310305], [-50.634599471999934, -23.457665843310284], [-50.634490824999936, -23.45740774531028], [-50.63448984799993, -23.457404686310277], [-50.63448943199995, -23.457401502310304], [-50.63448958899994, -23.457398295310284], [-50.63449031499994, -23.45739516731028], [-50.634569013999965, -23.457155627310293], [-50.634570423999946, -23.457152426310312], [-50.63468152299998, -23.456954914310323], [-50.63468354199995, -23.45695202831032], [-50.63468608499994, -23.456949592310277], [-50.63468905499997, -23.456947699310287], [-50.63469233699994, -23.456946421310263], [-50.63469580599996, -23.45694580831027], [-50.634699326999964, -23.45694588431032], [-50.634702765999975, -23.456946645310293], [-50.634705989999986, -23.456948063310303], [-50.634708874999944, -23.45695008231033], [-50.63471131199998, -23.456952626310308], [-50.634713204999976, -23.456955595310273], [-50.63471448299998, -23.456958878310296], [-50.63471509499993, -23.45696234631028], [-50.63471501899995, -23.45696586731029], [-50.634714257999974, -23.456969306310295], [-50.63471284099995, -23.456972530310296], [-50.63460260299997, -23.457168511310286], [-50.63452654999998, -23.457399998310283], [-50.63463367199995, -23.45765447131027], [-50.63463454499998, -23.457657093310278], [-50.63463500599993, -23.45765981831028], [-50.634666565999964, -23.45800749231029], [-50.634666582999955, -23.458010542310255], [-50.634666082999956, -23.45801355131027], [-50.63466508199997, -23.45801643231027], [-50.634462225999975, -23.458471434310283], [-50.63446016699998, -23.458474928310277], [-50.63445737599994, -23.458477871310258], [-50.63414840499996, -23.45873754631025]]], [[[-50.624014840999955, -23.458847453310266], [-50.624123286999975, -23.458877348310274], [-50.62412657499993, -23.45887861231027], [-50.62412955199995, -23.45888049331027], [-50.62413210499994, -23.45888291931025], [-50.62413413599995, -23.45888579731028], [-50.62413556699993, -23.458889015310234], [-50.624136341999986, -23.458892451310223], [-50.62413643199994, -23.45889597231028], [-50.62413583299997, -23.458899443310244], [-50.62413456899998, -23.45890273031026], [-50.62413268699999, -23.458905707310272], [-50.624130260999955, -23.45890826131026], [-50.62412738399996, -23.458910291310232], [-50.624124164999955, -23.458911722310265], [-50.62412072999996, -23.45891249731026], [-50.62411720899997, -23.458912587310277], [-50.62411373799995, -23.45891198831024], [-50.62399769799999, -23.458880000310256], [-50.623994246999985, -23.458878652310236], [-50.623991144999934, -23.458876625310253], [-50.623988524999966, -23.45887400531027], [-50.623986498999955, -23.45887090331028], [-50.62384961799995, -23.458605010310286], [-50.62384838099995, -23.458601942310274], [-50.62384772799994, -23.458598699310283], [-50.623814222999954, -23.458285656310302], [-50.62377638899994, -23.45798449331027], [-50.62377626799997, -23.45798143131026], [-50.62377666899993, -23.457978394310256], [-50.623777578999984, -23.457975468310273], [-50.623871847999965, -23.457744333310302], [-50.62388495699997, -23.457599438310307], [-50.62386445899995, -23.45727575031028], [-50.62386459299995, -23.45727215031025], [-50.62386544199995, -23.45726865031027], [-50.623904464999946, -23.457157763310263], [-50.62390611799999, -23.457154300310282], [-50.62390846799997, -23.457151268310287], [-50.62410258699998, -23.45694959131028], [-50.62410578799995, -23.45694695531031], [-50.62442895599997, -23.45673836531031], [-50.62443229099995, -23.456736676310335], [-50.62492318699998, -23.45654923831031], [-50.62509066599995, -23.456304493310295], [-50.62509293099998, -23.45630179531028], [-50.62509567799997, -23.456299591310287], [-50.62509880199997, -23.456297965310327], [-50.62510218299997, -23.45629698031034], [-50.62510569199998, -23.456296674310337], [-50.62510919299996, -23.456297058310305], [-50.62511255199996, -23.456298117310308], [-50.625115638999944, -23.456299812310284], [-50.62511833699994, -23.45630207631033], [-50.625120540999944, -23.456304823310326], [-50.62512216699998, -23.456307948310304], [-50.62512315199996, -23.4563113293103], [-50.62512345799996, -23.456314838310323], [-50.625123074999976, -23.4563183393103], [-50.62512201499993, -23.45632169731031], [-50.62512031999995, -23.456324785310343], [-50.624949668999925, -23.456574165310297], [-50.62494733199998, -23.456576933310284], [-50.62494448799998, -23.456579176310335], [-50.62494125099994, -23.456580803310285], [-50.624446863999935, -23.4567695743103], [-50.624127027999975, -23.45697601331031], [-50.62393706399995, -23.45717337331032], [-50.62390055099996, -23.4572771293103], [-50.62392090499997, -23.457598545310262], [-50.62392086799997, -23.457601300310284], [-50.62390739299997, -23.457750248310283], [-50.623906955999985, -23.457752878310263], [-50.62390613499997, -23.457755414310284], [-50.623812627999946, -23.45798468231027], [-50.62384989599997, -23.458281341310276], [-50.623849933999956, -23.45828166831029], [-50.62388309999995, -23.458591543310245], [-50.624014840999955, -23.458847453310266]]]]}, "properties": {"objectid": 8812692, "cod_tema": "RIO_ATE_10", "nom_tema": "Curso d'agua natural de ate 10 metros", "cod_imovel": "PR-4124301-32F500689C154851A10CCA9DCCD9D32D", "ind_status": "AT", "des_condic": "Analisado, aguardando atendimento a notificacao", "Shape__Area": 9.416469384089398e-07, "Shape__Length": 0.04624861830898307}}, {"type": "Feature", "id": 8812693, "geometry": {"type": "Polygon", "coordinates": [[[-50.618393069999975, -23.455233198310346], [-50.61873458799994, -23.453949569310375], [-50.61893538499998, -23.453074451310393], [-50.619010963999976, -23.45264825331038], [-50.61877200499998, -23.45242686431039], [-50.61848317099999, -23.452311948310424], [-50.617945937999934, -23.452386773310373], [-50.61754064999997, -23.452545674310386], [-50.616762790999985, -23.452977763310397], [-50.61613363999993, -23.453410213310402], [-50.615611953999974, -23.453820084310383], [-50.615321465999955, -23.454276206310364], [-50.61504466499997, -23.454483639310375], [-50.614606453999954, -23.454596767310328], [-50.61407771399996, -23.454587846310364], [-50.61355754599998, -23.45447234931035], [-50.61337614099995, -23.45435007631036], [-50.61318631599994, -23.454281080310377], [-50.61301221599996, -23.454486226310358], [-50.613061234999975, -23.454676697310354], [-50.61308550799998, -23.45485187831032], [-50.61291952199997, -23.455015098310355], [-50.61279813899995, -23.454910031310316], [-50.61291046399998, -23.45479957931032], [-50.61289725399996, -23.45470424631033], [-50.612831766999925, -23.45444976931033], [-50.613131804999966, -23.454096223310362], [-50.61345705299993, -23.454214442310352], [-50.613628855999934, -23.45433024131037], [-50.61409895999997, -23.454434622310337], [-50.61458509899995, -23.454442824310334], [-50.61496654299998, -23.454344352310347], [-50.615193190999946, -23.454174503310384], [-50.61548267099994, -23.453719965310352], [-50.616029853999976, -23.45329006231037], [-50.61666992099998, -23.452850108310376], [-50.617464803999944, -23.45240856431038], [-50.61790024599998, -23.452237840310396], [-50.61850538099998, -23.452153557310414], [-50.61886733399996, -23.452297565310424], [-50.61918896399993, -23.452595546310363], [-50.61909901699993, -23.45310276431041], [-50.61889686799998, -23.45398378131037], [-50.61855622899998, -23.455264115310353], [-50.61848023099998, -23.455686632310343], [-50.61845624899996, -23.455947765310317], [-50.618494433999956, -23.456135206310297], [-50.61850549999997, -23.456304485310326], [-50.61863254499997, -23.456386905310325], [-50.61891098999996, -23.4565068693103], [-50.61915602299995, -23.456631624310294], [-50.61945759399998, -23.4566937003103], [-50.61970572299998, -23.45667826231031], [-50.61986738399998, -23.456630809310326], [-50.62009441599997, -23.456663076310324], [-50.620340455999944, -23.456755651310324], [-50.620525113999975, -23.456952394310317], [-50.620826432999934, -23.45722419731028], [-50.62105129399998, -23.4574027653103], [-50.621219982999946, -23.457381591310252], [-50.621375065999985, -23.457250363310276], [-50.621652653999945, -23.456792738310327], [-50.62200895999996, -23.456295069310304], [-50.62233991499995, -23.455929467310323], [-50.62288622399995, -23.45542864331031], [-50.623294800999986, -23.455216008310348], [-50.62368151099997, -23.455171266310348], [-50.62390259099993, -23.45523296931032], [-50.624136044999936, -23.455377212310335], [-50.62436421899998, -23.455486673310304], [-50.624878610999986, -23.455729017310315], [-50.625403207999966, -23.455978617310322], [-50.625800444999975, -23.45616046431035], [-50.62627371699995, -23.45641523131034], [-50.62679383399996, -23.456639285310274], [-50.62710072099998, -23.456597824310307], [-50.62745623399996, -23.456603354310325], [-50.62782747999995, -23.456542604310336], [-50.628362638999924, -23.45632590631031], [-50.62860450299996, -23.45612122331032], [-50.62905519199995, -23.45568078231031], [-50.62929723199994, -23.455315105310323], [-50.62943928499993, -23.455395133310336], [-50.62918817399998, -23.45577451631033], [-50.62872142599997, -23.456230650310296], [-50.628454810999976, -23.45645628131033], [-50.62787614799999, -23.456690594310285], [-50.62746948799998, -23.456757138310277], [-50.62711144599996, -23.456751569310278], [-50.62676860399995, -23.45679788831032], [-50.62619640399998, -23.456551398310324], [-50.62572142099998, -23.456295711310283], [-50.62532806599995, -23.456115640310298], [-50.62480261699994, -23.45586563431032], [-50.62428797499996, -23.45562317331035], [-50.62405108299998, -23.45550953031033], [-50.623830613999985, -23.455373311310314], [-50.62366714799998, -23.455327688310327], [-50.623348033999946, -23.45536460931033], [-50.62298759099997, -23.455552193310318], [-50.622462716999955, -23.456033368310315], [-50.622142696999965, -23.456386888310284], [-50.62179491399996, -23.45687265531031], [-50.62150726799995, -23.457346864310306], [-50.62129407599997, -23.457527263310297], [-50.62099949399993, -23.45756423831029], [-50.62071384499996, -23.45733739931031], [-50.62040380899998, -23.45705773231028], [-50.62024070799998, -23.456883956310282], [-50.62004970399994, -23.456812089310308], [-50.61988063699994, -23.456788061310277], [-50.61973700599999, -23.4568302213103], [-50.61944480899996, -23.45684840131028], [-50.619096490999944, -23.45677670231029], [-50.61883547799993, -23.45664381231032], [-50.61854881399996, -23.456520306310303], [-50.61834418099994, -23.456387553310293], [-50.61832891999995, -23.45615408431033], [-50.61828848799996, -23.45595560731032], [-50.61831494299997, -23.455667550310345], [-50.618393069999975, -23.455233198310346]]]}, "properties": {"objectid": 8812693, "cod_tema": "RIO_10_A_50", "nom_tema": "Curso d'agua natural de 10 a 50 metros", "cod_imovel": "PR-4124301-32F500689C154851A10CCA9DCCD9D32D", "ind_status": "AT", "des_condic": "Analisado, aguardando atendimento a notificacao", "Shape__Area": 3.931024080805732e-06, "Shape__Length": 0.04986771086079534}}, {"type": "Feature", "id": 8812694, "geometry": {"type": "MultiPolygon", "coordinates": [[[[-50.63451289599993, -23.465106981310115], [-50.63465351699994, -23.465021067310097], [-50.634968482999966, -23.465348810310118], [-50.634882405999974, -23.4654528183101], [-50.634675579999964, -23.465506236310087], [-50.63450782899998, -23.465530997310115], [-50.634383140999944, -23.465494770310105], [-50.63441098199996, -23.465297195310086], [-50.63451289599993, -23.465106981310115]]], [[[-50.633845468999944, -23.45910440531023], [-50.63411626299995, -23.459180126310265], [-50.63395535199999, -23.459282491310226], [-50.63386370499995, -23.45923394531027], [-50.633845468999944, -23.45910440531023]]], [[[-50.62750162399993, -23.460042656310243], [-50.627497682999945, -23.459953824310222], [-50.62769883399994, -23.459954305310195], [-50.627694393999946, -23.460043117310207], [-50.62765211999994, -23.460174319310234], [-50.62755159799997, -23.460154770310236], [-50.62750162399993, -23.460042656310243]]], [[[-50.634642346999954, -23.45687044131031], [-50.634700117999955, -23.456805707310277], [-50.63479447699995, -23.456816248310275], [-50.63483425599998, -23.456894479310304], [-50.63479247999992, -23.456960725310317], [-50.63469718199997, -23.456963722310288], [-50.634629304999976, -23.456958869310277], [-50.634642346999954, -23.45687044131031]]], [[[-50.63486451399996, -23.464906292310115], [-50.63487655899996, -23.464780549310117], [-50.634993762999954, -23.464701767310114], [-50.635425606999945, -23.46506931031015], [-50.63527718599994, -23.465155206310115], [-50.63510163599994, -23.46517995031014], [-50.63493408299996, -23.46513284331014], [-50.63484839199998, -23.465096708310135], [-50.63486451399996, -23.464906292310115]]]]}, "properties": {"objectid": 8812694, "cod_tema": "LAGO_NATURAL", "nom_tema": "Lago ou lagoa natural", "cod_imovel": "PR-4124301-32F500689C154851A10CCA9DCCD9D32D", "ind_status": "AT", "des_condic": "Analisado, aguardando atendimento a notificacao", "Shape__Area": 4.3505170633474495e-07, "Shape__Length": 0.005373213927693339}}, {"type": "Feature", "id": 8812771, "geometry": {"type": "Polygon", "coordinates": [[[-50.668475832999945, -23.51392865030901], [-50.66643735399998, -23.514125409309017], [-50.666432070999974, -23.51412539930901], [-50.66642689199995, -23.514124358309], [-50.66642201499997, -23.514122327308993], [-50.66641762799998, -23.514119383309026], [-50.66641389899996, -23.51411564030899], [-50.666410972999984, -23.514111242309003], [-50.666408960999945, -23.514106357308986], [-50.66640793999995, -23.514101173309015], [-50.66640794999995, -23.514095890309015], [-50.66640899099997, -23.514090711308988], [-50.66641102199998, -23.514085834309007], [-50.66641396599993, -23.514081447309014], [-50.666417708999965, -23.514077719308986], [-50.66642210699997, -23.51407479230902], [-50.66642699199998, -23.51407278030904], [-50.666432175999944, -23.51407175930904], [-50.66847065499997, -23.513875001309025], [-50.66847593799998, -23.51387501130904], [-50.66848111699994, -23.513876052308998], [-50.66848599399999, -23.513878083309002], [-50.66849038099997, -23.51388102630903], [-50.66849410899994, -23.513884769309012], [-50.66849703599996, -23.513889168309053], [-50.668499047999944, -23.513894053309002], [-50.66850006799996, -23.513899236309037], [-50.66850005799995, -23.513904519309037], [-50.66849901699993, -23.513909699309004], [-50.66849698599999, -23.51391457630904], [-50.66849404299995, -23.513918962309035], [-50.668490299999974, -23.51392269130901], [-50.66848590099994, -23.513925617309038], [-50.66848101599993, -23.513927630309006], [-50.668475832999945, -23.51392865030901]]]}, "properties": {"objectid": 8812771, "cod_tema": "RIO_ATE_10", "nom_tema": "Curso d'agua natural de ate 10 metros", "cod_imovel": "PR-4124301-8BC73A5328314376844267E22D01D8F8", "ind_status": "AT", "des_condic": "Analisado, em conformidade com a Lei n 12.651/2012", "Shape__Area": 1.1264921267371859e-07, "Shape__Length": 0.00426496194535869}}, {"type": "Feature", "id": 8813409, "geometry": {"type": "Polygon", "coordinates": [[[-50.66143667599994, -23.50837253430916], [-50.66143667599994, -23.50833813730913], [-50.66143668699993, -23.50833783130913], [-50.66143671999998, -23.508337537309156], [-50.66143677199995, -23.50833724630911], [-50.66143684499997, -23.508336958309144], [-50.66143693899994, -23.50833667630912], [-50.66143705299999, -23.50833640030913], [-50.661437185999944, -23.508336130309146], [-50.661437337999985, -23.50833587030911], [-50.661437507999956, -23.508335619309157], [-50.66143769499996, -23.50833537830914], [-50.66143797299997, -23.508335075309176], [-50.661472367999984, -23.50830068130917], [-50.66147236699994, -23.50826675330915], [-50.661472378999974, -23.508266447309158], [-50.661472410999984, -23.508266152309147], [-50.661472463999985, -23.50826586230915], [-50.66147253699995, -23.508265575309128], [-50.66147258299998, -23.508265426309162], [-50.66150805999996, -23.50815899930917], [-50.66150805899997, -23.508052603309135], [-50.66150807099996, -23.508052295309156], [-50.66150810299997, -23.50805200130914], [-50.66150815599997, -23.50805171130914], [-50.661508228999935, -23.508051422309183], [-50.661508322999964, -23.508051140309146], [-50.66150843699995, -23.508050865309155], [-50.66150850999998, -23.508050710309142], [-50.66154374999997, -23.507980227309144], [-50.661543749999964, -23.50783845030914], [-50.66154376299994, -23.507838144309147], [-50.661543792999964, -23.507837860309127], [-50.661579443999976, -23.507588310309153], [-50.661579443999976, -23.50698283630917], [-50.66154452499995, -23.50691299830917], [-50.66143797199994, -23.50680644730918], [-50.66143788399995, -23.5068063543092], [-50.66143767899996, -23.506806125309176], [-50.661437545999945, -23.50680595330918], [-50.66134107299996, -23.506677326309205], [-50.66136162199996, -23.506688844309153], [-50.661445405999984, -23.506800555309198], [-50.66155224999994, -23.506907398309153], [-50.66155233899997, -23.506907491309196], [-50.66155254199998, -23.50690772030917], [-50.661552726999965, -23.506907959309196], [-50.661552895999925, -23.50690821130914], [-50.66155309699997, -23.50690856930916], [-50.66158878899995, -23.506979953309187], [-50.661588868999964, -23.50698012630918], [-50.661588981999955, -23.506980402309164], [-50.66158907499994, -23.506980686309177], [-50.66158914599998, -23.506980975309187], [-50.661589197999945, -23.50698126530919], [-50.66158922799997, -23.506981560309196], [-50.661589237999976, -23.506981845309184], [-50.66158923899997, -23.507584391309155], [-50.66158922699998, -23.50758891230915], [-50.66158919699995, -23.507589196309173], [-50.661553545999936, -23.50783874630914], [-50.66155354699998, -23.507981217309126], [-50.66155353499994, -23.507981523309144], [-50.661553502999936, -23.50798181930913], [-50.66155344999999, -23.507982109309136], [-50.66155337699996, -23.507982396309178], [-50.66155328199995, -23.50798268030912], [-50.661553168999944, -23.507982955309174], [-50.66155309599998, -23.507983109309134], [-50.66151785499994, -23.50805359230914], [-50.66151785499994, -23.50815967730917], [-50.661517842999956, -23.508159984309152], [-50.66151781099995, -23.50816027930917], [-50.661517757999945, -23.508160569309165], [-50.66151768499998, -23.50816085830912], [-50.66151763899995, -23.50816100530915], [-50.66148216199997, -23.50826743130916], [-50.66148216299996, -23.50830244530915], [-50.66148215199996, -23.50830275230914], [-50.66148211799998, -23.508303046309152], [-50.661482066999945, -23.50830333630917], [-50.66148199399998, -23.508303624309136], [-50.661481899999956, -23.50830390630915], [-50.66148178499998, -23.508304183309132], [-50.66148165299996, -23.508304451309137], [-50.66148150099997, -23.508304712309158], [-50.661481330999955, -23.508304963309126], [-50.661481143999936, -23.508305203309142], [-50.66148086599998, -23.50830550730916], [-50.66144647099998, -23.508339902309167], [-50.66144647099998, -23.50837382930916], [-50.661446458999926, -23.508374135309115], [-50.66144642699993, -23.508374429309136], [-50.66144637399997, -23.508374720309128], [-50.661446300999955, -23.508375008309148], [-50.66144620699998, -23.50837529230915], [-50.66144609299994, -23.50837556830913], [-50.66144595999998, -23.508375836309153], [-50.66144580899999, -23.508376096309128], [-50.661445725999954, -23.508376224309135], [-50.66001814199996, -23.51048191130906], [-50.660018391999984, -23.51048143930912], [-50.66001858699997, -23.51048094630911], [-50.66001871699996, -23.510480435309102], [-50.66001878399993, -23.510479914309098], [-50.66001878399993, -23.51047938830909], [-50.66001871699996, -23.510478867309086], [-50.66001858699997, -23.510478356309097], [-50.66001839199998, -23.51047786430906], [-50.66001813699995, -23.51047739430909], [-50.660017823999965, -23.510476955309077], [-50.66001745799996, -23.51047655330912], [-50.66001704399997, -23.510476193309113], [-50.660016586999966, -23.510475879309084], [-50.66001609299997, -23.510475617309073], [-50.660015570999974, -23.51047540930911], [-50.66001502399996, -23.51047525830911], [-50.66001446499996, -23.5104751673091], [-50.66001389699994, -23.510475135309107], [-50.660013327999934, -23.51047516730911], [-50.660012767999945, -23.51047525830911], [-50.66001222299996, -23.51047540930911], [-50.660011699999984, -23.510475617309066], [-50.66001120699997, -23.51047587930908], [-50.66001074899998, -23.510476193309113], [-50.66001033599997, -23.51047655330912], [-50.660009969999976, -23.510476955309077], [-50.66000974399998, -23.510477257309116], [-50.66143667599994, -23.50837253430916]]]}, "properties": {"objectid": 8813409, "cod_tema": "RIO_ATE_10", "nom_tema": "Curso d'agua natural de ate 10 metros", "cod_imovel": "PR-4124301-F0224777657F42D7B23845AB686544DD", "ind_status": "AT", "des_condic": "Analisado, aguardando regularizacao ambiental (Lei n 12.651/2012)", "Shape__Area": 4.182177550174413e-08, "Shape__Length": 0.008735999905906826}}, {"type": "Feature", "id": 8813410, "geometry": {"type": "MultiPolygon", "coordinates": [[[[-50.66104466599995, -23.510067796309123], [-50.66118617099995, -23.5103273653091], [-50.66095870799995, -23.51035584130911], [-50.66069126899999, -23.510293990309112], [-50.660307010999986, -23.51010482930909], [-50.66036745299994, -23.509865362309114], [-50.66104466599995, -23.510067796309123]]], [[[-50.660236845999975, -23.50910396230914], [-50.66022679499998, -23.509478500309093], [-50.65991710099997, -23.509438087309118], [-50.659976083999936, -23.509087813309115], [-50.660236845999975, -23.50910396230914]]], [[[-50.66177228699996, -23.509274635309097], [-50.66163126899994, -23.50973619330913], [-50.66137279299994, -23.509716614309088], [-50.661488660999964, -23.509247178309106], [-50.66177228699996, -23.509274635309097]]], [[[-50.66017659399995, -23.509543270309084], [-50.66019201199999, -23.509718034309092], [-50.66026716899996, -23.50986917130913], [-50.66020260899995, -23.51004072730913], [-50.660018614999956, -23.509821997309096], [-50.659893358999966, -23.50953459430909], [-50.66017659399995, -23.509543270309084]]]]}, "properties": {"objectid": 8813410, "cod_tema": "LAGO_NATURAL", "nom_tema": "Lago ou lagoa natural", "cod_imovel": "PR-4124301-F0224777657F42D7B23845AB686544DD", "ind_status": "AT", "des_condic": "Analisado, aguardando regularizacao ambiental (Lei n 12.651/2012)", "Shape__Area": 5.663003714914571e-07, "Shape__Length": 0.006405478658954653}}, {"type": "Feature", "id": 8813411, "geometry": {"type": "Polygon", "coordinates": [[[-50.66409197999997, -23.51356439530899], [-50.66409786099996, -23.513558997309016], [-50.66413033199996, -23.51352919330902], [-50.66416272799996, -23.51352926330901], [-50.664195122999956, -23.513529332309027], [-50.66422751899995, -23.513529402309015], [-50.664259913999956, -23.513529471309024], [-50.664259837999964, -23.51355934530903], [-50.66429223399995, -23.513559415309043], [-50.66429215799997, -23.513589289309042], [-50.66432455399996, -23.513589359309037], [-50.66432450599996, -23.513608385309], [-50.66409197999997, -23.51356439530899]]]}, "properties": {"objectid": 8813411, "cod_tema": "RESERVATORIO_ARTIFICIAL_DECORRENTE_BARRAMENTO", "nom_tema": "Reservatorio artificial decorrente de barramento ou represamento de cursos d'agua naturais", "cod_imovel": "PR-4124301-F0224777657F42D7B23845AB686544DD", "ind_status": "AT", "des_condic": "Analisado, aguardando regularizacao ambiental (Lei n 12.651/2012)", "Shape__Area": 9.688703496263421e-09, "Shape__Length": 0.0005618574117432186}}, {"type": "Feature", "id": 8820408, "geometry": {"type": "MultiPolygon", "coordinates": [[[[-50.66720260799997, -23.4616961773102], [-50.671031394999936, -23.46238802931015], [-50.67103308899994, -23.46238851131018], [-50.67103465599997, -23.46238931331016], [-50.671036036999965, -23.462390406310156], [-50.67103717799995, -23.46239174831016], [-50.67103803499998, -23.462393286310153], [-50.671038575999944, -23.462394962310167], [-50.67103877899996, -23.462396711310152], [-50.67103863699999, -23.462398467310162], [-50.67103815599995, -23.462400160310175], [-50.671037352999974, -23.46240172831018], [-50.67103625999994, -23.462403109310184], [-50.671034918999965, -23.46240424931017], [-50.67103337999999, -23.462405107310147], [-50.67103170399997, -23.462405648310174], [-50.67102995499994, -23.462405851310173], [-50.67102819999997, -23.462405709310147], [-50.66720042999998, -23.46171404131022], [-50.665349074999945, -23.461807032310197], [-50.664311260999966, -23.462105485310154], [-50.66430932499998, -23.462105818310164], [-50.66247718399995, -23.46221751431018], [-50.660687247999924, -23.462739525310155], [-50.65854650799997, -23.46443323131015], [-50.65854532199996, -23.464434024310115], [-50.65854402599996, -23.464434620310122], [-50.657148835999976, -23.464946165310113], [-50.65714675799995, -23.464946657310136], [-50.657144621999976, -23.464946644310103], [-50.65568993399995, -23.464763537310105], [-50.65437470099994, -23.464635287310127], [-50.654373011999944, -23.464634957310142], [-50.654371417999975, -23.4646343113101], [-50.65436997599994, -23.464633373310132], [-50.65331391899996, -23.463792215310132], [-50.65331247499995, -23.463790767310154], [-50.65283432599994, -23.46318738731014], [-50.65283341499998, -23.463185988310162], [-50.65283277899993, -23.46318444531016], [-50.65283243999994, -23.463182810310172], [-50.65283240799994, -23.463181141310145], [-50.65283268599996, -23.463179496310143], [-50.65283326399998, -23.46317793031016], [-50.65333186599997, -23.46213606031019], [-50.653332829999954, -23.462134486310187], [-50.654309798999975, -23.46085510331022], [-50.65431082099996, -23.460853977310176], [-50.65431201699994, -23.460853039310216], [-50.65598640599995, -23.459756652310222], [-50.65598732299998, -23.459756126310218], [-50.65829841699997, -23.458605512310267], [-50.65947360199993, -23.457637601310303], [-50.659475104999956, -23.457636599310273], [-50.65947677699996, -23.457635917310263], [-50.659478551999946, -23.45763558431025], [-50.65948035799993, -23.457635613310295], [-50.66151144199994, -23.457873556310286], [-50.663083960999984, -23.457545228310273], [-50.66513377999996, -23.45694320831031], [-50.66565029199995, -23.4563784743103], [-50.66565098999996, -23.456377790310317], [-50.66805924099998, -23.454260768310377], [-50.66806120199993, -23.454259457310368], [-50.669530057999964, -23.45353574631035], [-50.67036249899997, -23.452611626310386], [-50.67108646299994, -23.451525213310422], [-50.67108712399994, -23.451524340310442], [-50.67222839699996, -23.45019586231047], [-50.672229576999946, -23.450194719310456], [-50.67223094599996, -23.45019381031046], [-50.67223245699995, -23.450193166310445], [-50.67385633499998, -23.449669979310457], [-50.673858174999964, -23.44966959331045], [-50.67386005499998, -23.449669598310457], [-50.67460610999996, -23.44975021731047], [-50.67460783399997, -23.44975057731047], [-50.674609453999956, -23.449751267310447], [-50.67461090899997, -23.449752259310472], [-50.674612141999944, -23.449753516310484], [-50.67461310699997, -23.449754989310474], [-50.67461376499995, -23.449756622310428], [-50.67461409199996, -23.44975835331049], [-50.674614075999955, -23.449760114310454], [-50.67461371599995, -23.449761838310472], [-50.674613026999964, -23.44976345831044], [-50.67461203399995, -23.449764913310453], [-50.67461077699994, -23.449766146310434], [-50.674609303999944, -23.44976711131047], [-50.67460767099994, -23.449767769310434], [-50.67460593999994, -23.44976809631045], [-50.674604178999964, -23.449768080310445], [-50.673860024999954, -23.449687666310485], [-50.67224037599994, -23.450209490310446], [-50.67110110899995, -23.451535632310403], [-50.67037708699996, -23.452622133310403], [-50.67037628599997, -23.452623164310406], [-50.669542251999985, -23.453549053310365], [-50.669540996999956, -23.453550205310357], [-50.66953954699994, -23.45355109931039], [-50.66807020999993, -23.454275048310336], [-50.66566321899995, -23.4563909613103], [-50.665145344999985, -23.456957183310323], [-50.665144141999974, -23.45695828031031], [-50.66514276199996, -23.4569591413103], [-50.665141247999934, -23.456959739310292], [-50.66308867999993, -23.457562567310287], [-50.66308798399996, -23.457562742310305], [-50.66151368399994, -23.457891441310267], [-50.661512247999944, -23.457891622310285], [-50.661510801999945, -23.457891570310267], [-50.65948206999997, -23.457653903310305], [-50.65830904799998, -23.45862003231024], [-50.658307340999954, -23.458621139310242], [-50.65599580399999, -23.459771973310257], [-50.65432314499998, -23.460867228310224], [-50.65334767199994, -23.46214465231017], [-50.652851890999955, -23.463180625310134], [-50.65332591699996, -23.463778802310152], [-50.65437908999996, -23.464617664310108], [-50.65569180299997, -23.464745668310137], [-50.65569205299994, -23.464745696310114], [-50.657144700999936, -23.46492854631011], [-50.65853648899998, -23.46441824831012], [-50.66067747599993, -23.462724347310147], [-50.66067892899997, -23.46272341031017], [-50.66068053499998, -23.462722768310197], [-50.66247311899997, -23.462199984310146], [-50.66247508799995, -23.462199642310182], [-50.664307245999964, -23.46208794531017], [-50.66534510599997, -23.461789479310166], [-50.66534713799996, -23.461789140310174], [-50.66720055999997, -23.461696045310166], [-50.66720260799997, -23.4616961773102]]], [[[-50.67138284599997, -23.43262449331087], [-50.67074070799998, -23.431924610310848], [-50.67073965099996, -23.431923202310855], [-50.67073888799996, -23.43192161431087], [-50.67073844999993, -23.43191990931087], [-50.67073835299993, -23.431918150310825], [-50.67073859999993, -23.431916407310865], [-50.670739183999956, -23.43191474531087], [-50.67074007999997, -23.431913229310876], [-50.67074125399995, -23.431911917310877], [-50.67074266199995, -23.431910860310854], [-50.670744249999984, -23.431910097310848], [-50.67074595499997, -23.431909659310882], [-50.67074771399996, -23.431909562310885], [-50.67074945699994, -23.43190981031087], [-50.67075111899993, -23.431910393310847], [-50.670752634999985, -23.431911289310868], [-50.67075394699998, -23.431912463310834], [-50.671396845999936, -23.432613177310838], [-50.67139814199993, -23.432615001310868], [-50.67208113899994, -23.433887262310826], [-50.67208142099998, -23.433887834310813], [-50.67250203899994, -23.434825480310806], [-50.67253013499993, -23.4348060393108], [-50.672531884999955, -23.434805096310814], [-50.67253379899995, -23.434804561310795], [-50.672535783999926, -23.434804459310804], [-50.67438306299994, -23.4349152383108], [-50.68061718599995, -23.433324301310833], [-50.68061772999994, -23.433324180310805], [-50.68282164699997, -23.432905342310843], [-50.682822982999944, -23.432905191310848], [-50.68282432599995, -23.432905240310834], [-50.68461124599997, -23.43310573531084], [-50.68461291299997, -23.43310608531084], [-50.68461448399995, -23.433106743310805], [-50.684852732999964, -23.433234278310852], [-50.68485433099994, -23.433235370310843], [-50.68485565799994, -23.433236778310842], [-50.68485665199996, -23.433238439310838], [-50.68485726799998, -23.433240274310823], [-50.684857475999934, -23.43324219831083], [-50.68485738999994, -23.434296527310796], [-50.685253340999964, -23.43502323231081], [-50.685253434999936, -23.43502341031081], [-50.68614680399997, -23.43675409231073], [-50.686147467999945, -23.43675577831075], [-50.68614778099993, -23.43675756331074], [-50.68636916399998, -23.43981165231067], [-50.686369185999986, -23.43981216031069], [-50.68639776699995, -23.441627332310613], [-50.686397634999935, -23.44162901631065], [-50.68639718999998, -23.44163064631063], [-50.686396446999936, -23.441632163310633], [-50.68639543399996, -23.441633514310666], [-50.685821921999946, -23.4422648463106], [-50.68582096299996, -23.44226575831063], [-50.68581987999994, -23.442266518310596], [-50.68458685699994, -23.443003032310617], [-50.684585940999966, -23.443003510310625], [-50.68295147999999, -23.443739984310618], [-50.68295099599993, -23.443740185310595], [-50.68192816299995, -23.44413109331057], [-50.68232482399998, -23.44488507231058], [-50.68232549399994, -23.444886728310564], [-50.682325822999985, -23.444888484310592], [-50.682325798999955, -23.444890270310577], [-50.68232542199996, -23.44489201631059], [-50.68186651999997, -23.44631257431056], [-50.68186581699997, -23.44631418931053], [-50.68186481199996, -23.446315635310533], [-50.68186354499995, -23.44631685831056], [-50.68186206299998, -23.446317810310553], [-50.68186042499997, -23.44631845531056], [-50.681858690999945, -23.446318767310554], [-50.68185693099997, -23.446318736310534], [-50.68185520999997, -23.446318361310528], [-50.68185359499995, -23.44631765831051], [-50.681852148999944, -23.44631665431055], [-50.68185092599998, -23.446315386310555], [-50.68184997399993, -23.44631390531052], [-50.68184932999998, -23.446312266310514], [-50.681849016999934, -23.446310533310537], [-50.681849048999936, -23.446308772310523], [-50.68184942299996, -23.44630705231052], [-50.68230716299996, -23.444890091310594], [-50.68190754899996, -23.44413049831061], [-50.681906907999974, -23.44412894131059], [-50.68190656899998, -23.444127291310586], [-50.68190654399996, -23.44412560731061], [-50.68190683399996, -23.444123947310597], [-50.681907427999924, -23.444122371310613], [-50.68190830699996, -23.444120934310575], [-50.681909437999934, -23.44411968631059], [-50.68191078199993, -23.444118671310566], [-50.68191229199993, -23.444117925310564], [-50.68294433799997, -23.443723497310586], [-50.68457808799997, -23.442987342310634], [-50.68580952099995, -23.442251778310613], [-50.68637974699994, -23.44162406331062], [-50.68635122599994, -23.439812697310696], [-50.68612999499993, -23.43676069831075], [-50.68523751599997, -23.43503174031077], [-50.68484051799993, -23.43430311331078], [-50.68483991599993, -23.434301748310784], [-50.68483954699997, -23.434300302310778], [-50.68483942299997, -23.434298815310818], [-50.68483950999996, -23.433247578310823], [-50.68460752699997, -23.43312339731084], [-50.68282366999995, -23.432923246310846], [-50.68062135799994, -23.43334177931085], [-50.67438614699995, -23.43493299431078], [-50.67438477699994, -23.43493323231082], [-50.67438338799997, -23.43493325631079], [-50.67253780599998, -23.434822579310786], [-50.67139483599993, -23.43561344331078], [-50.67139363599995, -23.43561414231077], [-50.66956568799998, -23.43649844031077], [-50.66817965299998, -23.43756700531071], [-50.66817863499995, -23.43756768431076], [-50.66705315299998, -23.4382128033107], [-50.66705211199996, -23.438213313310705], [-50.66544428899994, -23.438876790310673], [-50.66544260299997, -23.438877299310697], [-50.665440849999975, -23.438877469310718], [-50.66543909799998, -23.438877294310696], [-50.66543741399994, -23.438876781310718], [-50.66543586199998, -23.43887594831072], [-50.66543450199998, -23.438874829310723], [-50.66543338599996, -23.43887346731069], [-50.665432557999964, -23.4388719133107], [-50.66543204899994, -23.43887022731068], [-50.665431878999975, -23.43886847431068], [-50.66543205399996, -23.438866722310685], [-50.665432566999975, -23.438865037310723], [-50.665433399999976, -23.438863485310698], [-50.66543451899998, -23.438862125310706], [-50.66543588099995, -23.438861010310713], [-50.66543743599994, -23.43886018231072], [-50.667044721999964, -23.438196927310734], [-50.66816916899995, -23.43755240131072], [-50.669555454999966, -23.436483644310762], [-50.66955702799998, -23.436482671310756], [-50.671385184999956, -23.4355982723108], [-50.67248704299993, -23.43483585731077], [-50.67248685799996, -23.434835535310828], [-50.67206515899994, -23.43389547931079], [-50.67138284599997, -23.43262449331087]]], [[[-50.726422532999955, -23.464586312310104], [-50.72805248699996, -23.46468837431015], [-50.72704505199994, -23.464263721310115], [-50.72704331399996, -23.46426274931011], [-50.72704183299993, -23.464261417310148], [-50.72704068099995, -23.464259792310123], [-50.726651166999936, -23.463555789310128], [-50.726650665999955, -23.46355472331014], [-50.726250397999934, -23.462535527310152], [-50.72568365099995, -23.461781539310174], [-50.72539436199998, -23.461404071310174], [-50.72539340299994, -23.46140251231018], [-50.72509290299996, -23.460780105310217], [-50.725092296999954, -23.460778452310187], [-50.725092023999935, -23.460776712310224], [-50.72509209699995, -23.46077495331019], [-50.72509251099996, -23.460773241310218], [-50.725093250999976, -23.460771643310242], [-50.72509428899997, -23.460770220310216], [-50.72509558399997, -23.46076902731021], [-50.725097086999945, -23.46076811031019], [-50.72509873999997, -23.460767503310183], [-50.72510047999999, -23.460767231310218], [-50.72510223999996, -23.46076730331019], [-50.72510395099993, -23.460767718310194], [-50.72510554899998, -23.460768458310213], [-50.725106971999935, -23.46076949531021], [-50.725108164999945, -23.460770791310207], [-50.72510908199996, -23.46077229431022], [-50.725409181999964, -23.461393872310207], [-50.72569793699995, -23.46177064431017], [-50.72569798799998, -23.4617707113102], [-50.72626549299997, -23.46252570931019], [-50.72626667399994, -23.462527822310175], [-50.72666717299995, -23.463547607310133], [-50.72705489599997, -23.464248373310138], [-50.728106811999965, -23.4646917763101], [-50.72814902699997, -23.464694419310106], [-50.728150764999945, -23.46469470131015], [-50.728152414999954, -23.464695316310113], [-50.72815391399996, -23.464696242310108], [-50.72815520199998, -23.46469744231015], [-50.72815623199994, -23.464698870310105], [-50.728156963999936, -23.464700472310113], [-50.72815736899997, -23.464702186310113], [-50.72815743099994, -23.464703946310152], [-50.72815714999996, -23.464705684310125], [-50.728156533999936, -23.464707334310123], [-50.72815560799995, -23.464708832310134], [-50.72815440799997, -23.46471012131009], [-50.72815297999995, -23.464711151310112], [-50.72815288299995, -23.464711196310102], [-50.728304984999966, -23.464775309310106], [-50.72963853799996, -23.464649082310153], [-50.730640294999944, -23.464486682310138], [-50.73064093399996, -23.464486602310128], [-50.73266472699999, -23.46430587431015], [-50.73266618799994, -23.464305863310155], [-50.73424798799994, -23.464422622310135], [-50.734249990999956, -23.46442300231015], [-50.734251857999936, -23.464423825310142], [-50.73425349099995, -23.46442504731012], [-50.73493160099997, -23.465064735310087], [-50.734932756999974, -23.465066063310083], [-50.73493363199998, -23.46506759231012], [-50.73493419199997, -23.4650692613101], [-50.73493441599994, -23.465071008310087], [-50.73493429499996, -23.46507276531009], [-50.73493383299996, -23.46507446431008], [-50.73493304799995, -23.46507604131013], [-50.73493197099998, -23.465077434310114], [-50.734930642999984, -23.46507859031011], [-50.73492911499994, -23.46507946531012], [-50.73492744499998, -23.46508002531011], [-50.734925697999984, -23.46508024931012], [-50.73492394199997, -23.4650801283101], [-50.73492224199998, -23.465079666310093], [-50.73492066599994, -23.46507888131011], [-50.73491927199995, -23.465077804310123], [-50.73424348299994, -23.46444030531014], [-50.732665595999954, -23.464323835310125], [-50.73064285299994, -23.464504468310135], [-50.72964111899995, -23.464666865310125], [-50.72964052799995, -23.464666941310114], [-50.72830442599996, -23.464793409310136], [-50.72830295099993, -23.46479342731011], [-50.72830149199996, -23.4647932033101], [-50.72830008999995, -23.464792743310117], [-50.72810264399993, -23.464709516310123], [-50.726422966999955, -23.464604341310135], [-50.725466704999974, -23.464880706310122], [-50.72546604499996, -23.464880870310097], [-50.723333497999924, -23.465325649310113], [-50.721860436999975, -23.465698150310104], [-50.72185871299996, -23.465698412310065], [-50.721856970999966, -23.46569833531009], [-50.72185527699998, -23.465697923310127], [-50.721853693999954, -23.46569719231012], [-50.721852281999986, -23.465696169310093], [-50.72070868399993, -23.464684327310152], [-50.71984010999995, -23.464083238310117], [-50.71916833799997, -23.463872944310122], [-50.71916671699995, -23.463872256310122], [-50.71916526199993, -23.463871265310136], [-50.71916402699998, -23.463870009310128], [-50.71916306199995, -23.463868536310134], [-50.719162402999984, -23.463866903310116], [-50.71916207399994, -23.463865173310168], [-50.719162089999934, -23.46386341231015], [-50.719162448999946, -23.46386168831013], [-50.71916313699995, -23.46386006731016], [-50.71916412799994, -23.463858611310155], [-50.71916538499994, -23.463857377310127], [-50.719166856999955, -23.463856412310165], [-50.71916848999996, -23.463855752310145], [-50.71917021999997, -23.463855424310154], [-50.71917198099993, -23.463855440310148], [-50.719173704999946, -23.463855799310153], [-50.719846781999934, -23.46406650131015], [-50.71984804099998, -23.464067002310152], [-50.71984920999995, -23.464067687310116], [-50.720719346999935, -23.464669857310145], [-50.72072018799997, -23.464670517310097], [-50.721860632999956, -23.465679569310105], [-50.72332927699995, -23.465308185310114], [-50.72332964499998, -23.4653081003101], [-50.72546204299993, -23.464863352310104], [-50.72641947699997, -23.464586648310128], [-50.72642098999995, -23.4645863493101], [-50.726422532999955, -23.464586312310104]]], [[[-50.69417338499995, -23.44985774131045], [-50.69495608699997, -23.452087045310424], [-50.69511510399997, -23.451960355310415], [-50.695116749999954, -23.451959313310418], [-50.695118581999964, -23.451958651310434], [-50.695120513999946, -23.451958399310417], [-50.69625349499995, -23.451934756310404], [-50.69625516899998, -23.451934878310414], [-50.69625679099994, -23.451935309310407], [-50.69625830499996, -23.451936034310414], [-50.69625965699998, -23.45193702831042], [-50.69713515299997, -23.452716564310386], [-50.69713570299996, -23.452717097310373], [-50.69798494499997, -23.453614189310354], [-50.698988613999965, -23.454369622310324], [-50.69898878199995, -23.454369751310338], [-50.700662610999984, -23.45569253631031], [-50.70066399899997, -23.45569390231032], [-50.70066505999995, -23.455695535310316], [-50.70179821699997, -23.4579396153103], [-50.70179885299996, -23.457941257310264], [-50.70179915599993, -23.457942992310283], [-50.70179911499997, -23.45794475231025], [-50.70179873099994, -23.45794647131027], [-50.701798019999956, -23.45794808231028], [-50.70179700799997, -23.457949523310276], [-50.70179573399997, -23.45795073931027], [-50.701794246999945, -23.457951683310277], [-50.70179260499998, -23.45795231931027], [-50.70179086999997, -23.457952622310298], [-50.70178910999993, -23.457952581310284], [-50.70178739099998, -23.45795219731024], [-50.701785779999966, -23.457951486310275], [-50.70178433899997, -23.45795047331029], [-50.701783122999984, -23.45794920031029], [-50.70178217899996, -23.45794771331026], [-50.700649915999975, -23.455705403310326], [-50.69897772499996, -23.454383913310334], [-50.69797353699994, -23.453628090310342], [-50.69797241599997, -23.45362708831037], [-50.69712291999997, -23.45272972731038], [-50.69625034399997, -23.451952792310436], [-50.69512392399997, -23.45197629931041], [-50.694962388999954, -23.452104995310393], [-50.69497708299997, -23.45214684831043], [-50.69497750099998, -23.452148559310412], [-50.69497757699997, -23.45215031831039], [-50.694977307999984, -23.452152059310396], [-50.69497670499994, -23.45215371331041], [-50.69497579099994, -23.452155218310402], [-50.694974599999966, -23.452156516310385], [-50.69497317999998, -23.452157557310407], [-50.69497158299998, -23.45215830031039], [-50.694969871999945, -23.452158718310397], [-50.69496811299995, -23.452158794310396], [-50.69496637299995, -23.452158525310406], [-50.69496471799994, -23.452157922310406], [-50.69496321299994, -23.452157007310415], [-50.694961914999965, -23.452155817310388], [-50.694960874999936, -23.45215439631041], [-50.69496013099996, -23.452152800310405], [-50.69494750999996, -23.45211685031042], [-50.69415001699998, -23.452752219310415], [-50.69350707799998, -23.45489918431032], [-50.69350678699993, -23.45490000631033], [-50.692579772999984, -23.45716773831028], [-50.692578700999945, -23.457169653310327], [-50.69167742399997, -23.458397993310253], [-50.69167633699994, -23.458399222310266], [-50.691675043999965, -23.45840023331025], [-50.69020880099998, -23.459344084310228], [-50.689180756999974, -23.460876447310216], [-50.68889777199996, -23.46233923931016], [-50.68889736899996, -23.46234067431017], [-50.68889673299998, -23.46234202331018], [-50.68843436399993, -23.463143094310166], [-50.68843429399994, -23.46439122531015], [-50.68884561799996, -23.4656177083101], [-50.68951486999998, -23.467010990310058], [-50.68951547399996, -23.467012644310078], [-50.68951574299996, -23.467014384310083], [-50.68951566699997, -23.467016144310055], [-50.68951524899995, -23.467017854310043], [-50.689514505999966, -23.46701945131004], [-50.68951346499995, -23.46702087231008], [-50.68951216799996, -23.46702206231006], [-50.68951066299997, -23.46702297631006], [-50.68950900799996, -23.467023580310087], [-50.68950726799994, -23.4670238493101], [-50.68950550799997, -23.467023773310103], [-50.68950379799997, -23.467023355310086], [-50.68950220099998, -23.467022612310092], [-50.689500779999946, -23.467021571310074], [-50.68949958999997, -23.467020274310094], [-50.68949867599997, -23.467018769310098], [-50.68882918199995, -23.46562498331008], [-50.68882876199996, -23.46562395031009], [-50.68841679399998, -23.464395547310144], [-50.68841644499997, -23.46439413831015], [-50.68841632799996, -23.464392690310113], [-50.68841639799996, -23.46314068631017], [-50.68841653399995, -23.463139127310168], [-50.688416938999985, -23.46313761531018], [-50.688417600999976, -23.463136196310185], [-50.688880418999986, -23.46233434731018], [-50.68916346299994, -23.460871248310237], [-50.689163977999954, -23.4608695313102], [-50.68916482299995, -23.460867949310234], [-50.69019491599994, -23.45933253231024], [-50.69019608399998, -23.459331124310236], [-50.69019751399998, -23.45932998331025], [-50.691663921999975, -23.45838602531028], [-50.692563560999986, -23.45715991631029], [-50.69348999199997, -23.45489361231036], [-50.69413361399995, -23.452744370310374], [-50.694134306999956, -23.452742693310377], [-50.694135323999944, -23.452741189310423], [-50.69413662099998, -23.452739921310407], [-50.69494120699994, -23.452098900310396], [-50.694156881999966, -23.449864971310447], [-50.69279371099998, -23.448022545310497], [-50.69196832599994, -23.447454605310508], [-50.69109781199995, -23.447399134310515], [-50.690321076999965, -23.448289854310467], [-50.68771772999998, -23.451974304310408], [-50.68632946499997, -23.45439840431035], [-50.68632876199996, -23.454399453310344], [-50.68504062499994, -23.45605667831033], [-50.685039604999986, -23.456057785310335], [-50.683467037999954, -23.457500183310298], [-50.683465628999954, -23.4575012413103], [-50.683464041999976, -23.45750200331026], [-50.683462335999934, -23.45750244131029], [-50.68346057799994, -23.45750253831029], [-50.68345883499995, -23.457502290310295], [-50.68345717299996, -23.45750170731027], [-50.68345565699997, -23.457500810310258], [-50.68345434499997, -23.45749963631029], [-50.68345328799996, -23.4574982273103], [-50.68345252599994, -23.457496640310307], [-50.68345208799997, -23.45749493431027], [-50.68345199099997, -23.45749317631027], [-50.68345223899996, -23.45749143231031], [-50.683452821999936, -23.4574897713103], [-50.68345371799995, -23.4574882553103], [-50.68345489299998, -23.45748694331032], [-50.68502690399998, -23.456045056310344], [-50.68631418899997, -23.454388927310358], [-50.687702350999984, -23.451965005310413], [-50.687702809999955, -23.45196428531042], [-50.690306668999945, -23.448279112310495], [-50.69030723499998, -23.448278391310506], [-50.691087185999955, -23.447383983310488], [-50.69108837699998, -23.447382847310525], [-50.69108975499995, -23.447381947310486], [-50.691091272999984, -23.447381314310533], [-50.69109288299995, -23.447380968310497], [-50.69109452799995, -23.447380922310526], [-50.69197194599997, -23.447436833310537], [-50.691973538999946, -23.44743707931049], [-50.69197506199998, -23.44743760631054], [-50.69197646599997, -23.447438397310545], [-50.69280513199994, -23.44800859531051], [-50.692806281999935, -23.448009536310504], [-50.69280726099999, -23.44801065331051], [-50.69417213099996, -23.449855374310474], [-50.69417284699994, -23.449856511310443], [-50.69417338499995, -23.44985774131045]]], [[[-50.709561305999955, -23.45665894331032], [-50.710544673999955, -23.456959524310285], [-50.710546299999976, -23.456960201310295], [-50.710547761999976, -23.456961183310302], [-50.71054900399998, -23.456962431310288], [-50.71054997999994, -23.45696389731031], [-50.71055064999996, -23.456965525310316], [-50.710550989999945, -23.456967253310285], [-50.71055098599993, -23.456969014310307], [-50.71055063899996, -23.456970741310293], [-50.710549961999966, -23.45697236631028], [-50.71054897999994, -23.456973828310275], [-50.71054773199995, -23.456975071310314], [-50.71054626599994, -23.4569760463103], [-50.71054463799993, -23.456976717310297], [-50.71054290999995, -23.456977057310286], [-50.710541148999944, -23.456977053310286], [-50.71053942199995, -23.456976706310314], [-50.70955620199993, -23.45667616931033], [-50.708438780999984, -23.45637626831034], [-50.706665992999945, -23.456864326310296], [-50.70468599499998, -23.457528406310256], [-50.70468447899998, -23.457528772310297], [-50.70269067199997, -23.457829557310276], [-50.70174193799994, -23.458003671310284], [-50.701714927999944, -23.45890980231028], [-50.70194687999999, -23.459873326310237], [-50.70194694899994, -23.45987363931023], [-50.70209722399994, -23.46061282331021], [-50.702097392999974, -23.46061417431019], [-50.70213748899994, -23.461434781310206], [-50.70321398899994, -23.461289501310187], [-50.70321547699996, -23.461289425310202], [-50.70596231899998, -23.46137713731018], [-50.70596368099996, -23.4613772853102], [-50.70863074199997, -23.4618751383102], [-50.70863255599995, -23.461875680310207], [-50.70863421599996, -23.461876589310208], [-50.70981611999997, -23.462696858310164], [-50.70981746099994, -23.462697999310144], [-50.70981855399998, -23.46269938031015], [-50.70981935599997, -23.46270094731017], [-50.70981983799992, -23.462702641310166], [-50.709819978999974, -23.462704396310187], [-50.70981977599996, -23.462706146310154], [-50.70981923499994, -23.462707822310172], [-50.709818377999966, -23.462709360310164], [-50.70981723699998, -23.462710701310193], [-50.70981585599997, -23.46271179431017], [-50.709814287999954, -23.462712597310144], [-50.70981259399997, -23.462713078310184], [-50.70981083899994, -23.46271322031016], [-50.709809089999965, -23.462713016310147], [-50.709807413999954, -23.462712475310187], [-50.70980587599997, -23.462711618310156], [-50.70862555299993, -23.461892446310188], [-50.705961058999954, -23.461395072310196], [-50.70321565099994, -23.461307406310187], [-50.702138368999954, -23.461452791310165], [-50.70213840799994, -23.461453598310225], [-50.70213832099994, -23.4614553573102], [-50.702137892999986, -23.46145706531022], [-50.70213713999993, -23.461458657310217], [-50.70213708299997, -23.46145873331019], [-50.70205848999995, -23.462382272310165], [-50.70244357699993, -23.465000760310105], [-50.703647556999954, -23.465158469310104], [-50.70364937899996, -23.465158905310098], [-50.705255449999974, -23.465725421310076], [-50.70525647299996, -23.465725855310097], [-50.706936601999985, -23.466564267310083], [-50.70958041299996, -23.46779918231005], [-50.71197735199996, -23.468886836310027], [-50.71197887699997, -23.46888771731004], [-50.71198019999997, -23.468888879310025], [-50.711981271999946, -23.468890277310017], [-50.71198204999996, -23.468891857310027], [-50.711982503999934, -23.46889355831005], [-50.71198261899997, -23.468895315310007], [-50.71198238799997, -23.468897061310017], [-50.71198182099994, -23.468898728310002], [-50.71198093899994, -23.468900253310018], [-50.71197977799995, -23.46890157631001], [-50.71197837999995, -23.468902648310046], [-50.711976799999945, -23.468903426310007], [-50.71197509899997, -23.468903880310023], [-50.71197334199996, -23.468903995310008], [-50.71197159599996, -23.468903764310003], [-50.71196992899997, -23.468903197310038], [-50.70957294399995, -23.467815523310037], [-50.70957285399992, -23.467815481310026], [-50.70692889299994, -23.466580495310076], [-50.706928683999934, -23.466580394310064], [-50.70524894899995, -23.465742179310094], [-50.703644289999936, -23.465176161310126], [-50.70243451099998, -23.465017692310102], [-50.70243289299997, -23.4650173263101], [-50.70243136999994, -23.465016668310128], [-50.70242999399994, -23.465015742310136], [-50.702428810999955, -23.465014578310115], [-50.702427862999976, -23.46501321631014], [-50.70242718199995, -23.4650117043101], [-50.702426789999954, -23.46501009231009], [-50.70204056299997, -23.462383855310193], [-50.70204049999995, -23.462381786310186], [-50.702120080999975, -23.461446644310204], [-50.70207948199993, -23.460615733310185], [-50.70192937499996, -23.459877375310224], [-50.70169717899995, -23.45891283931028], [-50.70169693299994, -23.458910468310226], [-50.70172419599999, -23.457995878310268], [-50.70172441599994, -23.4579941503103], [-50.70172496599997, -23.457992497310265], [-50.70172582499998, -23.457990982310264], [-50.70172695899999, -23.457989660310254], [-50.701728327999945, -23.45798858331028], [-50.70172987899997, -23.457987789310273], [-50.70173155399993, -23.45798731031028], [-50.70268756899998, -23.457811860310304], [-50.70268785099995, -23.457811813310293], [-50.704681023999974, -23.457511124310262], [-50.706660513999964, -23.456847214310322], [-50.706660985999974, -23.456847070310317], [-50.70843636699993, -23.45635829831028], [-50.708437928999956, -23.456358014310325], [-50.70843951599994, -23.45635800931033], [-50.70844107999994, -23.45635828331033], [-50.70956100799998, -23.456658857310316], [-50.709561305999955, -23.45665894331032]]]]}, "properties": {"objectid": 8820408, "cod_tema": "RIO_ATE_10", "nom_tema": "Curso d'agua natural de ate 10 metros", "cod_imovel": "PR-4126009-EC986F0439A3492EB40B6C7458DD6F61", "ind_status": "AT", "des_condic": "Aguardando analise", "Shape__Area": 3.415493466429376e-06, "Shape__Length": 0.3802529941561884}}, {"type": "Feature", "id": 8838475, "geometry": {"type": "MultiPolygon", "coordinates": [[[[-50.681166022999946, -23.505966646309215], [-50.68143923899998, -23.50659602730916], [-50.68143950899997, -23.506596865309156], [-50.68143960999999, -23.506597740309175], [-50.68143953899994, -23.506598617309162], [-50.68143929699993, -23.506599464309193], [-50.681438894999985, -23.50660024730915], [-50.68143834799998, -23.506600937309187], [-50.681437676999955, -23.506601507309185], [-50.68143690799997, -23.506601935309206], [-50.68143606999997, -23.5066022053092], [-50.68143519499994, -23.506602306309208], [-50.68143431699997, -23.50660223530916], [-50.68143347099993, -23.506601993309168], [-50.68143268699998, -23.506601591309213], [-50.68143199699994, -23.506601044309203], [-50.68143142699994, -23.50660037330919], [-50.681430998999986, -23.50659960430919], [-50.68115796099994, -23.5059706313092], [-50.67965904899996, -23.50381276830926], [-50.67964860599995, -23.50382000230922], [-50.679647856999956, -23.503820421309225], [-50.67964704099995, -23.503820690309215], [-50.679646188999975, -23.503820799309267], [-50.67964533199995, -23.503820743309216], [-50.679644501999974, -23.503820526309244], [-50.679643726999984, -23.50382015430926], [-50.67964303799994, -23.50381964230922], [-50.67964245899998, -23.503819008309275], [-50.67813873199998, -23.50181881130928], [-50.67615546799993, -23.5002716073093], [-50.67615513699997, -23.50027132330935], [-50.675279817999986, -23.49944012430937], [-50.67527924199993, -23.49943945830936], [-50.675278806999984, -23.499438693309326], [-50.67527852899996, -23.499437857309363], [-50.675278419999984, -23.499436983309327], [-50.675278483999925, -23.499436105309357], [-50.67527871799996, -23.499435256309354], [-50.67527911299993, -23.499434469309374], [-50.67527965299997, -23.499433774309328], [-50.675280318999974, -23.499433198309326], [-50.67528108499994, -23.499432763309336], [-50.67528192099997, -23.49943248630937], [-50.67528279399994, -23.499432377309322], [-50.67528367299997, -23.499432441309324], [-50.67528452199997, -23.49943267430936], [-50.675285308999946, -23.499433069309344], [-50.67528600299994, -23.499433610309357], [-50.67616116499994, -23.50026465830935], [-50.67814472799995, -23.501812095309305], [-50.678145554999965, -23.50181293730928], [-50.67964704299993, -23.50381015730926], [-50.67965392399998, -23.503805390309243], [-50.679639014999964, -23.503783927309254], [-50.67963858599995, -23.503783159309243], [-50.679638315999966, -23.503782321309235], [-50.679638213999965, -23.503781446309233], [-50.679638283999964, -23.503780568309253], [-50.679638523999984, -23.50377972130923], [-50.679638924999956, -23.50377893730927], [-50.67963947199996, -23.503778247309228], [-50.67964014199998, -23.503777676309248], [-50.67964091099998, -23.503777247309234], [-50.679641748999984, -23.50377697630927], [-50.67964262299995, -23.503776874309263], [-50.67964350099993, -23.503776945309248], [-50.679644347999954, -23.50377718530927], [-50.67964513199996, -23.50377758630924], [-50.67964582299993, -23.503778132309254], [-50.679646392999985, -23.50377880330927], [-50.67966130899998, -23.503800275309224], [-50.68052497399998, -23.503202054309273], [-50.680526121999954, -23.503201482309247], [-50.68233455199998, -23.502603619309262], [-50.68233467299996, -23.502603580309277], [-50.68346969699997, -23.50226373730927], [-50.683469773999946, -23.50226371430929], [-50.684780461999935, -23.501896847309276], [-50.68478067199993, -23.501896794309268], [-50.686039971999946, -23.501609073309265], [-50.68604087099994, -23.50160896230931], [-50.688807424999936, -23.501546608309287], [-50.69115238599994, -23.501204418309317], [-50.69115339599994, -23.501204385309332], [-50.69292483999993, -23.501347284309297], [-50.69292524499997, -23.501347336309312], [-50.69450228399996, -23.50162020530927], [-50.694503131999966, -23.5016204393093], [-50.69450391899994, -23.50162083530931], [-50.69450461299994, -23.501621376309277], [-50.69450518899998, -23.50162204230928], [-50.69450562299994, -23.501622808309307], [-50.69450589999997, -23.501623644309273], [-50.69450600799996, -23.501624518309306], [-50.69450594399996, -23.501625396309276], [-50.69450570899994, -23.501626245309275], [-50.69450531399997, -23.501627032309308], [-50.69450477199996, -23.501627726309305], [-50.694504105999954, -23.501628301309307], [-50.69450333999998, -23.50162873630932], [-50.694502503999956, -23.501629012309294], [-50.694501629999934, -23.50162912130927], [-50.69450075199995, -23.501629056309284], [-50.69292391499994, -23.501356222309305], [-50.69115317999996, -23.501213380309306], [-50.688808449999954, -23.501555537309276], [-50.68880790299994, -23.501555583309294], [-50.686041528999965, -23.501617932309312], [-50.684782778999924, -23.501905527309283], [-50.683472234999954, -23.50227235430927], [-50.68233731099997, -23.502612168309287], [-50.68052955599996, -23.503209808309247], [-50.679666433999955, -23.503807653309238], [-50.68116559199996, -23.505965872309222], [-50.681166022999946, -23.505966646309215]]], [[[-50.67633059199994, -23.49235051630953], [-50.67633611399998, -23.491581181309513], [-50.676336206999956, -23.4915803063095], [-50.67633646799993, -23.491579465309535], [-50.67633688899998, -23.49157869230952], [-50.676337451999984, -23.491578015309507], [-50.676338136999966, -23.491577461309525], [-50.67633891699996, -23.491577052309534], [-50.67633976099995, -23.491576802309485], [-50.67634063799994, -23.49157672230955], [-50.67634151299995, -23.49157681530953], [-50.676342353999985, -23.491577077309547], [-50.67634312799998, -23.491577497309535], [-50.67634380399994, -23.491578061309525], [-50.67634435799994, -23.491578745309518], [-50.67634476699993, -23.49157952530952], [-50.67634501699997, -23.491580369309524], [-50.67634509699997, -23.491581246309504], [-50.67633956299994, -23.492352303309502], [-50.676339481999946, -23.492353120309495], [-50.67633925299999, -23.49235390930951], [-50.67633888499995, -23.492354643309472], [-50.676338388999966, -23.492355298309487], [-50.67575400299996, -23.492995738309514], [-50.67575319499996, -23.492996436309465], [-50.675012592999956, -23.493495400309488], [-50.67501181799997, -23.493495818309498], [-50.675010975999946, -23.493496077309473], [-50.675010100999934, -23.493496166309463], [-50.67500922399994, -23.493496083309477], [-50.675008379999944, -23.493495831309463], [-50.67500760199994, -23.493495419309447], [-50.67500691999994, -23.493494863309476], [-50.67500635799996, -23.49349418430949], [-50.67500593999995, -23.49349340930945], [-50.67500568099996, -23.493492568309485], [-50.67500559199994, -23.49349169230947], [-50.675005674999966, -23.49349081530948], [-50.67500592699998, -23.493489972309476], [-50.67500633899994, -23.493489194309465], [-50.67500689499997, -23.49348851130945], [-50.67500757399995, -23.493487950309483], [-50.675747728999966, -23.492989286309474], [-50.67633059199994, -23.49235051630953]]], [[[-50.68493771099997, -23.49578005430943], [-50.686602698999934, -23.495139942309454], [-50.686603547999944, -23.495139708309434], [-50.68660442599997, -23.495139645309404], [-50.68660529999994, -23.495139753309456], [-50.68660613499998, -23.495140030309436], [-50.68660690099995, -23.49514046530944], [-50.68660756699995, -23.495141041309427], [-50.68660810799997, -23.495141736309467], [-50.68660850299994, -23.495142523309447], [-50.68660873699997, -23.495143372309446], [-50.68660880099998, -23.495144250309426], [-50.686608691999936, -23.49514512430945], [-50.68660841499997, -23.495145959309422], [-50.68660797999996, -23.49514672530946], [-50.68660740399997, -23.495147391309473], [-50.68660670899993, -23.495147932309436], [-50.68660592199995, -23.495148327309458], [-50.68493995999995, -23.49578881330945], [-50.684938969999955, -23.495789069309414], [-50.68493794699998, -23.495789094309433], [-50.68396212999995, -23.495701545309426], [-50.683961333999946, -23.495701401309436], [-50.683960577999976, -23.495701116309434], [-50.682915374999936, -23.495196501309426], [-50.68079074899998, -23.49609082330942], [-50.68079064799997, -23.49609086430939], [-50.678591343999976, -23.49695462430938], [-50.67731125599994, -23.49754312530941], [-50.67663036999994, -23.498565338309394], [-50.67662992999993, -23.498565897309394], [-50.67662940599996, -23.498566380309338], [-50.676245248999976, -23.49886816330933], [-50.676244505999925, -23.49886863630933], [-50.676243685999964, -23.49886895630936], [-50.67624281899998, -23.498869109309332], [-50.67624193799998, -23.49886909030936], [-50.676241078999965, -23.498868900309382], [-50.67624027299997, -23.498868546309378], [-50.67623955099998, -23.49886804130937], [-50.67623894199994, -23.498867405309333], [-50.67623846799996, -23.498866663309332], [-50.67623814899997, -23.498865842309375], [-50.67623799599994, -23.49886497530934], [-50.676238013999985, -23.49886409530938], [-50.676238204999954, -23.498863235309372], [-50.676238558999955, -23.498862429309376], [-50.676239062999976, -23.49886170830938], [-50.67623969899995, -23.498861098309348], [-50.67662329199993, -23.49855976030937], [-50.67730448499998, -23.497537085309403], [-50.67730500399994, -23.497536443309368], [-50.67730563199995, -23.497535907309402], [-50.67730634799994, -23.497535494309396], [-50.67858770799996, -23.496946409309405], [-50.67858794199998, -23.496946310309365], [-50.68078731399999, -23.496082522309386], [-50.68291375899998, -23.495187435309465], [-50.68291466899996, -23.49518716130946], [-50.682915616999935, -23.49518708430942], [-50.68291655899998, -23.495187209309467], [-50.68291745399994, -23.49518753030942], [-50.68396374699995, -23.495692671309435], [-50.68493771099997, -23.49578005430943]]]]}, "properties": {"objectid": 8838475, "cod_tema": "RIO_ATE_10", "nom_tema": "Curso d'agua natural de ate 10 metros", "cod_imovel": "PR-4126009-8B0BD7B069AD41E3BC7DED2436CDD9F5", "ind_status": "AT", "des_condic": "Aguardando analise, apos revisao ou atendimento da notificacao", "Shape__Area": 3.519592129655868e-07, "Shape__Length": 0.07839798769560162}}, {"type": "Feature", "id": 8838476, "geometry": {"type": "MultiPolygon", "coordinates": [[[[-50.67613776799993, -23.498426953309387], [-50.676584865999985, -23.498512271309373], [-50.67666309899994, -23.499016591309374], [-50.67630428099994, -23.499412879309357], [-50.67605592699994, -23.499521232309323], [-50.67532051599994, -23.49980062830932], [-50.67482910699994, -23.499478573309347], [-50.674434718999976, -23.499540466309362], [-50.67413211599995, -23.499505066309354], [-50.67368834499995, -23.49913651430937], [-50.67357011699994, -23.49842742430934], [-50.673925459999964, -23.49813393130939], [-50.67448881299998, -23.498207699309376], [-50.67477169499995, -23.49810790630938], [-50.67482105199997, -23.49900308230933], [-50.675140097999986, -23.499141232309324], [-50.67556809599996, -23.49915115130936], [-50.67613776799993, -23.498426953309387]]], [[[-50.68841438199996, -23.501593706309265], [-50.68804269999998, -23.5017918323093], [-50.68728750399998, -23.501920881309307], [-50.68681821899997, -23.501719117309314], [-50.68693160299995, -23.501391506309282], [-50.68779080199994, -23.5012372403093], [-50.68814582699997, -23.501262023309323], [-50.68841438199996, -23.501593706309265]]]]}, "properties": {"objectid": 8838476, "cod_tema": "LAGO_NATURAL", "nom_tema": "Lago ou lagoa natural", "cod_imovel": "PR-4126009-8B0BD7B069AD41E3BC7DED2436CDD9F5", "ind_status": "AT", "des_condic": "Aguardando analise, apos revisao ou atendimento da notificacao", "Shape__Area": 3.4945992559418523e-06, "Shape__Length": 0.012768092212710686}}, {"type": "Feature", "id": 8888374, "geometry": {"type": "Polygon", "coordinates": [[[-50.653662615999956, -23.498458650309374], [-50.65366479499994, -23.498449202309367], [-50.654046068999946, -23.49867546630934], [-50.65438182799994, -23.498792712309346], [-50.65465008799999, -23.49886724530938], [-50.655023668999945, -23.498950638309324], [-50.65532381299994, -23.49903691730934], [-50.65555279199998, -23.49916594030934], [-50.65572742699993, -23.49928762230932], [-50.655770863999976, -23.49939129530932], [-50.65586903799993, -23.499593332309345], [-50.65596389999995, -23.499746468309333], [-50.656235040999945, -23.499975165309337], [-50.656546306999985, -23.50021490730935], [-50.65685513799996, -23.500446576309294], [-50.657200792999966, -23.500910007309308], [-50.657428781999954, -23.501255726309292], [-50.657536396999944, -23.501378166309273], [-50.657652446999975, -23.501513926309304], [-50.657776455999965, -23.501544880309307], [-50.65797389699997, -23.501516892309315], [-50.65816674299998, -23.501540255309287], [-50.658495676999955, -23.501672967309315], [-50.658797611999944, -23.50192973330926], [-50.65930926099998, -23.502096058309263], [-50.65962263899996, -23.502176861309266], [-50.65978971199996, -23.502406136309304], [-50.65992555199994, -23.502551937309267], [-50.66006717299996, -23.502851769309256], [-50.66046146199995, -23.503285075309236], [-50.66084216799993, -23.503508064309234], [-50.66084016599996, -23.50351759330925], [-50.66045493299998, -23.503291951309226], [-50.66005875999997, -23.502856574309256], [-50.65991716199995, -23.502556792309253], [-50.65978190499994, -23.50241161830925], [-50.659616523999944, -23.50218466330929], [-50.659306310999966, -23.502104677309298], [-50.65879245499996, -23.501937634309265], [-50.658490245999985, -23.501680635309288], [-50.65816408999996, -23.501549044309265], [-50.657974005999954, -23.50152601630929], [-50.657775895999976, -23.50155409830931], [-50.65764676099997, -23.501521864309304], [-50.65752874599997, -23.501383807309296], [-50.657420757999944, -23.501260940309287], [-50.65719256799997, -23.50091491730933], [-50.65684786599996, -23.500452764309333], [-50.65654007799998, -23.500221877309297], [-50.65622859399997, -23.499981967309303], [-50.655956156999935, -23.499752178309297], [-50.65586029599996, -23.499597429309322], [-50.65576182099994, -23.499394772309333], [-50.65571929699996, -23.499293278309356], [-50.65554727399996, -23.499173416309343], [-50.65531974099997, -23.499045208309365], [-50.655021056999935, -23.498959349309352], [-50.65464752199995, -23.49887596630935], [-50.654378676999954, -23.498801270309336], [-50.65404163599993, -23.498683577309343], [-50.653662615999956, -23.498458650309374]]]}, "properties": {"objectid": 8888374, "cod_tema": "RIO_ATE_10", "nom_tema": "Curso d'agua natural de ate 10 metros", "cod_imovel": "PR-4124301-671DD3A0FC28473A87BBF574DE6A7B9B", "ind_status": "AT", "des_condic": "Analisado, aguardando atendimento a notificacao", "Shape__Area": 8.577230935323351e-08, "Shape__Length": 0.01843679602538569}}, {"type": "Feature", "id": 8888580, "geometry": {"type": "MultiPolygon", "coordinates": [[[[-50.67567776899994, -23.49989410330934], [-50.675684485999966, -23.499887528309355], [-50.676140191999934, -23.500283528309314], [-50.67613992699995, -23.50028950230934], [-50.67661468899996, -23.500715842309326], [-50.67810948399995, -23.501846408309266], [-50.681368194999955, -23.50618811530921], [-50.68136378499997, -23.506190175309197], [-50.67810584799997, -23.501849499309266], [-50.67661142299994, -23.500719212309328], [-50.67613653899997, -23.50029276430935], [-50.67567776899994, -23.49989410330934]]], [[[-50.672905054999944, -23.497617218309376], [-50.672898952999965, -23.497598438309378], [-50.67353530099996, -23.498203771309367], [-50.67352822199995, -23.49821001330935], [-50.672905054999944, -23.497617218309376]]]]}, "properties": {"objectid": 8888580, "cod_tema": "RIO_ATE_10", "nom_tema": "Curso d'agua natural de ate 10 metros", "cod_imovel": "PR-4124301-D45678D3D26A4B91B34FE79C8CB206C3", "ind_status": "AT", "des_condic": "Analisado, aguardando atendimento a notificacao", "Shape__Area": 5.1435072328120414e-08, "Shape__Length": 0.018879463996018808}}, {"type": "Feature", "id": 8888581, "geometry": {"type": "MultiPolygon", "coordinates": [[[[-50.67362466199995, -23.49907363230936], [-50.67354323899997, -23.498919892309335], [-50.67347414799997, -23.498679620309357], [-50.67339275399996, -23.49851471030934], [-50.67335373999998, -23.498363851309367], [-50.673587531999935, -23.498157720309337], [-50.67379374699994, -23.498077179309355], [-50.673963206999986, -23.498158506309387], [-50.67414183999994, -23.49820634730935], [-50.674320670999975, -23.49817321530936], [-50.67458745799997, -23.498101176309376], [-50.67470256399997, -23.498109793309386], [-50.67474785099995, -23.49817410730936], [-50.67478670899993, -23.498389186309332], [-50.67480995899996, -23.49879130830935], [-50.67481542199994, -23.499034239309346], [-50.67497881199995, -23.499121137309352], [-50.675312108999954, -23.499107872309345], [-50.67558497799996, -23.499027467309354], [-50.675712714999975, -23.498826696309365], [-50.67585273499998, -23.498558938309376], [-50.675965432999924, -23.49831346130936], [-50.676230820999926, -23.498242556309375], [-50.67617245599996, -23.499556953309348], [-50.67607942999996, -23.499587868309366], [-50.67597181599996, -23.49965330530935], [-50.67590021199993, -23.499799548309305], [-50.67568962099995, -23.49985069030932], [-50.675684485999966, -23.499887528309355], [-50.67567776899994, -23.49989410330934], [-50.675591044999976, -23.499862595309335], [-50.67545289499998, -23.49985756830934], [-50.67526814599995, -23.499832054309337], [-50.67499877199998, -23.499722597309326], [-50.67468081499993, -23.49956447230935], [-50.67452939999998, -23.499536234309314], [-50.674453520999975, -23.499591919309324], [-50.67434730399998, -23.499664293309337], [-50.674074693999955, -23.499638594309353], [-50.673923484999925, -23.499526590309337], [-50.673745277999956, -23.49930563530936], [-50.673685096999975, -23.499137979309342], [-50.67362466199995, -23.49907363230936]]], [[[-50.67113262899994, -23.49655586530939], [-50.67080045999995, -23.496413425309406], [-50.67036854399998, -23.496266942309433], [-50.66982026699998, -23.496112551309412], [-50.669579390999964, -23.496031594309436], [-50.66946719399993, -23.496019864309392], [-50.66921501899998, -23.4960709543094], [-50.66901834399994, -23.496006230309423], [-50.66958220499998, -23.495931512309433], [-50.67098190599995, -23.49626389930943], [-50.671697249999966, -23.49650269930941], [-50.67205636099993, -23.496254434309417], [-50.67214749399995, -23.49631085830941], [-50.672253446999946, -23.496268402309394], [-50.67230270899995, -23.496411786309398], [-50.67244467799998, -23.496518783309384], [-50.67262557999993, -23.4969337623094], [-50.67273084899995, -23.497168720309418], [-50.672852528999954, -23.497455536309378], [-50.672905054999944, -23.497617218309376], [-50.67224896099998, -23.497274572309404], [-50.67165144399996, -23.496859590309423], [-50.67113262899994, -23.49655586530939]]]]}, "properties": {"objectid": 8888581, "cod_tema": "RESERVATORIO_ARTIFICIAL_DECORRENTE_BARRAMENTO", "nom_tema": "Reservatorio artificial decorrente de barramento ou represamento de cursos d'agua naturais", "cod_imovel": "PR-4124301-D45678D3D26A4B91B34FE79C8CB206C3", "ind_status": "AT", "des_condic": "Analisado, aguardando atendimento a notificacao", "Shape__Area": 4.296125876522055e-06, "Shape__Length": 0.018719756976256705}}, {"type": "Feature", "id": 8890750, "geometry": {"type": "Polygon", "coordinates": [[[-50.68337042799993, -23.52114855230883], [-50.68291612999997, -23.521449305308856], [-50.682913794999926, -23.521450541308866], [-50.68291126399998, -23.521451297308822], [-50.68290863399994, -23.52145154430883], [-50.68290600599994, -23.521451274308838], [-50.68290348199997, -23.52145049730887], [-50.682901157999936, -23.521449241308854], [-50.68289912299996, -23.521447557308875], [-50.68289745599998, -23.521445508308823], [-50.68289622099996, -23.521443173308842], [-50.68289546499994, -23.521440642308846], [-50.68289521699995, -23.521438012308856], [-50.68289548699994, -23.52143538430886], [-50.682896264999954, -23.52143286030883], [-50.682897519999976, -23.52143053630885], [-50.682899203999966, -23.521428501308822], [-50.682901252999955, -23.521426834308837], [-50.68335289799995, -23.521127837308825], [-50.68405685699997, -23.519904563308874], [-50.68405879199997, -23.519901977308873], [-50.68406128699996, -23.51989992530886], [-50.68493738499996, -23.519340747308878], [-50.68493763499998, -23.519340591308875], [-50.686207622999966, -23.518568690308893], [-50.686210003999975, -23.518567546308926], [-50.68621256199998, -23.518566888308897], [-50.686215198999946, -23.518566742308906], [-50.686217814999964, -23.518567114308905], [-50.68622030699999, -23.51856798830891], [-50.68622258099998, -23.51856933230891], [-50.68622454899997, -23.518571094308935], [-50.686226135999966, -23.51857320630893], [-50.68622727999997, -23.518575587308934], [-50.68622793799995, -23.518578145308943], [-50.68622808399994, -23.518580782308906], [-50.68622771199994, -23.518583398308927], [-50.68622683799999, -23.51858589030889], [-50.686225493999984, -23.518588164308934], [-50.68622373199997, -23.518590132308933], [-50.68622161999996, -23.518591719308912], [-50.684951758999944, -23.519363543308874], [-50.68407856899995, -23.519920866308862], [-50.68337466799994, -23.52114403730882], [-50.68337281099997, -23.52114654230883], [-50.68337042799993, -23.52114855230883]]]}, "properties": {"objectid": 8890750, "cod_tema": "RIO_ATE_10", "nom_tema": "Curso d'agua natural de ate 10 metros", "cod_imovel": "PR-4124301-A6480D838AA24C01BD52C81CC3496688", "ind_status": "AT", "des_condic": "Analisado, aguardando atendimento a notificacao", "Shape__Area": 1.214291789026726e-07, "Shape__Length": 0.009054033852485837}}, {"type": "Feature", "id": 8892056, "geometry": {"type": "Polygon", "coordinates": [[[-50.68837813699997, -23.517351765308913], [-50.68823809299994, -23.517837613308952], [-50.688237767999965, -23.517838431308938], [-50.688237288999964, -23.51783917030891], [-50.688236674999985, -23.51783980130894], [-50.688235949999985, -23.51784030030896], [-50.68823514099995, -23.51784064830892], [-50.68823427999997, -23.51784083230895], [-50.68823339899996, -23.517840844308942], [-50.68823253299997, -23.517840685308908], [-50.688231714999965, -23.517840359308956], [-50.68823097599994, -23.517839880308898], [-50.68823034499996, -23.517839266308915], [-50.68822984599995, -23.517838541308908], [-50.68822949799994, -23.51783773230894], [-50.68822931399996, -23.51783687130895], [-50.68822930199997, -23.517835991308928], [-50.68822946199998, -23.517835125308928], [-50.68836936199995, -23.517349772308968], [-50.68840644399996, -23.51663985430893], [-50.68818878999997, -23.51564850130901], [-50.688024292999955, -23.515327325309013], [-50.688023957999974, -23.51532646330897], [-50.68802380699997, -23.515325551309004], [-50.687949057999965, -23.51410254330903], [-50.687949050999975, -23.514102163309015], [-50.68799576599997, -23.51213058630905], [-50.687409196999965, -23.511255261309095], [-50.68635428699997, -23.51034741230912], [-50.686353836999956, -23.510346967309108], [-50.68554806199995, -23.50942680630911], [-50.684250848999966, -23.508649635309144], [-50.68425058399999, -23.50864946330916], [-50.68295374299999, -23.50774310730914], [-50.68189565399995, -23.50749152930919], [-50.68189476799996, -23.507491217309123], [-50.68189396599996, -23.507490728309193], [-50.681893282999965, -23.507490082309147], [-50.68109685999997, -23.506560967309202], [-50.68109635499997, -23.506560245309164], [-50.68109600099996, -23.506559439309154], [-50.68109580999993, -23.506558579309164], [-50.68109579199995, -23.506557699309205], [-50.68109594499998, -23.506556832309165], [-50.68109626399996, -23.506556012309186], [-50.68109673799995, -23.506555269309203], [-50.68109734699994, -23.506554633309165], [-50.681098067999976, -23.506554129309155], [-50.68109887399998, -23.506553774309154], [-50.681099733999986, -23.50655358430917], [-50.681100613999945, -23.506553565309208], [-50.681101480999985, -23.506553718309185], [-50.68110230199994, -23.506554038309204], [-50.68110304399994, -23.506554511309215], [-50.68110367999998, -23.506555120309184], [-50.68189915299996, -23.507483127309133], [-50.68295665399995, -23.50773456530915], [-50.68295745299997, -23.507734837309176], [-50.682958187999986, -23.507735253309157], [-50.68425560099996, -23.50864201030913], [-50.68555328499997, -23.50941946330912], [-50.68555385499997, -23.509419868309102], [-50.685554354999965, -23.509420357309104], [-50.68636038699998, -23.510340810309078], [-50.687415518999956, -23.51124885030907], [-50.687416319999954, -23.51124975430905], [-50.68800402099999, -23.512126768309063], [-50.68800445199997, -23.512127579309084], [-50.688004707999944, -23.51212846030907], [-50.68800477999997, -23.51212937530907], [-50.68795803599994, -23.514102185309007], [-50.68803271699994, -23.51532406630898], [-50.68819704999999, -23.515644923308976], [-50.68819743999995, -23.515646008308977], [-50.68841534799998, -23.51663851930896], [-50.688415445999965, -23.51663971730897], [-50.68837830599994, -23.517350755308915], [-50.68837813699997, -23.517351765308913]]]}, "properties": {"objectid": 8892056, "cod_tema": "RIO_ATE_10", "nom_tema": "Curso d'agua natural de ate 10 metros", "cod_imovel": "PR-4126009-6D66068DAFF440E0A293D461A8DEE8E5", "ind_status": "AT", "des_condic": "Analisado, aguardando atendimento a notificacao", "Shape__Area": 1.33679401644923e-07, "Shape__Length": 0.02977606187979926}}, {"type": "Feature", "id": 8964927, "geometry": {"type": "MultiPolygon", "coordinates": [[[[-50.62361556699995, -23.475916974309875], [-50.62322417499997, -23.4758517513099], [-50.622618019999955, -23.475840395309888], [-50.62218348799996, -23.475784929309892], [-50.62170727399995, -23.475759110309873], [-50.620860191999945, -23.476053271309848], [-50.62057075299998, -23.476230121309857], [-50.62005467599994, -23.476673738309874], [-50.619683607999946, -23.47698437930987], [-50.619229228999984, -23.477391222309812], [-50.61887868399999, -23.477608702309805], [-50.61825533399997, -23.477725991309818], [-50.61801340099998, -23.477804614309843], [-50.61760459699996, -23.47783831130983], [-50.61719674299997, -23.477822468309796], [-50.616805889999966, -23.477836312309833], [-50.616425788999955, -23.477948778309827], [-50.61592569399994, -23.478224674309846], [-50.61568840599995, -23.478261581309816], [-50.61567810199995, -23.47825402430982], [-50.615922248999944, -23.478216050309815], [-50.61642172799998, -23.477940493309813], [-50.61680417499997, -23.477827334309854], [-50.617196760999946, -23.477813428309865], [-50.61760436599996, -23.47782926130981], [-50.61801130599997, -23.477795718309846], [-50.61825271599997, -23.47771726430983], [-50.618874826999956, -23.47760020830982], [-50.61922303699999, -23.477384177309844], [-50.61967690599994, -23.476977793309825], [-50.620048046999955, -23.476667090309867], [-50.620564669999965, -23.476223003309876], [-50.62085570699998, -23.476045177309864], [-50.62170577099994, -23.475749980309896], [-50.622184447999985, -23.475775933309873], [-50.62261879299995, -23.475831375309888], [-50.62322515099998, -23.475842735309868], [-50.623616734999985, -23.475907990309842], [-50.62430132099996, -23.475945979309866], [-50.62432321199998, -23.475956243309888], [-50.62361556699995, -23.475916974309875]]], [[[-50.632618458999964, -23.488127368309627], [-50.632619260999945, -23.488136371309565], [-50.63212020899993, -23.488174230309603], [-50.632104000999966, -23.488166396309573], [-50.632618458999964, -23.488127368309627]]], [[[-50.64137902599998, -23.470028243309983], [-50.641380055999946, -23.470037259310015], [-50.640253530999985, -23.47023757530998], [-50.63948239799998, -23.470207805310004], [-50.63903831899995, -23.470167515309992], [-50.63885668599994, -23.470060885309987], [-50.63853627699996, -23.47004342230998], [-50.63816106599995, -23.469997908310017], [-50.63765541999993, -23.47012788530999], [-50.63765279199998, -23.470119183309983], [-50.63816036199996, -23.46998871231002], [-50.63853720599997, -23.47003442430999], [-50.63885979999998, -23.470052006309984], [-50.63904160399994, -23.47015873631], [-50.63948308299995, -23.470198791310004], [-50.64025279899994, -23.470228506309994], [-50.64137902599998, -23.470028243309983]]], [[[-50.640889938999976, -23.474984908309874], [-50.64088965899998, -23.474989897309875], [-50.64089097999994, -23.47499427930991], [-50.64043802699996, -23.475166031309886], [-50.640140181999975, -23.47537978830986], [-50.63985385199993, -23.475666272309866], [-50.63947574999997, -23.47582299530989], [-50.63924265199995, -23.47596546030985], [-50.63909303899993, -23.476084774309864], [-50.63870360699997, -23.476263132309885], [-50.638210794999964, -23.476619907309868], [-50.637873043999946, -23.476954277309826], [-50.63758311099998, -23.47709100430986], [-50.63737252599997, -23.477258115309855], [-50.63736613999998, -23.477251267309867], [-50.63757761199997, -23.477083452309866], [-50.63786705299998, -23.47694695730982], [-50.63820414999998, -23.476613235309838], [-50.638698351999956, -23.476255454309854], [-50.63908757299998, -23.476077193309884], [-50.639236720999975, -23.475958250309866], [-50.63947100699994, -23.47581505830987], [-50.63984801099998, -23.475658790309858], [-50.64013353099995, -23.475373117309875], [-50.64043306799993, -23.475158146309877], [-50.640889938999976, -23.474984908309874]]], [[[-50.62422510499994, -23.484325994309682], [-50.62468697299994, -23.484338710309693], [-50.62552200199997, -23.48451261730966], [-50.626020137999944, -23.48454122930966], [-50.62646644599994, -23.48436423930966], [-50.626833114999954, -23.484076075309687], [-50.627329891999985, -23.48397168230967], [-50.62768026199996, -23.48378727430968], [-50.62792280599995, -23.483644642309667], [-50.628138398999965, -23.483718793309713], [-50.628425997999955, -23.483665131309685], [-50.628552860999946, -23.483473653309716], [-50.628964301999986, -23.48324744330972], [-50.62925592999995, -23.4829868853097], [-50.62994455699993, -23.482602769309736], [-50.63047550799996, -23.482528237309698], [-50.631028105999974, -23.482488256309708], [-50.63186376799996, -23.482531501309744], [-50.63188535199998, -23.482532796309748], [-50.631885326999964, -23.48254184630971], [-50.63186317599997, -23.482540518309705], [-50.63102821499996, -23.482497309309693], [-50.63047662899998, -23.482537217309705], [-50.629947956999956, -23.482611429309724], [-50.629261945999986, -23.482994085309713], [-50.62897029599998, -23.483254664309698], [-50.62855995499995, -23.483480269309716], [-50.62843212599996, -23.483673203309692], [-50.62813759799997, -23.48372815830969], [-50.62792395699995, -23.48365467830972], [-50.62768532399997, -23.483795010309663], [-50.62733348299998, -23.483980192309716], [-50.62683763499996, -23.484084390309683], [-50.62647167199998, -23.484371999309676], [-50.62602186099997, -23.484550378309635], [-50.62552060999997, -23.484521587309672], [-50.624685736999936, -23.484347712309706], [-50.624244555999944, -23.484335566309692], [-50.62422510499994, -23.484325994309682]]]]}, "properties": {"objectid": 8964927, "cod_tema": "RIO_ATE_10", "nom_tema": "Curso d'agua natural de ate 10 metros", "cod_imovel": "PR-4124301-0DF032ECB5DA4F6FA5BF96E868F45AB4", "ind_status": "AT", "des_condic": "Analisado, aguardando atendimento a notificacao", "Shape__Area": 2.3939437945607465e-07, "Shape__Length": 0.05247135636573222}}, {"type": "Feature", "id": 8964928, "geometry": {"type": "Polygon", "coordinates": [[[-50.617836558999954, -23.483382457309677], [-50.617346736999934, -23.483133231309697], [-50.61667355999998, -23.482561735309744], [-50.61665951599997, -23.48160543430974], [-50.61661160499995, -23.481282704309752], [-50.61652818899994, -23.480845031309745], [-50.61651109699994, -23.480313241309783], [-50.616279642999984, -23.47924248630982], [-50.615859685999965, -23.478630982309806], [-50.61525487399996, -23.47823211530982], [-50.61457686599993, -23.478224338309815], [-50.61433077999993, -23.478484466309784], [-50.61399854999996, -23.478633774309785], [-50.61371744899998, -23.47843077030984], [-50.61241056699998, -23.47765110830984], [-50.611281765999934, -23.47748065630982], [-50.61012038299999, -23.47752648530982], [-50.60938618199998, -23.477594043309818], [-50.60871495499998, -23.47759028630982], [-50.607917862999955, -23.477581364309817], [-50.60737748799994, -23.47723292430984], [-50.60735230199998, -23.476928635309868], [-50.60732091999995, -23.476508082309845], [-50.60791717699993, -23.475893058309847], [-50.60950256799998, -23.474998758309887], [-50.61062755299997, -23.47430634030989], [-50.61102375399997, -23.473892286309916], [-50.61131157799997, -23.473564971309937], [-50.61161977299998, -23.472809311309973], [-50.61160467899998, -23.47179496830998], [-50.611275287999945, -23.471145145309983], [-50.61021341499997, -23.46995527030999], [-50.609915634999936, -23.469578576309992], [-50.60960557299996, -23.469054845310016], [-50.60999170699995, -23.469235938309993], [-50.61012283099996, -23.469457419310032], [-50.61040697499994, -23.469816863309998], [-50.61148394199995, -23.471023649309977], [-50.61184873399998, -23.471743310309964], [-50.61186518799997, -23.47284888330996], [-50.61152671899998, -23.473678775309896], [-50.611210662999945, -23.474038196309923], [-50.610789971999964, -23.47447784430991], [-50.60963441599995, -23.475189079309878], [-50.60807563799994, -23.476068368309864], [-50.607572242999936, -23.476587608309874], [-50.607596470999965, -23.476912286309837], [-50.60761276299996, -23.477109110309836], [-50.60799628199993, -23.477356407309827], [-50.608717182999946, -23.477364476309862], [-50.60937474199994, -23.477368157309815], [-50.61010298699994, -23.477301147309866], [-50.611296462999974, -23.477254051309863], [-50.612500580999956, -23.477435876309823], [-50.61385967099994, -23.47824668530984], [-50.614028935999954, -23.478368924309788], [-50.614178946999964, -23.47830150830982], [-50.61446678999994, -23.477997240309833], [-50.61534167399998, -23.47800727530984], [-50.61567810199995, -23.47825402430982], [-50.61602483599995, -23.47850832930981], [-50.61650976999994, -23.479152246309784], [-50.61675519799997, -23.480287638309797], [-50.61677237499998, -23.480822016309784], [-50.616853529999965, -23.481247824309765], [-50.61690410899997, -23.481588523309746], [-50.616916929999945, -23.482461438309727], [-50.617490823999965, -23.48294864730969], [-50.61794908099995, -23.483181813309734], [-50.618460822999964, -23.483410200309713], [-50.618961947999935, -23.483531327309716], [-50.619587164999984, -23.483384955309702], [-50.620073124999976, -23.48288846530972], [-50.62061893599997, -23.4825614333097], [-50.620837517999966, -23.482658794309724], [-50.62101590599997, -23.482746591309724], [-50.62086310499995, -23.482927341309743], [-50.620726615999956, -23.48286016630972], [-50.62063665599993, -23.48282009530972], [-50.62023336799995, -23.4830617323097], [-50.61971922499998, -23.48358701630968], [-50.61896097099998, -23.48376453430972], [-50.61837567499998, -23.483623062309732], [-50.617836558999954, -23.483382457309677]]]}, "properties": {"objectid": 8964928, "cod_tema": "RIO_10_A_50", "nom_tema": "Curso d'agua natural de 10 a 50 metros", "cod_imovel": "PR-4124301-0DF032ECB5DA4F6FA5BF96E868F45AB4", "ind_status": "AT", "des_condic": "Analisado, aguardando atendimento a notificacao", "Shape__Area": 6.726811684298039e-06, "Shape__Length": 0.058347322891268386}}, {"type": "Feature", "id": 8964929, "geometry": {"type": "Polygon", "coordinates": [[[-50.640924559999974, -23.474462598309874], [-50.64099432499995, -23.474085722309933], [-50.641118508999966, -23.473921253309896], [-50.64120485899998, -23.47376620130993], [-50.641325639999934, -23.473589050309947], [-50.64175271099998, -23.473300469309947], [-50.64200842799994, -23.47553960730989], [-50.641888506999976, -23.475526284309858], [-50.64163865199998, -23.47541578030991], [-50.64143220999995, -23.475385812309877], [-50.64108063699996, -23.475242898309887], [-50.64089097999994, -23.47499427930991], [-50.64088965899998, -23.474989897309875], [-50.640889938999976, -23.474984908309874], [-50.640924559999974, -23.474462598309874]]]}, "properties": {"objectid": 8964929, "cod_tema": "RESERVATORIO_ARTIFICIAL_DECORRENTE_BARRAMENTO", "nom_tema": "Reservatorio artificial decorrente de barramento ou represamento de cursos d'agua naturais", "cod_imovel": "PR-4124301-0DF032ECB5DA4F6FA5BF96E868F45AB4", "ind_status": "AT", "des_condic": "Analisado, aguardando atendimento a notificacao", "Shape__Area": 1.6533643602436382e-06, "Shape__Length": 0.005578076387776631}}, {"type": "Feature", "id": 8964931, "geometry": {"type": "MultiPolygon", "coordinates": [[[[-50.66847819599997, -23.49573292530944], [-50.668486721999955, -23.495953419309433], [-50.66823310199993, -23.496173711309435], [-50.66778845699998, -23.496193629309403], [-50.66699048999994, -23.496239779309388], [-50.666235356999955, -23.496148448309437], [-50.66484051699996, -23.49617953930942], [-50.664271075999984, -23.49602670530941], [-50.662801209999934, -23.495902579309416], [-50.662157538999956, -23.4959313853094], [-50.662209003999976, -23.49558861530944], [-50.662746380999984, -23.495489602309434], [-50.66319571799993, -23.495608571309464], [-50.66369674099997, -23.495660784309393], [-50.66394445099997, -23.495745403309403], [-50.66439400999997, -23.4957358943094], [-50.664573064999956, -23.495621554309427], [-50.66492551299996, -23.495488406309455], [-50.66524744699995, -23.49574011430941], [-50.665712103999965, -23.495867369309394], [-50.66623114699996, -23.495959975309407], [-50.666882493999935, -23.495793846309418], [-50.66847819599997, -23.49573292530944]]], [[[-50.67221004999993, -23.51057007830907], [-50.67235074699994, -23.510563517309112], [-50.672390243999985, -23.510765143309087], [-50.672282019999955, -23.511069489309083], [-50.67217633599995, -23.51117827530907], [-50.67184406899998, -23.5112117063091], [-50.67211695199995, -23.511017232309097], [-50.67226059899997, -23.510757498309093], [-50.67221004999993, -23.51057007830907]]], [[[-50.66594178199995, -23.50854562430914], [-50.665653618999954, -23.507867942309144], [-50.665563221999946, -23.50777254130914], [-50.665573234999954, -23.507601699309156], [-50.66572278899997, -23.507520368309166], [-50.66581483999994, -23.507572117309127], [-50.665909961999944, -23.508005691309176], [-50.666115239999954, -23.508845389309148], [-50.66594178199995, -23.50854562430914]]], [[[-50.66704523399994, -23.51074742030909], [-50.66693859099997, -23.510557220309078], [-50.666700565999975, -23.510088716309117], [-50.66650383599995, -23.509746989309097], [-50.666379922999965, -23.50958856230912], [-50.666269679999964, -23.509306739309114], [-50.666545363999944, -23.509221012309116], [-50.666939258999946, -23.510053533309094], [-50.667088831999926, -23.510356765309112], [-50.667165168999986, -23.510736448309114], [-50.66704523399994, -23.51074742030909]]], [[[-50.66784242399996, -23.512474425309073], [-50.668220216999934, -23.512736464309015], [-50.66851633799996, -23.512742962309023], [-50.66863142799997, -23.513031973309023], [-50.668627854999954, -23.513052978309034], [-50.66861551699998, -23.51330941630904], [-50.66848549199994, -23.51338405630902], [-50.66821444699997, -23.513460040309052], [-50.66798698699995, -23.513233850309014], [-50.66764752599994, -23.51265454030905], [-50.66766203499998, -23.512477309309048], [-50.66784242399996, -23.512474425309073]]], [[[-50.671786016999924, -23.510294800309065], [-50.67158869699994, -23.510320051309087], [-50.67148391899997, -23.510463728309116], [-50.671341132999935, -23.51068329430911], [-50.67135597999993, -23.51110889030906], [-50.67132771099995, -23.511193294309056], [-50.671066204999924, -23.511165831309082], [-50.670643618999975, -23.511093005309082], [-50.670626554999956, -23.5106552383091], [-50.67121312699993, -23.510445196309103], [-50.67138920199994, -23.510408190309093], [-50.671700133999934, -23.51021288530913], [-50.671945695999966, -23.510212765309088], [-50.67195506899998, -23.510353952309075], [-50.671786016999924, -23.510294800309065]]]]}, "properties": {"objectid": 8964931, "cod_tema": "RESERVATORIO_ARTIFICIAL_DECORRENTE_BARRAMENTO", "nom_tema": "Reservatorio artificial decorrente de barramento ou represamento de cursos d'agua naturais", "cod_imovel": "PR-4124301-10323F7CA01C4D8BB4027DA137FA814F", "ind_status": "AT", "des_condic": "Aguardando analise", "Shape__Area": 4.1485141266374405e-06, "Shape__Length": 0.029308989321563828}}, {"type": "Feature", "id": 8964947, "geometry": {"type": "MultiPolygon", "coordinates": [[[[-50.60608363899996, -23.51516654830899], [-50.606181062999944, -23.515177269309007], [-50.606171557999964, -23.515226443308993], [-50.60626759199994, -23.51620104430895], [-50.60644180999997, -23.51674245330893], [-50.60668152699997, -23.517162989308957], [-50.60730952299998, -23.517885294308908], [-50.60775168599997, -23.518415996308935], [-50.60797254199997, -23.518691779308945], [-50.608067037999945, -23.5188014933089], [-50.60818726499998, -23.51898777930892], [-50.608243982999966, -23.519086649308907], [-50.60829934699996, -23.519245493308897], [-50.60834912899997, -23.519404323308873], [-50.60828863699993, -23.519620956308906], [-50.60823411399997, -23.519835636308898], [-50.60807132399998, -23.519967716308855], [-50.60729387699996, -23.520254352308836], [-50.60709523999998, -23.52031426130886], [-50.60703491499998, -23.52023741930886], [-50.607260432999965, -23.52016940330886], [-50.608019285999944, -23.519889623308895], [-50.60814588299996, -23.51978690830888], [-50.60819350699995, -23.51959939330889], [-50.60824759499996, -23.519405696308905], [-50.60820564599994, -23.519271858308894], [-50.608153363999975, -23.519121857308892], [-50.60810182999996, -23.519032022308913], [-50.60798623199997, -23.518852911308883], [-50.60789476599995, -23.51874671330893], [-50.607673441999964, -23.51847034530892], [-50.60723246499998, -23.517941066308953], [-50.60659920699993, -23.517212710308943], [-50.606350635999945, -23.51677664030898], [-50.606170920999936, -23.516218145308983], [-50.60607281699998, -23.51522253530899], [-50.60608363899996, -23.51516654830899]]], [[[-50.631658945999966, -23.527042665308716], [-50.631384010999966, -23.526657943308734], [-50.63111918399995, -23.525923153308728], [-50.63094152299993, -23.525380253308782], [-50.630668311999955, -23.525194651308787], [-50.63040710199993, -23.524980855308765], [-50.63014611899997, -23.524901878308786], [-50.629695925999954, -23.52491762230879], [-50.62919641299993, -23.52512386430877], [-50.62901913799993, -23.525301226308752], [-50.62871161399993, -23.525448608308768], [-50.62831399899994, -23.525471932308754], [-50.627994765999965, -23.525530806308737], [-50.62769818299995, -23.525618175308768], [-50.62739831299996, -23.525772589308776], [-50.62702699999994, -23.52588564330877], [-50.62669053099995, -23.525934703308742], [-50.626358676999985, -23.525909014308766], [-50.62615370499998, -23.52594769830876], [-50.625927986999955, -23.525883259308735], [-50.62636945099995, -23.526188462308767], [-50.62676824799996, -23.52635985230876], [-50.62711416099995, -23.526456580308714], [-50.62724672499997, -23.52665052830871], [-50.62742336699995, -23.527143044308716], [-50.62762309799996, -23.527685074308735], [-50.62774198199997, -23.52826701730869], [-50.62794732399994, -23.528706332308673], [-50.62808983799994, -23.529114351308685], [-50.628082681999956, -23.529604784308663], [-50.62792062799997, -23.53002260930865], [-50.62780538299995, -23.53027559630864], [-50.62785053299996, -23.530475765308633], [-50.62797019699997, -23.53073487330865], [-50.628164438999924, -23.531052607308666], [-50.62841576299996, -23.531532461308647], [-50.62870969199997, -23.53189648830862], [-50.62870635599995, -23.532035486308626], [-50.628790873999954, -23.53225077830863], [-50.628924558999984, -23.532496996308595], [-50.62898420899995, -23.532731627308596], [-50.62897906599994, -23.532731186308606], [-50.62891992099998, -23.532498543308606], [-50.62878636499993, -23.532252564308617], [-50.62870143799996, -23.532036230308606], [-50.62870475799997, -23.531897940308614], [-50.62841155499995, -23.53153481330861], [-50.62816009499994, -23.531054700308637], [-50.627965796999945, -23.53073687230865], [-50.62784583599995, -23.530477123308643], [-50.62780027699995, -23.530275141308625], [-50.62791606099995, -23.53002097330867], [-50.62807779599996, -23.52960397130867], [-50.628084928999954, -23.52911503130866], [-50.62794273299994, -23.52870792230868], [-50.627737268999965, -23.528268345308685], [-50.62761834799994, -23.527686224308724], [-50.62741872299995, -23.52714448030871], [-50.62724226199998, -23.5266524693087], [-50.627110991999984, -23.526460414308747], [-50.62676649399998, -23.526364081308717], [-50.62636691999995, -23.526192357308737], [-50.625913924999956, -23.52587918230877], [-50.62518153999997, -23.52554884330876], [-50.62480838399995, -23.525354050308774], [-50.62473263099998, -23.525132688308776], [-50.62471503499995, -23.52496274430879], [-50.62458959199995, -23.524730063308795], [-50.62441048299996, -23.524650317308765], [-50.62418606999995, -23.524716420308756], [-50.62378021599994, -23.524595139308797], [-50.62335332699996, -23.52444061630881], [-50.623178809999956, -23.52434859230879], [-50.623117538999956, -23.524169236308797], [-50.62312958999996, -23.523926440308802], [-50.623042030999954, -23.523715867308795], [-50.622547873999956, -23.52342080830881], [-50.62213747599998, -23.52333945430877], [-50.62181717699997, -23.523187557308813], [-50.62158158199998, -23.5228617563088], [-50.621372004999955, -23.522647543308793], [-50.62105273499998, -23.522579867308846], [-50.62075796699997, -23.522428038308853], [-50.620456012999966, -23.52204886930882], [-50.62038623299998, -23.52172841830883], [-50.620157812999935, -23.521375524308826], [-50.619934817999926, -23.521076444308854], [-50.61971200999995, -23.52066311430884], [-50.61960059799998, -23.520253193308882], [-50.61946040799995, -23.51989501230886], [-50.61925174899994, -23.519578622308906], [-50.618927002999946, -23.519493279308886], [-50.618355808999986, -23.51925285030892], [-50.61812674699996, -23.519024334308934], [-50.61761481399998, -23.518784188308928], [-50.61746662899997, -23.518550108308897], [-50.61727346699996, -23.51835412530892], [-50.61687785599998, -23.518163048308924], [-50.616420009999956, -23.518033975308935], [-50.616133830999956, -23.517719668308956], [-50.61577455499997, -23.517367658308928], [-50.61547602799993, -23.517155937308964], [-50.615239574999976, -23.517056506308947], [-50.61510229099997, -23.516943072308923], [-50.614992227999956, -23.51660169630894], [-50.614753592999925, -23.51620516630896], [-50.61456989599998, -23.515840363308946], [-50.61457264499995, -23.51584046130899], [-50.614575360999936, -23.515840491308946], [-50.61475796099995, -23.51620311630899], [-50.61499676999995, -23.51659993630897], [-50.61510659099997, -23.516940561308935], [-50.615242286999944, -23.517052682308965], [-50.61547856999994, -23.517152042308943], [-50.61577785199995, -23.517364299308916], [-50.61613749299994, -23.517716666308914], [-50.61642282899993, -23.51803004730892], [-50.61687972399994, -23.518158852308897], [-50.617276507999975, -23.51835049530894], [-50.61747059999993, -23.518547421308938], [-50.61761831799998, -23.51878076530892], [-50.618129748999934, -23.519020675308912], [-50.61835873799998, -23.519249118308885], [-50.61892870099996, -23.519489029308875], [-50.61925493699994, -23.519574763308906], [-50.619339242999956, -23.519702597308907], [-50.619545966999965, -23.519844072308867], [-50.61978267199999, -23.519931292308886], [-50.62010333599994, -23.519977282308865], [-50.62021623199997, -23.520057473308857], [-50.62050877699994, -23.520106591308863], [-50.62098833199997, -23.519891599308863], [-50.62142643399995, -23.519514282308922], [-50.621879940999975, -23.519098605308887], [-50.62221421199995, -23.51875386830892], [-50.622519387999944, -23.518480649308913], [-50.62290913499999, -23.518309863308907], [-50.62291123699998, -23.518313943308904], [-50.62252221999995, -23.518484409308883], [-50.622217747999976, -23.518756997308905], [-50.62188349599995, -23.51910171430892], [-50.621429831999926, -23.519517535308893], [-50.62099113599999, -23.519895364308894], [-50.62050947699998, -23.52011129930886], [-50.62021418499995, -23.520061720308853], [-50.62010134199994, -23.51998156730886], [-50.61978136999994, -23.519935676308904], [-50.61954355899996, -23.51984804830889], [-50.61934600299997, -23.51971284830891], [-50.61946484799995, -23.51989305330889], [-50.61960528899994, -23.520251874308848], [-50.61971663199995, -23.520661542308876], [-50.619939049999964, -23.521074148308863], [-50.62016193799997, -23.52137308530888], [-50.62039086999994, -23.521726769308813], [-50.62046060199998, -23.522047001308845], [-50.62076128499996, -23.52242457430881], [-50.62105451299993, -23.522575610308845], [-50.62137460699994, -23.52264346130882], [-50.62158545799997, -23.522858976308793], [-50.62182054799996, -23.523184077308784], [-50.622139139999945, -23.523335165308833], [-50.622549781999965, -23.523416567308804], [-50.62290445599996, -23.523628341308783], [-50.62311677499997, -23.5236279043088], [-50.623573042999965, -23.523450246308823], [-50.623837256999934, -23.523255352308823], [-50.62403935499999, -23.522964169308825], [-50.624256482999954, -23.52265558930881], [-50.62448834999998, -23.522408121308807], [-50.62459112499994, -23.52222537830884], [-50.62459547199996, -23.52222745730886], [-50.624492432999936, -23.522410672308833], [-50.62426040899993, -23.522658307308827], [-50.62404347199998, -23.52296661530882], [-50.62384094699996, -23.523258414308785], [-50.62357557299998, -23.52345416330877], [-50.623117771999944, -23.523632418308814], [-50.622911993999935, -23.523632842308817], [-50.62304603299998, -23.523712876308824], [-50.62313452899997, -23.523925704308784], [-50.62312247199998, -23.524168643308766], [-50.62318290499997, -23.52434554930879], [-50.62335544799999, -23.524436533308773], [-50.623781866999934, -23.524590885308776], [-50.62418608099995, -23.524711676308794], [-50.624410853999954, -23.524645466308794], [-50.624593231999945, -23.524726668308784], [-50.62471982499995, -23.524961482308782], [-50.62473745799998, -23.525131784308744], [-50.624785838999976, -23.525273161308768], [-50.62574152899998, -23.52540082530876], [-50.62607230399993, -23.52521898930873], [-50.62625762799996, -23.524914705308763], [-50.626274200999944, -23.52455160230879], [-50.62622594099997, -23.523904594308814], [-50.62620177399998, -23.523567654308813], [-50.62620666199996, -23.523567356308778], [-50.62623082799996, -23.523904290308792], [-50.62627910599997, -23.524551542308792], [-50.62626247299995, -23.524915974308758], [-50.62607593499996, -23.525222251308747], [-50.62574254499998, -23.52540552430874], [-50.624787474999955, -23.52527794330878], [-50.624812473999945, -23.52535099530873], [-50.625183824999965, -23.525544846308737], [-50.62591649299998, -23.52587531330875], [-50.62615395299997, -23.52594304130873], [-50.626358384999946, -23.525904459308727], [-50.62669035099998, -23.525930157308732], [-50.62702584199996, -23.525881239308724], [-50.62739633299998, -23.525768436308752], [-50.627696223999976, -23.52561401130875], [-50.62799353699996, -23.525526427308773], [-50.62831336099999, -23.525467444308756], [-50.62871027199998, -23.525444162308787], [-50.62901611799998, -23.525297584308777], [-50.629193492999946, -23.52512012230878], [-50.62969479099996, -23.52491314230876], [-50.63014681199997, -23.524897334308754], [-50.63040959399996, -23.524976856308772], [-50.63054696499995, -23.525089292308763], [-50.63076207099994, -23.525086262308744], [-50.63100739199996, -23.524976252308786], [-50.63130183699997, -23.524677354308757], [-50.63160556999998, -23.524385269308812], [-50.63160566299996, -23.52439170530878], [-50.631305417999954, -23.524680436308802], [-50.63101038299993, -23.524979933308746], [-50.63076323399997, -23.52509076330878], [-50.63055239099997, -23.52509373230875], [-50.63067139699996, -23.525191137308774], [-50.630945740999955, -23.525377508308768], [-50.631123853999945, -23.525921789308722], [-50.63138845499997, -23.526655954308747], [-50.63165871299998, -23.527034132308746], [-50.631658945999966, -23.527042665308716]]], [[[-50.632344394999954, -23.523774204308776], [-50.63257534099995, -23.523688279308775], [-50.63291488899995, -23.52363516330877], [-50.63349821299994, -23.523386548308803], [-50.633841521999955, -23.52308327830879], [-50.63420358699995, -23.52290606430883], [-50.63471433499996, -23.522695159308817], [-50.635013735999955, -23.52232927530881], [-50.63521521199993, -23.521931110308834], [-50.63534781299995, -23.52126019230883], [-50.63542972799996, -23.52102994230888], [-50.63589794799998, -23.520755371308837], [-50.63617878399998, -23.520435016308877], [-50.636441204999976, -23.520108593308887], [-50.63644513999998, -23.520111282308868], [-50.63618265699994, -23.520437782308896], [-50.63590125299998, -23.520758785308843], [-50.63543383499996, -23.52103288630883], [-50.63535257099994, -23.52126130630887], [-50.63521991699997, -23.521932492308828], [-50.63501795699994, -23.522331616308833], [-50.63471748599994, -23.522698806308853], [-50.63420573899998, -23.522910124308815], [-50.63384441999995, -23.5230869743088], [-50.63350100999999, -23.52339033130882], [-50.63291635199994, -23.523639515308787], [-50.63257668299997, -23.52369265030882], [-50.63234673399995, -23.523778204308766], [-50.63215009399993, -23.523903715308798], [-50.632142871999974, -23.523902831308806], [-50.632344394999954, -23.523774204308776]]], [[[-50.64481085599994, -23.529285642308697], [-50.64481347599996, -23.52928499830869], [-50.64481248799996, -23.529289915308706], [-50.64445569099996, -23.529377543308662], [-50.64416189899998, -23.5292469423087], [-50.64396697499996, -23.529190210308673], [-50.64372065099996, -23.52928033230869], [-50.64353985399998, -23.529120543308693], [-50.64323805699997, -23.528780658308676], [-50.64302684599994, -23.528585099308664], [-50.642667077999924, -23.52863698530871], [-50.642258001999956, -23.528402013308668], [-50.64180043699997, -23.528197464308686], [-50.641245296999955, -23.527887340308684], [-50.64086158799995, -23.527833783308687], [-50.64023129799995, -23.52782478630868], [-50.64002025499996, -23.52772886830869], [-50.640020995999976, -23.52772417030868], [-50.640026039999945, -23.52772646230872], [-50.64023247499995, -23.527820286308685], [-50.64086199399998, -23.5278292723087], [-50.64124699799999, -23.527883009308738], [-50.64180277999997, -23.52819349230869], [-50.64205034399999, -23.528304163308693], [-50.64244687499997, -23.528307801308713], [-50.64275641099993, -23.528215462308722], [-50.64295559799996, -23.527950937308695], [-50.64316899199998, -23.527227819308713], [-50.64365475799996, -23.52655756130871], [-50.64390780999997, -23.526001873308765], [-50.64411123499997, -23.525223226308775], [-50.64411599699997, -23.525224283308752], [-50.64391247899994, -23.52600328530873], [-50.64365909199994, -23.526559710308725], [-50.643173507999954, -23.527229716308725], [-50.64296010299995, -23.52795287330869], [-50.64275949199998, -23.528219290308712], [-50.64244762399994, -23.528312325308672], [-50.64206065899998, -23.52830877430871], [-50.64226037199995, -23.528398054308706], [-50.642668120999986, -23.528632263308676], [-50.643028555999926, -23.528580281308685], [-50.64324169499997, -23.528777627308674], [-50.64354345699996, -23.529117471308655], [-50.64372176899997, -23.529275064308703], [-50.64396678799994, -23.529185419308693], [-50.64416370899993, -23.5292427333087], [-50.644456183999985, -23.529372748308663], [-50.64481085599994, -23.529285642308697]]]]}, "properties": {"objectid": 8964947, "cod_tema": "RIO_ATE_10", "nom_tema": "Curso d'agua natural de ate 10 metros", "cod_imovel": "PR-4124301-F130418C2CEA4D06A891C229BB3C5FA2", "ind_status": "AT", "des_condic": "Aguardando analise", "Shape__Area": 8.977806215214069e-07, "Shape__Length": 0.1296807591345455}}, {"type": "Feature", "id": 8969551, "geometry": {"type": "MultiPolygon", "coordinates": [[[[-50.69934616499995, -23.522029379308815], [-50.699021311999964, -23.52221712730885], [-50.69901970799997, -23.522217854308824], [-50.699017992999984, -23.522218255308854], [-50.69901623299995, -23.5222183133088], [-50.69901449599996, -23.52221802730882], [-50.69901284699995, -23.52221740830883], [-50.69901135199995, -23.522216478308824], [-50.69901006599997, -23.522215275308813], [-50.699009038999975, -23.522213844308826], [-50.69900831199994, -23.522212241308843], [-50.69900791099997, -23.522210526308843], [-50.69900785299995, -23.522208766308815], [-50.69900813899994, -23.522207028308834], [-50.699008757999934, -23.52220538030881], [-50.69900968799993, -23.52220388430883], [-50.69901089099994, -23.522202598308848], [-50.69901232199993, -23.522201572308834], [-50.699336992999974, -23.522013929308837], [-50.69973342099996, -23.521759377308843], [-50.70072730499999, -23.520978382308844], [-50.70109693099994, -23.52048038230886], [-50.701098066999975, -23.520479121308895], [-50.701099418999945, -23.520478096308885], [-50.701100938999964, -23.520477344308873], [-50.70171211899998, -23.5202438613089], [-50.70171363999997, -23.52024342930886], [-50.70219562999994, -23.520151444308876], [-50.70230052499994, -23.520075668308856], [-50.70230229799995, -23.520074671308894], [-50.70230424899995, -23.520074099308857], [-50.70244431199995, -23.520049798308857], [-50.70250728399998, -23.519999715308895], [-50.70250852699997, -23.519998886308855], [-50.70250988999993, -23.5199982743089], [-50.702511335999986, -23.51999789630887], [-50.70276484399995, -23.51995379830887], [-50.702897493999956, -23.519865649308862], [-50.70289884799996, -23.519864909308893], [-50.70290030799998, -23.519864411308873], [-50.702901831999945, -23.519864171308857], [-50.70305206399996, -23.51985353930885], [-50.70305377599993, -23.519853582308855], [-50.70324715099997, -23.51987695530889], [-50.70333329799996, -23.519842101308857], [-50.70333374399996, -23.519841934308857], [-50.703393968999926, -23.51982120930891], [-50.703395729999954, -23.519820795308913], [-50.70339753799993, -23.51982074330889], [-50.70339931999996, -23.519821054308895], [-50.70355956299994, -23.519866040308862], [-50.703561881999974, -23.519867062308855], [-50.70360209399996, -23.51989209130889], [-50.70360348799994, -23.51989316130889], [-50.70360464699996, -23.519894482308896], [-50.70360552699998, -23.5198960033089], [-50.70360609299996, -23.519897666308886], [-50.70361967399998, -23.519955566308877], [-50.70371080899997, -23.51999694430887], [-50.703712319999966, -23.519997816308862], [-50.703844154999956, -23.520092079308903], [-50.70384549099998, -23.52009325030886], [-50.70384656999994, -23.520094661308885], [-50.703950030999984, -23.520261900308892], [-50.70415620899996, -23.52044939630885], [-50.70429506699998, -23.520503880308876], [-50.704389606999946, -23.520461398308857], [-50.70439137599993, -23.520460815308883], [-50.70439322699997, -23.520460609308845], [-50.70455051399995, -23.52045952730886], [-50.704707651999975, -23.52039026730888], [-50.70478413299997, -23.520340964308858], [-50.704785870999956, -23.520340094308857], [-50.704907899999974, -23.5202947413089], [-50.70490908999995, -23.52029439030885], [-50.705048799999986, -23.520263484308852], [-50.705197994999935, -23.520174926308883], [-50.705199934999946, -23.520174066308886], [-50.70535524699994, -23.520126213308888], [-50.705356586999976, -23.520125910308902], [-50.70546622099994, -23.5201098123089], [-50.70554845299995, -23.52007542930889], [-50.70554998099993, -23.52007494530889], [-50.705551569999955, -23.520074740308896], [-50.70555316999998, -23.520074821308892], [-50.705670690999966, -23.520091345308877], [-50.70568705899995, -23.52005583330887], [-50.70570225599994, -23.519975458308895], [-50.70570280299995, -23.519973643308877], [-50.70570371799994, -23.519971984308846], [-50.705704959999935, -23.519970553308873], [-50.705706474999936, -23.519969415308914], [-50.70570819499994, -23.5199686203089], [-50.70579859299995, -23.519937927308863], [-50.70579907499996, -23.5199377783089], [-50.70598077899995, -23.519887269308896], [-50.70609151999997, -23.519798889308877], [-50.70609282799995, -23.519798021308905], [-50.70619362699995, -23.51974314030887], [-50.706195408999974, -23.519742405308914], [-50.70619730699997, -23.519742068308886], [-50.70619923299995, -23.51974214330889], [-50.706201098999934, -23.51974262730889], [-50.70620281899994, -23.51974349830889], [-50.70625557099999, -23.519777793308872], [-50.70625701399996, -23.519778959308873], [-50.70627268699997, -23.519794566308892], [-50.70634577299996, -23.5197009593089], [-50.706346851999974, -23.519699802308914], [-50.70634811799994, -23.519698853308892], [-50.706349529999954, -23.519698141308915], [-50.70642672599996, -23.519667405308873], [-50.706428306999946, -23.519666939308912], [-50.70642994599996, -23.5196667693089], [-50.706431588999976, -23.51966690130891], [-50.70651397699999, -23.519681244308888], [-50.706590484999936, -23.51964450430891], [-50.70660366199996, -23.519556045308875], [-50.70660416299995, -23.51955414130888], [-50.706605067999924, -23.519552393308892], [-50.70660633099993, -23.51955088330889], [-50.706607892999955, -23.51954968530889], [-50.706657157999985, -23.519519850308864], [-50.70665880499996, -23.519519069308878], [-50.706660574999944, -23.51951863630891], [-50.706662396999945, -23.51951857030888], [-50.706664193999984, -23.519518873308908], [-50.70666589299997, -23.51951953230888], [-50.70669197099994, -23.519532833308894], [-50.70679694299997, -23.519493302308867], [-50.70693677699995, -23.51941042430887], [-50.70693837899995, -23.519409677308868], [-50.707113603999964, -23.519348088308895], [-50.70711448099996, -23.519347829308895], [-50.70722482899999, -23.51932126830887], [-50.707306366999944, -23.51923560230892], [-50.70730781299994, -23.5192343733089], [-50.707309485999986, -23.51923347630888], [-50.70731130899998, -23.519232950308876], [-50.707450225999935, -23.519208370308867], [-50.70745182999997, -23.5192082333089], [-50.70745343299996, -23.5192083843089], [-50.707454982999934, -23.519208819308904], [-50.70752045699992, -23.519233705308906], [-50.70762285899997, -23.5191695113089], [-50.707624600999964, -23.51916866530887], [-50.70762648399994, -23.519168213308866], [-50.707721618999976, -23.519155972308905], [-50.70772334599997, -23.519155918308904], [-50.707817046999935, -23.519161987308905], [-50.707827307999935, -23.519131920308876], [-50.70779033599995, -23.519071975308922], [-50.707789573999946, -23.519070424308893], [-50.70778912399993, -23.519068755308908], [-50.70777587899994, -23.5189902753089], [-50.70777575999995, -23.518988456308918], [-50.707776009999975, -23.51898665130892], [-50.70777661899995, -23.5189849333089], [-50.70777756199993, -23.518983374308895], [-50.70777880099997, -23.51898203730888], [-50.70778028399997, -23.51898097830888], [-50.70778194999997, -23.518980240308906], [-50.707840062999935, -23.518961276308904], [-50.70790308599993, -23.5189102843089], [-50.70790451999994, -23.51890933630892], [-50.70790610799998, -23.518908678308886], [-50.707907792999954, -23.51890833430889], [-50.707909511999965, -23.51890831830888], [-50.70799792399999, -23.518915980308915], [-50.70801327399994, -23.518860065308907], [-50.70800941299995, -23.51882483930893], [-50.70800938699995, -23.518823164308916], [-50.708009671999946, -23.51882151230893], [-50.70801025899993, -23.518819943308927], [-50.70801112699996, -23.518818510308908], [-50.70801224699994, -23.518817263308904], [-50.70801357799996, -23.518816245308926], [-50.70801507599998, -23.518815493308914], [-50.70801668699994, -23.518815031308904], [-50.70801835499998, -23.5188148773089], [-50.70810505199995, -23.5188149953089], [-50.70817542899994, -23.518779460308902], [-50.70827079299994, -23.518723489308904], [-50.70827145299995, -23.518723137308875], [-50.70836471199994, -23.518678377308913], [-50.70836561599998, -23.518678002308885], [-50.708452671999964, -23.518647363308904], [-50.708500938999975, -23.518616582308937], [-50.70852541199997, -23.518587479308906], [-50.70852657399996, -23.518586328308917], [-50.70852792499995, -23.51858540730894], [-50.70852942099998, -23.518584747308925], [-50.70859719599997, -23.51856192930894], [-50.70859732999998, -23.51856188530888], [-50.70870297499994, -23.518528152308928], [-50.70870488299994, -23.51852776530894], [-50.708706828999944, -23.518527797308945], [-50.70870872299997, -23.518528248308883], [-50.708747811999956, -23.51854217930889], [-50.70884660499996, -23.51849904830891], [-50.70895621699998, -23.518413414308895], [-50.708957673999976, -23.51841248630894], [-50.70904049399996, -23.518370354308903], [-50.709042322999935, -23.518369662308896], [-50.70904425799995, -23.51836938330894], [-50.70917229599997, -23.5183649633089], [-50.70917236399998, -23.51836496130893], [-50.70921381799997, -23.518363841308883], [-50.70921558899994, -23.518363969308894], [-50.70926347899996, -23.518372235308902], [-50.70934688799997, -23.518356509308898], [-50.709348631999944, -23.51835635430894], [-50.70935037399994, -23.518356540308904], [-50.709352044999946, -23.518357060308922], [-50.70935358499997, -23.518357895308892], [-50.70935493299998, -23.51835901230892], [-50.70935603799995, -23.518360370308933], [-50.709380033999935, -23.518396535308916], [-50.70945041799996, -23.518375732308925], [-50.70945222199999, -23.518375394308926], [-50.70945405799995, -23.51837543030895], [-50.70945584699996, -23.51837583930894], [-50.709534754999936, -23.51840257930889], [-50.70953571599995, -23.518402968308934], [-50.70957753699997, -23.51842276830894], [-50.70961063599998, -23.5183615343089], [-50.70961155599996, -23.518360154308944], [-50.70961271399995, -23.518358967308927], [-50.709614069999986, -23.518358013308912], [-50.709615578999944, -23.518357324308916], [-50.70961718899997, -23.518356925308925], [-50.709618844999966, -23.518356828308928], [-50.70962048999997, -23.51835703730894], [-50.70967168999994, -23.518368432308936], [-50.70967342999995, -23.518369011308902], [-50.70967501699994, -23.518369932308936], [-50.70967638299992, -23.51837115530891], [-50.70967747199995, -23.518372631308925], [-50.70967823899997, -23.518374297308938], [-50.70967865199998, -23.51837608430891], [-50.70967869299995, -23.51837791830889], [-50.70967603099996, -23.51841113130894], [-50.70967561899993, -23.518413192308916], [-50.70965437999996, -23.518478490308894], [-50.709714530999975, -23.518479232308895], [-50.709743729999964, -23.5184371453089], [-50.70974463299995, -23.518399734308904], [-50.70974485099998, -23.51839797630891], [-50.70974540899993, -23.518396294308907], [-50.709746285999984, -23.518394755308925], [-50.70974744899996, -23.518393418308918], [-50.70974885099998, -23.51839233530893], [-50.70975043899995, -23.51839154830891], [-50.709752149999986, -23.51839108830893], [-50.70975391799993, -23.518390973308907], [-50.70975567499994, -23.518391208308916], [-50.709785407999966, -23.518398216308928], [-50.709786735999955, -23.51839864030893], [-50.70992134599993, -23.518453471308927], [-50.70998038999994, -23.51843848630892], [-50.71000831899994, -23.518365983308918], [-50.71000905299997, -23.5183645013089], [-50.71001004599998, -23.518363178308917], [-50.71001126499993, -23.518362060308917], [-50.71001266799994, -23.5183611853089], [-50.71007430099996, -23.518330217308918], [-50.71007582899994, -23.518329617308897], [-50.710077439999964, -23.518329305308907], [-50.71007908099994, -23.518329292308934], [-50.71008069699997, -23.51832957730892], [-50.710082234999966, -23.518330151308934], [-50.71008364199997, -23.51833099630893], [-50.710084871999975, -23.518332083308906], [-50.710116596999974, -23.518365745308937], [-50.710117829999945, -23.5183673983089], [-50.71015139299994, -23.518425242308926], [-50.710166112999964, -23.518447683308928], [-50.710166853999965, -23.518449061308907], [-50.71016734499995, -23.518450547308934], [-50.710175737999975, -23.51848612330889], [-50.710271055999954, -23.518462005308894], [-50.710277942999944, -23.518369337308926], [-50.710278242999955, -23.518367612308918], [-50.71027887099996, -23.518365978308914], [-50.710279803999974, -23.518364497308944], [-50.710281005999946, -23.518363225308924], [-50.710282432999975, -23.51836221030891], [-50.71028402899998, -23.518361491308898], [-50.71030534499994, -23.518354297308928], [-50.710306844999934, -23.51835393130893], [-50.71030838599995, -23.518353827308893], [-50.710309920999975, -23.518353989308938], [-50.71031140599996, -23.51835441130891], [-50.710439174999976, -23.51840291530892], [-50.71056673399994, -23.51838729630891], [-50.71056856499996, -23.51838726030889], [-50.710570365999956, -23.518387596308923], [-50.71057206099994, -23.51838829130889], [-50.71063902899993, -23.51842409930891], [-50.710771224999974, -23.518397215308937], [-50.71091270599994, -23.518363294308934], [-50.71091459599995, -23.51836304930891], [-50.710916494999935, -23.518363208308923], [-50.71091831799999, -23.5183637643089], [-50.71091998299994, -23.51836469230893], [-50.71092141399998, -23.518365951308915], [-50.71095001499999, -23.51839706730892], [-50.71097934199998, -23.518405885308933], [-50.71103551299996, -23.518346042308906], [-50.711020581999946, -23.518321632308936], [-50.71101981899995, -23.518320061308902], [-50.71101937599997, -23.51831837130891], [-50.711019266999976, -23.518316628308927], [-50.711019497999985, -23.518314897308937], [-50.711020058999964, -23.518313243308917], [-50.71102092999996, -23.518311729308905], [-50.711022077999985, -23.518310413308892], [-50.71102345799995, -23.518309343308893], [-50.711025019999965, -23.518308560308927], [-50.71102670299996, -23.518308095308893], [-50.711142165999945, -23.518287977308894], [-50.71114408599993, -23.5182878523089], [-50.71114598899993, -23.518288138308893], [-50.71114778699995, -23.518288823308936], [-50.71127284199998, -23.51835256130892], [-50.71154575999998, -23.518367333308912], [-50.71169112699994, -23.51835945530888], [-50.71169294199996, -23.51835954130889], [-50.71169470399997, -23.518359990308916], [-50.711894789999974, -23.518433298308935], [-50.71206099999995, -23.51840094230892], [-50.712062387999936, -23.518400782308905], [-50.71206378299996, -23.51840084030892], [-50.71231158699993, -23.51843047330892], [-50.71231315699998, -23.51843080530893], [-50.71242250499996, -23.51846437630889], [-50.71256046099995, -23.51849471430893], [-50.712560906999954, -23.518494824308913], [-50.71268330999993, -23.518528374308914], [-50.712738530999964, -23.518477121308937], [-50.712771954999944, -23.5184446163089], [-50.71277343299994, -23.518443453308915], [-50.71277512099994, -23.518442624308936], [-50.71277694499997, -23.518442164308915], [-50.71277882499999, -23.51844209430892], [-50.71278067799994, -23.518442417308908], [-50.71289679599994, -23.518475485308898], [-50.71297023499994, -23.518452849308918], [-50.71298976099995, -23.51840493630892], [-50.712990626999954, -23.51840331130894], [-50.712991805999934, -23.518401897308937], [-50.712993247999975, -23.51840075330893], [-50.71299489299997, -23.518399927308913], [-50.712996671999974, -23.51839945430891], [-50.71305770899994, -23.518389768308907], [-50.71306024799998, -23.51838972930893], [-50.71320353599997, -23.51840792430893], [-50.71327548399995, -23.518399909308933], [-50.71335224799998, -23.518353045308924], [-50.713352853999936, -23.51835270630892], [-50.71340608899993, -23.518325609308942], [-50.71340766399994, -23.51832498730892], [-50.713409327999955, -23.518324671308907], [-50.71353089899998, -23.518313317308923], [-50.71363579299998, -23.518279313308945], [-50.71363778299996, -23.518278909308894], [-50.71363981199993, -23.518278962308905], [-50.71364177799995, -23.518279470308936], [-50.71373582599995, -23.518315515308945], [-50.71380182599995, -23.518312609308918], [-50.71380344399995, -23.518312684308917], [-50.71380502299996, -23.518313048308936], [-50.71380650999998, -23.518313690308908], [-50.71380785799994, -23.5183145893089], [-50.713869133999935, -23.518363965308943], [-50.714332782999975, -23.51850506830891], [-50.71433453199995, -23.518505811308902], [-50.714336086999936, -23.518506905308936], [-50.714456705999964, -23.518612572308886], [-50.71445684499997, -23.518612697308928], [-50.714548512999954, -23.518696425308914], [-50.71454965799995, -23.51869769130888], [-50.714606886999945, -23.518774508308915], [-50.71473721299998, -23.518797490308888], [-50.714739006999935, -23.51879800330891], [-50.714790963999974, -23.518818912308912], [-50.71488995499993, -23.518847850308923], [-50.714891439999974, -23.518848431308918], [-50.71489279799994, -23.5188492663089], [-50.71489398699998, -23.51885032730888], [-50.71496965999995, -23.51893102030891], [-50.715065769999974, -23.518983181308894], [-50.71506713699995, -23.5189840943089], [-50.715132220999976, -23.519036776308887], [-50.71520715199995, -23.519036025308928], [-50.71520862099994, -23.519036131308894], [-50.715210052999964, -23.519036476308877], [-50.71521140899995, -23.519037050308896], [-50.71532518999993, -23.519096637308888], [-50.715327190999965, -23.519098064308924], [-50.71548097599998, -23.519243334308882], [-50.715757028999974, -23.51927971930887], [-50.716030736999976, -23.519266573308915], [-50.71603094499994, -23.519266565308886], [-50.71655223899995, -23.5192536093089], [-50.71655392399998, -23.519253726308914], [-50.716555556999936, -23.519254157308914], [-50.71668841199994, -23.519302919308913], [-50.716689910999946, -23.51930363230888], [-50.716691252999965, -23.519304610308883], [-50.71669239299997, -23.5193058173089], [-50.71669328999997, -23.519307214308913], [-50.71669391599994, -23.519308752308902], [-50.716712144999974, -23.519369032308926], [-50.71697519799994, -23.519562971308893], [-50.71723227599995, -23.519426049308876], [-50.71723395299995, -23.5194253633089], [-50.717235733999985, -23.51942502730888], [-50.71723754599997, -23.51942505530887], [-50.71723931499998, -23.51942544730887], [-50.71724096899993, -23.5194261863089], [-50.717242441999986, -23.5194272413089], [-50.71724367299998, -23.51942857130892], [-50.717244611999945, -23.519430120308908], [-50.717245220999985, -23.51943182730887], [-50.71724547499997, -23.519433621308885], [-50.71724536399995, -23.519435429308864], [-50.71722532399997, -23.519557789308898], [-50.71729142099997, -23.519569590308876], [-50.717292916999945, -23.519569993308878], [-50.71729432099994, -23.519570646308903], [-50.71729559199998, -23.519571531308863], [-50.71740782999996, -23.51966502330888], [-50.71747053699994, -23.51971666830886], [-50.717702272999986, -23.519794823308906], [-50.717703992999986, -23.51979561430889], [-50.71786278799994, -23.51989003830889], [-50.71786434699993, -23.51989121230886], [-50.717960067999975, -23.519981134308885], [-50.71820749799998, -23.520171117308866], [-50.718208929999946, -23.520172492308884], [-50.71821002399997, -23.52017414930886], [-50.71825246299994, -23.520257063308883], [-50.718302397999935, -23.52027128430889], [-50.71836504299995, -23.520276595308893], [-50.718365330999966, -23.520276624308867], [-50.718476135999936, -23.52028962230886], [-50.718477854999946, -23.52028999730887], [-50.71847946699995, -23.5202906993089], [-50.71848091099998, -23.520291702308857], [-50.71848213299995, -23.52029296830889], [-50.718483083999956, -23.52029444730888], [-50.718483728999956, -23.52029608330885], [-50.71848404299993, -23.520297814308844], [-50.71848401399996, -23.52029957230885], [-50.71848364199997, -23.520301291308858], [-50.71848294299997, -23.520302905308917], [-50.71848194299997, -23.52030435130889], [-50.71848067999997, -23.520305575308868], [-50.718399130999956, -23.520370412308885], [-50.718366394999975, -23.5204704413089], [-50.71836559299993, -23.52047221330885], [-50.71836442999995, -23.52047377030887], [-50.71836295799994, -23.52047504130885], [-50.71836124699996, -23.520475966308894], [-50.71831147499996, -23.520496247308895], [-50.718185835999975, -23.520554617308868], [-50.71808711699998, -23.520666384308882], [-50.71802614699993, -23.520796091308863], [-50.718025275999935, -23.520797561308836], [-50.71802414299998, -23.520798840308828], [-50.71789123399998, -23.52092274930886], [-50.71784373899993, -23.520998443308837], [-50.717842375999965, -23.521000125308838], [-50.71784064999997, -23.52100143230888], [-50.71777892899996, -23.521037368308846], [-50.71758049399995, -23.521304028308858], [-50.71729288399996, -23.521871688308853], [-50.71720985899997, -23.522042455308828], [-50.717190279999954, -23.52217715930883], [-50.717189921999925, -23.5221786773088], [-50.717189306999956, -23.52218011130882], [-50.71718845399993, -23.522181417308826], [-50.717063691999954, -23.522340205308833], [-50.71697919099994, -23.522461314308803], [-50.71687530999998, -23.52261015230882], [-50.71681900999994, -23.52273552730881], [-50.71681762699995, -23.522737704308803], [-50.71674004399995, -23.5228279513088], [-50.71660325399995, -23.522996999308834], [-50.71652559599994, -23.523135460308833], [-50.71644178499997, -23.52329068630878], [-50.716440433999935, -23.523292563308825], [-50.71626418699998, -23.5234805483088], [-50.71618744099993, -23.52361823630878], [-50.71618607399995, -23.523620085308778], [-50.71612824799997, -23.52368029630879], [-50.71612690999996, -23.523681440308792], [-50.71612537399995, -23.52368230230877], [-50.71612369899998, -23.5236828473088], [-50.71612195099994, -23.523683055308823], [-50.71612019499997, -23.5236829183088], [-50.71611849999993, -23.523682441308775], [-50.71611692999994, -23.523681642308826], [-50.71611554699996, -23.52368055330879], [-50.71611440199996, -23.52367921430881], [-50.71611354099997, -23.523677678308793], [-50.71611299599994, -23.523676004308808], [-50.716112787999975, -23.523674255308766], [-50.71611292499995, -23.523672499308827], [-50.716113401999955, -23.523670804308786], [-50.71611419999994, -23.52366923530878], [-50.71611528999995, -23.523667851308797], [-50.71617231199997, -23.523608477308816], [-50.71624903199995, -23.523470836308782], [-50.716250324999976, -23.52346906630879], [-50.71642652899993, -23.523281125308824], [-50.71650982199998, -23.523126860308846], [-50.71650989099993, -23.523126734308804], [-50.716587956999945, -23.522987546308816], [-50.71658880899997, -23.5229862903088], [-50.71672616099994, -23.5228165463088], [-50.71672633199995, -23.522816341308804], [-50.71680315399993, -23.522726979308825], [-50.71685926599997, -23.522602022308796], [-50.71686009399997, -23.522600561308852], [-50.71696445799994, -23.522451032308854], [-50.71704910299996, -23.522329716308807], [-50.717049406999934, -23.522329306308826], [-50.71717284499994, -23.522172202308845], [-50.71719227999995, -23.522038490308816], [-50.71719258399997, -23.522037141308807], [-50.717193090999956, -23.522035855308822], [-50.71727675799996, -23.521863766308847], [-50.71727682399995, -23.52186363430881], [-50.717564814999946, -23.52129522230888], [-50.71756562099994, -23.521293919308853], [-50.71776561299998, -23.521025168308828], [-50.71776683499996, -23.521023831308874], [-50.71776829999993, -23.52102276730887], [-50.71782969699996, -23.520987019308855], [-50.71787663899994, -23.52091220530883], [-50.71787812299993, -23.520910409308847], [-50.71801062399994, -23.520786880308844], [-50.71807140399994, -23.520657578308843], [-50.71807280099995, -23.520655453308848], [-50.718173613999966, -23.52054131530885], [-50.71817497399996, -23.520540063308854], [-50.71817656199994, -23.520539115308868], [-50.71830410099994, -23.520479862308843], [-50.718304495999966, -23.520479690308843], [-50.718350613999974, -23.520460898308862], [-50.718382893999944, -23.52036226330889], [-50.71838359399993, -23.520360667308882], [-50.71838458899999, -23.520359237308888], [-50.718385840999986, -23.520358026308852], [-50.718452597999935, -23.52030495030887], [-50.71836338199995, -23.520294485308874], [-50.71830001399997, -23.520289113308902], [-50.718298311999945, -23.520288802308883], [-50.71824378499997, -23.52027327230885], [-50.71824207699995, -23.520272590308906], [-50.71824054399997, -23.520271575308886], [-50.718239249999954, -23.52027026830891], [-50.71823824899997, -23.5202687263089], [-50.71819495199998, -23.52018413530887], [-50.717948771999936, -23.5199951133089], [-50.71794809199997, -23.519994535308882], [-50.71785276099997, -23.5199049793089], [-50.717695628999934, -23.51981154330886], [-50.717463230999954, -23.519733165308917], [-50.71746173799994, -23.519732505308898], [-50.717460389999985, -23.519731587308883], [-50.71739638899994, -23.519678875308877], [-50.717396350999934, -23.519678844308856], [-50.71728592099998, -23.519586859308884], [-50.71721344799994, -23.519573919308908], [-50.71721176799996, -23.519573447308897], [-50.71721021099995, -23.519572659308864], [-50.71720883599995, -23.519571584308874], [-50.71720769499996, -23.51957026530889], [-50.71720682999995, -23.519568749308892], [-50.71720627399997, -23.519567095308886], [-50.71720604899998, -23.51956536530888], [-50.717206161999975, -23.51956362330888], [-50.717224699999974, -23.51945044030889], [-50.71697864599997, -23.519581489308884], [-50.71697709499994, -23.5195821383089], [-50.71697544999995, -23.519582485308863], [-50.716973768999935, -23.519582520308898], [-50.71697211099996, -23.519582241308896], [-50.71697053399998, -23.51958165830892], [-50.71696909299993, -23.519580791308876], [-50.71669907999996, -23.51938172130887], [-50.71669766599996, -23.51938042430889], [-50.716696559999946, -23.51937885730891], [-50.71669581199995, -23.519377091308893], [-50.71667801499996, -23.51931824130888], [-50.71655097399998, -23.519271613308867], [-50.71603149499998, -23.51928452430887], [-50.71575708599994, -23.51929770330888], [-50.715755480999974, -23.519297637308902], [-50.715475746999964, -23.51926076630888], [-50.71547392799994, -23.51926033030889], [-50.71547223799996, -23.519259526308925], [-50.71547075199992, -23.519258390308877], [-50.71531575499995, -23.519111977308906], [-50.71520507399998, -23.51905401330889], [-50.715129169999955, -23.519054773308934], [-50.71512762599996, -23.519054655308935], [-50.71512612499999, -23.51905427430892], [-50.71512471099993, -23.51905364030892], [-50.71512342799997, -23.51905277330887], [-50.71505647499998, -23.518998578308917], [-50.71495981399994, -23.51894611930891], [-50.71495860999994, -23.518945335308892], [-50.71495754699998, -23.518944368308897], [-50.71488255999998, -23.518864406308925], [-50.714785498999966, -23.518836033308897], [-50.714784665999964, -23.518835744308877], [-50.71473316899994, -23.5188150213089], [-50.71460025399995, -23.51879158230889], [-50.71459861999995, -23.518791132308937], [-50.71459709999994, -23.518790382308904], [-50.714595746999976, -23.518789360308904], [-50.71459461099993, -23.518788102308918], [-50.71453576299996, -23.518709112308905], [-50.714444796999935, -23.518626025308883], [-50.71432570199994, -23.518521693308916], [-50.713862236999944, -23.518380646308916], [-50.71386064999996, -23.51837999130891], [-50.713859215999946, -23.518379047308887], [-50.71379922699998, -23.51833070730891], [-50.71373474999996, -23.51833354630891], [-50.71373291499997, -23.518333439308897], [-50.713731139999936, -23.518332960308907], [-50.71363831299993, -23.518297382308905], [-50.713535493999984, -23.51833071530894], [-50.713533558999984, -23.518331114308936], [-50.713412707999964, -23.51834240030888], [-50.71336131299995, -23.518368560308893], [-50.713283141999966, -23.518416283308913], [-50.71328136799996, -23.51841711530892], [-50.71327945599995, -23.518417543308896], [-50.71320446099998, -23.518425898308934], [-50.713202334999956, -23.518425882308925], [-50.71305925799993, -23.518407714308925], [-50.71300448799997, -23.51841640430894], [-50.712985266999965, -23.51846357030888], [-50.71298454099997, -23.5184649823089], [-50.71298357699993, -23.518466243308925], [-50.71298240599998, -23.518467315308897], [-50.71298106399996, -23.51846816530889], [-50.71297959399993, -23.51846876530892], [-50.712899542999935, -23.518493439308884], [-50.71289785499994, -23.518493786308916], [-50.71289613199997, -23.518493805308932], [-50.71289443699993, -23.518493494308927], [-50.71278075499998, -23.51846111930888], [-50.71275098199993, -23.51849007430889], [-50.71275082999995, -23.518490219308894], [-50.71269186799997, -23.51854494330888], [-50.71269041399995, -23.518546041308923], [-50.712688767999964, -23.518546822308917], [-50.71268699899997, -23.518547256308924], [-50.71268517899995, -23.518547324308887], [-50.71268338199997, -23.518547023308887], [-50.712556378999984, -23.51851221130892], [-50.71241828899998, -23.51848184530889], [-50.712417581999944, -23.518481659308932], [-50.71230865399997, -23.518448216308922], [-50.71206304999998, -23.518418846308933], [-50.71189576599994, -23.518451412308945], [-50.71189414999998, -23.5184515773089], [-50.71189252999994, -23.518451448308895], [-50.71189095899996, -23.518451029308896], [-50.71169025599995, -23.51837749530894], [-50.711546246999944, -23.51838530030892], [-50.711545274999935, -23.51838530030892], [-50.71126997099998, -23.51837039930894], [-50.71126812399995, -23.518370103308886], [-50.71126637799995, -23.518369432308933], [-50.71114229799997, -23.518306191308913], [-50.71104280199995, -23.5183235273089], [-50.71105441299994, -23.518342508308944], [-50.711055147999964, -23.51834400730889], [-50.71105559299997, -23.518345616308935], [-50.71105573299997, -23.518347280308884], [-50.71105556199996, -23.51834894130889], [-50.71105508699997, -23.518350541308916], [-50.711054323999974, -23.5183520263089], [-50.711053299999946, -23.51835334430894], [-50.710988633999925, -23.51842223830892], [-50.710987391999936, -23.518423337308896], [-50.71098596999997, -23.518424189308927], [-50.710984414999984, -23.518424765308904], [-50.71098278099998, -23.518425046308895], [-50.71098112299995, -23.51842502230892], [-50.71097949799997, -23.51842469330894], [-50.71094248199995, -23.518413563308922], [-50.71094099599998, -23.518412968308898], [-50.710939638999946, -23.51841211730892], [-50.71093845499996, -23.518411040308944], [-50.71091175999993, -23.51838199630891], [-50.71077526199997, -23.518414722308936], [-50.710774957999945, -23.518414789308913], [-50.71063943699994, -23.518442350308938], [-50.71063789599998, -23.51844252730893], [-50.710636346999934, -23.518442436308938], [-50.710634836999986, -23.518442080308894], [-50.71063341099995, -23.51844146930892], [-50.71056609599997, -23.5184054753089], [-50.71043915499996, -23.518421018308917], [-50.71043698299996, -23.518421019308914], [-50.710434874999976, -23.51842050030894], [-50.71030803999998, -23.518372350308944], [-50.710295418999976, -23.518376609308927], [-50.71028849299995, -23.51846979130892], [-50.710288162999966, -23.518471628308937], [-50.71028745899997, -23.51847335730889], [-50.71028641399994, -23.518474903308924], [-50.71028507199998, -23.5184762003089], [-50.710283490999984, -23.518477191308943], [-50.71028173899998, -23.518477834308896], [-50.71017129499996, -23.518505779308896], [-50.71016953499998, -23.518506043308893], [-50.710167758999944, -23.51850595430892], [-50.71016603399994, -23.51850551830893], [-50.710164428999974, -23.51850474930894], [-50.71016300799994, -23.51850368030893], [-50.710161823999954, -23.51850235230894], [-50.710160925999965, -23.51850081630892], [-50.71016034799993, -23.51849913330892], [-50.71015022199999, -23.51845621330892], [-50.710136234999936, -23.518434890308935], [-50.71013597599995, -23.518434472308915], [-50.710102810999956, -23.518377313308925], [-50.71007638699995, -23.51834927530894], [-50.71002383599995, -23.51837568030891], [-50.70999548599996, -23.51844927930894], [-50.70999472099993, -23.518450811308927], [-50.70999367899998, -23.518452170308944], [-50.70999239799994, -23.518453306308913], [-50.70999092499994, -23.51845417930889], [-50.70998931299994, -23.518454757308927], [-50.70992290199996, -23.518471612308932], [-50.709921022999936, -23.518471882308926], [-50.70991912799997, -23.518471751308947], [-50.70991730399993, -23.518471224308893], [-50.709780604999935, -23.5184155433089], [-50.70976232699997, -23.518411234308928], [-50.709761625999924, -23.518440270308933], [-50.709761414999946, -23.518441999308898], [-50.70976087499997, -23.5184436543089], [-50.70976002599997, -23.518445174308912], [-50.709726571999965, -23.518493394308912], [-50.70972543799997, -23.518494729308877], [-50.70972406699996, -23.51849581830891], [-50.709722509999956, -23.51849662130889], [-50.709720825999966, -23.51849710630893], [-50.70971908099995, -23.518497255308887], [-50.70964194999993, -23.51849630430889], [-50.70964027899999, -23.51849612630889], [-50.709638670999944, -23.518495641308906], [-50.70963718099995, -23.51849486430894], [-50.70963586199997, -23.518493824308912], [-50.709634759999965, -23.518492556308903], [-50.70963391299995, -23.518491105308904], [-50.70963335099999, -23.51848952130895], [-50.70963309299998, -23.51848786130893], [-50.709633149999945, -23.518486182308884], [-50.709633517999976, -23.51848454330889], [-50.70965820699996, -23.5184086413089], [-50.70966015999994, -23.51838427230894], [-50.709623212999986, -23.51837604930893], [-50.709589291999976, -23.518438803308932], [-50.709588344999986, -23.51844021630894], [-50.70958714899996, -23.51844142530895], [-50.70958574499998, -23.518442388308937], [-50.70958418599998, -23.518443068308898], [-50.70958252599996, -23.518443442308925], [-50.70958082599998, -23.51844349730891], [-50.70957914599995, -23.51844322930891], [-50.709577545999935, -23.518442650308884], [-50.70952849699996, -23.518419428308906], [-50.70945277899994, -23.518393769308897], [-50.70937876299996, -23.518415646308945], [-50.70937689299996, -23.518415989308895], [-50.70937499299999, -23.5184159303089], [-50.70937314699996, -23.5184154733089], [-50.709371438999945, -23.51841463830892], [-50.709369944999935, -23.51841346230891], [-50.709368731999966, -23.518411998308927], [-50.70934436199997, -23.518375268308887], [-50.70926521399996, -23.518390190308942], [-50.709263618999955, -23.518390346308934], [-50.70926202199996, -23.518390215308905], [-50.70921341199994, -23.518381825308893], [-50.70917288299995, -23.51838291930893], [-50.709046866999984, -23.518387269308914], [-50.708966593999946, -23.518428106308946], [-50.708856770999944, -23.51851390530891], [-50.708854834999954, -23.518515059308935], [-50.70875174099995, -23.518560068308894], [-50.708750134999946, -23.51856059630894], [-50.708748457999945, -23.518560813308913], [-50.70874676999995, -23.518560712308897], [-50.708745130999944, -23.518560297308913], [-50.708705549999934, -23.51854619030889], [-50.708602861999964, -23.51857897930892], [-50.70853754099994, -23.518600970308917], [-50.70851380399995, -23.51862919830892], [-50.708512849999984, -23.518630172308914], [-50.708511758999975, -23.518630991308907], [-50.70846146099996, -23.51866306730893], [-50.708459612999945, -23.5186639673089], [-50.70837204299993, -23.51869478630891], [-50.70827956399996, -23.518739173308916], [-50.708184278999965, -23.518795098308875], [-50.70818378099995, -23.518795370308908], [-50.70811123499993, -23.51883200030891], [-50.70810926099995, -23.518832721308915], [-50.70810717399997, -23.5188329643089], [-50.70802836599996, -23.518832857308887], [-50.708031319999975, -23.518859812308897], [-50.70803134499993, -23.518861503308926], [-50.708031052999964, -23.518863168308876], [-50.708013267999945, -23.518927953308886], [-50.70801262899994, -23.51892961530892], [-50.70801167499997, -23.518931118308895], [-50.70801044399997, -23.518932403308884], [-50.70800898299996, -23.518933420308876], [-50.708007349999946, -23.51893412930889], [-50.70800560999999, -23.518934502308916], [-50.708003829999946, -23.5189345253089], [-50.707911570999954, -23.51892653030892], [-50.70785007599994, -23.518976286308874], [-50.707848714999955, -23.51897719530893], [-50.70784721199993, -23.51897784230891], [-50.70779488299996, -23.518994918308913], [-50.70780654799995, -23.519064036308915], [-50.70784482499994, -23.519126095308923], [-50.70784566999998, -23.51912788130891], [-50.707846105999984, -23.519129808308875], [-50.707846108999945, -23.5191317843089], [-50.707845679999934, -23.51913371330891], [-50.707831828999986, -23.519174297308886], [-50.707831142999964, -23.51917582430889], [-50.70783018499998, -23.519177198308896], [-50.707828988999935, -23.519178370308897], [-50.70782759699995, -23.5191792993089], [-50.707826055999924, -23.51917995430891], [-50.70782441999995, -23.519180312308887], [-50.707822746999966, -23.51918036030888], [-50.70772304999996, -23.519173902308918], [-50.707630731999984, -23.519185781308916], [-50.707526213999984, -23.519251301308866], [-50.707524734999936, -23.519252047308882], [-50.70752314499998, -23.519252510308867], [-50.70752149699996, -23.51925267330891], [-50.70751984699996, -23.51925253030889], [-50.707518250999954, -23.51925208730891], [-50.707450915999964, -23.5192264933089], [-50.70731734599997, -23.519250127308887], [-50.707236014999985, -23.519335575308872], [-50.707234718999985, -23.519336699308884], [-50.707233232999954, -23.519337556308916], [-50.70723161099994, -23.519338115308912], [-50.70711912999997, -23.519365189308914], [-50.70694517399994, -23.519426332308893], [-50.70680542499998, -23.51950915930886], [-50.706804010999974, -23.519509838308906], [-50.706694589999984, -23.51955104430889], [-50.70669278599997, -23.519551517308894], [-50.70669092299994, -23.51955160730891], [-50.70668908199997, -23.519551310308863], [-50.70668734199996, -23.519550640308893], [-50.70666218599996, -23.51953780930892], [-50.70662080999995, -23.519562866308867], [-50.70660755399996, -23.51965186330891], [-50.70660712899996, -23.519653560308857], [-50.70660638299995, -23.519655143308885], [-50.70660534399997, -23.519656551308895], [-50.70660405299998, -23.519657731308865], [-50.70660255699995, -23.519658638308872], [-50.70651915999997, -23.519698686308896], [-50.70651741599994, -23.519699311308862], [-50.70651557999997, -23.51969956630891], [-50.706513730999966, -23.51969943830889], [-50.70643101099995, -23.519685037308914], [-50.70635843699995, -23.51971393330892], [-50.70628061099996, -23.51981361130888], [-50.70627945299998, -23.519814836308885], [-50.70627808699993, -23.519815824308893], [-50.70627656099998, -23.519816539308895], [-50.70627492799997, -23.519816956308862], [-50.70627324599996, -23.519817061308885], [-50.70627157299998, -23.51981685030891], [-50.70626996999994, -23.519816330308885], [-50.706268491999936, -23.519815520308878], [-50.70626719099994, -23.519814448308892], [-50.706244996999935, -23.519792348308865], [-50.706197514999985, -23.519761480308873], [-50.70610211099995, -23.519813423308875], [-50.70599055399998, -23.51990245430889], [-50.70598903699993, -23.519903433308883], [-50.70598735599999, -23.519904088308902], [-50.70580412999993, -23.5199550213089], [-50.70571893599998, -23.51998394730887], [-50.70570450699994, -23.52006025730887], [-50.70570383899997, -23.520062348308855], [-50.70568421199994, -23.5201049313089], [-50.70568339399995, -23.5201063503089], [-50.70568233099994, -23.5201075973089], [-50.70568105899997, -23.520108630308886], [-50.70567962099994, -23.52010941530889], [-50.70567806399998, -23.52010992630888], [-50.705676439999934, -23.52011014530891], [-50.705674802999965, -23.520110066308884], [-50.705553108999936, -23.520092956308897], [-50.70547210899997, -23.52012682430891], [-50.70546994799997, -23.52012742430886], [-50.70535987899996, -23.520143585308887], [-50.70520624599993, -23.520190921308906], [-50.705056731999946, -23.5202796693089], [-50.70505545099996, -23.520280297308855], [-50.70505408699995, -23.520280715308875], [-50.70491357699996, -23.520311798308867], [-50.704793045999956, -23.520356594308872], [-50.70471679099995, -23.52040575230889], [-50.70471554699998, -23.520406421308866], [-50.70455605899996, -23.520476717308863], [-50.704554316999975, -23.52047728130886], [-50.704552496999945, -23.52047748030886], [-50.70439524399995, -23.520478562308906], [-50.70429898499998, -23.520521816308886], [-50.70429729199998, -23.52052238330886], [-50.70429551999997, -23.520522603308862], [-50.70429373999997, -23.52052246930886], [-50.70429202199994, -23.520521985308854], [-50.70414810699998, -23.520465517308907], [-50.70414664799995, -23.520464785308846], [-50.70414534499997, -23.520463801308857], [-50.70393701099994, -23.520274344308884], [-50.70393541499993, -23.520272424308896], [-50.70383223899995, -23.5201056463089], [-50.703702583999984, -23.52001294130886], [-50.70360822299995, -23.51997009830891], [-50.703606797999946, -23.5199692873089], [-50.70360554399997, -23.519968230308876], [-50.703604502999944, -23.519966962308864], [-50.70360370999998, -23.519965526308887], [-50.70360319099996, -23.519963970308908], [-50.703589448999935, -23.5199053833089], [-50.70355347499998, -23.519882992308872], [-50.70339716299998, -23.519839110308883], [-50.70333981599999, -23.51985884530891], [-50.703251741999956, -23.51989447930887], [-50.70325029899993, -23.519894925308893], [-50.70324880299995, -23.519895124308878], [-50.70324729399994, -23.519895070308888], [-50.703052473999946, -23.519871521308886], [-50.70290546399997, -23.519881925308905], [-50.70277321499997, -23.519969807308847], [-50.70277156999998, -23.519970669308893], [-50.70276978299995, -23.51997117530888], [-50.70251667299993, -23.520015204308855], [-50.70245369999998, -23.520065287308885], [-50.702452455999946, -23.520066117308858], [-50.70245109099994, -23.520066730308848], [-50.702449643999955, -23.520067107308904], [-50.70230936399997, -23.520091446308886], [-50.702204533999975, -23.520167176308888], [-50.702202830999965, -23.52016814330889], [-50.702200957999935, -23.520168718308877], [-50.70171778799995, -23.520260928308875], [-50.70110979699996, -23.520493193308898], [-50.70074101499994, -23.520990056308857], [-50.70073935199997, -23.52099176630884], [-50.699744184999986, -23.52177376830882], [-50.69974348799997, -23.52177426430886], [-50.69934652299997, -23.522029161308847], [-50.69934616499995, -23.522029379308815]]], [[[-50.69006373099995, -23.506895651309186], [-50.68937087799998, -23.50731357530915], [-50.689369287999966, -23.507314332309157], [-50.68936758099994, -23.507314765309193], [-50.68936582199996, -23.5073148563092], [-50.68936407999996, -23.50731460230914], [-50.68936241999995, -23.507314014309166], [-50.68936090699998, -23.507313113309156], [-50.68935959899994, -23.50731193430918], [-50.68935854599994, -23.50731052230915], [-50.68935778799994, -23.507308932309137], [-50.68935735599996, -23.50730722530917], [-50.68935726399996, -23.507305467309173], [-50.68935751799995, -23.507303724309146], [-50.689358105999986, -23.507302064309183], [-50.68935900799994, -23.507300551309168], [-50.689360186999984, -23.507299243309166], [-50.68936159799995, -23.507298190309175], [-50.69005508599997, -23.506879884309146], [-50.690056407999975, -23.50687922830915], [-50.69091534499995, -23.50653789830919], [-50.69091657299998, -23.50653750930915], [-50.69180086899996, -23.5063260353092], [-50.69180327299994, -23.506325794309184], [-50.692721677999934, -23.506358034309187], [-50.69272342299996, -23.50635826830921], [-50.692725089999946, -23.506358838309204], [-50.692726612999934, -23.506359722309185], [-50.692727933999954, -23.506360887309196], [-50.692729002999954, -23.506362286309184], [-50.692729777999936, -23.50636386830921], [-50.69273022999994, -23.50636557030917], [-50.69273034099996, -23.50636732730919], [-50.692730106999925, -23.506369073309198], [-50.692729536999934, -23.5063707393092], [-50.69272865199997, -23.50637226230917], [-50.692727487999946, -23.506373583309195], [-50.69272608899996, -23.506374652309194], [-50.69272450699998, -23.506375427309194], [-50.69272280499996, -23.506375879309182], [-50.692721047999946, -23.506375990309195], [-50.69180386099998, -23.506343792309163], [-50.69092137999996, -23.506554832309163], [-50.69006373099995, -23.506895651309186]]], [[[-50.69256447699996, -23.511342487309093], [-50.69279615499995, -23.511337427309055], [-50.69279791099996, -23.511337562309045], [-50.69279960699998, -23.5113380363091], [-50.69280117799997, -23.511338832309082], [-50.69280256299999, -23.51133991930908], [-50.692803709999964, -23.51134125630909], [-50.69280457399998, -23.511342790309072], [-50.692805120999935, -23.511344464309097], [-50.69280533199998, -23.511346212309093], [-50.692805197999974, -23.51134796830905], [-50.692804723999984, -23.511349664309076], [-50.69280392799993, -23.511351235309057], [-50.692802839999956, -23.51135262030908], [-50.69280150399993, -23.511353767309064], [-50.692799968999964, -23.511354631309064], [-50.692798295999985, -23.51135517930907], [-50.69279654699994, -23.511355389309067], [-50.692564682999944, -23.51136045330906], [-50.69256430899997, -23.51136045330906], [-50.69221321799994, -23.51135350130908], [-50.69106358499993, -23.51140593630907], [-50.690522258999984, -23.511473924309076], [-50.69052136399995, -23.51147399130906], [-50.689873898999956, -23.51149017430907], [-50.68948586799997, -23.511591532309062], [-50.68948457399995, -23.511591770309042], [-50.68883160099995, -23.511663174309078], [-50.68883148899994, -23.51166318530907], [-50.688659762999976, -23.51167979330909], [-50.688615883999944, -23.512024660309045], [-50.68861555299998, -23.512026185309065], [-50.68861496499994, -23.512027628309042], [-50.688614134999966, -23.512028949309045], [-50.68835620999994, -23.512369641309046], [-50.688241309999974, -23.51261395630903], [-50.688344608999955, -23.51303650130906], [-50.688344850999954, -23.51303811930906], [-50.68837149499995, -23.51350203130903], [-50.688371493999966, -23.513503087309008], [-50.68835892199997, -23.51371152630901], [-50.68835421499995, -23.51384885230902], [-50.68835406599993, -23.513850201309022], [-50.688353715999945, -23.513851512309024], [-50.68826295499998, -23.51411076130903], [-50.688261926999985, -23.514112812308994], [-50.68809498899998, -23.514360588309025], [-50.688094158999945, -23.514432757308995], [-50.68809395299997, -23.514434571309028], [-50.68807872299994, -23.51450429430898], [-50.68807102499994, -23.514661460308986], [-50.688096085999966, -23.514851825309027], [-50.68809607799995, -23.514854228309012], [-50.68808026499994, -23.514968580308977], [-50.68807560099999, -23.515097463308987], [-50.68807531199997, -23.515099419308992], [-50.688074601999965, -23.515101265308957], [-50.68807350499997, -23.51510291130901], [-50.688050156999964, -23.515130743309015], [-50.68805779899998, -23.515150922309], [-50.68816692299998, -23.515254990308982], [-50.68830011699998, -23.515294172308998], [-50.688301709999955, -23.515294811309015], [-50.68830315199995, -23.515295742308993], [-50.688304390999974, -23.515296930308995], [-50.688305380999964, -23.515298332309012], [-50.688374857999975, -23.51541988530899], [-50.68837581499997, -23.51542233330896], [-50.68840275099996, -23.51553967130896], [-50.68840291299995, -23.51554059330898], [-50.688410957999956, -23.515606534308983], [-50.68841098199994, -23.515608496308985], [-50.688410578999935, -23.515610416308977], [-50.68840976799999, -23.515612203309004], [-50.68836588199997, -23.515686226308965], [-50.68836484399998, -23.51568764130895], [-50.68836354999996, -23.51568882730897], [-50.68836204999997, -23.515689739308996], [-50.688360401999944, -23.515690342308986], [-50.68835866699993, -23.51569061330896], [-50.68832566899994, -23.51569249730898], [-50.68830899199998, -23.51573522230899], [-50.68836160399996, -23.51597153730899], [-50.688424003999955, -23.516106404308974], [-50.68842460999997, -23.516108179308958], [-50.688442442999985, -23.51618638430898], [-50.68844261999993, -23.516187452308948], [-50.68847452399996, -23.51649423030896], [-50.688474543999966, -23.516494447308954], [-50.68848558099995, -23.51663314330897], [-50.68859875099997, -23.516922675308972], [-50.68867319599997, -23.517004155308918], [-50.688674355999986, -23.51700574430894], [-50.688675142999955, -23.517007548308968], [-50.68867551699998, -23.51700948030893], [-50.688675461999935, -23.517011447308942], [-50.68866351399998, -23.517097634308957], [-50.688664272999965, -23.51715479230896], [-50.688664109999934, -23.51715661330892], [-50.688663582999936, -23.517158365308926], [-50.68866271099994, -23.51715997330897], [-50.68866153199997, -23.517161371308966], [-50.68866009399994, -23.517162502308945], [-50.688584843999934, -23.517210121308917], [-50.68854846099998, -23.517250312308963], [-50.688513719999946, -23.517356250308957], [-50.68851296899992, -23.517357934308937], [-50.68851188999997, -23.51735942930893], [-50.68851052799994, -23.517360672308907], [-50.68850894199995, -23.517361611308917], [-50.68850719699998, -23.517362206308945], [-50.68844621399996, -23.51737622230892], [-50.68845038999996, -23.517403073308934], [-50.68845047999997, -23.51740499830893], [-50.68845015699997, -23.517406897308913], [-50.688449436999974, -23.517408685308936], [-50.68844835199997, -23.517410278308915], [-50.68844695299998, -23.517411602308954], [-50.688371512999936, -23.517468997308942], [-50.68831752199998, -23.517551278308957], [-50.68831300699998, -23.51763792330891], [-50.68833955599996, -23.51766761830893], [-50.68834055899998, -23.51766897930892], [-50.68834128999998, -23.51767050430893], [-50.68834172199996, -23.51767213930892], [-50.68835079899998, -23.517727030308922], [-50.68835091799997, -23.517728673308927], [-50.68835073499997, -23.51773031030896], [-50.68835025499993, -23.517731886308948], [-50.688349495999944, -23.517733348308944], [-50.68834848299996, -23.517734647308902], [-50.688347248999946, -23.517735739308954], [-50.68830463199998, -23.51776699630894], [-50.68827035299995, -23.517820130308923], [-50.688282697999966, -23.51788465130893], [-50.68828284999996, -23.517886723308905], [-50.68827665099997, -23.518031734308945], [-50.688276376999966, -23.518033584308927], [-50.68827572599997, -23.518035337308905], [-50.688274725999975, -23.518036918308916], [-50.68827342099996, -23.518038257308902], [-50.68827186599998, -23.51803929730893], [-50.68827012999998, -23.51803999230891], [-50.688198888999985, -23.51806022630894], [-50.68755798399996, -23.518264745308908], [-50.687556291999954, -23.51826511030892], [-50.68695802999997, -23.5183347943089], [-50.686199801999976, -23.51852598830891], [-50.68619805999998, -23.518526249308934], [-50.68619630099994, -23.51852616530892], [-50.68619459299998, -23.518525740308917], [-50.68619299899996, -23.51852499030889], [-50.686191582999975, -23.51852394330893], [-50.68619039899994, -23.518522640308902], [-50.686189490999936, -23.51852113130889], [-50.68618889499999, -23.518519474308917], [-50.68618863399996, -23.518517732308908], [-50.68618871799998, -23.518515973308936], [-50.68618914299998, -23.518514264308912], [-50.686189892999955, -23.51851267130889], [-50.68619093999996, -23.51851125530891], [-50.686192242999944, -23.518510070308935], [-50.68619375199995, -23.51850916330892], [-50.686195408999936, -23.518508567308917], [-50.68695420799998, -23.518317229308938], [-50.68695536599995, -23.518317017308906], [-50.68755334999997, -23.518247365308923], [-50.68819356499994, -23.518043067308916], [-50.688193841999976, -23.518042983308945], [-50.688258977999965, -23.518024483308935], [-50.68826485499994, -23.517887001308925], [-50.68825202999995, -23.51781997230895], [-50.68825186999994, -23.517818271308915], [-50.68825203499994, -23.51781657030895], [-50.688252518999946, -23.517814932308927], [-50.68825330499994, -23.517813414308957], [-50.68829043399995, -23.51775586330896], [-50.68829144299997, -23.51775457430894], [-50.68829266999995, -23.51775348930893], [-50.688332172999935, -23.517724516308945], [-50.688324421999944, -23.517677646308957], [-50.68829714699996, -23.517647139308927], [-50.68829611199993, -23.517645725308938], [-50.68829537099999, -23.517644137308967], [-50.68829495299997, -23.517642435308932], [-50.68829487299996, -23.517640684308923], [-50.68829970699995, -23.517547915308935], [-50.688299927999935, -23.517546350308944], [-50.68830041999996, -23.517544847308923], [-50.688301166999956, -23.517543454308928], [-50.688357336999964, -23.51745785230891], [-50.68835827799995, -23.517456653308926], [-50.688359408999986, -23.517455631308923], [-50.688431813999955, -23.517400545308952], [-50.68842717599994, -23.517370720308943], [-50.68842707399995, -23.517369042308964], [-50.68842728699997, -23.51736737530896], [-50.68842780699998, -23.517365776308935], [-50.688428614999964, -23.517364302308945], [-50.68842968399997, -23.517363005308972], [-50.68843097499996, -23.517361929308915], [-50.68843244499993, -23.517361113308965], [-50.68843404099994, -23.51736058530892], [-50.68849822899995, -23.517345833308944], [-50.68853198399995, -23.517242900308965], [-50.68853275199995, -23.517241186308954], [-50.68853385999995, -23.517239670308957], [-50.68857234599995, -23.517197156308928], [-50.688574201999984, -23.51719559430897], [-50.68864624099996, -23.51715000630892], [-50.68864554099997, -23.517097192308917], [-50.68864562499993, -23.51709584030894], [-50.68865708699997, -23.517013159308974], [-50.68858436099998, -23.51693356030896], [-50.68858336499994, -23.516932245308944], [-50.68858262599996, -23.51693077130896], [-50.68846836499995, -23.516638448308974], [-50.68846777699997, -23.51663589130895], [-50.688456642999945, -23.51649598130898], [-50.68842480599995, -23.516189850308994], [-50.68840730299996, -23.516113092308956], [-50.688344892999964, -23.51597820430896], [-50.68834427699994, -23.515976384308953], [-50.68829085999994, -23.515736456308954], [-50.68829064799996, -23.51573470130899], [-50.688290782999964, -23.51573293930898], [-50.68829126099996, -23.515731237308966], [-50.68831102999997, -23.515680591308985], [-50.68831179899996, -23.515679068308955], [-50.68831284199996, -23.515677717308968], [-50.68831412199995, -23.51567658830897], [-50.68831559199998, -23.51567572130899], [-50.688317198999975, -23.51567514830896], [-50.688318885999934, -23.51567488930898], [-50.688352866999935, -23.515672949308964], [-50.688392753999956, -23.515605673308993], [-50.688385134999976, -23.515543235308954], [-50.68835860099995, -23.515427647308982], [-50.68829157799996, -23.515310387308958], [-50.68815976399998, -23.51527161230901], [-50.68815780499995, -23.515270772308963], [-50.688156099999965, -23.515269495309013], [-50.68804392199996, -23.51516251430897], [-50.68804263499993, -23.515160978309012], [-50.688041720999934, -23.515159194309], [-50.68803149099995, -23.515132184308996], [-50.688031009999975, -23.515130345309014], [-50.68803092599995, -23.51512844630897], [-50.688031243999944, -23.515126572309004], [-50.688031948999935, -23.51512480730898], [-50.68803300999997, -23.51512322930901], [-50.68805775799996, -23.515093729308976], [-50.688062326999955, -23.514967475309014], [-50.68806240599997, -23.514966569308992], [-50.688078114999946, -23.514852968308986], [-50.688053105999984, -23.514663001309014], [-50.68805303999994, -23.514661389308998], [-50.68806081499997, -23.514502668309007], [-50.688061010999945, -23.514501190309012], [-50.68807620399998, -23.514431633308995], [-50.68807705499995, -23.514357694309002], [-50.68807724299995, -23.514355966309026], [-50.68807775999994, -23.514354307309002], [-50.68807858699995, -23.514352778309025], [-50.688246379999946, -23.514103732309017], [-50.68833630599995, -23.51384686830902], [-50.68834096999996, -23.51371079430901], [-50.68834098099995, -23.513710561309036], [-50.68835352799994, -23.513502533309012], [-50.688326961999955, -23.513039969309045], [-50.688223102999984, -23.512615139309073], [-50.68822284699996, -23.512613126309038], [-50.688223049999976, -23.51261110630903], [-50.68822370099998, -23.512609183309014], [-50.688340351999955, -23.51236114430904], [-50.68834131899996, -23.512359545309067], [-50.68859836399997, -23.51202001530906], [-50.68868876299996, -23.511309523309066], [-50.68855538799994, -23.511273614309058], [-50.688554773999954, -23.511273425309064], [-50.688068623999975, -23.511104471309064], [-50.68806727199996, -23.511103873309075], [-50.687774548999975, -23.51094423430908], [-50.68777307999995, -23.510943233309092], [-50.68777183799995, -23.51094196230907], [-50.68777086899996, -23.510940472309077], [-50.68754137499997, -23.510496380309068], [-50.68732330199998, -23.510428010309067], [-50.68701130199997, -23.510431490309102], [-50.687009657999965, -23.510431357309084], [-50.687008064999986, -23.510430925309112], [-50.68623082199997, -23.510141283309082], [-50.68622928299994, -23.510140536309073], [-50.68622791499997, -23.510139511309113], [-50.68622676499995, -23.510138245309097], [-50.68622587599997, -23.510136784309076], [-50.686225278999984, -23.510135181309085], [-50.686224997999936, -23.51013349530913], [-50.68622504099994, -23.510131785309078], [-50.68625702999998, -23.509867600309093], [-50.68619122499996, -23.509447643309137], [-50.686191116999964, -23.509446179309105], [-50.68619429199998, -23.50905772230912], [-50.68601946599995, -23.508775760309163], [-50.685607241999946, -23.508896949309122], [-50.685605528999986, -23.508897276309128], [-50.68560378499996, -23.508897266309123], [-50.68560207599995, -23.508896919309112], [-50.68560046599998, -23.508896249309142], [-50.68559901599996, -23.508895280309147], [-50.685597780999956, -23.508894049309156], [-50.68530563199994, -23.508540160309114], [-50.68475639899998, -23.508476594309116], [-50.684755490999976, -23.50847644230914], [-50.68429259699997, -23.508373995309118], [-50.68429120999997, -23.50837356830915], [-50.683993606999934, -23.508254875309152], [-50.68399137399996, -23.508253587309127], [-50.68369228199999, -23.50801788630913], [-50.68309877199993, -23.507744666309147], [-50.68309864699995, -23.50774460830913], [-50.68280861699997, -23.507605681309172], [-50.682463150999986, -23.50745550130917], [-50.682461970999945, -23.50745488030915], [-50.682120563999945, -23.507241465309196], [-50.68174561799998, -23.507149772309194], [-50.68174393499999, -23.50714917830917], [-50.68174240299993, -23.507148263309187], [-50.681741080999984, -23.50714706230915], [-50.681740022999975, -23.507145625309168], [-50.68173927099997, -23.507144006309176], [-50.681476101999976, -23.50638985130916], [-50.68147568799998, -23.506388140309166], [-50.681475614999954, -23.506386380309195], [-50.681475886999976, -23.506384641309182], [-50.68147649399998, -23.506382987309156], [-50.681477410999946, -23.5063814843092], [-50.681478603999956, -23.5063801883092], [-50.681480025999974, -23.5063791513092], [-50.68148162399996, -23.506378410309193], [-50.681483335999985, -23.50637799630918], [-50.68148509499997, -23.506377923309174], [-50.68148683499993, -23.506378195309193], [-50.681488487999964, -23.50637880230919], [-50.68148999199996, -23.50637971930915], [-50.68149128699997, -23.506380912309154], [-50.681492324999965, -23.506382334309183], [-50.681493064999984, -23.506383932309173], [-50.681754625999986, -23.507133479309147], [-50.68212623399995, -23.507224356309138], [-50.68212759199997, -23.50722480530916], [-50.68212886199996, -23.50722546430919], [-50.68247092699994, -23.507439291309172], [-50.68281592999995, -23.507589270309182], [-50.68281622999996, -23.50758940730915], [-50.68310634699998, -23.50772837530913], [-50.683700761999944, -23.508002012309145], [-50.683702565999965, -23.508003116309123], [-50.68400147199997, -23.508238670309147], [-50.684297189999945, -23.508356610309146], [-50.684758922999954, -23.508458800309143], [-50.68531128999996, -23.50852272930916], [-50.685312968999945, -23.508523088309122], [-50.68531454799996, -23.50852376030912], [-50.68531597099997, -23.508524720309133], [-50.685317184999974, -23.508525933309155], [-50.68560786199998, -23.50887804030912], [-50.68602096199998, -23.50875659430915], [-50.686022598999955, -23.50875627430912], [-50.68602426699994, -23.50875626230914], [-50.68602590799998, -23.50875655930911], [-50.68602746599998, -23.508757154309137], [-50.68602888799995, -23.508758027309106], [-50.686030122999966, -23.50875914830914], [-50.68603112999995, -23.50876047830911], [-50.68621093099995, -23.50905046330909], [-50.686211679999985, -23.509051971309123], [-50.68621213499995, -23.509053592309144], [-50.68621227899996, -23.509055270309133], [-50.68620908899993, -23.50944558930909], [-50.68627497299997, -23.50986605130911], [-50.68627501599997, -23.50986852230912], [-50.68624372699998, -23.510126919309094], [-50.687012772999935, -23.510413506309096], [-50.68732452799998, -23.510410029309085], [-50.68732593799996, -23.51041012430911], [-50.68732731499995, -23.510410440309123], [-50.68755032399997, -23.51048035630909], [-50.68755195299996, -23.51048105030907], [-50.68755341499997, -23.51048205130908], [-50.68755465299995, -23.51048331830908], [-50.68755561699993, -23.51048480430911], [-50.68778556699994, -23.510929779309095], [-50.68807522299995, -23.511087744309066], [-50.68856036899996, -23.51125634930906], [-50.688700997999945, -23.511294211309053], [-50.68870271399993, -23.511294868309108], [-50.688704260999934, -23.51129586030907], [-50.688705572999936, -23.511297146309055], [-50.688706596999964, -23.511298672309064], [-50.688707287999925, -23.511300374309087], [-50.688707617999974, -23.511302182309063], [-50.68870757399997, -23.511304019309083], [-50.688662087999944, -23.51166151830908], [-50.68882970399994, -23.511645308309063], [-50.68948196499997, -23.51157398230906], [-50.689870363999944, -23.511472528309053], [-50.68987240999996, -23.511472239309043], [-50.69052046599995, -23.511456042309074], [-50.691061699999985, -23.511388065309056], [-50.69106240999997, -23.511388004309076], [-50.69221269199994, -23.51133554030906], [-50.69221327999998, -23.511335532309083], [-50.69256447699996, -23.511342487309093]]], [[[-50.711751000999975, -23.528238975308692], [-50.71181985199996, -23.528179759308692], [-50.711821293999954, -23.5281787473087], [-50.71182290499996, -23.528178036308727], [-50.711824622999984, -23.528177652308692], [-50.71182638399995, -23.528177612308703], [-50.711828117999964, -23.52817791530869], [-50.71182976099993, -23.52817855230872], [-50.711831246999964, -23.528179496308674], [-50.71183252099997, -23.528180712308725], [-50.71183353199996, -23.528182153308716], [-50.711834243999924, -23.528183764308682], [-50.71183462699997, -23.528185483308683], [-50.71183466799994, -23.52818724330873], [-50.71183436399997, -23.528188978308673], [-50.71183372799994, -23.528190620308706], [-50.71183278399997, -23.52819210730867], [-50.71183156799998, -23.528193380308686], [-50.71176424299995, -23.528251283308695], [-50.71171807499997, -23.528354815308667], [-50.71171744399993, -23.5283559893087], [-50.71171664599996, -23.528357055308682], [-50.71155437599998, -23.528543442308663], [-50.71148633099995, -23.528630590308705], [-50.71149463899997, -23.52864836230868], [-50.711495229999976, -23.52865004430869], [-50.711495476999964, -23.52865180930866], [-50.711495370999955, -23.52865358930871], [-50.711494914999946, -23.528655312308675], [-50.71149412799998, -23.5286569123087], [-50.711493040999976, -23.528658325308704], [-50.71149169599994, -23.528659495308663], [-50.71149014599995, -23.528660377308658], [-50.71148845299996, -23.52866093530867], [-50.711460011999975, -23.52866726730866], [-50.71134361099996, -23.528728989308664], [-50.71125267699995, -23.528817490308654], [-50.71125105099998, -23.52881874530869], [-50.71124918299995, -23.528819598308697], [-50.71106871899997, -23.52887812430868], [-50.71106718999993, -23.52887847630871], [-50.71106562399996, -23.52887855630866], [-50.71106406699994, -23.528878363308706], [-50.71100277599999, -23.528865239308697], [-50.71099879299992, -23.528914800308655], [-50.71099850799993, -23.528916433308677], [-50.71099792799998, -23.52891798630867], [-50.71097805999995, -23.528959134308696], [-50.71097003299996, -23.529022473308657], [-50.71096988299997, -23.52902332430869], [-50.71096226499998, -23.529057018308663], [-50.71096171699997, -23.529058674308654], [-50.710960858999954, -23.529060193308677], [-50.710959723999956, -23.52906151730867], [-50.710958353999956, -23.529062597308666], [-50.71090474899995, -23.529096994308695], [-50.71087186699997, -23.529125456308687], [-50.710870476999965, -23.529126445308677], [-50.71086892499994, -23.529127153308707], [-50.71086726699997, -23.52912755530865], [-50.71080272699999, -23.52913684130867], [-50.710801010999944, -23.529136922308677], [-50.71079931099995, -23.529136675308678], [-50.71079768799996, -23.529136108308695], [-50.71079620399997, -23.529135243308694], [-50.71079491099994, -23.52913411130867], [-50.71079385799993, -23.529132754308694], [-50.710793081999945, -23.52913122130865], [-50.710778647999966, -23.529094313308686], [-50.70980066799996, -23.528858723308698], [-50.70966168599995, -23.529046155308656], [-50.70966336899994, -23.529157297308693], [-50.70966324399996, -23.52915893330868], [-50.70966282399996, -23.52916051830868], [-50.70966212199994, -23.529162001308684], [-50.709661161999975, -23.529163331308666], [-50.70965997699995, -23.529164465308664], [-50.70965860499996, -23.5291653643087], [-50.70965709199998, -23.529165999308695], [-50.709496480999974, -23.52921672230865], [-50.70936850199996, -23.52934664930869], [-50.709267014999966, -23.529475147308673], [-50.709266095999965, -23.529476145308696], [-50.70910984699998, -23.52962203430864], [-50.709042205999936, -23.529720830308673], [-50.709040993999956, -23.52972225630866], [-50.70903951299993, -23.52972339930868], [-50.709037826999975, -23.529724211308668], [-50.70890647399995, -23.529771328308676], [-50.708696957999955, -23.529873705308635], [-50.70855730899996, -23.529969969308667], [-50.70852399299997, -23.530087033308664], [-50.70852336699994, -23.530088633308676], [-50.70852244799993, -23.530090085308675], [-50.70852126899997, -23.530091334308644], [-50.70851987399993, -23.53009233730867], [-50.708417338999936, -23.53015205730864], [-50.70836481699996, -23.53021901830865], [-50.708363449999986, -23.53022041730863], [-50.70823453899993, -23.530326264308634], [-50.70823294699994, -23.530327310308646], [-50.70823116999998, -23.530327996308667], [-50.70822928899997, -23.53032829330865], [-50.708227386999965, -23.53032818630865], [-50.70822555099994, -23.530327681308638], [-50.70814988199998, -23.530297927308677], [-50.70807340699997, -23.530310652308643], [-50.70804011499996, -23.53033790030863], [-50.70803920199995, -23.53033855730868], [-50.70780401199993, -23.530486211308663], [-50.707749793999945, -23.53052526830863], [-50.70755488899994, -23.53067301030866], [-50.70740896099994, -23.530976314308663], [-50.70740796399997, -23.530977925308612], [-50.70740665099999, -23.530979292308647], [-50.70740508099993, -23.53098035230864], [-50.70700617899996, -23.531192299308607], [-50.70662801199995, -23.531639635308625], [-50.70662678499997, -23.531640833308636], [-50.70662535299994, -23.53164177630861], [-50.70662376699995, -23.531642429308633], [-50.70576141099997, -23.531904887308585], [-50.70476707199998, -23.532249779308625], [-50.70476669599998, -23.532249900308607], [-50.70423792999998, -23.532407622308632], [-50.704236381999976, -23.532407939308577], [-50.704234800999984, -23.532407979308612], [-50.703972156999946, -23.532391536308623], [-50.703420642999966, -23.53251072030858], [-50.703419159999946, -23.53251091330859], [-50.70269043999997, -23.532544626308585], [-50.70236138399997, -23.532724822308605], [-50.702359264999984, -23.532725654308607], [-50.70150093099995, -23.5329420233086], [-50.70075797099997, -23.533338357308597], [-50.700685772999975, -23.533391215308544], [-50.70068574399994, -23.533391236308564], [-50.70057739699996, -23.53346989430856], [-50.700577080999956, -23.533470114308567], [-50.70048082999995, -23.533533874308553], [-50.70037185999996, -23.53360939130858], [-50.70037022199994, -23.533610290308573], [-50.70036843299994, -23.533610831308593], [-50.70036657099996, -23.533610989308567], [-50.700286508999966, -23.533609460308583], [-50.70021824699995, -23.533637746308564], [-50.70021670699998, -23.533638227308593], [-50.700215104999984, -23.533638425308602], [-50.70021349399997, -23.533638333308552], [-50.70012831599996, -23.53362573630859], [-50.700020278999936, -23.53365406030856], [-50.69996227699994, -23.53372964730858], [-50.69996092799994, -23.53373105730857], [-50.69989942099994, -23.533782721308576], [-50.69989800899997, -23.53378369330859], [-50.699896438999986, -23.533784379308543], [-50.69989476599994, -23.533784755308545], [-50.69989305299998, -23.533784806308567], [-50.69984469099995, -23.53378162330859], [-50.69976163699994, -23.533827942308566], [-50.69975990899996, -23.53382868130859], [-50.69968740899998, -23.533851041308598], [-50.69958732899995, -23.533903656308564], [-50.69951359899994, -23.533971827308562], [-50.69945946499997, -23.534050954308558], [-50.69945833299994, -23.534052303308545], [-50.699456958999974, -23.53405340530854], [-50.69945539699996, -23.534054218308533], [-50.699453705999986, -23.53405471130856], [-50.69945195199995, -23.534054865308573], [-50.69945020199999, -23.534054673308553], [-50.699448521999955, -23.534054143308598], [-50.69944697799997, -23.53405329630857], [-50.69944562899996, -23.534052164308534], [-50.69944452699997, -23.534050791308562], [-50.699443713999976, -23.534049228308554], [-50.69944322099997, -23.534047538308585], [-50.69944306799993, -23.534045783308546], [-50.699443259999946, -23.534044033308586], [-50.699443788999986, -23.534042353308553], [-50.69944463599995, -23.53404081030857], [-50.69949934299996, -23.533960846308567], [-50.69950065799998, -23.53395932330858], [-50.69957600099997, -23.53388966030854], [-50.69957791999997, -23.533888305308547], [-50.69967978599993, -23.533834751308568], [-50.69968131899998, -23.533834118308572], [-50.69975371099997, -23.533811791308548], [-50.69983825799994, -23.533764639308576], [-50.69983983099997, -23.53376395030859], [-50.699841506999974, -23.533763572308537], [-50.69984322299995, -23.533763521308565], [-50.69989062999997, -23.533766641308546], [-50.699948620999976, -23.533717931308562], [-50.70000789799997, -23.533640682308548], [-50.70000926299996, -23.533639259308597], [-50.700010904999935, -23.533638168308585], [-50.70001274599996, -23.533637461308565], [-50.700125534999984, -23.533607891308577], [-50.70012732199996, -23.53360761130859], [-50.700129127999965, -23.533607694308557], [-50.700213664999985, -23.533620197308565], [-50.70028136499997, -23.533592144308564], [-50.70028313499996, -23.53359161630858], [-50.70028497499993, -23.533591461308575], [-50.700364011999966, -23.533592971308565], [-50.70047067399997, -23.533519053308577], [-50.70047082899998, -23.533518948308604], [-50.70056699799994, -23.533455242308555], [-50.700675174999965, -23.53337670830861], [-50.700747872999955, -23.533323484308617], [-50.70074895199997, -23.53332280630857], [-50.70149344399994, -23.532925655308613], [-50.701495475999934, -23.532924870308616], [-50.70235376099998, -23.532708513308616], [-50.70268363399998, -23.5325278703086], [-50.70268552099998, -23.532527100308616], [-50.70268753299996, -23.532526775308583], [-50.70341758099994, -23.53249300130861], [-50.70396957799994, -23.532373713308605], [-50.70397203699997, -23.532373527308593], [-50.70423432699994, -23.53238994830858], [-50.70476137199995, -23.532232740308626], [-50.705755685999975, -23.53188785630862], [-50.705756014999956, -23.531887749308606], [-50.706616001999976, -23.531626013308646], [-50.706993574999956, -23.53117937930864], [-50.70699479599994, -23.531178186308654], [-50.70699622099994, -23.531177245308644], [-50.70739404899996, -23.530965869308616], [-50.70753963899995, -23.530663267308633], [-50.70754077899994, -23.530661476308648], [-50.70754230699998, -23.530660003308654], [-50.707739027999935, -23.53051088530864], [-50.70773920399996, -23.53051075530864], [-50.70779374299997, -23.530471466308622], [-50.70779421699996, -23.530471147308646], [-50.708029171999954, -23.53032364030863], [-50.70806387999995, -23.53029523230864], [-50.70806516699997, -23.53029435330867], [-50.70806658599997, -23.530293710308644], [-50.70806809499993, -23.530293322308662], [-50.70814938299998, -23.530279796308637], [-50.708150991999965, -23.530279676308645], [-50.70815259599993, -23.530279845308623], [-50.70815414499998, -23.53028029830866], [-50.708227214999965, -23.530309030308633], [-50.70835128799996, -23.53020715630864], [-50.70840426399996, -23.530139616308666], [-50.70840543199995, -23.530138386308664], [-50.70840681099998, -23.53013739830865], [-50.708507703999935, -23.53007863430864], [-50.70854091299998, -23.52996194630866], [-50.70854146299997, -23.52996050030865], [-50.70854225299997, -23.52995916930863], [-50.70854325999994, -23.529957994308656], [-50.70854445399993, -23.529957009308678], [-50.708687312999984, -23.52985853230869], [-50.708688467999934, -23.529857857308667], [-50.70889903099993, -23.52975496930865], [-50.70889994199996, -23.529754584308684], [-50.70902902399997, -23.52970828130865], [-50.709095580999985, -23.529611068308654], [-50.70909686299996, -23.52960957730867], [-50.70925333699995, -23.52946347730869], [-50.70935470799998, -23.52933512830866], [-50.70935535799998, -23.529334392308666], [-50.709485246999975, -23.529202524308683], [-50.709486955999985, -23.529201166308663], [-50.70948894199995, -23.529200261308684], [-50.709645302999945, -23.529150881308674], [-50.709643674999946, -23.529043385308682], [-50.709643857999936, -23.529041441308664], [-50.709644455999985, -23.529039583308702], [-50.70964544199995, -23.529037898308662], [-50.70978977699997, -23.52884324730865], [-50.70979094999995, -23.528841951308664], [-50.709792350999976, -23.52884090730868], [-50.709793927999954, -23.52884015430868], [-50.70979562099995, -23.528839720308664], [-50.70979736599998, -23.528839623308663], [-50.709799096999966, -23.528839865308665], [-50.71078741099996, -23.529077944308707], [-50.710789041999924, -23.529078507308657], [-50.710790533999955, -23.52907937230866], [-50.71079183499995, -23.529080506308663], [-50.710792893999944, -23.52908186730866], [-50.710793672999955, -23.529083406308697], [-50.710807218999946, -23.52911804330869], [-50.710862100999975, -23.52911014730869], [-50.710893477999946, -23.52908298930866], [-50.710894504999935, -23.529082220308677], [-50.71094555299993, -23.52904946430868], [-50.71095226399996, -23.529019784308662], [-50.710960419999935, -23.528955420308698], [-50.710960718999964, -23.528953998308673], [-50.710961242999986, -23.52895264330868], [-50.71098101899997, -23.528911686308675], [-50.71098568799994, -23.528853591308692], [-50.710985982999944, -23.52885192130868], [-50.71098658599993, -23.528850336308665], [-50.71098747599995, -23.528848893308698], [-50.710988621999945, -23.52884764230867], [-50.71098998299993, -23.528846630308696], [-50.710991508999946, -23.528845891308663], [-50.710993146999954, -23.528845452308705], [-50.710994838999966, -23.528845329308698], [-50.710996522999956, -23.528845526308658], [-50.71106546999994, -23.528860290308675], [-50.71124164799994, -23.528803154308658], [-50.71133200199995, -23.528715217308676], [-50.71133405899996, -23.52871371930866], [-50.71145266699994, -23.52865082630872], [-50.71145492299996, -23.528649994308694], [-50.71147362299996, -23.528645830308683], [-50.71146772199996, -23.5286332083087], [-50.71146716499993, -23.5286316603087], [-50.711466898999966, -23.528630037308687], [-50.71146693399999, -23.52862839330869], [-50.71146726799997, -23.528626782308674], [-50.71146788999994, -23.528625259308683], [-50.71146877899997, -23.52862387530871], [-50.71154036299998, -23.52853219530868], [-50.71154066799994, -23.528531825308683], [-50.71170221299997, -23.528346271308703], [-50.71174865499995, -23.528242127308673], [-50.71174965299997, -23.52824042130869], [-50.711751000999975, -23.528238975308692]]]]}, "properties": {"objectid": 8969551, "cod_tema": "RIO_ATE_10", "nom_tema": "Curso d'agua natural de ate 10 metros", "cod_imovel": "PR-4126009-7FEDD275284C47D991768AEB3F21B0B2", "ind_status": "AT", "des_condic": "Aguardando analise", "Shape__Area": 1.2468692706683975e-06, "Shape__Length": 0.1388212851231702}}, {"type": "Feature", "id": 8969552, "geometry": {"type": "MultiPolygon", "coordinates": [[[[-50.710782648999945, -23.528798630308707], [-50.71070336899999, -23.529125666308683], [-50.71023192999996, -23.529270433308668], [-50.70997776699994, -23.52922101030866], [-50.70989704699996, -23.528818649308672], [-50.710213529999976, -23.528738911308665], [-50.710782648999945, -23.528798630308707]]], [[[-50.69906760599997, -23.52226200230886], [-50.69862515999995, -23.522848298308833], [-50.69820182099994, -23.522991542308795], [-50.69820829899999, -23.522849265308842], [-50.69824640399998, -23.52253518430885], [-50.698527410999986, -23.52242159330886], [-50.69887965799995, -23.52206715830884], [-50.69906760599997, -23.52226200230886]]], [[[-50.692794641999974, -23.5112653543091], [-50.69298557899998, -23.511231597309063], [-50.69312055399997, -23.511157431309073], [-50.69318204099994, -23.511172829309082], [-50.69355189799995, -23.511099845309104], [-50.693691986999966, -23.511158783309092], [-50.69367870299993, -23.51132713230908], [-50.69357178499995, -23.51143915530906], [-50.693356951999924, -23.51148232830905], [-50.69321493299997, -23.511505252309057], [-50.692967926999984, -23.51150348630908], [-50.69279872099997, -23.511458804309083], [-50.692794641999974, -23.5112653543091]]]]}, "properties": {"objectid": 8969552, "cod_tema": "LAGO_NATURAL", "nom_tema": "Lago ou lagoa natural", "cod_imovel": "PR-4126009-7FEDD275284C47D991768AEB3F21B0B2", "ind_status": "AT", "des_condic": "Aguardando analise", "Shape__Area": 9.756919894888817e-07, "Shape__Length": 0.007353833892413529}}, {"type": "Feature", "id": 9000258, "geometry": {"type": "Polygon", "coordinates": [[[-50.66609144199998, -23.51456353030901], [-50.66628456099994, -23.51456353030901], [-50.666289818999985, -23.51456404830899], [-50.66629487399996, -23.51456558230903], [-50.66629953299997, -23.514568072309004], [-50.666303616999976, -23.514571424308976], [-50.66630696899995, -23.514575508308997], [-50.66630945899993, -23.514580167309], [-50.66631099299996, -23.514585222309027], [-50.66631151099995, -23.51459048030902], [-50.66631099299997, -23.514595738309012], [-50.66630945899993, -23.514600793308976], [-50.66630696899994, -23.514605452308988], [-50.666303616999976, -23.514609536309006], [-50.66629953299997, -23.51461288830902], [-50.66629487399996, -23.514615378309006], [-50.666289818999985, -23.514616912308988], [-50.66628456099994, -23.514617429308974], [-50.66609144199998, -23.514617429308974], [-50.66608618499998, -23.514616912308973], [-50.666081128999956, -23.514615378309006], [-50.66607646999995, -23.51461288830903], [-50.66607238599994, -23.514609536309006], [-50.666069033999975, -23.514605452308988], [-50.66606654399993, -23.514600793308976], [-50.666065009999954, -23.514595738309012], [-50.66606449299996, -23.51459048030902], [-50.666065009999954, -23.514585222309027], [-50.666066543999925, -23.514580167309], [-50.666069033999975, -23.514575508308997], [-50.66607238599994, -23.51457142430898], [-50.66607646999995, -23.514568072309004], [-50.66608112899996, -23.51456558230903], [-50.66608618499998, -23.51456404830899], [-50.66609144199998, -23.51456353030901]]]}, "properties": {"objectid": 9000258, "cod_tema": "RIO_ATE_10", "nom_tema": "Curso d'agua natural de ate 10 metros", "cod_imovel": "PR-4124301-6EBACAEFF17C487D9D1887E3435B6B4B", "ind_status": "AT", "des_condic": "Analisado, aguardando regularizacao ambiental (Lei n 12.651/2012)", "Shape__Area": 1.2675957206911276e-08, "Shape__Length": 0.000555295086328015}}, {"type": "Feature", "id": 9000259, "geometry": {"type": "Polygon", "coordinates": [[[-50.66606998399994, -23.51435437030902], [-50.66604852699999, -23.514728210309013], [-50.665705203999956, -23.51541686130896], [-50.66358089399995, -23.516007130309], [-50.66317319899998, -23.515830049309], [-50.66321611399997, -23.515220104308998], [-50.66368818299997, -23.513527983309025], [-50.665662288999954, -23.513921501309014], [-50.66606998399994, -23.51435437030902]]]}, "properties": {"objectid": 9000259, "cod_tema": "LAGO_NATURAL", "nom_tema": "Lago ou lagoa natural", "cod_imovel": "PR-4124301-6EBACAEFF17C487D9D1887E3435B6B4B", "ind_status": "AT", "des_condic": "Analisado, aguardando regularizacao ambiental (Lei n 12.651/2012)", "Shape__Area": 5.0439789284649534e-06, "Shape__Length": 0.008768997068417547}}, {"type": "Feature", "id": 9015607, "geometry": {"type": "Polygon", "coordinates": [[[-50.65297103799998, -23.493422112309467], [-50.652869631999984, -23.49321855330948], [-50.65286900499996, -23.493216907309492], [-50.65286871099994, -23.493215171309487], [-50.65286876199997, -23.493213410309465], [-50.65286915499997, -23.49321169430949], [-50.652869874999965, -23.493210087309485], [-50.65287089499998, -23.493208651309498], [-50.65287217499997, -23.493207442309494], [-50.65287366699994, -23.493206506309505], [-50.65287531299998, -23.49320587930948], [-50.652877048999976, -23.493205586309497], [-50.65287880899996, -23.493205636309483], [-50.65288052599993, -23.493206029309487], [-50.652882132999935, -23.493206749309476], [-50.652883567999936, -23.4932077693095], [-50.65288477699994, -23.493209050309474], [-50.65288571299993, -23.493210542309498], [-50.65298638599995, -23.493412628309496], [-50.65309650299997, -23.493514494309462], [-50.653269827999964, -23.493629966309463], [-50.65342035199995, -23.49368177030948], [-50.65359074799994, -23.493645434309485], [-50.653592655999944, -23.493645237309458], [-50.653594562999956, -23.49364544930949], [-50.65359637999996, -23.493646061309498], [-50.65376936499995, -23.493725746309448], [-50.653884545999965, -23.493651279309454], [-50.65388606899995, -23.49365048930945], [-50.65406144099995, -23.493579916309496], [-50.65406262699997, -23.493579532309457], [-50.65429402399997, -23.493521985309478], [-50.654294472999936, -23.493521886309455], [-50.65439124999995, -23.49350301830947], [-50.65445843899994, -23.493466108309462], [-50.654471323999985, -23.493448407309472], [-50.654472532999925, -23.493447057309485], [-50.65447398899994, -23.493445977309474], [-50.65447563099997, -23.493445211309503], [-50.654477393999976, -23.49344479030947], [-50.65447920499997, -23.493444732309452], [-50.65448099099996, -23.493445038309453], [-50.654482679999944, -23.493445697309483], [-50.654484200999946, -23.493446681309486], [-50.65448549499997, -23.49344795030947], [-50.65455394999998, -23.493530285309465], [-50.654628927999966, -23.493561861309498], [-50.654629641999975, -23.49356219930944], [-50.65477463499997, -23.49363890130945], [-50.654896676999954, -23.493639171309496], [-50.655028250999976, -23.493582151309443], [-50.655030059999945, -23.49358158530946], [-50.65503194699994, -23.49358141130949], [-50.65503382899993, -23.493581637309493], [-50.655035621999964, -23.493582253309444], [-50.65503724499996, -23.493583231309465], [-50.65511417499994, -23.493641461309494], [-50.65511529399999, -23.493642466309492], [-50.65530397599997, -23.493842869309493], [-50.65530432999998, -23.493843268309483], [-50.655423087999964, -23.49398545630947], [-50.65542409799997, -23.49398694730943], [-50.65554254399995, -23.494206343309475], [-50.65564973499993, -23.49438236130945], [-50.65578467499995, -23.494470970309443], [-50.65578570399999, -23.49447175730948], [-50.65589071699998, -23.494564850309448], [-50.65600452299998, -23.494629670309422], [-50.65600611399998, -23.49463082330945], [-50.65600741599996, -23.49463229530946], [-50.65600836699997, -23.494634014309465], [-50.65604474099997, -23.494721138309465], [-50.65604525699996, -23.494722822309456], [-50.656045434999946, -23.494724574309455], [-50.65604526699997, -23.494726327309444], [-50.656044760999976, -23.494728013309473], [-50.65604393499996, -23.494729569309442], [-50.65604282099997, -23.49473093330945], [-50.65604146299995, -23.494732054309424], [-50.65603991299997, -23.494732889309454], [-50.65603822899993, -23.49473340530946], [-50.65603647699999, -23.49473358230947], [-50.65603472399994, -23.49473341430941], [-50.65603303699999, -23.49473290830943], [-50.656031481999946, -23.49473208230947], [-50.65603011699994, -23.49473096930947], [-50.656028995999975, -23.49472961130945], [-50.656028161999984, -23.494728060309438], [-50.655992967999964, -23.494643765309455], [-50.65588101199995, -23.49457999830944], [-50.65587949899999, -23.49457891530946], [-50.655774270999984, -23.494485631309463], [-50.65563818399994, -23.494396269309476], [-50.65563665499996, -23.494395003309457], [-50.65563544199995, -23.494393433309458], [-50.65552707799998, -23.494215488309447], [-50.65552684499994, -23.49421508430945], [-50.655408717999926, -23.493996279309485], [-50.65529071199995, -23.493854990309494], [-50.655102730999936, -23.493655331309462], [-50.65503058299998, -23.493600721309456], [-50.65490210299998, -23.493656401309458], [-50.65490034499993, -23.493656957309486], [-50.65489851099994, -23.493657142309477], [-50.65477237599998, -23.493656862309482], [-50.65477022199997, -23.493656595309446], [-50.654768194999974, -23.493655820309467], [-50.654621589999984, -23.493578265309452], [-50.65454495699998, -23.493545993309446], [-50.65454309399996, -23.4935449303095], [-50.65454153599995, -23.493543457309492], [-50.65447905799994, -23.493468311309464], [-50.654471783999945, -23.493478303309473], [-50.654470457999935, -23.49347975830949], [-50.65446884699998, -23.49348088930946], [-50.654398670999974, -23.493519440309445], [-50.65439740499994, -23.493520013309478], [-50.65439606499996, -23.493520384309466], [-50.654298136999955, -23.493539476309465], [-50.65406756899995, -23.493596816309484], [-50.653893575999966, -23.49366683530945], [-50.65377497099996, -23.493743516309454], [-50.65377336599994, -23.493744338309448], [-50.65377162899995, -23.493744823309488], [-50.65376982999993, -23.493744951309438], [-50.65376804099998, -23.493744717309472], [-50.65376633599993, -23.49374413130948], [-50.65359157499994, -23.493663628309477], [-50.65342165999994, -23.49369986130949], [-50.65342005299993, -23.493700054309507], [-50.653418435999974, -23.493699956309452], [-50.65341686399996, -23.493699569309445], [-50.65326288699999, -23.493646577309494], [-50.65326082999997, -23.49364555930946], [-50.653085946999965, -23.493529049309476], [-50.653084827999976, -23.493528168309464], [-50.65297297799998, -23.493424700309497], [-50.652971890999936, -23.493423494309464], [-50.65297103799998, -23.493422112309467]]]}, "properties": {"objectid": 9015607, "cod_tema": "RIO_ATE_10", "nom_tema": "Curso d'agua natural de ate 10 metros", "cod_imovel": "PR-4124301-5223911747FD4B878118F1823D609DD6", "ind_status": "AT", "des_condic": "Analisado, aguardando atendimento a notificacao", "Shape__Area": 7.341548034513846e-08, "Shape__Length": 0.008196283331280915}}]}