{"type": "FeatureCollection", "features": [{"type": "Feature", "id": 11, "geometry": {"type": "Polygon", "coordinates": [[[-50.996742618999974, -22.80323331932517], [-51.005410412999936, -22.798007483325325], [-51.01244530499997, -22.79936590932525], [-51.01324756599996, -22.799823551325257], [-51.01438195999998, -22.800588306325228], [-51.01592882899996, -22.801161798325204], [-51.01716635799994, -22.801830916325212], [-51.01799146299993, -22.802882498325186], [-51.018404104999945, -22.804029731325148], [-51.01984793299994, -22.80479441032512], [-51.021291657999946, -22.804794224325157], [-51.02294166099994, -22.804985208325125], [-51.02459190999997, -22.806514667325114], [-51.02552026199998, -22.807757407325052], [-51.02593298099998, -22.80890461832507], [-51.02596796199998, -22.809179859325052], [-51.02602504799995, -22.80925978832503], [-51.02721292199994, -22.810501496325006], [-51.028015885999935, -22.81121897432502], [-51.02819232799993, -22.811279971325003], [-51.02967739399998, -22.811793379325007], [-51.03078618799998, -22.81251021832494], [-51.03143089499997, -22.81315543532492], [-51.03178689899993, -22.81377394132494], [-51.03195582899997, -22.813912267324945], [-51.03238853399995, -22.814897955324927], [-51.03244976699994, -22.816445645324897], [-51.03282048899996, -22.817936090324864], [-51.03310100599998, -22.818795527324813], [-51.03341899499998, -22.819538397324802], [-51.03359721599997, -22.819954748324818], [-51.03463259899996, -22.82153359932475], [-51.03533767799996, -22.822198771324768], [-51.03604293099994, -22.8224787683247], [-51.03707439899995, -22.8228609563247], [-51.03841515099998, -22.82276503232471], [-51.03886643799996, -22.8230158863247], [-51.03888001899997, -22.823266438324715], [-51.038795551999954, -22.823815580324716], [-51.03857003199994, -22.824338609324666], [-51.038231663999966, -22.82483551732465], [-51.03809071399997, -22.825175486324685], [-51.03792155299993, -22.825502387324672], [-51.03782295499997, -22.825986159324653], [-51.037766601999984, -22.82622150932467], [-51.037735570999985, -22.826509787324635], [-51.03784550399996, -22.826944002324613], [-51.03800325199995, -22.82726782532463], [-51.03802354299995, -22.82736799532463], [-51.03847513399996, -22.82862271932458], [-51.039120038999954, -22.82957862432456], [-51.039571457999955, -22.83017605232455], [-51.04008732699998, -22.830713709324534], [-51.041118825999945, -22.830952461324554], [-51.04208586399994, -22.83119122432452], [-51.04279514099994, -22.83172882132451], [-51.04434244799996, -22.832206429324486], [-51.04556741999994, -22.83262436032448], [-51.04640564899996, -22.833161903324477], [-51.04724390399998, -22.833759196324458], [-51.04769545499993, -22.834595615324446], [-51.04814699099995, -22.835372280324417], [-51.04879197499997, -22.83626839132443], [-51.04988821499995, -22.837104606324402], [-51.05079088799994, -22.837462844324378], [-51.05195146099992, -22.837880746324345], [-51.05278983799997, -22.838657271324386], [-51.05356380499995, -22.839553320324363], [-51.05427326399996, -22.840329879324322], [-51.05517594699995, -22.840628338324336], [-51.05601411499998, -22.840807307324337], [-51.05691663099997, -22.84068748032433], [-51.05775530599993, -22.84206151532428], [-51.05820692399993, -22.842838151324266], [-51.05840076699996, -22.843853894324223], [-51.05807887199995, -22.84492958132422], [-51.05782149299995, -22.846124750324165], [-51.05788644499995, -22.847260048324145], [-51.05820913599996, -22.848036730324168], [-51.058145069999966, -22.8489928133241], [-51.05827439799998, -22.84988907232408], [-51.05827490699994, -22.851084147324052], [-51.05821096699999, -22.852338999324065], [-51.057759974999954, -22.85311596132402], [-51.057567002999974, -22.85419159932402], [-51.05743847999997, -22.855207458323953], [-51.057954740999946, -22.856282838323956], [-51.05840635599998, -22.856939964323963], [-51.05847116499996, -22.85771673832392], [-51.05860050299998, -22.858612996323913], [-51.05860083599998, -22.8593897943239], [-51.058343230999974, -22.86010693232385], [-51.05834358799995, -22.860943484323837], [-51.05821508899999, -22.86201909732383], [-51.058537893999976, -22.862975037323796], [-51.05879604299997, -22.863512725323783], [-51.058989790999924, -22.86422969632374], [-51.059441461999945, -22.864946572323745], [-51.06002212699997, -22.865723152323767], [-51.06047380899997, -22.866440024323744], [-51.060925442999974, -22.867037389323702], [-51.06131254499996, -22.86751526832371], [-51.06208654099998, -22.867992997323707], [-51.06298944999997, -22.868351164323702], [-51.06395693099994, -22.868888561323654], [-51.06415062999997, -22.869426265323636], [-51.064537749999936, -22.86990413832366], [-51.06473150899996, -22.87056134832362], [-51.06479641699997, -22.871457626323572], [-51.064869733999956, -22.871796545323573], [-51.06493718199994, -22.872359102323585], [-51.06547572599994, -22.87372064932354], [-51.06581574399997, -22.87429017232355], [-51.06631748799998, -22.87475468632353], [-51.06663884699998, -22.874990302323514], [-51.06725082799994, -22.87543899532351], [-51.06753559799996, -22.87562677232352], [-51.06782944999998, -22.87582054332352], [-51.06829200499994, -22.876327919323487], [-51.06868934299996, -22.87659969632349], [-51.06897617099997, -22.876795878323467], [-51.069635431999984, -22.877556605323438], [-51.07018898399997, -22.87807326032344], [-51.07045004399998, -22.87822916032347], [-51.07047807799995, -22.878245901323442], [-51.070885987999986, -22.878489502323458], [-51.07114137099996, -22.878631329323444], [-51.07196415799996, -22.878969728323426], [-51.07320261399997, -22.879542796323403], [-51.07464717999994, -22.879637731323392], [-51.07501347599999, -22.87950176832341], [-51.07648511799994, -22.878800703323435], [-51.07680336899995, -22.87911238132343], [-51.077062436999945, -22.87948703432342], [-51.07717605999994, -22.88014658832338], [-51.07730937399998, -22.880633130323403], [-51.077599953999936, -22.88118260232339], [-51.077835196999956, -22.881748170323387], [-51.07845589699997, -22.88312919032336], [-51.07887024399997, -22.88400721332332], [-51.07895806599999, -22.88419330732333], [-51.079913082999944, -22.884949881323276], [-51.08111721199999, -22.88530881632329], [-51.08177404199995, -22.885503606323308], [-51.08222722399996, -22.88577321632327], [-51.08260692099998, -22.88613168532325], [-51.08346459599995, -22.886845301323277], [-51.08365222899994, -22.887751293323216], [-51.08376889399994, -22.88860722932319], [-51.08394410599993, -22.888793019323227], [-51.08447830399996, -22.88922747632321], [-51.084920076999936, -22.88954790732318], [-51.08507722799993, -22.88966190032318], [-51.08553653599995, -22.89005758232315], [-51.085740029999954, -22.890232884323158], [-51.08648271099997, -22.89066515832319], [-51.087132874999945, -22.89090504432316], [-51.08760661799994, -22.890914898323135], [-51.08812515499994, -22.890925671323192], [-51.08825035099994, -22.89093583632318], [-51.08866406499993, -22.890969421323142], [-51.08889086199997, -22.890987827323134], [-51.08943052999996, -22.891038687323178], [-51.09032184499995, -22.89149293832312], [-51.09083247399996, -22.89195334132314], [-51.09094013999999, -22.892050413323155], [-51.09198370099995, -22.892587032323092], [-51.092959124999936, -22.89300418632313], [-51.09307657099998, -22.893054412323117], [-51.093707083999966, -22.893198572323108], [-51.09403478599996, -22.893267947323114], [-51.09423280799996, -22.89336901832312], [-51.094390009999984, -22.893550716323123], [-51.09464823499997, -22.894012322323093], [-51.09463618099994, -22.894279488323054], [-51.09449421499995, -22.89474975932309], [-51.094431863999944, -22.894956315323046], [-51.09433318399994, -22.89530602732304], [-51.094118771999945, -22.896271965323052], [-51.09411890399996, -22.896463637323013], [-51.094119015999986, -22.896629458323012], [-51.09411953699998, -22.897385055323017], [-51.09423088499995, -22.897907750322982], [-51.094278721999956, -22.897987744323007], [-51.09429529799996, -22.898076470323005], [-51.09433490899994, -22.898237478322972], [-51.094554005999946, -22.899127977322983], [-51.09458028999995, -22.89982109732296], [-51.09476135699999, -22.900514133322922], [-51.09489070399997, -22.901015979322935], [-51.09497480699997, -22.901062662322914], [-51.09514879599993, -22.901159234322936], [-51.09596678599996, -22.901663742322935], [-51.096077959999946, -22.901732311322924], [-51.096258819999946, -22.902114622322877], [-51.09637876799997, -22.902262576322872], [-51.09651177099994, -22.902426653322884], [-51.09672361299994, -22.902687970322912], [-51.096865236999975, -22.902794045322874], [-51.097158570999966, -22.903098929322866], [-51.09857949299993, -22.90447793132286], [-51.09985481399997, -22.905706628322825], [-51.100891279999985, -22.90682530132279], [-51.10156642199996, -22.907582938322776], [-51.102051828999954, -22.908127641322757], [-51.10210082899994, -22.90888464632277], [-51.102144729999964, -22.909562862322744], [-51.10212385699998, -22.91050231832268], [-51.10242203599995, -22.911694658322702], [-51.10324760199995, -22.91284019332266], [-51.103379459999985, -22.912893019322656], [-51.10338887399996, -22.912906079322664], [-51.10455042999997, -22.91356260432267], [-51.10564749399998, -22.914219164322642], [-51.10661570099995, -22.915055063322598], [-51.106938689999936, -22.915652377322587], [-51.107492615999945, -22.916676762322552], [-51.10732258599996, -22.917110887322576], [-51.10733661199998, -22.917647228322544], [-51.10764894899995, -22.91865328432251], [-51.10808146399996, -22.9203553323225], [-51.10832316699998, -22.920611207322498], [-51.109193620999974, -22.921399086322445], [-51.10952683199997, -22.92170068132244], [-51.109917795999934, -22.92205454832242], [-51.109750586999944, -22.923209619322428], [-51.10947061199993, -22.923889402322416], [-51.10911629299995, -22.924773379322406], [-51.10945031899997, -22.92548845932236], [-51.11005507699997, -22.926167627322368], [-51.11089719199999, -22.926826649322336], [-51.11184641799998, -22.927411980322347], [-51.11185881899996, -22.92741996532232], [-51.11280375299999, -22.92802839132229], [-51.11323055899994, -22.92825143632231], [-51.114237535999955, -22.9289916523223], [-51.11496049899995, -22.9295169563223], [-51.114969781999946, -22.92953361232225], [-51.11499288299996, -22.929575070322244], [-51.11501559499993, -22.92961582632228], [-51.115234774999976, -22.930009157322267], [-51.11539984099994, -22.930305381322263], [-51.115580817999955, -22.930711573322228], [-51.116097336999985, -22.93121311632225], [-51.116204997999944, -22.931302719322233], [-51.116499458999954, -22.931695309322222], [-51.11691467899993, -22.93175107432222], [-51.11780668899997, -22.93167875732225], [-51.11930344599995, -22.931270549322246], [-51.120201850999926, -22.931457092322223], [-51.12091013399998, -22.931627511322247], [-51.122509097999966, -22.932428015322216], [-51.12262290399997, -22.932430329322184], [-51.12347834499997, -22.93218750232223], [-51.125000787999966, -22.932138505322204], [-51.125522863999954, -22.932186444322213], [-51.12557170799994, -22.932190933322207], [-51.12577499499997, -22.932209601322192], [-51.12649774899995, -22.93244803932219], [-51.12709170699998, -22.932925587322174], [-51.127711630999954, -22.933570422322163], [-51.12807368799997, -22.934406673322147], [-51.12810859299998, -22.934554762322136], [-51.128203232999965, -22.934956295322134], [-51.12858239999997, -22.935186636322133], [-51.128599931999986, -22.935208255322138], [-51.12911563399996, -22.93567131732213], [-51.13054034599997, -22.935648168322118], [-51.13278644099995, -22.935651215322117], [-51.13384474699996, -22.936003439322146], [-51.13438250499996, -22.936283000322106], [-51.134881144999945, -22.936542237322122], [-51.13527851499998, -22.936950049322093], [-51.13604450099996, -22.937736154322103], [-51.136358773999966, -22.938005692322104], [-51.13721283799998, -22.93873817332209], [-51.13838535799994, -22.93985405832206], [-51.13913664699999, -22.940576128322032], [-51.13975307299995, -22.940882024322008], [-51.13999153299994, -22.94100035232199], [-51.140154725999935, -22.941081337322007], [-51.14177525399998, -22.941626193322016], [-51.14285880799997, -22.941990495321992], [-51.14452293399995, -22.94281386532194], [-51.147832206999965, -22.94414033932192], [-51.14869283399998, -22.944829355321925], [-51.14916118499997, -22.945204312321934], [-51.15009294299995, -22.946172106321878], [-51.151351803999944, -22.948639943321858], [-51.15207266099998, -22.949432320321826], [-51.152086134999934, -22.949447133321833], [-51.152333003999956, -22.94971848832182], [-51.152981153999974, -22.950317499321834], [-51.15309254999995, -22.95093458232176], [-51.15310052499996, -22.950978756321796], [-51.15278821199996, -22.951476987321787], [-51.15237903299993, -22.95227689832177], [-51.15205577099994, -22.953359538321735], [-51.15157390799994, -22.955150196321696], [-51.15157370899994, -22.9551539103217], [-51.15157369699995, -22.955154101321664], [-51.151573587999955, -22.95515607832168], [-51.15155413399998, -22.9555146243217], [-51.15173578799995, -22.956398791321664], [-51.15220078599998, -22.956780766321636], [-51.15313040699994, -22.957210088321627], [-51.153319730999954, -22.957287795321633], [-51.15405997999994, -22.957591610321607], [-51.154681652999955, -22.958067033321623], [-51.154809109999974, -22.958164509321623], [-51.15509361699997, -22.9586900513216], [-51.15510300099998, -22.958718492321587], [-51.15545621199993, -22.95978915132155], [-51.155740864999984, -22.96043420432156], [-51.15598887999993, -22.96062386532154], [-51.15662025199998, -22.961664701321535], [-51.15817958499998, -22.96363329032149], [-51.158414952999976, -22.964503576321476], [-51.15856730399997, -22.965582768321475], [-51.15872115599995, -22.966551985321424], [-51.15889825899996, -22.96766761032142], [-51.15887225099994, -22.967941033321413], [-51.15886674899997, -22.96857366632134], [-51.15886615599993, -22.96864156832137], [-51.158864887999975, -22.968849959321364], [-51.15897830399996, -22.96999142932133], [-51.158910971999944, -22.97047876732135], [-51.15877353399998, -22.971473500321288], [-51.15841416999996, -22.973194735321304], [-51.15805379899996, -22.974055534321238], [-51.15802125399995, -22.97407495232125], [-51.157958588999975, -22.97411234132125], [-51.15793563699998, -22.974126036321255], [-51.15769267099995, -22.974271007321256], [-51.15728034999995, -22.97440112632126], [-51.156803871999955, -22.974646849321232], [-51.15538519199999, -22.975544537321223], [-51.15480644099995, -22.977337682321206], [-51.15467825899998, -22.978114593321184], [-51.15538970099993, -22.979488208321122], [-51.15693955999996, -22.980382971321127], [-51.158489369999984, -22.981217965321104], [-51.15868478999994, -22.98277133832105], [-51.159396295999954, -22.98414493432103], [-51.16036547299995, -22.985099998320994], [-51.16065720299998, -22.985331002320983], [-51.16133494699994, -22.98629406632098], [-51.16275591799996, -22.987248654320965], [-51.16443441199993, -22.987665189320957], [-51.165919521999975, -22.98826116732093], [-51.16632252399995, -22.988543167320945], [-51.16746868599995, -22.98982886432087], [-51.16812910299996, -22.990224175320886], [-51.16863535999993, -22.990527201320862], [-51.17142301099995, -22.99181237932084], [-51.17384119899997, -22.992760210320828], [-51.17801608699994, -22.993764160320794], [-51.178859264999964, -22.99397883532078], [-51.17895730399994, -22.993992071320804], [-51.17895963099994, -22.99399238632078], [-51.178970313999976, -22.993993830320786], [-51.17973718399998, -22.99409734532077], [-51.17996520899994, -22.99417245032078], [-51.18154588999994, -22.994279037320773], [-51.182514250999986, -22.994457182320787], [-51.184322057999964, -22.99493310832074], [-51.185613950999944, -22.995708382320764], [-51.18709915599993, -22.996244408320724], [-51.18851908399994, -22.996242724320727], [-51.19000363899994, -22.99630070232076], [-51.19045610399996, -22.996778179320764], [-51.19129633499995, -22.99761370132072], [-51.19136264599995, -22.9988684223207], [-51.19123490599998, -22.999824614320673], [-51.191301807999935, -23.001497601320644], [-51.19143300399997, -23.002991252320584], [-51.19175783999998, -23.00448466932056], [-51.192404317999944, -23.005200914320525], [-51.19356819899997, -23.006633552320526], [-51.193828605999954, -23.008186794320483], [-51.194475711999985, -23.009321295320436], [-51.194895723999934, -23.01075781132041], [-51.19462734499996, -23.011757190320388], [-51.19380274899999, -23.012905446320392], [-51.19287513199998, -23.014245031320335], [-51.192463904999954, -23.015583982320294], [-51.19112339199995, -23.017115265320285], [-51.190610111999945, -23.017591617320285], [-51.18967232499995, -23.017967059320224], [-51.186809703999984, -23.019209238320233], [-51.18611546699998, -23.01976401732019], [-51.18607806899997, -23.019879215320184], [-51.185891794999975, -23.020452993320216], [-51.18589337499998, -23.02160512232018], [-51.18577894399993, -23.021939474320156], [-51.18513560199994, -23.02355353932014], [-51.18468501899997, -23.024510102320093], [-51.18410572099998, -23.025765574320094], [-51.18372024599995, -23.027140323320044], [-51.18372178499993, -23.028275613319998], [-51.18365803699999, -23.02887321032001], [-51.18346525299995, -23.02953070832], [-51.18366022199996, -23.030486517319986], [-51.18391991599998, -23.031561754319913], [-51.18359841599994, -23.032518163319914], [-51.18308347399994, -23.033654051319917], [-51.18237443899994, -23.034491401319865], [-51.18140723299996, -23.035388795319847], [-51.18173075799996, -23.035926194319824], [-51.182248210999944, -23.036642624319825], [-51.18295951699998, -23.0374783333198], [-51.18360715899997, -23.038971387319755], [-51.183286204999945, -23.040346058319717], [-51.182641539999956, -23.041063828319704], [-51.181674848999926, -23.042379489319707], [-51.179997609999994, -23.04345694431965], [-51.17896567999997, -23.04429464531967], [-51.178062946999944, -23.04519194531961], [-51.17838632499996, -23.045609846319643], [-51.17842814499994, -23.045621405319615], [-51.17922678699995, -23.046445425319586], [-51.17980914999998, -23.047400797319575], [-51.18006908499996, -23.048655295319524], [-51.18009371499995, -23.04916508831951], [-51.180328705999955, -23.049670784319503], [-51.18032997899997, -23.050626815319525], [-51.180008409999964, -23.051583215319507], [-51.179363911999985, -23.052480228319475], [-51.17891287599997, -23.053197764319417], [-51.17884956899996, -23.05415386831941], [-51.17852766599999, -23.054871256319394], [-51.17807638199997, -23.055409533319416], [-51.17749611099999, -23.056067458319387], [-51.17698110699995, -23.05726307631935], [-51.17678895399996, -23.05845833031931], [-51.17679051399995, -23.059653369319317], [-51.176340220999975, -23.060968416319277], [-51.17595410299998, -23.06198463031925], [-51.17531006999996, -23.0632998893192], [-51.174342457999956, -23.06407773531919], [-51.17556999399994, -23.06455439231921], [-51.17634590399996, -23.065330303319147], [-51.176605373999955, -23.066226293319122], [-51.176958439999964, -23.066877708319154], [-51.177349233999955, -23.067418685319105], [-51.17737004899994, -23.06747145131911], [-51.17802765799996, -23.0684549253191], [-51.18030441999997, -23.071200931319026], [-51.18154617599998, -23.072585752318993], [-51.18207252999997, -23.073427485318984], [-51.183074328999965, -23.07464395031892], [-51.18372199099997, -23.076017491318915], [-51.18372385799995, -23.07739178231888], [-51.18353181799995, -23.078646794318843], [-51.18295236399996, -23.079962006318834], [-51.182437721999975, -23.08145639731879], [-51.18256906599999, -23.08306954431875], [-51.18302325399998, -23.084622565318718], [-51.18386439399995, -23.08575687231872], [-51.18502855699996, -23.086950549318704], [-51.18593373899995, -23.087666506318648], [-51.18664616299998, -23.089099708318653], [-51.186659142999986, -23.089144508318597], [-51.186840416999985, -23.089457989318632], [-51.187164591999924, -23.09035388131858], [-51.18735959499997, -23.091249926318596], [-51.187296083999975, -23.092026774318565], [-51.18742675199997, -23.093102150318558], [-51.18794420699999, -23.09363930031851], [-51.18852625399995, -23.09417637231854], [-51.18943116899993, -23.094653303318502], [-51.190142320999946, -23.095130461318462], [-51.19046619399995, -23.095787340318463], [-51.190725310999944, -23.096324792318455], [-51.191823678999974, -23.096562469318474], [-51.19337366799994, -23.096441074318484], [-51.19423974999995, -23.096482177318475], [-51.194599678999964, -23.096518722318475], [-51.195168585999966, -23.09687653031846], [-51.195815699999976, -23.097712254318456], [-51.19595941599994, -23.097899671318455], [-51.196106960999934, -23.098092096318425], [-51.19700479199997, -23.09951376931837], [-51.19749659499996, -23.100895475318346], [-51.197016436999945, -23.102032996318357], [-51.19662777299993, -23.10295374831829], [-51.19662724699999, -23.104026973318295], [-51.19703566099997, -23.105177675318288], [-51.19647700499997, -23.106372361318225], [-51.19608310699993, -23.108614404318196], [-51.19609252899994, -23.10862019631816], [-51.19658126499996, -23.108920707318187], [-51.19720208499996, -23.109397946318143], [-51.19751270499995, -23.109779967318136], [-51.19759063799995, -23.11006667631815], [-51.19759144299997, -23.11061639031813], [-51.197506901999986, -23.110865187318115], [-51.197437074999975, -23.111070694318133], [-51.197231510999984, -23.1115479273181], [-51.197231063999936, -23.11154896631814], [-51.19723183199994, -23.112074777318103], [-51.19738735399994, -23.11240919331809], [-51.197664200999945, -23.11263452831807], [-51.197740436999936, -23.112696576318083], [-51.19774194599995, -23.112741981318063], [-51.197743111999955, -23.112776967318062], [-51.197743240999955, -23.112780874318066], [-51.19777557299994, -23.112838920318065], [-51.19797523999994, -23.113037840318057], [-51.198422495999985, -23.113483421318065], [-51.198541096999975, -23.11353151331804], [-51.19896381899997, -23.113702919318094], [-51.199068863999976, -23.113745514318058], [-51.199235175999945, -23.11373299431807], [-51.199714777999986, -23.11369689731805], [-51.20072221999993, -23.113504415318072], [-51.201677668999935, -23.11309688331808], [-51.20197919599997, -23.113042848318084], [-51.202349305999974, -23.112976522318053], [-51.20291859099996, -23.113525507318066], [-51.203203937999945, -23.11426605631805], [-51.20321016299994, -23.11446338531805], [-51.20321154499993, -23.11446542831804], [-51.203662967999946, -23.116567554318003], [-51.20375317299994, -23.116987589317986], [-51.20468616299996, -23.122926252317843], [-51.20497513499998, -23.123561098317854], [-51.20531259799997, -23.124564480317794], [-51.20541738199995, -23.125496465317802], [-51.20531492299995, -23.126094118317788], [-51.20517412399994, -23.126853936317776], [-51.20508864599998, -23.12731519131776], [-51.20505124699997, -23.127517007317728], [-51.20495608199997, -23.12803053031776], [-51.20470608199997, -23.128713729317727], [-51.204211328999975, -23.130246791317717], [-51.204407501999974, -23.131800073317653], [-51.20473289399997, -23.13335318731761], [-51.20467091599994, -23.135086057317572], [-51.20454468999998, -23.137058016317543], [-51.20441855099995, -23.13908972531748], [-51.20480784599994, -23.140164743317456], [-51.20577801099994, -23.140820745317473], [-51.20732941399996, -23.141296722317463], [-51.20823443299997, -23.14159428631745], [-51.208558692999986, -23.142370624317408], [-51.208482523999976, -23.14301293631742], [-51.20828817799998, -23.143776620317396], [-51.20790172499994, -23.14456584531738], [-51.20788463399999, -23.144605521317356], [-51.20714195999995, -23.146544198317315], [-51.207095911999936, -23.14728122231728], [-51.206990807999944, -23.14896324431726], [-51.20696250199995, -23.14970762631723], [-51.20669695099997, -23.15020049331721], [-51.206827374999925, -23.1509770873172], [-51.20689354999996, -23.151992772317204], [-51.20702516999996, -23.153546130317135], [-51.20728593699993, -23.155039568317104], [-51.207223340999974, -23.156354176317105], [-51.207160834999975, -23.157728536317073], [-51.20709832899996, -23.159102895317055], [-51.207358555999974, -23.160237825317], [-51.207489083999974, -23.161074169316983], [-51.20774913399998, -23.162089596316985], [-51.20729871699996, -23.16334496431695], [-51.20665368999993, -23.164122575316917], [-51.20581496899996, -23.1650199413169], [-51.205363612999975, -23.165677792316867], [-51.20497696599995, -23.166395309316837], [-51.20471956199999, -23.167112657316846], [-51.20459158599993, -23.167949339316827], [-51.204627379999984, -23.168307803316804], [-51.20478763899996, -23.169383111316773], [-51.20537072099996, -23.17033836931679], [-51.205759933999964, -23.17129387931675], [-51.20627812899994, -23.172069964316712], [-51.206990118999954, -23.17278604431672], [-51.20802506499996, -23.17338219031673], [-51.20856423899995, -23.1737798183167], [-51.20938352799993, -23.174216905316698], [-51.210224333999975, -23.174634041316715], [-51.21113014699994, -23.17529009131666], [-51.21151941499994, -23.176245585316625], [-51.21145619499999, -23.177141936316595], [-51.210940009999945, -23.17768038831658], [-51.21057216999998, -23.17810018331661], [-51.21029512299998, -23.178577515316604], [-51.210038097999984, -23.179533874316554], [-51.210007461999965, -23.179748657316555], [-51.20919214099996, -23.180833474316508], [-51.20847443499997, -23.18249221331652], [-51.20816092599995, -23.18321676231648], [-51.20777474299996, -23.18451216231646], [-51.20811449299998, -23.185449963316398], [-51.20853006699997, -23.18669223331641], [-51.20853258699997, -23.188317456316394], [-51.208328274999985, -23.18994295231633], [-51.209053669999946, -23.1908980043163], [-51.209778625999945, -23.19156625031632], [-51.21122631099996, -23.19146871331628], [-51.21288112899998, -23.19156208431627], [-51.214226002999965, -23.19184706431626], [-51.215157519999934, -23.192323800316245], [-51.21608950299998, -23.193087335316275], [-51.21650548399998, -23.194520785316218], [-51.21805816299997, -23.195379053316202], [-51.21888676499998, -23.196142714316185], [-51.22013046699993, -23.19776620231615], [-51.220754449999966, -23.199868557316087], [-51.221067704999946, -23.201684542316052], [-51.22210226599998, -23.201874287316045], [-51.223860323999986, -23.201776195316082], [-51.22582554899998, -23.20186898731605], [-51.22799892399996, -23.20272626431606], [-51.228725502999964, -23.204254830316014], [-51.22976205499998, -23.205591737315977], [-51.230696182999964, -23.207502393315938], [-51.23214699399994, -23.2091254793159], [-51.23297741799996, -23.21084507131582], [-51.23322215699994, -23.211699102315826], [-51.23336105799996, -23.211945729315843], [-51.23420363099995, -23.213199241315813], [-51.23433386099998, -23.213736804315776], [-51.23472392899998, -23.21499098631577], [-51.23472601699996, -23.216185996315755], [-51.234146378999974, -23.21744162531573], [-51.23408298099997, -23.21815872631568], [-51.233891116999985, -23.219354024315678], [-51.234668571999975, -23.220308877315663], [-51.235380654999965, -23.22084556731563], [-51.23686864499996, -23.22144083931562], [-51.23842066299995, -23.22167749631563], [-51.239326079999955, -23.221855373315623], [-51.240554961999976, -23.222152250315602], [-51.24191325899994, -23.22250866931561], [-51.24307750299994, -23.222805627315577], [-51.243337186999945, -23.223402731315566], [-51.24346843899997, -23.224478038315553], [-51.24354398999998, -23.224738127315533], [-51.243857971999944, -23.225373693315493], [-51.24470062099994, -23.22656739531549], [-51.245607935999935, -23.22776099131548], [-51.24709681899998, -23.228774416315446], [-51.24877990499994, -23.229907022315423], [-51.25091593399998, -23.23121813731541], [-51.253050540999936, -23.231752470315353], [-51.254344311999944, -23.232108884315366], [-51.255250159999946, -23.232465919315395], [-51.25518664099997, -23.233063527315355], [-51.25538231199994, -23.233959466315355], [-51.25564332499994, -23.23521380131533], [-51.25622773999998, -23.236527359315275], [-51.256553080999936, -23.237602336315234], [-51.256878540999935, -23.23873706231524], [-51.25688071399998, -23.239872316315182], [-51.25668890999998, -23.241007888315156], [-51.256108688999966, -23.241905091315168], [-51.255205616999945, -23.243041818315096], [-51.254366508999965, -23.24381993431513], [-51.25359160099998, -23.24435894031512], [-51.25378648699996, -23.244836628315092], [-51.25443377499994, -23.245194083315056], [-51.254887878999966, -23.24597010331508], [-51.25499492899997, -23.246750314315015], [-51.25508242799998, -23.246957146315015], [-51.25508406699999, -23.247817549315045], [-51.25495577799995, -23.248175267315], [-51.25497780499996, -23.24834863231503], [-51.254119422999956, -23.25016062031497], [-51.253487366999934, -23.252578391314934], [-51.253424956999936, -23.2528171213149], [-51.253349773999965, -23.253262133314887], [-51.25335214399996, -23.254516885314885], [-51.25348305699998, -23.25535317931482], [-51.25354975699998, -23.256428576314825], [-51.25365009999996, -23.257606936314765], [-51.254671067999936, -23.260104030314753], [-51.256313715999966, -23.26177838231473], [-51.257027427999965, -23.262413572314678], [-51.25746942499996, -23.262806931314657], [-51.25761297199994, -23.263007385314683], [-51.25806260699994, -23.263371661314647], [-51.259125875999985, -23.26475611431463], [-51.25964536499998, -23.2658546593146], [-51.25987924799995, -23.266403977314607], [-51.259906187999945, -23.266953632314593], [-51.26001541899995, -23.267601890314587], [-51.26073661099998, -23.269387916314535], [-51.260740116999955, -23.26941628431455], [-51.26115407499998, -23.270130271314518], [-51.26182835099996, -23.270989548314517], [-51.262140097999975, -23.271658230314472], [-51.26206417099996, -23.272518759314472], [-51.26147836699994, -23.273283362314448], [-51.26136745899998, -23.27342812331445], [-51.26123122399997, -23.273518929314445], [-51.26077431699997, -23.27382348031443], [-51.26075671899998, -23.273971207314446], [-51.26084820299997, -23.274133134314418], [-51.261540224999976, -23.2751172853144], [-51.263224134999966, -23.27630947331437], [-51.26510151399998, -23.277202564314386], [-51.26652439499998, -23.277200154314347], [-51.26826994099997, -23.276838680314363], [-51.26962886499996, -23.277194852314363], [-51.27085759599999, -23.277132986314353], [-51.27253808699999, -23.276592325314358], [-51.27389542999998, -23.276171713314355], [-51.27544814299995, -23.276407996314394], [-51.276742156999944, -23.276644719314383], [-51.27823057699993, -23.27706033831435], [-51.27933144399998, -23.277715633314326], [-51.28036914599994, -23.279088034314327], [-51.28088556299998, -23.27860911031435], [-51.281982807999945, -23.27753164231436], [-51.282757033999985, -23.27663399831436], [-51.283790204999946, -23.275855383314386], [-51.284953351999945, -23.275375275314413], [-51.28631179099994, -23.275492303314394], [-51.28721673499995, -23.275251649314413], [-51.28799168399996, -23.274712479314395], [-51.28818416699994, -23.273995125314404], [-51.288376133999975, -23.273038772314433], [-51.28882730799995, -23.272320941314472], [-51.28979702999993, -23.27213990431447], [-51.29102609299997, -23.272257130314454], [-51.29232035299998, -23.272613226314476], [-51.293355923999975, -23.27296979431443], [-51.294908894999935, -23.273325383314457], [-51.29594447699997, -23.27368193531443], [-51.29672229199996, -23.274457217314414], [-51.29821154499996, -23.275231144314418], [-51.29898764899997, -23.275229667314388], [-51.30060439799996, -23.275166829314372], [-51.30209273699995, -23.275522472314414], [-51.30267629999997, -23.27617859731437], [-51.303196275999944, -23.277312843314327], [-51.30339274099998, -23.278387962314312], [-51.30371883499998, -23.27958233131429], [-51.304886427999975, -23.28107381531425], [-51.30669974099993, -23.282086030314243], [-51.308123906999974, -23.282620989314218], [-51.30980735299993, -23.283394423314203], [-51.31110260299994, -23.284108859314188], [-51.31272140499994, -23.28488238931417], [-51.31369398299995, -23.28589619631414], [-51.31427778899996, -23.286612025314124], [-51.31486342799996, -23.28810459731411], [-51.31538383599997, -23.289358298314085], [-51.31577672099996, -23.291389002314023], [-51.31590904799998, -23.292643481314006], [-51.31636409199996, -23.293598561313964], [-51.31772501199998, -23.29467130631394], [-51.31863287199997, -23.295625460313904], [-51.32025214199995, -23.29651840931394], [-51.321030517999986, -23.297413064313883], [-51.32129112699993, -23.298189277313863], [-51.32200281899998, -23.298247567313894], [-51.32381403499994, -23.29824383831386], [-51.325431772999934, -23.29847948931389], [-51.32659758599994, -23.29907456231388], [-51.32763403599995, -23.29966989731382], [-51.329059645999955, -23.300682657313843], [-51.32964315799995, -23.30121917931383], [-51.33093927599998, -23.302172443313783], [-51.33210558999997, -23.30294672331379], [-51.333336309999936, -23.30360135731378], [-51.334565694999974, -23.303718239313763], [-51.336117926999975, -23.303595420313755], [-51.33735760299999, -23.30321078631376], [-51.33763451099998, -23.30317924231374], [-51.33804318099993, -23.30313268831374], [-51.34060441799995, -23.30295984631377], [-51.342466713999954, -23.302668992313762], [-51.34321433599997, -23.30265091931379], [-51.34425545299996, -23.302401206313778], [-51.34612611799997, -23.302299343313774], [-51.34853493899993, -23.302058285313812], [-51.349350200999936, -23.3021395943138], [-51.349472042999935, -23.30211847331377], [-51.35237031599996, -23.302207587313767], [-51.35475134099994, -23.30239341731378], [-51.35599436899997, -23.302772997313784], [-51.356825438999984, -23.303918299313747], [-51.358071045999964, -23.305253849313697], [-51.35878236899998, -23.305907602313727], [-51.36065568799995, -23.30698351531367], [-51.36330051199997, -23.30978666731362], [-51.36354202399997, -23.3100487783136], [-51.36370215299996, -23.310222565313584], [-51.363953564999974, -23.310703221313602], [-51.36447305499997, -23.3114190073136], [-51.36479896099996, -23.312314491313533], [-51.36525295399997, -23.312731680313533], [-51.36615898299993, -23.312849065313547], [-51.366870769999935, -23.312907150313528], [-51.36797153899994, -23.313263066313556], [-51.36887905699996, -23.3139181773135], [-51.37017491299997, -23.314632115313483], [-51.371792425999956, -23.31468803631349], [-51.37257216699993, -23.31487556831352], [-51.37288920699996, -23.314874815313477], [-51.374220278999985, -23.315195151313482], [-51.37872468699993, -23.316285829313482], [-51.38249970299995, -23.317911133313405], [-51.384466848999985, -23.319647387313406], [-51.38643219299996, -23.320744043313397], [-51.38666498099997, -23.321024651313355], [-51.38742157099995, -23.322320597313354], [-51.38778692899996, -23.323371280313285], [-51.38815229099999, -23.324421961313313], [-51.38903427799994, -23.325136765313275], [-51.390072946999965, -23.326329167313258], [-51.39049023599995, -23.327427513313236], [-51.39101287099999, -23.329146987313152], [-51.391019305999976, -23.33134574031312], [-51.390920818999966, -23.333066762313106], [-51.390355205999974, -23.334358754313083], [-51.38916912299993, -23.335891283313035], [-51.38850231899994, -23.33799610831298], [-51.38674815399998, -23.340008020312933], [-51.38561610099999, -23.34158510531291], [-51.38375221999996, -23.343456560312884], [-51.38261733899998, -23.34555466331282], [-51.382543735999946, -23.346727395312776], [-51.382607019999966, -23.34692836831278], [-51.38273324099998, -23.34795256531274], [-51.383099183999946, -23.349194451312712], [-51.38356853399995, -23.3503882843127], [-51.38424441899997, -23.351390411312664], [-51.38507534699993, -23.35229655431264], [-51.38600872099994, -23.352820047312637], [-51.387200535999966, -23.353199498312637], [-51.38859832399999, -23.35319603431262], [-51.39020249299995, -23.35295304831263], [-51.391651767999974, -23.35285383131263], [-51.39315309099993, -23.35285006831263], [-51.394085934999964, -23.35318231631263], [-51.39491580899994, -23.35370601631264], [-51.39538386399993, -23.35442182231259], [-51.39595532499993, -23.355089567312618], [-51.397302783999976, -23.35556414431258], [-51.398597338999934, -23.35565645131257], [-51.39963232599996, -23.355510415312587], [-51.400355538999975, -23.354982776312603], [-51.401234200999966, -23.35450253631262], [-51.402942045999964, -23.35430695131259], [-51.403977740999956, -23.35439988131259], [-51.404295984999976, -23.354511951312585], [-51.404965871999934, -23.355198630312582], [-51.40527870699997, -23.35683227931253], [-51.40555371199998, -23.358679219312496], [-51.40551647799998, -23.3590915123125], [-51.40570359999998, -23.360131312312483], [-51.40534569499994, -23.361614011312447], [-51.40462768599997, -23.363862426312394], [-51.40572002799997, -23.365532566312346], [-51.407122319999985, -23.36696289631232], [-51.40836960799999, -23.368489215312284], [-51.408426652999935, -23.37020983131224], [-51.40910399999995, -23.371594233312198], [-51.41014468499997, -23.373264474312148], [-51.41123584799993, -23.374504383312164], [-51.41289526299994, -23.375312595312142], [-51.41424343099993, -23.375930417312098], [-51.416109696999975, -23.37664244931212], [-51.417200344999976, -23.377691121312054], [-51.41808703999993, -23.379744108312025], [-51.418505031999985, -23.380937963311997], [-51.418872602999954, -23.382562142311986], [-51.41913481599994, -23.383613015311965], [-51.41965654599994, -23.384854388311904], [-51.42095487099994, -23.386045871311893], [-51.42173508899998, -23.38714314231186], [-51.422153440999985, -23.388432583311822], [-51.42210498899993, -23.389484289311795], [-51.422110895999936, -23.391348428311765], [-51.42231653199997, -23.392649862311757], [-51.42238466899994, -23.392781058311733], [-51.42391075399996, -23.3948594603117], [-51.42481550999997, -23.396305640311677], [-51.42504251899993, -23.396668491311647], [-51.42648774899994, -23.399342607311567], [-51.426535367999975, -23.399473167311566], [-51.42720505899996, -23.401309343311564], [-51.42763705099998, -23.403914715311508], [-51.42795617399997, -23.405839322311447], [-51.42919499899995, -23.409310478311344], [-51.42926682099994, -23.4111916003113], [-51.42928438999996, -23.411651773311316], [-51.42937671899994, -23.414899473311273], [-51.42825031299998, -23.420945257311107], [-51.427410478999946, -23.424615067311056], [-51.427039530999934, -23.426235924310987], [-51.426956838999956, -23.426375206311008], [-51.42667770199995, -23.42684536131096], [-51.426613643999985, -23.427443290310975], [-51.425291708999964, -23.429472181310885], [-51.42411344899995, -23.43128748831086], [-51.42221375599996, -23.433291274310807], [-51.42129148299995, -23.434229697310823], [-51.42109377899993, -23.43529293531077], [-51.42121351999998, -23.436625035310755], [-51.42186792799999, -23.43803613831073], [-51.422187289999954, -23.43846074931069], [-51.42276031299997, -23.4394629693107], [-51.423385759999974, -23.440656239310663], [-51.42401350399996, -23.44256647431064], [-51.424643024999966, -23.445026389310552], [-51.42534929499993, -23.446488633310523], [-51.42653733399993, -23.44802852731049], [-51.428581828999945, -23.4511672533104], [-51.428582097999936, -23.451168495310455], [-51.42858449699997, -23.451179647310408], [-51.428591866999966, -23.451213850310456], [-51.42860035699994, -23.451253270310392], [-51.42860914099998, -23.45150341331041], [-51.42860914399995, -23.45150344931043], [-51.428628887999935, -23.452065768310398], [-51.42852920399997, -23.45328490131038], [-51.42804641999993, -23.456201933310325], [-51.427894340999956, -23.456573541310295], [-51.42789237399995, -23.456632537310302], [-51.42789861499995, -23.458568355310245], [-51.42865881999995, -23.46133857831022], [-51.42931217899996, -23.463105322310177], [-51.42946574299998, -23.464030872310136], [-51.42930609199993, -23.46527668931009], [-51.42847293099994, -23.466691343310092], [-51.426740783999946, -23.467569088310036], [-51.42239340799995, -23.47012361431002], [-51.42203957199996, -23.470288011310004], [-51.42124123899998, -23.470695142309975], [-51.42093633799993, -23.47085063830997], [-51.420920199999955, -23.470858867309964], [-51.420720401999965, -23.470960754309992], [-51.42068356899995, -23.471012933309954], [-51.42070949199996, -23.471200430309974], [-51.42074101699995, -23.471261041310004], [-51.420892117999976, -23.47148606930999], [-51.42104328199998, -23.471728440309988], [-51.421513664999964, -23.472185112309965], [-51.42195515299995, -23.47264121230996], [-51.42301568499994, -23.473720213309935], [-51.42353244599997, -23.474294287309906], [-51.42377740899997, -23.474567262309918], [-51.42378737699994, -23.474699300309872], [-51.423812035999966, -23.47502604030991], [-51.423997110999956, -23.47627033530988], [-51.424200749999954, -23.479234760309772], [-51.424269814999946, -23.480240196309758], [-51.42427720599994, -23.482548756309733], [-51.42428396899993, -23.48466377930966], [-51.422753796999984, -23.487808398309603], [-51.42236200499997, -23.488613546309576], [-51.422108272999935, -23.490958685309515], [-51.42237329499995, -23.4938525283095], [-51.42242116099993, -23.494011238309483], [-51.42245225499994, -23.49411434230949], [-51.42274171499997, -23.495499709309406], [-51.422902069999964, -23.49702881230937], [-51.42282616399996, -23.49760259430936], [-51.422854129999955, -23.49824779730938], [-51.423063652999986, -23.498940304309368], [-51.423169973999954, -23.499776479309357], [-51.42304437599995, -23.501019578309297], [-51.42285187799996, -23.501647935309318], [-51.42359130099993, -23.502973029309274], [-51.424723153999935, -23.50451554930922], [-51.425116500999934, -23.505316036309193], [-51.42541296599995, -23.508480097309132], [-51.42559350099998, -23.51022210730908], [-51.425660354999934, -23.51086722030909], [-51.42639746499997, -23.51298511030906], [-51.42751123999994, -23.515626623308954], [-51.42847165599994, -23.517293592308956], [-51.42861288499995, -23.517538719308927], [-51.430467798999985, -23.518685598308938], [-51.43127353999995, -23.519527136308884], [-51.43220020699993, -23.52011082730885], [-51.43257939599993, -23.520531319308883], [-51.43347443299996, -23.521523830308873], [-51.433490233999976, -23.521537463308842], [-51.43351678099999, -23.521560360308847], [-51.43372673299996, -23.521741472308843], [-51.43385700599999, -23.521809630308834], [-51.43445368399995, -23.522121828308833], [-51.43520616499995, -23.522382618308804], [-51.43529073899999, -23.52237700230884], [-51.435957621999925, -23.52233271230884], [-51.436215380999954, -23.52190180930885], [-51.43677682099997, -23.521141876308832], [-51.436834647999945, -23.52106361230887], [-51.437429172999934, -23.520583965308855], [-51.43797984899994, -23.52043529230885], [-51.438376249999976, -23.520328272308877], [-51.43841316199996, -23.520318305308898], [-51.43845412899997, -23.520318189308863], [-51.43941491199997, -23.52019382930889], [-51.440293250999964, -23.520514525308855], [-51.44150993299996, -23.521390467308837], [-51.442554302999945, -23.522586668308833], [-51.44461023699995, -23.52419952030878], [-51.445640270999945, -23.524382843308775], [-51.44710169799998, -23.524523344308797], [-51.448268552999934, -23.524681875308755], [-51.44843204199998, -23.52473787030878], [-51.44876965799995, -23.524853498308776], [-51.44961524299998, -23.52527138830876], [-51.44969115199996, -23.525308903308737], [-51.450067762999936, -23.52549502730877], [-51.450534527999935, -23.52587518430875], [-51.45076951199996, -23.526066569308746], [-51.451166102999935, -23.52633368730875], [-51.45165278099995, -23.526661483308704], [-51.45248399399998, -23.527061794308718], [-51.45313259199998, -23.527374148308727], [-51.454119797999965, -23.528040445308726], [-51.45414230299997, -23.5280623513087], [-51.45495199699997, -23.528850579308703], [-51.45509592099995, -23.529104543308677], [-51.455169506999944, -23.52923438430866], [-51.45568217399994, -23.53013898230867], [-51.45576371399994, -23.53123809430861], [-51.455689906999964, -23.53238546030858], [-51.45600341299996, -23.533101507308594], [-51.456627465999986, -23.53367325230859], [-51.457173435999955, -23.534149627308587], [-51.45763378299995, -23.534531192308556], [-51.45771932699995, -23.53460210430857], [-51.458083785999975, -23.53505510830851], [-51.45834654199996, -23.5360819913085], [-51.45827329399998, -23.536316322308497], [-51.45816708999996, -23.536656092308522], [-51.45796253999998, -23.537469254308498], [-51.457949034999956, -23.537611250308462], [-51.457887503999984, -23.53825813730847], [-51.457579348999964, -23.539095510308464], [-51.457349197999974, -23.539533542308423], [-51.457038558999955, -23.54012475030841], [-51.45602952899998, -23.540677385308438], [-51.45499267399999, -23.540680420308398], [-51.45380005199996, -23.540612206308445], [-51.452426627999955, -23.540735701308414], [-51.45224067099996, -23.540994638308412], [-51.452101520999975, -23.541231612308426], [-51.452103178999955, -23.541715612308394], [-51.452103239999985, -23.541733483308406], [-51.45210585099994, -23.542498241308387], [-51.452136924999934, -23.54296039630836], [-51.45190594099996, -23.54377526930836], [-51.451647025999925, -23.54531859830829], [-51.45135745999995, -23.54648313530828], [-51.45124392199995, -23.547620100308258], [-51.451600704999976, -23.548945139308227], [-51.451780439999936, -23.55000006330822], [-51.45205774999994, -23.550434146308216], [-51.452161931999974, -23.550582520308208], [-51.45226622399997, -23.55076275330818], [-51.45227575699994, -23.550763428308205], [-51.45143400299998, -23.551706021308178], [-51.450584909999975, -23.552357988308174], [-51.45035527699997, -23.55247864430814], [-51.45013481399997, -23.552741654308168], [-51.449100707999946, -23.5535811033081], [-51.44767590799995, -23.553883947308133], [-51.44689940299998, -23.55424466330811], [-51.44631954299996, -23.555262030308057], [-51.44625836399996, -23.55633765530809], [-51.445223400999964, -23.55693809330807], [-51.44379815299993, -23.557121408308024], [-51.44230868999995, -23.55748413530806], [-51.440560768999944, -23.55808656930802], [-51.43900825999998, -23.558987167307976], [-51.438037064999946, -23.559288642307994], [-51.43654696899995, -23.559472074308015], [-51.43492743999997, -23.55971560130801], [-51.433762574999946, -23.56025657930795], [-51.43331123499996, -23.56097480430795], [-51.43305452699997, -23.561752232307928], [-51.432992454999976, -23.562588866307898], [-51.43286752399996, -23.564023146307882], [-51.43287261399996, -23.565576559307864], [-51.432941933999984, -23.566950550307798], [-51.432815628999954, -23.567966603307784], [-51.43217097899998, -23.56904384630776], [-51.430940618999955, -23.569405745307794], [-51.42938596899995, -23.569708782307767], [-51.42815656199997, -23.570369392307757], [-51.426992348999924, -23.571149307307756], [-51.42608816799998, -23.572167490307713], [-51.42479543999997, -23.573306224307686], [-51.423762162999935, -23.574503988307633], [-51.42253421299995, -23.57564252730763], [-51.422342234999974, -23.5764197613076], [-51.42111177899994, -23.576781583307593], [-51.419558535999954, -23.5775624973076], [-51.418395722999946, -23.57882032230755], [-51.41742773399994, -23.58019711030754], [-51.41691141399997, -23.58091546130751], [-51.41626732599997, -23.582231625307482], [-51.415687108999975, -23.583248879307433], [-51.41491353499998, -23.584625131307405], [-51.41426697199995, -23.58516458030742], [-51.41381825199994, -23.586778948307384], [-51.413497302999986, -23.587795503307333], [-51.41324267299996, -23.58928985830734], [-51.412208233999934, -23.59018881330728], [-51.410912232999976, -23.590371487307316], [-51.40909686399993, -23.590316531307327], [-51.40981386899995, -23.59156933130727], [-51.41072481799995, -23.592642372307232], [-51.41124680199994, -23.593716438307208], [-51.41183399999994, -23.594909824307198], [-51.411904052999944, -23.596582556307194], [-51.41159584799993, -23.598024270307107], [-51.41125511699993, -23.598746349307113], [-51.41048419399994, -23.600380042307098], [-51.40994073999997, -23.601531665307064], [-51.40989281899993, -23.601633218307043], [-51.40963077599997, -23.602188507307066], [-51.40944880099994, -23.60327029930702], [-51.409444563999955, -23.603295494306998], [-51.40930470999996, -23.604126887306986], [-51.40830463499998, -23.60688211230696], [-51.408160818999924, -23.60711312030691], [-51.40734565099996, -23.608422499306908], [-51.40653184899997, -23.610676041306853], [-51.40571992599997, -23.611571859306842], [-51.40507321899997, -23.611955504306827], [-51.403976868999955, -23.611958361306804], [-51.40248466699995, -23.611663502306808], [-51.40092854099999, -23.61166752930686], [-51.39943815999993, -23.6119701063068], [-51.398272506999945, -23.6124510773068], [-51.397367102999965, -23.6132301083068], [-51.396332367999946, -23.61412895830678], [-51.39555680099994, -23.61496739430675], [-51.39465118499999, -23.61568666330673], [-51.39387541899998, -23.6164653443067], [-51.39231994699998, -23.616708272306727], [-51.390635317999966, -23.61713075030668], [-51.38953407499997, -23.617491999306708], [-51.388693425999975, -23.618270817306662], [-51.388436524999975, -23.619107918306632], [-51.38792112799996, -23.620244400306664], [-51.38792446999997, -23.6213795843066], [-51.387735214999964, -23.623172466306578], [-51.386311442999954, -23.62413196830656], [-51.384627570999946, -23.624853115306518], [-51.382814509999946, -23.625753802306516], [-51.38145465599996, -23.626414368306513], [-51.38041953499993, -23.627253367306484], [-51.38055337099997, -23.62868696530647], [-51.380298122999925, -23.630121519306403], [-51.38030174599999, -23.631376195306387], [-51.37997991699994, -23.63221344030639], [-51.378882472999976, -23.633948785306327], [-51.37804217199994, -23.634906786306335], [-51.376683222999986, -23.635925790306302], [-51.37668647099997, -23.63706097330625], [-51.37792207499996, -23.638252905306203], [-51.37857454499993, -23.639625493306216], [-51.378189892999956, -23.641179850306155], [-51.37760981299994, -23.642435947306144], [-51.37826264399997, -23.6439280273061], [-51.37852584299998, -23.64524181530606], [-51.37820431399996, -23.646198549306046], [-51.37716901999994, -23.647037526306036], [-51.37606902699997, -23.647936400306047], [-51.375878893999975, -23.649490278305986], [-51.37581211799994, -23.650417779305943], [-51.37581693799996, -23.650506125305984], [-51.376016121999946, -23.652118805305946], [-51.376084908999985, -23.653492815305928], [-51.376023806999974, -23.65480739230585], [-51.37524804299994, -23.655705473305833], [-51.37415051399995, -23.657500528305796], [-51.37376576099996, -23.659054872305756], [-51.37376864699996, -23.660070560305723], [-51.37260230499999, -23.660491595305704], [-51.37085218799996, -23.660914020305714], [-51.370075680999946, -23.66157309130573], [-51.36877958599997, -23.6619944073057], [-51.36806675499998, -23.662235088305728], [-51.366706116999985, -23.66277603430571], [-51.365151371999964, -23.66349666730565], [-51.36398629499996, -23.664395608305632], [-51.36249572199995, -23.664877076305658], [-51.36152340199994, -23.66511833530565], [-51.36009882299993, -23.666017852305632], [-51.35932223099997, -23.666676870305587], [-51.358091241999944, -23.667217439305578], [-51.35686072999994, -23.667937239305573], [-51.35686413599995, -23.669191913305543], [-51.35732161699997, -23.670445540305497], [-51.35749032699994, -23.671161932305495], [-51.35813681899998, -23.67298142830544], [-51.35832731299996, -23.673889807305436], [-51.35922225799994, -23.674709930305397], [-51.35968458899998, -23.67628827130539], [-51.35833773999997, -23.677714789305384], [-51.357210917999964, -23.678712006305314], [-51.356171039999936, -23.68025787330528], [-51.35587728699994, -23.68095063430526], [-51.35586362099997, -23.68140251030525], [-51.35555950999998, -23.683122786305216], [-51.35470756199993, -23.68451520830523], [-51.35402363299993, -23.68531579530517], [-51.354016985999976, -23.6853301323052], [-51.353783225999955, -23.685533760305148], [-51.353507105999945, -23.68578930930517], [-51.35350590599995, -23.685792246305166], [-51.353128991999945, -23.68671425630515], [-51.35323493899995, -23.687510633305155], [-51.35324629199994, -23.687775251305116], [-51.35317321799994, -23.688206345305122], [-51.35262205699997, -23.68845222130513], [-51.351768842999945, -23.688740142305107], [-51.35113944299997, -23.689005334305083], [-51.351128296999946, -23.689013072305094], [-51.35057347399999, -23.689384000305086], [-51.35050658099994, -23.689428725305095], [-51.34991929299997, -23.689780566305085], [-51.34929689299997, -23.68994129730507], [-51.34884826399997, -23.69038841330509], [-51.34853820299998, -23.690898950305048], [-51.34830803199997, -23.691231931305037], [-51.34828451899995, -23.691265943305048], [-51.34719766899997, -23.69225373330504], [-51.346116534999965, -23.692784614305005], [-51.34471442399997, -23.69268825430501], [-51.34411258599994, -23.692725351305025], [-51.34351124099993, -23.692762425305016], [-51.342128485999986, -23.693194522304992], [-51.34209488899995, -23.69325757830502], [-51.341972273999936, -23.69413194130498], [-51.34211151699998, -23.69445028430498], [-51.342043891999936, -23.695055864304987], [-51.34196031899995, -23.695524539304955], [-51.34198165499998, -23.695567695304963], [-51.342046195999956, -23.696626413304962], [-51.34193159999995, -23.6973416223049], [-51.34177648199994, -23.697905087304914], [-51.34163018399994, -23.6979644133049], [-51.340398053999934, -23.698206113304906], [-51.33916468399997, -23.69796983430493], [-51.33780232499999, -23.69803255930489], [-51.33670148399994, -23.69887140930491], [-51.33631494699994, -23.69994768930484], [-51.33651219899997, -23.70096295230481], [-51.33657876699994, -23.70162002030481], [-51.335996956999956, -23.702457736304822], [-51.33521926699996, -23.702817902304822], [-51.333749272999974, -23.70305658330479], [-51.33321200799998, -23.70322325430479], [-51.33245573199997, -23.703437721304756], [-51.33177714399994, -23.70383405330478], [-51.33086557599995, -23.704577423304784], [-51.328634636999936, -23.704662950304726], [-51.32782958499996, -23.70454115330477], [-51.32700348399993, -23.704416167304768], [-51.32557610599997, -23.704919033304733], [-51.325551288999975, -23.704972101304726], [-51.32552942899997, -23.705018854304726], [-51.32539475899995, -23.705306812304723], [-51.32514973999997, -23.705830731304747], [-51.325012579999964, -23.70634085630468], [-51.32414964099997, -23.707234879304668], [-51.32404763499994, -23.707967985304688], [-51.32405430699999, -23.70803685330467], [-51.32406699799998, -23.708167753304654], [-51.323881535999924, -23.708722459304646], [-51.32371042199998, -23.70945476030466], [-51.32369966199997, -23.70950081230467], [-51.32369014899996, -23.709504456304675], [-51.32361729999997, -23.71005082330463], [-51.323673946999975, -23.710451834304628], [-51.32377756399995, -23.710647827304587], [-51.32313099199995, -23.711711563304572], [-51.32272501899996, -23.712154853304586], [-51.322054933999944, -23.712654729304546], [-51.32123358999996, -23.713294487304577], [-51.32077027399998, -23.713626696304537], [-51.319418568999936, -23.714369859304554], [-51.319188365999935, -23.714449888304564], [-51.318736774999934, -23.714606874304543], [-51.31848754899994, -23.714693511304517], [-51.31763348399995, -23.714731017304523], [-51.31647006099996, -23.715064497304517], [-51.31543159499995, -23.71571360930452], [-51.314763771999935, -23.716131038304493], [-51.31332816999998, -23.71652717430449], [-51.31053517799995, -23.717569486304438], [-51.30956739299995, -23.71878685030444], [-51.309064256999925, -23.719467058304417], [-51.308562034999966, -23.720540491304387], [-51.30817941999993, -23.720891861304416], [-51.30588290099996, -23.720510065304417], [-51.30362995099995, -23.72008553030439], [-51.30262045699993, -23.720087513304396], [-51.301836477999984, -23.720244407304378], [-51.30177919499993, -23.72033273130443], [-51.30113149999995, -23.720871712304398], [-51.30106825299998, -23.721588794304374], [-51.30081018699997, -23.722246508304355], [-51.30016343799998, -23.723203709304332], [-51.29958143599998, -23.724101037304315], [-51.29860964899996, -23.72481987430433], [-51.297119090999956, -23.72571894330426], [-51.29556388799995, -23.72673761430424], [-51.294202813999966, -23.72751691330427], [-51.29303587999993, -23.728056848304202], [-51.29186827099995, -23.728298042304207], [-51.290767938999984, -23.729614539304183], [-51.29031564099994, -23.730511587304182], [-51.289734597999946, -23.73188684730412], [-51.28882812299998, -23.732844487304124], [-51.287725755999986, -23.733264768304117], [-51.286893937999935, -23.7332663133041], [-51.286312479999935, -23.733183777304106], [-51.28554106299998, -23.7329916263041], [-51.28490370699996, -23.73288449730414], [-51.284609418999935, -23.73273281630412], [-51.28311635299997, -23.732556317304155], [-51.281429619999976, -23.732858129304127], [-51.279678616999945, -23.733458771304097], [-51.27818732299994, -23.734118673304074], [-51.277187240999986, -23.734383664304076], [-51.27599749899997, -23.73427420230406], [-51.27510996399996, -23.733995833304064], [-51.275009073999975, -23.733928860304122], [-51.27495594699997, -23.73387364630409], [-51.27486030299997, -23.733769695304122], [-51.27479650699996, -23.733685210304113], [-51.27476336299997, -23.733651776304132], [-51.274725668999956, -23.733613758304134], [-51.274502680999944, -23.73345797430412], [-51.27438233899994, -23.733373590304133], [-51.27420901499994, -23.7333088243041], [-51.274060549999945, -23.733296074304103], [-51.27391768799998, -23.73331227730413], [-51.273882209999954, -23.733325812304123], [-51.27385714399998, -23.73333537930413], [-51.27378508399993, -23.7333974263041], [-51.27371457299995, -23.733482145304126], [-51.27363006999997, -23.733635222304112], [-51.273623400999945, -23.73382720230412], [-51.273602540999946, -23.733993178304132], [-51.27359569799995, -23.73410056230412], [-51.27372376599993, -23.73449728330407], [-51.27382341799995, -23.73482898830406], [-51.27385729499997, -23.734946734304057], [-51.27385743499996, -23.73525129830408], [-51.27385303099993, -23.735469914304065], [-51.27367595399994, -23.73584495630408], [-51.27361130099996, -23.73608500130408], [-51.27308193199997, -23.737122995304055], [-51.27308466599993, -23.737164441304], [-51.27308469399998, -23.737164862304052], [-51.27308941299998, -23.73723645130401], [-51.273099017999975, -23.73738197330402], [-51.27323500499995, -23.737705602303997], [-51.27362082899998, -23.738623780303985], [-51.27361808999996, -23.738652094303998], [-51.27351917899995, -23.739675499303996], [-51.27309302799995, -23.74061221330395], [-51.27303310399998, -23.74083037430396], [-51.27198748699993, -23.743090018303903], [-51.27198033199994, -23.743094890303887], [-51.27194742899997, -23.743117295303918], [-51.27138098599994, -23.743503042303896], [-51.27034350099996, -23.74398283030391], [-51.27012926499998, -23.74404898230388], [-51.269409458999974, -23.744271246303885], [-51.26882131699995, -23.74443159430388], [-51.268060220999985, -23.74465597430386], [-51.26712650199994, -23.74510369430385], [-51.26695014399996, -23.74529924730387], [-51.266785022999954, -23.745364177303824], [-51.26622352099997, -23.745774044303847], [-51.26568575999994, -23.746030223303848], [-51.26477828599996, -23.74662924530381], [-51.26400109999997, -23.747467025303823], [-51.264003026999944, -23.74842296530379], [-51.26381071299994, -23.749618224303745], [-51.26316439799996, -23.750993495303742], [-51.263102851999975, -23.752666501303676], [-51.262976872999964, -23.75457860230366], [-51.26312811699995, -23.755404442303643], [-51.26330463099998, -23.75579094830361], [-51.26352454399995, -23.7562724783036], [-51.26364019999994, -23.75707698130358], [-51.26380385199996, -23.758215350303544], [-51.26370607599995, -23.759572320303526], [-51.26362229499995, -23.762009838303502], [-51.263620444999965, -23.762833670303458], [-51.26323827099998, -23.765815891303404], [-51.26265846599994, -23.767211035303344], [-51.26226304299997, -23.767807924303337], [-51.261496740999974, -23.768964633303295], [-51.26103348899994, -23.769897983303306], [-51.260606370999945, -23.770236174303317], [-51.25970001099996, -23.771492373303246], [-51.25905272099993, -23.77244940130324], [-51.25846962999998, -23.77304784230325], [-51.25710644399993, -23.773109864303255], [-51.25580770799997, -23.772932781303226], [-51.254582771999935, -23.77298178130321], [-51.252681704999986, -23.773430454303252], [-51.25160697299998, -23.774142674303206], [-51.25143144499997, -23.7742589963032], [-51.251397267999955, -23.774281643303176], [-51.25137790599996, -23.77429447430323], [-51.25129375599994, -23.77435024030322], [-51.251057444999965, -23.775037947303204], [-51.250997231999975, -23.775213167303168], [-51.25081170499993, -23.775753070303157], [-51.251160770999945, -23.77721827730314], [-51.25164839699995, -23.77871512830313], [-51.25206610899994, -23.779861572303073], [-51.25224731599996, -23.780307314303077], [-51.25262275799998, -23.781230849303014], [-51.252694163999934, -23.782345992303043], [-51.25279933899997, -23.783014979303022], [-51.25281208099995, -23.78304762330301], [-51.25314733099999, -23.783906619303018], [-51.25391034899996, -23.784542658302975], [-51.25425885099998, -23.78568921730295], [-51.254233760999966, -23.78586981330296], [-51.25401980099997, -23.787410298302877], [-51.253739293999956, -23.78799980330293], [-51.25372714299993, -23.78831698530286], [-51.25372839999995, -23.788962656302868], [-51.253728544999944, -23.789037641302905], [-51.25372943299993, -23.78949664730286], [-51.25423646799993, -23.79053249130285], [-51.25510796699995, -23.7912213183028], [-51.255260057999976, -23.79169401330284], [-51.25584593399997, -23.792469744302792], [-51.25591238399994, -23.793246333302772], [-51.25558890699995, -23.793844331302743], [-51.25513603299998, -23.794681527302753], [-51.25396868699994, -23.79540040630272], [-51.25306116599995, -23.79617859730274], [-51.252348541999936, -23.79701621030271], [-51.25202619199996, -23.798211660302695], [-51.25235327399997, -23.799465794302638], [-51.25345921099995, -23.80053941330263], [-51.255148166999966, -23.800895105302583], [-51.25677102399993, -23.80065342930262], [-51.25819860299998, -23.800173078302603], [-51.25936703599995, -23.799991880302656], [-51.26040762499997, -23.800826573302583], [-51.26125438299994, -23.802139556302606], [-51.26177756399994, -23.803990797302568], [-51.261910787999966, -23.805663461302476], [-51.26236773599993, -23.80685760630251], [-51.26327840599998, -23.807632753302446], [-51.26483712099997, -23.807749577302477], [-51.26646028799996, -23.807627290302467], [-51.26782346199997, -23.80738594530247], [-51.26892750099994, -23.807443770302466], [-51.26925341399993, -23.808040662302425], [-51.268996497999986, -23.809415269302395], [-51.26821958199998, -23.810551795302423], [-51.26666327099996, -23.811629922302362], [-51.26568992599993, -23.81199007730236], [-51.26419791099994, -23.812769338302335], [-51.26283308799997, -23.813400094302338], [-51.26207126899993, -23.81358952930232], [-51.260929861999955, -23.81435621430234], [-51.26051628599999, -23.815376575302285], [-51.26031203699995, -23.817161337302252], [-51.26065985399999, -23.817893631302216], [-51.26075119899997, -23.818678175302203], [-51.26077543299994, -23.8188862863022], [-51.26077665799994, -23.818896781302215], [-51.26078142299997, -23.818937706302226], [-51.260904588999956, -23.819040339302216], [-51.26135574899996, -23.819485679302208], [-51.26139285299996, -23.8196547463022], [-51.26142566199996, -23.819804208302223], [-51.26142597299997, -23.81996071830217], [-51.26142655299998, -23.820250305302164], [-51.26180889699998, -23.820918812302146], [-51.26203200099997, -23.821102852302168], [-51.262851756999964, -23.821494550302138], [-51.264281961999984, -23.822209056302135], [-51.26558192799996, -23.822744536302125], [-51.266623348999985, -23.82387791130208], [-51.26714547399995, -23.825131671302053], [-51.26721249899998, -23.826147235302034], [-51.26669537599998, -23.827343048302048], [-51.26617909899994, -23.828957079301983], [-51.26514213199994, -23.830034291301953], [-51.26442928399996, -23.83081221230194], [-51.264301930999984, -23.832067093301937], [-51.26391441499994, -23.83314318230189], [-51.263267938999945, -23.83463793330186], [-51.26307586099995, -23.836012415301834], [-51.26320937899993, -23.837804561301816], [-51.263212031999956, -23.839118964301772], [-51.26321468599997, -23.840433368301767], [-51.26308634699995, -23.841210282301716], [-51.261074594999975, -23.84210989030169], [-51.259712117999975, -23.842888887301672], [-51.258868665999955, -23.84336827330166], [-51.25828478799997, -23.843727727301683], [-51.256661987999955, -23.84426815030163], [-51.25477876999997, -23.84451025930163], [-51.25341611299996, -23.845229456301638], [-51.252963744999924, -23.84642511430159], [-51.25309470099995, -23.846962611301603], [-51.25439498699995, -23.847557927301576], [-51.255371672999956, -23.848751226301573], [-51.25628200899996, -23.84922768130151], [-51.25699877599993, -23.85036165530152], [-51.25706609099995, -23.85155645830146], [-51.257002899999975, -23.852452749301452], [-51.25739536599997, -23.853826245301473], [-51.25798224799996, -23.854960431301386], [-51.258118597999946, -23.854980424301406], [-51.258677431999956, -23.855549413301386], [-51.25922356399997, -23.856549413301394], [-51.25969925099997, -23.857317055301344], [-51.25969232299997, -23.857728283301366], [-51.259692754999946, -23.857730987301355], [-51.25987204499995, -23.857944539301343], [-51.26032856599994, -23.858839952301338], [-51.26059008699997, -23.859675950301284], [-51.26072228399994, -23.860810893301267], [-51.26065851599998, -23.861408457301277], [-51.260659233999945, -23.86176692930124], [-51.26085508099993, -23.862244563301264], [-51.261116011999945, -23.862781832301213], [-51.26157159899998, -23.86319927730125], [-51.26150747499997, -23.863617606301244], [-51.261573758999994, -23.864274695301205], [-51.261575198999935, -23.86499163930121], [-51.26164196399998, -23.865887710301187], [-51.26207717099993, -23.866932518301123], [-51.26222917999996, -23.867141369301148], [-51.26249097099997, -23.868096852301107], [-51.26249229599994, -23.86875405130108], [-51.26184310699995, -23.868994139301073], [-51.26106290599996, -23.86869673630109], [-51.260216903999954, -23.867981220301154], [-51.259047745999965, -23.86810268330112], [-51.258268975999954, -23.86852221030114], [-51.25749079399998, -23.869240461301082], [-51.25638846999993, -23.8703177213011], [-51.25567628999994, -23.87157356230106], [-51.254833572999985, -23.87253088830103], [-51.25418645199994, -23.873846361300973], [-51.25366867599996, -23.87486288930099], [-51.25293277499998, -23.876052084300962], [-51.25230754999995, -23.87653800130095], [-51.25088130199998, -23.87815346230088], [-51.25029770699996, -23.878751867300863], [-51.249521021999946, -23.880306512300837], [-51.24887335199997, -23.88138298030082], [-51.24764124799998, -23.88263962330083], [-51.245433264999974, -23.883240615300792], [-51.243550132999985, -23.883841061300757], [-51.24114740599998, -23.884561791300747], [-51.239068540999945, -23.884744271300782], [-51.237379192999974, -23.884746886300753], [-51.23582033599996, -23.88504801130076], [-51.234132380999945, -23.88582728030071], [-51.23270484299997, -23.88690486430071], [-51.23134140899998, -23.887504375300715], [-51.22965212999998, -23.887566651300713], [-51.22789734899993, -23.887330278300713], [-51.22666248699995, -23.887152865300692], [-51.225428145999956, -23.88727416930069], [-51.22530057299996, -23.888648503300665], [-51.22543301199994, -23.890082202300647], [-51.226150778999965, -23.89181376830059], [-51.226932604999945, -23.893007527300547], [-51.22654449899994, -23.89402377230055], [-51.226091200999974, -23.894920621300546], [-51.22570308299999, -23.895936864300502], [-51.22453539199995, -23.89707373730048], [-51.22473240099998, -23.89826835830043], [-51.224993877999964, -23.899164158300437], [-51.22395622099998, -23.900360581300404], [-51.22369813999995, -23.901436374300367], [-51.22447979699996, -23.90251065330038], [-51.225066098999946, -23.903346232300365], [-51.22493737099995, -23.904063366300303], [-51.222923769999966, -23.904604005300293], [-51.22155918799996, -23.904665723300354], [-51.220065038999955, -23.904966595300298], [-51.21837532599994, -23.904909258300318], [-51.217204196999944, -23.904074481300317], [-51.21655325499995, -23.90341819930036], [-51.21518808899997, -23.903121388300377], [-51.214213325999935, -23.90312274830036], [-51.213044588999935, -23.90372182630035], [-51.212531800999955, -23.90413907030035], [-51.211615998999946, -23.9043809993003], [-51.20986217899998, -23.904861365300327], [-51.20869350299995, -23.905520155300305], [-51.20570483399996, -23.905942400300273], [-51.20388485999997, -23.905705842300293], [-51.20314339899994, -23.905613885300305], [-51.20232464799995, -23.905349429300287], [-51.20108964899998, -23.905171813300317], [-51.200050343999976, -23.905471895300273], [-51.198686014999964, -23.905712646300316], [-51.19725642199995, -23.90577423230026], [-51.19608713199994, -23.906074454300285], [-51.19472296799995, -23.906434660300253], [-51.19335888499996, -23.906854600300267], [-51.19251547999994, -23.907811585300273], [-51.19089177899997, -23.90847080930025], [-51.18907292499995, -23.909010766300188], [-51.18790410499997, -23.909669398300185], [-51.186475063999985, -23.91014910130017], [-51.18498059799998, -23.910330143300175], [-51.18407127499995, -23.910689707300172], [-51.183422994999944, -23.911825645300155], [-51.182384852999974, -23.913021789300128], [-51.18167139099995, -23.91403830630009], [-51.18095783499996, -23.914995075300094], [-51.18043940599994, -23.91607110130004], [-51.17901100699998, -23.917088444300017], [-51.17816742999997, -23.918045350299995], [-51.17806801299998, -23.919206155300017], [-51.17798178999993, -23.919390534299968], [-51.177982604999954, -23.91998533329996], [-51.17812429099996, -23.920406722299944], [-51.17816823299995, -23.920537429299962], [-51.178137928999945, -23.920734193299978], [-51.17807661399996, -23.92113233529996], [-51.17779304499993, -23.921534471299946], [-51.177476945999956, -23.92198273929996], [-51.17738526499995, -23.922535158299915], [-51.177479392999935, -23.923107099299926], [-51.177525076999984, -23.92338470729991], [-51.177360663999934, -23.923631007299917], [-51.17725512799996, -23.924096661299885], [-51.17646525199995, -23.924388678299874], [-51.174910171999954, -23.924712180299867], [-51.174100653999965, -23.92528152129988], [-51.173433811999985, -23.92575051329985], [-51.17160837599994, -23.927504160299804], [-51.17062220199994, -23.928894232299758], [-51.16962868599995, -23.930294618299726], [-51.169436287999986, -23.931867697299722], [-51.16947820899997, -23.93199956129969], [-51.16928278299997, -23.932812498299697], [-51.169219262999945, -23.933947729299653], [-51.16987074599995, -23.935082171299648], [-51.17026215899995, -23.93615715329961], [-51.17019864699995, -23.93729238429962], [-51.16928995099994, -23.93830905729957], [-51.16838139499998, -23.93944521729954], [-51.167797607999944, -23.940401779299513], [-51.167474135999946, -23.94159703729948], [-51.16669485899996, -23.94219533829949], [-51.16572040999995, -23.94267435329948], [-51.16513620799997, -23.943332180299457], [-51.16513719699998, -23.944108868299427], [-51.16539843499999, -23.94506451029941], [-51.166179570999994, -23.945900100299404], [-51.167090729999984, -23.94673554529938], [-51.16819691999996, -23.94757077029937], [-51.16884823099997, -23.94852597929934], [-51.16943422999997, -23.949242276299312], [-51.170279954999955, -23.949719302299293], [-51.17054077199998, -23.9503164652993], [-51.17067125899996, -23.950674790299313], [-51.17086707099997, -23.951272025299293], [-51.171388085999986, -23.951988386299288], [-51.17158390299994, -23.95258561929927], [-51.17113017899994, -23.95360179329922], [-51.17139171699995, -23.954736659299233], [-51.171848688999944, -23.956170032299195], [-51.17178478599993, -23.95700653529914], [-51.17102891699995, -23.957316275299164], [-51.17077570899993, -23.957380770299174], [-51.16934339599993, -23.958019639299152], [-51.169011470999976, -23.95822815329916], [-51.16899913699996, -23.958235898299108], [-51.168327147999946, -23.958658036299138], [-51.16800718199994, -23.959178383299143], [-51.167902968999954, -23.959347860299122], [-51.167542871999956, -23.959933458299087], [-51.167004394999935, -23.961112613299058], [-51.16686853199996, -23.961325910299063], [-51.16613068399994, -23.96229187429903], [-51.16484782799995, -23.962936700299007], [-51.16401182499994, -23.96292158829904], [-51.16385279999997, -23.96291871429902], [-51.16298060499997, -23.962902947299032], [-51.16045164999996, -23.96251239529904], [-51.15887443999998, -23.96247077029906], [-51.15737851199998, -23.962444083299054], [-51.15484885899997, -23.961445744299038], [-51.15321454999998, -23.96098267129906], [-51.15227060299998, -23.96093259529908], [-51.151891902999985, -23.96091250129905], [-51.15115749499995, -23.961392876299094], [-51.15088169599994, -23.96191440329906], [-51.15099956499995, -23.96291519629904], [-51.151490083999924, -23.964061022298992], [-51.15177968399996, -23.964737517298957], [-51.15244279299998, -23.96627397129896], [-51.15279433499995, -23.967489013298934], [-51.15279527899997, -23.96828976129894], [-51.152796185999925, -23.969061864298894], [-51.152135698999984, -23.969777457298868], [-51.150044597999965, -23.971489154298858], [-51.14968721599997, -23.971781682298833], [-51.14918362999998, -23.973641005298823], [-51.14871798299999, -23.974678111298743], [-51.14854868599997, -23.97501762529876], [-51.14805814199996, -23.976001382298765], [-51.14767000299997, -23.976788180298723], [-51.14689306699995, -23.97778983429871], [-51.14635660499994, -23.97844849029867], [-51.14619376899998, -23.978648425298683], [-51.14568901499996, -23.979542575298677], [-51.14565075099995, -23.980114554298634], [-51.14522379899995, -23.98100863129861], [-51.144562734999965, -23.981295228298627], [-51.14440616199994, -23.9812679792986], [-51.14374557299993, -23.9811530062986], [-51.14292793699997, -23.980581825298614], [-51.14259304899996, -23.980287027298658], [-51.14229452799998, -23.979739832298634], [-51.14183884499994, -23.97926229429867], [-51.14086318099998, -23.97896446829866], [-51.14021308499997, -23.979084553298655], [-51.13956318199997, -23.979383870298694], [-51.13878354999998, -23.979982028298615], [-51.13819942699996, -23.98099822029861], [-51.13735494499997, -23.981775664298585], [-51.13624979099995, -23.982015629298637], [-51.13546993899997, -23.98243453529862], [-51.13495067899999, -23.983331167298573], [-51.134561400999985, -23.984167938298572], [-51.13410727699995, -23.98518400129857], [-51.13339254799996, -23.9857223292985], [-51.13287307799993, -23.986439719298517], [-51.13222348599999, -23.98709747629851], [-51.131248632999984, -23.987636017298463], [-51.13040376399994, -23.988114698298457], [-51.12936404799996, -23.988832518298466], [-51.12858425199994, -23.989370877298416], [-51.127755191999945, -23.989466795298416], [-51.126679767999974, -23.989898545298423], [-51.12651708699997, -23.98996385529844], [-51.125549269999965, -23.990536603298413], [-51.12312918499999, -23.9914282602984], [-51.12066014699997, -23.99188398029836], [-51.12037024099993, -23.991884211298377], [-51.119537983999976, -23.992012317298414], [-51.11865956599996, -23.992225425298372], [-51.11859307599997, -23.992256034298393], [-51.118531529999984, -23.992284364298353], [-51.117827539999944, -23.992608433298397], [-51.11681042099997, -23.992864125298375], [-51.11661637599997, -23.99288804529838], [-51.116093912999986, -23.99295245129835], [-51.115423273999966, -23.993035116298383], [-51.11513328199993, -23.993019662298334], [-51.11463710299995, -23.992993218298384], [-51.11421678999995, -23.992749772298374], [-51.11389355599994, -23.99256254829837], [-51.11375803599998, -23.992484050298383], [-51.113688166999964, -23.99239434329836], [-51.113558154999964, -23.9922274002984], [-51.11330450899994, -23.991414254298384], [-51.11297852999997, -23.990458576298437], [-51.11271789699998, -23.989861317298434], [-51.11213176599995, -23.98884608329843], [-51.11213109299995, -23.988069398298503], [-51.11187026199997, -23.987233159298505], [-51.11134958599996, -23.986695833298477], [-51.11069993399997, -23.98741324229847], [-51.10966011299996, -23.988130929298475], [-51.10874988399996, -23.988310812298447], [-51.10757978999993, -23.988789598298474], [-51.10601937499996, -23.98908940829846], [-51.10484921699998, -23.989508428298436], [-51.10432961899994, -23.990285467298428], [-51.10394007299993, -23.99106241629842], [-51.103745558999954, -23.991126390298415], [-51.10358364099994, -23.9913441562984], [-51.10159550499997, -23.991727852298368], [-51.100358195999945, -23.99157367029841], [-51.10015742099995, -23.991591701298375], [-51.09872822999995, -23.994799642298336], [-51.09855449099995, -23.996569214298304], [-51.09797196099998, -23.998044135298272], [-51.09744355799995, -23.99880663129825], [-51.09744747899998, -23.999116873298256], [-51.09724344199998, -23.999438719298215], [-51.096904860999985, -23.999659371298208], [-51.09654339199995, -23.99989493629821], [-51.09590164799994, -24.000270681298193], [-51.09534741899995, -24.00061955629818], [-51.094968319999964, -24.000995129298204], [-51.09461353299997, -24.001874790298196], [-51.09475995999997, -24.002891865298164], [-51.09478562399993, -24.003070126298123], [-51.095055382999924, -24.004082083298105], [-51.09600861399997, -24.005772437298084], [-51.096080920999945, -24.005900660298067], [-51.09651920799996, -24.006597449298074], [-51.09683722799998, -24.007070648298058], [-51.096130303999985, -24.00841690129803], [-51.095061892999986, -24.009198926297994], [-51.09442015099995, -24.009655094298008], [-51.09427203499995, -24.009770904298026], [-51.09383677899996, -24.010111220297958], [-51.093574460999946, -24.010593962297985], [-51.093634830999974, -24.011119097297954], [-51.09398381699997, -24.011639301297933], [-51.093832081999956, -24.011949948297925], [-51.09383125099998, -24.011950444297973], [-51.09363389799995, -24.012068472297933], [-51.09278805099996, -24.012819666297943], [-51.092171346999976, -24.01333289229795], [-51.091855241999944, -24.014428827297884], [-51.09165156199998, -24.0153136722979], [-51.09181961699994, -24.016140422297866], [-51.09188587599994, -24.016466360297866], [-51.09192441199996, -24.016712994297865], [-51.09195663899993, -24.016919251297868], [-51.09199568699995, -24.01716917029785], [-51.092177554999985, -24.017680341297815], [-51.09229010199994, -24.017914876297812], [-51.09246417099995, -24.0182776182978], [-51.09263119599996, -24.01863495429783], [-51.09269868099995, -24.018779330297797], [-51.09320291099993, -24.01919782529782], [-51.093749356999986, -24.019907420297784], [-51.094424120999975, -24.02072468529774], [-51.09460352299993, -24.020941967297723], [-51.09583542699994, -24.0218119372977], [-51.09594707499997, -24.02217439029774], [-51.09607249299995, -24.022370597297712], [-51.096369912999926, -24.022835894297714], [-51.09637011399997, -24.02283970729767], [-51.09628907299998, -24.023382107297707], [-51.09627474299998, -24.02347802329766], [-51.09626989599997, -24.023510482297677], [-51.096648847999965, -24.02386297829767], [-51.09679523299996, -24.02445269729766], [-51.09711649099995, -24.02469378929766], [-51.09713686899994, -24.024923254297686], [-51.097185352999986, -24.025469154297635], [-51.09731419299993, -24.026796812297636], [-51.09768324199996, -24.027234304297625], [-51.09810744299995, -24.027737169297616], [-51.09814043199999, -24.027776274297583], [-51.09849104999995, -24.02823181729757], [-51.098754078999946, -24.028660606297564], [-51.09862404499995, -24.029361134297538], [-51.098083394999954, -24.02954576129755], [-51.09756490799998, -24.03028425529755], [-51.097179479999966, -24.030833216297527], [-51.09646214699995, -24.031485088297508], [-51.09592520499996, -24.03204045029749], [-51.09552860399998, -24.0324250242975], [-51.09494381399997, -24.032799426297466], [-51.094525975999936, -24.033066937297455], [-51.09370781299998, -24.033516366297462], [-51.09327021099995, -24.03386516029745], [-51.092744951999975, -24.034106773297452], [-51.09223230099997, -24.034115958297473], [-51.092225506999974, -24.034116081297483], [-51.09125610199993, -24.033946808297447], [-51.090609463999954, -24.034253525297437], [-51.09057344099995, -24.034270613297483], [-51.08964676499994, -24.03447659329745], [-51.08900888399995, -24.03461837529747], [-51.08894237199997, -24.034633020297427], [-51.08799722799995, -24.034841148297424], [-51.08606048699994, -24.03580869529741], [-51.084796420999965, -24.036222012297383], [-51.08428111899997, -24.03639049929745], [-51.08323055999995, -24.036900467297393], [-51.082720909999985, -24.0371898962974], [-51.08199997899994, -24.037599313297402], [-51.08112971999998, -24.038402947297353], [-51.08089871699996, -24.038536698297378], [-51.08075190699997, -24.038621696297348], [-51.08034182999995, -24.03885912629736], [-51.07956196999999, -24.03919027029733], [-51.07888241999996, -24.039154792297367], [-51.078367414999946, -24.039501284297366], [-51.07820739999994, -24.039608937297345], [-51.077686036999985, -24.039959700297295], [-51.07695660099996, -24.040576698297286], [-51.07689565999994, -24.0407088162973], [-51.07654843499995, -24.0414616232973], [-51.07599464599998, -24.04293644329727], [-51.07547093499995, -24.044125749297265], [-51.075463775999935, -24.044142010297254], [-51.07470704799994, -24.04455888429723], [-51.07439007999994, -24.044733494297216], [-51.07399208299995, -24.044909173297196], [-51.07366043299999, -24.045055564297186], [-51.073352683999985, -24.045104169297208], [-51.07263876299998, -24.0452169122972], [-51.07217190299997, -24.045646089297183], [-51.07186540099997, -24.046446962297175], [-51.07107918599996, -24.047558291297175], [-51.070234848999974, -24.04850022629717], [-51.070100808999946, -24.04864975629716], [-51.069955111999946, -24.049159210297127], [-51.069775138999944, -24.049403453297124], [-51.06955513499998, -24.049702013297093], [-51.06939121799997, -24.049924452297116], [-51.06934248299996, -24.049990596297132], [-51.06875115699995, -24.050483199297116], [-51.068408671999975, -24.05076849829709], [-51.06773302999995, -24.051249328297096], [-51.06750397899997, -24.051412333297094], [-51.06745610699994, -24.0514306772971], [-51.066938163999964, -24.05162912729707], [-51.06680344599993, -24.051680743297062], [-51.06588558699997, -24.05196853329708], [-51.06551908399996, -24.05208344329706], [-51.06527583299993, -24.052097962297047], [-51.064720884999986, -24.052131074297087], [-51.06433049499998, -24.05174902729707], [-51.06387410599996, -24.05119074929706], [-51.06386611599999, -24.051180977297065], [-51.063861782999936, -24.05117567729706], [-51.06386099799994, -24.051191667297072], [-51.06386044599998, -24.051202944297074], [-51.06385930899996, -24.05122610329709], [-51.06383601699997, -24.051701439297048], [-51.06378413199997, -24.052036031297042], [-51.06365398899994, -24.05253215329705], [-51.063602315999965, -24.052729140297025], [-51.063489398999934, -24.05313312029706], [-51.06342858999994, -24.05335068329703], [-51.06342039599997, -24.053622281297017], [-51.06315541699996, -24.05436327729705], [-51.06300020499998, -24.05488085329702], [-51.06292223099996, -24.055140856297005], [-51.06289346899995, -24.056025592296983], [-51.062893859999974, -24.056829885296956], [-51.062754763999976, -24.057064297296943], [-51.06254379099994, -24.05741984629694], [-51.06204548599993, -24.058003474296946], [-51.06184379499996, -24.05889466929694], [-51.06178563199995, -24.059377271296896], [-51.06120213699995, -24.060289037296883], [-51.060940267999975, -24.06061997129691], [-51.06073526999996, -24.06087903829685], [-51.060583494999946, -24.06139756929684], [-51.06056161699996, -24.06147231429685], [-51.06056169799996, -24.06164425129685], [-51.060565818999976, -24.061653703296876], [-51.060590444999946, -24.061710161296837], [-51.06066591299999, -24.061883190296832], [-51.06087427499995, -24.06221767629686], [-51.06092660099994, -24.0627912052968], [-51.06087402799994, -24.06300885529683], [-51.060822694999956, -24.063221406296822], [-51.060822877999954, -24.063603769296787], [-51.06096266499998, -24.06375532729681], [-51.06105722199993, -24.063857846296806], [-51.061109315999936, -24.063914326296814], [-51.06173400999995, -24.064057462296823], [-51.062124491999946, -24.064248483296804], [-51.062463049999955, -24.0647024062968], [-51.06269210799996, -24.064853696296765], [-51.063052219999975, -24.065057225296787], [-51.06305398999996, -24.065059485296754], [-51.06389488199994, -24.065466541296775], [-51.06422520099994, -24.065558703296773], [-51.06449357099996, -24.06563357629678], [-51.06481492699999, -24.06568261629675], [-51.06543059799998, -24.06577656729674], [-51.06567427799996, -24.06595539229676], [-51.06569095999998, -24.065967636296772], [-51.064910512999965, -24.06666100529674], [-51.06441132799995, -24.067028032296708], [-51.064268975999944, -24.067132695296706], [-51.063786739999955, -24.067591295296705], [-51.06362913399994, -24.06774116929674], [-51.063048967999976, -24.068134729296695], [-51.06240320999996, -24.068572776296673], [-51.06208530099997, -24.06893450229672], [-51.06179036699996, -24.069270080296686], [-51.06126516899997, -24.070047772296654], [-51.06119827799994, -24.070101561296642], [-51.06095969099994, -24.07029340829663], [-51.06079815999994, -24.070423298296674], [-51.06065922499994, -24.070516932296663], [-51.06036031199994, -24.070718383296676], [-51.060083443999986, -24.071031103296626], [-51.05871764999995, -24.072573746296637], [-51.05847931499994, -24.073314219296574], [-51.05838105999993, -24.073856859296612], [-51.05840736299996, -24.07445429429657], [-51.05840349999995, -24.0745620832966], [-51.058381818999976, -24.075166849296565], [-51.058381664999956, -24.07517123829653], [-51.05840797999996, -24.07581646429653], [-51.05848659499998, -24.076090271296515], [-51.05852501699997, -24.076224089296563], [-51.05855270799998, -24.077631843296484], [-51.05869921499993, -24.077850420296482], [-51.05896233599997, -24.078547374296512], [-51.05925468999993, -24.079297931296498], [-51.059926598999944, -24.079914292296444], [-51.06031500299998, -24.080503397296454], [-51.05992737099996, -24.081576499296435], [-51.05974783999994, -24.08202083829638], [-51.05963965699994, -24.082288597296376], [-51.059632610999984, -24.08231614329639], [-51.05989324199993, -24.083032972296373], [-51.06034887899994, -24.08327177029637], [-51.059503122999956, -24.083750056296388], [-51.05865741399998, -24.08434782629633], [-51.05862473999996, -24.084377849296356], [-51.05829354199995, -24.084794296296366], [-51.057505429999935, -24.085572079296337], [-51.05672676199998, -24.08640278929631], [-51.05546180299995, -24.086832888296286], [-51.05467336499998, -24.08691360329631], [-51.053795149999985, -24.0869186832963], [-51.05284105199996, -24.087469977296283], [-51.05251292699995, -24.08830846629625], [-51.052104328999974, -24.08889841829627], [-51.051754003999974, -24.08919344729624], [-51.050618303999954, -24.08935845629624], [-51.05012233799994, -24.089520936296257], [-51.04962473399997, -24.08968394529627], [-51.048965730999946, -24.090162860296232], [-51.04855313999996, -24.090560162296235], [-51.04850794599997, -24.090564786296213], [-51.04805261799999, -24.09116237229622], [-51.04740197999996, -24.09158078529619], [-51.046881518999946, -24.092058900296205], [-51.04564523999994, -24.092716460296167], [-51.04486436299993, -24.09295566829615], [-51.04453919099996, -24.093612950296148], [-51.04431160199993, -24.09390564529613], [-51.04419202699995, -24.09402156429612], [-51.043703548999986, -24.094563126296134], [-51.04257747199995, -24.09545259129612], [-51.04214829599994, -24.095791583296123], [-51.04177573399995, -24.096487520296108], [-51.043882180999965, -24.099061098296062], [-51.04372785399994, -24.099620298296045], [-51.04372184999994, -24.09962778029605], [-51.04329219099998, -24.100163196296023], [-51.04297112099994, -24.100681933296013], [-51.042627129999964, -24.10112429429601], [-51.042318619999946, -24.10176216129596], [-51.04196393499996, -24.102459679295976], [-51.04178507599994, -24.10275035429595], [-51.041597440999965, -24.103114251295942], [-51.04153745199994, -24.103230591295915], [-51.04144907899996, -24.10388214129595], [-51.041326768999966, -24.104512605295916], [-51.04127639699994, -24.10477225029587], [-51.04102901799996, -24.106023282295887], [-51.041027406999945, -24.106540871295895], [-51.04100691899998, -24.107205440295864], [-51.04100128599998, -24.107759850295853], [-51.041054348999985, -24.108427078295836], [-51.04114921799993, -24.109312457295832], [-51.04115587999996, -24.10974191129579], [-51.04116023799997, -24.11002308229577], [-51.04123787399993, -24.11062721929579], [-51.04126588899993, -24.110845249295767], [-51.04126608799998, -24.111473988295735], [-51.04121608299993, -24.111590919295764], [-51.04122588599995, -24.111716359295738], [-51.04096579399992, -24.112552847295735], [-51.04057546099995, -24.113210135295734], [-51.03985965299995, -24.113807765295736], [-51.038948420999986, -24.11392748829568], [-51.03777685899997, -24.11416675829569], [-51.036735560999944, -24.114704709295694], [-51.03595470199997, -24.11554131129566], [-51.03582111399999, -24.116032296295653], [-51.03576214199995, -24.116512383295667], [-51.03577186299998, -24.11749972529563], [-51.03593763099997, -24.1191958662956], [-51.036568795999976, -24.120416158295566], [-51.03705932299994, -24.12113074729552], [-51.03735373599994, -24.121559643295527], [-51.03809916599994, -24.122776743295518], [-51.038241178999954, -24.123119415295502], [-51.038563188999944, -24.123896422295495], [-51.03878589399994, -24.12456216529549], [-51.038914809999945, -24.12487355429547], [-51.039026124999964, -24.12507219129545], [-51.03935995799998, -24.125297621295456], [-51.03993969099997, -24.12544244729544], [-51.041598110999985, -24.125869848295455], [-51.04219105199996, -24.126233934295453], [-51.04246939199999, -24.126442721295458], [-51.04370385499993, -24.127368712295418], [-51.04517381299996, -24.127886326295393], [-51.04588460999997, -24.12813661029539], [-51.045918882999956, -24.128153430295377], [-51.04772079199995, -24.129037677295393], [-51.04901088399999, -24.1295404382954], [-51.05191939599997, -24.130673865295314], [-51.05086253999997, -24.13162829229531], [-51.05071439599993, -24.13176207729532], [-51.05017275699998, -24.132649741295296], [-51.04932050299993, -24.133724138295296], [-51.04925087299995, -24.13381028029529], [-51.04804625299994, -24.13530060229524], [-51.04779026299997, -24.13573812929521], [-51.047612567999984, -24.135913604295194], [-51.04758555999996, -24.135938268295213], [-51.04727398299997, -24.13635359829522], [-51.04718124699997, -24.136470627295186], [-51.04673952099995, -24.13699528729523], [-51.04673379599996, -24.13700680729522], [-51.04559863599996, -24.139289791295134], [-51.04558296999995, -24.139328145295163], [-51.04457185799998, -24.140011321295145], [-51.04330588499994, -24.14086204929511], [-51.042969177999964, -24.14153550529511], [-51.042202644999975, -24.142206774295108], [-51.04208026499999, -24.142473146295103], [-51.042128281999965, -24.14276472429507], [-51.04241013099994, -24.143299267295074], [-51.04241102399993, -24.143300980295084], [-51.042410749999924, -24.14330220329505], [-51.042346405999986, -24.143593346295066], [-51.04226808399994, -24.143892951295033], [-51.042011092999985, -24.144040810295056], [-51.04128358699995, -24.144200786295016], [-51.04072161099998, -24.144320764295056], [-51.040177161999964, -24.144674462295022], [-51.039661217999935, -24.14536171129502], [-51.03942165299998, -24.145529538294998], [-51.038634282999965, -24.14572895029502], [-51.038531374999934, -24.145836725295023], [-51.03849449599994, -24.14593987129498], [-51.038342031999946, -24.14636629829501], [-51.038186414999984, -24.146814352294996], [-51.03817971399996, -24.14683365229495], [-51.03755617699994, -24.147398173294956], [-51.03747120199995, -24.147475109294977], [-51.03649779399996, -24.14819849229494], [-51.03628205099995, -24.14835782729496], [-51.035870314999954, -24.14862618829496], [-51.03563458399998, -24.14877983729493], [-51.03543530699995, -24.148927774294933], [-51.035100840999974, -24.14921169829494], [-51.034916659999965, -24.149389780294946], [-51.03485296799994, -24.14945136329493], [-51.03469813799996, -24.149601060294913], [-51.03433406499994, -24.149874569294912], [-51.03399874799993, -24.15016725129492], [-51.03384555799994, -24.15034100729489], [-51.03343335699998, -24.150848299294896], [-51.03334787999996, -24.1509534292949], [-51.03334761899998, -24.150954107294893], [-51.033345249999975, -24.15096033429491], [-51.033230412999956, -24.15126208329487], [-51.033153003999985, -24.151401079294896], [-51.03286802799994, -24.15172895329489], [-51.032609873999945, -24.151901959294893], [-51.03260937699997, -24.151902479294854], [-51.03221622499996, -24.152316896294842], [-51.03201195999998, -24.15253598129487], [-51.03174200299998, -24.152807095294847], [-51.031664877999965, -24.152911920294844], [-51.03164540299997, -24.152996035294834], [-51.03162697699997, -24.153097152294865], [-51.031625832999964, -24.153103440294817], [-51.031744076999985, -24.15360017829485], [-51.03182249199995, -24.153869608294848], [-51.032293720999974, -24.154319789294796], [-51.03303388799998, -24.154828270294786], [-51.03317701299994, -24.155102771294807], [-51.03320678599994, -24.155211923294807], [-51.03328499799994, -24.155522571294775], [-51.03354557199998, -24.156000468294767], [-51.03375176399993, -24.156473119294752], [-51.03391042199996, -24.156836796294805], [-51.03391055399993, -24.15733864329474], [-51.03391061999997, -24.157601516294722], [-51.03390842599998, -24.157619682294737], [-51.033858646999924, -24.158031682294713], [-51.03390109299993, -24.158495117294738], [-51.03396051899995, -24.158474088294767], [-51.03437962499998, -24.15831833729474], [-51.03479629399993, -24.158127060294746], [-51.03549945999998, -24.157911823294732], [-51.03624960099995, -24.15774421729473], [-51.03646307199995, -24.157696520294728], [-51.03692272799998, -24.157609144294767], [-51.037129620999956, -24.157600186294754], [-51.03764916299997, -24.157380926294756], [-51.03792147099995, -24.157266006294783], [-51.038923541999964, -24.15669833929475], [-51.03914537499998, -24.156572669294764], [-51.03944253499998, -24.15636221129479], [-51.03945365799996, -24.156348488294803], [-51.039640083999984, -24.1561184902948], [-51.03998610599995, -24.155725173294773], [-51.04018683099997, -24.155497013294777], [-51.040405204999956, -24.155355923294785], [-51.041078065999955, -24.154921198294794], [-51.04159295099999, -24.1545885312948], [-51.04206571699996, -24.15437804729482], [-51.04245229799994, -24.15420593029485], [-51.04287511599995, -24.154082360294826], [-51.04297565799993, -24.154058063294848], [-51.04298300899995, -24.15405516329481], [-51.04302521499994, -24.154038492294852], [-51.04349405199997, -24.154157844294797], [-51.043754582999945, -24.15439674729482], [-51.04391098199995, -24.154802960294827], [-51.044052328999946, -24.1549844082948], [-51.04417154499999, -24.155137449294774], [-51.044269981999946, -24.15517354329482], [-51.044413230999965, -24.155267959294793], [-51.04441738999997, -24.155268315294776], [-51.044493545999956, -24.155274837294815], [-51.04456226799993, -24.155280720294783], [-51.04476151299997, -24.15523190429478], [-51.04594875499998, -24.15504169729479], [-51.04757436699998, -24.155175650294833], [-51.04789731799997, -24.15530940329483], [-51.04850746899995, -24.15556209929478], [-51.04895069199995, -24.156239365294784], [-51.04951294099993, -24.157127002294768], [-51.05046144099998, -24.15791966329475], [-51.05177110699998, -24.158639446294703], [-51.05307911199998, -24.159159968294723], [-51.05309691299993, -24.159167052294745], [-51.05294370399997, -24.159250922294706], [-51.05263615999996, -24.159627458294736], [-51.05198511899994, -24.159866656294696], [-51.051138828999974, -24.160344892294685], [-51.04996695999995, -24.160823230294664], [-51.04899063199997, -24.161839189294668], [-51.047831266999935, -24.162758505294615], [-51.04745779799998, -24.163088838294637], [-51.04743660499997, -24.16310470429464], [-51.046637070999964, -24.163630400294643], [-51.04649831999995, -24.163721624294602], [-51.04637998099997, -24.16378194129461], [-51.04620836099997, -24.1638694112946], [-51.04597878299995, -24.163910096294586], [-51.045272660999956, -24.16388432829458], [-51.044453381999965, -24.164444646294633], [-51.04388503599994, -24.165104067294575], [-51.043007637999956, -24.16564213329455], [-51.04275388899999, -24.16581551029456], [-51.04255802799998, -24.165927703294567], [-51.042497258999965, -24.16596251429455], [-51.04168126899998, -24.166656354294524], [-51.04083570999995, -24.167302113294507], [-51.040555334999965, -24.16751623629455], [-51.03999365699997, -24.167973405294493], [-51.039977713999974, -24.167986380294494], [-51.039696911999954, -24.168921838294494], [-51.03970236699996, -24.168952889294502], [-51.03969907399994, -24.16895683329451], [-51.03910903099995, -24.16966416329451], [-51.03834861099995, -24.170226262294488], [-51.037418970999965, -24.17091342829444], [-51.03741573199994, -24.170917660294478], [-51.03741096499993, -24.170923887294453], [-51.03694178499996, -24.17153711229443], [-51.035713004999934, -24.173155118294392], [-51.03418300799996, -24.175529537294373], [-51.03334475799995, -24.176830387294295], [-51.03313294599997, -24.17701690429433], [-51.031660260999956, -24.1783137022943], [-51.03165451999996, -24.178321064294312], [-51.031169802999955, -24.178942864294285], [-51.029978519999986, -24.180471020294256], [-51.02996639899993, -24.180483378294245], [-51.02948801499997, -24.18101007429425], [-51.02847251799995, -24.18212417329422], [-51.02768345599998, -24.1833438072942], [-51.02754122099998, -24.18358342829418], [-51.02675005999998, -24.184916289294122], [-51.02630113199996, -24.185478261294136], [-51.025516146999955, -24.186460902294122], [-51.025472389999955, -24.186537143294114], [-51.025328442999985, -24.186787955294083], [-51.02480115399993, -24.1877066362941], [-51.02427939199998, -24.188122197294106], [-51.02385609699996, -24.188600963294054], [-51.02339241999994, -24.189214368294067], [-51.02296046699996, -24.189785803294036], [-51.022300866999956, -24.19127469129404], [-51.02215317499997, -24.191814304294027], [-51.02179901599994, -24.193108275294], [-51.021070055999985, -24.19406167129398], [-51.02106149599996, -24.194072861293918], [-51.02047985399998, -24.194833581293924], [-51.01950937799995, -24.19552830029394], [-51.018857897999965, -24.19632645729389], [-51.01834716899997, -24.197054153293873], [-51.018296891999974, -24.197125791293885], [-51.017910308999944, -24.197940931293846], [-51.01732467799996, -24.19912560429384], [-51.01704117999998, -24.199576122293806], [-51.01702431299998, -24.199602931293825], [-51.01636740399993, -24.20031968929382], [-51.01624720899997, -24.20045083229379], [-51.01619728399998, -24.20057848429379], [-51.01539976499999, -24.2013553242938], [-51.01514935999996, -24.201711227293803], [-51.015009394999936, -24.201862199293764], [-51.01436521399995, -24.20255702529377], [-51.01388518699997, -24.20300673529376], [-51.01388347999994, -24.20300833529379], [-51.01332604099997, -24.20389790529373], [-51.012852979999934, -24.20446011229375], [-51.012042220999945, -24.204995543293684], [-51.01104547099993, -24.20586498929369], [-51.010913827999964, -24.205975816293705], [-51.00996455299997, -24.206775006293693], [-51.00936603599996, -24.207124640293664], [-51.008782897999936, -24.207488610293687], [-51.00875136299993, -24.20750011229368], [-51.008727370999964, -24.20750886729364], [-51.00802622199996, -24.20776464529362], [-51.00760759099995, -24.208063738293642], [-51.00738193299998, -24.208293578293613], [-51.00683189799998, -24.208853802293625], [-51.00576885299995, -24.209531067293597], [-51.005712382999945, -24.20956494429361], [-51.00519845199994, -24.209873234293628], [-51.00429036099996, -24.210565333293598], [-51.003745651999964, -24.211021830293614], [-51.00373985799996, -24.211029982293564], [-51.00303198399996, -24.212013888293534], [-51.00168282699997, -24.213296460293545], [-51.00132981699995, -24.21381178329354], [-51.00097308099998, -24.214337930293482], [-51.000920177999944, -24.214399417293528], [-51.00016721399993, -24.215274485293474], [-51.00006105899996, -24.2159680742935], [-50.99999861299994, -24.216119922293466], [-50.99996662299998, -24.21619770929348], [-50.99967973299994, -24.216895302293448], [-50.99933414399993, -24.21737040629346], [-50.99933267199998, -24.21737242929344], [-50.998963765999974, -24.217879584293406], [-50.99873593999996, -24.218156705293413], [-50.998730027999954, -24.21816389729341], [-50.998217110999974, -24.21877731929341], [-50.998000544999975, -24.219036314293433], [-50.99670641299997, -24.220366711293348], [-50.996204865999964, -24.220853498293337], [-50.99592283299995, -24.22110869929335], [-50.99562047599994, -24.221382299293357], [-50.99483442099995, -24.22200279729333], [-50.994334772999935, -24.22246748829331], [-50.993922416999965, -24.22299027429334], [-50.99347877399999, -24.22376770229331], [-50.99313676599996, -24.224319708293265], [-50.99301441899996, -24.22451718429329], [-50.992793834999986, -24.224873206293296], [-50.99237186499994, -24.225433469293236], [-50.991733645999936, -24.226011167293258], [-50.990640983999974, -24.226680674293238], [-50.99044165999993, -24.22680280229323], [-50.98902189199999, -24.227583125293215], [-50.98836029399996, -24.22810374829321], [-50.98814685399998, -24.228349256293182], [-50.98815313599994, -24.228355112293205], [-50.98759966299996, -24.229621669293202], [-50.987599603999975, -24.23020213129314], [-50.988505918999984, -24.23117191829315], [-50.98863531199999, -24.231310372293112], [-50.98919498199996, -24.231721013293136], [-50.98940469099994, -24.231985474293104], [-50.989730347999966, -24.233180359293097], [-50.99005605299993, -24.233837555293093], [-50.99109844299994, -24.234315564293095], [-50.99184659399998, -24.23528758029306], [-50.99202525199996, -24.23543881929305], [-50.992129472999984, -24.235749492293046], [-50.99194703899996, -24.235892865293053], [-50.99116518999995, -24.236155690293046], [-50.99097240399993, -24.23635677329301], [-50.990695915999936, -24.23628707929302], [-50.99059183599997, -24.236275145293057], [-50.99001850099995, -24.236179517293046], [-50.98981618099998, -24.236065332293016], [-50.98968210199996, -24.23603153729305], [-50.98952337699996, -24.235773233293042], [-50.98915852199997, -24.235725410293064], [-50.98876759199993, -24.235892664293015], [-50.98842878399994, -24.23608381629303], [-50.98785540599994, -24.236466127293035], [-50.987412337999956, -24.236752856293016], [-50.98694319599997, -24.237111276293003], [-50.98675067399995, -24.237224437292998], [-50.986630454999954, -24.23723073929303], [-50.98650014499998, -24.237230725293006], [-50.986109227999975, -24.237230690293043], [-50.98574440199997, -24.236919991293032], [-50.98573245199998, -24.236887106293032], [-50.985614134999935, -24.236561517293037], [-50.985483888999966, -24.236083564293015], [-50.98522337299994, -24.235271032293042], [-50.984995688999966, -24.234992598293054], [-50.984832512999965, -24.234793050293046], [-50.98464408299997, -24.234672696293067], [-50.98440244699998, -24.23454685629306], [-50.98412890499998, -24.234530107293054], [-50.983882937999965, -24.234530082293084], [-50.98371193099996, -24.234530063293075], [-50.98306041599995, -24.234529992293076], [-50.98240889099998, -24.234529916293095], [-50.98199191799995, -24.234529870293056], [-50.981627085999946, -24.23443423429309], [-50.981131955999956, -24.23426689529306], [-50.98104570099997, -24.23420096729309], [-50.98078274399995, -24.233999968293087], [-50.98050657199997, -24.233788873293097], [-50.980193896999936, -24.233454271293088], [-50.979568461999975, -24.23335859429311], [-50.979293687999984, -24.233386554293116], [-50.97886481699992, -24.23343019429313], [-50.97844416199995, -24.233574777293065], [-50.97835718899995, -24.233604669293108], [-50.97835245999994, -24.233606298293108], [-50.97834283499998, -24.23360960629308], [-50.978309868999986, -24.233606771293108], [-50.97631272999996, -24.23421950629309], [-50.97613108099995, -24.234330282293076], [-50.97485337399996, -24.235109447293055], [-50.97351743499996, -24.236094848293053], [-50.97350344499995, -24.236105478293016], [-50.97270629399998, -24.236711210293016], [-50.97248258899998, -24.23689402329304], [-50.97245782899995, -24.23691482129302], [-50.971461517999956, -24.23775161529301], [-50.969786011999986, -24.238734321292988], [-50.96845148999995, -24.239764724292925], [-50.96750891399996, -24.24059208329293], [-50.96686323899997, -24.241158829292928], [-50.96605451399995, -24.241741238292924], [-50.96503980499995, -24.242478647292923], [-50.963610167999946, -24.243423779292872], [-50.96337437999995, -24.24357966129286], [-50.96299119399998, -24.24386307429289], [-50.96226950999994, -24.244538067292844], [-50.961379945999965, -24.245009695292833], [-50.96137784399997, -24.245010807292836], [-50.96082217499998, -24.245510451292844], [-50.95965334799996, -24.245987678292806], [-50.958689138999944, -24.246719270292807], [-50.95775083199993, -24.247184231292778], [-50.95727319399998, -24.247447516292787], [-50.95669106899994, -24.247782686292805], [-50.956688390999936, -24.24778487129278], [-50.95613939599997, -24.24823273729277], [-50.95591846099995, -24.248423022292744], [-50.955280019999975, -24.248826048292734], [-50.95440458999996, -24.24931317529272], [-50.95378092799996, -24.249795354292722], [-50.95335884799994, -24.25012167729274], [-50.95225126899993, -24.25066633129274], [-50.95212145599998, -24.250727495292736], [-50.95146241899994, -24.25111725629272], [-50.950705339999956, -24.251416248292674], [-50.95009103599995, -24.25184140629271], [-50.94958051499999, -24.252286738292675], [-50.94894397599995, -24.25267298329267], [-50.94884039099997, -24.25275184829265], [-50.948474320999935, -24.25303056429267], [-50.94800641099993, -24.253378804292655], [-50.947212572999945, -24.25376287229266], [-50.94600233799998, -24.254493903292637], [-50.94522619299993, -24.2550942512926], [-50.945226171999934, -24.25509427029262], [-50.94522603399997, -24.25509420629262], [-50.94436695599995, -24.25470331629262], [-50.94381641199993, -24.254223309292612], [-50.943491880999936, -24.253940348292637], [-50.943491645999984, -24.253939852292653], [-50.94349173699993, -24.253733810292662], [-50.943503791999944, -24.253558115292662], [-50.943544206999945, -24.252969119292647], [-50.94348003199997, -24.25252647129266], [-50.94344026299995, -24.252252160292684], [-50.94304968099994, -24.251391716292677], [-50.94273703699997, -24.251104838292687], [-50.94147080499994, -24.2503757172927], [-50.94136361699998, -24.25034542929275], [-50.941173568999936, -24.250291734292734], [-50.94102623499998, -24.25037502229272], [-50.941021373999945, -24.250413730292745], [-50.94091059599998, -24.251295471292728], [-50.94069443099994, -24.2516615202927], [-50.94029473399996, -24.251884008292713], [-50.93968228199998, -24.252043614292663], [-50.939365848999955, -24.25212608129269], [-50.938178028999964, -24.252468296292676], [-50.93707793299995, -24.252859525292664], [-50.93638812499995, -24.253205833292668], [-50.93599836899995, -24.253449932292654], [-50.935827349999954, -24.25370664729264], [-50.935792619999965, -24.25480894629263], [-50.935786006999926, -24.255115993292602], [-50.93575773599998, -24.256427304292565], [-50.93575737699995, -24.25713504229256], [-50.93569540999994, -24.257633001292582], [-50.93568798799998, -24.257692652292548], [-50.93423070999996, -24.258125304292562], [-50.93355310099998, -24.258653912292516], [-50.933092354999985, -24.259118947292556], [-50.93215688999993, -24.260722056292504], [-50.931748453999944, -24.261519721292476], [-50.93127686299994, -24.26216224729249], [-50.93124569199995, -24.262204716292484], [-50.93040806799996, -24.26271867529246], [-50.92884623899994, -24.26351017529243], [-50.92793717799998, -24.26428500529244], [-50.92703904199993, -24.264901473292394], [-50.92658228899995, -24.26507208829239], [-50.92586775899997, -24.265338994292417], [-50.92469668499996, -24.265715593292395], [-50.923357572999976, -24.26691078329236], [-50.922066059999956, -24.268650379292314], [-50.92065097599993, -24.26886185329233], [-50.919647220999934, -24.268777391292307], [-50.91843272799997, -24.26810849029235], [-50.91771625499996, -24.267510676292357], [-50.91706429799996, -24.26792852129236], [-50.916525272999934, -24.268044479292342], [-50.91630218399995, -24.26800447829233], [-50.91519022299997, -24.268241525292314], [-50.91400399399999, -24.268682248292304], [-50.91279271899999, -24.2692758642923], [-50.912279586999944, -24.269864875292274], [-50.91223590799996, -24.26997749529231], [-50.912183882999955, -24.2701116302923], [-50.912072388999945, -24.270399102292274], [-50.912187503999974, -24.270591261292296], [-50.912358809999944, -24.27087721429225], [-50.91267128299995, -24.271379231292276], [-50.912957447999986, -24.27223969129226], [-50.912983123999936, -24.272813237292244], [-50.912826465999956, -24.273171602292248], [-50.91282589799993, -24.27318148729225], [-50.91277573899998, -24.273776796292236], [-50.91277459199995, -24.273790397292213], [-50.91277366999998, -24.273801410292226], [-50.911973288999945, -24.274503371292212], [-50.911773806999975, -24.274678320292196], [-50.911060288999984, -24.275269083292166], [-50.91047149299993, -24.275756571292185], [-50.90962607999995, -24.277059780292117], [-50.90945262499997, -24.277624453292148], [-50.90949752499995, -24.27808047929213], [-50.90923602299994, -24.27921543529209], [-50.90832297899994, -24.280051286292057], [-50.907735928999955, -24.280708100292067], [-50.90669255699999, -24.281484119292053], [-50.90541008499997, -24.282198593292037], [-50.90437950399997, -24.283034955291992], [-50.904355677999945, -24.283054289291986], [-50.90434156499998, -24.283065743291996], [-50.902333892999934, -24.284518778291957], [-50.90147847799994, -24.284949595291952], [-50.90056416099998, -24.28548101829197], [-50.899736363999985, -24.285962144291915], [-50.89962840499993, -24.28602825429195], [-50.89893044399997, -24.286465345291923], [-50.898428647999935, -24.286836050291942], [-50.89812444899997, -24.28706078329191], [-50.89748871399996, -24.287812413291928], [-50.897024413999986, -24.288547416291895], [-50.89542417599995, -24.289393853291887], [-50.89499701699998, -24.289550024291895], [-50.89400202899997, -24.289913780291837], [-50.892575664999974, -24.290687977291828], [-50.89226430299993, -24.29082874629186], [-50.89161102199995, -24.291081240291863], [-50.890950244999935, -24.29171837529181], [-50.890628772999946, -24.292028338291814], [-50.88963710699994, -24.293088502291816], [-50.88828251099994, -24.294250648291754], [-50.88657190799995, -24.29554851429173], [-50.88503593399997, -24.296608243291725], [-50.883569960999985, -24.29739959129172], [-50.88224334299997, -24.298382765291702], [-50.88178687399994, -24.298800147291654], [-50.88134946599996, -24.299200097291678], [-50.879520086999946, -24.300433846291646], [-50.87943692899995, -24.300521512291663], [-50.87940382999994, -24.300556406291605], [-50.878468681999955, -24.30106264829162], [-50.87827984799998, -24.301175862291636], [-50.87806050999996, -24.30130735929162], [-50.87707481599995, -24.30192341829157], [-50.87591054999995, -24.302458263291573], [-50.874770799999965, -24.303006013291576], [-50.87390791299998, -24.3035643552916], [-50.873910100999986, -24.303565527291585], [-50.87393289199997, -24.30357773929159], [-50.87426698699994, -24.30375672029156], [-50.874709791999976, -24.30423503229154], [-50.87480552499995, -24.304604995291548], [-50.87481473799994, -24.304640609291567], [-50.87483967299995, -24.304736971291533], [-50.87486434499993, -24.305069207291535], [-50.874891139999924, -24.30543002729151], [-50.875073364999935, -24.30574083729152], [-50.87559468199998, -24.305932446291536], [-50.87564694599996, -24.30595164929149], [-50.876246333999966, -24.3061719452915], [-50.87684555799996, -24.306698166291525], [-50.87718364099993, -24.307630419291474], [-50.877282166999976, -24.307847670291448], [-50.87738678499994, -24.307968350291457], [-50.87808777599997, -24.309107564291466], [-50.87834011699993, -24.309517646291425], [-50.87884945899998, -24.310546275291426], [-50.878935733999974, -24.3107205092914], [-50.87905730299997, -24.311106809291406], [-50.87941171599994, -24.312232981291373], [-50.87953848199999, -24.313254033291354], [-50.87952580999996, -24.313277487291376], [-50.87931460999994, -24.313668394291373], [-50.87876773099999, -24.314490128291343], [-50.87862066399998, -24.314857520291323], [-50.878501836999924, -24.315061125291294], [-50.87801690799996, -24.315968872291318], [-50.87772119899995, -24.31629347429128], [-50.87752487199998, -24.317069967291264], [-50.87824154699995, -24.317548483291233], [-50.879610058999965, -24.318146998291247], [-50.88091377899997, -24.318327253291223], [-50.881826056999955, -24.31880590529123], [-50.88247745399997, -24.3194038352912], [-50.88254165799997, -24.32047924729121], [-50.88249980599994, -24.32066065529121], [-50.88250631599994, -24.32067146329117], [-50.88225643399995, -24.321738292291162], [-50.88187382199993, -24.322790441291108], [-50.88186894399997, -24.32280384429114], [-50.88185160499995, -24.322851522291128], [-50.88105518599997, -24.32307969429111], [-50.880486108999946, -24.323423798291127], [-50.879846687999986, -24.3241364302911], [-50.87937972699996, -24.32499935029111], [-50.87949722299993, -24.326292019291095], [-50.87977273499996, -24.327132616291063], [-50.87984491199995, -24.32735281629105], [-50.88060617599996, -24.328820364291015], [-50.88085436799997, -24.329755648290973], [-50.880887530999985, -24.330034328290978], [-50.88108913599996, -24.331728637290954], [-50.88132919099996, -24.33387941929091], [-50.88376711799998, -24.332237174290917], [-50.88537409199995, -24.331725234290968], [-50.88695206999995, -24.33133012429098], [-50.887192003999985, -24.331357785290958], [-50.88748861299996, -24.33139197829093], [-50.88828926799994, -24.33160024429094], [-50.889075408999986, -24.331938378290946], [-50.890035584999964, -24.332423982290944], [-50.89036008099998, -24.332451874290932], [-50.89139832999996, -24.332135597290968], [-50.892441805999965, -24.331837629290934], [-50.89368023399994, -24.332316440290917], [-50.894136049999986, -24.333033666290905], [-50.89439611499996, -24.333929982290908], [-50.894395223999936, -24.335005342290906], [-50.89451457699994, -24.335830301290883], [-50.895396999999946, -24.337342262290854], [-50.89582324299993, -24.338568551290816], [-50.895827175999955, -24.33857985829077], [-50.89583275599994, -24.338595917290796], [-50.89583330199997, -24.3385974812908], [-50.89578762899998, -24.338622837290785], [-50.89457317699998, -24.33947704329081], [-50.89427301599994, -24.33979739829078], [-50.89410592199994, -24.339975727290767], [-50.893557655999984, -24.340620565290735], [-50.89316611999993, -24.340978743290783], [-50.892580126999974, -24.341619028290744], [-50.892567818999964, -24.34163589729071], [-50.892331659999975, -24.341959692290754], [-50.89124662599994, -24.343447373290676], [-50.89006417999997, -24.34520474829065], [-50.889219485999945, -24.34642702929064], [-50.88807876399994, -24.34766596429062], [-50.88798321799993, -24.347728343290605], [-50.887996342999934, -24.347755277290617], [-50.88826027499994, -24.348260278290567], [-50.88877834699997, -24.348616849290554], [-50.88991176899998, -24.349241005290562], [-50.89075376399996, -24.349686848290574], [-50.89169276299998, -24.350370214290542], [-50.892243202999964, -24.350786159290507], [-50.89238630299997, -24.351250587290533], [-50.89227042099998, -24.351492732290495], [-50.89166984799993, -24.352233109290477], [-50.891017072999944, -24.352997338290486], [-50.890850039999975, -24.353131022290476], [-50.89059942799998, -24.353331592290477], [-50.88965935199997, -24.354501858290497], [-50.88878675199993, -24.355208760290463], [-50.88875517199995, -24.355234343290423], [-50.88874572599997, -24.355241996290438], [-50.88921488699998, -24.355672483290444], [-50.88938439399993, -24.355738507290422], [-50.89007541599995, -24.35600766129044], [-50.89164008099993, -24.35655841529039], [-50.89257882299996, -24.35696532929042], [-50.89317849099996, -24.3573242082904], [-50.89353273399997, -24.357765328290395], [-50.89354331299995, -24.357778506290405], [-50.893673477999975, -24.358089250290387], [-50.89374742999996, -24.358262085290384], [-50.89395986399995, -24.35875856329038], [-50.89435078399998, -24.359212879290375], [-50.89495026999998, -24.35981071629034], [-50.89534099199994, -24.36050399129033], [-50.89557502799994, -24.361412232290302], [-50.895724446999964, -24.361631597290323], [-50.89575883499998, -24.36176155429026], [-50.89628103599995, -24.363035693290275], [-50.89663887999995, -24.36390879429024], [-50.896843716999975, -24.36536446529022], [-50.89684376499997, -24.365364930290205], [-50.89691925799997, -24.366094233290188], [-50.89645592199997, -24.36672984629016], [-50.89639002199993, -24.367566190290194], [-50.89691119799994, -24.368283449290168], [-50.89736715999993, -24.369000663290137], [-50.89741137999994, -24.369129261290126], [-50.89741233699994, -24.369133397290163], [-50.89748770199998, -24.370086121290136], [-50.897488295999956, -24.37008840429009], [-50.89799442299994, -24.370731629290116], [-50.899234166999975, -24.37204036029008], [-50.90042428699997, -24.372729509290043], [-50.90266271699994, -24.37317137729003], [-50.90278878199996, -24.373073490290047], [-50.903366523999985, -24.37248162329003], [-50.90383635799998, -24.372171263290088], [-50.90406873799998, -24.372021236290074], [-50.904082657999936, -24.371932419290065], [-50.90505533999993, -24.37145802829007], [-50.90519174299993, -24.371514923290068], [-50.90577856099998, -24.37175425729008], [-50.90602298899995, -24.371963506290093], [-50.90616914399993, -24.37277011329004], [-50.90610334799993, -24.373546718290015], [-50.905711301999986, -24.374502346290036], [-50.905459616999956, -24.374962631289996], [-50.905515396999924, -24.375381988289995], [-50.90576198799993, -24.37587612129], [-50.906217169999934, -24.376416955289987], [-50.90723690199997, -24.37723342828995], [-50.906901833999946, -24.377847298289943], [-50.90669970799997, -24.378225428289916], [-50.90664595499993, -24.37847058828994], [-50.90659877899998, -24.378685728289962], [-50.90673255099995, -24.37915640628994], [-50.90705608999997, -24.379954559289878], [-50.90743561099998, -24.38061975728989], [-50.908016637999935, -24.380834950289866], [-50.909237366999946, -24.380871577289906], [-50.90930879299998, -24.38097432428988], [-50.90942443299998, -24.380956742289886], [-50.90994616099994, -24.381076537289875], [-50.91027178899998, -24.38179363428986], [-50.91046683899998, -24.382689878289828], [-50.910727244999975, -24.38340693528984], [-50.91082517499996, -24.38385690828984], [-50.91157567899996, -24.384878487289804], [-50.91160159699996, -24.38491260028978], [-50.91235885799994, -24.385908169289756], [-50.912850929999934, -24.386584673289757], [-50.913017029999935, -24.38688610128974], [-50.913129810999976, -24.387090758289734], [-50.913398762999975, -24.38757882528976], [-50.91389486399998, -24.388887300289706], [-50.91360553199996, -24.38973467828969], [-50.91319666299995, -24.39064578028965], [-50.91237991799994, -24.391757585289678], [-50.91226209699994, -24.39195153828962], [-50.91225551699995, -24.391962365289665], [-50.91219714099998, -24.392058452289636], [-50.912170731999936, -24.39251247528965], [-50.91188346699993, -24.39287075628962], [-50.91157021399994, -24.393061750289608], [-50.91140850099998, -24.393143904289598], [-50.91090027499996, -24.393480683289596], [-50.91019807699996, -24.393801708289587], [-50.90948012899998, -24.394338957289566], [-50.90895779099998, -24.39499580428957], [-50.90869633999995, -24.39571254828954], [-50.908369737999976, -24.39630977028954], [-50.90804304699998, -24.39702647328955], [-50.90712949699998, -24.397384367289526], [-50.90628126499996, -24.39762281128952], [-50.90517182199994, -24.398219538289517], [-50.90491052299995, -24.398697309289485], [-50.90497986699995, -24.39874133828951], [-50.90497953099998, -24.398741588289482], [-50.90539548099997, -24.399020473289475], [-50.90565311399996, -24.399359254289497], [-50.90580952099999, -24.400118688289464], [-50.905859970999984, -24.40097453228945], [-50.905866669999966, -24.400994396289462], [-50.90614114299996, -24.401700862289456], [-50.906575519999926, -24.402107053289413], [-50.90722271299995, -24.402635144289434], [-50.907621432999974, -24.403284864289372], [-50.90770977399995, -24.403796378289403], [-50.90761697499994, -24.40436159128935], [-50.90734892299997, -24.40478847028938], [-50.90717760899997, -24.40531813428936], [-50.90693705499996, -24.40549812128937], [-50.90689461299997, -24.405529874289346], [-50.906890397999966, -24.405533029289355], [-50.90660294299993, -24.406082475289324], [-50.90657387299996, -24.406329355289337], [-50.90652416299997, -24.406751535289324], [-50.907072476999986, -24.40634562928935], [-50.90746400299997, -24.406226384289337], [-50.90827306099993, -24.406107394289325], [-50.908873744999944, -24.40543864928935], [-50.90895885499998, -24.40538676428934], [-50.909187025999984, -24.405247667289355], [-50.91017882999996, -24.405009289289357], [-50.91070084299997, -24.404866221289353], [-50.911239199999955, -24.40483253628935], [-50.91145764999993, -24.404818869289336], [-50.912512441999986, -24.40494952128938], [-50.91281450199994, -24.404986934289358], [-50.91307370799996, -24.405039841289348], [-50.91351898199997, -24.405130716289367], [-50.914040762999946, -24.40532219228935], [-50.914379879999956, -24.405513554289374], [-50.914457905999946, -24.405895941289362], [-50.91446843899996, -24.40596372328933], [-50.91449917199998, -24.406161599289337], [-50.91450987799993, -24.40623052828935], [-50.914822769999944, -24.406613051289312], [-50.91491197199997, -24.406797151289332], [-50.914961776999974, -24.406918239289343], [-50.91494617799998, -24.407027248289317], [-50.91492678499998, -24.40716273628932], [-50.914691678999986, -24.407521054289308], [-50.91437825299994, -24.407927122289315], [-50.914090948999956, -24.408285407289323], [-50.91403801999996, -24.408510913289316], [-50.91401243799999, -24.408619918289258], [-50.91409578399998, -24.40887575328927], [-50.91408288499997, -24.408943535289303], [-50.91408292999995, -24.408943716289265], [-50.91402858199995, -24.409230976289248], [-50.91396899899996, -24.409545885289237], [-50.913687068999934, -24.41001092228925], [-50.91343284399994, -24.41031922128922], [-50.913332725999965, -24.410387883289218], [-50.91287491699995, -24.410622285289264], [-50.91233907799995, -24.410925367289213], [-50.91156020099999, -24.41130920828923], [-50.91124906699997, -24.411429329289245], [-50.91123537599998, -24.411434612289252], [-50.91119331899995, -24.411450848289213], [-50.91117903599996, -24.41155737928924], [-50.91105984899997, -24.41244597928922], [-50.91072098799998, -24.41303422528921], [-50.909965892999935, -24.413718279289178], [-50.90961619499995, -24.414310169289177], [-50.909000765999956, -24.415888406289124], [-50.90739005099993, -24.416752508289076], [-50.906618451999975, -24.417388740289105], [-50.90617159599998, -24.417772300289084], [-50.906135802999984, -24.41781421928909], [-50.904606514999955, -24.419038864289043], [-50.90380174599994, -24.419696765289054], [-50.90317550399993, -24.42020871128905], [-50.90172730199998, -24.421403332288985], [-50.90075714499994, -24.422446098288976], [-50.90073885999993, -24.422465753289], [-50.89981449099998, -24.423683688288968], [-50.89915440899995, -24.424309763288917], [-50.897603990999976, -24.42379849428896], [-50.897110547999944, -24.423670266288983], [-50.896464480999946, -24.423502368288943], [-50.895706004999965, -24.42330525028894], [-50.89407038699994, -24.422837847288985], [-50.892118779999976, -24.42240191728896], [-50.89209213999993, -24.42239681928899], [-50.892075767999984, -24.422393686288977], [-50.89014340799997, -24.422024208289013], [-50.88891866699998, -24.422006954289003], [-50.88845493799994, -24.42223161828898], [-50.887958082999944, -24.422599090288966], [-50.888246530999936, -24.42436307228892], [-50.888360009999985, -24.42573205428893], [-50.88800843399997, -24.42673195728888], [-50.88745373199999, -24.42749193528888], [-50.88678826399997, -24.428823330288832], [-50.88679215899999, -24.428867992288872], [-50.88695303099996, -24.429826156288854], [-50.88728354799997, -24.43072416328882], [-50.88743179599994, -24.431571538288782], [-50.88743749099995, -24.431583734288782], [-50.88744912399994, -24.431608640288797], [-50.88760838999997, -24.43194963628876], [-50.88794713499993, -24.432595095288743], [-50.88834390899996, -24.43323199328877], [-50.88834781099996, -24.433238258288736], [-50.88836416699996, -24.433264508288765], [-50.88839253599996, -24.43330970528872], [-50.88885940199998, -24.434053460288744], [-50.88932889199997, -24.434436146288697], [-50.88947535399996, -24.434631518288707], [-50.88990246499998, -24.435201259288675], [-50.88987544399998, -24.43523830428867], [-50.88979793299995, -24.43534456228869], [-50.888961920999975, -24.436204228288673], [-50.888805121999944, -24.436419183288653], [-50.88864673499995, -24.436551369288676], [-50.88820414099996, -24.437135639288673], [-50.887629491999974, -24.437589248288624], [-50.887428475999975, -24.437702292288673], [-50.88742056799998, -24.437708573288642], [-50.88741243799996, -24.43771131028863], [-50.887224740999955, -24.437774457288672], [-50.88700282699994, -24.43782774728866], [-50.88668962099996, -24.437803614288644], [-50.88632425099996, -24.43773164928863], [-50.88568276199994, -24.437662071288663], [-50.88561433899997, -24.43765465028864], [-50.88543686199995, -24.437635394288677], [-50.88540317999996, -24.437636910288663], [-50.88509755099995, -24.43761124128865], [-50.88445311299996, -24.437647624288644], [-50.884262233999955, -24.437658400288665], [-50.88358344499994, -24.437801259288648], [-50.88287806599993, -24.438469816288624], [-50.88274706599998, -24.438995441288633], [-50.88284956599995, -24.439580393288622], [-50.88287012699993, -24.43969771828863], [-50.882657299999956, -24.440999011288586], [-50.88224672399997, -24.443315397288558], [-50.88222667699995, -24.44489308228849], [-50.88240656599999, -24.447023954288458], [-50.88237674599998, -24.447951019288418], [-50.88236450399995, -24.448331740288417], [-50.88279167299999, -24.449416787288385], [-50.88289424499993, -24.449677336288406], [-50.88433185099995, -24.45166129428834], [-50.88438659999997, -24.451714912288324], [-50.88514196299997, -24.45245463328831], [-50.886191027999985, -24.453815322288307], [-50.88721086199996, -24.455657683288276], [-50.88801767799998, -24.456914710288256], [-50.88924454099998, -24.4582902872882], [-50.89066564999997, -24.459311247288184], [-50.89197563099998, -24.45974997128816], [-50.89110553599995, -24.460614749288133], [-50.88996669299996, -24.461771694288156], [-50.88956152099997, -24.462400600288124], [-50.88906604599998, -24.463169675288096], [-50.88846767199994, -24.463947754288053], [-50.888206276999945, -24.46430600828811], [-50.88826736799995, -24.464371349288076], [-50.88829578399998, -24.464401746288075], [-50.888334527999966, -24.464443184288058], [-50.88836277399997, -24.464473398288042], [-50.88885855399997, -24.464784418288065], [-50.88935439099998, -24.465023749288047], [-50.88992874599995, -24.46504806628804], [-50.89021576799996, -24.465239441288023], [-50.89105091499994, -24.46559849628807], [-50.89123882499995, -24.465684664288066], [-50.89129118699998, -24.465708674288074], [-50.891303190999956, -24.465714176288028], [-50.89136409099996, -24.46574210028803], [-50.89232996299995, -24.465886170288048], [-50.89264295799995, -24.466244840288013], [-50.89282545299994, -24.466555624288027], [-50.89363436999998, -24.467081917288024], [-50.89402405599998, -24.467397121288013], [-50.89433471899997, -24.46754695428798], [-50.89444249099994, -24.46922800928795], [-50.89428124899997, -24.470757148287934], [-50.89433088699996, -24.471634123287902], [-50.89485669399995, -24.472817929287903], [-50.895143562999976, -24.47322436928789], [-50.895508760999974, -24.473630862287905], [-50.895769386999966, -24.47420455828783], [-50.895560115999956, -24.47468234328787], [-50.89498539899995, -24.475040389287837], [-50.894673919999946, -24.47523012828784], [-50.89466990999995, -24.475238895287838], [-50.894656226999984, -24.475268798287818], [-50.89541966999997, -24.476267931287794], [-50.89576727599996, -24.47666175628778], [-50.89611050999998, -24.477050641287782], [-50.89712696099997, -24.477698450287818], [-50.897949463999964, -24.477901013287767], [-50.89837921599997, -24.47813840228777], [-50.89857494299997, -24.47847971328775], [-50.89863571199999, -24.479301487287767], [-50.898671056999945, -24.48068500328771], [-50.89883786299998, -24.48116568228772], [-50.899052906999934, -24.481785383287722], [-50.899645040999985, -24.482743094287652], [-50.89879377299997, -24.483401909287643], [-50.898058065999976, -24.483783855287648], [-50.89690420499994, -24.484152323287667], [-50.89653190899997, -24.484273276287635], [-50.895745543999965, -24.484528748287627], [-50.89571555799995, -24.484557592287654], [-50.89569885599997, -24.48457366428766], [-50.895473434999985, -24.484790483287647], [-50.89564382499998, -24.485326606287593], [-50.89565574699998, -24.485364121287635], [-50.895994985999955, -24.485627220287622], [-50.89613824199995, -24.485977613287616], [-50.89615134799993, -24.48600966928758], [-50.89599423599998, -24.486535281287622], [-50.89591807499994, -24.486587480287593], [-50.89536719199997, -24.48696498328756], [-50.895045591999974, -24.487258839287612], [-50.89439152199997, -24.487694151287577], [-50.892771795999984, -24.48857069928757], [-50.89264228899998, -24.488640778287575], [-50.891632368999986, -24.489241745287533], [-50.891600894999954, -24.489279016287526], [-50.891054975999964, -24.489925437287514], [-50.89046705599998, -24.490876868287526], [-50.89002471099997, -24.491709018287455], [-50.88921235099996, -24.493084884287473], [-50.88911415299998, -24.493232862287442], [-50.88893784199996, -24.493436325287423], [-50.88846739599995, -24.493890009287455], [-50.88819769699995, -24.494231144287433], [-50.88817349899995, -24.49426174828745], [-50.888162596999955, -24.494275540287443], [-50.888139131999935, -24.494305218287433], [-50.88812753099995, -24.49431989228742], [-50.88757848199998, -24.495060270287404], [-50.887137871999975, -24.495478909287414], [-50.886925074999965, -24.49568109228742], [-50.88621591799995, -24.49595857428741], [-50.88607662399995, -24.49610561328736], [-50.88590628299994, -24.496346476287403], [-50.88518673199996, -24.49736389328734], [-50.885190696999985, -24.49740805328736], [-50.884989132999976, -24.49761520428733], [-50.88472706099998, -24.49863060128731], [-50.884856763999956, -24.49958655628729], [-50.884855893999934, -24.500542410287313], [-50.884463291999964, -24.501497966287292], [-50.88367911399995, -24.502273996287283], [-50.88252399799995, -24.503007942287226], [-50.88245580499995, -24.50304872028726], [-50.88185925899995, -24.503373704287224], [-50.88104194699997, -24.504480273287204], [-50.881092742999954, -24.50506761928722], [-50.88109276799997, -24.50506789228718], [-50.88153615999994, -24.505689542287186], [-50.881715145999976, -24.50603273728715], [-50.88179150299993, -24.506179135287177], [-50.88182292299996, -24.506239386287156], [-50.88182279599994, -24.50637512428718], [-50.88182247599997, -24.506717314287158], [-50.88192640699999, -24.507290907287153], [-50.88196665999993, -24.507378587287118], [-50.881991770999946, -24.50743328628717], [-50.88234342699997, -24.508199294287113], [-50.88278703799995, -24.50860587728714], [-50.88303066399993, -24.5090750102871], [-50.883047745999924, -24.50910790628708], [-50.88317764399994, -24.50984879028711], [-50.88318917899994, -24.510041754287098], [-50.88320336099997, -24.510278946287087], [-50.88312393399997, -24.51038413328706], [-50.88309970699999, -24.510416219287094], [-50.88303234699998, -24.510505423287096], [-50.88268037499995, -24.510971534287055], [-50.882301939999934, -24.51122443228705], [-50.881651929999975, -24.511864295287033], [-50.88005927499995, -24.513278393287006], [-50.87951249399999, -24.513730602286998], [-50.878231754999945, -24.51478980128697], [-50.87775972099996, -24.515173414286952], [-50.877174837999966, -24.515648737286988], [-50.876059894999976, -24.51665312628692], [-50.87573085399998, -24.51703439628696], [-50.87477084799997, -24.518146780286887], [-50.87373965199998, -24.519690008286855], [-50.87294303899995, -24.520588820286832], [-50.87249427399996, -24.52085960428684], [-50.872045501999935, -24.521130389286835], [-50.87105832899994, -24.521394229286834], [-50.87104162399999, -24.52143487428685], [-50.87103997799994, -24.521438879286837], [-50.87100798199997, -24.52151670728687], [-50.870995094999955, -24.521548074286823], [-50.87075967299995, -24.52188241928682], [-50.87052390999997, -24.52255131228681], [-50.870601730999965, -24.52307709528681], [-50.870810323999926, -24.52343572328681], [-50.87114948999994, -24.52381835028677], [-50.87146242199998, -24.5243204412868], [-50.871488202999956, -24.524655008286782], [-50.87148745199994, -24.525395791286787], [-50.87182601999996, -24.52637583228676], [-50.87208369799998, -24.526570333286703], [-50.87226973099996, -24.52671075828674], [-50.87281787999995, -24.527093561286716], [-50.87349642099997, -24.52769153828667], [-50.87367873899995, -24.528217408286718], [-50.873652281999966, -24.528551932286685], [-50.873218655999956, -24.529645537286665], [-50.87326525999998, -24.529796237286668], [-50.87339860799994, -24.530444882286666], [-50.87357511499993, -24.531303499286647], [-50.87406534799993, -24.532612277286567], [-50.87411641099993, -24.53258486128662], [-50.87432752799999, -24.532471490286614], [-50.87542495399999, -24.53216174828661], [-50.87623491599993, -24.531971242286577], [-50.87683568899996, -24.531995631286605], [-50.87751443799993, -24.532426319286603], [-50.87808817099994, -24.533406527286573], [-50.878124541999966, -24.53362969028655], [-50.87824398599997, -24.53436250428654], [-50.87815162099997, -24.53478303328653], [-50.87803408199995, -24.535318185286574], [-50.87790297999993, -24.535819900286555], [-50.87773681799995, -24.536337560286544], [-50.877699604999975, -24.536623974286496], [-50.87768867399996, -24.53739657428649], [-50.87788153399998, -24.538020409286474], [-50.87833917699999, -24.538616527286493], [-50.87873537899997, -24.539575630286432], [-50.87867369999998, -24.54018064028644], [-50.87817692699998, -24.54149990828644], [-50.877713968999956, -24.542176153286377], [-50.87732150699998, -24.5427971372864], [-50.877299394999966, -24.54281636628637], [-50.87677242999996, -24.543274617286354], [-50.876380220999984, -24.54363273428637], [-50.87642810799998, -24.543628794286356], [-50.87724239299996, -24.543561753286344], [-50.877923908999946, -24.543542826286362], [-50.87802611099993, -24.543562389286397], [-50.87823007399993, -24.543633652286374], [-50.87836019599996, -24.54371524628637], [-50.878574438999976, -24.543849586286367], [-50.87943638199994, -24.54401755328633], [-50.87954002999993, -24.544017633286337], [-50.880141738999946, -24.544018112286338], [-50.88129106999997, -24.544162401286385], [-50.88197007499997, -24.54440189628633], [-50.88213352499997, -24.544589109286335], [-50.88240488099995, -24.544772210286343], [-50.88339928099998, -24.54583204128634], [-50.883616205999935, -24.546140613286315], [-50.88369721399994, -24.546255841286282], [-50.884345990999975, -24.547178690286284], [-50.88507928299998, -24.548297978286293], [-50.88538243399995, -24.549204264286242], [-50.88539766699995, -24.549249806286255], [-50.885790811999975, -24.549650028286244], [-50.88618204599993, -24.55036721128624], [-50.88624698299998, -24.550785445286223], [-50.88585439499997, -24.551561775286213], [-50.884717792999936, -24.55205791428621], [-50.88452314799997, -24.552170147286187], [-50.88397417699996, -24.552528172286145], [-50.88354072399994, -24.552821800286146], [-50.88352983799996, -24.552829174286146], [-50.883163758999956, -24.55307715828614], [-50.882588605999956, -24.55348294728615], [-50.882432224999945, -24.55364358428617], [-50.882415726999966, -24.553660530286123], [-50.88202064999996, -24.554866571286144], [-50.88131392099995, -24.55631760528606], [-50.88125322099995, -24.556612301286105], [-50.88091289799996, -24.55732892428609], [-50.88031140999994, -24.55792585228607], [-50.88003603999994, -24.55819298128608], [-50.88001872499996, -24.55820977728603], [-50.87997129699994, -24.55825578828602], [-50.87959083099997, -24.558748151286046], [-50.878219902999945, -24.560055846286], [-50.87787264899998, -24.560450086285982], [-50.876243141999964, -24.562300069285943], [-50.87571870499995, -24.562817914285976], [-50.87418216199996, -24.564335123285932], [-50.87363171499993, -24.564878629285896], [-50.873588971999936, -24.564977878285916], [-50.87354411999997, -24.56508200828592], [-50.873458719999974, -24.56528027828592], [-50.87340531399997, -24.566427249285862], [-50.87426684999997, -24.567144856285864], [-50.87457510199993, -24.567245825285877], [-50.87499822299998, -24.567384426285873], [-50.87575554199998, -24.567815178285866], [-50.87599021099993, -24.568317197285808], [-50.87592935999999, -24.568580363285825], [-50.87588524799998, -24.568771138285843], [-50.87591095099997, -24.569201289285825], [-50.876223634999974, -24.570085699285784], [-50.87628385199997, -24.5701816722858], [-50.876823687999945, -24.57104203828578], [-50.876888814999965, -24.571170630285792], [-50.87711345599997, -24.57181172828573], [-50.87737032399997, -24.572544795285715], [-50.878214287999974, -24.573608009285696], [-50.87828443799998, -24.573647908285693], [-50.878307536999955, -24.573663993285717], [-50.878937263999944, -24.57410246128568], [-50.87916674099995, -24.574235260285704], [-50.879280412999954, -24.57430104428571], [-50.879433467999945, -24.57438961528571], [-50.879981864999934, -24.574748495285665], [-50.88019074699997, -24.574915933285656], [-50.88147074699998, -24.575347071285666], [-50.881657889999985, -24.575421846285693], [-50.882111921999986, -24.575603257285653], [-50.882489470999985, -24.57575410728567], [-50.88274315499996, -24.575821675285695], [-50.88348026899996, -24.57623276628567], [-50.88413304799997, -24.576770932285672], [-50.88511252499996, -24.577249605285637], [-50.88615717599998, -24.577907543285637], [-50.88720221199998, -24.578147290285603], [-50.88824714599997, -24.578506511285592], [-50.88876919399997, -24.579164041285576], [-50.88876771699995, -24.580836769285575], [-50.88837473199993, -24.58197154528556], [-50.88830818399998, -24.58334552228549], [-50.88900924699993, -24.584389145285506], [-50.889092837999954, -24.584528995285496], [-50.88935041399998, -24.58490154628548], [-50.88936981599994, -24.58505340128549], [-50.88948413699995, -24.585317851285456], [-50.88981422399997, -24.585855456285486], [-50.88995385999994, -24.586082872285445], [-50.890714617999954, -24.587404738285432], [-50.891422585999976, -24.58863484428539], [-50.89146730799997, -24.58871254628537], [-50.892015267999966, -24.589692678285363], [-50.89272627999998, -24.590363264285354], [-50.893729569999955, -24.591309495285333], [-50.89376483799998, -24.59134275628533], [-50.89475742999997, -24.591940853285347], [-50.89543662199997, -24.592299768285326], [-50.89585431399996, -24.592849668285318], [-50.89590620699993, -24.59330372628532], [-50.89582921599998, -24.59353773828527], [-50.89567040499997, -24.594020449285274], [-50.895382707999936, -24.59428310728527], [-50.89529788099998, -24.59432697528525], [-50.895086599999956, -24.59443625328527], [-50.89459832399996, -24.594688794285283], [-50.89370941899995, -24.595070506285243], [-50.893264845999965, -24.59540473828524], [-50.893054932999966, -24.5963843282852], [-50.89287141899995, -24.59705328828523], [-50.89287111499993, -24.597410423285222], [-50.892871078999974, -24.597449457285236], [-50.89287104799996, -24.597486217285216], [-50.89287095099996, -24.59760289428521], [-50.89300110099998, -24.598224286285166], [-50.89336642999996, -24.598893639285187], [-50.89394091199995, -24.59949144428517], [-50.894698364999954, -24.60006548328516], [-50.89533984299993, -24.600435387285124], [-50.89540369499997, -24.60047220428515], [-50.896318076999925, -24.600926863285146], [-50.896406990999935, -24.600939432285127], [-50.89767700199997, -24.601118960285113], [-50.89796263199997, -24.60105220528514], [-50.89869649999997, -24.600880690285095], [-50.900238696999956, -24.600666657285146], [-50.901820189999974, -24.600361024285114], [-50.90196392799999, -24.60033324428513], [-50.903741207999985, -24.600286599285138], [-50.90510015199993, -24.60045473328517], [-50.905779421999966, -24.600813603285115], [-50.906152616999975, -24.6012193562851], [-50.90622397399994, -24.601268355285104], [-50.90641688899995, -24.60181814028513], [-50.90623370499997, -24.60276344428508], [-50.90568568499998, -24.603541685285087], [-50.90489416699995, -24.604542223285037], [-50.904284684999936, -24.605247036285053], [-50.90398094699997, -24.60559828928501], [-50.90279959999999, -24.60758257628499], [-50.902760013999966, -24.60942161828493], [-50.90274474599994, -24.610130717284925], [-50.902732596999954, -24.610217109284932], [-50.90246605599999, -24.612111976284922], [-50.90227161499997, -24.613494227284882], [-50.902270450999936, -24.614995774284832], [-50.90233024899993, -24.616330527284784], [-50.90311992399995, -24.61783258528478], [-50.90365814799998, -24.61836636628476], [-50.90381321599995, -24.61860976628475], [-50.90398172999994, -24.61887428028473], [-50.90419724099996, -24.619212560284762], [-50.904457984999965, -24.620072980284725], [-50.90458787299996, -24.621148385284695], [-50.904587618999976, -24.62148292728472], [-50.904795657999955, -24.62291681928464], [-50.904873846999976, -24.623197584284657], [-50.90510849699996, -24.624040132284623], [-50.90511753699997, -24.624250379284664], [-50.90513418799998, -24.624637550284646], [-50.90521205099998, -24.625378370284608], [-50.905260431999984, -24.62548176528459], [-50.905330714999934, -24.62563196728458], [-50.90536864499995, -24.625713017284586], [-50.905708334999986, -24.625904397284568], [-50.905969642999935, -24.626047936284586], [-50.906205720999935, -24.626091252284603], [-50.90681544399997, -24.62629175028457], [-50.90709346899997, -24.626383178284584], [-50.907563522999965, -24.626598380284573], [-50.90777291899997, -24.626694244284575], [-50.90782530599996, -24.626705683284563], [-50.908737027999955, -24.62707937328456], [-50.90885559899993, -24.627327012284567], [-50.90885559899993, -24.627328113284573], [-50.90924681499996, -24.628582889284548], [-50.90924603899999, -24.62965820828452], [-50.90963739599994, -24.63073376328449], [-50.910159343999965, -24.63198861528446], [-50.91042004499997, -24.633004349284445], [-50.90989650499995, -24.633959875284415], [-50.90898102799997, -24.634616463284424], [-50.90780432599996, -24.634974186284392], [-50.907672951999984, -24.63587020428437], [-50.90773747699996, -24.637005302284376], [-50.908259475999955, -24.63820042028433], [-50.90845481399998, -24.63921611628429], [-50.90851947799996, -24.640171994284273], [-50.90969519399994, -24.64124802328424], [-50.910282761999945, -24.642204212284245], [-50.91126293199994, -24.64256323328424], [-50.91198161899996, -24.64298183528421], [-50.91178431599997, -24.644714175284214], [-50.91139133699994, -24.645849001284198], [-50.911063673999934, -24.64704360428415], [-50.911163758999976, -24.647625376284108], [-50.91143242899995, -24.64875841228409], [-50.91173577099994, -24.65003768428409], [-50.91179548599996, -24.65165048528402], [-50.912216906999966, -24.652443770284055], [-50.91331568199997, -24.653208521283997], [-50.91568817499996, -24.654266512284007], [-50.91775644699994, -24.65532430028397], [-50.918029331999946, -24.655514544283967], [-50.91896865299998, -24.656044919283932], [-50.91910892499994, -24.656173262283954], [-50.91942433899993, -24.656307986283917], [-50.91994671799995, -24.65720436228392], [-50.919750112999964, -24.65798087328392], [-50.91948828899996, -24.658518391283902], [-50.91974934899997, -24.6591756692839], [-50.91968355799997, -24.65983277028389], [-50.91857202299996, -24.660190610283866], [-50.917656672999954, -24.66042907128385], [-50.917198483999975, -24.661324914283846], [-50.91758988899994, -24.66257966328382], [-50.91804683099997, -24.663595489283807], [-50.91837311199998, -24.664491762283745], [-50.91850350899995, -24.66502949028373], [-50.919418277999974, -24.665746859283743], [-50.91994061999997, -24.66676271428371], [-50.91987471099997, -24.66759903328373], [-50.91948211699997, -24.668136481283696], [-50.91797841199997, -24.6682551472837], [-50.91795838999997, -24.668253209283666], [-50.917522453999936, -24.668350513283663], [-50.916214895999985, -24.668421481283648], [-50.91527349499995, -24.668420953283665], [-50.915953110999965, -24.668851456283676], [-50.91619644799994, -24.669138735283692], [-50.91676313099998, -24.66980774228367], [-50.916945849999934, -24.670309656283642], [-50.91725913399994, -24.671098397283636], [-50.917311136999956, -24.671552444283634], [-50.917218528999975, -24.67186902528362], [-50.917101456999944, -24.672269205283598], [-50.91711001999994, -24.672504180283607], [-50.91710976699994, -24.672506252283586], [-50.917060315999954, -24.672555897283562], [-50.916667375999964, -24.673571254283573], [-50.91575160399998, -24.67428761828358], [-50.91522825399994, -24.67476524128357], [-50.91692766199998, -24.675423325283504], [-50.91797348899996, -24.67578233828353], [-50.91869238899994, -24.67620090628351], [-50.91924384899993, -24.676489239283516], [-50.91956811899996, -24.677014174283492], [-50.919384778999984, -24.678181935283458], [-50.91934487699996, -24.678230489283493], [-50.91934452999993, -24.67877006028346], [-50.91927861099998, -24.679606379283413], [-50.91855899099994, -24.680263126283403], [-50.917578034999956, -24.68062102828341], [-50.91659691299997, -24.68121788228338], [-50.91607341699994, -24.681874725283375], [-50.91639977099993, -24.682711261283366], [-50.91705316299993, -24.68336875828337], [-50.91744495099994, -24.684145589283343], [-50.91750966599994, -24.68516119628333], [-50.91711676899996, -24.686057073283312], [-50.91698548599994, -24.68683361428328], [-50.91718081199997, -24.688088251283247], [-50.917310793999945, -24.68928311428325], [-50.916525483999976, -24.6902982502832], [-50.91593624199999, -24.691432971283202], [-50.915739558999974, -24.69220947528318], [-50.914430825999936, -24.69364248128316], [-50.91428822699998, -24.694334920283126], [-50.91428798499993, -24.69468566828312], [-50.91428774299994, -24.695040336283117], [-50.91436539399996, -24.696235172283064], [-50.914406060999966, -24.696624137283074], [-50.91438101699998, -24.69714299428308], [-50.91462367699995, -24.698366604283013], [-50.91498804499997, -24.699645889282998], [-50.91559641099997, -24.700202356283], [-50.91681341299995, -24.700925994283015], [-50.917822899999976, -24.70117402528295], [-50.91859936199995, -24.70130342728297], [-50.91940681299996, -24.701303863282973], [-50.91941022399993, -24.701303865282945], [-50.92014268099996, -24.701208674282995], [-50.92199998699994, -24.700946802282996], [-50.92219798699995, -24.700930462283], [-50.922863206999985, -24.70087556028301], [-50.92305156599997, -24.700869920282965], [-50.92364792899997, -24.700852064282966], [-50.924259855999935, -24.700687980282964], [-50.924537406999946, -24.700613553283006], [-50.92508671499996, -24.700589935283006], [-50.926080405999976, -24.701044447282975], [-50.92675989999998, -24.702048402282934], [-50.92680391299996, -24.702403927282965], [-50.92684403699997, -24.70272799928296], [-50.926890069999956, -24.703099881282935], [-50.92693597299996, -24.70335230928293], [-50.92709866399997, -24.704246976282917], [-50.92709949899995, -24.704267813282897], [-50.927124443999965, -24.704892174282882], [-50.927280948999964, -24.705656912282855], [-50.92785597699998, -24.70642185928289], [-50.92843923199996, -24.707288684282876], [-50.928483239999935, -24.707354093282863], [-50.928535162999935, -24.708047090282843], [-50.92853468499993, -24.70888344028282], [-50.928494324999974, -24.70897871628282], [-50.92849669499998, -24.70905140428282], [-50.92807689899997, -24.710157375282755], [-50.92794795899994, -24.710497065282784], [-50.92685170799996, -24.71121949028275], [-50.925451248999934, -24.71160808528276], [-50.924111385999936, -24.712441599282762], [-50.92319743599995, -24.713664601282705], [-50.92190175099995, -24.71488495628271], [-50.921861940999975, -24.714922446282674], [-50.92130900899997, -24.715443215282704], [-50.91911630399995, -24.716943575282638], [-50.91907310499994, -24.71697839328266], [-50.91765643799994, -24.718120083282628], [-50.91728869299993, -24.71866655628261], [-50.91722985399998, -24.719236121282567], [-50.91709458799994, -24.71957085828256], [-50.916766743999965, -24.720825201282555], [-50.91617759999997, -24.721601482282555], [-50.91480344599996, -24.722616276282494], [-50.91395278999994, -24.723213182282475], [-50.91362531699997, -24.723870125282488], [-50.91408253099997, -24.72476647628247], [-50.914081833999944, -24.725782043282464], [-50.91303485199995, -24.726498309282437], [-50.911464610999985, -24.727214261282427], [-50.91009027099994, -24.728348488282368], [-50.90950092099996, -24.7293039602824], [-50.909674919999986, -24.729941434282345], [-50.909729709999965, -24.73178665528231], [-50.909703914999966, -24.7324420092823], [-50.90970965899999, -24.732482246282306], [-50.91012712299994, -24.73408350328226], [-50.910178747999964, -24.735063256282274], [-50.91017830399994, -24.735684541282232], [-50.91002078399999, -24.73642521428221], [-50.909575537999956, -24.737046229282228], [-50.90954309499995, -24.737237985282228], [-50.90954265399996, -24.737848254282202], [-50.90954237999995, -24.73823043728219], [-50.909541969999964, -24.73879365828217], [-50.90951846299998, -24.738841883282173], [-50.909483876999964, -24.738912825282142], [-50.909547628999974, -24.739459674282177], [-50.90975644899999, -24.74015277328215], [-50.91001772299995, -24.740678635282105], [-50.91051455499996, -24.741109056282127], [-50.909965083999964, -24.741108724282114], [-50.909023100999946, -24.741155946282145], [-50.90839511599995, -24.741179460282112], [-50.907724679999944, -24.741514694282145], [-50.90758368899997, -24.741585188282137], [-50.907268828999975, -24.7418723472821], [-50.90719094099995, -24.7419433802821], [-50.90682415799995, -24.7425644402821], [-50.906753033999955, -24.742866558282067], [-50.90671472399998, -24.743029286282084], [-50.90663405899994, -24.74337193128207], [-50.90651041699993, -24.743897102282048], [-50.90651010599999, -24.74431283128203], [-50.906941898999946, -24.745993815282016], [-50.90704883399997, -24.747773461281955], [-50.906946780999924, -24.749521464281912], [-50.90693916899994, -24.74965184128192], [-50.906938614999945, -24.750396005281928], [-50.90653005199994, -24.750975511281926], [-50.90587545499994, -24.751524700281887], [-50.90519477699996, -24.751954390281913], [-50.904723503999946, -24.752288629281875], [-50.90404282999998, -24.752694423281888], [-50.903362123999955, -24.753148001281833], [-50.902655196999945, -24.75364934828185], [-50.90251745499995, -24.753791334281864], [-50.90249856399998, -24.753810805281827], [-50.90246314399997, -24.753847316281842], [-50.901356696999976, -24.755343300281844], [-50.90049347699995, -24.756510393281815], [-50.90001080799993, -24.757162958281796], [-50.89918421799995, -24.757334055281763], [-50.89806576999996, -24.757333298281807], [-50.89674023799995, -24.75729458928178], [-50.89446195299996, -24.757255199281797], [-50.89305353499998, -24.75725419828175], [-50.89160360299996, -24.75736656328176], [-50.891064824999944, -24.757668578281795], [-50.89052072499993, -24.758469485281765], [-50.89050825299995, -24.75861408628175], [-50.89060525499997, -24.758835900281724], [-50.890905901999986, -24.759117279281714], [-50.891512546999934, -24.7595864422817], [-50.89188555499993, -24.76022588128169], [-50.891980798999946, -24.761278896281684], [-50.89202432199994, -24.761759986281675], [-50.89183564599995, -24.76393302128164], [-50.89122646499993, -24.76636141828159], [-50.89107488799994, -24.76721462728159], [-50.89095754599998, -24.76734536428159], [-50.89049887599998, -24.76812163428153], [-50.88977885899993, -24.768479539281525], [-50.888928301999954, -24.768478911281562], [-50.88781635799995, -24.768119649281555], [-50.88657334699996, -24.767999235281582], [-50.885526511999956, -24.76799843928152], [-50.88395631399994, -24.76793749128153], [-50.88277884799999, -24.76769761928158], [-50.88140510699998, -24.767457583281548], [-50.880750666999965, -24.767636279281582], [-50.879965427999934, -24.767755130281547], [-50.87944177999998, -24.767993665281534], [-50.87826368299994, -24.768410884281572], [-50.87747849599997, -24.768469983281566], [-50.876496551999935, -24.76900682628152], [-50.87544941099998, -24.769304652281523], [-50.87440232399996, -24.769542733281536], [-50.87361646199997, -24.77025893828152], [-50.87243844599993, -24.77055663328149], [-50.871325791999936, -24.770914114281506], [-50.870540088999974, -24.771451086281473], [-50.86923132199996, -24.77162916528148], [-50.86759515099994, -24.772045900281466], [-50.86674393299995, -24.772642532281445], [-50.86536907299995, -24.77341790728142], [-50.86412525299993, -24.774014170281443], [-50.86353592399996, -24.77443180628139], [-50.86346970899996, -24.77514861128139], [-50.86366495699996, -24.77610460828137], [-50.86353278899998, -24.777299262281367], [-50.863269816999946, -24.77843405928131], [-50.863399701999974, -24.779330258281306], [-50.863857602999985, -24.779450152281328], [-50.865166589999944, -24.779152643281314], [-50.86608226699997, -24.77951189728131], [-50.86653953299998, -24.78022917028131], [-50.86699674099997, -24.781006180281267], [-50.86784643299995, -24.781903012281273], [-50.86817259599997, -24.78285911928123], [-50.86817190199997, -24.783516244281195], [-50.868498070999976, -24.784472350281224], [-50.868955305999975, -24.78524935328119], [-50.86908523799997, -24.786145547281183], [-50.868430241999924, -24.786742359281135], [-50.86805376199993, -24.78727586328116], [-50.86803686099995, -24.787458877281118], [-50.86803629299993, -24.787996525281148], [-50.867904531999955, -24.788832749281138], [-50.86718407599994, -24.789429498281073], [-50.866790425999966, -24.790384966281085], [-50.866135202999935, -24.791160984281074], [-50.86561136599994, -24.791459207281022], [-50.86593766499993, -24.792295841281007], [-50.86639484899996, -24.793132590281015], [-50.86645945799995, -24.793909250280972], [-50.86645875399995, -24.794566374280954], [-50.86606578699997, -24.794864715280966], [-50.865738000999954, -24.795402069280975], [-50.865213694999966, -24.796118461280976], [-50.865212790999976, -24.79695480028094], [-50.86501529999998, -24.79802991628091], [-50.864359570999966, -24.799224095280863], [-50.86396534499993, -24.80065746228083], [-50.863113191999965, -24.801911194280812], [-50.862326862999964, -24.802806550280792], [-50.86297980799998, -24.804181136280764], [-50.86323942999997, -24.80615274328076], [-50.86271466799996, -24.807227556280733], [-50.86107740899996, -24.808181860280715], [-50.86238531799995, -24.80913888428071], [-50.86408652999996, -24.809558609280657], [-50.86480614499993, -24.809857953280634], [-50.866114998999926, -24.80997860728063], [-50.86742417299996, -24.80980055828065], [-50.86899444899996, -24.81027984928066], [-50.87069514099994, -24.81123714428062], [-50.871152239999965, -24.812253092280628], [-50.87108567799998, -24.813328327280583], [-50.87069197999995, -24.814283802280574], [-50.87075650199995, -24.815179935280522], [-50.87265381499998, -24.815958162280513], [-50.87396207699993, -24.816735870280482], [-50.874479807999926, -24.817104092280502], [-50.87455066999997, -24.817214271280495], [-50.87474666899994, -24.817572866280504], [-50.87559696399995, -24.818170961280476], [-50.87611987899999, -24.818888255280488], [-50.876905030999986, -24.819187596280436], [-50.87742825299995, -24.819606195280432], [-50.87762420399998, -24.820024524280438], [-50.87755833799997, -24.82044263828044], [-50.87690361499995, -24.82062131628043], [-50.87618331399994, -24.8209194142804], [-50.87605169099999, -24.821636166280406], [-50.87637849399994, -24.82211434328038], [-50.87677063599995, -24.82271205128036], [-50.87676980899994, -24.82354838728036], [-50.87689983599995, -24.824444570280342], [-50.87676768099993, -24.825698967280342], [-50.87591589999994, -24.826534599280297], [-50.87460595999994, -24.8273101052803], [-50.87434304199997, -24.828385174280232], [-50.87447263499996, -24.829699526280223], [-50.87486413199997, -24.830954360280206], [-50.875256054999966, -24.83179102328023], [-50.87529666399996, -24.832623085280176], [-50.874755998999944, -24.833985699280156], [-50.87403107499995, -24.83447525928016], [-50.87314268299997, -24.8348368062801], [-50.87160021899996, -24.8349420502801], [-50.87015140899996, -24.834876862280147], [-50.86865603999996, -24.834641131280115], [-50.86781498499994, -24.834427267280134], [-50.86669364599992, -24.834085288280157], [-50.86580822999996, -24.83400937528018], [-50.86577668699993, -24.834005113280163], [-50.86576783899994, -24.834005913280112], [-50.86563085399996, -24.834018287280166], [-50.86525293699998, -24.83405243228014], [-50.865043381999946, -24.83412393028016], [-50.86501669499995, -24.834155180280156], [-50.864961437999966, -24.834219878280113], [-50.864956276999976, -24.834225922280147], [-50.86467632599994, -24.83455371328015], [-50.864676197999984, -24.834673846280147], [-50.864675782999946, -24.83505551428012], [-50.864779562999956, -24.835939733280107], [-50.86488386499996, -24.836346048280067], [-50.86488347299997, -24.836704477280072], [-50.86488300899998, -24.837134591280055], [-50.86472500799994, -24.837946888280065], [-50.86401713699996, -24.838734788280036], [-50.86375483899997, -24.839140772280015], [-50.863299806999976, -24.839424888279996], [-50.863208036999936, -24.839583514280026], [-50.86308957299997, -24.83966564928004], [-50.86278488599999, -24.840119590280022], [-50.862234311999934, -24.840716465279993], [-50.86171008599995, -24.841169995279998], [-50.860740798999984, -24.84152752427997], [-50.860085922999986, -24.841718075279967], [-50.85975455399995, -24.841754043279984], [-50.85943118699998, -24.841789144279968], [-50.85885508599994, -24.84178860428], [-50.858403873999976, -24.841738261279996], [-50.85825997999995, -24.841722209279965], [-50.85825200999995, -24.84173648827998], [-50.85814240499997, -24.842317526279984], [-50.858049180999956, -24.843372297279952], [-50.857813557999975, -24.84450155427993], [-50.857410835999985, -24.84538643227988], [-50.85714415499995, -24.84586613027991], [-50.85645217699994, -24.846230800279862], [-50.85533831299994, -24.847006323279867], [-50.855140654999964, -24.848081418279865], [-50.85474679399994, -24.848977107279797], [-50.85284767999997, -24.849393416279806], [-50.85193145699997, -24.8490938202798], [-50.851146749999934, -24.84831644527983], [-50.85049270199995, -24.847778149279847], [-50.85009880799999, -24.848673827279836], [-50.84970526999996, -24.849270812279837], [-50.84898430499993, -24.849927205279805], [-50.84859061099996, -24.850643664279787], [-50.84832792799995, -24.85130051727977], [-50.848065167999955, -24.85201710727972], [-50.847736715999986, -24.85291284427972], [-50.84734300599996, -24.853629299279735], [-50.847473290999964, -24.8541670752797], [-50.84793086599996, -24.854764923279678], [-50.848351941999965, -24.855184982279702], [-50.84880919399995, -24.85537517727971], [-50.848894154999975, -24.85542375127971], [-50.84943729299994, -24.855734240279663], [-50.84977715099996, -24.856236379279647], [-50.849750382999964, -24.85671425827965], [-50.849688310999966, -24.85686280527968], [-50.84925133499996, -24.857908516279622], [-50.84888366299998, -24.858744480279633], [-50.84857990699992, -24.859099991279642], [-50.84832208199999, -24.859545609279575], [-50.84812440999997, -24.859893859279573], [-50.84794242399994, -24.86021447027958], [-50.84761011699993, -24.860883378279592], [-50.847325195999986, -24.861530742279555], [-50.84675620699994, -24.862113054279543], [-50.84595057699994, -24.862587178279522], [-50.845050027999946, -24.863212316279547], [-50.844599467999956, -24.863751562279482], [-50.84443310299997, -24.86424792727948], [-50.84443234699995, -24.86485240627948], [-50.84454911399996, -24.865612825279474], [-50.844579130999925, -24.866222873279455], [-50.84452363299994, -24.867059234279427], [-50.84427956999997, -24.868079972279425], [-50.844231011999966, -24.86828303627943], [-50.84406346099996, -24.86901712227937], [-50.84399750199997, -24.869137136279377], [-50.84381553299995, -24.869468212279376], [-50.843487911999944, -24.870094024279368], [-50.84329042299998, -24.870471257279362], [-50.842967460999944, -24.871121666279357], [-50.842922793999946, -24.87121162327934], [-50.84263419399997, -24.87159363827935], [-50.84232117699998, -24.871821548279332], [-50.84155733199998, -24.872560223279343], [-50.840966998999924, -24.873336188279275], [-50.84031117699994, -24.87411208127929], [-50.83972090699996, -24.87482830327927], [-50.83991612499994, -24.875784320279266], [-50.84001476499998, -24.876511136279255], [-50.839985335999984, -24.876877751279203], [-50.83968788899995, -24.878382417279177], [-50.83959276099995, -24.8791036612792], [-50.83953394499997, -24.87954959827919], [-50.83946128599997, -24.880377497279174], [-50.839196407999964, -24.88087750327914], [-50.83879961099996, -24.88122913327915], [-50.83861191899996, -24.881786155279144], [-50.838546522999934, -24.88269926027912], [-50.838505891999944, -24.884314830279095], [-50.83851732499995, -24.885326880279074], [-50.83865717599997, -24.886415817279], [-50.83892276499995, -24.887226881278988], [-50.83901396599998, -24.88770076527902], [-50.838975466999955, -24.888047543278997], [-50.83897257099994, -24.88806270727899], [-50.83897192999996, -24.888066065279002], [-50.838970924999956, -24.888071310279017], [-50.83870247299996, -24.889474366278947], [-50.838597642999964, -24.88979605427898], [-50.83819563799995, -24.891029639278916], [-50.83788795199996, -24.892295040278903], [-50.83746353899994, -24.893346278278877], [-50.837129054999934, -24.894245699278848], [-50.836782404999944, -24.894642632278828], [-50.83656636899997, -24.89520958827882], [-50.83670707799996, -24.8960127672788], [-50.83683719499994, -24.897166677278804], [-50.83677543299996, -24.89793271427879], [-50.83650066399996, -24.898555380278754], [-50.83615532999995, -24.899339570278737], [-50.83603300099998, -24.89995785027873], [-50.836032305999936, -24.900483971278735], [-50.836213457999975, -24.901114497278733], [-50.83623390399998, -24.9011856862787], [-50.836407864999956, -24.901949745278692], [-50.83636552099995, -24.90221833027871], [-50.83621552899996, -24.9026462232787], [-50.83548732099996, -24.903447251278685], [-50.83479210399997, -24.904058660278665], [-50.834254847999944, -24.90426309827863], [-50.83394928299998, -24.904379374278662], [-50.83283371699998, -24.904346998278672], [-50.831695586999956, -24.90416933527863], [-50.83137076899993, -24.904111184278673], [-50.83076234299995, -24.90400226127865], [-50.82982411399997, -24.904398273278648], [-50.82871972199996, -24.904790705278653], [-50.82778317299994, -24.90527810227861], [-50.826852248999955, -24.905840656278603], [-50.82630834799994, -24.905942172278632], [-50.82580410699995, -24.90603628427862], [-50.82472436499995, -24.90594753127862], [-50.82375674499997, -24.905764121278605], [-50.822893257999965, -24.90568315827864], [-50.82248312399998, -24.90647097427858], [-50.82230974799995, -24.907548683278577], [-50.822470556999974, -24.908650661278553], [-50.82294403599997, -24.909775199278535], [-50.823549089999965, -24.910789344278513], [-50.82421444199997, -24.91217517127846], [-50.82424970999994, -24.91229437127849], [-50.82445520599998, -24.912988947278475], [-50.824605513999984, -24.91322266727844], [-50.82512869899995, -24.913820658278443], [-50.82545504099994, -24.914657365278444], [-50.825257180999984, -24.9156129352784], [-50.824731877999966, -24.91650838127839], [-50.824534263999965, -24.917284736278347], [-50.82473914299993, -24.918130660278358], [-50.82478004799998, -24.918764045278362], [-50.824785897999966, -24.918854632278343], [-50.82461267299993, -24.920012229278296], [-50.824547225999936, -24.920449586278288], [-50.824036271999944, -24.921791026278306], [-50.82316013999997, -24.924248031278243], [-50.82232042099998, -24.927192208278147], [-50.82225077199996, -24.92753873227815], [-50.821672485999954, -24.93041570627809], [-50.82124025999997, -24.931527013278092], [-50.82098064899998, -24.932194506278066], [-50.820294889999964, -24.93300297727802], [-50.820129082999976, -24.93319845527803], [-50.819117252999945, -24.93380439427804], [-50.81920673399998, -24.935699006278004], [-50.81975524899997, -24.937709608277956], [-50.82014836399998, -24.938743876277943], [-50.820487714999956, -24.939636681277896], [-50.82087535799996, -24.94153148427783], [-50.82079211699994, -24.94219544027786], [-50.82071263599994, -24.942829370277828], [-50.82015934799995, -24.944084914277806], [-50.81942264099995, -24.945047116277767], [-50.819281119999964, -24.94538571427775], [-50.81925378099999, -24.94563572827776], [-50.81923101599995, -24.945843872277752], [-50.81918780099994, -24.946239078277753], [-50.819268704999956, -24.946660334277723], [-50.81944726299997, -24.946848680277736], [-50.820297736999976, -24.947745767277716], [-50.82101813099996, -24.94798558427773], [-50.82180353199993, -24.948583898277718], [-50.82278456999996, -24.949839551277684], [-50.822979600999986, -24.95091505327765], [-50.82304384399998, -24.951811189277624], [-50.82294110699996, -24.951913099277633], [-50.82291168599994, -24.952587616277615], [-50.82218937399995, -24.95366202627761], [-50.82146713699995, -24.954676695277595], [-50.820417431999935, -24.955571491277535], [-50.819433499999946, -24.95628714927756], [-50.818908240999974, -24.957003358277515], [-50.818776225999954, -24.95766030627753], [-50.818971758999965, -24.958377391277473], [-50.81942914299998, -24.959274003277475], [-50.82027978899998, -24.96011135327744], [-50.820932564999964, -24.961844517277438], [-50.821324101999956, -24.962979994277404], [-50.82145255599994, -24.963966796277383], [-50.821545544999935, -24.96441290727736], [-50.821487334999965, -24.96490181227739], [-50.821421837999935, -24.965451871277352], [-50.82107418399994, -24.96641634427734], [-50.821032082999984, -24.967362629277318], [-50.821356394999945, -24.9684577982773], [-50.821808622999974, -24.969524403277283], [-50.82210622399998, -24.970226306277247], [-50.822127794999965, -24.970277174277264], [-50.82320586399993, -24.972236002277224], [-50.82401905499995, -24.973350298277172], [-50.82532248499995, -24.975130212277136], [-50.82554139199994, -24.975390999277128], [-50.82597979099995, -24.97591327927711], [-50.82692395099997, -24.976279454277098], [-50.82824051399996, -24.976463512277103], [-50.82999171699999, -24.976362071277137], [-50.831423350999955, -24.97614205127712], [-50.83239661299996, -24.97616922327709], [-50.833183609999935, -24.97633960527712], [-50.833927373999984, -24.976731585277133], [-50.83422754299995, -24.97763335527709], [-50.83471832599998, -24.979107727277082], [-50.83475643199995, -24.979222206277058], [-50.83497069599997, -24.98131488527701], [-50.834952906999945, -24.98148031527698], [-50.83478757399997, -24.983017999276974], [-50.83444221899998, -24.983480773276938], [-50.83381203799996, -24.984021913276983], [-50.832762333999945, -24.984797317276936], [-50.83171294099998, -24.985333768276938], [-50.82994282499993, -24.985690177276936], [-50.82830361599997, -24.98616619127687], [-50.82679531099995, -24.986761814276903], [-50.82581125099995, -24.98741777227687], [-50.82528547399994, -24.988432684276876], [-50.824759264999955, -24.98974627827686], [-50.824429932999976, -24.990880892276802], [-50.82390404499995, -24.99195553627679], [-50.82350949499994, -24.992851122276793], [-50.82259005599997, -24.994104504276724], [-50.82186775599995, -24.994999695276746], [-50.821211251999955, -24.995715750276734], [-50.82075112299998, -24.99661125027666], [-50.820552918999965, -24.99768627527669], [-50.82028950999995, -24.998522273276677], [-50.81989534699994, -24.999119165276635], [-50.81976320399996, -24.99983584827663], [-50.82022065799998, -25.000792191276595], [-50.82094092699998, -25.001330692276575], [-50.821660682999955, -25.002227609276595], [-50.82185595699997, -25.00318363327657], [-50.82185509499993, -25.003780999276522], [-50.82132956199996, -25.00455694827651], [-50.820607971999955, -25.004914500276534], [-50.82048347299997, -25.0051084032765], [-50.82021756199999, -25.00571005527649], [-50.820085201999966, -25.00637522727649], [-50.81992003799997, -25.007010452276482], [-50.81952902199998, -25.007586942276486], [-50.81924373199996, -25.00809093927643], [-50.818889912999964, -25.008561470276426], [-50.81846196899994, -25.0091814262764], [-50.81821824399997, -25.0096789792764], [-50.81822991599995, -25.010139385276386], [-50.81831919899997, -25.010575000276386], [-50.818496703999976, -25.011036839276407], [-50.81858959199996, -25.011278522276353], [-50.818970183999966, -25.012329904276346], [-50.81938992699998, -25.013494767276313], [-50.81956905399994, -25.014430955276314], [-50.81985479599996, -25.015061209276293], [-50.820186439999986, -25.015808684276294], [-50.820407827999986, -25.01610508427626], [-50.820775407999975, -25.016346994276248], [-50.82150276799996, -25.01627922227628], [-50.82216085799996, -25.01622652727627], [-50.823159748999956, -25.016136811276272], [-50.82363994399998, -25.016095138276288], [-50.82413135999997, -25.016447907276294], [-50.82427725599996, -25.016603413276275], [-50.82441093099993, -25.017015451276258], [-50.824708175999945, -25.017724408276273], [-50.82488309099995, -25.018072634276233], [-50.82514127899998, -25.01876734227625], [-50.825260094999976, -25.0194824912762], [-50.825292855999976, -25.020572224276194], [-50.82531619399998, -25.02085552227618], [-50.82536772999998, -25.02148119327614], [-50.82547480299996, -25.022285987276156], [-50.825763053999935, -25.02324277127612], [-50.82583048599998, -25.023409298276146], [-50.82607507999996, -25.02401337327609], [-50.82652171399996, -25.024933304276075], [-50.827563399999974, -25.02621059027604], [-50.82831462199994, -25.02696685427605], [-50.828530685999965, -25.027184361276042], [-50.82935681999999, -25.027827656276003], [-50.83008284899995, -25.02819412427604], [-50.830774747999946, -25.02852165427602], [-50.83105610699994, -25.02874962627602], [-50.831064813999944, -25.029248188275975], [-50.83092496399996, -25.02973135627598], [-50.83061435999998, -25.030251321275998], [-50.83051761099994, -25.031106108275953], [-50.83057921199998, -25.031793469275964], [-50.83066122399998, -25.03242207227594], [-50.83066192299998, -25.03242864127593], [-50.83074304199994, -25.033188950275896], [-50.830702414999955, -25.033680166275897], [-50.83088810599997, -25.034003304275885], [-50.83129210599998, -25.03454893827587], [-50.83164350099998, -25.035192330275883], [-50.83197181799995, -25.03593155427583], [-50.83197100499996, -25.036528495275856], [-50.83164242799995, -25.03706575227586], [-50.83144457799995, -25.03790184127581], [-50.83137859999993, -25.03820044927583], [-50.832886297999956, -25.03850083427583], [-50.835443520999945, -25.03850368827583], [-50.83655868399995, -25.038146500275843], [-50.837214853999974, -25.037788800275838], [-50.83819855299999, -25.037670401275808], [-50.83885385599996, -25.037969797275807], [-50.84003356699998, -25.038389227275825], [-50.84036033399997, -25.039225891275766], [-50.84062130199993, -25.04024169327579], [-50.84107952799997, -25.040839549275734], [-50.841997140999986, -25.04113921127576], [-50.842849186999956, -25.041438797275738], [-50.84383222899999, -25.041857989275762], [-50.84442184599993, -25.042276764275694], [-50.84452980399993, -25.042539951275725], [-50.844467623999954, -25.042863580275704], [-50.84436714199995, -25.043172166275717], [-50.84432776199998, -25.043531416275695], [-50.844395660999965, -25.04398040727572], [-50.84450600799995, -25.04451453427568], [-50.84468466199996, -25.044993249275656], [-50.84461006499998, -25.04504789727566], [-50.844354301999935, -25.045215767275643], [-50.84416047999998, -25.045377243275645], [-50.84403920999995, -25.04547827527568], [-50.843776521999985, -25.045788629275645], [-50.84356629299998, -25.046099042275657], [-50.843382264999946, -25.046433366275657], [-50.84314561799993, -25.046887120275617], [-50.84267287299998, -25.047364513275635], [-50.84240016299997, -25.04753607327559], [-50.84233433699996, -25.04795998427562], [-50.84242457299996, -25.04834535027561], [-50.84271644499995, -25.0487034092756], [-50.84313294599997, -25.04909170227556], [-50.843271622999964, -25.04937104827556], [-50.84329869599998, -25.04944523827558], [-50.84338212199998, -25.049673878275566], [-50.84340164099996, -25.050178422275575], [-50.84324992099994, -25.05058188027557], [-50.84302060899995, -25.05090939127552], [-50.842763350999974, -25.051276814275518], [-50.84237793099993, -25.05166036727551], [-50.842068911999945, -25.05186072427556], [-50.84132504099995, -25.052112228275497], [-50.84080910999995, -25.052295899275492], [-50.84034292999996, -25.052666591275536], [-50.84007999999995, -25.053144201275483], [-50.83988264699997, -25.0536218802755], [-50.83975040299999, -25.05445804827546], [-50.839749703999985, -25.05499567527548], [-50.83909313799995, -25.05559233027544], [-50.83860575399995, -25.055869071275424], [-50.83854002199996, -25.05588316127541], [-50.83811547399994, -25.055889987275417], [-50.83793722099995, -25.055844577275437], [-50.83762702999996, -25.05576554927542], [-50.83715081399998, -25.055517629275425], [-50.83676832099997, -25.05531849927544], [-50.83611203399994, -25.054916904275476], [-50.835617215999946, -25.05473282427548], [-50.83524738499995, -25.054595242275454], [-50.834599860999965, -25.054492021275482], [-50.834253537999984, -25.05452292027546], [-50.83387616799997, -25.05458423227547], [-50.83323161399994, -25.05470738927548], [-50.83253239199996, -25.054979139275446], [-50.83174318199997, -25.05550931127545], [-50.83171349899993, -25.055527794275417], [-50.83159252199994, -25.05566768127546], [-50.83129229399998, -25.055940481275464], [-50.83050131099998, -25.05629961127545], [-50.82945171199998, -25.05653735527545], [-50.82853384899994, -25.05635708927542], [-50.82842915899994, -25.056388742275423], [-50.828391272999966, -25.05638085327541], [-50.82801920299994, -25.056401601275414], [-50.82757969599998, -25.056558805275415], [-50.82751650499995, -25.056650644275404], [-50.82747269499998, -25.056714314275435], [-50.827289837999956, -25.056984211275424], [-50.82726240599994, -25.05702469727541], [-50.827183272999946, -25.0573352372754], [-50.82702524099994, -25.057789048275392], [-50.826867446999984, -25.058075597275398], [-50.82670965199998, -25.05836215027542], [-50.82667808799993, -25.058424241275375], [-50.82652677899995, -25.058721858275366], [-50.82639399399994, -25.05898303827536], [-50.82615753499994, -25.059245602275382], [-50.82614763899994, -25.059253900275387], [-50.825816105999934, -25.059531936275384], [-50.82544851499995, -25.05977045227534], [-50.82524582799993, -25.059877021275366], [-50.82522322899995, -25.059926974275346], [-50.824929062999956, -25.060249950275335], [-50.82436287099995, -25.060588544275358], [-50.823719452999974, -25.060985539275308], [-50.82327803499993, -25.06127029227531], [-50.823731117999955, -25.062134142275337], [-50.82423899099996, -25.062829263275297], [-50.824662354999994, -25.063314828275292], [-50.825018744999966, -25.063899958275275], [-50.82527654499995, -25.064279975275273], [-50.825527309999984, -25.065038911275263], [-50.825679432999955, -25.065611157275242], [-50.82584020799993, -25.066075179275202], [-50.82605650399995, -25.06663797527523], [-50.82577443399999, -25.067067919275186], [-50.82538677799994, -25.067557323275192], [-50.825016054999935, -25.067962546275208], [-50.82470171899997, -25.068288964275187], [-50.824568296999985, -25.06886086827515], [-50.82456595499997, -25.068867402275163], [-50.82451470799999, -25.069554131275144], [-50.82438268299996, -25.07015133827513], [-50.823268223999946, -25.069791598275113], [-50.821628388999954, -25.069909109275155], [-50.82057839599997, -25.07032599827516], [-50.819791005999946, -25.070563989275154], [-50.818544326999984, -25.070920889275122], [-50.81723285299996, -25.070740071275136], [-50.816184530999976, -25.070021942275154], [-50.81559523699996, -25.069364111275156], [-50.814874326999984, -25.069004796275134], [-50.814087204999964, -25.06906354927515], [-50.81349620699996, -25.069540698275155], [-50.81293520799994, -25.07009656427514], [-50.812075893999975, -25.070514009275122], [-50.812060948999935, -25.07056475827515], [-50.81197419499995, -25.070859420275127], [-50.81197243599996, -25.070865398275117], [-50.811895206999964, -25.071127697275102], [-50.81194791099995, -25.071320839275096], [-50.811950182999965, -25.071329171275096], [-50.81205174399997, -25.071701365275104], [-50.81215529199995, -25.07260948727508], [-50.812128659999985, -25.07287229427509], [-50.81212793099996, -25.07335018427509], [-50.81217949099994, -25.073947609275045], [-50.81223105299995, -25.07454503727503], [-50.81217898699999, -25.074817777275033], [-50.812205018999975, -25.074935922275024], [-50.81220195599996, -25.075137311275054], [-50.81198830399995, -25.075535154275027], [-50.81193535999995, -25.075633748275028], [-50.811416323999936, -25.076247543275013], [-50.81088817799997, -25.076760318275], [-50.810201390999964, -25.077286126275002], [-50.809654680999984, -25.077832539274997], [-50.80974678299997, -25.078398231274992], [-50.80994981899994, -25.079279009274924], [-50.810174092999944, -25.08004043327492], [-50.81041355899999, -25.080510880274918], [-50.81075480299995, -25.081222348274917], [-50.81128658099993, -25.082155321274882], [-50.81166572099995, -25.082875690274882], [-50.81189154299994, -25.083572310274857], [-50.81190906099994, -25.08389456527487], [-50.811921531999985, -25.084123949274822], [-50.81175599399995, -25.084843625274818], [-50.81131625499996, -25.085598936274785], [-50.81103455899995, -25.0860116092748], [-50.810875960999965, -25.08627080827477], [-50.81083273999997, -25.08685159327477], [-50.810950064999986, -25.08723129327476], [-50.811085552999934, -25.08760276427474], [-50.811075905999985, -25.088001968274753], [-50.81093007499993, -25.08846384827472], [-50.810832560999984, -25.088700077274726], [-50.810647450999966, -25.089464329274723], [-50.81041920699994, -25.090429417274684], [-50.810374344999964, -25.0905875602747], [-50.81025758199996, -25.09099915027469], [-50.810172768999955, -25.091298098274702], [-50.81001436899992, -25.091941150274675], [-50.80975070599993, -25.09294494627467], [-50.809635043999954, -25.09327456127467], [-50.80940339399996, -25.09393472427462], [-50.80904334099995, -25.094877885274606], [-50.80871833599997, -25.095669886274575], [-50.80870850599996, -25.096217218274614], [-50.80893574799995, -25.096807444274585], [-50.809101841999954, -25.097560869274538], [-50.80909572999996, -25.097910385274567], [-50.80909198499995, -25.09812454227457], [-50.80904540099993, -25.09847788027454], [-50.808952635999965, -25.098703964274545], [-50.80853928599998, -25.09924814627453], [-50.80812183699993, -25.099621744274533], [-50.807780537999975, -25.099858410274514], [-50.807775825999954, -25.10045813527447], [-50.80774691299996, -25.101056210274486], [-50.80782302199999, -25.101618520274496], [-50.80792012999996, -25.10214677027448], [-50.80811316499995, -25.10279389827445], [-50.80840304199995, -25.103297704274414], [-50.80866000399993, -25.103813384274435], [-50.80896720599997, -25.10419556127443], [-50.808169256999975, -25.10449359427441], [-50.80755787699996, -25.104676494274443], [-50.807058644999984, -25.10483351927439], [-50.80625150899994, -25.10488738327439], [-50.80526372099997, -25.104863626274376], [-50.804996494999955, -25.104841342274426], [-50.80444269599996, -25.10479515927444], [-50.803711678999946, -25.104755002274437], [-50.80298233099995, -25.10478300527439], [-50.80229391299997, -25.104902074274378], [-50.80177302399994, -25.10496185427439], [-50.80169412999993, -25.105709317274414], [-50.801703531999976, -25.106747414274377], [-50.80170876199997, -25.10728287827436], [-50.801567877999965, -25.108008251274313], [-50.80149275399998, -25.108395028274323], [-50.80111811299998, -25.109402368274313], [-50.800819543999985, -25.1101480602743], [-50.80060526899996, -25.110416045274285], [-50.80037241299994, -25.110707258274306], [-50.799964195999955, -25.110993604274295], [-50.79935617199993, -25.11113972827427], [-50.79933062599997, -25.11113819427428], [-50.79840226399995, -25.11108245627427], [-50.79758395999994, -25.11106036127425], [-50.797053275999986, -25.110961674274254], [-50.79642640499998, -25.110752627274255], [-50.79639923999997, -25.111550704274265], [-50.796312515999944, -25.112153317274263], [-50.79615509499996, -25.112865492274235], [-50.79603511999995, -25.113162177274255], [-50.79578771999996, -25.11347816027419], [-50.79553411499995, -25.11393233827423], [-50.795484146999975, -25.114308230274183], [-50.795606806999956, -25.114723649274215], [-50.79578518699998, -25.115004464274197], [-50.79625008299996, -25.115403312274164], [-50.79657992299997, -25.115815201274184], [-50.79686365799995, -25.116253058274186], [-50.79711921099994, -25.11718757827416], [-50.79741448399995, -25.117961461274156], [-50.79774946699996, -25.118636470274105], [-50.79823758599997, -25.119199015274134], [-50.79765947799996, -25.119746239274114], [-50.79704538499994, -25.120482908274102], [-50.796726718999935, -25.121084406274065], [-50.79633889599995, -25.121980528274023], [-50.795872869999975, -25.122834316274027], [-50.79559711099995, -25.123180033274036], [-50.795536063999975, -25.12325656927403], [-50.79520988799993, -25.123229141274024], [-50.794329857999976, -25.123362827274043], [-50.79369689899993, -25.123532836274034], [-50.79289322899996, -25.123779346274027], [-50.79191315199995, -25.123949764274013], [-50.79124810999997, -25.123903819274002], [-50.79067129899994, -25.123722036273985], [-50.790156976999974, -25.124038638273987], [-50.78940776999997, -25.12453931227399], [-50.78845043499996, -25.125314963274004], [-50.787926699999964, -25.125963657273935], [-50.78766062999995, -25.126598610273955], [-50.78782007399997, -25.12722130227392], [-50.788121959999955, -25.12777277727392], [-50.78828252399995, -25.12837859327392], [-50.788083727999954, -25.1288023152739], [-50.78804049299998, -25.128854587273903], [-50.787863020999964, -25.1290691702739], [-50.78714676799996, -25.129326966273876], [-50.786077834999965, -25.129766181273897], [-50.78563204899996, -25.130142216273878], [-50.785357211999944, -25.130477520273846], [-50.78523169999993, -25.130967287273872], [-50.78523913699996, -25.13176412627383], [-50.785448147999944, -25.13246551027384], [-50.78535951099997, -25.132817250273803], [-50.78506780899993, -25.13317916027379], [-50.78505163999995, -25.133199222273813], [-50.78463297099995, -25.133610227273795], [-50.783511206999954, -25.134309437273778], [-50.78238086799996, -25.134897135273768], [-50.78109734199995, -25.13562899227376], [-50.78075252599995, -25.13603005727375], [-50.78037964599998, -25.13644021027376], [-50.78029508399993, -25.136533229273727], [-50.77938749599998, -25.137568096273682], [-50.77891409699998, -25.13819941427373], [-50.77809885099998, -25.139343924273657], [-50.77790830599998, -25.139655216273702], [-50.77739266699996, -25.140497614273656], [-50.77669225799997, -25.141239630273642], [-50.77615604599998, -25.141651791273624], [-50.77555846199994, -25.14213789927364], [-50.77539098199997, -25.142274137273603], [-50.77439012099995, -25.14299353427361], [-50.77347831399993, -25.14374831127359], [-50.772636158999944, -25.144301099273562], [-50.77244180199994, -25.144428678273542], [-50.77144831299995, -25.145005185273547], [-50.77023377199998, -25.14542546827357], [-50.76870127799997, -25.14587935727352], [-50.76811622599996, -25.145664116273554], [-50.76779506699995, -25.145592167273538], [-50.76729528899995, -25.14559138527358], [-50.766795460999965, -25.145616573273564], [-50.76616691099997, -25.145745483273565], [-50.765113595999935, -25.146103245273526], [-50.76387745899995, -25.146715788273504], [-50.76350088699997, -25.146960119273526], [-50.76294743899995, -25.147319206273508], [-50.76164255099996, -25.148251617273495], [-50.761462206999965, -25.148357157273477], [-50.76085344799998, -25.14871340227345], [-50.76062808399996, -25.148845285273506], [-50.75957149599997, -25.149381264273448], [-50.759484102999984, -25.14942958927347], [-50.75843988899993, -25.150007055273438], [-50.75734998599995, -25.15001486327346], [-50.75590351499994, -25.15012129527345], [-50.75590199699996, -25.150123207273467], [-50.755899820999964, -25.150125957273428], [-50.75588547199993, -25.150144041273464], [-50.756144104999976, -25.150638551273467], [-50.75640508099997, -25.15141554127341], [-50.756075744999976, -25.152012354273417], [-50.75633695999995, -25.15266987527339], [-50.75672908399997, -25.153506815273378], [-50.75679281999993, -25.154462687273366], [-50.75593842499996, -25.15505863727335], [-50.75533729899996, -25.15502116627337], [-50.755314401999954, -25.155028696273366], [-50.75496208299995, -25.15521577227334], [-50.75477721599998, -25.15531393727334], [-50.75449545799995, -25.15556256827337], [-50.75429897899994, -25.15585292627333], [-50.75409200299998, -25.15636550027335], [-50.75401279799996, -25.156740026273305], [-50.75406093599997, -25.1571861182733], [-50.754168092999976, -25.157547576273284], [-50.754345339999986, -25.158146027273304], [-50.754385051999975, -25.15867045127328], [-50.754284988999984, -25.159205238273266], [-50.75403407599999, -25.159959118273242], [-50.75404614099995, -25.159987153273256], [-50.754047625999924, -25.159990601273226], [-50.75409094599996, -25.160091219273255], [-50.754340628999955, -25.16067116227324], [-50.75439665699997, -25.160712109273234], [-50.75478415799994, -25.160995297273203], [-50.75512710099998, -25.161245923273217], [-50.75567752699993, -25.161700821273197], [-50.75601821599997, -25.162012008273216], [-50.75627947199997, -25.16265757727317], [-50.75643025699998, -25.16299475827319], [-50.75677134899996, -25.16329108427319], [-50.75751963199997, -25.16381372427316], [-50.756562345999946, -25.164446310273135], [-50.755795260999946, -25.165052067273148], [-50.754972964999986, -25.16590650727314], [-50.75448734799994, -25.166698594273104], [-50.75363331199998, -25.16708096627309], [-50.752538682999955, -25.167327918273077], [-50.75195256699993, -25.16749206127309], [-50.75136344799995, -25.167657038273088], [-50.75041063899994, -25.168103242273084], [-50.75008822299998, -25.16830108927306], [-50.74939180499996, -25.168728442273068], [-50.74835081999999, -25.16948296627305], [-50.747743900999986, -25.170036796273042], [-50.747046687999955, -25.170923990272996], [-50.74688287699996, -25.171132435272995], [-50.74674330199997, -25.171310037272995], [-50.74588448199995, -25.17223873027296], [-50.74548561099993, -25.172769223272994], [-50.74515455599993, -25.173209534272964], [-50.74474667199996, -25.17424244227296], [-50.744339184999944, -25.17523056027295], [-50.74430808699997, -25.175298918272908], [-50.74409817199995, -25.175760289272933], [-50.74390395299997, -25.1762828762729], [-50.74413623199996, -25.176847501272867], [-50.744774241999956, -25.17777978827286], [-50.74511763599997, -25.178818961272874], [-50.74516182899998, -25.178949140272863], [-50.74541022499994, -25.179680809272856], [-50.74563775499996, -25.18022458827284], [-50.74618618999995, -25.18094351327283], [-50.74650039799997, -25.181374149272802], [-50.74655173299993, -25.18170559727278], [-50.74657812999994, -25.181876055272784], [-50.74633933599995, -25.183070350272768], [-50.74619780099994, -25.183440152272727], [-50.74619575099996, -25.18358840127274], [-50.74608707999994, -25.184307179272754], [-50.74580773699996, -25.186166137272714], [-50.74580727099993, -25.18639071127267], [-50.74593693099996, -25.18717944227265], [-50.74627677399997, -25.187920739272673], [-50.746512364999944, -25.18827955427265], [-50.746773927999975, -25.188781774272627], [-50.746805236999926, -25.188852085272625], [-50.746818461999965, -25.188881775272645], [-50.74682298299995, -25.188891925272618], [-50.746824396999955, -25.188895095272628], [-50.74706145499994, -25.189427411272604], [-50.74726307599997, -25.189637866272594], [-50.74742830799994, -25.18981034127259], [-50.747771966999956, -25.18991759627264], [-50.74858301699992, -25.190170714272625], [-50.75002732799993, -25.190173164272636], [-50.75068387799996, -25.190150379272634], [-50.75168591699998, -25.190066064272603], [-50.75317669299994, -25.190238154272627], [-50.75468474099994, -25.191196424272565], [-50.75546921399996, -25.19287030827254], [-50.75645185399998, -25.193947162272533], [-50.75743498599997, -25.194785069272523], [-50.75887746999995, -25.195743190272506], [-50.760386213999936, -25.196402727272478], [-50.76176401499998, -25.196882834272465], [-50.762943938999975, -25.197840491272448], [-50.763862066999934, -25.19837957627246], [-50.765502867999935, -25.198680863272465], [-50.767539083999964, -25.198206195272427], [-50.76918169399995, -25.19755168127248], [-50.76997145599995, -25.19653741427248], [-50.77102348299996, -25.19570275427249], [-50.772075051999934, -25.195107026272503], [-50.77232893399997, -25.19495908027254], [-50.77287321799997, -25.19447968327249], [-50.77360199599997, -25.1947176572725], [-50.77453911899994, -25.19511363327249], [-50.77547187799996, -25.195526071272493], [-50.77569455499997, -25.19585718227247], [-50.77599857499995, -25.19631396827248], [-50.776164703999946, -25.196886865272457], [-50.776023418999955, -25.19781685827244], [-50.775818742999945, -25.198625369272424], [-50.77559314999997, -25.199018216272428], [-50.77519204999993, -25.199474375272416], [-50.77503094399998, -25.19965759227244], [-50.77447179199999, -25.199984604272387], [-50.773903523999934, -25.200426262272387], [-50.773508703999944, -25.200903538272406], [-50.773704789999954, -25.20138171927239], [-50.77396620199994, -25.202039206272342], [-50.77422750799997, -25.202756426272337], [-50.77416052799998, -25.20347314627233], [-50.774224973999935, -25.2041303302723], [-50.77415821399995, -25.20472757927229], [-50.773828597999966, -25.205443896272282], [-50.77369595599999, -25.206160515272284], [-50.774220456999956, -25.206579462272284], [-50.77494216099996, -25.20687923827224], [-50.77507473699996, -25.20696396827227], [-50.77521583899994, -25.20707630727226], [-50.775611356999946, -25.20753337927227], [-50.77587180699993, -25.207923441272275], [-50.77624537599996, -25.20848291627223], [-50.77664936599995, -25.209132193272204], [-50.77696557999997, -25.209613156272226], [-50.77747044299998, -25.209911286272195], [-50.77909462599997, -25.21041424827217], [-50.780159334999944, -25.210610680272154], [-50.780871099999956, -25.21084084827219], [-50.78165471199998, -25.211018187272188], [-50.78268499999996, -25.211171860272184], [-50.78276635799995, -25.211194823272177], [-50.783398105999936, -25.21137311727219], [-50.78381553799994, -25.211726602272133], [-50.784334267999945, -25.21227191427217], [-50.785037917999944, -25.212849526272116], [-50.78543617999998, -25.213011594272125], [-50.78598900399993, -25.21297103027212], [-50.78680227899997, -25.212827659272143], [-50.787754107999945, -25.21252472027215], [-50.78837118499996, -25.212237311272148], [-50.789031732999945, -25.21186082427217], [-50.789101402999954, -25.211720096272156], [-50.78937272199994, -25.211452333272156], [-50.78962029599995, -25.211097567272176], [-50.79001942499997, -25.210619815272192], [-50.79013578399998, -25.210471603272183], [-50.79035474899996, -25.21019270327219], [-50.79053832899996, -25.2099827902722], [-50.79073239399997, -25.210011926272216], [-50.79068832899997, -25.21078020327217], [-50.79079117899994, -25.211193446272194], [-50.79097375299995, -25.211577809272136], [-50.790988812999956, -25.211612793272167], [-50.79135463099993, -25.21246251127213], [-50.79143363999997, -25.212846730272137], [-50.79171159899994, -25.21335442727211], [-50.792041852999944, -25.213740420272117], [-50.792339881999965, -25.21398582327212], [-50.79250192799998, -25.214349207272075], [-50.79238680999998, -25.214500450272073], [-50.792187223999974, -25.214746577272095], [-50.79176508199998, -25.2150622012721], [-50.79139747099998, -25.215368728272107], [-50.791245722999975, -25.215593179272044], [-50.79098157599998, -25.216324781272064], [-50.79106837499996, -25.216810470272073], [-50.791203156999984, -25.217194767272037], [-50.79136218399998, -25.217376174272058], [-50.79171232499993, -25.21760858227203], [-50.791870823999936, -25.217698742272045], [-50.792460361999986, -25.21810244627205], [-50.79296969999996, -25.218422040272003], [-50.793495077999985, -25.218676427272037], [-50.79400460399995, -25.21888730827202], [-50.79417770699996, -25.219025922271996], [-50.794602547999936, -25.21936611127197], [-50.794903558999984, -25.219571925271996], [-50.79551645699996, -25.219990994271967], [-50.79567568699997, -25.220056437271996], [-50.79616153899997, -25.22013682927196], [-50.796662900999934, -25.220164107271973], [-50.79732456299996, -25.220225396272003], [-50.79765165399993, -25.220265528271984], [-50.79769980999998, -25.220271435271993], [-50.79857510699998, -25.220386542271985], [-50.79871826399994, -25.220538930271978], [-50.79910828699997, -25.22075688227199], [-50.79960185799997, -25.22098946327196], [-50.80051728199993, -25.22146902027196], [-50.80106661899998, -25.221708922271933], [-50.80202216699996, -25.222014590271936], [-50.802850611999986, -25.222095419271948], [-50.80297524499997, -25.222101268271942], [-50.80340031199995, -25.222110642271943], [-50.80410947699993, -25.222053607271942], [-50.80484246499998, -25.222040081271963], [-50.80488991999994, -25.22206318327197], [-50.805320119999976, -25.222272625271927], [-50.80570200099998, -25.222613746271957], [-50.80589463399997, -25.222814714271944], [-50.806163272999974, -25.223128910271903], [-50.806325913999956, -25.223443907271925], [-50.80634378599996, -25.22364276327193], [-50.806406194999965, -25.22384802527188], [-50.80640844799996, -25.22385203427188], [-50.80648117699997, -25.224087438271905], [-50.806629284999985, -25.224474158271892], [-50.80684985099998, -25.224862427271866], [-50.80693622499996, -25.225189621271884], [-50.80692891299998, -25.225287262271852], [-50.80691452299993, -25.22547948227187], [-50.80682907899995, -25.225769257271867], [-50.80685631499995, -25.22632684027184], [-50.806857407999985, -25.22642033627188], [-50.80686376199998, -25.226965170271853], [-50.806875728999955, -25.227336899271826], [-50.80691110799995, -25.227643996271844], [-50.80738863399995, -25.227973157271805], [-50.80814714099994, -25.228081980271806], [-50.80876953099994, -25.228052257271788], [-50.80981319899997, -25.227791889271803], [-50.810119227999955, -25.227706128271826], [-50.81020516799998, -25.227690252271803], [-50.81058678299996, -25.22761976127183], [-50.81100112199994, -25.227600966271815], [-50.81135152699994, -25.227707706271843], [-50.811600744999964, -25.22784872327182], [-50.81165873499998, -25.228268553271814], [-50.81170024399995, -25.228906362271804], [-50.811826948999965, -25.2294090002718], [-50.81191111699997, -25.229940573271772], [-50.81191402699994, -25.23067086127177], [-50.81195247899995, -25.23154276027174], [-50.81184518099997, -25.23181933927175], [-50.811833406999945, -25.232114652271715], [-50.81215518399995, -25.232846227271732], [-50.81231572599996, -25.233145624271717], [-50.81245478299996, -25.233437140271718], [-50.812638241999935, -25.233787377271675], [-50.81286079199998, -25.234145194271683], [-50.81301944099994, -25.234609215271696], [-50.81309275799999, -25.23529538227164], [-50.81321938899998, -25.235855996271628], [-50.81334614299993, -25.23633930627167], [-50.81355452699995, -25.236727085271657], [-50.81390794399994, -25.23717103527162], [-50.814422485999955, -25.237548625271643], [-50.81478249799994, -25.237831755271593], [-50.81500810799997, -25.238240297271577], [-50.81507479199996, -25.238361046271603], [-50.815191089999985, -25.23873805027157], [-50.81520126099997, -25.23903761727157], [-50.815285492999976, -25.239540201271563], [-50.81523607899994, -25.239918432271566], [-50.816104621999955, -25.240074400271563], [-50.81668574999998, -25.240411021271523], [-50.81722194599997, -25.240773654271532], [-50.817752153999955, -25.241277913271553], [-50.81817842899994, -25.241824010271525], [-50.81826156399996, -25.242066970271495], [-50.81861877799997, -25.242481613271497], [-50.81881430899995, -25.24349734727147], [-50.818550526999964, -25.244213841271492], [-50.819206086999934, -25.245050934271443], [-50.81913872699994, -25.246185814271417], [-50.819137223999974, -25.247201305271428], [-50.81906994999997, -25.248276450271423], [-50.81867470499998, -25.249052518271405], [-50.81795095299998, -25.249887916271366], [-50.817884022999976, -25.250724121271336], [-50.818999222999935, -25.2516812492713], [-50.81945759599995, -25.252637568271297], [-50.81945547699996, -25.25407120127129], [-50.819059685999946, -25.255205678271263], [-50.81875005399996, -25.25604663227125], [-50.81878861699994, -25.256674856271214], [-50.818809496999954, -25.25677045727121], [-50.818861082999945, -25.25741565527122], [-50.81904366499998, -25.258323848271182], [-50.81904353299996, -25.258412935271185], [-50.81904320499996, -25.258634466271197], [-50.819095042999955, -25.25911240927115], [-50.81904182399995, -25.25956632827114], [-50.81901597199993, -25.25963653827113], [-50.818909910999935, -25.259924576271132], [-50.81890934799998, -25.26030687927116], [-50.81890908799994, -25.260482100271158], [-50.81906572399998, -25.261167246271114], [-50.81914344499996, -25.26141588727109], [-50.81927494099994, -25.261836536271126], [-50.81927391299996, -25.262529456271107], [-50.81927313099993, -25.263055123271073], [-50.81914777399993, -25.263199804271068], [-50.81914125799996, -25.263239283271083], [-50.81895921499995, -25.263489371271103], [-50.818577662999985, -25.263909641271038], [-50.81798980599996, -25.264331990271057], [-50.81714014399996, -25.264579686271073], [-50.81640661199997, -25.26467637127103], [-50.81553909799994, -25.26493812027104], [-50.81488149699993, -25.265391284271043], [-50.814459588999966, -25.266370402270994], [-50.81411896199995, -25.267253440271016], [-50.81410769599996, -25.267282642270974], [-50.81401129499994, -25.267435393270986], [-50.813785791999976, -25.267683682271006], [-50.81312804499998, -25.26822046327099], [-50.81220696999998, -25.269115314270977], [-50.81115476999997, -25.26983078827095], [-50.81062792399996, -25.270666399270947], [-50.81049449499994, -25.271980390270883], [-50.809902033999954, -25.272756178270864], [-50.80845617999995, -25.273112717270855], [-50.80720862999993, -25.27269295027089], [-50.80576295899993, -25.272929993270903], [-50.80431651599997, -25.273644898270888], [-50.802870731999974, -25.273941647270863], [-50.80247568799995, -25.274478730270822], [-50.80233104699994, -25.27504482527082], [-50.802350897999986, -25.27504846327083], [-50.80226280199997, -25.27680526627077], [-50.80223798299995, -25.27695901327079], [-50.801978160999965, -25.277997495270778], [-50.801615915999946, -25.278939417270735], [-50.80098850999996, -25.280163237270713], [-50.800959244999945, -25.280220315270707], [-50.80040630999997, -25.28118003027071], [-50.800272529999965, -25.281412235270675], [-50.79980970799994, -25.282534217270683], [-50.799623860999986, -25.283421992270632], [-50.79962316599995, -25.283537820270677], [-50.799505160999956, -25.28417565327066], [-50.79945169999997, -25.284725137270613], [-50.79939823099994, -25.285274620270595], [-50.79942392399994, -25.285633065270606], [-50.79947166299996, -25.2856728132706], [-50.79985911499995, -25.285995406270615], [-50.799866599999966, -25.28602574427061], [-50.79997499499996, -25.286135582270614], [-50.80039486199996, -25.286518451270577], [-50.80063045999998, -25.287092222270566], [-50.80057660499995, -25.287880646270562], [-50.800527726999974, -25.28809383427053], [-50.800548040999956, -25.28821508427054], [-50.80074427299996, -25.288752960270536], [-50.801071426999954, -25.289589685270514], [-50.80126746899998, -25.290247028270507], [-50.80132568999994, -25.290331998270496], [-50.80136103899997, -25.2903427632705], [-50.80217245999995, -25.290748728270525], [-50.802175111999986, -25.290750052270504], [-50.80225283899995, -25.290803214270525], [-50.802344585999954, -25.29086595827052], [-50.80252660799994, -25.2912466482705], [-50.80282003599996, -25.291848908270484], [-50.80313415599994, -25.292661374270477], [-50.80340602499996, -25.293597981270423], [-50.80378471299997, -25.294501654270444], [-50.80407593299998, -25.29507514827042], [-50.804245899999955, -25.29540984927039], [-50.80460216199998, -25.296184153270378], [-50.804624177999976, -25.29626147927038], [-50.804791002999934, -25.296847367270352], [-50.80487362299994, -25.297783718270345], [-50.804839664999975, -25.298854035270335], [-50.80483127799994, -25.29887981727032], [-50.804725377999944, -25.29920538527035], [-50.80470273399994, -25.299274998270345], [-50.80468443399997, -25.29933126127032], [-50.80468259599996, -25.30047816127028], [-50.80470442799999, -25.300713766270274], [-50.80471835499998, -25.300864047270277], [-50.80453487799997, -25.301361999270306], [-50.80446782599995, -25.302198192270293], [-50.80453229099993, -25.302974824270276], [-50.804137158999936, -25.303511910270206], [-50.803150133999964, -25.304346876270213], [-50.80262250199996, -25.305540859270184], [-50.80301494399999, -25.30667633627016], [-50.80328623499997, -25.30699980727015], [-50.803408162999965, -25.307333938270123], [-50.803472719999945, -25.308050837270116], [-50.80380013599995, -25.30876808627014], [-50.80471908599998, -25.30942638327011], [-50.805375183999956, -25.310084328270086], [-50.80603166999998, -25.310503333270105], [-50.80701721199995, -25.310624095270104], [-50.80767389599999, -25.3109236252701], [-50.80783382799996, -25.311082674270086], [-50.80826920499993, -25.31177588627007], [-50.80861544399994, -25.312586167270027], [-50.80891545099996, -25.31397288327001], [-50.80891462599993, -25.31402925227001], [-50.808898530999954, -25.315125843270003], [-50.80879813599994, -25.31638168326998], [-50.80866144899994, -25.316976659269965], [-50.80840677399993, -25.317533949269976], [-50.80802840299999, -25.31793022326994], [-50.80715580399993, -25.318398626269925], [-50.807983185999944, -25.319039440269936], [-50.808634189999964, -25.319672517269904], [-50.80946689799998, -25.32055206226991], [-50.81022839399998, -25.321422486269867], [-50.81113370999998, -25.32226916926986], [-50.811990898999966, -25.322973038269847], [-50.81290028199993, -25.323419258269794], [-50.81385475299993, -25.323760870269794], [-50.814494841999924, -25.324156986269845], [-50.81478531299996, -25.32448773426978], [-50.81488101399998, -25.324596703269773], [-50.81529117599997, -25.325157240269775], [-50.81593090999997, -25.32579493026978], [-50.81664355199996, -25.32619112626977], [-50.81757983399996, -25.326446855269765], [-50.81740660099995, -25.326801864269747], [-50.81712714499998, -25.327374561269714], [-50.81678433299993, -25.328067053269745], [-50.816595186999955, -25.328352675269716], [-50.81631003599995, -25.3287832722697], [-50.81588881399995, -25.329165047269687], [-50.815233458999955, -25.329533600269713], [-50.81512574299995, -25.32959417326971], [-50.81454695999997, -25.329856280269667], [-50.81391591799997, -25.329903272269686], [-50.81353795599995, -25.329902794269692], [-50.81336135299995, -25.329942690269657], [-50.81307455199993, -25.329949993269675], [-50.81305153799997, -25.33000207726968], [-50.81299022899998, -25.33014081226968], [-50.81286348899993, -25.33042760126965], [-50.812862465999956, -25.331096620269673], [-50.81301907099999, -25.331837523269673], [-50.81317379699993, -25.33235598826963], [-50.813176005999935, -25.332363380269616], [-50.813438152999936, -25.333261822269588], [-50.81302708299995, -25.3340476642696], [-50.81241714699996, -25.334751122269566], [-50.81190841299997, -25.3348825172696], [-50.81105347699997, -25.33518009426956], [-50.80993487499995, -25.33595519926955], [-50.80914546899999, -25.336372317269564], [-50.808093422999946, -25.336609887269525], [-50.807303816999934, -25.337146464269512], [-50.80769696799996, -25.33792352126955], [-50.808058494999955, -25.338803482269494], [-50.808877765999966, -25.339418410269474], [-50.80946831699998, -25.34007625026949], [-50.80986149199998, -25.340853301269473], [-50.80959688099995, -25.341928173269466], [-50.809266907999984, -25.342764023269428], [-50.80922439199997, -25.343182404269392], [-50.809142177999945, -25.34343546726939], [-50.80954188299995, -25.34384888626942], [-50.810044298999976, -25.344415687269393], [-50.81049773299998, -25.345171750269365], [-50.81093256699995, -25.345942852269335], [-50.810990335999975, -25.34604529326937], [-50.81132914199998, -25.34706030226935], [-50.811443957999984, -25.34729470326935], [-50.81162694399996, -25.347987848269284], [-50.811965700999956, -25.349971453269266], [-50.81214754699994, -25.351405303269253], [-50.812146515999984, -25.352074322269225], [-50.81198763499999, -25.35279092326924], [-50.811751190999985, -25.35304087026922], [-50.81168531399993, -25.353110509269214], [-50.81167157599998, -25.353125031269222], [-50.811638451999954, -25.35313334826921], [-50.811366562999986, -25.353265852269228], [-50.81058289499998, -25.353352693269215], [-50.80961551599995, -25.35338657926919], [-50.80884145099998, -25.353517350269172], [-50.808235723999985, -25.353757750269164], [-50.80812298599995, -25.354422241269166], [-50.80797487299998, -25.355103740269143], [-50.807758536999984, -25.355718970269127], [-50.80734947999997, -25.356289439269137], [-50.80665272999994, -25.356951089269113], [-50.80703763099995, -25.357702911269126], [-50.807600089999944, -25.358711338269107], [-50.80786356099997, -25.359523109269055], [-50.807873309999934, -25.36033454426904], [-50.80755182299998, -25.361325870269045], [-50.80665663599996, -25.362346491269026], [-50.805706578999946, -25.363176700268966], [-50.804480711999986, -25.363808413268973], [-50.80334698699994, -25.364288635268984], [-50.802393251999945, -25.364639972268975], [-50.80170989199996, -25.364943960268935], [-50.80105695499998, -25.365234413268936], [-50.80010280099998, -25.36583418126893], [-50.79973122399997, -25.366378631268937], [-50.799553783999954, -25.36693937326893], [-50.79950778699998, -25.367718212268873], [-50.79925044799995, -25.36855934226888], [-50.79911896599997, -25.368729707268848], [-50.799101020999956, -25.368794509268845], [-50.79824482399994, -25.36968934526888], [-50.797323663999975, -25.370106216268837], [-50.79659923999998, -25.37082202326884], [-50.795349625999954, -25.37105922626881], [-50.79370511299994, -25.371534800268797], [-50.79265171299995, -25.3723695942688], [-50.791992075999985, -25.373623072268803], [-50.79133314499995, -25.37445841226876], [-50.790476438999974, -25.375592137268725], [-50.78922510599994, -25.376785025268696], [-50.788368987999945, -25.37756033526867], [-50.78718441299998, -25.378155964268693], [-50.78619760799995, -25.378453202268663], [-50.78665661399998, -25.379170673268668], [-50.787313196999946, -25.379709227268663], [-50.78783754799997, -25.380665723268656], [-50.78750658799998, -25.381919654268582], [-50.78757035499996, -25.383054686268594], [-50.78783170399999, -25.38401080226857], [-50.78835545399994, -25.385325697268563], [-50.78835399599995, -25.38616196726852], [-50.789536778999945, -25.38664153326853], [-50.790917872999955, -25.38652403526852], [-50.79131148599998, -25.387062197268502], [-50.79137580599996, -25.38789856026845], [-50.79097951499994, -25.388913469268477], [-50.79072215999997, -25.39016492226841], [-50.79053230799996, -25.39183125426838], [-50.79053072199997, -25.3918360802684], [-50.79013399399998, -25.393040845268384], [-50.78962512099998, -25.393933626268364], [-50.78956829999998, -25.39401318026833], [-50.78932623999998, -25.394287138268357], [-50.78866780199997, -25.394764062268344], [-50.787878252999974, -25.39500185926835], [-50.786759476999976, -25.395478111268336], [-50.78649208199994, -25.3957444282683], [-50.786026535999945, -25.3960040212683], [-50.78561996899999, -25.396399522268297], [-50.78526029399996, -25.397012291268272], [-50.78497350699997, -25.39780636226829], [-50.78459646899995, -25.398493396268282], [-50.784564176999936, -25.398527993268253], [-50.78404366999996, -25.39908557026823], [-50.78323091699997, -25.399637061268237], [-50.782424780999975, -25.400033114268208], [-50.78148999199993, -25.4004564052682], [-50.78194068099999, -25.40118744526818], [-50.78222012999998, -25.40163100826821], [-50.782535423999946, -25.402255167268176], [-50.78274163999998, -25.40251734526818], [-50.78274413799994, -25.40252209626819], [-50.782894477999946, -25.402807774268144], [-50.78331430999998, -25.403405723268186], [-50.78383941199997, -25.40397994126816], [-50.78439159399994, -25.40412411426813], [-50.78454256999998, -25.40414598626813], [-50.78462396799995, -25.40418805226811], [-50.78545652899994, -25.40471898126814], [-50.78623987399994, -25.405041357268125], [-50.786996389999956, -25.405371455268117], [-50.78747893299993, -25.405774262268107], [-50.78766056599994, -25.406160670268097], [-50.78767861799997, -25.406199076268084], [-50.78765780799995, -25.406274169268098], [-50.78749093099998, -25.406876365268083], [-50.78709565699995, -25.407258089268097], [-50.786542451999935, -25.40768736326808], [-50.78591018999999, -25.408188208268047], [-50.78529576699998, -25.408354647268037], [-50.785120596999946, -25.40840209526807], [-50.784646641999984, -25.408640341268043], [-50.78411997999996, -25.408926285268024], [-50.783751122999945, -25.409236358268057], [-50.783592848999945, -25.409475058267997], [-50.78359247399993, -25.409688718268043], [-50.78359216999996, -25.40985734726802], [-50.78362965599996, -25.41004057526804], [-50.783748651999986, -25.410622169268006], [-50.783943370999964, -25.411066369267992], [-50.78411547199994, -25.411458979268005], [-50.78421994099995, -25.411889209267986], [-50.78448034199994, -25.41339487326794], [-50.784268174999966, -25.414350300267916], [-50.784240754999985, -25.415302785267883], [-50.783138048999945, -25.41542980526791], [-50.783091171999956, -25.415445691267887], [-50.782169504999956, -25.415922195267886], [-50.78144482399995, -25.41657818726788], [-50.78085179099997, -25.417174639267845], [-50.78012817899998, -25.4172332922679], [-50.778747272999965, -25.41705201926789], [-50.77776100699998, -25.416871331267895], [-50.77716949099994, -25.41663150226789], [-50.77640903699995, -25.4162270872679], [-50.77625438799999, -25.41600158026787], [-50.77568816599996, -25.415386517267883], [-50.77535912299993, -25.415250955267933], [-50.77453916999997, -25.415343945267907], [-50.77358703799996, -25.415736163267898], [-50.77335590299998, -25.41596860426787], [-50.772697507999965, -25.416325988267907], [-50.772498732999956, -25.417102215267846], [-50.77210353399994, -25.417400270267873], [-50.77143515999996, -25.417439693267852], [-50.77117647499994, -25.417543380267887], [-50.77073006699993, -25.41779706026783], [-50.77041059099997, -25.418221029267823], [-50.77023925599997, -25.418944291267813], [-50.77016390799998, -25.419465111267826], [-50.769988631999986, -25.419743042267847], [-50.76969559699995, -25.419946729267796], [-50.769419298999935, -25.420004175267817], [-50.769124258999966, -25.419973407267836], [-50.768411004999955, -25.41954918326781], [-50.76801821199996, -25.41942315126784], [-50.76765703899997, -25.41942257826782], [-50.76740170399995, -25.41947440626781], [-50.76688062199998, -25.419922994267836], [-50.76676290299997, -25.420376220267816], [-50.766846715999975, -25.420984117267814], [-50.76695194099994, -25.421505224267804], [-50.76711173799998, -25.42198494126775], [-50.766902711999926, -25.422324043267754], [-50.76645947499998, -25.422846357267762], [-50.765862285999965, -25.423264388267725], [-50.76501964499994, -25.423533368267762], [-50.76417517799996, -25.423661729267714], [-50.76364554199994, -25.42387130726772], [-50.76358544699996, -25.42415970826775], [-50.763875445999986, -25.42483818026768], [-50.764246009999965, -25.42536272526769], [-50.764333626999985, -25.425947626267707], [-50.76412328699996, -25.427229621267674], [-50.76307081099998, -25.427867840267652], [-50.76193099999995, -25.428456709267657], [-50.76085035299997, -25.42895257126763], [-50.76015884999998, -25.429443442267623], [-50.75935059599993, -25.43025909526758], [-50.75858645899996, -25.431079803267608], [-50.75790237199993, -25.431591022267572], [-50.757370199999976, -25.432082145267582], [-50.756934986999966, -25.432905330267552], [-50.756602793999946, -25.43332533826755], [-50.755922246999944, -25.433632912267512], [-50.75407310599997, -25.43391924026753], [-50.75206399199993, -25.43406331826752], [-50.75085023999998, -25.434161635267497], [-50.750319926999964, -25.43416301426754], [-50.75015237499997, -25.434163449267537], [-50.749381537999966, -25.433999365267525], [-50.747441365999975, -25.432954810267535], [-50.74648984299995, -25.432854828267548], [-50.745502560999974, -25.432505831267548], [-50.74443059899994, -25.432011970267556], [-50.74388044899996, -25.431842824267545], [-50.74371594699994, -25.431780244267582], [-50.74363056999994, -25.431765998267537], [-50.74326357299998, -25.431704741267584], [-50.74313727699996, -25.43168366026758], [-50.742809002999934, -25.431669534267588], [-50.74277383099996, -25.431668022267544], [-50.74255845299996, -25.43165875326758], [-50.74195286399998, -25.43184883926754], [-50.741632877999955, -25.431932588267536], [-50.74134747199997, -25.431947329267555], [-50.74059522399995, -25.432199538267557], [-50.73998245499996, -25.43240498126757], [-50.73970907499996, -25.432496637267565], [-50.73945241699994, -25.432752796267582], [-50.73849946099995, -25.433438939267546], [-50.73780928299994, -25.434117752267507], [-50.73724218599995, -25.43512492126748], [-50.73692252199999, -25.436111670267454], [-50.73693002999994, -25.43699588026748], [-50.73716210599997, -25.43775840926745], [-50.73740318699999, -25.438400191267434], [-50.737498778999964, -25.4392832352674], [-50.73731519699999, -25.440652776267406], [-50.737033821999944, -25.441563769267365], [-50.736698324999956, -25.442395827267372], [-50.73623644199996, -25.443407717267306], [-50.736234859999975, -25.44413531126731], [-50.73672125799993, -25.445060389267308], [-50.737483636999976, -25.44625145026728], [-50.73793609499995, -25.447390251267226], [-50.73859384199994, -25.448777823267186], [-50.73866676199998, -25.449453239267214], [-50.73854898799993, -25.449867850267207], [-50.73821485099995, -25.45009924726718], [-50.73738942599994, -25.450512130267207], [-50.73643902799995, -25.450878718267152], [-50.734912207999976, -25.451202262267177], [-50.73320062399995, -25.45160433426716], [-50.73193493999997, -25.45196776226716], [-50.73087134099996, -25.452641957267137], [-50.73082645499994, -25.45275399226711], [-50.73054566699994, -25.452840750267118], [-50.73005076399994, -25.45344609626715], [-50.72975855899995, -25.4542890322671], [-50.72969819699995, -25.45531691026708], [-50.729068423999934, -25.45596841826704], [-50.727747335999936, -25.45664404326706], [-50.72772092199995, -25.456657551267064], [-50.727475952999946, -25.456715472267067], [-50.72658549899995, -25.456949839267025], [-50.725463693999984, -25.458288820266997], [-50.72394997699996, -25.459366440266965], [-50.72228612799995, -25.459997859266952], [-50.72133428299997, -25.460027400266952], [-50.719682381999974, -25.459517724266988], [-50.72062138699994, -25.46100655726696], [-50.721072006999975, -25.462207923266966], [-50.72097556699999, -25.463065250266894], [-50.72050229499996, -25.46349310026694], [-50.720024973999955, -25.463638079266904], [-50.71823443999995, -25.46386607126691], [-50.71651522399998, -25.463897059266902], [-50.71521110699996, -25.46415178426689], [-50.714624656999945, -25.46449365426689], [-50.71420729799996, -25.46523029726686], [-50.71410914799998, -25.466790767266836], [-50.713842554999985, -25.467682050266802], [-50.713615301999944, -25.468029290266795], [-50.71311473499998, -25.46879415526679], [-50.71238658899995, -25.469077488266812], [-50.71165555999994, -25.469558822266766], [-50.71112350599998, -25.47042000026679], [-50.71074722099996, -25.47089225126674], [-50.70920951199997, -25.47171103826673], [-50.70796120799997, -25.47180318626675], [-50.70652522299997, -25.471783609266705], [-50.70484936799995, -25.471980797266724], [-50.704435048999976, -25.472334434266713], [-50.704185199999976, -25.472547683266708], [-50.70396185399994, -25.473533261266677], [-50.70353599099997, -25.47451843226669], [-50.70298124099998, -25.475503342266663], [-50.702998226999966, -25.475559402266676], [-50.70330009199995, -25.47655551726662], [-50.70320509299995, -25.47687408726661], [-50.70312376599998, -25.477442266266625], [-50.70300536999997, -25.477601325266622], [-50.702403333999946, -25.478410120266613], [-50.70179295599996, -25.479545322266596], [-50.701822987999954, -25.47964001826655], [-50.701935190999954, -25.479993786266565], [-50.702091468999974, -25.480486495266565], [-50.702121809999944, -25.480582156266554], [-50.70311318099993, -25.481754035266505], [-50.70344188099995, -25.482859342266526], [-50.703442983999935, -25.482863056266524], [-50.703494748999965, -25.483846732266475], [-50.70350448199998, -25.484031564266477], [-50.703437537999946, -25.485082975266447], [-50.70334132299996, -25.485506867266466], [-50.70325297699997, -25.485896073266474], [-50.70304734599995, -25.48671792026645], [-50.70237629099995, -25.487357389266403], [-50.70228133599994, -25.48744786526643], [-50.701801065999966, -25.48749431626643], [-50.70177003999999, -25.487495675266448], [-50.701309026999986, -25.48751582826641], [-50.70094331199993, -25.487036372266427], [-50.700886861999955, -25.486962369266422], [-50.70085107999995, -25.486976357266407], [-50.70044034199998, -25.48713690826642], [-50.700214182999964, -25.48722531226641], [-50.69965063199999, -25.487585899266396], [-50.699180688999945, -25.488010509266424], [-50.698217097999986, -25.488966071266407], [-50.697933003999935, -25.48958750626637], [-50.69776566899998, -25.490202186266366], [-50.69774627499999, -25.49084751726634], [-50.69772444399996, -25.491574099266348], [-50.69808646799999, -25.493681048266303], [-50.698157916999946, -25.493753421266263], [-50.698453273999974, -25.49441568226625], [-50.698716881999985, -25.49481647926625], [-50.69885622299995, -25.495241536266256], [-50.69873168699996, -25.495661573266215], [-50.69866743099993, -25.49587829426623], [-50.69848769199996, -25.495877924266228], [-50.698012201999965, -25.49587694926625], [-50.69763503899998, -25.495839484266266], [-50.69716965799996, -25.495917682266246], [-50.69645178899997, -25.495984765266222], [-50.69606946599999, -25.496110046266224], [-50.69554188799998, -25.496527080266226], [-50.695343385999934, -25.496944794266195], [-50.695144882999955, -25.497362510266193], [-50.694748778999944, -25.497839546266196], [-50.69435251999994, -25.498376313266217], [-50.69382492699998, -25.498793339266182], [-50.693691171999944, -25.499629315266187], [-50.693821595999964, -25.500107446266142], [-50.69401753499995, -25.500705180266124], [-50.693818415999935, -25.50136182226613], [-50.69394884199995, -25.50183995326609], [-50.69427687599995, -25.502258765266113], [-50.69427536399996, -25.502856087266068], [-50.69348507899997, -25.503033634266085], [-50.69276030799995, -25.503330779266072], [-50.692166105999945, -25.504046322266067], [-50.69183548299998, -25.504642952266074], [-50.691372910999974, -25.50535876826603], [-50.69084542899997, -25.505716051266038], [-50.69050378999998, -25.50617877126601], [-50.69005420099995, -25.506251973266025], [-50.68854062699995, -25.506129300266], [-50.68742105399997, -25.506365848266025], [-50.68692284499998, -25.506709904266035], [-50.68597097199995, -25.507139270266016], [-50.68577210899996, -25.507676435265978], [-50.68511108699994, -25.508750199265968], [-50.68517457299999, -25.50964632126598], [-50.68457982699994, -25.510541028265937], [-50.683985384999964, -25.511316268265926], [-50.68319361999994, -25.512031347265896], [-50.68167809099999, -25.51262538826587], [-50.68101937399996, -25.512803152265874], [-50.67976712399997, -25.51339774526587], [-50.67904178099997, -25.51387401826587], [-50.678185576999965, -25.514051337265848], [-50.67673902399997, -25.513450831265843], [-50.67601703499997, -25.512672718265907], [-50.67569080199996, -25.51159681526591], [-50.67523244599994, -25.5106998162659], [-50.67470811199996, -25.50986240126595], [-50.67385435199998, -25.509143717265975], [-50.67313175999993, -25.508604516265997], [-50.67234335299997, -25.50806516526597], [-50.672314540999935, -25.508049390265956], [-50.67202623899993, -25.507814251265977], [-50.67164266299995, -25.507467541266013], [-50.67064521799995, -25.505938955266043], [-50.66860758499997, -25.50186916526611], [-50.66842739899994, -25.50150925626613], [-50.66827434299995, -25.501263916266133], [-50.668092326999954, -25.500697067266138], [-50.66781419199997, -25.49971948126613], [-50.66744245899998, -25.498741683266207], [-50.66641642899998, -25.497422586266214], [-50.66571615099997, -25.496783845266233], [-50.664067004999936, -25.495982882266237], [-50.66351940299995, -25.495716916266268], [-50.66169496699997, -25.49541538526622], [-50.660384514999976, -25.495412351266246], [-50.65879263299996, -25.496109728266237], [-50.658784708999974, -25.49611967326621], [-50.65874111299996, -25.496132957266248], [-50.657873937999966, -25.496523950266248], [-50.657125218999965, -25.497199964266184], [-50.65647126799997, -25.497443762266236], [-50.65562256299995, -25.49785410526622], [-50.655577377999975, -25.497875953266174], [-50.65498169099994, -25.49862848126619], [-50.654735794999965, -25.499936102266176], [-50.65471297399995, -25.500452643266136], [-50.65465852199997, -25.50168509626612], [-50.65491941099998, -25.503128785266068], [-50.65493717399994, -25.503991559266083], [-50.65494056899996, -25.504156478266076], [-50.65421327099996, -25.505729025266067], [-50.65341405399994, -25.50717021226599], [-50.653352164999944, -25.50792866626597], [-50.653289186999984, -25.508700450266], [-50.653437768999936, -25.50980243626596], [-50.65350151499996, -25.510275214265963], [-50.65292017399997, -25.511345210265898], [-50.65231605499997, -25.511955994265882], [-50.65200255799993, -25.5125297852659], [-50.65162901399998, -25.513213468265853], [-50.65133085799993, -25.51333286826587], [-50.65060661599995, -25.513390876265873], [-50.64975002899996, -25.51368749326587], [-50.649090392999945, -25.514163773265846], [-50.648562922999986, -25.514461169265847], [-50.647640673999945, -25.514697884265868], [-50.646456167999986, -25.514575568265833], [-50.64500976999994, -25.513974751265877], [-50.64382703699994, -25.51325509626588], [-50.642512846999985, -25.512475379265894], [-50.64139578999993, -25.511815597265887], [-50.640607684999964, -25.511216345265925], [-50.63988469699996, -25.51085617826595], [-50.63889699299994, -25.51097321326591], [-50.638040395999944, -25.511269761265947], [-50.63672428799998, -25.51114704126591], [-50.63553892799996, -25.51132329526591], [-50.634747421999975, -25.511858915265893], [-50.634350488999985, -25.512514979265877], [-50.634019557999984, -25.513111474265873], [-50.63263633899993, -25.513406675265852], [-50.63158351199996, -25.513284569265856], [-50.63046723999998, -25.51238577826588], [-50.62961372899997, -25.511666838265878], [-50.62882623399998, -25.51088832926591], [-50.62836657599996, -25.51052877226595], [-50.627182500999936, -25.510286837265937], [-50.625668207999986, -25.51040244226595], [-50.62441683199996, -25.51063817026596], [-50.62336142899994, -25.51135224826593], [-50.62270188999997, -25.511768676265905], [-50.621648712999956, -25.511765962265912], [-50.620923342999966, -25.512182213265888], [-50.620855079999956, -25.512958553265904], [-50.62065460399998, -25.513913748265896], [-50.620520700999975, -25.514630186265865], [-50.61939884999998, -25.515523258265834], [-50.618014811999956, -25.5160572462658], [-50.61623618599998, -25.51647072426583], [-50.61603718899995, -25.516948060265776], [-50.61616618099998, -25.517784645265763], [-50.61596546999994, -25.51879956426574], [-50.61589736099995, -25.519516169265763], [-50.61615877099996, -25.52011417426572], [-50.616288907999945, -25.52059237026573], [-50.61595767599994, -25.521248555265693], [-50.61542819099997, -25.522143147265677], [-50.615228989999935, -25.52268021126569], [-50.61391201999999, -25.522796211265675], [-50.61259619699997, -25.52255381126569], [-50.61134332399996, -25.523207545265695], [-50.61015723299994, -25.523562787265647], [-50.60916784999995, -25.52415747026566], [-50.60876976999999, -25.52511212026562], [-50.608042526999945, -25.526065886265616], [-50.60804039299995, -25.52672293226562], [-50.60672239899998, -25.52713752326559], [-50.60527312299996, -25.527432286265576], [-50.60421706799997, -25.528265684265566], [-50.604147903999944, -25.529280939265576], [-50.60384198499997, -25.530512637265513], [-50.603900027999934, -25.53231094126552], [-50.60364845299995, -25.53356749626549], [-50.603611145999935, -25.53423639226545], [-50.603890683999964, -25.5346512902654], [-50.604417159999976, -25.534716427265444], [-50.604530688999944, -25.53479180126545], [-50.604600896999955, -25.534984820265443], [-50.604874162999984, -25.536197483265404], [-50.604742975999955, -25.53691642626537], [-50.604557101999944, -25.537251196265355], [-50.604478609999944, -25.53739257526537], [-50.60380726999995, -25.53866504126533], [-50.60306641899996, -25.539714312265303], [-50.60250186999997, -25.540541062265333], [-50.602411607999954, -25.541049794265284], [-50.60239452899998, -25.541146056265276], [-50.60240033499997, -25.541223030265304], [-50.60246181399998, -25.542038234265274], [-50.602495249999954, -25.542548034265295], [-50.603336326999965, -25.54306002326525], [-50.603825951999966, -25.54366663126523], [-50.603788320999975, -25.54443109426521], [-50.60418535399998, -25.545046026265226], [-50.60449019099997, -25.545518162265196], [-50.60459189799997, -25.545675684265184], [-50.60595974499995, -25.54618908026521], [-50.606389297999954, -25.546354521265183], [-50.606659469999954, -25.546430730265165], [-50.60777781699994, -25.546732388265173], [-50.60803963299998, -25.547210943265195], [-50.60810275699998, -25.548047356265176], [-50.608166074999986, -25.548824038265142], [-50.60855880899992, -25.5495418692651], [-50.60914907999995, -25.550260226265127], [-50.610332348999975, -25.550860696265108], [-50.61084537999994, -25.551017346265116], [-50.61126273899999, -25.55101845726507], [-50.612056174999964, -25.55082876726512], [-50.612691120999955, -25.550614688265078], [-50.61313764199997, -25.550658521265074], [-50.613193078999984, -25.550663960265084], [-50.61343007699998, -25.55092829526508], [-50.61400993899997, -25.551409301265092], [-50.61503777199994, -25.55229903126507], [-50.615854270999925, -25.553164229265043], [-50.61613142699997, -25.55369505426503], [-50.61614357999997, -25.553749184265047], [-50.616456641999946, -25.555143805264986], [-50.61630824599996, -25.555893941264994], [-50.61623859399998, -25.557088393264962], [-50.61656517299997, -25.557925492264967], [-50.617880630999935, -25.558406785264967], [-50.619591759999935, -25.55870989926491], [-50.620709878999946, -25.55913092226491], [-50.621299705999945, -25.560028424264885], [-50.62136161299997, -25.561282950264886], [-50.62188447999995, -25.562538666264857], [-50.621947330999944, -25.56349453626482], [-50.62203957199995, -25.564489529264808], [-50.62207097199996, -25.564630412264826], [-50.62215944599996, -25.565027358264796], [-50.62205247999999, -25.5655367882648], [-50.62190959299994, -25.566300988264786], [-50.62189910499995, -25.566522995264766], [-50.62187197399994, -25.567097313264775], [-50.621834047999975, -25.56798920526473], [-50.62144419899994, -25.569103189264737], [-50.62165323499994, -25.569645293264696], [-50.622038483999965, -25.569996712264718], [-50.62210328699996, -25.5704780982647], [-50.62214145699994, -25.57076154626469], [-50.62182354599997, -25.571334147264672], [-50.62125986899998, -25.571874257264696], [-50.620782163999934, -25.57240636026463], [-50.62059980899994, -25.573167571264626], [-50.620267696999974, -25.57406268326462], [-50.62013315499996, -25.574958307264613], [-50.620261478999964, -25.57603380926458], [-50.62091705599994, -25.576991213264577], [-50.62190287799995, -25.577650811264544], [-50.62229597399993, -25.578308873264533], [-50.62321614099994, -25.578908561264544], [-50.624202552999975, -25.5793889502645], [-50.62426598899998, -25.5801656232645], [-50.623868769999945, -25.580821650264475], [-50.62393201799994, -25.581658053264448], [-50.62432513699998, -25.582316110264447], [-50.624718259999945, -25.582974165264403], [-50.62491417199994, -25.58351225226445], [-50.62464923099997, -25.583989424264434], [-50.62398798799995, -25.584823967264413], [-50.623591498999986, -25.585241068264377], [-50.62273358599998, -25.58577644226437], [-50.62194190499997, -25.586192518264372], [-50.621215517999985, -25.586787954264377], [-50.62029209599996, -25.587203681264334], [-50.61943604299995, -25.58714172526437], [-50.618382208999954, -25.587138979264353], [-50.617327614999965, -25.58737515026434], [-50.61660329299997, -25.587313522264367], [-50.615813678999984, -25.587072525264322], [-50.615090314999975, -25.586712234264336], [-50.61443396799996, -25.58599372826437], [-50.61404050899994, -25.585455108264384], [-50.61331735199997, -25.585035078264404], [-50.61226488399996, -25.584614172264423], [-50.61147433199994, -25.58467180726439], [-50.610683585999936, -25.58478916726438], [-50.60963112999997, -25.58436824326441], [-50.60877549299994, -25.584186763264427], [-50.607918495999975, -25.584423394264384], [-50.60699446199993, -25.585018230264374], [-50.606268400999966, -25.585494129264408], [-50.60560878499996, -25.585791009264412], [-50.60475373299993, -25.585430313264382], [-50.60396553199996, -25.5847711362644], [-50.603375125999946, -25.58405276026441], [-50.60318029499996, -25.58321599126443], [-50.60298605799994, -25.582200030264453], [-50.60272714599996, -25.580825505264468], [-50.60246725299999, -25.579749632264495], [-50.60240435199996, -25.578853490264528], [-50.60128690899995, -25.578193403264518], [-50.60010064199998, -25.57842909226453], [-50.59845394899997, -25.578484314264543], [-50.59726627499999, -25.579138096264504], [-50.595947869999975, -25.579492849264504], [-50.59456399899995, -25.57972794726452], [-50.59331265099996, -25.579724474264534], [-50.59212867999997, -25.579845033264508], [-50.59206089899993, -25.579840452264513], [-50.59127118199996, -25.57965905426452], [-50.59015297999997, -25.579237807264516], [-50.58949682399998, -25.578519191264498], [-50.58917058399994, -25.577622304264573], [-50.58838333699998, -25.576724120264526], [-50.58772720499996, -25.576005497264603], [-50.58687350699995, -25.575286312264577], [-50.586415373999955, -25.574448779264614], [-50.585692997999956, -25.573849421264637], [-50.58530011899995, -25.573191262264636], [-50.585102753999934, -25.573130971264632], [-50.584509424999965, -25.573308482264625], [-50.583520746999966, -25.573544598264625], [-50.58292575799993, -25.574199949264642], [-50.58246227099994, -25.574915404264612], [-50.582065050999965, -25.57551158426459], [-50.58133915799993, -25.575927629264594], [-50.58040026899994, -25.576265127264545], [-50.58029036299997, -25.57628615926456], [-50.579376572999934, -25.576442812264585], [-50.57860315999994, -25.57663173026458], [-50.57754819599995, -25.57697911126456], [-50.57724326699997, -25.57709974826455], [-50.57714905799997, -25.577137015264544], [-50.576668842999936, -25.57732699526455], [-50.57636446599997, -25.577315496264564], [-50.57591317199996, -25.577416432264542], [-50.57448514799995, -25.577134565264533], [-50.57348947099996, -25.577200037264546], [-50.57254113499993, -25.577851357264556], [-50.57132692899995, -25.578139718264563], [-50.57106463699994, -25.57820808926456], [-50.56939323399996, -25.57864374426453], [-50.568233530999976, -25.578799612264515], [-50.566651752999974, -25.57911350226453], [-50.56566733199998, -25.579365438264507], [-50.564473299999975, -25.579298174264526], [-50.56410501899995, -25.579425383264486], [-50.56355888599995, -25.579614020264483], [-50.563539041999945, -25.579620584264482], [-50.562890695999954, -25.579835018264518], [-50.56204791399995, -25.579768785264488], [-50.56163880499998, -25.579733823264508], [-50.56050286199996, -25.579636726264532], [-50.55976721299998, -25.579092950264513], [-50.559754761999955, -25.57908246326451], [-50.559719351999945, -25.579052622264506], [-50.55931197999996, -25.578709301264507], [-50.558660136999954, -25.57852801226456], [-50.55843542699994, -25.578516006264532], [-50.55818872599996, -25.57850282526455], [-50.55739893799994, -25.578357086264557], [-50.556313116999945, -25.57813479426456], [-50.55621435099994, -25.578114571264532], [-50.555368561999956, -25.57809098726451], [-50.55491308899996, -25.578078286264567], [-50.55421076299996, -25.578148917264535], [-50.552269423999974, -25.578142987264556], [-50.550909340999965, -25.57777296126457], [-50.549801634999945, -25.57733510026456], [-50.54941849199997, -25.57724997426457], [-50.54907108599996, -25.577172788264566], [-50.54841512199993, -25.577242775264533], [-50.547750400999966, -25.57731369026457], [-50.547037169999946, -25.57769909526454], [-50.546897179999974, -25.578675241264538], [-50.54689594399997, -25.579003655264504], [-50.54689479699994, -25.579309003264537], [-50.54688401599998, -25.579328386264542], [-50.54616967099998, -25.580138515264508], [-50.54591210399997, -25.580370513264512], [-50.54540307299993, -25.580829021264456], [-50.54458504899998, -25.58118486126445], [-50.54376710299994, -25.581516810264475], [-50.543185534999964, -25.58204062826446], [-50.54278646399996, -25.582758280264432], [-50.54268367699996, -25.58294312126444], [-50.54265501499998, -25.582994665264405], [-50.54201809999995, -25.584211188264433], [-50.541540064999936, -25.585213174264407], [-50.54131574599995, -25.585549598264368], [-50.54106311999993, -25.58592845226436], [-50.54035216099994, -25.585830654264363], [-50.53956482199993, -25.585039725264377], [-50.53880384199993, -25.58481915326439], [-50.53829928499994, -25.58481756226439], [-50.53763996899994, -25.584994673264415], [-50.53724203499996, -25.585710187264382], [-50.536909959999946, -25.586425910264346], [-50.53631442599993, -25.587140796264364], [-50.53565255899997, -25.587974931264338], [-50.53485941499998, -25.588689184264325], [-50.533538875999966, -25.5895212132643], [-50.53222017799993, -25.589875388264264], [-50.53063847699996, -25.590109246264266], [-50.53010828499998, -25.59094377726426], [-50.53017018499997, -25.591959403264266], [-50.530101051999964, -25.592795415264227], [-50.529439578999984, -25.593510060264215], [-50.52858025899997, -25.594283795264204], [-50.52719586099994, -25.59457798126422], [-50.52620666599995, -25.59487343526418], [-50.525413655999955, -25.59552790326416], [-50.52494998099996, -25.59618343926415], [-50.52488057199998, -25.59707917726414], [-50.52507440599992, -25.59803550126413], [-50.52513602999994, -25.59911085726411], [-50.52453800099994, -25.6004229942641], [-50.52427026299995, -25.601497279264017], [-50.524002045999964, -25.602691024264026], [-50.523076277999955, -25.603583970264026], [-50.521691285999964, -25.603997562263995], [-50.521162397999944, -25.604473678264004], [-50.52069866599993, -25.605129197263953], [-50.52016905399995, -25.605784499263972], [-50.51957379999993, -25.606379852263967], [-50.51845226199998, -25.60679427826392], [-50.51805413999995, -25.6075097362639], [-50.518116422999974, -25.608405903263893], [-50.518115138999974, -25.608726236263877], [-50.51796131699996, -25.609324961263905], [-50.51795995499998, -25.60966542326388], [-50.51799667399996, -25.61036439226385], [-50.51799958999993, -25.610433924263855], [-50.51801471699997, -25.610794514263866], [-50.51822901999997, -25.611565746263825], [-50.51842948399997, -25.61168553426383], [-50.518741646999956, -25.611872061263856], [-50.519654025999955, -25.611898964263855], [-50.520438439999964, -25.61195424326383], [-50.52096121499994, -25.612035001263855], [-50.52133826999995, -25.612220681263807], [-50.521686158999955, -25.612432612263827], [-50.52210680799993, -25.6126624412638], [-50.52267379799997, -25.612541234263848], [-50.523227417999976, -25.61217415326382], [-50.523576451999986, -25.61209624826381], [-50.52398978999997, -25.612057137263843], [-50.52418609799998, -25.612256323263804], [-50.524126518999935, -25.61262501726383], [-50.52380570399998, -25.61291381326383], [-50.52380465699997, -25.613177298263825], [-50.523732627999955, -25.613410661263835], [-50.52479500599998, -25.614642119263763], [-50.525021192999986, -25.615735558263783], [-50.52498404299996, -25.615900892263745], [-50.524970734999954, -25.615960104263745], [-50.52457290799998, -25.61660390026375], [-50.52397807199997, -25.617085782263715], [-50.52342261599995, -25.617603633263744], [-50.52318295699996, -25.61823002026369], [-50.52320958099994, -25.618750346263695], [-50.52327694699995, -25.619029946263687], [-50.52335990499994, -25.619374230263674], [-50.52393319799995, -25.620072460263668], [-50.52439153299997, -25.620790721263674], [-50.52478351799993, -25.621628226263656], [-50.52550634199997, -25.622108421263615], [-50.526558350999956, -25.622649409263616], [-50.52721412799997, -25.623428031263582], [-50.52740942899993, -25.624025970263613], [-50.52740637399995, -25.62480245926357], [-50.52740378899994, -25.625459488263587], [-50.527796984999945, -25.62599833626354], [-50.52812406299994, -25.626596700263562], [-50.52798947499998, -25.62731303326351], [-50.52772264299995, -25.628148401263516], [-50.52686517899997, -25.628384549263508], [-50.52587617499995, -25.628560536263482], [-50.52469092599995, -25.628377493263496], [-50.52393689599995, -25.62834769126353], [-50.52310162399993, -25.628264759263516], [-50.521477137999966, -25.62792779126353], [-50.51889111199995, -25.627839365263483], [-50.51877644899998, -25.627858227263538], [-50.51684671699997, -25.628175609263515], [-50.51531748899998, -25.62881551326348], [-50.514244360999946, -25.62926455026348], [-50.51413437799994, -25.62934920826346], [-50.51361080699997, -25.629505489263448], [-50.512838256999935, -25.629915062263454], [-50.512678251999944, -25.630101662263456], [-50.51230202199998, -25.630540443263456], [-50.51217732399994, -25.63145263226346], [-50.51217446699997, -25.632155388263406], [-50.51208988299993, -25.632457369263403], [-50.51175873899996, -25.6328743772634], [-50.51129605899996, -25.63323121326342], [-50.51057249699994, -25.632930138263387], [-50.510046361999976, -25.6326894532634], [-50.509321342999954, -25.632746750263415], [-50.508793743999945, -25.63286443826339], [-50.508001855999964, -25.633160427263388], [-50.50793351899995, -25.63375750126343], [-50.508128494999944, -25.634415194263397], [-50.508125802999984, -25.63507222026339], [-50.507991084999965, -25.635788533263373], [-50.50759378299995, -25.63626503826334], [-50.507128869999974, -25.63715942826331], [-50.50686211499993, -25.637935024263285], [-50.50600306799998, -25.638529426263315], [-50.505012473999955, -25.63906364726325], [-50.50415488899994, -25.63929966026326], [-50.50361604599994, -25.639865213263246], [-50.502215423999985, -25.64083996626326], [-50.501585661999975, -25.64155209526322], [-50.50156232499995, -25.64162302326323], [-50.50145689899995, -25.642110073263222], [-50.501427956999976, -25.64224376226322], [-50.50181905499994, -25.64327245826319], [-50.502290622999965, -25.643966941263177], [-50.50265705799995, -25.644589384263174], [-50.50273355999997, -25.645210841263182], [-50.50262258499998, -25.64529640926316], [-50.50236336099994, -25.645496286263135], [-50.50167635499997, -25.645900113263156], [-50.50048833899996, -25.646350003263112], [-50.50003495399994, -25.646330581263136], [-50.49949288199997, -25.646455673263144], [-50.49790410199995, -25.646335893263124], [-50.49759757999994, -25.64628850226311], [-50.49740460199995, -25.646291638263147], [-50.49556117999999, -25.64639101626309], [-50.49532178999993, -25.646403915263118], [-50.494636467999946, -25.646401545263107], [-50.49379299799995, -25.646398624263135], [-50.493054057999984, -25.64661109426314], [-50.49263001899993, -25.646957828263137], [-50.49215813099994, -25.64817171326309], [-50.491536147999966, -25.648897703263092], [-50.490533760999945, -25.6489714542631], [-50.49035603999993, -25.649032274263085], [-50.489854223999934, -25.64906084026305], [-50.48935880599998, -25.64931514226308], [-50.48892962199994, -25.649535449263087], [-50.48842533899995, -25.65034601526305], [-50.48831734899995, -25.650942937263032], [-50.48842024199996, -25.65154060226301], [-50.488471008999966, -25.651859695263035], [-50.48852292899994, -25.652186048263015], [-50.48836790799998, -25.652317730263036], [-50.48831675099996, -25.652544994263007], [-50.48748306699997, -25.652816463263004], [-50.48528885999996, -25.652671551263012], [-50.48364808799994, -25.652894420262978], [-50.48337835099994, -25.653083044262996], [-50.483009196999944, -25.653203236263], [-50.48195351299995, -25.65349814626297], [-50.481555015999966, -25.654213493262986], [-50.48135421599994, -25.654929543262973], [-50.481086736999934, -25.655824545262952], [-50.480294888999936, -25.656060649262944], [-50.47891226099995, -25.655757070262954], [-50.47752885999995, -25.655632666262946], [-50.47621136399994, -25.655508485262963], [-50.47528875099994, -25.65550517326292], [-50.47416922299994, -25.655321955262966], [-50.47252144199996, -25.65537574226297], [-50.47173089599993, -25.655313154262924], [-50.47034856399995, -25.654949765262955], [-50.469229577999954, -25.65464705126298], [-50.467784276999964, -25.653626378262974], [-50.46692970399994, -25.65314541926296], [-50.46653802599997, -25.65230776726301], [-50.466210922999956, -25.65176900126304], [-50.46562209199993, -25.650811164263022], [-50.46476887999996, -25.650031548263044], [-50.46364941999997, -25.649848250263076], [-50.46206841299993, -25.64972297526307], [-50.460619473999934, -25.649538440263054], [-50.45877515499995, -25.649352425263064], [-50.45725951799994, -25.6493468002631], [-50.455875944999946, -25.649281921263054], [-50.45436030999997, -25.649276266263065], [-50.452845491999945, -25.64909140826305], [-50.451594266999955, -25.64890752526308], [-50.450476206999944, -25.648425482263118], [-50.44968982999995, -25.647466839263096], [-50.44877085199994, -25.646686883263136], [-50.448184107999964, -25.645310876263128], [-50.44805726299995, -25.644235254263172], [-50.44812892599998, -25.6429811932632], [-50.447343701999955, -25.641783623263237], [-50.44701781599997, -25.64100589926327], [-50.44761304799993, -25.640530310263255], [-50.44807813899996, -25.63969584626323], [-50.44814869999993, -25.638680701263272], [-50.448350765999976, -25.637725782263306], [-50.44809132199998, -25.63682885026334], [-50.44769955199997, -25.636050878263365], [-50.44710819499994, -25.63569026026337], [-50.44605395999997, -25.63568626626338], [-50.444868498999945, -25.63556230626333], [-50.44348426499994, -25.635676499263322], [-50.44190096999995, -25.636088570263343], [-50.441174513999954, -25.636444173263335], [-50.44011804499996, -25.636917969263326], [-50.43919223399996, -25.637631179263327], [-50.43866175699998, -25.638345902263303], [-50.43806538299998, -25.63906037026329], [-50.43700747699995, -25.63983278726329], [-50.436211725999954, -25.640904859263276], [-50.43521912299996, -25.641796974263244], [-50.43481982799994, -25.64263164926319], [-50.434091903999956, -25.643285861263216], [-50.433630083999965, -25.643403531263214], [-50.43270616099994, -25.643698596263206], [-50.43211481099996, -25.643337917263164], [-50.43191910899998, -25.642919046263213], [-50.43132974699995, -25.64214026326324], [-50.430544699999984, -25.64094260526324], [-50.429891733999966, -25.639685728263263], [-50.42910728499998, -25.638368604263324], [-50.42884256999997, -25.637669013263345], [-50.42830934999995, -25.63651907626332], [-50.42795150499995, -25.636164673263313], [-50.42753579799995, -25.635662225263367], [-50.427211499999935, -25.63461656226337], [-50.42698397099997, -25.633507626263416], [-50.42649200699998, -25.63292529526339], [-50.42599916999995, -25.63252763126341], [-50.425844397999974, -25.632442619263404], [-50.42541864999999, -25.632208765263428], [-50.42535146899996, -25.63210812826343], [-50.425100806999986, -25.631732639263415], [-50.425101369999936, -25.631615070263415], [-50.42510345699998, -25.63117863226342], [-50.42545608499996, -25.63046770426345], [-50.42595282199994, -25.630047545263473], [-50.42665981499994, -25.629862049263444], [-50.426943516999984, -25.629787614263456], [-50.427788832999966, -25.62950072826349], [-50.42806478699999, -25.629197644263513], [-50.42831541099997, -25.628922383263493], [-50.42835436299998, -25.628856853263468], [-50.42878479299997, -25.628132761263497], [-50.42887472499996, -25.62757909226352], [-50.42902662399996, -25.626234202263557], [-50.42911743999997, -25.625495865263545], [-50.429588174999935, -25.62441604226356], [-50.42961987599995, -25.624193907263564], [-50.42970858299998, -25.62357228626358], [-50.42968473999997, -25.622464151263628], [-50.42951991899997, -25.621600320263646], [-50.42937242099998, -25.620827248263648], [-50.429156096999975, -25.620430741263654], [-50.42908393999994, -25.620298484263696], [-50.42850585399998, -25.61947838026369], [-50.42731960499998, -25.6180491102637], [-50.426501508999934, -25.617099974263745], [-50.42648097899996, -25.61704732326372], [-50.42615399699997, -25.61634063726373], [-50.42587400199995, -25.61567688726375], [-50.425476344999936, -25.6149485412638], [-50.425124342999936, -25.614541010263796], [-50.42470603099997, -25.614197114263813], [-50.424894479999985, -25.61293483126381], [-50.42495860199994, -25.61204055926386], [-50.42493322299998, -25.611091720263886], [-50.425205106999954, -25.610550656263886], [-50.425446521999966, -25.61023911526387], [-50.42610749899996, -25.60967246926388], [-50.42628922599993, -25.609212366263883], [-50.426232235999976, -25.60861579226391], [-50.426145056999985, -25.608073311263894], [-50.42590970699996, -25.607232081263916], [-50.425584467999954, -25.606417600263963], [-50.424988790999976, -25.605846014263953], [-50.424633641999954, -25.605031410263997], [-50.424009482999956, -25.604161533263998], [-50.42320517099995, -25.603426479263995], [-50.42275884999998, -25.602909687264027], [-50.422403592999956, -25.602122186264054], [-50.422393255999964, -25.601363161264025], [-50.42265880599996, -25.600397206264084], [-50.42290042199994, -25.599474133264078], [-50.42297745399998, -25.59824955826412], [-50.42324277699999, -25.597326580264127], [-50.42362585799998, -25.596575972264173], [-50.42405524499997, -25.596061930264163], [-50.424300980999924, -25.595414498264184], [-50.42454138599993, -25.59458909026418], [-50.42471540599996, -25.593518579264227], [-50.42488847899995, -25.59271557526422], [-50.42514632099994, -25.59204311926427], [-50.424549550999984, -25.591514060264252], [-50.423944194999926, -25.590960775264286], [-50.42333825099996, -25.590529913264266], [-50.42246105999993, -25.59031220826427], [-50.42124581099995, -25.59015437926428], [-50.42046588199998, -25.589959164264314], [-50.41981940899996, -25.58979735126429], [-50.41858123999999, -25.589348063264335], [-50.41746866799997, -25.588915159264303], [-50.416828539999976, -25.588575950264303], [-50.41615552999997, -25.58805296926436], [-50.415450075999956, -25.587254403264357], [-50.41491277599994, -25.586609539264394], [-50.41454377099995, -25.5860877662644], [-50.41441149499997, -25.585505728264398], [-50.41433908299996, -25.58465193626438], [-50.41424255599998, -25.583558876264437], [-50.414161724999985, -25.582812363264434], [-50.41416405699994, -25.582334043264428], [-50.41420972699995, -25.581626298264446], [-50.41404333199995, -25.58110904026445], [-50.41378102899994, -25.580677273264506], [-50.413109575999954, -25.580378821264482], [-50.412517460999936, -25.579993684264522], [-50.41218916599996, -25.57964549926452], [-50.41194065399998, -25.579178016264503], [-50.411454152999966, -25.57879330526453], [-50.411046607999936, -25.578456752264522], [-50.41094542599995, -25.578126073264535], [-50.41090369899996, -25.57798969326452], [-50.41087958299993, -25.577523115264544], [-50.410773472999956, -25.576954371264534], [-50.410246724999986, -25.577377030264568], [-50.409888929999966, -25.577662655264557], [-50.40955415599995, -25.577804117264552], [-50.40843312199997, -25.577922662264573], [-50.407278590999965, -25.57794875526454], [-50.40602173499997, -25.578066726264545], [-50.40486734499995, -25.578062038264562], [-50.40381481899993, -25.578057753264513], [-50.40262769999999, -25.577806773264538], [-50.401916229999976, -25.57749619026455], [-50.40127481199994, -25.576755149264557], [-50.40087290099996, -25.575645877264567], [-50.40043673599995, -25.5745979962646], [-50.400000732999956, -25.573519344264646], [-50.39939298199993, -25.572839963264666], [-50.39891197699995, -25.57238973426464], [-50.39891536599998, -25.57238531926466], [-50.39891584199996, -25.57238535426464], [-50.39963662399998, -25.57156855126469], [-50.400422696999954, -25.570525679264684], [-50.400904121999986, -25.569296952264697], [-50.40114866099998, -25.567913413264765], [-50.40111126599999, -25.567595351264746], [-50.40105094699993, -25.567082291264754], [-50.40078486099998, -25.565973567264777], [-50.40075611599997, -25.56492735726483], [-50.400636567999975, -25.564191258264856], [-50.400149375999945, -25.563463626264863], [-50.399509725999955, -25.56238414026484], [-50.39886931899998, -25.561458486264904], [-50.39846731999996, -25.56037997026492], [-50.39806502899995, -25.55936298826493], [-50.39772924299996, -25.558623188264928], [-50.39729085899996, -25.55803679926496], [-50.396826167999954, -25.55765389826495], [-50.39610664899993, -25.557247011264963], [-50.39521842799997, -25.556627846264977], [-50.394691749999936, -25.555856292265027], [-50.394141142999956, -25.55481394426504], [-50.393191945999945, -25.55359205726503], [-50.392574975999935, -25.55312399626504], [-50.392177919999945, -25.552822770265067], [-50.38988603499996, -25.551705190265064], [-50.38805890799995, -25.55091587026511], [-50.38690498299997, -25.550708425265125], [-50.38579530099997, -25.550356389265094], [-50.38464712099995, -25.550038917265084], [-50.38458024099998, -25.550033784265146], [-50.38455529399994, -25.550026125265138], [-50.38383286399994, -25.54966470426512], [-50.38310982699995, -25.549422738265132], [-50.38245263599998, -25.54918104726517], [-50.38152932099996, -25.549475802265125], [-50.38067184499994, -25.54977083126514], [-50.37961714599993, -25.55000528826512], [-50.37836460899995, -25.55029862726511], [-50.37764188799998, -25.549996906265143], [-50.37689845299997, -25.54962967126516], [-50.37615230399996, -25.549658693265126], [-50.375169969999945, -25.549654509265142], [-50.37435501399994, -25.549716177265147], [-50.37298911199997, -25.549753772265134], [-50.37186301899993, -25.549748943265097], [-50.370999918999985, -25.549853822265153], [-50.37011172199994, -25.550175761265145], [-50.369488633999936, -25.550529572265102], [-50.369753350999986, -25.549978764265102], [-50.36982908999994, -25.54924071426512], [-50.369803444999945, -25.548146688265156], [-50.369696683999955, -25.5472181662652], [-50.36988258699995, -25.5459302612652], [-50.36915103899997, -25.545752833265183], [-50.36817137499997, -25.545879093265174], [-50.36788095199995, -25.5452090752652], [-50.367604411999935, -25.544467998265233], [-50.36705758799997, -25.543708121265226], [-50.366612718999924, -25.543005178265282], [-50.36651131999997, -25.542844949265266], [-50.365869370999974, -25.54211909326526], [-50.36495980999996, -25.541719181265293], [-50.364182383999946, -25.541474782265293], [-50.36337561099999, -25.541064149265303], [-50.362370831999954, -25.54071545726532], [-50.36107998999995, -25.540589318265294], [-50.35999779799994, -25.54051572826529], [-50.35958812599995, -25.540293814265286], [-50.35874997499997, -25.53944286726536], [-50.35797625099996, -25.53850980326534], [-50.35703160199994, -25.537575987265388], [-50.35597146099997, -25.536934333265396], [-50.35456819199994, -25.536532183265393], [-50.35350567699992, -25.536338121265395], [-50.352670600999936, -25.53623113526542], [-50.35201838599993, -25.536305006265394], [-50.351624901999976, -25.53636411326542], [-50.350610896999974, -25.53651642626542], [-50.34961383799998, -25.536947317265366], [-50.34851268899996, -25.537595392265374], [-50.34784597999993, -25.53822458826539], [-50.347155240999946, -25.53909213526536], [-50.34663685299995, -25.53980497826531], [-50.346084822999956, -25.540393295265293], [-50.34555406199997, -25.540836176265323], [-50.34484710099997, -25.540916363265293], [-50.344333417999955, -25.540758594265288], [-50.343855229999974, -25.540383324265292], [-50.34354939299993, -25.539853361265347], [-50.343073913999945, -25.538980606265316], [-50.34256346899997, -25.538232068265344], [-50.34197426399993, -25.537762109265376], [-50.34094380399995, -25.537856595265403], [-50.340050616999974, -25.538101329265363], [-50.33891595799997, -25.538593708265335], [-50.33802037999994, -25.53927372626535], [-50.33750227699994, -25.539924351265327], [-50.336744225999944, -25.540542799265328], [-50.33560885199994, -25.54115952326531], [-50.33461135199997, -25.541652492265296], [-50.33323618999998, -25.542205926265257], [-50.33206802699994, -25.542542633265292], [-50.33055666299998, -25.542908860265257], [-50.32925248799995, -25.54302726926529], [-50.32814069999994, -25.543100016265274], [-50.32729716499995, -25.543194740265275], [-50.32634429899998, -25.543387560265277], [-50.32500962199998, -25.54377580526523], [-50.32386515599995, -25.54418957126523], [-50.322940166999956, -25.544259244265263], [-50.32171618199993, -25.54430287926525], [-50.32049345499996, -25.544124665265237], [-50.319217177999974, -25.54379829526527], [-50.31834992299997, -25.54327661826528], [-50.31740151399999, -25.54268061226527], [-50.31672461999995, -25.542159818265276], [-50.31601998299993, -25.54173748426528], [-50.315450331999955, -25.54148833126531], [-50.31497106199999, -25.54116482026529], [-50.314460277999956, -25.5407380612653], [-50.31413481499993, -25.54058864326532], [-50.31350993999995, -25.540487116265297], [-50.31282971299998, -25.54055787426529], [-50.31212087899996, -25.540874993265337], [-50.31092257499995, -25.541189803265283], [-50.30994293499999, -25.54130843726527], [-50.30901654999997, -25.54162451826532], [-50.307872326999984, -25.541988859265274], [-50.30702821799997, -25.54218206126526], [-50.306375026999945, -25.542277564265273], [-50.30580425299996, -25.54222556626526], [-50.305464167999965, -25.542110402265312], [-50.305076671999984, -25.541281745265326], [-50.30428808599999, -25.540431368265335], [-50.303877374999956, -25.54020533226532], [-50.30346536999997, -25.540203371265317], [-50.30272317999994, -25.54029943926532], [-50.301677703999985, -25.540593237265284], [-50.30076955299996, -25.540887684265325], [-50.299833791999966, -25.541206896265283], [-50.29928155299996, -25.541702226265308], [-50.298782794999966, -25.54244679126527], [-50.29806414799998, -25.543215201265244], [-50.29749663499996, -25.54381862026525], [-50.296616066999945, -25.544088272265228], [-50.29441689299994, -25.544376478265217], [-50.29287809999994, -25.544468650265213], [-50.29194520999994, -25.544289854265216], [-50.291148060999944, -25.54438559126525], [-50.29023824499995, -25.544953847265248], [-50.28910853399998, -25.54554593326521], [-50.28854108099995, -25.545905626265224], [-50.28836326399993, -25.546128926265176], [-50.28791456899995, -25.546758307265165], [-50.28742922699996, -25.547439082265182], [-50.28694105899996, -25.548123807265156], [-50.28688067899998, -25.548190824265152], [-50.28620165999996, -25.548858614265157], [-50.285565935999955, -25.549566093265117], [-50.284909487999975, -25.550095823265135], [-50.283883307999986, -25.550544790265096], [-50.28307511799994, -25.5509553412651], [-50.28241947599997, -25.55134689326508], [-50.28165318099997, -25.552033976265072], [-50.281192688999965, -25.552564648265083], [-50.28073241399994, -25.55299560426508], [-50.28030813299995, -25.55218681826505], [-50.27966825699997, -25.55096703926507], [-50.27903973399998, -25.5503564152651], [-50.27855059499996, -25.54988120326513], [-50.27683034499995, -25.548948037265117], [-50.276489470999934, -25.54879131426515], [-50.27588349499996, -25.54851269526513], [-50.27572529099996, -25.548439958265146], [-50.27533270999999, -25.548212301265163], [-50.27467826899994, -25.547552037265145], [-50.27375975999996, -25.547009918265168], [-50.272772896999975, -25.546885561265178], [-50.27171947699998, -25.546880327265157], [-50.27092868899995, -25.546995851265173], [-50.27000586099996, -25.547170443265184], [-50.26914886799994, -25.547345357265186], [-50.26770004799994, -25.547397849265202], [-50.266912885999936, -25.546916074265177], [-50.26606098499997, -25.54625478326517], [-50.26598896199994, -25.547269824265165], [-50.26617993299994, -25.548345912265134], [-50.265780165999956, -25.54912039226513], [-50.265313095999936, -25.55013345026513], [-50.265167377999944, -25.550650046265126], [-50.26515797799993, -25.55066581126513], [-50.26475259199998, -25.551210407265106], [-50.26417352899995, -25.551389709265102], [-50.26324280699998, -25.551544463265092], [-50.26233720799996, -25.5516993392651], [-50.261204902999964, -25.55194417126505], [-50.260767648999945, -25.55217650726506], [-50.26039813599993, -25.552372852265062], [-50.259691601999975, -25.552847583265052], [-50.258959230999956, -25.553436062265018], [-50.25844197599997, -25.55398087926506], [-50.258801378999976, -25.55461268626504], [-50.25914818599995, -25.555310541265015], [-50.259232778999944, -25.555828074265005], [-50.259251423999956, -25.556365158264967], [-50.25938014799993, -25.556843143264995], [-50.25968502799997, -25.557222569264983], [-50.25992323499998, -25.55774087526497], [-50.26000674399995, -25.558192268264957], [-50.25973925899996, -25.558867136264908], [-50.25929708599994, -25.559401887264936], [-50.258216818999976, -25.560211852264903], [-50.25702558899997, -25.56122013226488], [-50.25636309099997, -25.561892980264894], [-50.25561158199997, -25.562764260264828], [-50.25532174399995, -25.56349866226484], [-50.25496436199995, -25.564511164264804], [-50.254697086999954, -25.56514623526483], [-50.25429641599994, -25.566059074264768], [-50.25400637399997, -25.566888924264763], [-50.25329591299993, -25.568289796264757], [-50.252239309999936, -25.56966281226474], [-50.25113382099995, -25.5704651972647], [-50.24987244199996, -25.571052875264687], [-50.24956881799994, -25.57138560426466], [-50.248922652999966, -25.57209369526468], [-50.248179207999954, -25.57365840926463], [-50.24714928699996, -25.574936460264574], [-50.246783634999986, -25.575605161264562], [-50.246566137999935, -25.57600291826459], [-50.24645433499995, -25.57711932426456], [-50.24678560799998, -25.578618265264545], [-50.24706410699997, -25.579459499264477], [-50.247274250999965, -25.580094253264512], [-50.24721575199993, -25.581068345264452], [-50.24664382099996, -25.581987103264446], [-50.245472654999965, -25.58091281026448], [-50.24431368399996, -25.580108631264505], [-50.24418736099994, -25.580069717264486], [-50.24274114899998, -25.579644135264502], [-50.24116135299994, -25.579516493264517], [-50.23971440499998, -25.57921033626451], [-50.23872580899996, -25.579324654264486], [-50.23747340999995, -25.57949731926453], [-50.23602343999994, -25.579668941264508], [-50.23510069399998, -25.57978357826453], [-50.23421818999998, -25.579669731264502], [-50.23356561799994, -25.57962076726448], [-50.23265212599995, -25.5794721072645], [-50.23194298199997, -25.579008140264534], [-50.23144231599996, -25.578745439264548], [-50.23089256099996, -25.578677536264546], [-50.23026994299993, -25.578782622264505], [-50.22957417799995, -25.579104051264494], [-50.22854184299996, -25.579683766264502], [-50.22779599899996, -25.580351682264485], [-50.22731424799997, -25.580869279264473], [-50.226856134999935, -25.581430345264444], [-50.22651195599997, -25.581634266264487], [-50.22517972299994, -25.58172489026448], [-50.22422204999997, -25.581849851264458], [-50.22345518399994, -25.58206250626444], [-50.22254464499997, -25.582296070264473], [-50.221515342999965, -25.582398956264445], [-50.220534446999984, -25.58241541026444], [-50.21923425199997, -25.58255977226445], [-50.21781686499998, -25.582773395264418], [-50.21694314699994, -25.582984260264453], [-50.216572596999974, -25.583149814264438], [-50.21571371999994, -25.5835633142644], [-50.21472429199997, -25.583796922264437], [-50.21399907299997, -25.58391248526444], [-50.212811672999976, -25.58420474426441], [-50.21208762399994, -25.58414111826444], [-50.21110131599994, -25.583896887264437], [-50.21031258799997, -25.583653717264404], [-50.20899778499996, -25.58328824126446], [-50.207575487999975, -25.58304995326441], [-50.205400571999974, -25.582901534264437], [-50.20505729699994, -25.582939769264417], [-50.204658448999965, -25.58298419126445], [-50.20410711999994, -25.5831545732644], [-50.20314841499994, -25.583431097264427], [-50.201842714999934, -25.58366022326444], [-50.20103360799993, -25.583840577264443], [-50.20008284999995, -25.58395832826444], [-50.198750960999966, -25.58424612026443], [-50.19787965399996, -25.584659371264422], [-50.197388485999966, -25.58505011126442], [-50.197110237999944, -25.585588268264406], [-50.19692920999995, -25.5847279262644], [-50.19647060199997, -25.58430737926438], [-50.195443508999965, -25.583662401264434], [-50.19436246999993, -25.58296793926443], [-50.19325331399995, -25.58242085326445], [-50.19246788199996, -25.58217062426444], [-50.19186962599997, -25.582339447264467], [-50.19143405199998, -25.582533760264464], [-50.19064250399998, -25.583193305264416], [-50.190070059999975, -25.583558981264417], [-50.18941718099995, -25.583776672264396], [-50.188656900999945, -25.583821636264435], [-50.18768114499994, -25.583619508264434], [-50.18676117199993, -25.583196369264417], [-50.18554282499996, -25.58274697826446], [-50.18405141299996, -25.58254194826445], [-50.182560173999946, -25.582312314264456], [-50.181421265999965, -25.582158407264433], [-50.18052494499995, -25.581766519264473], [-50.17949250899994, -25.581232741264458], [-50.178716419999944, -25.581091493264484], [-50.17800427799995, -25.58106794026448], [-50.17705377699997, -25.581179929264486], [-50.17590888499996, -25.581310375264497], [-50.17493800699998, -25.581246234264494], [-50.173972515999935, -25.581136799264485], [-50.17312723599998, -25.580903569264503], [-50.17233145299997, -25.58048840426452], [-50.17129690999997, -25.5802674372645], [-50.16999628999997, -25.57998006626449], [-50.16814292399994, -25.579558874264528], [-50.16798425899998, -25.579527127264495], [-50.16723762999993, -25.579377725264514], [-50.166333014999964, -25.57909879626454], [-50.165622922999944, -25.57878186726453], [-50.16497528499997, -25.578797721264504], [-50.16445591699994, -25.578990313264516], [-50.16365270899996, -25.579650609264483], [-50.162829262999935, -25.580115229264468], [-50.16168191799994, -25.580597548264475], [-50.16049276099995, -25.580884057264512], [-50.159521482999935, -25.580878483264502], [-50.15868217099995, -25.580521663264477], [-50.15755354999993, -25.5797733082645], [-50.15755351299998, -25.579773485264514], [-50.157553288999964, -25.579773138264475], [-50.156211698999975, -25.57908810226451], [-50.155205440999964, -25.578485235264512], [-50.154066559999926, -25.578000996264525], [-50.152266460999954, -25.577831364264544], [-50.15103551999994, -25.577943640264518], [-50.14980345099997, -25.578215116264538], [-50.148646318999965, -25.578605094264525], [-50.14733915399996, -25.578558814264532], [-50.146926709999946, -25.578400126264526], [-50.146269863999976, -25.578157382264543], [-50.14521832399998, -25.57785260126453], [-50.14456233299996, -25.57749039926452], [-50.14370836299997, -25.577186763264574], [-50.143122061999975, -25.576287408264587], [-50.142402361999984, -25.57562618326456], [-50.141547558999946, -25.575441986264607], [-50.14009795599998, -25.575552931264568], [-50.139307299999984, -25.575608010264563], [-50.13805781699995, -25.5753617432646], [-50.13661121099994, -25.575054574264612], [-50.13562557499995, -25.574750114264624], [-50.134521648999964, -25.574543074264607], [-50.13430982799997, -25.57456315226459], [-50.13358459899996, -25.5746783162646], [-50.13305692599994, -25.574794647264625], [-50.13246425899996, -25.574791134264593], [-50.13180617199998, -25.57472750326461], [-50.131480360999944, -25.574247745264632], [-50.13082655299996, -25.573706988264636], [-50.13052958699996, -25.573084462264617], [-50.13029303999998, -25.57197512426465], [-50.13010375999994, -25.570872089264697], [-50.130310417999965, -25.569569434264707], [-50.13028599699993, -25.56811314926472], [-50.13022436299997, -25.566973194264754], [-50.12999373699996, -25.565466813264784], [-50.12972282599998, -25.564508574264803], [-50.129065346999944, -25.563220759264862], [-50.128378278999946, -25.56218451926487], [-50.127662714999985, -25.56124880326487], [-50.12678028399994, -25.560337256264912], [-50.12581416199998, -25.5594755612649], [-50.12517977999994, -25.558842406264915], [-50.12455995899995, -25.55806944926494], [-50.12303258099996, -25.558370435264948], [-50.12231085299993, -25.558571238264932], [-50.12132163899998, -25.55854442726493], [-50.12044995299993, -25.55843366926494], [-50.119578846999964, -25.558243766264955], [-50.11850282599994, -25.558237291264927], [-50.11746501499994, -25.558360677264925], [-50.11625656899998, -25.55800241526497], [-50.11535868799996, -25.55776817426498], [-50.11529876899993, -25.557752541264954], [-50.113589719999936, -25.55731663026495], [-50.11198126199998, -25.556929270264963], [-50.110595975999956, -25.556417370264974], [-50.10932461699997, -25.555528536264983], [-50.10844237099997, -25.55461688626502], [-50.10794868099998, -25.553757948265012], [-50.10752260699996, -25.55289694526508], [-50.107373896999945, -25.552596423265058], [-50.10716323199995, -25.55103432626511], [-50.10706349299995, -25.549498078265085], [-50.10721736099998, -25.54752706626518], [-50.10752746799995, -25.54617297926518], [-50.10853986099993, -25.545244247265224], [-50.10943487499998, -25.544418934265234], [-50.11010542599996, -25.543894351265227], [-50.10906226999998, -25.542937231265242], [-50.10811331199994, -25.541891014265307], [-50.10770561099997, -25.5409637052653], [-50.107744767999975, -25.539981306265318], [-50.107944008999944, -25.53891318626532], [-50.10782522899995, -25.53772752326534], [-50.10732401699994, -25.536510627265407], [-50.106598549999944, -25.535436866265393], [-50.10659610199997, -25.53543177526541], [-50.106056967999955, -25.534310280265416], [-50.10533516399993, -25.5333714942655], [-50.10468088599998, -25.532916415265497], [-50.104554478999944, -25.532873197265463], [-50.10452699399997, -25.532843982265476], [-50.104448625999964, -25.532836999265488], [-50.103865316999986, -25.532637558265478], [-50.10263988799995, -25.532501176265505], [-50.10154067599996, -25.532123911265504], [-50.100691987999944, -25.531522632265492], [-50.10012828099997, -25.530842555265536], [-50.099633032999975, -25.53051730826552], [-50.09892366399998, -25.53030351726556], [-50.09821384099996, -25.53004552826553], [-50.09856766399997, -25.528912095265536], [-50.099161956999986, -25.52720097826555], [-50.099460970999985, -25.526094811265594], [-50.09955052499999, -25.525860978265623], [-50.09963510099993, -25.525640137265633], [-50.099627203999944, -25.523674615265648], [-50.09957172499997, -25.523152649265647], [-50.099445843999945, -25.521840081265733], [-50.09913739199993, -25.520751855265722], [-50.098692821999975, -25.519724284265724], [-50.09836100899997, -25.518738392265792], [-50.09825438499997, -25.5178768782658], [-50.09790324999994, -25.516667176265784], [-50.097789924999965, -25.516270757265815], [-50.09764519999993, -25.515939099265836], [-50.09723698399995, -25.515003585265866], [-50.09633680199994, -25.514725409265882], [-50.09573599699996, -25.514630826265858], [-50.09506677499997, -25.514747868265857], [-50.09442869999999, -25.51516801826582], [-50.09372537099995, -25.515375716265858], [-50.09329096299996, -25.515373029265852], [-50.09255441199996, -25.51524243626586], [-50.09214998599998, -25.515117317265844], [-50.09149225099997, -25.515053515265855], [-50.091031071999964, -25.515110383265856], [-50.09063346099998, -25.51546628526581], [-50.090364334999954, -25.516241081265825], [-50.09009745599997, -25.51671724926579], [-50.090224141999954, -25.51737504426577], [-50.09022053999996, -25.517852847265797], [-50.08988918799997, -25.518149430265805], [-50.089165167999965, -25.518144933265777], [-50.08863950899996, -25.518022209265798], [-50.08791548999994, -25.51801770526579], [-50.08699581699995, -25.517773066265775], [-50.08669174399995, -25.51763273126582], [-50.086518521999956, -25.517602773265786], [-50.08467438599996, -25.51751087226577], [-50.08332281299994, -25.517404357265804], [-50.08174457399997, -25.516735009265783], [-50.08052569499995, -25.515327340265806], [-50.079935312999964, -25.514169391265835], [-50.07967293899998, -25.513654779265877], [-50.07903244899995, -25.51252293926588], [-50.07846783699995, -25.512003975265912], [-50.07838786199994, -25.51193046126591], [-50.07687821899998, -25.511283500265954], [-50.07542004599997, -25.510980100265947], [-50.07396037899996, -25.51087281326595], [-50.07251672599995, -25.51113076326594], [-50.07052006999998, -25.511363319265897], [-50.07043753899996, -25.51137607826591], [-50.06999695599995, -25.51144420326589], [-50.06901329799996, -25.510910690265913], [-50.068158154999935, -25.51084552926596], [-50.06716999599996, -25.5109587002659], [-50.066377436999964, -25.511312022265926], [-50.065386960999945, -25.511723805265913], [-50.064526722999965, -25.512315597265868], [-50.063600658999974, -25.512906963265902], [-50.06188106899998, -25.513971068265885], [-50.060693104999984, -25.514381555265828], [-50.05904766799995, -25.514371001265857], [-50.05793203599995, -25.513945740265843], [-50.05721224499997, -25.51340356226586], [-50.056823409999936, -25.51262460026591], [-50.05531103499994, -25.512435678265902], [-50.05425937799998, -25.512249713265895], [-50.05294305399997, -25.51224121526588], [-50.05149322099993, -25.51247075126591], [-50.050571323999975, -25.512524511265898], [-50.04873364599997, -25.511855592265896], [-50.04781269499995, -25.51178988526593], [-50.046430090999934, -25.511840625265933], [-50.04596229899994, -25.512733496265867], [-50.04562802399994, -25.51338832426586], [-50.045357198999966, -25.514342203265848], [-50.04528665799995, -25.514939019265817], [-50.04475444499997, -25.5156522842658], [-50.043563570999936, -25.516420976265792], [-50.04250573999996, -25.517011345265793], [-50.04219601799997, -25.517061301265784], [-50.041174051999974, -25.51737975926581], [-50.03894879599994, -25.517700988265762], [-50.03653942899996, -25.517881050265782], [-50.03483937999994, -25.518149697265766], [-50.033354515999974, -25.518531681265763], [-50.03229956899998, -25.51919632026578], [-50.03155331299996, -25.51986299026575], [-50.03061058499998, -25.52073210726572], [-50.03000302099997, -25.518900863265742], [-50.02947129499995, -25.518181009265792], [-50.02881272499997, -25.517547714265817], [-50.027618675999975, -25.515981130265807], [-50.027474476999934, -25.515735545265844], [-50.02723182699999, -25.515322280265817], [-50.02672432299994, -25.514662626265842], [-50.02621461999996, -25.51427641626587], [-50.02534272799994, -25.513915133265854], [-50.02443979299995, -25.513663016265863], [-50.023717850999965, -25.513412108265857], [-50.02291648099998, -25.513109882265905], [-50.02255171099995, -25.512833466265874], [-50.02209928599995, -25.512166409265905], [-50.02173864799994, -25.511472294265936], [-50.02126630799995, -25.511008120265938], [-50.020707112999965, -25.51057415526594], [-50.02052601799994, -25.51043221126594], [-50.02013753199998, -25.510127714265945], [-50.01961088699994, -25.509623814265932], [-50.01899854499993, -25.509215568265944], [-50.01842772799994, -25.50892307126597], [-50.01755878299997, -25.508744047266003], [-50.01677381199994, -25.50868104926597], [-50.016818174999976, -25.507659454265983], [-50.01680574399995, -25.50701961926599], [-50.016497698999956, -25.505850014266045], [-50.01607848499999, -25.505335398266013], [-50.01576498199994, -25.50483749326605], [-50.01566434699998, -25.50419706426609], [-50.015421284999945, -25.503715618266046], [-50.01487767499997, -25.503312126266078], [-50.01426415699996, -25.50282819026608], [-50.013880763999964, -25.502249840266135], [-50.01364289099997, -25.50193614526609], [-50.013084343999935, -25.501737436266133], [-50.01143265999996, -25.502131833266112], [-50.01077021799995, -25.502363275266127], [-50.010388883999944, -25.502487727266082], [-50.00978707799993, -25.502646986266075], [-50.00934539899998, -25.502807320266115], [-50.008804090999945, -25.502912540266085], [-50.008203477999984, -25.502926625266117], [-50.00766320799994, -25.50290482126609], [-50.00704421399996, -25.502719167266083], [-50.006406856999945, -25.502333769266098], [-50.00597055199995, -25.501840852266138], [-50.005055826999985, -25.501108782266115], [-50.004257611999954, -25.50081301926613], [-50.00355827599998, -25.500663094266113], [-50.002697628999954, -25.500657243266147], [-50.001836382999954, -25.500723970266133], [-50.00085638999997, -25.500626563266145], [-50.000218160999964, -25.500350011266153], [-49.99938128499997, -25.499890635266166], [-49.99842340899994, -25.49931019126615], [-49.99755060499996, -25.49858972426615], [-49.99649374799998, -25.498110682266166], [-49.995774118999975, -25.497996877266218], [-49.99461417999998, -25.49788004426617], [-49.99367273799999, -25.4979643222662], [-49.99293506199996, -25.498167018266162], [-49.992751097999985, -25.497592065266232], [-49.99218281599996, -25.496922062266208], [-49.99077068199995, -25.495600981266225], [-49.98895809899994, -25.494755269266246], [-49.988921550999976, -25.4945628692663], [-49.98893539199997, -25.494255899266243], [-49.989078879999965, -25.49329476926632], [-49.989250940999966, -25.492658084266317], [-49.989171004999946, -25.49172884226635], [-49.98916005899997, -25.491601667266305], [-49.988863039999956, -25.490678443266358], [-49.98829772999994, -25.48933054226635], [-49.98786626399994, -25.48847622826639], [-49.98785240699993, -25.48847106726641], [-49.98785266899995, -25.488467832266398], [-49.98784685499998, -25.48846900326641], [-49.98734069899996, -25.488280600266364], [-49.98688600199995, -25.48830322826638], [-49.98650243099997, -25.488313462266383], [-49.98624720899995, -25.488260168266393], [-49.985781455999984, -25.4879091812664], [-49.98466638699995, -25.487077104266426], [-49.983838297999974, -25.486570492266406], [-49.98207904699996, -25.485707043266462], [-49.981990245999945, -25.48569038126647], [-49.98119443799993, -25.485541035266472], [-49.98004730599996, -25.48555617626647], [-49.97997825099998, -25.48562242026645], [-49.97980856499998, -25.485785209266453], [-49.97863552599995, -25.486725271266426], [-49.97725175099998, -25.487594039266437], [-49.97569010299998, -25.48839220826642], [-49.97463694399994, -25.488679072266386], [-49.97282554999999, -25.488802660266398], [-49.97135618799996, -25.48888864826637], [-49.97025413999996, -25.489474641266362], [-49.97010724099994, -25.48956326326638], [-49.969044691999954, -25.49020428326637], [-49.96846310799998, -25.491052274266345], [-49.968465020999986, -25.491058659266354], [-49.96845887699993, -25.49106193626637], [-49.96845644099994, -25.491063236266314], [-49.968456741999944, -25.491066810266325], [-49.96757821899996, -25.493072145266318], [-49.96695801199997, -25.494779961266246], [-49.96673795599997, -25.495710402266262], [-49.966204851999976, -25.496701233266215], [-49.965542399999954, -25.497685833266225], [-49.96497121099998, -25.49819622326621], [-49.96446710699996, -25.498509231266176], [-49.96385519599994, -25.498682976266153], [-49.963627616999986, -25.498801220266166], [-49.96262238499997, -25.498908045266166], [-49.96136896899997, -25.49925753426619], [-49.96011708799995, -25.499427841266147], [-49.95886571999995, -25.499538415266155], [-49.95787706399994, -25.49971057326615], [-49.95669201399994, -25.49976187326614], [-49.95524063399995, -25.500169625266143], [-49.954121904999965, -25.50016165026612], [-49.95266844099996, -25.50080826926612], [-49.95187096999996, -25.50169847126608], [-49.95120666299993, -25.502410441266072], [-49.950408651999965, -25.50336035626609], [-49.94915411799997, -25.503829183266106], [-49.948290791999966, -25.504718891266073], [-49.947558553999954, -25.50566926326603], [-49.94702373599995, -25.506621047266012], [-49.94622983399995, -25.50709315526599], [-49.94523483999995, -25.507981898265985], [-49.944894819999945, -25.509233708265953], [-49.94442838899994, -25.509887342265934], [-49.943500739999934, -25.510597377265913], [-49.94224610599998, -25.511066140265935], [-49.94079506799994, -25.5114140212659], [-49.93921187199993, -25.51182065826592], [-49.937696055999936, -25.512048587265916], [-49.93749733699997, -25.51201102026592], [-49.93599288399998, -25.51226637426591], [-49.93561433899999, -25.512217818265885], [-49.935338159999965, -25.512021088265918], [-49.93514047699994, -25.511863414265886], [-49.93473316299998, -25.51186779826591], [-49.93412695299997, -25.5118519382659], [-49.933294484999976, -25.51173732026589], [-49.93277117699995, -25.511589361265894], [-49.93188720799997, -25.511154407265952], [-49.931879389999956, -25.511148313265938], [-49.931875905999966, -25.511154075265935], [-49.931872759999976, -25.51115926826592], [-49.93187220299996, -25.51115396226593], [-49.931870905999965, -25.511141700265895], [-49.930539954999965, -25.510103986265975], [-49.92990352299995, -25.50968214026593], [-49.929384702999975, -25.50953324826595], [-49.928406285999976, -25.509326567265948], [-49.92758837299993, -25.509066638265974], [-49.92721086399997, -25.508773643265997], [-49.92616438499994, -25.50759697726602], [-49.92540056099995, -25.50682369926598], [-49.925048659999966, -25.50643221226604], [-49.924744191999935, -25.506218857266028], [-49.92404840999996, -25.505913741266035], [-49.92398112099994, -25.505893544266005], [-49.923670528999935, -25.50537638226602], [-49.92334680499994, -25.504776742266063], [-49.92325482399997, -25.50443098126608], [-49.92328525599998, -25.504298480266083], [-49.92322583799995, -25.503581328266044], [-49.922242436999966, -25.503156019266083], [-49.92112209199997, -25.50332695826606], [-49.92033505799997, -25.503022533266098], [-49.91961704299997, -25.50236025626611], [-49.91926473899997, -25.501953879266125], [-49.91921841799996, -25.501933625266133], [-49.91828964399997, -25.50102216326612], [-49.91507417199995, -25.49923481926619], [-49.91482107499997, -25.499128908266194], [-49.91359318899998, -25.498615084266206], [-49.91307694299997, -25.498524425266186], [-49.91288544999997, -25.49849080126616], [-49.91230050399998, -25.49838807926615], [-49.910306255999956, -25.49823805026616], [-49.90895770099997, -25.498911995266166], [-49.90813279799994, -25.499097809266182], [-49.90707373499998, -25.499168045266178], [-49.90669814399996, -25.499087122266193], [-49.90604289099997, -25.49871965326617], [-49.90499575599995, -25.497474786266174], [-49.904359074999945, -25.49693747026622], [-49.90440546399998, -25.497726320266207], [-49.904282848999976, -25.498279949266216], [-49.904067297999966, -25.498704896266204], [-49.90385156799993, -25.499151179266168], [-49.903374208999935, -25.499915437266157], [-49.90277906599994, -25.500700132266118], [-49.90210303599997, -25.501412197266127], [-49.89918722399995, -25.50173449726611], [-49.89846583199994, -25.501743299266092], [-49.89683500399996, -25.501745258266123], [-49.89583802399994, -25.501699332266135], [-49.89337691199995, -25.500980709266134], [-49.892843684999946, -25.500722831266124], [-49.892063406999966, -25.499700126266188], [-49.89138452599997, -25.499094947266148], [-49.891280793999954, -25.49922215226616], [-49.89022460899998, -25.49957251726619], [-49.88916841999997, -25.499922875266165], [-49.888180228999936, -25.500034838266156], [-49.88634151399998, -25.499602803266153], [-49.88496400299994, -25.499114528266148], [-49.88305564299998, -25.499100004266154], [-49.88213768399998, -25.49873465426619], [-49.88042730099994, -25.49866187926615], [-49.87917866599997, -25.498473163266187], [-49.87839288699996, -25.49804907426622], [-49.877739832999964, -25.49750654726618], [-49.87702209199994, -25.496844068266217], [-49.87656923999998, -25.496004439266255], [-49.87570990199998, -25.496415933266235], [-49.87452209299994, -25.496765176266194], [-49.87233773899993, -25.49812208626619], [-49.87108130799998, -25.498769401266156], [-49.87008920499994, -25.49929929026615], [-49.86817637499997, -25.499762343266177], [-49.86764209099993, -25.500594377266136], [-49.86750375899994, -25.50131001626615], [-49.866772043999966, -25.502140521266078], [-49.86598236199995, -25.502134415266084], [-49.86506555899996, -25.50164951726613], [-49.86428205899995, -25.500986469266106], [-49.86322972499994, -25.500918588266153], [-49.86238043399993, -25.50025502126617], [-49.86126736999994, -25.49964912526615], [-49.85988996999998, -25.499160618266178], [-49.85864475499994, -25.4986134022662], [-49.858324763999974, -25.49765530226617], [-49.85774099899999, -25.496754874266234], [-49.85702789599998, -25.49561453326626], [-49.856575189999944, -25.494774846266267], [-49.85599088499999, -25.4939341332663], [-49.85626087899993, -25.493219532266277], [-49.856533129999946, -25.492266047266337], [-49.85648392999997, -25.492032356266332], [-49.85648575699997, -25.491839308266318], [-49.85629256999993, -25.49126124926636], [-49.855366412999956, -25.489010458266357], [-49.85420792499997, -25.4875098582664], [-49.853811571999984, -25.486978960266438], [-49.85357490599995, -25.486540303266437], [-49.85343891799994, -25.486066035266436], [-49.85332438699999, -25.485446340266442], [-49.85319413299993, -25.484371512266453], [-49.85296829599997, -25.48331668126649], [-49.85200575099998, -25.482592307266497], [-49.85165908399995, -25.482155725266537], [-49.85087067799998, -25.48105956026652], [-49.85016813399994, -25.479964880266557], [-49.84955270699999, -25.479005927266577], [-49.847580020999935, -25.476020523266662], [-49.84706617399996, -25.475390338266646], [-49.847046147999954, -25.47535811226668], [-49.84703924299998, -25.47535730226665], [-49.847028689999945, -25.475344368266683], [-49.845940802999955, -25.47492585126668], [-49.84240605799994, -25.474041067266693], [-49.84140516699995, -25.47357688326669], [-49.84022552799996, -25.472577079266713], [-49.83982760199996, -25.472449530266708], [-49.83952367499996, -25.47246537426672], [-49.839520550999964, -25.472462310266728], [-49.839516887999935, -25.472465723266723], [-49.83948750999997, -25.47246726126672], [-49.837772779999966, -25.473572111266698], [-49.83718422399994, -25.47404418226666], [-49.83680234999997, -25.474279514266712], [-49.836051113999986, -25.474430498266674], [-49.83310820699995, -25.472930603266708], [-49.83202619399998, -25.4726914992667], [-49.831738361999946, -25.472673842266698], [-49.83124385799994, -25.472836254266713], [-49.83034729999997, -25.47351877626673], [-49.83000808799994, -25.47368419726668], [-49.829769677999934, -25.473737105266675], [-49.82790293299997, -25.473209351266707], [-49.82491633799998, -25.47259744426673], [-49.823175194999976, -25.47240969526671], [-49.82224851099994, -25.47259621426672], [-49.819194399999965, -25.473484341266694], [-49.81876568499997, -25.473545373266706], [-49.817735175999985, -25.473478285266673], [-49.81539099099996, -25.473325650266737], [-49.814149943999944, -25.473244827266722], [-49.81124061799994, -25.473183134266698], [-49.81031493499995, -25.47316349026674], [-49.80946811599995, -25.473194378266694], [-49.80897257199996, -25.47316400126673], [-49.80693250499996, -25.472382826266703], [-49.80603459599997, -25.471769800266713], [-49.80539746799997, -25.471510280266745], [-49.80496907199995, -25.47141141326672], [-49.804461052999955, -25.47137177526675], [-49.80402906799998, -25.47136825526674], [-49.80367330299999, -25.47136535826673], [-49.80301148599995, -25.471475213266736], [-49.80273106599998, -25.471472925266728], [-49.80202043699995, -25.471467128266752], [-49.80158888099999, -25.471417506266757], [-49.80118367599994, -25.47127589326676], [-49.80080549499996, -25.470973154266765], [-49.800548787999965, -25.47061098026675], [-49.79999505699994, -25.4685378672668], [-49.79990993999996, -25.468224294266825], [-49.79988862799996, -25.468145779266784], [-49.799731119999926, -25.46784426126683], [-49.79941727199997, -25.467424705266843], [-49.79879523899996, -25.466383482266846], [-49.798656764999976, -25.46608126726688], [-49.798404431999984, -25.46553056726688], [-49.79849760299993, -25.465284249266894], [-49.79948912099997, -25.464814564266906], [-49.800023102999944, -25.46404250526689], [-49.800295716999976, -25.463089134266912], [-49.80089665199995, -25.462198169266944], [-49.801431202999936, -25.461366385266945], [-49.80229643499996, -25.460358122266943], [-49.80237226699995, -25.459343415267007], [-49.80211800799998, -25.458445465267005], [-49.802126284999986, -25.457609381267], [-49.80173633099997, -25.457128399267013], [-49.80074784399994, -25.457299501267038], [-49.80004454099998, -25.45733364226705], [-49.79964580199999, -25.457383873267034], [-49.79945473499999, -25.457364953267035], [-49.79909329499998, -25.457171168267013], [-49.79881058199993, -25.456752502267058], [-49.79813124899994, -25.455133910267083], [-49.79776108599998, -25.454125595267136], [-49.797559870999976, -25.453577498267105], [-49.797358138999975, -25.452708433267105], [-49.79723780799998, -25.451346195267178], [-49.79726605999998, -25.450426978267156], [-49.79727157299993, -25.449871885267218], [-49.79731258899995, -25.449594645267215], [-49.797400225999986, -25.449342141267223], [-49.79822973499995, -25.44882301326723], [-49.79883409099995, -25.448267176267205], [-49.79916681899994, -25.44783179126721], [-49.79950023699996, -25.44732631126726], [-49.79963926499994, -25.446941904267252], [-49.79985098099996, -25.44595273626729], [-49.799860210999945, -25.44570254926729], [-49.799836925999955, -25.44517059126728], [-49.79988021499997, -25.443499591267333], [-49.799861885999974, -25.44254013826735], [-49.79958253399996, -25.441429407267382], [-49.79951393799996, -25.44114882626737], [-49.79890965699996, -25.438941917267417], [-49.79863900399994, -25.437953434267428], [-49.798539664999964, -25.437027824267474], [-49.79797580099995, -25.436010040267497], [-49.79716501799993, -25.435098947267505], [-49.795039778999985, -25.43271069226752], [-49.79438212499997, -25.432143608267587], [-49.79370077999994, -25.431736803267583], [-49.79290827699999, -25.431389272267598], [-49.79097248899996, -25.430849943267564], [-49.79056353699997, -25.430718763267585], [-49.79056344199995, -25.43071879526759], [-49.78853724099997, -25.430702101267574], [-49.788228266999965, -25.430727851267594], [-49.78640130799994, -25.43088010126758], [-49.78389748899997, -25.430700172267564], [-49.78329594699995, -25.430487905267583], [-49.782307903999936, -25.430139246267593], [-49.78104481199995, -25.429268007267613], [-49.77970006299994, -25.427746279267645], [-49.77861773099995, -25.426054880267703], [-49.77772700599996, -25.424509027267693], [-49.77648031299997, -25.42188371026778], [-49.77600685799997, -25.420401023267793], [-49.77580215499995, -25.41952667426779], [-49.77561694199994, -25.41833063126782], [-49.775493869999934, -25.417493455267838], [-49.77471321799993, -25.416650800267867], [-49.77393197299995, -25.415867859267873], [-49.77321891299994, -25.414846585267917], [-49.77296857799996, -25.413590270267967], [-49.772650073999955, -25.412572286267945], [-49.77233217899993, -25.411494581267963], [-49.771946114999935, -25.410655207268032], [-49.771163715999926, -25.40999169326799], [-49.769987405999984, -25.40926515526802], [-49.768154787999954, -25.40841366026804], [-49.766782467999974, -25.407566006268073], [-49.765607424999985, -25.40671999426808], [-49.766478606999954, -25.405114733268107], [-49.76669104399997, -25.40362339126813], [-49.76722676299995, -25.402672284268153], [-49.76776550599993, -25.40142257426821], [-49.76823484899995, -25.400530632268218], [-49.768706004999956, -25.39945952726825], [-49.76950831499993, -25.39815229126827], [-49.76965131699995, -25.397018712268295], [-49.77005730299993, -25.395887332268313], [-49.77052781799995, -25.39487594026833], [-49.77086925299995, -25.393624566268354], [-49.771603335999934, -25.392555647268345], [-49.77240314899995, -25.391487273268375], [-49.77299967899995, -25.391014449268404], [-49.77374156999998, -25.38916915526848], [-49.77388391599993, -25.3880952882685], [-49.774353159999976, -25.387203320268508], [-49.77449489499998, -25.38618917326854], [-49.77470116199999, -25.38529501326853], [-49.77378923099997, -25.384451261268566], [-49.772811573999945, -25.383606955268554], [-49.77156855499993, -25.382999328268607], [-49.770526393999944, -25.382035020268624], [-49.770010765999984, -25.381015381268604], [-49.769587416999975, -25.38037025726866], [-49.769509303999946, -25.380270273268625], [-49.76900210099995, -25.379555483268675], [-49.76842286599998, -25.378271894268675], [-49.768120873999976, -25.376989219268673], [-49.76805555599998, -25.376035372268753], [-49.76816630899998, -25.373863373268755], [-49.76815639499995, -25.372996622268783], [-49.76816387299994, -25.372259268268834], [-49.76834824599996, -25.37138388226883], [-49.76844366499995, -25.370627333268835], [-49.76858072899995, -25.37009036426885], [-49.76869525199998, -25.36961299826887], [-49.76887678899993, -25.369016610268865], [-49.76830507299997, -25.369151338268843], [-49.767470542999945, -25.369244003268847], [-49.766440218999946, -25.369175579268845], [-49.76571698099996, -25.36910972526888], [-49.76515133799995, -25.368646585268873], [-49.764958181999994, -25.3682264312689], [-49.76456903499997, -25.36766511926891], [-49.76426620999996, -25.36724404326891], [-49.76361223599997, -25.366839947268915], [-49.762961106999974, -25.36615684926896], [-49.76230876799997, -25.365593320268935], [-49.761745185999985, -25.364930883268933], [-49.76144339299998, -25.364410159268996], [-49.76083879799995, -25.363468352269006], [-49.76040846199992, -25.36264759126903], [-49.76004352199994, -25.36186724026903], [-49.75984768699993, -25.36075527826903], [-49.759936324999956, -25.35947471526908], [-49.76126777099995, -25.359488701269072], [-49.76198246499996, -25.35895880826906], [-49.762011589999986, -25.35893643126908], [-49.76212031799997, -25.35885289826906], [-49.76296166299994, -25.3583383842691], [-49.76382230799993, -25.35794320826908], [-49.76469063299998, -25.357760658269097], [-49.76498979899998, -25.357697762269122], [-49.766290737999945, -25.357391184269137], [-49.76762954899994, -25.357086057269104], [-49.767629753999984, -25.357086014269093], [-49.769193100999985, -25.35667845226915], [-49.76946763999996, -25.35661162326916], [-49.76953119699994, -25.356596153269102], [-49.769615690999956, -25.356575585269134], [-49.76986863199994, -25.356514013269155], [-49.77073092999996, -25.356238254269126], [-49.77073247699996, -25.35623775726914], [-49.771057710999976, -25.35614225926914], [-49.77114550999993, -25.356116480269144], [-49.77150931699999, -25.35592675226914], [-49.77169538199996, -25.355709267269134], [-49.77182481299997, -25.35557788126918], [-49.771907855999984, -25.355228922269177], [-49.77190368699996, -25.355218129269176], [-49.77180604499995, -25.354965430269196], [-49.77176713999996, -25.354793712269146], [-49.771751466999945, -25.354724535269142], [-49.77165496599997, -25.3546635562692], [-49.77160972499996, -25.354634966269202], [-49.77125027499995, -25.354393848269186], [-49.77100329899997, -25.35412809326921], [-49.77096184299995, -25.354083488269175], [-49.77092783399996, -25.354046891269153], [-49.77091600599994, -25.354028799269212], [-49.77081871199994, -25.353879998269193], [-49.77082979499994, -25.353766805269185], [-49.77083421599997, -25.353721591269167], [-49.770839379999984, -25.35366884126918], [-49.770986541999946, -25.35332579826919], [-49.77118858699998, -25.35308936926921], [-49.771600602999975, -25.35275490126921], [-49.77167974099996, -25.352690656269242], [-49.771907204999934, -25.352535377269234], [-49.77202648999997, -25.352453944269243], [-49.77208136999997, -25.352416481269223], [-49.77214974399993, -25.35237671726923], [-49.77245756499997, -25.352197692269204], [-49.772696431999975, -25.35205877026925], [-49.77309980499996, -25.351871928269247], [-49.774695116999965, -25.351848637269253], [-49.77644208099997, -25.351851825269247], [-49.77729734999996, -25.3518649552692], [-49.778051561999966, -25.351876530269244], [-49.78060132099995, -25.35205532826921], [-49.78184427399998, -25.351953310269195], [-49.78263047399997, -25.351948472269214], [-49.783366307999984, -25.35198857426922], [-49.78341677499997, -25.352003142269204], [-49.78352806199995, -25.352035265269247], [-49.785247019999986, -25.35234426926921], [-49.78533398799994, -25.35235749726921], [-49.787475891999975, -25.35268328226924], [-49.788724651999985, -25.352735763269184], [-49.78946492299997, -25.352775066269235], [-49.78990486299995, -25.35261098526921], [-49.79003762999998, -25.352463085269207], [-49.79042507599997, -25.351985026269233], [-49.79055451199997, -25.35193440226925], [-49.790734414999974, -25.351813002269235], [-49.791019338999945, -25.35162073226923], [-49.791440481999985, -25.351420361269227], [-49.79185792499993, -25.351366821269213], [-49.79218402899994, -25.35119941126926], [-49.79234815299997, -25.351007997269228], [-49.79245022599997, -25.350782055269253], [-49.79247624599998, -25.350625872269248], [-49.79240312999997, -25.35049819526923], [-49.792381553999974, -25.350157850269262], [-49.79245923499996, -25.349875017269284], [-49.792711706999974, -25.349582276269295], [-49.79298603499995, -25.34945144426927], [-49.79363784499998, -25.349306390269298], [-49.793818039999955, -25.349252361269276], [-49.794032551999976, -25.34918803926928], [-49.79426362099998, -25.34911875526927], [-49.794779011999935, -25.348737452269297], [-49.794786575999986, -25.34873112326932], [-49.79558429499997, -25.348063704269308], [-49.79647634899993, -25.34744735826931], [-49.797261574999936, -25.34691740326933], [-49.79740593599996, -25.346819972269344], [-49.798586394999965, -25.34605855926935], [-49.79933893799995, -25.345667833269374], [-49.80007991699995, -25.34535202926936], [-49.80027873399996, -25.345267292269355], [-49.80146594399997, -25.345084195269376], [-49.80250364899996, -25.34487719726936], [-49.80339241099994, -25.34458960626936], [-49.804158070999954, -25.344130930269376], [-49.804277096999954, -25.344043464269408], [-49.804585405999944, -25.34381690726939], [-49.80501785699994, -25.34298133226941], [-49.805245446999955, -25.342677029269414], [-49.80562409099996, -25.34223788026943], [-49.805728801999976, -25.341739813269424], [-49.805757093999944, -25.341399876269453], [-49.80579932899997, -25.340997288269467], [-49.80611322699996, -25.340711088269472], [-49.80641588699996, -25.34038470926948], [-49.80644660599995, -25.340285166269453], [-49.80658342299994, -25.33984179626949], [-49.80666461799996, -25.339196135269482], [-49.80664834199996, -25.33831156326954], [-49.80657446799995, -25.336938949269523], [-49.80655393999996, -25.336737709269553], [-49.806506172999946, -25.33626939726955], [-49.806490338999936, -25.335339474269585], [-49.806597711999984, -25.334569293269578], [-49.806596311999954, -25.334341735269575], [-49.80659290799996, -25.333786866269616], [-49.806511472999944, -25.333185241269618], [-49.80642265199997, -25.332861584269605], [-49.80641947799996, -25.332858076269638], [-49.80644935999993, -25.33277896426961], [-49.80619705199996, -25.331701850269624], [-49.80613661199994, -25.33116382526967], [-49.80601221899997, -25.3304461032697], [-49.80615129199998, -25.329803676269698], [-49.80632349999996, -25.32945319326968], [-49.80633987099998, -25.329207945269694], [-49.806367377999955, -25.328795886269717], [-49.80648732599997, -25.328014468269753], [-49.80650746799995, -25.32793472426976], [-49.80653353199994, -25.32783151326974], [-49.806798845999936, -25.326781044269765], [-49.80700577899995, -25.326034344269793], [-49.80706729399998, -25.325776836269792], [-49.80717979399998, -25.325305866269776], [-49.80718024899994, -25.32525939126979], [-49.80725649199997, -25.324184937269823], [-49.80746180999995, -25.32335043226985], [-49.80708043399994, -25.32203337026987], [-49.80839517199997, -25.321984280269866], [-49.80958199999998, -25.321575788269854], [-49.810574613999954, -25.320867088269853], [-49.81189108799998, -25.320638802269876], [-49.81340642699996, -25.320232927269874], [-49.81426817699997, -25.319463420269916], [-49.81499734199997, -25.31881229626993], [-49.81565963199994, -25.31828008226992], [-49.81730401899995, -25.318114107269952], [-49.817427726999945, -25.31806283926996], [-49.81783372499996, -25.317700273269935], [-49.81882394499996, -25.317230401269953], [-49.82000779899994, -25.317120430269984], [-49.82119512099995, -25.31665212026996], [-49.82172480699996, -25.316238270269995], [-49.82251904099996, -25.31564735326999], [-49.82344236799998, -25.315296367269998], [-49.82443139399993, -25.314945899269986], [-49.82575239099999, -25.31423971127002], [-49.826483190999966, -25.313409359270057], [-49.826886040999966, -25.312516668270028], [-49.82754939599994, -25.31186495427008], [-49.82834414699994, -25.311214281270107], [-49.829075485999965, -25.310324193270116], [-49.82930999499996, -25.30958772827008], [-49.82934699799994, -25.309511101270093], [-49.82937901699995, -25.30941213627013], [-49.82939204099995, -25.309371884270124], [-49.829480118999975, -25.309099638270123], [-49.829726465999954, -25.308713842270144], [-49.82997970599997, -25.30857498127016], [-49.83034306699995, -25.30840777927015], [-49.83069394999996, -25.308240476270154], [-49.83128465299996, -25.307780259270153], [-49.83158662199997, -25.30751051527018], [-49.83201636299998, -25.306924284270195], [-49.832501751999985, -25.305737527270185], [-49.83281001199998, -25.304810164270187], [-49.83300362399996, -25.30413135127022], [-49.833058996999966, -25.303742883270257], [-49.83298411999994, -25.302260245270254], [-49.832988789999945, -25.30177270427028], [-49.83299704199994, -25.300910998270282], [-49.83296364199998, -25.300491188270293], [-49.832994886999984, -25.2998337662703], [-49.83313892299998, -25.29912054427031], [-49.83340935799998, -25.29850103227037], [-49.833859717999985, -25.298094389270354], [-49.83418660199993, -25.297824832270333], [-49.834746919999986, -25.297480071270336], [-49.83495185099997, -25.297365978270363], [-49.83546429399996, -25.29725663327036], [-49.835776529999976, -25.297213743270394], [-49.83604930099994, -25.297189816270368], [-49.83648809399995, -25.297151326270352], [-49.83682494999994, -25.29714264327037], [-49.837324810999974, -25.297044532270384], [-49.83762484899995, -25.296838660270403], [-49.83804469599994, -25.296109060270414], [-49.838135240999975, -25.295769602270394], [-49.83801354899998, -25.295451146270388], [-49.83790356999998, -25.295212160270392], [-49.837799539999935, -25.295094502270434], [-49.83757039799997, -25.294835342270407], [-49.83749988999995, -25.294381222270438], [-49.83752721599996, -25.29393116627046], [-49.83755907599994, -25.293406525270452], [-49.837566582999955, -25.29261923927047], [-49.837568697999984, -25.29239741927044], [-49.83765044399996, -25.291672360270468], [-49.837732308999925, -25.291398524270516], [-49.837877247999984, -25.289967284270503], [-49.83769042299996, -25.28889072927053], [-49.83736823399994, -25.288231194270576], [-49.837432870999976, -25.28759292227059], [-49.83724560799994, -25.28757253127057], [-49.83666618399997, -25.28763921627055], [-49.83618857199996, -25.287635446270578], [-49.83615486399998, -25.287635182270577], [-49.83544411499998, -25.287618233270596], [-49.83495828199995, -25.287557702270565], [-49.83439935199993, -25.287315163270577], [-49.833967417999986, -25.2868355072706], [-49.83366041199998, -25.28633416127059], [-49.833621894999965, -25.286067146270625], [-49.83357853499996, -25.285766556270584], [-49.83359675199995, -25.285165728270638], [-49.83374250199995, -25.28427109227065], [-49.83397673199993, -25.28320260927064], [-49.83429489699995, -25.282585927270656], [-49.834777014999986, -25.281727960270686], [-49.835233534999986, -25.2809378262707], [-49.83537710499997, -25.28052192227075], [-49.83541309999999, -25.280417644270717], [-49.83554235299994, -25.279942422270736], [-49.83553204899994, -25.279715559270734], [-49.83534726399995, -25.27947597727072], [-49.83532829899996, -25.279468008270758], [-49.83496219799998, -25.27931419127074], [-49.83492995599994, -25.279312102270723], [-49.83456336699994, -25.279288361270716], [-49.83407702299996, -25.279284521270746], [-49.83373989399996, -25.27932721227072], [-49.83335222699998, -25.279437538270738], [-49.83171611499995, -25.279685394270732], [-49.83090564799994, -25.279667635270723], [-49.83038613399998, -25.27967720627074], [-49.830044978999986, -25.27968349027074], [-49.82938405099998, -25.279678251270724], [-49.82836169899998, -25.27964745627073], [-49.82731506299996, -25.279548425270743], [-49.82682871999998, -25.279395408270744], [-49.82591006299998, -25.27910636827077], [-49.82525088999995, -25.278919696270723], [-49.82464301099998, -25.27858602227074], [-49.82413648499995, -25.2782069322708], [-49.82311792699994, -25.27766673827081], [-49.82266082199993, -25.27741417127079], [-49.82253489799995, -25.27734459127079], [-49.82206530399998, -25.276898617270795], [-49.82179326299996, -25.2766583252708], [-49.82149628299994, -25.276417832270823], [-49.821208974999934, -25.27624935927081], [-49.820663098999944, -25.276173055270814], [-49.82036346099995, -25.276161577270823], [-49.82028910999997, -25.27615872627079], [-49.81995241899995, -25.27615603427078], [-49.81954091199997, -25.27615274227081], [-49.81920433099998, -25.27613871227082], [-49.818980314999976, -25.276091561270835], [-49.818694931999964, -25.275941872270824], [-49.81849815799996, -25.27565681827081], [-49.81802282899997, -25.27495368127081], [-49.81798935899997, -25.27490417127082], [-49.81798178399998, -25.27489296527086], [-49.817901494999944, -25.274355205270837], [-49.81760256999996, -25.273799417270855], [-49.81721716299995, -25.272900428270876], [-49.81716016599995, -25.27200407027091], [-49.81671082399998, -25.27092538827093], [-49.81612954999998, -25.26990537227096], [-49.81731989099996, -25.269078741270977], [-49.817525030999946, -25.26824421127098], [-49.817663909999965, -25.267468875270986], [-49.81917162899999, -25.26777957927099], [-49.82055549999996, -25.26731282927102], [-49.821676647999944, -25.266843970271005], [-49.82298387899994, -25.267511394270965], [-49.82409408799998, -25.268177239270948], [-49.825143227999945, -25.26836477427097], [-49.82567153599996, -25.268070344270985], [-49.82600625099996, -25.267416011270992], [-49.825487717999984, -25.266695164270985], [-49.825102845999936, -25.265736470271037], [-49.825113193999975, -25.26466146927105], [-49.82551702699993, -25.26364932627105], [-49.82604760999993, -25.26311600427109], [-49.82632007799998, -25.26210281427109], [-49.82659081699995, -25.261268789271146], [-49.82725330899996, -25.260676783271116], [-49.827977455999985, -25.260503354271147], [-49.828960289999934, -25.26075006127112], [-49.83014358799994, -25.260639988271155], [-49.83152676999999, -25.26023285427117], [-49.83247586599998, -25.25978214727114], [-49.833167025999956, -25.259605582271142], [-49.83324367499995, -25.259546884271167], [-49.83353540199994, -25.259323461271148], [-49.83364124499997, -25.259242404271156], [-49.83435314699995, -25.258636478271182], [-49.83438826699995, -25.258623119271196], [-49.835534287999955, -25.258187137271218], [-49.83681411799995, -25.257442229271224], [-49.83744787099994, -25.256810668271196], [-49.83804121599996, -25.256219365271257], [-49.838739385999986, -25.255826008271253], [-49.83932579999998, -25.255495611271233], [-49.840851793999946, -25.25476357227123], [-49.84212505499994, -25.254600269271283], [-49.84251798299994, -25.254458680271274], [-49.84278402799998, -25.254362812271257], [-49.843204689999936, -25.254211227271295], [-49.843321325999966, -25.25409953027127], [-49.84367972599995, -25.253756287271305], [-49.84380281099993, -25.253376906271292], [-49.84409532999996, -25.252475290271295], [-49.84445686799995, -25.251916548271282], [-49.84452247799993, -25.251815144271337], [-49.844607155999945, -25.251684283271334], [-49.84529112199994, -25.250466537271354], [-49.845624304999944, -25.249944835271346], [-49.84563627699998, -25.249521337271382], [-49.84544005299994, -25.248938831271385], [-49.845410723999976, -25.2488903092714], [-49.845264896999936, -25.248649057271386], [-49.84483871599997, -25.247943996271378], [-49.84467866099993, -25.247679202271414], [-49.84418131399996, -25.246717920271443], [-49.84399239499998, -25.24627156327146], [-49.843328363999944, -25.24470262527145], [-49.84293479099995, -25.243659911271482], [-49.84293209799994, -25.243649991271507], [-49.842577449999965, -25.242342281271537], [-49.842402897999925, -25.241536094271538], [-49.84235197199996, -25.24130088127154], [-49.84245302399995, -25.24080145227156], [-49.84290548499996, -25.239654039271567], [-49.84290700899994, -25.239652050271577], [-49.84328357099997, -25.239420905271587], [-49.844339278999946, -25.2388916222716], [-49.84506440399997, -25.2385986562716], [-49.84630975899995, -25.238847297271565], [-49.84807930499994, -25.239219471271575], [-49.84981565999994, -25.23928236927158], [-49.850027643999965, -25.239277996271557], [-49.85097784699996, -25.239258385271594], [-49.85215905499996, -25.23902413127157], [-49.85398063899998, -25.23811976727158], [-49.855058662999966, -25.237883507271643], [-49.856020872999984, -25.237573948271628], [-49.85580537899995, -25.237124854271602], [-49.85530514699997, -25.23669289227162], [-49.85527782999997, -25.236019978271628], [-49.85498158999996, -25.235344976271662], [-49.854749999999974, -25.234945671271696], [-49.85473419599998, -25.234936877271643], [-49.85408112999994, -25.234573554271677], [-49.85335687899993, -25.234450437271676], [-49.85270231799996, -25.234624008271684], [-49.85125569799994, -25.234735078271687], [-49.85034865899996, -25.23466686827169], [-49.849110351999975, -25.2340762562717], [-49.84858480799994, -25.2336810232717], [-49.84833635899997, -25.23349417627169], [-49.84804215199995, -25.23327291727171], [-49.84700556499996, -25.232683859271724], [-49.84613503899993, -25.23231013027173], [-49.84529784099993, -25.231967238271757], [-49.84412508899993, -25.231560559271728], [-49.84305434099997, -25.23103236427178], [-49.84225309799996, -25.230445118271774], [-49.842162274999964, -25.230276278271766], [-49.84205488199996, -25.230076632271768], [-49.84202440499996, -25.230025701271803], [-49.84172395899998, -25.22952364527179], [-49.841371581999965, -25.229197554271757], [-49.84135738999998, -25.229184420271793], [-49.84105083099996, -25.229103051271814], [-49.839537596999946, -25.229659377271773], [-49.83722338499996, -25.22966782927181], [-49.83688179899996, -25.22966907527176], [-49.83615488199997, -25.229663351271768], [-49.83570531099996, -25.229659806271787], [-49.834678544999974, -25.229470197271777], [-49.83467488499996, -25.229468171271776], [-49.83316027799997, -25.22863067727179], [-49.83175843699996, -25.227579972271798], [-49.83148056899995, -25.227459337271828], [-49.83025197999996, -25.22692592927182], [-49.82914479599998, -25.22670311727182], [-49.82793501699995, -25.226662949271823], [-49.82724327899995, -25.226542122271837], [-49.82834476199997, -25.226189735271873], [-49.828940262999936, -25.22587299027187], [-49.82942807299997, -25.22561352627186], [-49.83017006299997, -25.225137809271896], [-49.83043788599998, -25.22481313127188], [-49.83066756799996, -25.22452255127187], [-49.83093237499998, -25.224183518271886], [-49.83155198599997, -25.22367756827191], [-49.831792922999966, -25.223571277271898], [-49.83204859299997, -25.223458485271923], [-49.83217481299994, -25.223421320271893], [-49.83424813099998, -25.222810794271897], [-49.83586391099993, -25.222571265271906], [-49.83621523699998, -25.222557125271955], [-49.83719715799998, -25.22287989127195], [-49.83794863799994, -25.22339032827194], [-49.83860351499993, -25.223752228271902], [-49.839127377999944, -25.224041720271877], [-49.83965481499996, -25.22425226127187], [-49.84028548699996, -25.224211344271907], [-49.84066453299993, -25.22406058727187], [-49.84067541399998, -25.22405241927191], [-49.840830411999946, -25.223936058271928], [-49.84087914799994, -25.223899470271927], [-49.841096748999966, -25.223736113271915], [-49.84161655699995, -25.223075405271942], [-49.84168244799998, -25.222991653271908], [-49.84176022799995, -25.222892788271928], [-49.84230748699997, -25.221943102271936], [-49.84309236499996, -25.220655777272004], [-49.84385599499995, -25.219882024271982], [-49.84489734199996, -25.21906457527199], [-49.84524622899994, -25.218687749272014], [-49.84524868399995, -25.218685099272015], [-49.845291379999935, -25.218636229272015], [-49.84530724299997, -25.218618071272026], [-49.84604291699998, -25.218418428272], [-49.847027708999974, -25.21842611327201], [-49.84794684899998, -25.218433280271995], [-49.848666220999974, -25.218737523272008], [-49.84951634099997, -25.219102508272034], [-49.85023852699993, -25.219108128271994], [-49.85149098799996, -25.218580316272043], [-49.852541437999946, -25.218588475272032], [-49.85451270999994, -25.21842458227201], [-49.85510582299998, -25.218190267272018], [-49.85767577099995, -25.21719478027203], [-49.85873011099994, -25.216784830272022], [-49.85991853199994, -25.21607726927208], [-49.86136898999996, -25.215431443272067], [-49.86179561299997, -25.215305717272095], [-49.862029393999926, -25.21501843427207], [-49.863611686999946, -25.21431387327212], [-49.86500033199997, -25.21324944027213], [-49.86683965399993, -25.21314409527212], [-49.86835016799995, -25.21309593927214], [-49.87025072499995, -25.213468842272107], [-49.87234989899997, -25.213664053272097], [-49.873164207999935, -25.21356064427214], [-49.873806610999964, -25.213435051272135], [-49.874799939999946, -25.213240842272118], [-49.875682830999956, -25.21317876227214], [-49.876870641999965, -25.212918220272105], [-49.876873058999934, -25.212918283272135], [-49.87691289199996, -25.212919324272153], [-49.87780257299993, -25.21294260327216], [-49.87809760099998, -25.212919298272137], [-49.87833234799996, -25.21290075627212], [-49.87906483499995, -25.212745779272165], [-49.879135066999936, -25.21272284227211], [-49.879545245999964, -25.21258888827215], [-49.880403316999946, -25.21246508327216], [-49.88040387099994, -25.212465320272155], [-49.880423192999956, -25.212473562272137], [-49.88120704399995, -25.2128078712721], [-49.88190836199994, -25.21310597427214], [-49.881968850999954, -25.21313168227214], [-49.88205637999994, -25.213168886272108], [-49.882063337999966, -25.2131718432721], [-49.882085951999954, -25.213181454272164], [-49.88209281699994, -25.21318642527211], [-49.88209478999995, -25.213187856272146], [-49.88266195299997, -25.213598611272108], [-49.88333774599994, -25.21413118427209], [-49.88357544799993, -25.214280305272123], [-49.884114790999945, -25.214618652272097], [-49.884657911999966, -25.214824229272118], [-49.88466515299996, -25.214826970272117], [-49.884667923999984, -25.214826186272123], [-49.884675753999936, -25.214823965272128], [-49.885602679999984, -25.214561075272073], [-49.88593476499995, -25.21408197827211], [-49.88596582099995, -25.213440077272132], [-49.88595751399998, -25.21330726127212], [-49.88593017299997, -25.212869867272097], [-49.88591820099998, -25.212678437272125], [-49.885944180999964, -25.212073612272164], [-49.885951732999956, -25.211897855272156], [-49.885955618999965, -25.21188529027213], [-49.88611078799994, -25.21138343827219], [-49.886302685999965, -25.211036428272152], [-49.88630274399998, -25.21103632027215], [-49.886308896999935, -25.21102519727218], [-49.88631226199993, -25.211019114272172], [-49.886478428999965, -25.2107186292722], [-49.88676995499998, -25.210237075272172], [-49.887199105999976, -25.209824278272215], [-49.88750098099996, -25.209666372272196], [-49.88750237699998, -25.20966564227218], [-49.887509604999934, -25.20966370727219], [-49.888148616999956, -25.209492800272205], [-49.88970778699996, -25.208778889272228], [-49.89028554499998, -25.20844855627221], [-49.89037918499998, -25.208395017272245], [-49.890398369999964, -25.208384047272247], [-49.89044233299995, -25.208359483272236], [-49.89099053499996, -25.208053213272247], [-49.891280020999936, -25.207794157272243], [-49.891583554999954, -25.207157881272227], [-49.89160894799995, -25.207031990272252], [-49.89161045999998, -25.20702450227227], [-49.891661495999976, -25.206771464272276], [-49.89165529099995, -25.206595297272287], [-49.89164750699996, -25.206374284272297], [-49.89164652699997, -25.2063465112723], [-49.89164598499997, -25.2063311332723], [-49.89165458099996, -25.206199630272273], [-49.89167703299995, -25.2058560972723], [-49.89167708999997, -25.205855859272255], [-49.89168108499996, -25.205838820272255], [-49.891855697999965, -25.20509430127231], [-49.89201851799998, -25.20483276627231], [-49.892019152999985, -25.204831749272323], [-49.892215409999956, -25.204516493272312], [-49.89285903599995, -25.203902112272342], [-49.89379082399995, -25.20320895627234], [-49.89379997299994, -25.203202656272346], [-49.89380288299998, -25.203200650272354], [-49.895156628999985, -25.20226808727238], [-49.895879313999956, -25.201828566272372], [-49.89653956799998, -25.201427007272358], [-49.89744201399998, -25.200918746272375], [-49.897850672999944, -25.200688581272374], [-49.899810633999955, -25.199679338272393], [-49.89981199099998, -25.19967825527243], [-49.90161981999996, -25.198236223272453], [-49.902785164999955, -25.197434146272478], [-49.90415300799998, -25.196833139272478], [-49.90526384299994, -25.196634963272455], [-49.906046199999935, -25.196526083272495], [-49.90720580399994, -25.196511722272483], [-49.90761182699999, -25.196485575272455], [-49.907613374999976, -25.196485475272492], [-49.90816417999997, -25.1964499992725], [-49.90842706199993, -25.196251056272516], [-49.90842843299998, -25.196250018272462], [-49.90849817299994, -25.19574152627247], [-49.90851462099994, -25.195541481272496], [-49.90854058499997, -25.19522574127249], [-49.90823261299994, -25.195059224272516], [-49.906990217999976, -25.194512491272512], [-49.90594689199997, -25.193728308272522], [-49.904713068999975, -25.192225965272584], [-49.90609898099996, -25.19140002027256], [-49.90702593299994, -25.190510945272607], [-49.906707866999966, -25.189373752272605], [-49.905730757999955, -25.18853032827263], [-49.905144284999956, -25.188048160272675], [-49.90653174499994, -25.187043037272677], [-49.906605911999975, -25.18608792827268], [-49.90661390899998, -25.185192058272733], [-49.907277730999965, -25.184360763272736], [-49.90833482599999, -25.18359209427273], [-49.909973589999936, -25.18384309027276], [-49.91109364599998, -25.18337350827278], [-49.913174897999966, -25.182445643272796], [-49.913228965999956, -25.182429017272757], [-49.91451545399997, -25.1823008612728], [-49.91477923399997, -25.182302796272804], [-49.915321897999945, -25.18230677327281], [-49.91594595999993, -25.182372249272774], [-49.91602692999994, -25.1823807402728], [-49.91665696799998, -25.18238535527277], [-49.91703579799997, -25.18229639627278], [-49.917239441999975, -25.182068548272778], [-49.917558165999935, -25.181888300272792], [-49.917567378999934, -25.181883089272755], [-49.91757001099995, -25.18188318027276], [-49.91855132999996, -25.181917610272784], [-49.91941121199994, -25.181579886272775], [-49.91986867599997, -25.181147486272817], [-49.92002680999997, -25.180781832272825], [-49.92002748099998, -25.180780279272827], [-49.92007899299995, -25.18046164927278], [-49.92031608999997, -25.178994992272838], [-49.92044997299996, -25.178101556272846], [-49.92078828699994, -25.176888539272866], [-49.92097484599998, -25.176317363272894], [-49.920984601999976, -25.17628749627293], [-49.920985565999956, -25.1762845372729], [-49.920995054999935, -25.176274582272903], [-49.92175840599999, -25.175473724272926], [-49.922924665999965, -25.17467953627296], [-49.923184857999956, -25.17447516127296], [-49.92437112499994, -25.17354337327297], [-49.92446637699993, -25.173362929272958], [-49.924631167999955, -25.17305075327298], [-49.92463529299994, -25.17304294127295], [-49.92478115999995, -25.172766608272973], [-49.924837655999966, -25.172493805273007], [-49.92484263399996, -25.172469768273004], [-49.92477763499995, -25.172373003272984], [-49.92477980999997, -25.17212511527299], [-49.92439022399998, -25.17164445327298], [-49.92452934299996, -25.170749530273024], [-49.92512838399995, -25.169798219273055], [-49.925527389999964, -25.169203826273034], [-49.926123275999934, -25.168610861273084], [-49.92665091499998, -25.16831604327305], [-49.92698271299997, -25.167900346273065], [-49.92698789299993, -25.16730853227312], [-49.92620735599996, -25.165792341273146], [-49.92617840599996, -25.16573610627309], [-49.92544835099994, -25.16414519827317], [-49.92544286499998, -25.164128303273177], [-49.925375525999975, -25.164066034273162], [-49.92492452599998, -25.163107096273194], [-49.92461106599995, -25.1614324072732], [-49.92618761299997, -25.161264663273197], [-49.92763551999997, -25.160797326273226], [-49.92869019699998, -25.16026739927323], [-49.92935112499998, -25.159734618273244], [-49.93047192999995, -25.159145428273284], [-49.92975528799997, -25.158542959273305], [-49.92949853199997, -25.157884083273274], [-49.92943707999996, -25.157405807273314], [-49.92937875599995, -25.156569177273298], [-49.928531936999946, -25.155846304273332], [-49.92814499399998, -25.155067025273368], [-49.928152299999965, -25.15423087127338], [-49.92822209499997, -25.153753543273393], [-49.92790130099996, -25.152915014273404], [-49.927318035999974, -25.152074583273386], [-49.927264426999955, -25.150700425273435], [-49.92799144899993, -25.150108398273467], [-49.928590877999966, -25.14909734127347], [-49.92905541299996, -25.14850340927346], [-49.92932465699994, -25.147728877273497], [-49.92924339899998, -25.14726227827352], [-49.929194388999974, -25.14716203127354], [-49.929113980999944, -25.14699756027354], [-49.92919916899996, -25.145897356273547], [-49.92918704799996, -25.145876397273508], [-49.92875785099994, -25.14513426027355], [-49.929908999999945, -25.14539794227357], [-49.93046286899994, -25.145447810273538], [-49.93254619299994, -25.145087412273547], [-49.933284998999966, -25.144959600273584], [-49.933389955999985, -25.14494144027357], [-49.93406493399993, -25.144722159273574], [-49.93442589399996, -25.1446048892736], [-49.93469154799993, -25.144438528273568], [-49.93471767999995, -25.1444221642736], [-49.934722685999986, -25.144415526273594], [-49.93528434299998, -25.143670774273605], [-49.935601110999976, -25.14311236427362], [-49.93560114199994, -25.14311230927358], [-49.936002683999966, -25.142185239273616], [-49.936028729999975, -25.142149386273626], [-49.93547987399996, -25.141680860273606], [-49.93522467199994, -25.140842816273658], [-49.93477159899993, -25.14012280827364], [-49.93602756299998, -25.13905670527369], [-49.93740904099997, -25.13864851627371], [-49.93892328399995, -25.138062075273734], [-49.939780363999944, -25.137590375273696], [-49.94037293199995, -25.137355697273737], [-49.941223821999984, -25.13760069827373], [-49.94207317099995, -25.13802487127371], [-49.94246426999996, -25.13832631027371], [-49.943198086999985, -25.13859959627367], [-49.94348407999996, -25.138895504273677], [-49.94358616099999, -25.13928104527368], [-49.94395794199994, -25.139994644273653], [-49.94430590699994, -25.14054753927364], [-49.94465565199993, -25.14089403827363], [-49.944955627999946, -25.141127073273637], [-49.94528134499996, -25.141380106273647], [-49.94573088199997, -25.141841984273594], [-49.946233157999984, -25.142517040273624], [-49.946825815999944, -25.14343221027357], [-49.94719742799999, -25.144168734273567], [-49.947547920999966, -25.144549181273558], [-49.947551257999976, -25.144553554273564], [-49.94782098099996, -25.144907047273545], [-49.948192405999976, -25.145666505273528], [-49.948475729999984, -25.146181856273508], [-49.94881263399998, -25.1467946662735], [-49.949286308999945, -25.147131467273503], [-49.94961456599998, -25.147278922273482], [-49.94981535299997, -25.147415797273496], [-49.94991998799998, -25.147610044273517], [-49.94992953799993, -25.147735893273488], [-49.94985364599996, -25.147909504273507], [-49.94971459299995, -25.14804379827348], [-49.94956393099994, -25.14822673227347], [-49.94951004099994, -25.1483134302735], [-49.94947716099995, -25.14842929727347], [-49.94957224099994, -25.14849769927348], [-49.94970992299994, -25.14855672727349], [-49.950091823999976, -25.14864651327348], [-49.95059023099998, -25.14878549727346], [-49.95138641899997, -25.148907239273484], [-49.95204467599996, -25.1489989742735], [-49.95270359999995, -25.149013310273503], [-49.95301392199996, -25.148931721273453], [-49.95307633799996, -25.148915310273452], [-49.95309778199999, -25.14890967127347], [-49.953439731999936, -25.148699233273458], [-49.95427915499994, -25.148341033273475], [-49.95508187799993, -25.148091612273497], [-49.95549830699997, -25.14787201627348], [-49.95589264699999, -25.147749020273533], [-49.95621365899995, -25.1474997272735], [-49.95630058099994, -25.14727781027354], [-49.95629085799993, -25.147171313273493], [-49.95618514299996, -25.147102842273526], [-49.956171549999965, -25.1471027432735], [-49.95608948399997, -25.14710216527353], [-49.95599537799996, -25.147042895273515], [-49.95588909999998, -25.14691692327355], [-49.95588912499995, -25.14691370027353], [-49.95589148799996, -25.146636359273515], [-49.95588490599994, -25.1465818202735], [-49.955871625999976, -25.146471742273526], [-49.955862973999956, -25.146239473273553], [-49.95581600899993, -25.146162336273544], [-49.95571912399998, -25.146003208273534], [-49.955268556999954, -25.145656021273556], [-49.95491597299997, -25.145194708273554], [-49.954821504999984, -25.14489605127358], [-49.95487540899996, -25.14448361827359], [-49.95507988799994, -25.144141051273575], [-49.95596596799993, -25.143642755273593], [-49.95702663999998, -25.143352086273627], [-49.95826200799996, -25.1429327052736], [-49.95876989399994, -25.142316819273617], [-49.95982483199998, -25.14130731727365], [-49.96014608199994, -25.140999896273648], [-49.96095633099998, -25.140467089273656], [-49.96173173999995, -25.14004733727364], [-49.96262877299995, -25.13933211227369], [-49.962873284999944, -25.138960309273685], [-49.96288399699995, -25.138944025273666], [-49.96297897699998, -25.138463730273685], [-49.96297900199994, -25.138463633273687], [-49.96319735199995, -25.137638979273724], [-49.963350635999966, -25.13738777927375], [-49.96400912699994, -25.13697957227375], [-49.96472811799998, -25.136740036273757], [-49.96554973699995, -25.13653165727375], [-49.966282441999965, -25.13628449827373], [-49.96666476099994, -25.135972951273764], [-49.96672265299998, -25.135925771273754], [-49.966840531999935, -25.13582971127378], [-49.966944001999934, -25.135509355273747], [-49.96687131999994, -25.135164839273777], [-49.966605701999974, -25.134784802273764], [-49.96659749099996, -25.134773049273804], [-49.96659755099995, -25.134765898273766], [-49.96660019299997, -25.134451996273754], [-49.96682942399997, -25.13415545227378], [-49.96720904199998, -25.133951689273783], [-49.96775937299998, -25.133515309273793], [-49.96786846499998, -25.13342880727381], [-49.96805147599997, -25.1330770542738], [-49.96805228799997, -25.133075493273832], [-49.96820135699994, -25.1327889722738], [-49.96845750899996, -25.13228620727386], [-49.96849957599994, -25.132248491273856], [-49.96876212099994, -25.132013117273864], [-49.96924172399997, -25.131901786273833], [-49.96994862299993, -25.131723227273827], [-49.97037850999994, -25.131492471273823], [-49.970388397999955, -25.131487160273824], [-49.97058129499993, -25.13138361527383], [-49.971039349999955, -25.130836377273873], [-49.97124491699998, -25.13035619427385], [-49.97119683999994, -25.130080651273868], [-49.97114253799998, -25.12938711527391], [-49.97112856599994, -25.12920868527391], [-49.97098299099997, -25.128542584273895], [-49.97093626299994, -25.128106515273906], [-49.97104979699998, -25.12767241127395], [-49.971052380999936, -25.127662535273917], [-49.97129469499998, -25.12742098327394], [-49.972082127999954, -25.126646687273936], [-49.97246458999996, -25.126098923273968], [-49.972495917999936, -25.125365252273937], [-49.97244822599998, -25.125043842273982], [-49.972294774999966, -25.124854593273966], [-49.97199940699994, -25.124490311274013], [-49.97165097199996, -25.123983347274017], [-49.97150674399995, -25.123156720273986], [-49.971519575999935, -25.122745558274023], [-49.97151998299994, -25.12273250427401], [-49.97167072499996, -25.122106737274052], [-49.97177092399994, -25.121690777274054], [-49.97164843399998, -25.121277113274047], [-49.97155170899998, -25.120794825274064], [-49.97118001399997, -25.120058355274086], [-49.970329927999956, -25.11929563127408], [-49.97020978099994, -25.119013101274103], [-49.970205570999944, -25.119003195274093], [-49.97025056599994, -25.1186237912741], [-49.97018877799996, -25.118571861274116], [-49.970524294999954, -25.117678243274117], [-49.97086130699995, -25.116605446274182], [-49.97086830999996, -25.115769275274204], [-49.97061241099994, -25.114991010274206], [-49.971471710999936, -25.114220484274224], [-49.97210326799995, -25.11403366827423], [-49.97213765599997, -25.113987470274235], [-49.97243924399998, -25.113766276274223], [-49.97297402899994, -25.113374048274235], [-49.97366149199996, -25.11281623227422], [-49.97373752899995, -25.112754532274213], [-49.97469731699994, -25.11212459927425], [-49.974897650999935, -25.11202448027423], [-49.974909724999975, -25.112018443274255], [-49.97555732399997, -25.111694795274243], [-49.97679647399997, -25.11110706427427], [-49.97732885999994, -25.11049448027426], [-49.97753797099995, -25.10978200227431], [-49.977617530999964, -25.109300933274337], [-49.97779956399995, -25.108614164274318], [-49.97801401199995, -25.108312403274326], [-49.978156371999944, -25.108112072274345], [-49.97889116899995, -25.107589648274377], [-49.97952618499993, -25.10746081627434], [-49.97987515999995, -25.107390013274372], [-49.980530957999974, -25.10727985427435], [-49.981208690999956, -25.107237325274358], [-49.981514377999986, -25.10714900527433], [-49.981667393999935, -25.106920718274363], [-49.98212511999998, -25.10639637527438], [-49.98272103499994, -25.106071632274364], [-49.98389309499998, -25.105812211274362], [-49.98436695099997, -25.105692438274367], [-49.98459982799994, -25.105633577274425], [-49.98502969799995, -25.105430112274394], [-49.98543305599998, -25.10538700527439], [-49.98585887699994, -25.105508339274408], [-49.98586126899994, -25.10550644927439], [-49.98626590299995, -25.105186293274404], [-49.986378523999974, -25.104955192274417], [-49.98652210999995, -25.10466055827442], [-49.986474762999926, -25.104293287274412], [-49.98632648699999, -25.10409957927444], [-49.986320802999956, -25.104092151274436], [-49.98630590399995, -25.10408234627444], [-49.98609981199996, -25.10394671227444], [-49.98559836099997, -25.103668072274413], [-49.98507097399994, -25.103480992274434], [-49.98464395099995, -25.10334046427445], [-49.98424550499994, -25.103008965274434], [-49.98414364299998, -25.102924220274467], [-49.983817368999944, -25.10278438027444], [-49.98306218299996, -25.102733337274444], [-49.98255934399998, -25.102693234274437], [-49.982432915999944, -25.10268315127443], [-49.98200854199997, -25.102565251274473], [-49.98165406199997, -25.102448463274467], [-49.98145743699996, -25.101999340274475], [-49.98138214799997, -25.10182737527447], [-49.980883380999956, -25.101227660274464], [-49.98048479199996, -25.100697437274476], [-49.98026287799996, -25.100122554274467], [-49.97999040499997, -25.099570263274526], [-49.97966275999994, -25.09894325227454], [-49.979819214999964, -25.09869746627455], [-49.98000676199997, -25.09761475327455], [-49.980149333999975, -25.096241938274616], [-49.980419121999944, -25.095347841274616], [-49.98134381199998, -25.09457770027461], [-49.982464268999934, -25.09392835827464], [-49.982275407999964, -25.092971379274637], [-49.98202244299995, -25.091834769274648], [-49.98150416699997, -25.091054719274673], [-49.981054945999965, -25.089857029274725], [-49.98106137599996, -25.08908058127473], [-49.98146330099996, -25.08806792727474], [-49.98199540099995, -25.087175624274764], [-49.982855420999954, -25.086285568274825], [-49.98371542799998, -25.085395506274786], [-49.98385497999994, -25.08438104727484], [-49.98412717699995, -25.083188304274874], [-49.98433082899992, -25.082353473274864], [-49.98434071999997, -25.081154763274913], [-49.98432236299993, -25.081093795274896], [-49.98431907899993, -25.081090735274913], [-49.983849060999944, -25.08065309227493], [-49.98317163399997, -25.08035030627492], [-49.98234065599996, -25.08034461327492], [-49.98118176399999, -25.08040546227495], [-49.98050225299993, -25.08035492927491], [-49.97981504799998, -25.080286291274945], [-49.97953737299998, -25.0802585552749], [-49.979269331999944, -25.080231781274914], [-49.97841431999996, -25.0800882952749], [-49.97700033799999, -25.079760874274953], [-49.97728498299994, -25.079703667274952], [-49.976811123999944, -25.07961395427494], [-49.978326934999984, -25.07872844227493], [-49.97971156299996, -25.07784201327497], [-49.981029602999975, -25.07707457427502], [-49.981428025999946, -25.07648000627497], [-49.98182693899998, -25.075825709275012], [-49.98157104399996, -25.075047459275037], [-49.98150941699999, -25.07456919327503], [-49.981580924999946, -25.073852919275083], [-49.981721466999936, -25.072719006275054], [-49.981665767999964, -25.07152401727509], [-49.98193745899994, -25.0703910032751], [-49.982074042999955, -25.06973490527514], [-49.98208144899996, -25.06883900027516], [-49.98189163299997, -25.068001472275213], [-49.98186048399998, -25.0679618372752], [-49.98169638899998, -25.0678209412752], [-49.98111213999994, -25.067100168275203], [-49.98045935699998, -25.066737304275204], [-49.98046627799994, -25.065901125275246], [-49.98041633499997, -25.065773026275252], [-49.980142858999955, -25.06536133127523], [-49.978959060999955, -25.065771308275234], [-49.977906404999935, -25.066182177275227], [-49.977443913999934, -25.066597105275218], [-49.97611161699996, -25.066991424275205], [-49.97505390099997, -25.067152292275182], [-49.97505071099993, -25.067152777275222], [-49.975048775999944, -25.06715307327522], [-49.973636082999974, -25.06723510027518], [-49.97351531399994, -25.0672342652752], [-49.97288073399994, -25.06722987927519], [-49.97194913799995, -25.067223428275213], [-49.97173833199997, -25.0672075612752], [-49.970942580999974, -25.06714765427517], [-49.970189723999965, -25.066844289275206], [-49.96984068499995, -25.06642905327523], [-49.96941841399996, -25.065738093275268], [-49.96933877799995, -25.065502385275217], [-49.969256600999984, -25.065405613275214], [-49.96887015799996, -25.06456670527524], [-49.96841664599998, -25.06390652227527], [-49.96796414199997, -25.06312688327526], [-49.967246848999935, -25.062644054275303], [-49.96671726099998, -25.063237672275275], [-49.96592738299995, -25.063590555275276], [-49.96514251599996, -25.063346165275302], [-49.964754099999936, -25.06274615527528], [-49.96430463599996, -25.06160814627533], [-49.96470810399995, -25.060416354275354], [-49.96477819099994, -25.05987927027534], [-49.964456863999935, -25.05910053727536], [-49.96400440099996, -25.0583208872754], [-49.963289663999944, -25.057539406275424], [-49.96284073399994, -25.056341665275447], [-49.96199739499997, -25.055260628275473], [-49.962528477999975, -25.05448784627547], [-49.96266665199994, -25.053652586275447], [-49.963064577999944, -25.053117792275497], [-49.96307261899994, -25.05216216427553], [-49.96327534699998, -25.051446815275526], [-49.96354163099994, -25.050970831275546], [-49.96492152599995, -25.05062207127554], [-49.96502056899993, -25.050577820275528], [-49.965089270999954, -25.050485984275564], [-49.96577622799998, -25.049470096275602], [-49.965803569999935, -25.049429659275553], [-49.965832295999974, -25.049293462275596], [-49.965987102999975, -25.048559436275582], [-49.965866425999934, -25.0479393732756], [-49.965705209999946, -25.047702394275582], [-49.96550184399996, -25.047403461275643], [-49.965042412999935, -25.047130934275597], [-49.964464566999936, -25.046989304275623], [-49.96360864199993, -25.046983332275634], [-49.96297929199994, -25.046978942275622], [-49.96229978499996, -25.046951261275606], [-49.96180066499994, -25.046898412275617], [-49.961709402999986, -25.046810376275605], [-49.96148120299995, -25.046590243275638], [-49.961397189999964, -25.046509202275654], [-49.96139090099996, -25.046373815275647], [-49.961375877999956, -25.046050368275623], [-49.961303836999946, -25.045637047275655], [-49.96132219199995, -25.04556109227564], [-49.961359786999935, -25.04540552827563], [-49.96148642799995, -25.044881496275657], [-49.96184503699994, -25.044150106275683], [-49.96218771699994, -25.043805423275696], [-49.962856992999946, -25.04356088327567], [-49.96330323799998, -25.043475446275675], [-49.963716534999946, -25.043396313275693], [-49.964243842999956, -25.043295349275684], [-49.96517871999998, -25.042889043275697], [-49.96566393599994, -25.042066791275737], [-49.96568591099997, -25.04177361527573], [-49.96572063099996, -25.041310355275733], [-49.965522903999954, -25.040873227275757], [-49.96547717499993, -25.040322486275784], [-49.96548240199996, -25.039818194275774], [-49.96548250699993, -25.03980820827577], [-49.96550095499998, -25.039777622275793], [-49.965889939999954, -25.039132779275775], [-49.966247735999964, -25.038493108275794], [-49.966303848999985, -25.037805470275828], [-49.96621007799996, -25.03697918127586], [-49.966099051999954, -25.03616425027585], [-49.96616992799994, -25.03576338627588], [-49.96613468299995, -25.035036155275854], [-49.966132227999935, -25.034985506275856], [-49.96613404199996, -25.03495859627589], [-49.96615397999995, -25.034662431275883], [-49.96608591799998, -25.034396658275913], [-49.966085849999956, -25.034396392275895], [-49.96598335399994, -25.033996149275893], [-49.96588466899994, -25.033231672275893], [-49.96617435399997, -25.032231535275965], [-49.96624399199993, -25.03202577327596], [-49.96625606799996, -25.031990087275904], [-49.966561523999985, -25.03108751327598], [-49.96661510399997, -25.030267566275985], [-49.966618395999944, -25.030217200275995], [-49.966825716999956, -25.029598622276005], [-49.96670351799997, -25.02916202027598], [-49.96666684699995, -25.029080083275982], [-49.966456420999975, -25.02860987927603], [-49.966076105999946, -25.028176597276033], [-49.965203672999955, -25.027913133276034], [-49.96501458999995, -25.027895131276043], [-49.964423972999946, -25.02783890027602], [-49.96341736199997, -25.02780894927603], [-49.962966637999955, -25.02780580227606], [-49.96271259499998, -25.027804029276048], [-49.96263859899995, -25.027810035276023], [-49.962500890999934, -25.02782120827604], [-49.96193173899997, -25.027867384276057], [-49.96165847299995, -25.027823600276033], [-49.96160643099995, -25.027815263276032], [-49.961601927999936, -25.02781454027602], [-49.96117586499997, -25.02795383927603], [-49.96087169699996, -25.028203990276005], [-49.96059077499996, -25.028453670276022], [-49.96011079199997, -25.028886693275986], [-49.95973246199998, -25.028975785275986], [-49.95930495199997, -25.028926922276025], [-49.959264751999974, -25.02888352227598], [-49.959005615999956, -25.028603747276023], [-49.959010065999955, -25.028076289276015], [-49.958913448999965, -25.027593994276046], [-49.95886768599997, -25.02752327127602], [-49.958775343999946, -25.02738057227604], [-49.958689823999975, -25.027248412276034], [-49.958101229999954, -25.026855993276055], [-49.958064057999934, -25.02683121427605], [-49.95756220699997, -25.026644218276026], [-49.95726232699997, -25.026668615276048], [-49.957257595999984, -25.026669005276066], [-49.95725756799993, -25.02666901327603], [-49.95685575799996, -25.026839936276076], [-49.95621680199998, -25.027147649276056], [-49.95619861999996, -25.027156402276017], [-49.955798899999934, -25.02744248327604], [-49.955363156999965, -25.027723890276008], [-49.955033808999985, -25.027973852276013], [-49.95445081799994, -25.028451370276017], [-49.95407112399994, -25.028700977276024], [-49.953615180999975, -25.028836812275994], [-49.95250862299997, -25.02891931527598], [-49.95219814099994, -25.028968491275975], [-49.95195409499996, -25.029007142275997], [-49.951373228999955, -25.02923238727601], [-49.95116742899995, -25.02934578227598], [-49.95104445399994, -25.029413540275982], [-49.95079060199999, -25.029664026276002], [-49.950756851999984, -25.029963301275966], [-49.95075743899997, -25.03060409727599], [-49.95080480099994, -25.030923839275967], [-49.95080504699996, -25.03092551227595], [-49.950804963999985, -25.03092712427595], [-49.95078597299994, -25.03129408827598], [-49.95006924499995, -25.031608340275973], [-49.94964016599994, -25.031742916275967], [-49.94945318999999, -25.031810782275965], [-49.948958405999974, -25.03199037127592], [-49.94835234799996, -25.03221542627596], [-49.94772307199998, -25.03221097227594], [-49.94744794199995, -25.032212861275916], [-49.947446980999985, -25.032212451275928], [-49.94656834299997, -25.03183584327594], [-49.94634356699998, -25.03162784127597], [-49.94604121099996, -25.03115874627595], [-49.94582458299994, -25.03050038427601], [-49.94570598299998, -25.029650978275974], [-49.94573820399996, -25.028825574275977], [-49.94578607899996, -25.028564855276006], [-49.945840214999976, -25.028270045275995], [-49.945260559999944, -25.028753383276023], [-49.94470563999994, -25.028887049276037], [-49.94422701199995, -25.028929517275976], [-49.943398357999975, -25.028694289276032], [-49.94270725699994, -25.028498919276004], [-49.94174302699997, -25.027994486276018], [-49.94094348999994, -25.027300765276024], [-49.94044560699996, -25.026655058276052], [-49.94015869699996, -25.026389527276073], [-49.940122659999986, -25.02635617427603], [-49.93995828999994, -25.026204047276064], [-49.93992118099993, -25.026169700276064], [-49.939880022999944, -25.026143175276065], [-49.93934543299997, -25.02579864727609], [-49.938620251999964, -25.025243051276085], [-49.93835617399998, -25.025001622276104], [-49.93774879299997, -25.02413598627612], [-49.93717286299995, -25.02378785527611], [-49.936595951999955, -25.02355438727614], [-49.936017655999926, -25.023481447276097], [-49.93544114199994, -25.02320210827613], [-49.93524295299994, -25.022833741276113], [-49.935212444999934, -25.02277854827613], [-49.93500306199997, -25.022399725276134], [-49.93477206999995, -25.021981803276148], [-49.93424788399994, -25.02147349627614], [-49.93375330199996, -25.021121169276167], [-49.933597458999934, -25.0210101452762], [-49.93297062499994, -25.02073043927619], [-49.93231847599998, -25.02049967427617], [-49.932242920999954, -25.02047293627619], [-49.93219634299992, -25.020454350276193], [-49.93154058599998, -25.02019268227617], [-49.93132191099994, -25.02016717527621], [-49.93091197799998, -25.020119357276165], [-49.930182688999935, -25.020045308276185], [-49.92935253199994, -25.019993465276197], [-49.92848961299995, -25.019992663276213], [-49.92847652699999, -25.019992651276166], [-49.929708466999955, -25.019583214276203], [-49.930063806999954, -25.01924176127623], [-49.93011741199996, -25.019069996276233], [-49.93027091399995, -25.01857815727623], [-49.93027919699995, -25.018498679276203], [-49.930325821999986, -25.01805106927624], [-49.93065657799997, -25.017640632276223], [-49.93144611399998, -25.016568402276263], [-49.931399970999955, -25.016086722276267], [-49.93139994799998, -25.016086454276262], [-49.93120317299997, -25.01555755327628], [-49.93118137099997, -25.01553357827631], [-49.93080427099994, -25.015118932276284], [-49.930324998999936, -25.0148227862763], [-49.93020342899995, -25.014747666276293], [-49.92998873199997, -25.01464790627633], [-49.929984658999956, -25.01464601427633], [-49.92960180299997, -25.0144681252763], [-49.92927642199993, -25.01425937727633], [-49.928890674999934, -25.013996878276306], [-49.929558826999944, -25.013619254276357], [-49.93016830999994, -25.013205824276326], [-49.93017852899993, -25.013198893276353], [-49.93049556799997, -25.01298383327634], [-49.93097680699998, -25.012506778276382], [-49.93097790699994, -25.012505684276356], [-49.93113188899997, -25.01216277827634], [-49.931061461999946, -25.011919948276354], [-49.93105856899996, -25.011909979276336], [-49.931036412999966, -25.011872573276356], [-49.93078571099995, -25.011449330276363], [-49.93053801899998, -25.01098886827638], [-49.93050143399995, -25.01058617227642], [-49.930564266999966, -25.01042374627639], [-49.93059391099996, -25.0103471082764], [-49.93085053799995, -25.009775600276395], [-49.931138793999935, -25.009225454276446], [-49.93117417099995, -25.009157934276434], [-49.93119049599994, -25.00914346827644], [-49.93199471899993, -25.008430706276425], [-49.932225776999985, -25.007904878276456], [-49.932429676999966, -25.00760819727645], [-49.93240780699995, -25.007424347276487], [-49.93240708699994, -25.007418299276495], [-49.93223172299997, -25.00721689227648], [-49.93180350899996, -25.007259687276484], [-49.93157661999993, -25.00730392327643], [-49.93107231299995, -25.00741497527645], [-49.93071959599996, -25.00745830627649], [-49.930662438999946, -25.007460958276457], [-49.92986356399996, -25.00749801527645], [-49.92915872199995, -25.00751587527646], [-49.92865730099993, -25.007593572276456], [-49.928653193999935, -25.007594209276483], [-49.928864094999945, -25.006665189276493], [-49.929120919999946, -25.006070751276503], [-49.92929692799998, -25.005795136276486], [-49.92942708099997, -25.005591338276506], [-49.92950714599993, -25.00506442827652], [-49.92943463499995, -25.004719891276526], [-49.929184970999984, -25.004488752276547], [-49.92865852199998, -25.004207818276505], [-49.92864783999994, -25.004202117276545], [-49.92869041999995, -25.00347608627656], [-49.928545198999984, -25.002809945276557], [-49.92827315999994, -25.00225756827655], [-49.92744288799997, -25.001760822276616], [-49.927799411999956, -25.0017496002766], [-49.92863083799994, -25.001640921276614], [-49.92913488799996, -25.00146807027661], [-49.929576034999975, -25.00001939527662], [-49.929772903999954, -24.99972565527662], [-49.92977302599996, -24.999725476276637], [-49.92995846499997, -24.999448790276634], [-49.93082099099996, -24.99865229627667], [-49.93110973699998, -24.998150392276642], [-49.931280884999985, -24.997852901276673], [-49.931350375999955, -24.997292239276703], [-49.93135121599994, -24.9972854722767], [-49.93098982999993, -24.99658942627668], [-49.93082939099997, -24.99632462027667], [-49.93076653299994, -24.996220876276663], [-49.93076046699997, -24.99608164327671], [-49.93074553799994, -24.995739104276677], [-49.93049886999995, -24.99516397427674], [-49.93037988699995, -24.995103219276743], [-49.92999778899997, -24.994908095276735], [-49.92947055299992, -24.99476669627671], [-49.92932616999997, -24.99472167727673], [-49.92894351499996, -24.994602366276755], [-49.92892525599996, -24.994591409276715], [-49.928785536999946, -24.994507578276735], [-49.92851792999994, -24.994347026276728], [-49.928278897999974, -24.99405173027675], [-49.92790959499995, -24.993795119276754], [-49.92725839399998, -24.99331258227678], [-49.92700040399996, -24.992832879276794], [-49.926219181999954, -24.99222994027678], [-49.92596171799994, -24.991690508276804], [-49.92583687999996, -24.990972843276797], [-49.92577601799997, -24.990434831276815], [-49.92552011699996, -24.989716219276826], [-49.925125881999975, -24.989832832276864], [-49.924273437999936, -24.989886402276834], [-49.92354841599996, -24.99035900227685], [-49.92282234899994, -24.99095104927684], [-49.92275836999994, -24.990991180276826], [-49.92262366699999, -24.991188532276805], [-49.92229235399998, -24.991604245276793], [-49.92189394199994, -24.99219866227678], [-49.92143051399996, -24.992732875276754], [-49.920578569999975, -24.992726696276772], [-49.91966422499996, -24.99236167827676], [-49.91939476099998, -24.99222267027681], [-49.91931262499997, -24.992219300276805], [-49.91930773299998, -24.992219099276777], [-49.91922566399995, -24.99221573327679], [-49.918924714999946, -24.99209887527677], [-49.918600209999966, -24.991798372276772], [-49.917772456999955, -24.991494209276762], [-49.917242442999964, -24.99167382727677], [-49.91713729899993, -24.99172672827677], [-49.916838034999955, -24.991877293276783], [-49.91605578399998, -24.992123870276764], [-49.91545188399994, -24.992119470276805], [-49.91474027299994, -24.99202079327677], [-49.91474019499998, -24.992020787276758], [-49.91369252599998, -24.991877293276783], [-49.91311358699995, -24.99189599827678], [-49.912079099999964, -24.99220951527678], [-49.91202137999994, -24.992232395276783], [-49.91201361499998, -24.992235472276768], [-49.91117001899994, -24.992569811276752], [-49.910001256999976, -24.993067359276758], [-49.909690628999954, -24.993199592276742], [-49.90968420599995, -24.993202325276766], [-49.90952817999993, -24.99326874527676], [-49.908006602999926, -24.993746914276773], [-49.908005393999986, -24.993747292276748], [-49.90788794199994, -24.993784202276757], [-49.90692749799996, -24.994258767276737], [-49.90675019499997, -24.99442571627674], [-49.90675004199994, -24.99442586227673], [-49.90641997899997, -24.994736650276764], [-49.90599373799995, -24.995091570276696], [-49.905710133999946, -24.995327717276695], [-49.90504988199996, -24.995605947276687], [-49.90480081099998, -24.99571090627669], [-49.90356594499997, -24.996185622276723], [-49.90351301199996, -24.99620597127667], [-49.903038074999984, -24.996412790276693], [-49.902911046999975, -24.996468108276712], [-49.90247724599993, -24.9966570152767], [-49.901911593999955, -24.996744768276706], [-49.90177165199997, -24.996766480276683], [-49.90086373199995, -24.99698911527668], [-49.89973833399995, -24.99739565327666], [-49.89953453099997, -24.997469272276692], [-49.89913035099993, -24.99761527727667], [-49.89912173699997, -24.99761838727668], [-49.89906730699994, -24.997646570276675], [-49.898578946999976, -24.997702236276663], [-49.897463229999964, -24.99787316127666], [-49.89648071899995, -24.99780614627666], [-49.89543106999997, -24.997917816276683], [-49.89411392899996, -24.998624787276665], [-49.89299338399996, -24.99933321127664], [-49.89225131599994, -25.000100759276616], [-49.89222990799994, -25.000044103276643], [-49.89218451499995, -24.99949334927663], [-49.892268024999964, -24.99859954227665], [-49.892325754999945, -24.997774346276678], [-49.89231579699999, -24.99757855627665], [-49.89242282599997, -24.997178690276655], [-49.89249639199994, -24.996283290276683], [-49.89224067599997, -24.9955646272767], [-49.89211656699996, -24.994787215276737], [-49.891531577999956, -24.994245289276765], [-49.89068231299996, -24.99394030927676], [-49.89002858199995, -24.993756244276724], [-49.89016769499994, -24.99286133427675], [-49.890307846999974, -24.992407645276767], [-49.890211127999976, -24.992254415276804], [-49.89001415699994, -24.99177133127676], [-49.88974231699996, -24.99121888427682], [-49.889772834999974, -24.99062282827682], [-49.890030015999976, -24.99000552527682], [-49.89028045099997, -24.989532253276863], [-49.890465176999946, -24.989183147276837], [-49.89096209699994, -24.988631707276856], [-49.89096569999998, -24.988627711276887], [-49.89099892499996, -24.98859084127685], [-49.89178304799998, -24.988138001276887], [-49.89221223299996, -24.98798065927686], [-49.89289220399996, -24.98791691727686], [-49.89332035999997, -24.987874236276888], [-49.89345165299995, -24.987896358276856], [-49.89397932099996, -24.98798527927689], [-49.89417461999995, -24.988018189276854], [-49.89488269599997, -24.988023449276884], [-49.894965587999934, -24.988024065276893], [-49.895357210999975, -24.988026970276877], [-49.896133292999934, -24.988069977276858], [-49.89625079799998, -24.98807649027687], [-49.896312939999966, -24.988079931276864], [-49.89716550599996, -24.98820011027689], [-49.89734333399997, -24.988225175276874], [-49.89748269699993, -24.988226207276874], [-49.898098180999966, -24.988230766276864], [-49.89865336899993, -24.988051405276877], [-49.89902631699994, -24.98781275627688], [-49.89918482599995, -24.987711324276887], [-49.89932818399995, -24.98741639127687], [-49.89951804999998, -24.987025769276883], [-49.89960287099995, -24.986637087276893], [-49.89962003299996, -24.986558445276902], [-49.89962298199998, -24.98654492727689], [-49.89967942999993, -24.98585731927694], [-49.899641903999964, -24.985686221276932], [-49.89955852199995, -24.985306009276904], [-49.89927410399997, -24.984776852276966], [-49.899236737999956, -24.984707342276952], [-49.89916072499995, -24.984607170276927], [-49.89915283999995, -24.98459677827695], [-49.89876419999996, -24.984084625276967], [-49.89856658499997, -24.983733873276947], [-49.89849172399994, -24.98360099027695], [-49.89852178399997, -24.983050795276956], [-49.898617969999975, -24.982747207277008], [-49.89870301699994, -24.98247878127696], [-49.89885928999996, -24.981883650277023], [-49.89897322999997, -24.981404670277012], [-49.89898999199994, -24.981334199276986], [-49.89902537699994, -24.981256619277012], [-49.899191691999924, -24.980891988277], [-49.899323606999985, -24.980602776277017], [-49.89970753599993, -24.979871722277064], [-49.89978913699997, -24.979184301277062], [-49.89954774599994, -24.978035811277103], [-49.89942868299995, -24.97727810327707], [-49.89933624299994, -24.977000582277103], [-49.89906109299994, -24.976174548277122], [-49.89899694799993, -24.9757510762771], [-49.89898621399994, -24.97568019827713], [-49.89891850899994, -24.975233192277138], [-49.89883330899994, -24.97395626127716], [-49.89882971199995, -24.973902353277182], [-49.89884683399999, -24.9736814362772], [-49.89885924099996, -24.9735214262772], [-49.898914987999945, -24.97280214627722], [-49.89901867799995, -24.972313915277198], [-49.89903142299993, -24.97225390527719], [-49.89917759599996, -24.97156564227723], [-49.89956251299997, -24.970719924277248], [-49.90028557899995, -24.96936820327728], [-49.900381231999965, -24.969189385277296], [-49.900919728999945, -24.968046654277302], [-49.90145455199996, -24.967316706277302], [-49.90166404299998, -24.96719476527733], [-49.901960343999974, -24.967022292277306], [-49.902644271999975, -24.96649984827732], [-49.90281970999995, -24.966220836277348], [-49.90297798499995, -24.96596912227735], [-49.903103604999956, -24.965769338277354], [-49.90320952099996, -24.965173831277347], [-49.90316652499996, -24.964347883277355], [-49.903129028999956, -24.9637641502774], [-49.90312230799997, -24.963659532277383], [-49.902847061999985, -24.963087454277375], [-49.90280116799994, -24.962992071277405], [-49.90235160499998, -24.962621810277415], [-49.90217981499996, -24.9625279802774], [-49.901925983999945, -24.962389333277425], [-49.90122201299993, -24.96233827327739], [-49.90081185099995, -24.962335246277405], [-49.900542791999946, -24.962333260277433], [-49.90014252899993, -24.96207802627742], [-49.90003443799998, -24.96189947427741], [-49.899919386999954, -24.961709431277434], [-49.89984799499996, -24.961250219277435], [-49.89987661899994, -24.96086055327745], [-49.900066471999935, -24.960512482277448], [-49.90034714199993, -24.95999791727746], [-49.90036252799996, -24.95996970827746], [-49.90037828299995, -24.95993064227746], [-49.90085128399994, -24.95875780327749], [-49.901133698999956, -24.958117728277532], [-49.901184128999944, -24.95786338727752], [-49.90126537499998, -24.95745360727754], [-49.90127331599995, -24.95655923327752], [-49.90117880299994, -24.955870507277574], [-49.900873904999976, -24.955033023277544], [-49.90073072699994, -24.9547124672776], [-49.90047291599995, -24.954232721277602], [-49.90034772499995, -24.95357476427758], [-49.90008726499996, -24.953393650277594], [-49.89929792399994, -24.95374620127758], [-49.89798819599997, -24.95367678727758], [-49.897400707999964, -24.95343351827758], [-49.89682593899994, -24.953166175277627], [-49.89660119499996, -24.952946955277607], [-49.896254960999954, -24.95227930027765], [-49.89573326799996, -24.951541538277638], [-49.89500748199998, -24.951123341277658], [-49.89416584199995, -24.950967012277673], [-49.89416186299997, -24.950966271277657], [-49.89415977899995, -24.95096588627764], [-49.89375059999998, -24.951022276277627], [-49.89321881199998, -24.95136887327766], [-49.893193934999935, -24.95138508927767], [-49.892973371999965, -24.951617786277662], [-49.89276221499995, -24.951840564277624], [-49.89253070199993, -24.952412196277617], [-49.89267218899994, -24.953468220277628], [-49.89272801299995, -24.954251440277577], [-49.89273923999996, -24.954409021277563], [-49.89273267999994, -24.95514286727754], [-49.89252754499996, -24.95557708927756], [-49.89240975299998, -24.955707071277544], [-49.89223658199995, -24.95589817027754], [-49.892197246999956, -24.95594158027753], [-49.892102990999945, -24.95598878527756], [-49.89207109399995, -24.95600475827754], [-49.89159123899998, -24.956245068277557], [-49.89156549699993, -24.956257958277554], [-49.89136204999994, -24.95635493927756], [-49.89118652999998, -24.95643860927755], [-49.89080961399998, -24.956389936277574], [-49.890737025999954, -24.95606831827753], [-49.890741160999944, -24.955607234277547], [-49.89074195499995, -24.955517932277566], [-49.89066895899999, -24.955242181277562], [-49.89064106699993, -24.955214339277543], [-49.89034482799997, -24.954918688277573], [-49.890043996999964, -24.95480177527757], [-49.88959121099998, -24.954798400277568], [-49.88911244799993, -24.954886566277587], [-49.88886265599996, -24.955044541277562], [-49.888682347999975, -24.95515856927759], [-49.88815511699995, -24.955743800277574], [-49.88814874399997, -24.95575087527758], [-49.887638023999955, -24.956595624277554], [-49.88763214299996, -24.956609411277565], [-49.88735533499994, -24.957258603277513], [-49.88710541599993, -24.95749673927752], [-49.886732662999975, -24.957851912277512], [-49.88671654399997, -24.957867273277518], [-49.886543354999965, -24.9580322942775], [-49.88591055499995, -24.958463311277473], [-49.88563198799994, -24.95866763227749], [-49.88517960099995, -24.95861837727752], [-49.88455133399997, -24.958544870277503], [-49.884049879999964, -24.958357642277488], [-49.88339687399997, -24.958238078277503], [-49.88258565899997, -24.958334597277506], [-49.882496422999964, -24.958345213277504], [-49.88249024699997, -24.9583459502775], [-49.88235943299998, -24.958421731277515], [-49.88206032699998, -24.958594997277505], [-49.881678642999994, -24.959073750277476], [-49.88121817599994, -24.959918852277497], [-49.88116045999993, -24.960009192277468], [-49.88075902399999, -24.96063754227747], [-49.88070780299996, -24.96071770927747], [-49.88050344399994, -24.961060186277418], [-49.88023180599998, -24.96116390427746], [-49.88009380099993, -24.961216598277446], [-49.87944316099998, -24.96146502427742], [-49.87941205499993, -24.961472872277405], [-49.87895108299995, -24.961589194277398], [-49.87895089399995, -24.96158924127742], [-49.87891363699998, -24.961598643277416], [-49.87877365899993, -24.96163110227743], [-49.87843463599995, -24.961709706277425], [-49.87805542399997, -24.961913257277445], [-49.87804217699994, -24.961922547277425], [-49.87747308999997, -24.962321680277395], [-49.876917575999975, -24.962546832277436], [-49.87677602999998, -24.96248097727744], [-49.876667054999984, -24.96243027427743], [-49.87646747399998, -24.96224529627745], [-49.876316137999936, -24.96199916627741], [-49.87626913799994, -24.961922721277418], [-49.875885381999986, -24.96112778527745], [-49.87582466099997, -24.961002004277447], [-49.87537810799995, -24.96031061027746], [-49.87517219299997, -24.960035945277443], [-49.87498041099997, -24.95978012327747], [-49.87438210099998, -24.959179318277464], [-49.87395829999997, -24.95886494827751], [-49.87388232699994, -24.9588085922775], [-49.873187990999945, -24.958677892277493], [-49.87318570599996, -24.958677463277485], [-49.87262456199995, -24.95879907927748], [-49.87219504099994, -24.95900223127746], [-49.87191582099996, -24.959275326277478], [-49.871775642999985, -24.959401009277478], [-49.87140852999994, -24.95973016127749], [-49.87082346599994, -24.960436685277475], [-49.870364593999966, -24.961098290277423], [-49.870217486999934, -24.961295865277435], [-49.86990613399996, -24.961714031277445], [-49.86972830599995, -24.961930249277444], [-49.86919380699993, -24.962580118277405], [-49.86856050299997, -24.963056921277406], [-49.867676047999964, -24.96348594527737], [-49.86681989199997, -24.963571168277397], [-49.866418023999984, -24.963499309277417], [-49.866214501999934, -24.96339704627739], [-49.86620333399998, -24.96339143327741], [-49.86619873299997, -24.963389122277384], [-49.86619597099997, -24.963387734277404], [-49.86618344999994, -24.96335282827742], [-49.86602098499997, -24.962900001277422], [-49.865878246999955, -24.962004487277405], [-49.865582890999974, -24.961291282277465], [-49.86503472299996, -24.960713753277474], [-49.864870044999975, -24.96061379627745], [-49.86461510099997, -24.96045904527749], [-49.86438425199999, -24.960318916277437], [-49.863793174999955, -24.95962065827746], [-49.86373178699995, -24.959506351277472], [-49.863446892999946, -24.958975862277512], [-49.86355509699996, -24.958151063277487], [-49.86363698599996, -24.957698159277506], [-49.86368760699998, -24.9574181842775], [-49.86359182999996, -24.956889971277523], [-49.863191667999956, -24.95663464427753], [-49.86223683699996, -24.956512681277566], [-49.86165975499995, -24.95634773427754], [-49.86164534799997, -24.956340660277544], [-49.860811824999985, -24.955931428277573], [-49.86075819399998, -24.95590509427753], [-49.86000988899997, -24.955211349277572], [-49.85933768999996, -24.95444938027759], [-49.858714960999976, -24.953779523277607], [-49.85824189799996, -24.953248415277603], [-49.85822135699994, -24.952986699277595], [-49.85822126199997, -24.95298549227763], [-49.85820905499998, -24.95282992927761], [-49.85819687299994, -24.952674721277653], [-49.858628297999985, -24.95226521727765], [-49.85870038499996, -24.95221168827765], [-49.85896259799995, -24.951232672277634], [-49.85837685599995, -24.950810076277676], [-49.85739640199995, -24.950563639277643], [-49.85715624499995, -24.950561797277675], [-49.857008536999956, -24.950601548277643], [-49.85692709799997, -24.95060092327767], [-49.85639992399996, -24.950596877277654], [-49.85600239399998, -24.95059382427764], [-49.85555217599995, -24.950315160277654], [-49.85530360599995, -24.949992172277675], [-49.85518080799994, -24.949670150277697], [-49.855084648999934, -24.949187798277695], [-49.85511853899993, -24.948788827277717], [-49.85514110499997, -24.948523146277704], [-49.85497224299996, -24.94774209327774], [-49.85469980099998, -24.947281321277757], [-49.85468526099999, -24.94726367727772], [-49.85448186799994, -24.94701689527776], [-49.85437641999994, -24.946888954277743], [-49.853976311999986, -24.946633604277718], [-49.85342613599993, -24.946285359277734], [-49.852976996999985, -24.945892025277782], [-49.852636366999945, -24.94548569627779], [-49.85249375099994, -24.94531557227778], [-49.85245453199997, -24.94526878427776], [-49.85223028399997, -24.945037714277777], [-49.85145119899994, -24.944962910277773], [-49.851360833999934, -24.944962214277812], [-49.85132543599996, -24.944961941277796], [-49.85067126399996, -24.944979832277763], [-49.85007144199995, -24.945214951277787], [-49.85004011199993, -24.945227231277798], [-49.84991924099995, -24.945376093277805], [-49.84983654699994, -24.94547793627779], [-49.84946206899997, -24.945855551277766], [-49.84943027299994, -24.94588760927775], [-49.84902403999996, -24.946320968277735], [-49.84901374699996, -24.946331949277745], [-49.84901358199994, -24.946332133277732], [-49.848608552999956, -24.946790234277774], [-49.84760488099994, -24.94672524727773], [-49.84668887999993, -24.946598699277775], [-49.845971073999976, -24.946294493277765], [-49.84465924599993, -24.94646351427775], [-49.84373767299996, -24.94693420127774], [-49.84327465399997, -24.94740844327774], [-49.84281218799998, -24.94782295927771], [-49.84254624599998, -24.9482390002777], [-49.841821178999965, -24.94871120027772], [-49.841294871999935, -24.94894602627772], [-49.84044157499994, -24.949118575277677], [-49.83985423099995, -24.948875084277688], [-49.83854740999993, -24.948506525277715], [-49.83782905499998, -24.94826200427771], [-49.83652000199999, -24.94813232727769], [-49.83560288199993, -24.948125162277684], [-49.835074317999954, -24.94859886427771], [-49.83434922399993, -24.949071028277718], [-49.833947732999945, -24.949963828277678], [-49.83341690299994, -24.950676425277685], [-49.832691790999945, -24.95114858027762], [-49.831835650999956, -24.95161970427762], [-49.831439769999974, -24.951915245277622], [-49.83019337799993, -24.95208465027764], [-49.829859614999975, -24.95273905127764], [-49.82998612199998, -24.953217880277602], [-49.83024252299998, -24.9538171872776], [-49.830235186999964, -24.954593611277566], [-49.82983251699995, -24.955605847277546], [-49.82929994599993, -24.95649760127754], [-49.82877075699997, -24.957031004277553], [-49.828043890999936, -24.9576823092775], [-49.82739367399995, -24.95826492427754], [-49.82681931299993, -24.958507253277524], [-49.82681348199997, -24.958509714277483], [-49.826810915999936, -24.958510797277505], [-49.826770605999975, -24.95849397127747], [-49.826229328999936, -24.958268021277526], [-49.82602084699994, -24.95818099327752], [-49.82552123499993, -24.957810112277496], [-49.82541632899995, -24.957705315277487], [-49.82487330399994, -24.957162855277538], [-49.82485657099994, -24.957101831277555], [-49.82470310399998, -24.95654229727752], [-49.82470872999995, -24.95652319227754], [-49.824885059999986, -24.95592452027752], [-49.82496640399995, -24.95530595227755], [-49.824940009999985, -24.95518654727758], [-49.824918898999954, -24.955091038277594], [-49.82487237399994, -24.95488054727756], [-49.82486992099996, -24.954869444277545], [-49.82459583999998, -24.95459207727758], [-49.82389283099996, -24.954448924277575], [-49.82316576399995, -24.954190911277582], [-49.82305169299997, -24.954112752277574], [-49.822470004999964, -24.953714186277587], [-49.82211605999998, -24.953471663277597], [-49.821194777999956, -24.95284960627763], [-49.821016276999956, -24.952729079277653], [-49.82067623199998, -24.95237006727761], [-49.82029402999996, -24.95196654527762], [-49.82021802899993, -24.95188320027761], [-49.819735052999924, -24.951353554277656], [-49.81947249299998, -24.95106561827766], [-49.81889744999995, -24.95083551727767], [-49.81841999799996, -24.950644465277684], [-49.81822345699993, -24.950554926277636], [-49.81776875099996, -24.95034776627769], [-49.81729292099993, -24.950130977277663], [-49.81633950999998, -24.94987113427769], [-49.81630747199995, -24.949857236277662], [-49.815667997999974, -24.94957986027769], [-49.81526231999993, -24.949403895277715], [-49.81415690899997, -24.949257499277667], [-49.813201536999934, -24.949204022277673], [-49.81263216099996, -24.94911071927769], [-49.81217180899995, -24.949035278277677], [-49.81180434199996, -24.94895067627771], [-49.81124313299995, -24.948821463277678], [-49.81115297399998, -24.948753721277686], [-49.81019420999996, -24.948033345277693], [-49.80979805299995, -24.94751041127771], [-49.809722263999966, -24.947410363277726], [-49.809191237999975, -24.94664755727773], [-49.80917640599995, -24.946626252277767], [-49.80895988599997, -24.94622262927777], [-49.80895971899997, -24.946222320277748], [-49.808958451999956, -24.94621996127773], [-49.808781026999945, -24.94588921227774], [-49.808188780999956, -24.94528326227779], [-49.80780958399998, -24.94489528727777], [-49.80708790799997, -24.944086830277787], [-49.80684885499994, -24.94392955127778], [-49.806488022999986, -24.943692152277826], [-49.80568559999995, -24.943433452277812], [-49.80514391799994, -24.94305497827782], [-49.80514200299996, -24.94305364327785], [-49.80513976699996, -24.94305019527782], [-49.80486333999994, -24.942624177277843], [-49.80478662599996, -24.942154409277833], [-49.804785679999945, -24.942148616277823], [-49.80472083999995, -24.94175155027787], [-49.80442655099994, -24.94096944427787], [-49.80400451799995, -24.94039271227786], [-49.803585012999974, -24.940144550277882], [-49.80345429599998, -24.940067220277875], [-49.80282690299998, -24.939918846277877], [-49.80275162199996, -24.93990104127791], [-49.80253050099998, -24.939787477277914], [-49.80215528599995, -24.93959477327787], [-49.80202685699994, -24.939528814277914], [-49.80202579299999, -24.939528267277897], [-49.80112702199995, -24.938833026277887], [-49.800964912999966, -24.938651398277944], [-49.800459761999946, -24.938085420277957], [-49.80040542699993, -24.93802453927793], [-49.800023763999945, -24.937517938277963], [-49.79971009799994, -24.937101591277965], [-49.799366658999986, -24.936204405277955], [-49.79929622599997, -24.936106207277973], [-49.798969591999935, -24.935650797278008], [-49.79887277499995, -24.93526014327802], [-49.79885362499993, -24.934640781278016], [-49.79898959999997, -24.933586921278025], [-49.79899258199999, -24.933279250278012], [-49.79899515699998, -24.933013624278026], [-49.799145403999944, -24.93281200727801], [-49.79919901799996, -24.93274006127803], [-49.79957958899997, -24.932399122278067], [-49.79968869099997, -24.932328604278048], [-49.800035163999944, -24.93210465127806], [-49.80043844099998, -24.93201616427804], [-49.80071766999999, -24.93184126627808], [-49.800944535999975, -24.931699161278093], [-49.80115060899994, -24.93119627827807], [-49.80114829099995, -24.931186838278084], [-49.80098122099998, -24.930506900278075], [-49.80066205199995, -24.929701652278087], [-49.80002128299998, -24.928343401278116], [-49.799581491999966, -24.92700970027818], [-49.79933822799996, -24.926159193278206], [-49.799333442999966, -24.92607591627817], [-49.79933161699995, -24.926044049278204], [-49.79927366899994, -24.925034920278218], [-49.79934680299994, -24.924685672278198], [-49.799484624999934, -24.92402753127825], [-49.799697572999946, -24.922813755278273], [-49.79970401199995, -24.922148728278266], [-49.79961096899996, -24.9213682302783], [-49.799310025999944, -24.92042332027828], [-49.79929752499999, -24.92038407127828], [-49.79929695599998, -24.920383287278323], [-49.79926705099996, -24.92034230727828], [-49.79877241299994, -24.919664377278295], [-49.79859265299996, -24.919537176278304], [-49.79796455099994, -24.91909271327831], [-49.79772335999996, -24.91892204227833], [-49.79723818299993, -24.91852168827832], [-49.79688097999997, -24.918226936278327], [-49.79660066799994, -24.917995632278377], [-49.795501355999924, -24.917252874278393], [-49.79462747799994, -24.91660366727837], [-49.79446794199998, -24.916546898278398], [-49.793374411999935, -24.916157793278394], [-49.79244780799996, -24.915760416278392], [-49.79167498899994, -24.915066143278434], [-49.79099151799994, -24.914548982278447], [-49.790326956999934, -24.91404612627843], [-49.79026148999998, -24.913988245278453], [-49.78980337499996, -24.913583203278463], [-49.789359082999965, -24.913001360278447], [-49.78935125399994, -24.912991104278458], [-49.789265746999945, -24.91287912627845], [-49.78925711999995, -24.912867824278493], [-49.78840934599997, -24.91212705727848], [-49.78753576599997, -24.911454878278505], [-49.78664595999993, -24.910839657278483], [-49.786461713999984, -24.91071226427853], [-49.78598050199997, -24.910457704278503], [-49.78536095299995, -24.910129958278524], [-49.78482115799994, -24.90993667227852], [-49.78450895299994, -24.909824880278542], [-49.78400651299995, -24.90977491627852], [-49.783985077999944, -24.909781921278558], [-49.78383086399998, -24.909832312278557], [-49.78352718999998, -24.90993154327854], [-49.78342931099996, -24.91005666927854], [-49.783348927999945, -24.910159427278504], [-49.782891597999935, -24.910637305278506], [-49.782496536999986, -24.910796207278523], [-49.78249269099996, -24.910797752278494], [-49.78248982599996, -24.91079890727851], [-49.78248777999994, -24.910797975278527], [-49.781811722999976, -24.910490885278495], [-49.781262142999935, -24.91011945527853], [-49.78061063499996, -24.90988479227852], [-49.77978334499994, -24.909625756278537], [-49.77932439999995, -24.909262671278547], [-49.77910963399995, -24.909092764278565], [-49.77871314599997, -24.908471106278572], [-49.778639116999955, -24.908355035278543], [-49.77855821199995, -24.90811124627858], [-49.77839489999997, -24.907619156278567], [-49.77826960399995, -24.907440914278567], [-49.77797331999994, -24.90701942527861], [-49.77725228299994, -24.90618790227858], [-49.77706219099997, -24.905958938278612], [-49.77658131499992, -24.90537972227862], [-49.776443031999975, -24.905077981278637], [-49.77628592399997, -24.904735154278654], [-49.77631023499998, -24.904576308278624], [-49.77636655599997, -24.90420834027865], [-49.776523521999934, -24.903590417278664], [-49.776805973999956, -24.90299645727868], [-49.77708571599993, -24.902677680278664], [-49.77825268299995, -24.90163229027869], [-49.778790765999986, -24.9013114422787], [-49.779087361999984, -24.901134581278704], [-49.78004639799997, -24.900775489278715], [-49.781056385999925, -24.900348004278733], [-49.78186478199996, -24.899964731278722], [-49.78199074299994, -24.899919002278768], [-49.78365642799997, -24.899314272278758], [-49.78546735699996, -24.89864331027875], [-49.78577624999998, -24.89852886027875], [-49.78817485199994, -24.897516341278795], [-49.78833289299996, -24.89739245527883], [-49.78959376999996, -24.896404100278836], [-49.790077543999985, -24.89577435127881], [-49.79071431299997, -24.894945424278834], [-49.79178321099994, -24.893623923278856], [-49.79244881699998, -24.892964534278914], [-49.79251593799995, -24.892933077278876], [-49.79251597499996, -24.89293306127887], [-49.79335335999997, -24.892540640278924], [-49.79408511599996, -24.892197713278915], [-49.79423343399997, -24.892149869278914], [-49.795749771999965, -24.8916607462789], [-49.797642455999956, -24.89094212327891], [-49.79879759999994, -24.890364237278952], [-49.79899555199995, -24.890265206278972], [-49.79953734099996, -24.88999415627893], [-49.79981269399997, -24.88980708327898], [-49.79993217299994, -24.88972591527898], [-49.800918717999934, -24.88905565827897], [-49.801005250999935, -24.888996867278948], [-49.80118436599997, -24.888809615278973], [-49.80132008499999, -24.888667737279004], [-49.80207199399997, -24.88788167327901], [-49.80261682099996, -24.887081161279013], [-49.80286930099993, -24.886710190279032], [-49.803126289999966, -24.886332590279004], [-49.803143140999964, -24.886307827278998], [-49.803602729999966, -24.88557762627907], [-49.80389230299994, -24.884226848279077], [-49.80395491999997, -24.883673415279098], [-49.80402970299997, -24.88301245227908], [-49.80402480699996, -24.882929262279088], [-49.804066907999974, -24.88271069027909], [-49.80440002399997, -24.88211606327911], [-49.80473313699997, -24.88152143527913], [-49.805063373999985, -24.881225432279134], [-49.80546022999994, -24.880810501279175], [-49.806120118999964, -24.880278214279173], [-49.80506969399993, -24.880568457279168], [-49.80428287699994, -24.88068161627914], [-49.80349778599997, -24.880615595279117], [-49.80319840499993, -24.880521887279176], [-49.80294987499997, -24.880274659279145], [-49.80267630199995, -24.879902949279177], [-49.80262726999996, -24.87983632627918], [-49.802180075999956, -24.879282325279178], [-49.80178272699993, -24.878774589279217], [-49.80133111999999, -24.87867922927918], [-49.80092890399993, -24.8786759962792], [-49.80050154799994, -24.878672562279192], [-49.80002458299998, -24.8785999292792], [-49.79993417699996, -24.87858042027921], [-49.799631577999946, -24.878515119279225], [-49.799472643999934, -24.878480820279222], [-49.79914916699994, -24.878134212279196], [-49.799110488999986, -24.878016864279196], [-49.798999735999985, -24.8776808742792], [-49.79892935399993, -24.87746735927924], [-49.798838874999944, -24.877238324279222], [-49.79868395899996, -24.87684616927924], [-49.79818674399996, -24.876268818279254], [-49.797389434999964, -24.87552851427922], [-49.796866438999984, -24.875156945279247], [-49.79654052499995, -24.874925392279284], [-49.796116961999985, -24.87453210027926], [-49.796005356999956, -24.87436146227929], [-49.79577014299997, -24.874001824279272], [-49.79582330799997, -24.87370411227932], [-49.79608945499995, -24.873579052279297], [-49.79630314199994, -24.873478642279288], [-49.796731808999944, -24.873344494279312], [-49.79701088599995, -24.873226004279285], [-49.79726191499998, -24.873119426279313], [-49.79761671899996, -24.872824143279296], [-49.797846507999964, -24.87245905027933], [-49.79815569699997, -24.871681786279325], [-49.798237536999984, -24.87101736027932], [-49.79803286099996, -24.870510399279354], [-49.79797911999998, -24.87037728727934], [-49.79789382899997, -24.870166039279365], [-49.79818858899995, -24.870238727279364], [-49.79819737799995, -24.870240895279345], [-49.79822700099999, -24.870248203279367], [-49.798246508999966, -24.870253013279374], [-49.79847064399996, -24.870308286279354], [-49.79957577399995, -24.87040891027938], [-49.80028181999995, -24.870185246279345], [-49.80156821899994, -24.869736897279356], [-49.80216261899994, -24.869440457279364], [-49.80216903299998, -24.8694372602794], [-49.80265439999994, -24.86919519727938], [-49.803765484999985, -24.86867661927942], [-49.80434450699994, -24.86858952127943], [-49.80574290499993, -24.86868049827939], [-49.80581676899994, -24.868685305279424], [-49.805884843999934, -24.868689734279425], [-49.80595235599998, -24.8686941222794], [-49.80668409699996, -24.868699974279426], [-49.80688240999996, -24.868701559279422], [-49.807561534999934, -24.868661114279394], [-49.808110468999985, -24.868315214279402], [-49.80824439899993, -24.868230822279436], [-49.80903351899997, -24.86720508827945], [-49.809243096999985, -24.86683209027942], [-49.80925009699996, -24.866819630279426], [-49.80925310499998, -24.86682034327945], [-49.809338665999974, -24.86684057727943], [-49.809888369999946, -24.86718896827946], [-49.81051238499998, -24.867652622279437], [-49.810961548999956, -24.868000208279412], [-49.81176131099994, -24.868488190279432], [-49.81238862699996, -24.86860785027943], [-49.81304239699995, -24.868590112279435], [-49.813748406999935, -24.868366385279394], [-49.81399819499995, -24.86816164727942], [-49.81437106899994, -24.867856021279422], [-49.81463518599998, -24.867639537279405], [-49.81463996499997, -24.867626555279415], [-49.81492211199998, -24.86685986527946], [-49.81502228999995, -24.866587644279466], [-49.81538599899994, -24.86535209027949], [-49.815776580999966, -24.86393327727948], [-49.81593679099995, -24.86294838627953], [-49.81575641099994, -24.862220672279555], [-49.81564630699995, -24.86177644527956], [-49.81525506999998, -24.860626642279566], [-49.81513879099998, -24.859639556279618], [-49.81514665799995, -24.858813989279586], [-49.81518714599997, -24.858645799279643], [-49.81535603999998, -24.857944158279622], [-49.81557368299997, -24.85722590427964], [-49.81557724299995, -24.857214162279668], [-49.81602198199994, -24.85664219727968], [-49.81688483299996, -24.855777538279696], [-49.81703731199997, -24.855510034279682], [-49.81760057899999, -24.854521832279737], [-49.817662878999954, -24.85427409227971], [-49.817633070999925, -24.85390953527971], [-49.81731486599995, -24.852951336279766], [-49.81667278799995, -24.85163219327974], [-49.81602560699998, -24.850850577279772], [-49.81511546999996, -24.8501863322798], [-49.814074430999945, -24.849521043279832], [-49.81263667799993, -24.84927070427984], [-49.81185634099995, -24.848726931279852], [-49.811078294999966, -24.847944254279845], [-49.810232518999946, -24.847399952279883], [-49.81023823099997, -24.84680269827988], [-49.81018248699996, -24.845786846279868], [-49.810186484999974, -24.84536876927988], [-49.80979947599997, -24.844768388279928], [-49.80980518899998, -24.84417113427992], [-49.80948363899995, -24.843571273279917], [-49.80903232899994, -24.84285091927993], [-49.808384667999974, -24.842128996279985], [-49.80812800799999, -24.841589381279956], [-49.80799084999996, -24.84122902228001], [-49.80797550199998, -24.841212391279964], [-49.80781151299993, -24.84083727027998], [-49.807754156999984, -24.840706074279986], [-49.807883759999974, -24.840086456279995], [-49.80791219199994, -24.839950512280026], [-49.80794535599995, -24.839737762280027], [-49.80798576899996, -24.839478484280043], [-49.808019300999945, -24.839263346279992], [-49.808024135999965, -24.838758834280057], [-49.807954430999985, -24.838448797280037], [-49.80794184299999, -24.83839278528003], [-49.80773487499994, -24.837472218280066], [-49.80747108699995, -24.836908638280068], [-49.80739008499995, -24.836735574280105], [-49.80738529399997, -24.83672833428011], [-49.807191899999964, -24.836435851280097], [-49.80699217899996, -24.836296653280098], [-49.806846107999945, -24.836223367280073], [-49.80661765399998, -24.836108747280107], [-49.806341878999945, -24.835970382280102], [-49.805842577999954, -24.83562238328013], [-49.80546959399993, -24.835206591280123], [-49.80519691099993, -24.83481453328015], [-49.804973383999936, -24.83453753628014], [-49.80475268999999, -24.834368696280123], [-49.80472847599997, -24.834334913280134], [-49.804208335999924, -24.83397237328012], [-49.804084325999945, -24.83325462328016], [-49.803294938999954, -24.833666414280177], [-49.80270361399994, -24.833900598280135], [-49.80184934599998, -24.834252132280135], [-49.80073558399994, -24.834362660280124], [-49.79981470799999, -24.834833107280108], [-49.799251080999966, -24.83510781328014], [-49.799167614999924, -24.83515696828014], [-49.79863121899996, -24.835472862280103], [-49.79736782199996, -24.835946382280113], [-49.79719350399995, -24.83601171528011], [-49.79591033499997, -24.836161921280127], [-49.79548289999997, -24.83618141028007], [-49.79530979199996, -24.836180015280103], [-49.794779265999985, -24.83617573428012], [-49.79438134699996, -24.836172525280066], [-49.79412589299994, -24.836170468280105], [-49.793888637999935, -24.83622256528008], [-49.79367255699998, -24.83627001028009], [-49.79366497999995, -24.83627167528011], [-49.79362218499994, -24.836281071280105], [-49.79326515199995, -24.83642284628007], [-49.793164925999974, -24.836495304280103], [-49.79291043499996, -24.836679285280056], [-49.792459092999934, -24.837005568280052], [-49.791700295999924, -24.83750398428007], [-49.790613237999935, -24.83816027528004], [-49.79056186799994, -24.838183739280073], [-49.78952773499998, -24.83865603528006], [-49.78902261199995, -24.83881225428002], [-49.78844378499997, -24.838991263280032], [-49.78721262099998, -24.83895834128003], [-49.78586134699998, -24.838850964280034], [-49.78560540099995, -24.83883062128002], [-49.785212660999946, -24.83871085028006], [-49.78467826599996, -24.838547877280014], [-49.78442029699994, -24.83829562028002], [-49.78431578899995, -24.838193424280032], [-49.78420527499998, -24.838085353280025], [-49.783682918999936, -24.83753068728007], [-49.78333513399997, -24.837115047280058], [-49.78325483299995, -24.83705217328008], [-49.78308795499999, -24.83692151528008], [-49.78306625499994, -24.836904526280062], [-49.78260905799994, -24.836833925280065], [-49.78199707799997, -24.836866152280088], [-49.78185471499996, -24.836873649280093], [-49.78165294599995, -24.836912843280107], [-49.781174860999954, -24.837005707280063], [-49.780213893999985, -24.83711466028005], [-49.77891047499998, -24.837262432280095], [-49.778293856999944, -24.83737883128007], [-49.778062972999976, -24.837422414280056], [-49.77704725499995, -24.837614141280056], [-49.77619379899994, -24.83778232228004], [-49.77603609699997, -24.837813398280076], [-49.77525941699997, -24.837966443280067], [-49.773823617999945, -24.83829867728004], [-49.77364267499996, -24.838395742280074], [-49.77293931999998, -24.838773033280017], [-49.77241417199997, -24.839142627280008], [-49.77223069699994, -24.83927175728001], [-49.77163544699994, -24.839662617280048], [-49.77151508199995, -24.839741652280033], [-49.771496964999976, -24.83975354928002], [-49.77147180899994, -24.839770066280032], [-49.770940449999955, -24.840132637280007], [-49.77043376299997, -24.840541280280007], [-49.76985281499998, -24.840834639280008], [-49.76984833399996, -24.840835510280005], [-49.76981462699995, -24.84084205228001], [-49.76968375399997, -24.84086746628], [-49.769399559999954, -24.840922642279978], [-49.769073085999935, -24.840897021280018], [-49.76895769499998, -24.840892308280004], [-49.76870485799998, -24.840881980279967], [-49.76836965999996, -24.84086828927998], [-49.76805477899995, -24.84081429727999], [-49.76766713799998, -24.840747830279977], [-49.76696530399994, -24.84055856927997], [-49.766613022999934, -24.840601530279987], [-49.76595553799995, -24.84100891327997], [-49.76524664999994, -24.841530536280004], [-49.76453911999994, -24.841914562279946], [-49.76433830299993, -24.841889970279958], [-49.76380924699998, -24.841827590279983], [-49.76371071799997, -24.841815974279985], [-49.763324871999934, -24.84167142427998], [-49.76320992799998, -24.841628363280005], [-49.76300664699994, -24.841518708279978], [-49.762998558999975, -24.841514348280004], [-49.76273495699996, -24.841372158279967], [-49.762709229999984, -24.84135421627998], [-49.762135926999974, -24.84095439028001], [-49.761889423999946, -24.84088015227998], [-49.761808824999946, -24.84085587528002], [-49.761509492999956, -24.840765727279994], [-49.761183021999955, -24.840740089279986], [-49.761084625999956, -24.840754216280033], [-49.76089418199996, -24.84078155928002], [-49.76072998999996, -24.84080513428002], [-49.76037030899994, -24.84098870528], [-49.76033636099999, -24.841006030279996], [-49.76028191899996, -24.841025272279996], [-49.75972173499997, -24.841223211279964], [-49.75956919199996, -24.84127711227997], [-49.75948943999998, -24.84130816528], [-49.75916550299996, -24.841434297279996], [-49.75907878199996, -24.841529234279975], [-49.75900269899995, -24.84161253527998], [-49.75893680999997, -24.841684669279974], [-49.75875792299997, -24.841981323279985], [-49.758526711999934, -24.84248394627996], [-49.758407637999944, -24.84265256527997], [-49.758220796999986, -24.84291714727997], [-49.75786301099998, -24.843510452279947], [-49.75776037299994, -24.843608980279907], [-49.75750773999994, -24.843851506279925], [-49.75737726899996, -24.843918991279917], [-49.75702773299998, -24.84409978227991], [-49.75677212099999, -24.84414938727992], [-49.756574453999974, -24.84418774827992], [-49.75619840699994, -24.84409288227994], [-49.755674554999985, -24.84369864927994], [-49.75470086599995, -24.843527058279925], [-49.75444520199995, -24.843482002279945], [-49.754311077999944, -24.843438283279937], [-49.753883586999955, -24.84329894227996], [-49.753217692999954, -24.843081892279972], [-49.75306341099997, -24.84299442327998], [-49.75264290199993, -24.842756023279975], [-49.75212099899994, -24.84239199027995], [-49.751744406999926, -24.84212931027997], [-49.75168167399994, -24.842058484279956], [-49.75156055799994, -24.84192175127998], [-49.751396489999934, -24.841736524279955], [-49.75118137399994, -24.84154712127997], [-49.750923152999974, -24.841319765279998], [-49.75019759599996, -24.84099262427999], [-49.74987320499997, -24.840760573279983], [-49.749801960999946, -24.840347169280026], [-49.750045473999926, -24.840042606279983], [-49.751044621999945, -24.839233807280035], [-49.751052251999965, -24.839225419280005], [-49.75160369099996, -24.83861926828002], [-49.75175557499995, -24.83835572728006], [-49.75178623599993, -24.83830252628003], [-49.75180286799996, -24.83827367028006], [-49.752064075999954, -24.837820432280033], [-49.75217126599995, -24.83715624428009], [-49.75210415399994, -24.836330071280084], [-49.75185745899995, -24.83586933628011], [-49.751503034999985, -24.83556626728013], [-49.751349087999984, -24.83543462928012], [-49.75123451799993, -24.835336656280127], [-49.75112519899995, -24.835274674280093], [-49.750659767999935, -24.835010777280146], [-49.75047706399994, -24.834777058280153], [-49.75046126799998, -24.834756848280144], [-49.75035471699993, -24.834557844280123], [-49.75035203799996, -24.834552844280143], [-49.75021457899992, -24.83429611028014], [-49.75021027599996, -24.834175325280174], [-49.750194973999946, -24.833745537280144], [-49.75017560099997, -24.83317202928017], [-49.750359332999956, -24.832393815280195], [-49.75033788499996, -24.832026698280213], [-49.750238098999944, -24.831778886280166], [-49.75022892499993, -24.831777915280203], [-49.74971266699998, -24.831723330280212], [-49.74958672799995, -24.831785175280217], [-49.749207558999956, -24.831971376280165], [-49.74872688899996, -24.832288427280186], [-49.74869589299993, -24.832310813280206], [-49.74794213699994, -24.832855198280143], [-49.74732389899999, -24.83323669628016], [-49.747208787999966, -24.833307729280143], [-49.74711353499998, -24.833328132280148], [-49.74701751599997, -24.83334870228015], [-49.74607545299994, -24.83355049928014], [-49.74564802899994, -24.83356984528012], [-49.745518722999975, -24.833558022280165], [-49.74537184399998, -24.833544592280134], [-49.745008233999954, -24.833386012280133], [-49.74499653099997, -24.833380908280173], [-49.74495243599995, -24.833339918280167], [-49.74486044799993, -24.833254413280162], [-49.744697762999984, -24.833103194280188], [-49.74452509999997, -24.83278067128017], [-49.744455029999976, -24.832252604280185], [-49.74447518799996, -24.83173984728017], [-49.74447682899995, -24.831698007280163], [-49.74447834199997, -24.831694024280164], [-49.74469252299997, -24.83113084428021], [-49.745433257999935, -24.829944508280246], [-49.74554195099995, -24.829739992280253], [-49.74566379899994, -24.829510703280253], [-49.745581276999985, -24.829175842280264], [-49.74557825299996, -24.828987057280226], [-49.74557230199997, -24.82861552128025], [-49.74552782099994, -24.828041803280268], [-49.745529628999975, -24.827733868280255], [-49.74553007199995, -24.827658931280283], [-49.74614679599995, -24.826726658280315], [-49.74642483599995, -24.826306361280317], [-49.74670630999998, -24.825717586280295], [-49.746707413999964, -24.825715282280328], [-49.74671042499995, -24.825708983280318], [-49.74701061099996, -24.825531524280336], [-49.74776765699994, -24.825216792280365], [-49.74840499199997, -24.824999187280316], [-49.74842326899994, -24.824992943280353], [-49.74844534899996, -24.824980440280356], [-49.74846390999994, -24.82496992528031], [-49.74918145899994, -24.824563548280334], [-49.749753247999934, -24.82418949428033], [-49.74983913699998, -24.824133304280366], [-49.74999504699997, -24.82370416028038], [-49.75007172599992, -24.823493106280353], [-49.75007632599994, -24.82303446628037], [-49.74986752999996, -24.82269825428041], [-49.749829200999955, -24.822636531280367], [-49.74980430599994, -24.82259644928037], [-49.74979469899995, -24.82259066128041], [-49.74942814499997, -24.82236982228041], [-49.74937968599993, -24.822340628280376], [-49.748828511999925, -24.822175480280368], [-49.74825037299996, -24.822193574280394], [-49.747796018999956, -24.822396178280385], [-49.74721557199996, -24.822643583280357], [-49.74686464599995, -24.822732222280372], [-49.74684392399996, -24.822737457280375], [-49.74668767999998, -24.822662095280364], [-49.74633844699997, -24.822406893280423], [-49.74598869299996, -24.822009358280372], [-49.74589124999994, -24.821898602280413], [-49.745470807999936, -24.821392227280434], [-49.74488223899994, -24.82092681728044], [-49.744471983999965, -24.82060240128044], [-49.74407086399998, -24.819924388280423], [-49.744045606999975, -24.81988169628045], [-49.74404537099997, -24.819881298280464], [-49.744039972999985, -24.81986103728043], [-49.74393076799999, -24.819451167280434], [-49.74397928299992, -24.819186563280454], [-49.744010539999984, -24.819016094280446], [-49.74418942899996, -24.818719460280466], [-49.74421297099997, -24.818705418280476], [-49.744238602999985, -24.818690131280487], [-49.74426443999993, -24.81867471928045], [-49.744492786999956, -24.81853853628045], [-49.74502944499994, -24.8184985472805], [-49.74504601499996, -24.818497311280495], [-49.745060809999984, -24.818491323280487], [-49.745194486999935, -24.818437217280447], [-49.745196878999934, -24.818436250280506], [-49.745878630999975, -24.818160291280478], [-49.74611189899997, -24.817939173280475], [-49.74612173199994, -24.817929852280482], [-49.74612306399997, -24.81792859028047], [-49.746125251999956, -24.81792264928049], [-49.74639083899996, -24.81720136528049], [-49.74665803899995, -24.81675825928052], [-49.74674859499999, -24.816608085280528], [-49.74697795299994, -24.81628893128054], [-49.74724609999998, -24.816112044280516], [-49.74745856099998, -24.815971888280544], [-49.74770231999997, -24.815774786280524], [-49.748012770999935, -24.815523760280538], [-49.748045862999966, -24.815497000280562], [-49.74806719799994, -24.815479749280538], [-49.74849722399995, -24.815132032280527], [-49.74931162799993, -24.81476556628054], [-49.74934156599995, -24.814749899280574], [-49.74986065399998, -24.81447835428055], [-49.74992316999994, -24.814366805280564], [-49.749938613999966, -24.81433924228056], [-49.749955941999985, -24.814308320280542], [-49.75009092199996, -24.814067469280555], [-49.749998605999956, -24.813466755280597], [-49.75007591699995, -24.813058256280605], [-49.75017353699997, -24.81245712628061], [-49.750235346999936, -24.812076499280586], [-49.75044192499997, -24.811639416280638], [-49.75044461099998, -24.811601502280624], [-49.75047118699996, -24.811226853280658], [-49.75035112399996, -24.810814932280646], [-49.75027686399995, -24.81056014828065], [-49.750287276999984, -24.810074931280663], [-49.75029051499996, -24.80992397028063], [-49.750290889999974, -24.80990652628066], [-49.75029192899995, -24.809858231280657], [-49.75029329999996, -24.80985368328067], [-49.75029429599993, -24.80985037728067], [-49.750319256999944, -24.80976764928068], [-49.75032092199996, -24.80976213028065], [-49.750439566999944, -24.80936894628065], [-49.750963756999965, -24.80907058628067], [-49.750995510999985, -24.80905251628066], [-49.751308824999974, -24.808889181280698], [-49.751526947999935, -24.808775474280676], [-49.751601704999985, -24.80873650428068], [-49.75200850699997, -24.80825828828071], [-49.75201034399998, -24.808074832280713], [-49.75188457799993, -24.807839893280725], [-49.75180939899997, -24.8076994682807], [-49.75178836599997, -24.80766016828073], [-49.75123771199998, -24.80744917028073], [-49.75018389899998, -24.807302765280717], [-49.74886885799998, -24.806963564280696], [-49.74880555699997, -24.8069472342807], [-49.748087391999945, -24.80675062328073], [-49.74794258599996, -24.80671098228073], [-49.747940196999934, -24.806710329280694], [-49.74562756999996, -24.805659261280727], [-49.745041912999966, -24.805557482280765], [-49.74496586399994, -24.80554123228072], [-49.74417319599996, -24.805371852280736], [-49.74357254999995, -24.805137471280762], [-49.74294840599998, -24.804742353280748], [-49.742399400999936, -24.804370797280797], [-49.74232260499996, -24.804363255280755], [-49.74173670699997, -24.804305713280776], [-49.74093925899996, -24.80465665528077], [-49.74050684299994, -24.805180493280755], [-49.74041442699996, -24.805277898280778], [-49.74007511199994, -24.80563553328076], [-49.73964844199997, -24.80598843028073], [-49.739416345999985, -24.806180393280748], [-49.738654001999976, -24.806641212280745], [-49.73864450199994, -24.80664695528072], [-49.73859252899996, -24.806651939280712], [-49.738461295999976, -24.806664531280724], [-49.738364100999945, -24.806673853280717], [-49.737903375999956, -24.806718049280736], [-49.73760189799998, -24.80671550628075], [-49.737255834999985, -24.806598938280743], [-49.73735438199998, -24.80634647628075], [-49.73754701699993, -24.80618171128074], [-49.73758588399994, -24.80614846828072], [-49.73791197099997, -24.80586957028075], [-49.73803014499998, -24.80576849628077], [-49.73838036799998, -24.805468942280736], [-49.738469552999966, -24.805392665280728], [-49.73856239199995, -24.805063679280725], [-49.73729457699994, -24.804809408280782], [-49.73722635399997, -24.804798983280754], [-49.736817936999955, -24.80473658028074], [-49.736544839999965, -24.80441320228079], [-49.73658393099998, -24.80411600128077], [-49.73662092899997, -24.8038347222808], [-49.73662125699997, -24.803832238280805], [-49.73662619999993, -24.803828669280804], [-49.73695516899994, -24.803591050280787], [-49.73736154899996, -24.80315874128079], [-49.73738922599995, -24.8029067032808], [-49.73737710499995, -24.80288691428078], [-49.73734380299994, -24.8028325612808], [-49.73719149899995, -24.802583960280835], [-49.73697000399994, -24.802253722280845], [-49.73694399099997, -24.802214930280858], [-49.73684323899994, -24.80197869928082], [-49.73679674199997, -24.80186968128083], [-49.73683838599994, -24.801592776280813], [-49.736838863999935, -24.80158960128086], [-49.73684656199998, -24.80158459528082], [-49.73745688799994, -24.80118723728084], [-49.737784147999946, -24.800645735280877], [-49.73778530399995, -24.800643825280837], [-49.73778827499996, -24.800638909280863], [-49.737788407999965, -24.80063839028085], [-49.73797210099997, -24.799930227280846], [-49.73820779699997, -24.79962085928086], [-49.738354036999965, -24.79942890428088], [-49.738781770999935, -24.798887989280903], [-49.73878844599994, -24.798883384280884], [-49.73921676099996, -24.79858762528092], [-49.73982756199996, -24.797813022280902], [-49.74033061299997, -24.797504579280915], [-49.740384681999956, -24.797471428280893], [-49.74039035099997, -24.797467950280897], [-49.74037843899998, -24.79745961928089], [-49.73953560999996, -24.796870275280924], [-49.73913586799995, -24.796528512280933], [-49.73903736899995, -24.796444303280964], [-49.73889039499994, -24.79627437728096], [-49.73856561999997, -24.795898883280937], [-49.73847260799994, -24.795736083280943], [-49.738368127999934, -24.795553209280985], [-49.73815968199994, -24.795004474280947], [-49.738123418999976, -24.794908998280988], [-49.73792592999996, -24.794563327281008], [-49.73759640699995, -24.794440153280995], [-49.73733294799996, -24.794470035280984], [-49.737172999999984, -24.794488176280982], [-49.73666918899994, -24.794621524280988], [-49.73596347999995, -24.79484490328096], [-49.73551810499998, -24.795003181280975], [-49.73520705899994, -24.795113718280984], [-49.73475348599993, -24.79524748728099], [-49.734345924999964, -24.79524403728097], [-49.734251066999946, -24.795243235280985], [-49.73400490399996, -24.79520364028095], [-49.73399397999998, -24.795201884281], [-49.73395007899995, -24.795194823280966], [-49.73360094799995, -24.794939598280994], [-49.733363588999964, -24.794570767280987], [-49.73330415399993, -24.794478410280966], [-49.733286831999976, -24.794399671280967], [-49.733208097999984, -24.794041854280962], [-49.73281106199994, -24.793556882281003], [-49.732387270999936, -24.793232220281034], [-49.73198252999998, -24.793024520281016], [-49.73188742499997, -24.792975715281006], [-49.731387579999925, -24.79271920828105], [-49.73099572899997, -24.792367351280998], [-49.73066562099995, -24.792070939281047], [-49.730124599999954, -24.791766392281016], [-49.72952740599993, -24.79162299328106], [-49.72943940099998, -24.791601858281066], [-49.72891187399995, -24.791597379281015], [-49.728484830999946, -24.79159375128108], [-49.728084309999986, -24.791452747281074], [-49.728071313999976, -24.791438236281063], [-49.72783591599995, -24.791175430281033], [-49.72753915199996, -24.790714232281072], [-49.72753509599995, -24.790694775281057], [-49.727419399999974, -24.79013986928109], [-49.72732524099996, -24.78951985728108], [-49.72721326999993, -24.78889922928112], [-49.72629579699997, -24.789465234281103], [-49.726096749999954, -24.78966140928109], [-49.726042022999934, -24.789715341281084], [-49.72563682899994, -24.79003296428109], [-49.72493206499996, -24.790164567281085], [-49.72430406599995, -24.79015921528107], [-49.72355023799997, -24.790175721281074], [-49.72242102399997, -24.790446961281095], [-49.722417477999954, -24.79044781028109], [-49.72165966599994, -24.79080173028104], [-49.72074899599995, -24.79141315728106], [-49.72016011599993, -24.79181382828106], [-49.72011652399993, -24.791843490281032], [-49.71966200499997, -24.792068940281055], [-49.719109358999965, -24.79206421428106], [-49.71863465699993, -24.792124352281043], [-49.71854303199996, -24.792135963281034], [-49.71805501699998, -24.791986381281035], [-49.71800996399998, -24.791998620281028], [-49.71772751399993, -24.792075312281025], [-49.717613866999955, -24.792146491281056], [-49.71722180499995, -24.792392047281027], [-49.71681657999994, -24.792709647281043], [-49.715926782999986, -24.79324944328103], [-49.71592674599999, -24.79324946228099], [-49.71569610999995, -24.79338937428099], [-49.71569596599994, -24.79338946128099], [-49.71562917999995, -24.79343535428097], [-49.71507170099995, -24.793818426281014], [-49.714651740999955, -24.79404561528099], [-49.71460142299997, -24.79407283628097], [-49.71379138399994, -24.794389145280984], [-49.71351010599994, -24.794344032280982], [-49.713282936999974, -24.794307598281012], [-49.712906601999975, -24.794258494280992], [-49.71265657799995, -24.794141676281004], [-49.712159757999984, -24.793916938280965], [-49.712153204999936, -24.793915251281028], [-49.71175555599996, -24.79381284928098], [-49.711607912999966, -24.793513440281004], [-49.711738250999986, -24.79305589128099], [-49.71227146099995, -24.792510071281043], [-49.71255753199995, -24.792065265281035], [-49.712563742999976, -24.792066379281028], [-49.713028855999944, -24.792149647281033], [-49.713356601999976, -24.792037798281036], [-49.713838375999956, -24.791606198281038], [-49.713874948999944, -24.79148402428103], [-49.71396847099994, -24.791171579281063], [-49.71395773199999, -24.790813052281067], [-49.71395678399995, -24.79078151228106], [-49.71388005099993, -24.790001199281072], [-49.71386656599998, -24.789963078281094], [-49.71385789399995, -24.789938560281055], [-49.71373358899996, -24.789587136281092], [-49.71333640499995, -24.789125045281136], [-49.71331631799995, -24.78909592228108], [-49.71321191699996, -24.788944549281087], [-49.712890878999985, -24.788479073281113], [-49.71268323699996, -24.788262066281103], [-49.712649388999985, -24.787536713281114], [-49.71245222299996, -24.787168080281134], [-49.71217969799994, -24.786798796281154], [-49.71193451399995, -24.786475478281133], [-49.71195954799998, -24.786223559281147], [-49.71216499599995, -24.78578958928119], [-49.71251055299996, -24.78550051328119], [-49.71357746499996, -24.78460960228121], [-49.713577692999934, -24.784609411281192], [-49.713762853999974, -24.784312636281218], [-49.71409964099997, -24.784075702281186], [-49.714117113999976, -24.784063408281188], [-49.71444460099997, -24.783974489281192], [-49.714572792999945, -24.7837233172812], [-49.714400271999985, -24.783400765281197], [-49.71435286999998, -24.78312515228123], [-49.71429939899997, -24.782898548281256], [-49.71429852199998, -24.782894836281233], [-49.71429823199997, -24.782893605281245], [-49.714299694999966, -24.782893344281213], [-49.71478319199998, -24.782807776281246], [-49.71518655299997, -24.782786084281227], [-49.71520219399997, -24.782785241281204], [-49.71598923499993, -24.782660154281256], [-49.71613363899996, -24.782637204281247], [-49.71614146499996, -24.782635962281248], [-49.716171853999974, -24.78260333828121], [-49.71672373299998, -24.782010847281267], [-49.71675406599996, -24.781978278281223], [-49.71680613199994, -24.781930867281257], [-49.717080743999986, -24.78168079428125], [-49.71716116999994, -24.781588198281252], [-49.717381239999945, -24.781334828281263], [-49.717436642999985, -24.78127103828125], [-49.717534700999984, -24.78092402628129], [-49.71753645299998, -24.780917833281293], [-49.71731835899993, -24.780559081281297], [-49.71691717899995, -24.780486841281288], [-49.716866950999986, -24.780487327281264], [-49.71645709799998, -24.780491292281283], [-49.71643129199998, -24.78049154028128], [-49.716328189999956, -24.780476287281267], [-49.71603852499993, -24.780433439281293], [-49.715485698999935, -24.7804516332813], [-49.71545979699994, -24.780443470281295], [-49.71505433599999, -24.780315745281253], [-49.71498830099995, -24.77996575528131], [-49.71491837899998, -24.779437679281294], [-49.71507498999995, -24.778865681281314], [-49.71509018499995, -24.77875576528132], [-49.71524641499996, -24.77762556628136], [-49.71526497599996, -24.777491288281347], [-49.715329846999964, -24.7760699532814], [-49.71523811099997, -24.775220615281384], [-49.71497457599999, -24.773979933281424], [-49.715004471999976, -24.773230871281427], [-49.71500842999996, -24.77313167528142], [-49.71497907599996, -24.772980032281446], [-49.71485682699995, -24.77234846428143], [-49.71474608199997, -24.771776333281498], [-49.71432500999998, -24.77119937728148], [-49.71409338899997, -24.7709569062815], [-49.71392740999995, -24.770783153281492], [-49.71367979199994, -24.770437022281484], [-49.71346202299998, -24.76963246928154], [-49.71316819799995, -24.76889606728153], [-49.713077411999954, -24.768565616281563], [-49.71302540099998, -24.76837628628155], [-49.71302294099996, -24.768367339281532], [-49.71297715999997, -24.768337816281566], [-49.712913054999945, -24.768296473281534], [-49.71269856899994, -24.768158150281558], [-49.71229530699998, -24.768292283281582], [-49.71201596099996, -24.768588023281524], [-49.711941700999944, -24.76866120428153], [-49.71190852299998, -24.768693909281552], [-49.711762203999974, -24.76883811028155], [-49.71169569199998, -24.76887777428154], [-49.711458923999935, -24.769018970281557], [-49.71077325799996, -24.76913667228151], [-49.71074049799995, -24.76914229428151], [-49.71065543499997, -24.76915145628154], [-49.71027660099997, -24.769192260281514], [-49.70972405899994, -24.769187501281525], [-49.709145215999975, -24.769297183281555], [-49.70875137599995, -24.769511441281523], [-49.70856423699996, -24.769613245281505], [-49.70828464899995, -24.7699319052815], [-49.70762071799993, -24.77098112828148], [-49.70733591599998, -24.771579724281498], [-49.70733238499997, -24.77158436428148], [-49.70685441499996, -24.772212931281445], [-49.706679372999986, -24.772429869281435], [-49.706523627999964, -24.77262288128144], [-49.70611675299995, -24.772882850281455], [-49.70611004599993, -24.772887135281433], [-49.704910007999956, -24.773205210281432], [-49.70425436699997, -24.773451811281447], [-49.70334827399995, -24.77362743228142], [-49.702498391999946, -24.773761580281455], [-49.701962608999956, -24.773969927281392], [-49.70118134899997, -24.77427372928141], [-49.69949914499995, -24.774915401281433], [-49.69949651699995, -24.7749166562814], [-49.69946819799997, -24.774930160281375], [-49.69896153899998, -24.775171806281378], [-49.698481931999936, -24.775396974281417], [-49.69775139799998, -24.775597023281403], [-49.697100990999964, -24.775548915281373], [-49.69705767599999, -24.775545714281407], [-49.69704860799993, -24.775545043281387], [-49.69642284799995, -24.77533319228138], [-49.695721737999975, -24.775120686281415], [-49.69571583599997, -24.775120341281415], [-49.69479290599998, -24.775066722281395], [-49.69443635099998, -24.775036589281406], [-49.693648343999946, -24.774024732281436], [-49.69337686599993, -24.773563688281428], [-49.69309708299994, -24.773027012281432], [-49.69308901899996, -24.773011539281455], [-49.69308613399994, -24.773006008281456], [-49.69307279999998, -24.772996253281445], [-49.69280711899996, -24.77280190628146], [-49.69248637399994, -24.77224870028147], [-49.69214147799994, -24.771603545281454], [-49.69206207199994, -24.77122096828148], [-49.69205925699998, -24.771207415281502], [-49.692058055999944, -24.771201636281457], [-49.692057603999956, -24.771199460281498], [-49.69153426999998, -24.77085879328147], [-49.69153421199997, -24.770858756281463], [-49.69147152099998, -24.770817951281494], [-49.69084387199996, -24.77078953228151], [-49.69033301199995, -24.77078506528151], [-49.68991459399996, -24.770781405281497], [-49.68874194099993, -24.770837939281506], [-49.688734822999955, -24.77083828428151], [-49.68802875099993, -24.7709712962815], [-49.687497948999976, -24.771287716281478], [-49.687241607999965, -24.77150089728146], [-49.68714319099996, -24.771582743281467], [-49.686812515999975, -24.771894433281446], [-49.68680117699994, -24.771905118281452], [-49.68680110399998, -24.77190518728146], [-49.68672704299996, -24.771967927281484], [-49.686002361999954, -24.77258181628144], [-49.68559495299996, -24.77310570928146], [-49.68498588699998, -24.773696635281425], [-49.68417515799996, -24.774354586281408], [-49.68299033699998, -24.77475697328141], [-49.68235678699994, -24.774830704281392], [-49.68235166899996, -24.774831298281427], [-49.68234652599995, -24.774831898281384], [-49.68135898799995, -24.77462794828143], [-49.68068133199995, -24.774576111281426], [-49.68057482599994, -24.77457054128139], [-49.68015412899996, -24.774548532281425], [-49.67987954899996, -24.774385574281396], [-49.67958179199996, -24.774038947281404], [-49.679425059999964, -24.773766738281406], [-49.67940275199993, -24.77377842728143], [-49.678701510999986, -24.77414584828144], [-49.677944380999975, -24.774483169281392], [-49.677263325999945, -24.774752354281425], [-49.676909024999986, -24.7750014952814], [-49.67671628499994, -24.775154361281412], [-49.676357923999944, -24.7748590242814], [-49.67606042099993, -24.774489455281433], [-49.67594018999995, -24.77398385728142], [-49.67569874299994, -24.773812943281406], [-49.67563103799995, -24.77376501528144], [-49.67554060699997, -24.773750628281423], [-49.675390310999944, -24.773726726281403], [-49.67503819999995, -24.77376947628145], [-49.67443419299997, -24.77387879828139], [-49.673882858999946, -24.773759248281433], [-49.67364142399999, -24.773665053281405], [-49.67372352499996, -24.773036189281463], [-49.67372464699997, -24.77302756228145], [-49.67372583499997, -24.773025592281428], [-49.67397161499997, -24.77261686828143], [-49.673975636999955, -24.772610172281464], [-49.67456515699996, -24.771988546281495], [-49.674886486999974, -24.77149771928148], [-49.675652672999945, -24.769889258281516], [-49.676041984999976, -24.769122852281516], [-49.67602464899994, -24.76838882528157], [-49.67601034699993, -24.76833434828151], [-49.67600802299995, -24.768325502281552], [-49.675903939999955, -24.767929088281548], [-49.675634730999946, -24.76726163528155], [-49.67526457699995, -24.766639156281556], [-49.67489053299994, -24.766383579281595], [-49.674514545999955, -24.7663114512816], [-49.67418756899997, -24.76635442328156], [-49.673885704999975, -24.766397618281605], [-49.67330636799994, -24.76655302228159], [-49.673085298999986, -24.766510427281567], [-49.673083014999975, -24.766298772281587], [-49.67280943499998, -24.76604408128159], [-49.67262379899995, -24.765917234281602], [-49.67243539999998, -24.765788498281577], [-49.67231519099993, -24.765282894281576], [-49.672293887999956, -24.764941139281625], [-49.672293733999936, -24.76493870328164], [-49.672325186999956, -24.764342710281646], [-49.67230120099998, -24.76386747928161], [-49.672282637999956, -24.76349973128165], [-49.672276558999954, -24.76344246528165], [-49.67223814099998, -24.76308059728163], [-49.67211598399996, -24.762758445281666], [-49.672059433999955, -24.762686576281652], [-49.67184339399995, -24.762412025281645], [-49.671264608999934, -24.762312859281668], [-49.671570799999984, -24.762065606281674], [-49.67161152899996, -24.761968383281665], [-49.67190581299997, -24.761265900281682], [-49.67193305999996, -24.76121298428167], [-49.67218791199997, -24.760717997281706], [-49.67223638099995, -24.760325527281708], [-49.671924832999935, -24.759477256281734], [-49.67190213199996, -24.759284989281742], [-49.67184754999993, -24.758822750281762], [-49.671833462999984, -24.758703416281726], [-49.67183267199994, -24.758696700281757], [-49.67138673599993, -24.758119406281782], [-49.67094449799998, -24.757740307281743], [-49.67139234299997, -24.757591988281746], [-49.67189314199993, -24.757432587281787], [-49.67191769999994, -24.757401739281796], [-49.672254316999954, -24.756978908281777], [-49.67228506799995, -24.7569402852818], [-49.67238002999994, -24.756821001281818], [-49.67251543799995, -24.756706119281777], [-49.67274152799996, -24.756514299281775], [-49.672861552999954, -24.75641246328178], [-49.67314796599993, -24.7562468132818], [-49.67372073999997, -24.755915536281822], [-49.674314082999956, -24.755562559281785], [-49.675091405999986, -24.754551650281815], [-49.67523474799999, -24.75433008228185], [-49.67532105599998, -24.754196674281832], [-49.675755264999964, -24.753525508281836], [-49.675914399999954, -24.753368735281867], [-49.676262847999965, -24.75302545428185], [-49.67655987399996, -24.75272637328188], [-49.67613880399995, -24.752331870281896], [-49.67599536599994, -24.752197485281876], [-49.67574911199995, -24.75173663528192], [-49.675770883999974, -24.751362735281926], [-49.675776749999955, -24.751262034281915], [-49.67577980999994, -24.75120943428192], [-49.67601091699998, -24.75072987228192], [-49.67604270299995, -24.750673196281934], [-49.676292487999945, -24.750227820281932], [-49.676293933999936, -24.75016582428193], [-49.676307316999946, -24.749590972281947], [-49.67645457199996, -24.749151374281933], [-49.676764645999974, -24.748328503281986], [-49.67683130399997, -24.74822597128196], [-49.67697295199998, -24.74800807328201], [-49.67700549799998, -24.747958004281948], [-49.67722416899995, -24.74762162128197], [-49.67741793099998, -24.747099158281994], [-49.67743524799994, -24.746660272282032], [-49.67730392999994, -24.74636757728199], [-49.67723897799993, -24.74622280328202], [-49.67681258199997, -24.746173170282013], [-49.67670267999995, -24.746133019282013], [-49.676362292999954, -24.746008660282026], [-49.67622705799994, -24.745844692282045], [-49.676268652999966, -24.745365693282004], [-49.67617233799996, -24.74497496928202], [-49.67618785999997, -24.744485993282048], [-49.67755849899998, -24.74450560228203], [-49.67803664599995, -24.744451564282056], [-49.67873892499995, -24.74449307828203], [-49.67878563299996, -24.744480545282073], [-49.679318156999955, -24.744337652282052], [-49.67962840199994, -24.744168242282043], [-49.68024989799994, -24.74409358628206], [-49.680588301999926, -24.74393321128206], [-49.68071255199993, -24.743874324282096], [-49.68072519399993, -24.74386833528205], [-49.68105753799994, -24.74371082428205], [-49.681079969999985, -24.743693276282087], [-49.68133059599995, -24.743497210282108], [-49.68178507099998, -24.74314166228209], [-49.682175196999935, -24.742505177282066], [-49.68220146799996, -24.742430426282066], [-49.68226862599993, -24.74223930928209], [-49.68236677599999, -24.74196001328212], [-49.68240819599999, -24.741842149282125], [-49.682541283999974, -24.74124767228214], [-49.68256156199993, -24.741157085282094], [-49.68259266399996, -24.741018162282145], [-49.68261903399997, -24.74098265428215], [-49.68304738299998, -24.740405880282136], [-49.68232153599996, -24.740534168282124], [-49.682272841999975, -24.740528605282126], [-49.68166941399995, -24.74045963528215], [-49.68129470599995, -24.740272870282137], [-49.68074326899994, -24.740176281282128], [-49.68022057199994, -24.739735942282174], [-49.680144851999955, -24.739602219282144], [-49.67955497199995, -24.7385604642822], [-49.67940509099998, -24.738190462282198], [-49.67916340199997, -24.737593803282216], [-49.678685329999944, -24.73683221928219], [-49.67833103199996, -24.735568306282214], [-49.67823265299995, -24.73504988628224], [-49.67794020599996, -24.73429544128227], [-49.67774709899993, -24.73379726828231], [-49.67777108799998, -24.733203325282307], [-49.67771255599996, -24.73310071728228], [-49.67792514699993, -24.731549644282346], [-49.67787048999997, -24.730533773282367], [-49.67702546999993, -24.730048488282353], [-49.67611380399995, -24.729682068282393], [-49.675384320999974, -24.729314954282373], [-49.67529042999996, -24.729239040282398], [-49.674759549999976, -24.728581349282397], [-49.67446654899992, -24.728218361282398], [-49.673845924999966, -24.72754779528241], [-49.67357081499994, -24.727250544282416], [-49.673225307999985, -24.726877228282437], [-49.67265345199996, -24.72634469428245], [-49.671913644999954, -24.725871470282435], [-49.67160750199997, -24.72553275928246], [-49.67133328099994, -24.725346859282453], [-49.671248308999964, -24.725335000282474], [-49.670982280999965, -24.725297880282465], [-49.67065565199994, -24.725317920282457], [-49.67057441299995, -24.725349529282465], [-49.67025224799994, -24.72547487928249], [-49.66975955099997, -24.725608570282457], [-49.669459288999974, -24.725887100282446], [-49.66880664399997, -24.72616510828245], [-49.66809626599997, -24.72655870528241], [-49.668007201999956, -24.726632099282437], [-49.667740042999974, -24.726852244282455], [-49.66738286399993, -24.727236074282416], [-49.667360465999934, -24.727260847282423], [-49.66713988899994, -24.727504817282398], [-49.66701121099993, -24.727654884282398], [-49.66668481099998, -24.727797475282433], [-49.66655714999996, -24.72785821028241], [-49.666258933999984, -24.7280000902824], [-49.666128871999945, -24.728028561282418], [-49.66563714399996, -24.728136204282382], [-49.665522770999985, -24.728161240282404], [-49.66485290599996, -24.728173008282376], [-49.664548035999985, -24.728178363282414], [-49.66364160899997, -24.728183924282394], [-49.66341795499994, -24.728194095282433], [-49.66316360899998, -24.728204726282375], [-49.66313880299998, -24.728215247282417], [-49.66286565699995, -24.728331069282408], [-49.66266836099993, -24.728477259282407], [-49.662452790999964, -24.728636991282396], [-49.662065233999954, -24.728879657282416], [-49.66188402299997, -24.728993118282375], [-49.66135803099996, -24.72931092828237], [-49.66082593599998, -24.729487178282362], [-49.660036029999965, -24.72997442328238], [-49.66001558599999, -24.72997690428235], [-49.659396898999944, -24.73005199328236], [-49.65827924399997, -24.729963409282387], [-49.65821249099997, -24.729958117282354], [-49.65800419199997, -24.729956250282388], [-49.657878176999986, -24.72995512228238], [-49.65787471699998, -24.72995435228239], [-49.657423334999976, -24.729853885282353], [-49.65729287599998, -24.729625880282363], [-49.65720019799994, -24.729358454282366], [-49.65705326799996, -24.728934456282413], [-49.65679256399995, -24.728737471282415], [-49.656428282999975, -24.72854449028241], [-49.65631343399997, -24.728483646282395], [-49.656290368999976, -24.728468813282372], [-49.65587573299996, -24.72820211028242], [-49.65545442299997, -24.72780967828241], [-49.65504340199993, -24.72730290028244], [-49.65498947199996, -24.72723640428239], [-49.654780760999984, -24.7268597572824], [-49.65479186999993, -24.726624685282463], [-49.654800433999974, -24.726443516282426], [-49.654966714999944, -24.726038283282456], [-49.65511255299998, -24.725682884282467], [-49.65532009299994, -24.72475474428245], [-49.65534226199998, -24.724236574282497], [-49.65523742399994, -24.72396281028252], [-49.65502692499996, -24.723752713282494], [-49.65463244299997, -24.723693651282492], [-49.65460042799998, -24.7236992032825], [-49.65417568599997, -24.72377283928252], [-49.65350738899997, -24.723739079282517], [-49.65264974599996, -24.723716488282516], [-49.652034781999944, -24.723600925282504], [-49.65199053599997, -24.723572960282493], [-49.651566869999954, -24.72330522428249], [-49.65150583999997, -24.7232341212825], [-49.65138676899994, -24.72309539628251], [-49.65107066399998, -24.72281494028252], [-49.65067947599994, -24.722450527282533], [-49.65039436199998, -24.722114827282557], [-49.650356673999966, -24.72205265928255], [-49.65014053699997, -24.721696125282566], [-49.65004982699998, -24.72133289828254], [-49.65048006999996, -24.721213362282544], [-49.650816126999985, -24.721096720282574], [-49.65083090099994, -24.721091593282566], [-49.65131983399994, -24.720846139282543], [-49.65146655099995, -24.72071474228258], [-49.65191827199993, -24.720310179282563], [-49.65201347999993, -24.719936260282545], [-49.652114849999975, -24.71979298828255], [-49.65218021799996, -24.71970060028258], [-49.65317904999995, -24.71894733128261], [-49.653501861999985, -24.718699571282585], [-49.65360808599996, -24.718618046282604], [-49.653901416999986, -24.718190380282604], [-49.65396550499998, -24.717979933282635], [-49.65372475299994, -24.71766133428261], [-49.653330439999934, -24.717588390282614], [-49.65302684699998, -24.71755790128263], [-49.65277889799995, -24.717555677282622], [-49.652646981999965, -24.717554492282638], [-49.65231210199994, -24.717607004282616], [-49.65193253599995, -24.71757583228262], [-49.65152212999993, -24.71758602428262], [-49.65143881999995, -24.717589277282613], [-49.65099724699996, -24.7176065262826], [-49.650944435999975, -24.71760858928261], [-49.65091065499996, -24.71760828528265], [-49.65054937599995, -24.717605035282627], [-49.65030670899994, -24.71756121028264], [-49.650186349999956, -24.717449082282638], [-49.64999091799996, -24.71725299528264], [-49.649825276999934, -24.71711269928265], [-49.649650279999946, -24.71705766428266], [-49.64964354299997, -24.71705554028267], [-49.64918669799994, -24.716929610282644], [-49.648765914999956, -24.716724904282678], [-49.64858231799997, -24.716491419282647], [-49.64854505599994, -24.716366145282628], [-49.64864998999997, -24.71618599828265], [-49.64885366499993, -24.71561872928268], [-49.64890365199994, -24.715535480282675], [-49.64891291999999, -24.71552004628264], [-49.64908577599994, -24.715232163282657], [-49.64945313499993, -24.7149856212827], [-49.64962812999994, -24.71482888928271], [-49.64972932699993, -24.714738255282715], [-49.64976904799994, -24.714619882282683], [-49.64993081399996, -24.71413780728272], [-49.65002609199996, -24.713568698282707], [-49.65004631599993, -24.713447903282727], [-49.65002825099998, -24.713368238282737], [-49.650027669999986, -24.713365671282723], [-49.64991737699995, -24.71287918028272], [-49.64965178799997, -24.712457287282724], [-49.649395356999946, -24.71216600728273], [-49.649239807999955, -24.711759109282745], [-49.64917489999994, -24.71158931328278], [-49.64912752999993, -24.710971971282788], [-49.649106380999974, -24.710428896282753], [-49.649110108999935, -24.71008345728276], [-49.64936280199999, -24.709878557282803], [-49.650675105999944, -24.709876085282787], [-49.65073316299999, -24.709875973282784], [-49.65149425299996, -24.709438638282762], [-49.65168864599996, -24.70923454928281], [-49.65228660199994, -24.708606751282847], [-49.652894371999935, -24.70795367628285], [-49.65324312599994, -24.707578922282856], [-49.65330947799998, -24.70747656028286], [-49.653669355999966, -24.706921370282867], [-49.65378656199994, -24.706740548282855], [-49.65384743399994, -24.706646635282862], [-49.65388667099995, -24.70651234828289], [-49.654127882999944, -24.705686762282888], [-49.65408155299997, -24.7049707232829], [-49.653939038999965, -24.7044459042829], [-49.65451371399997, -24.70497460228293], [-49.655981907999944, -24.705759907282868], [-49.656907542999924, -24.705933761282886], [-49.65806818599998, -24.706018176282885], [-49.65888035499996, -24.70603055128288], [-49.65952779899993, -24.705932515282882], [-49.65984136499998, -24.70593531728286], [-49.66023006499995, -24.705938791282907], [-49.660914124999984, -24.705984964282898], [-49.66141798599995, -24.705998745282894], [-49.66194546899994, -24.70608814328289], [-49.66234942699998, -24.706156604282846], [-49.66347105199998, -24.705364621282868], [-49.66355943699995, -24.705302210282877], [-49.66369790899994, -24.704982647282876], [-49.66381305999994, -24.704317401282918], [-49.66370923499994, -24.703921650282943], [-49.663679466999945, -24.70382491728292], [-49.66352648399993, -24.703327781282947], [-49.663479403999986, -24.70315496028292], [-49.66334452799998, -24.70265989028293], [-49.66334059899998, -24.70264098628293], [-49.66333223799995, -24.702600756282965], [-49.66324175999995, -24.70216543928292], [-49.66330761399996, -24.701863237282936], [-49.663650674999985, -24.701694782282942], [-49.66433081999997, -24.701360804282995], [-49.665400468999955, -24.70067863828297], [-49.666286894999985, -24.699818306282985], [-49.666834969999975, -24.699261509282987], [-49.667460739999974, -24.69876173428302], [-49.66794469599996, -24.69869454528303], [-49.668012313999945, -24.69868515528304], [-49.668589761999954, -24.69865626428303], [-49.66918546399995, -24.69866154728303], [-49.66959148099995, -24.698762166282997], [-49.669612540999935, -24.698767385283], [-49.669622405999974, -24.698772546283053], [-49.669668171999945, -24.698796499283034], [-49.67007540699996, -24.699009606283], [-49.67030819399997, -24.699226439283024], [-49.67032806399993, -24.699244947283013], [-49.67055472199997, -24.699456070282988], [-49.67055899999997, -24.699461611283002], [-49.67088529399996, -24.699884209282985], [-49.671160687999986, -24.700178789282976], [-49.67138232899999, -24.70041586728297], [-49.671955999999966, -24.700744106282965], [-49.672234156999934, -24.70084861828297], [-49.67249815799994, -24.700898532282956], [-49.67325383699994, -24.700502248282994], [-49.67352845899995, -24.700317852283], [-49.67390383999998, -24.700065793283002], [-49.673943520999956, -24.69997764728301], [-49.67460168799994, -24.699565358283017], [-49.674997721999944, -24.69921048228301], [-49.676107814999966, -24.699339737282997], [-49.677214755999955, -24.699767602282986], [-49.67731479399998, -24.699805185282987], [-49.677355456999976, -24.699808446283], [-49.67777114799997, -24.699900521283002], [-49.679225219999985, -24.70033283028302], [-49.680410764999976, -24.70061470628298], [-49.68146490799995, -24.700549942282972], [-49.682465810999986, -24.70041067228301], [-49.683061314999975, -24.70029251428299], [-49.68357604299996, -24.700148971283014], [-49.68400948899995, -24.700029389282992], [-49.68414839899998, -24.700099889282974], [-49.68419930399994, -24.70012572528301], [-49.68446879199997, -24.700070286283008], [-49.68519355499995, -24.699539075283013], [-49.685922070999936, -24.69864951928303], [-49.68632120399997, -24.697995992283047], [-49.68738658099994, -24.69615370928311], [-49.68837529999996, -24.6953858732831], [-49.68903464599998, -24.694854071283103], [-49.68937025299993, -24.694020793283165], [-49.689970462999945, -24.692891176283183], [-49.69122124499995, -24.69206587828321], [-49.692141420999974, -24.69159606328319], [-49.69319668899993, -24.69070931528323], [-49.693982372999976, -24.690596694283197], [-49.69470330699994, -24.690423777283222], [-49.694877772999966, -24.69037562428321], [-49.694942010999966, -24.690352794283232], [-49.69505726999994, -24.69029191128322], [-49.695202568999946, -24.690215161283213], [-49.69553950999994, -24.690037185283256], [-49.69605444599995, -24.68986891928325], [-49.696361613999954, -24.68987396528321], [-49.696167094999964, -24.689425711283228], [-49.696021015999975, -24.68908263228322], [-49.69570188299997, -24.688700304283223], [-49.69518204099995, -24.688397139283246], [-49.69446360699993, -24.68833116428327], [-49.69374330699998, -24.688444356283277], [-49.693158725999986, -24.688080892283246], [-49.69283935899995, -24.68736136028327], [-49.69281955699994, -24.687272816283276], [-49.69282117599994, -24.68726056628328], [-49.69286452599994, -24.686932622283287], [-49.69287147899996, -24.686880005283303], [-49.692739536999966, -24.686582729283277], [-49.692322683999976, -24.686145867283326], [-49.69215234799998, -24.6859113402833], [-49.69199366099996, -24.685589156283342], [-49.69198065499996, -24.685561278283313], [-49.691808735999984, -24.68519271728331], [-49.69169095399997, -24.685066124283306], [-49.691461524999966, -24.684819533283306], [-49.69130605599997, -24.68474680728332], [-49.69123322399997, -24.684659546283356], [-49.69071403499999, -24.68429664328335], [-49.690458184999954, -24.683756847283373], [-49.69013634799994, -24.683276204283377], [-49.68968065899998, -24.683093040283353], [-49.688958512999925, -24.683385382283372], [-49.688368968999946, -24.683499692283334], [-49.687520461999945, -24.68337281828335], [-49.68680331499996, -24.683187359283394], [-49.68595856899998, -24.68270213528335], [-49.68530804699998, -24.682397793283368], [-49.68472351899993, -24.68203429828339], [-49.68433383499996, -24.68179196728341], [-49.68394791599997, -24.681191293283423], [-49.683889448999935, -24.68053375828343], [-49.684352639999986, -24.680000253283417], [-49.68501630499997, -24.67905039828344], [-49.68508793299997, -24.678453732283476], [-49.68476612899997, -24.67797308028347], [-49.68372157599998, -24.677844469283492], [-49.68300321099996, -24.677778441283497], [-49.68241682799992, -24.677594109283504], [-49.68176571299995, -24.677349477283467], [-49.68078275999995, -24.677579762283518], [-49.679865167999935, -24.6778106162835], [-49.67920839399994, -24.678103486283444], [-49.678229209999984, -24.67797541228347], [-49.67777607899996, -24.677553318283497], [-49.677650392999965, -24.677074378283518], [-49.677656061999976, -24.676536865283488], [-49.67746879599998, -24.675699007283548], [-49.67708166699998, -24.67521776328355], [-49.67839330199996, -24.67481120828357], [-49.67918455599994, -24.674161147283545], [-49.67951953599999, -24.673387613283598], [-49.67991987299996, -24.67261465128357], [-49.68031706099998, -24.672140308283577], [-49.68117113599993, -24.671729705283607], [-49.68189887999995, -24.670899883283607], [-49.68197114399993, -24.67024349528364], [-49.68243367499997, -24.669769719283668], [-49.68257129299996, -24.669113903283687], [-49.68290122099995, -24.66881814928365], [-49.681923359999985, -24.668570655283652], [-49.68154029599997, -24.667974344283678], [-49.681515864999945, -24.667627779283706], [-49.681514378999964, -24.66760672528372], [-49.681505424999955, -24.667593873283717], [-49.68116853699996, -24.66711015228371], [-49.680577347999986, -24.666833513283716], [-49.68001365899994, -24.666828560283694], [-49.67955127299996, -24.666824494283716], [-49.67860516099995, -24.666914884283738], [-49.67823725799997, -24.666892197283726], [-49.67782678399993, -24.666463853283744], [-49.67750588599995, -24.666164902283754], [-49.67710553899997, -24.665717195283722], [-49.676752155999964, -24.665481798283757], [-49.67635469599998, -24.66521704228372], [-49.67625857199994, -24.665190617283734], [-49.67551998999994, -24.664987589283747], [-49.67512360799998, -24.66483863028376], [-49.675091419999944, -24.664826533283733], [-49.67498204599997, -24.664785430283732], [-49.67427948199998, -24.664828589283758], [-49.674162757999966, -24.664836691283742], [-49.67394851799997, -24.664851569283737], [-49.67333364799999, -24.66489426628377], [-49.67255361599995, -24.66483057328376], [-49.67187556499993, -24.664881385283735], [-49.670876506999946, -24.66487254928373], [-49.670419348999985, -24.664878215283768], [-49.67041046199995, -24.664878324283766], [-49.66971518299994, -24.664886942283754], [-49.66844480299994, -24.664999075283763], [-49.66778677099995, -24.665199920283744], [-49.66765914399998, -24.66523887728376], [-49.66720662299997, -24.665271026283747], [-49.666529010999966, -24.66485869328377], [-49.666263718999964, -24.664412155283777], [-49.66616096299998, -24.66391770728375], [-49.66619469199997, -24.663611648283794], [-49.66623002599994, -24.663291048283785], [-49.66623955999996, -24.66320452428381], [-49.66628050799994, -24.66283298928381], [-49.66623594799995, -24.662734067283818], [-49.665990317999956, -24.66218881128381], [-49.66561258799993, -24.661695487283836], [-49.66545764899996, -24.661493128283823], [-49.66433123999997, -24.66076748928384], [-49.66368611799993, -24.66049030628386], [-49.66298699699996, -24.66021264528384], [-49.66193581999994, -24.66003054728386], [-49.66104533499998, -24.65997326328387], [-49.65995048599996, -24.66006220528387], [-49.65920393199997, -24.66019889328386], [-49.65872621899996, -24.66026209728388], [-49.65871936999997, -24.66026300228386], [-49.65852528399995, -24.659972952283866], [-49.658523385999956, -24.659257967283885], [-49.65850186399996, -24.6587688202839], [-49.65849933399994, -24.658711323283903], [-49.65833556999996, -24.6579132522839], [-49.657806482999945, -24.656888548283952], [-49.65766776299995, -24.65639377128393], [-49.65762247199996, -24.656058332283962], [-49.65760104199995, -24.65589964028396], [-49.65811523199994, -24.654950059283994], [-49.65830367099995, -24.654162088283986], [-49.65849585699994, -24.653676326284025], [-49.65755332599997, -24.653628945284005], [-49.65746261399994, -24.65357250028398], [-49.65723144999998, -24.653428654284024], [-49.657160860999966, -24.65329641628402], [-49.65716860399993, -24.65257263028401], [-49.65714175599993, -24.651716926284028], [-49.657101102999945, -24.651462874284025], [-49.65697303099995, -24.650662541284074], [-49.65701501399996, -24.650103574284067], [-49.657130206999966, -24.649699305284074], [-49.65716463199993, -24.64957847228409], [-49.65724416999995, -24.649479308284086], [-49.65766870999994, -24.64895000728407], [-49.65764385999995, -24.6485298752841], [-49.65767281999996, -24.647964570284095], [-49.657682188999964, -24.64778171128415], [-49.65768935299997, -24.647641915284108], [-49.657514997999954, -24.64711391828412], [-49.65709769399996, -24.64646927228417], [-49.657030575999954, -24.646297673284177], [-49.65670387299998, -24.64585723128418], [-49.65656008999998, -24.645308843284166], [-49.65660785999995, -24.644840324284193], [-49.656526325999955, -24.644468348284203], [-49.65620693199998, -24.644348256284168], [-49.655843114999975, -24.644384082284226], [-49.65492036999995, -24.644707997284183], [-49.65403932599998, -24.64512997628418], [-49.65264209199995, -24.645840415284145], [-49.65104010199997, -24.645708810284177], [-49.64986690899997, -24.645463804284184], [-49.649014998999974, -24.645163059284183], [-49.64835253699994, -24.6451375642842], [-49.64764479799993, -24.645346131284146], [-49.646592292999976, -24.645805601284152], [-49.64574933299997, -24.64665774028415], [-49.64544478899996, -24.647143478284146], [-49.644884773999934, -24.647529217284095], [-49.64381803999999, -24.64732420228415], [-49.64324698799994, -24.646752408284122], [-49.64263614599997, -24.645906702284183], [-49.641679905999986, -24.645370502284198], [-49.64076875399996, -24.64461977228417], [-49.64001147899996, -24.643479643284227], [-49.63976131399994, -24.642891200284208], [-49.63940532999993, -24.64220410228427], [-49.63838754699997, -24.641432853284268], [-49.637473686999954, -24.640936091284264], [-49.636858245999974, -24.64052018728431], [-49.63652238699996, -24.63995050028426], [-49.63638392899997, -24.639456283284282], [-49.63627563999996, -24.639049455284308], [-49.636218938999946, -24.638365065284322], [-49.63659643699997, -24.63794247228434], [-49.636901999999964, -24.63742845928436], [-49.63694955999995, -24.63665838728436], [-49.63677956099997, -24.636065531284405], [-49.636766644999966, -24.636045184284356], [-49.63641334799997, -24.635488812284365], [-49.63612904599995, -24.63459030228444], [-49.63610288599995, -24.63411629628441], [-49.63647783299995, -24.63315997628441], [-49.63654344399998, -24.63253341728447], [-49.63651842199994, -24.632031929284487], [-49.63651124499995, -24.631888050284495], [-49.63630301799998, -24.631205254284467], [-49.63625607699998, -24.6301117882845], [-49.636285475999955, -24.62945366628451], [-49.636483547999944, -24.62902081228453], [-49.636709187999934, -24.62879734228455], [-49.63684185999995, -24.628546132284505], [-49.63724164799999, -24.62783300828457], [-49.637770159999945, -24.627300236284537], [-49.63810395699994, -24.626646241284558], [-49.63863698899996, -24.625695404284578], [-49.63903675699999, -24.624982274284637], [-49.63900758399996, -24.624686008284623], [-49.63854849499995, -24.624392425284597], [-49.63819875199994, -24.624107036284602], [-49.637923909999984, -24.623861441284646], [-49.637715121999975, -24.62367486728465], [-49.63753539899995, -24.623254370284673], [-49.63753687299993, -24.623249742284674], [-49.63769520999995, -24.622751858284648], [-49.63813195499995, -24.622130895284652], [-49.63861453999993, -24.6213490782847], [-49.63862510699994, -24.621310089284684], [-49.63877532499998, -24.620755860284714], [-49.63893966799998, -24.620361394284732], [-49.63896776699994, -24.620293956284705], [-49.63904184499995, -24.620176866284698], [-49.63925943099997, -24.619832949284703], [-49.63950480599994, -24.619573104284736], [-49.63986266399996, -24.619409184284716], [-49.639914792999946, -24.619385306284727], [-49.64048645699996, -24.619234395284746], [-49.64122136699996, -24.61887299428472], [-49.64164476399998, -24.618463565284742], [-49.641963026999974, -24.61821561928475], [-49.64230939999993, -24.61817726728475], [-49.64250728199994, -24.61819551528476], [-49.642672877999985, -24.618210785284766], [-49.64318033799998, -24.61818512828478], [-49.64340137199998, -24.618136721284777], [-49.643734090999935, -24.617944926284743], [-49.643900633999976, -24.617848921284757], [-49.64461054999999, -24.61745214928478], [-49.64495865299995, -24.617244501284773], [-49.64514320099994, -24.61713441428477], [-49.64591043899998, -24.616462163284822], [-49.64613382199996, -24.61626642828479], [-49.64636978599999, -24.615855305284807], [-49.646375732999964, -24.615671751284825], [-49.646197196999935, -24.615500976284803], [-49.645999297999936, -24.615448800284813], [-49.64574703699997, -24.6153255742848], [-49.64549576199994, -24.615111650284813], [-49.64527779499998, -24.61483292628483], [-49.64495732499995, -24.614559656284847], [-49.64484125399997, -24.614460679284868], [-49.64472248399994, -24.614227787284822], [-49.64478757899996, -24.614081289284844], [-49.64498030899995, -24.613940289284855], [-49.64520141199994, -24.613778532284854], [-49.64559171299993, -24.613368794284835], [-49.64588138099998, -24.613089181284863], [-49.646631327999955, -24.61239890728486], [-49.64729629899995, -24.611721043284927], [-49.647502051999936, -24.61146841428489], [-49.64798899499994, -24.610870530284895], [-49.648491682999975, -24.61026020728492], [-49.64896122399995, -24.609866548284938], [-49.64995884399997, -24.60915457928493], [-49.65037061799996, -24.60879541428498], [-49.65088462699998, -24.608154945284976], [-49.65089774899996, -24.608140413284957], [-49.65150732299997, -24.607593936284964], [-49.652363593999944, -24.606944585284985], [-49.652637049999946, -24.60581217628503], [-49.65284133799997, -24.605037524285027], [-49.652391746999974, -24.604316746285022], [-49.65142021199995, -24.603531562285053], [-49.65155662099994, -24.602995220285084], [-49.65240902099998, -24.60270420828511], [-49.652935440999954, -24.602350545285116], [-49.65346313699997, -24.601877432285125], [-49.65360081299996, -24.601221640285104], [-49.653739765999944, -24.600446401285122], [-49.65369163999998, -24.600246841285124], [-49.653695477999975, -24.60022907028514], [-49.653692132999936, -24.600073284285145], [-49.65369079599998, -24.600011061285166], [-49.65368547299994, -24.59976307428514], [-49.65367034999998, -24.599058527285163], [-49.653637965999955, -24.598877809285202], [-49.653528249999965, -24.59826557028519], [-49.65346442699996, -24.597673703285164], [-49.65500847799996, -24.59714290828522], [-49.65516757299997, -24.59711083328523], [-49.655736567999945, -24.59699611528522], [-49.65598939999995, -24.596945142285225], [-49.65684894999998, -24.59630728228521], [-49.65713080899997, -24.595819430285225], [-49.65824647199997, -24.594439615285246], [-49.65907075399998, -24.59394355928527], [-49.66016714199997, -24.593505844285318], [-49.66050192499994, -24.59334102128528], [-49.660930052999966, -24.593130240285326], [-49.66123026699996, -24.592654776285304], [-49.662105173999976, -24.59180202128534], [-49.662114871999954, -24.59179746428533], [-49.662824016999934, -24.591464198285347], [-49.663586205999934, -24.591403579285338], [-49.66399199699998, -24.59137130328534], [-49.664183444999935, -24.591290988285348], [-49.66463482199998, -24.591101637285334], [-49.66508903499994, -24.59069187528534], [-49.66585539399995, -24.589597925285368], [-49.66600900699996, -24.589418568285396], [-49.666493875999954, -24.588852459285377], [-49.667218949999956, -24.588547086285377], [-49.667788918999975, -24.58830703328542], [-49.66823382399997, -24.588260356285417], [-49.668807188999956, -24.58820019328542], [-49.669482742999946, -24.588322014285403], [-49.67006177499997, -24.588497096285398], [-49.67042084899999, -24.5886056672854], [-49.670425419999965, -24.588609134285395], [-49.670815215999944, -24.588904484285376], [-49.671018379999964, -24.589058424285394], [-49.67157354499995, -24.58995827328538], [-49.67215883799997, -24.590679175285374], [-49.67244001399996, -24.58989707528536], [-49.67283118699998, -24.589578155285377], [-49.67327537699999, -24.589216008285405], [-49.674262434999946, -24.588680830285412], [-49.67452477299997, -24.588538591285406], [-49.674734315999956, -24.58836004328541], [-49.67528446899996, -24.5878912692854], [-49.675255515999936, -24.58706490528544], [-49.67530376299993, -24.58653816728544], [-49.67534057499996, -24.586136272285458], [-49.675476920999984, -24.585731981285473], [-49.67582541199994, -24.5846986202855], [-49.67588454699995, -24.58452325128547], [-49.67640174799993, -24.58359968228548], [-49.676432681999984, -24.583544443285536], [-49.67646930799998, -24.583479041285507], [-49.67653671999995, -24.583358657285505], [-49.67734805799996, -24.582630874285513], [-49.67767674199996, -24.58233603428555], [-49.67841798499995, -24.58181390428552], [-49.67865086699993, -24.581649865285545], [-49.678738572999976, -24.58158808428556], [-49.67953584199995, -24.580941066285575], [-49.68035199399998, -24.580576640285546], [-49.68085535599994, -24.580746106285588], [-49.68123123399994, -24.581204621285565], [-49.68133853099993, -24.58133549928556], [-49.68135650199997, -24.581381470285525], [-49.681595148999975, -24.58199175228554], [-49.68237872499998, -24.58265261928555], [-49.68310694599995, -24.582742137285525], [-49.68315095999998, -24.582706120285515], [-49.68391817899993, -24.582017838285527], [-49.68431692099994, -24.581364291285528], [-49.685370030999934, -24.580596997285593], [-49.68609843699995, -24.57964767328558], [-49.68721434299994, -24.579119833285624], [-49.687596628999984, -24.579045636285624], [-49.68810274599997, -24.57881296228562], [-49.68915696799996, -24.57878772328559], [-49.68983409699997, -24.578828033285607], [-49.689847404999966, -24.57882814128562], [-49.69053452299994, -24.578833594285577], [-49.689997174999974, -24.577624701285654], [-49.690233380999985, -24.576628526285663], [-49.69024428799997, -24.576616791285677], [-49.69061405199995, -24.57621878228565], [-49.69063071099998, -24.576030652285695], [-49.69064455899997, -24.575874253285644], [-49.69069934199996, -24.575255720285693], [-49.690514732999986, -24.5749098992857], [-49.69007060499997, -24.574183185285722], [-49.68989883699993, -24.57360715828571], [-49.69004693099998, -24.57284053728576], [-49.69028920799997, -24.571259253285792], [-49.690292847999956, -24.57065089428579], [-49.690300656999966, -24.57015786328579], [-49.69049705699996, -24.569367873285827], [-49.690545518999954, -24.569320773285806], [-49.69095332999995, -24.568924357285812], [-49.69118521899998, -24.56834120528584], [-49.69159224699996, -24.567392941285867], [-49.691841806999946, -24.566729094285872], [-49.69202257899997, -24.566628907285843], [-49.69263677199996, -24.566288513285873], [-49.692930517999976, -24.56613836328591], [-49.69365031099994, -24.56577043728589], [-49.693696243999966, -24.565746958285892], [-49.69425118899994, -24.56457114328591], [-49.694333264999955, -24.564397246285893], [-49.69445418999993, -24.563749237285933], [-49.69451044999993, -24.563447764285957], [-49.694410380999955, -24.56220772028593], [-49.69422315199995, -24.56163691028595], [-49.69408202899996, -24.56120664528599], [-49.69374724999995, -24.560825111286015], [-49.693325494999954, -24.560609939285996], [-49.69332029199995, -24.560607281286025], [-49.69292361799995, -24.560404906286003], [-49.69263832099995, -24.560315171285996], [-49.69254519499998, -24.56028587928603], [-49.69236091199997, -24.56022791728601], [-49.69218010199995, -24.560186880285983], [-49.69199430299994, -24.560144710286007], [-49.691572418999954, -24.560048966286], [-49.69101007499995, -24.559837549285994], [-49.690749865999976, -24.55952549628605], [-49.69075115199996, -24.559401657286024], [-49.690755227999944, -24.55900921928603], [-49.69084659499998, -24.558783836286043], [-49.69110285199997, -24.558151696286068], [-49.69122472799995, -24.55790539828604], [-49.691679473999955, -24.556986370286058], [-49.692514151999944, -24.556339603286084], [-49.693064521999986, -24.556284032286076], [-49.69345600199995, -24.55624450228609], [-49.694168859999934, -24.556457208286098], [-49.69491310699994, -24.556847702286078], [-49.694628293999976, -24.556247863286078], [-49.69440177499995, -24.55577079928609], [-49.69422145999994, -24.55501195728613], [-49.69422762199997, -24.55492129028613], [-49.69426097799993, -24.554430321286144], [-49.694261866999966, -24.554417212286143], [-49.694265867999945, -24.55435833228617], [-49.694820677999985, -24.553254282286144], [-49.69518468199993, -24.552851734286143], [-49.695380506999975, -24.552726334286145], [-49.69598025199998, -24.55234229228619], [-49.69625062099993, -24.55225763428615], [-49.697126486999935, -24.55198337728616], [-49.697263949999986, -24.551940333286158], [-49.69851213399994, -24.551331525286198], [-49.69878555499997, -24.551155022286235], [-49.69899543599996, -24.551019537286194], [-49.69914630399995, -24.550922147286176], [-49.69945927699996, -24.55072010928619], [-49.69959594799996, -24.5505729392862], [-49.69983983099996, -24.550310330286194], [-49.70004654599996, -24.549967513286216], [-49.69924733999994, -24.549375833286213], [-49.69849972399993, -24.54888747628623], [-49.69790369699996, -24.548297160286246], [-49.69730335699995, -24.547530626286278], [-49.69719799599994, -24.54739609928629], [-49.69714285699996, -24.547254430286262], [-49.69692736099995, -24.546700718286285], [-49.69679473999997, -24.54635995828632], [-49.69687924599997, -24.54546572528635], [-49.697122760999946, -24.54503956128632], [-49.697637439999944, -24.54478779828634], [-49.69771452699996, -24.544750089286367], [-49.698619376999936, -24.54458578928633], [-49.69948481499995, -24.54459325728636], [-49.699818394999966, -24.54466518928631], [-49.70064880099994, -24.54484424828632], [-49.702538966999946, -24.544832341286337], [-49.70403709899995, -24.54470130128635], [-49.704944061999974, -24.54433045228633], [-49.70528977599997, -24.54383489628636], [-49.70529199899994, -24.543831711286334], [-49.70570791599994, -24.543235517286373], [-49.70590558599997, -24.54230782128637], [-49.70598251299998, -24.54193066928639], [-49.70569041999993, -24.541273324286422], [-49.70571208699994, -24.54085920428642], [-49.705737226999986, -24.540378759286426], [-49.70601084799995, -24.539382870286435], [-49.706591062999955, -24.53806311228649], [-49.70670435499994, -24.53780541828648], [-49.70713093599994, -24.536569890286497], [-49.70772098199995, -24.535479637286556], [-49.70825226399995, -24.535060515286524], [-49.709110001999925, -24.534383842286555], [-49.709654160999946, -24.534093176286543], [-49.71058335999993, -24.533811271286595], [-49.71148740899998, -24.533715734286545], [-49.71227578199995, -24.533894573286553], [-49.712762797999964, -24.53410526828657], [-49.712932164999984, -24.534178539286582], [-49.71324981499999, -24.53431595428656], [-49.71362676499996, -24.534250325286564], [-49.71366895299997, -24.533803196286556], [-49.713543215999955, -24.53282831828661], [-49.713416910999975, -24.532074214286624], [-49.71377462099998, -24.53143472428661], [-49.71422071199998, -24.531168124286637], [-49.714380345999984, -24.531072721286648], [-49.71491719599993, -24.53113402828661], [-49.71507200399998, -24.531097673286638], [-49.716183107999946, -24.530987672286656], [-49.71723195599998, -24.530578480286657], [-49.71834184099998, -24.530587915286635], [-49.719647588999976, -24.53059900428662], [-49.72057008699994, -24.529770599286657], [-49.72174585699998, -24.529720837286654], [-49.72188005999993, -24.529363588286675], [-49.72187994899997, -24.529363381286647], [-49.721682244999954, -24.528381022286688], [-49.72133806399995, -24.52768966628669], [-49.721345962999976, -24.52690949628673], [-49.721362355999986, -24.526857634286714], [-49.72147454799995, -24.52650266728675], [-49.72210539099995, -24.526227490286722], [-49.72253107199999, -24.526105839286743], [-49.723665110999946, -24.525781739286753], [-49.72389333799998, -24.525661502286773], [-49.724522529999945, -24.52533003028676], [-49.72567952599997, -24.525018532286786], [-49.72671152199996, -24.52498979228678], [-49.72798750399994, -24.524992118286743], [-49.72883797299994, -24.52522876528674], [-49.72913433399998, -24.52569022428674], [-49.72947670599996, -24.52656513328673], [-49.72966766899997, -24.527530560286692], [-49.73014817499996, -24.52851398828671], [-49.73046898699994, -24.528788396286703], [-49.73108928999994, -24.52931896828669], [-49.73120534799994, -24.529418234286688], [-49.73158612499998, -24.529743922286663], [-49.73170135599998, -24.529842483286675], [-49.73220938599996, -24.530224506286654], [-49.73294958399998, -24.530781102286664], [-49.734942786999966, -24.531797343286645], [-49.735292329999936, -24.531893094286584], [-49.73684405099994, -24.53231813528661], [-49.73760429899994, -24.532423994286578], [-49.738246877999984, -24.53251346128658], [-49.73949921099995, -24.53270751928661], [-49.74022113299998, -24.53270034228657], [-49.739935016999944, -24.532018602286644], [-49.73994204699994, -24.53131378328664], [-49.740048600999955, -24.530984066286642], [-49.74011873099994, -24.530767023286625], [-49.74089464999997, -24.530225261286624], [-49.741155367999966, -24.52983584328664], [-49.74103204299996, -24.529325735286694], [-49.74103512399995, -24.529308895286686], [-49.74116387099997, -24.528604695286685], [-49.74116786699994, -24.528582832286705], [-49.74133943999993, -24.52841094228672], [-49.74154508199996, -24.528204921286672], [-49.742049146999925, -24.527699914286725], [-49.74220957799997, -24.5275391862867], [-49.74229203699997, -24.527456574286738], [-49.74237323799997, -24.527400501286735], [-49.74285235399998, -24.5270696492867], [-49.743018958999976, -24.527049289286758], [-49.74375235699995, -24.52695966528675], [-49.744391158999974, -24.5269649862867], [-49.74456478899997, -24.52696642928673], [-49.74456558699996, -24.526966432286695], [-49.744616733999976, -24.526958615286713], [-49.74529437999996, -24.526855021286718], [-49.74628309499996, -24.52643248028675], [-49.746890278999956, -24.526077357286745], [-49.74727335499995, -24.525853306286756], [-49.74783093299993, -24.525740461286723], [-49.74783701699994, -24.52574236828674], [-49.74783856899995, -24.52574285628675], [-49.747981772999935, -24.524326139286803], [-49.74864409299994, -24.5233759322868], [-49.74969337399994, -24.52290677928682], [-49.75074028499995, -24.522676526286794], [-49.751788371999965, -24.522326812286817], [-49.75225598299995, -24.521255513286842], [-49.75298117699998, -24.520544730286893], [-49.75315051099994, -24.52021191528685], [-49.75315967399995, -24.519284042286902], [-49.75311968999994, -24.51858277228688], [-49.75305021999998, -24.51736429628695], [-49.752677405999975, -24.51610809728696], [-49.75289758399998, -24.51548335628696], [-49.75354302499994, -24.515136248286986], [-49.75428635599997, -24.51499154328697], [-49.75470088399993, -24.51491084728697], [-49.75506130599996, -24.51494252328696], [-49.75568445399995, -24.514997285287006], [-49.756457023999985, -24.515003654286964], [-49.75701118599994, -24.51500821728696], [-49.75821067399993, -24.514900608286965], [-49.75949768299995, -24.514597918287013], [-49.76028946599996, -24.514311170287023], [-49.76030999699997, -24.514303736287015], [-49.76087220399996, -24.514100127286984], [-49.76186229999996, -24.51352085028701], [-49.76215600699994, -24.51314003428699], [-49.76264261899996, -24.512509090287036], [-49.762874548999946, -24.51219145228704], [-49.76346687999995, -24.51138020328708], [-49.76362585399994, -24.51121355228705], [-49.76528308899998, -24.5094762242871], [-49.76627886899996, -24.508309563287117], [-49.76649125399996, -24.507651717287153], [-49.76649367099998, -24.507644227287138], [-49.76649379199995, -24.507643858287114], [-49.766543663999975, -24.507489360287146], [-49.766497097999945, -24.507055096287168], [-49.76646553899997, -24.50676078328714], [-49.766425983999966, -24.50639191428715], [-49.76574470599996, -24.506033908287165], [-49.765735217999975, -24.506030095287183], [-49.76514787599996, -24.505794067287173], [-49.76459114799996, -24.505238394287172], [-49.764554489999966, -24.505201808287207], [-49.764516673999935, -24.504692416287195], [-49.764807443999985, -24.50430096228719], [-49.764863617999936, -24.50422533428721], [-49.76564448299995, -24.504045745287232], [-49.76585017899998, -24.503998436287212], [-49.766957998999935, -24.50388835328724], [-49.76730671099994, -24.50385370028723], [-49.76833376999997, -24.503862084287245], [-49.769787243999986, -24.504030578287228], [-49.77044861699994, -24.504101454287223], [-49.77104449999997, -24.5041653112872], [-49.77136910499997, -24.5042001042872], [-49.772952497999945, -24.50421297828719], [-49.77385459799996, -24.50386787028721], [-49.774224437999976, -24.50350772828726], [-49.774279570999965, -24.50345403828723], [-49.77429150699992, -24.503442414287214], [-49.77437306599995, -24.503362994287254], [-49.77441479999993, -24.503320121287214], [-49.775280847999966, -24.50243051728728], [-49.775705796999944, -24.501770120287254], [-49.775932609999984, -24.501417633287268], [-49.77608846499999, -24.501315344287274], [-49.777052437999934, -24.500682665287272], [-49.777996161999965, -24.500455344287328], [-49.778935717999964, -24.50065874528729], [-49.779012131999934, -24.500688265287273], [-49.77966055699994, -24.50093873028729], [-49.78008546699993, -24.501255447287264], [-49.78013314999998, -24.501282834287306], [-49.780230590999956, -24.501338794287296], [-49.78063875999993, -24.501573200287243], [-49.78154586699998, -24.501719078287255], [-49.781664295999974, -24.50173812228725], [-49.78210613999995, -24.501719235287233], [-49.78319968299996, -24.50125908028726], [-49.784183961999986, -24.500729421287286], [-49.78548943299996, -24.500739928287288], [-49.78692373299999, -24.50093065728729], [-49.785565608999946, -24.49960563028731], [-49.78524842699994, -24.49864736328734], [-49.785249076999946, -24.498639030287357], [-49.78551318399996, -24.49757897328737], [-49.78556284399996, -24.497367030287347], [-49.78563601099995, -24.49705475428738], [-49.78594207499998, -24.49574840928741], [-49.78595076199997, -24.495648944287407], [-49.78600538299997, -24.495539098287367], [-49.78647440799995, -24.494595823287405], [-49.78734853599997, -24.493809849287416], [-49.78845117299994, -24.493263176287456], [-49.788864233999966, -24.493058384287487], [-49.79002604699997, -24.492392182287443], [-49.790087046999986, -24.492328768287503], [-49.79106340799996, -24.491313781287495], [-49.791812207999946, -24.49020370228753], [-49.792229267999964, -24.489236698287527], [-49.79246863399993, -24.48868169628754], [-49.79280525399997, -24.487039644287613], [-49.79282424599995, -24.486939263287574], [-49.793177027999945, -24.48507479928762], [-49.793180044999986, -24.485044408287624], [-49.79335457799993, -24.483284620287655], [-49.793846859999974, -24.482143103287658], [-49.794114818999965, -24.4818729292877], [-49.79491619299994, -24.481064935287698], [-49.79585071699995, -24.480661197287723], [-49.79671687299999, -24.480697475287702], [-49.79679511699993, -24.480706064287702], [-49.797582464999955, -24.480792477287718], [-49.79822510599996, -24.480709479287736], [-49.799639851999984, -24.480427023287717], [-49.80063798499998, -24.48008250728773], [-49.80186463699994, -24.479328604287776], [-49.80296346799997, -24.478514944287777], [-49.80342426799996, -24.4782020022878], [-49.804315660999976, -24.47759663028782], [-49.804416928999956, -24.477527853287793], [-49.80445782699996, -24.477490125287794], [-49.804797321999956, -24.477176917287775], [-49.80526231999994, -24.476747912287795], [-49.805679502999965, -24.476363017287834], [-49.80732684099996, -24.475230581287818], [-49.80747041799998, -24.475173534287837], [-49.80819656199997, -24.474884999287863], [-49.80886848799997, -24.475095893287815], [-49.809271155999966, -24.47541732228781], [-49.809314409999956, -24.475451856287815], [-49.80933920599995, -24.47546726928784], [-49.80988869799995, -24.475808828287835], [-49.81008986899996, -24.47583445728782], [-49.81062592099993, -24.47590274128783], [-49.810670160999955, -24.47590019828783], [-49.81152495799995, -24.4758510792878], [-49.812132873999985, -24.475595069287813], [-49.81262039899997, -24.475389764287804], [-49.81269587999998, -24.475355080287862], [-49.813877366999975, -24.474812223287838], [-49.814097754999985, -24.47468498628783], [-49.814782657999956, -24.474690360287845], [-49.81582683299996, -24.47469854828788], [-49.81699873699995, -24.475006392287842], [-49.81804235599998, -24.475074292287868], [-49.81792187599996, -24.473998159287863], [-49.81806522599993, -24.472625425287927], [-49.818360039999966, -24.471710697287953], [-49.818459351999934, -24.471588944287912], [-49.81862676799994, -24.471383699287895], [-49.81938040399996, -24.46971546328793], [-49.819569995999984, -24.469146072287952], [-49.819809592999945, -24.46842650528798], [-49.820091626999954, -24.46784446328799], [-49.82023493499997, -24.467548705287992], [-49.820785885999946, -24.466965593287995], [-49.82165469299997, -24.466708036288008], [-49.82278155599994, -24.46630562828805], [-49.823340413999965, -24.46601056328802], [-49.82387795499994, -24.465726751288056], [-49.82462276799999, -24.46499827328809], [-49.82465231299994, -24.46476464428806], [-49.824929881999935, -24.46431634928806], [-49.824743539999986, -24.4632994392881], [-49.82501398199998, -24.462286080288113], [-49.82515612799995, -24.461032791288165], [-49.82523024699998, -24.46007763928816], [-49.82556426999997, -24.459243971288195], [-49.82589994899996, -24.458231117288214], [-49.82642916499998, -24.457458696288203], [-49.82709108999995, -24.456448371288253], [-49.82749255199997, -24.45537628928825], [-49.82821915599994, -24.454426192288288], [-49.82874944499997, -24.453534305288287], [-49.82869082199994, -24.452817052288296], [-49.82830760899998, -24.451918086288366], [-49.828381143999934, -24.45102265928839], [-49.82798854499999, -24.451139082288332], [-49.82713920099996, -24.451251962288353], [-49.82629151699996, -24.451185651288338], [-49.825710364999956, -24.45052407528839], [-49.825395749999984, -24.44926723528841], [-49.82521052699997, -24.44813086628844], [-49.825025306999976, -24.446994498288472], [-49.82529293899996, -24.44627978028845], [-49.825822658999975, -24.445447629288463], [-49.825505838999966, -24.44442970528849], [-49.825647398999934, -24.443236140288516], [-49.82630482599995, -24.44270364628856], [-49.82683286399998, -24.442050677288538], [-49.82644637599998, -24.441510080288545], [-49.82586415899993, -24.440967962288557], [-49.82582093099995, -24.44048750128857], [-49.82591706699998, -24.439602631288597], [-49.82623742299995, -24.439156859288634], [-49.82692459299995, -24.43820065028861], [-49.82777458299995, -24.43718119928865], [-49.82818981199995, -24.43668317428865], [-49.82848694099994, -24.435774979288702], [-49.82849128999993, -24.435304001288706], [-49.82849535599997, -24.43486454628872], [-49.828484085999946, -24.434468136288725], [-49.828471141999955, -24.43401260528874], [-49.82844611799993, -24.433248771288753], [-49.82822998399996, -24.43233659728876], [-49.82781975399996, -24.43159915428878], [-49.827121099999935, -24.430830093288773], [-49.82610140899993, -24.4300879142888], [-49.82511462099996, -24.429257869288833], [-49.82448096599995, -24.428401196288863], [-49.82424937199994, -24.427895664288837], [-49.82497382499997, -24.42714208128885], [-49.825138829999965, -24.4266440572889], [-49.82511110699994, -24.426173907288902], [-49.824858033999924, -24.42579012028893], [-49.82444811899995, -24.425023294288927], [-49.823986304999956, -24.42293437628895], [-49.823804724999945, -24.422554121288975], [-49.82375595499996, -24.422451993289], [-49.82345136299995, -24.42181412628899], [-49.82297895099998, -24.42087058428899], [-49.82221787199995, -24.41992479628905], [-49.821676142999934, -24.41953876028905], [-49.82055789199996, -24.419060111289056], [-49.81960275099994, -24.418289025289084], [-49.81813970199994, -24.416499407289084], [-49.81951936499996, -24.416907947289104], [-49.82086648499996, -24.416918442289074], [-49.82269989099996, -24.416374671289116], [-49.82328193999996, -24.416102084289136], [-49.82403481999995, -24.415749488289123], [-49.82559093499998, -24.415020700289137], [-49.82559933299996, -24.41501676628912], [-49.827595231999965, -24.41423922128914], [-49.83010888699994, -24.412966352289178], [-49.83160466999993, -24.411528326289194], [-49.83201823599995, -24.41113072528923], [-49.83330884999998, -24.409589722289258], [-49.83370464799998, -24.40911712928928], [-49.83516648099992, -24.406547024289324], [-49.83533466599994, -24.406251317289303], [-49.836476291999986, -24.404174754289354], [-49.83759069199993, -24.40203044328941], [-49.83852574399998, -24.403914535289367], [-49.839366024999954, -24.404757249289343], [-49.840471039999954, -24.40518385228938], [-49.841583146999945, -24.404833962289345], [-49.84224302699993, -24.404002738289396], [-49.84290398699994, -24.403052050289425], [-49.84389268899997, -24.401924661289403], [-49.84527325799996, -24.400740520289432], [-49.84658749299996, -24.39967532728946], [-49.84815880499996, -24.399030215289507], [-49.850441600999936, -24.399047561289493], [-49.85219991699996, -24.399359568289476], [-49.85350060199994, -24.399787557289468], [-49.855001813999934, -24.399679447289493], [-49.856373652999935, -24.399450878289503], [-49.85839556999997, -24.39946613428948], [-49.86041373699994, -24.399899472289466], [-49.86177646999994, -24.400686263289437], [-49.86281149499997, -24.40164978328945], [-49.862932316999945, -24.402725903289422], [-49.862400349999966, -24.40385685428938], [-49.862721127999976, -24.40445660328938], [-49.86317075699997, -24.405236521289336], [-49.86322207899997, -24.40678999028934], [-49.863270726999986, -24.408642109289293], [-49.86345571399994, -24.409838177289274], [-49.86435715899995, -24.411159089289225], [-49.86559011099996, -24.4118851422892], [-49.86676317999997, -24.412013396289208], [-49.86826772599995, -24.41154677928925], [-49.86884946899994, -24.41214846828919], [-49.86974939099997, -24.413648540289145], [-49.86940940299996, -24.41519908528916], [-49.87024465099995, -24.41663893828909], [-49.87107938599997, -24.418138516289055], [-49.87132437899999, -24.419932363289057], [-49.871572034999986, -24.42142756028902], [-49.872341578999965, -24.422926646288957], [-49.87311273299997, -24.424246538288955], [-49.87394913899994, -24.425566912288907], [-49.87396265499996, -24.42556835228892], [-49.87423877199995, -24.425896353288934], [-49.87425209299994, -24.42590112628893], [-49.87565150299997, -24.426402303288906], [-49.87608408799997, -24.42651497828888], [-49.876865978999945, -24.426718637288886], [-49.877862782999955, -24.426937749288903], [-49.87877971499994, -24.42696502728886], [-49.878918985999974, -24.426969172288903], [-49.87953800099996, -24.42690297728886], [-49.87997810499996, -24.42667031328892], [-49.88083504399998, -24.425921696288928], [-49.881398863999955, -24.425510656288928], [-49.88192428199994, -24.42512760828892], [-49.883140881999964, -24.424499596288953], [-49.88411334799997, -24.423884201288946], [-49.88479921399995, -24.423450169288973], [-49.88612257499995, -24.422398257288954], [-49.88648472199998, -24.421954919289004], [-49.88649960699996, -24.421936693289002], [-49.887357461999954, -24.420886482289006], [-49.88821118499993, -24.41985713628904], [-49.88862772999993, -24.41935489428906], [-49.88873237299998, -24.419228723289038], [-49.88927383599997, -24.418575853289088], [-49.88935561699998, -24.418459007289062], [-49.89016097299998, -24.417308363289088], [-49.89164250999993, -24.415832896289142], [-49.89262751399997, -24.415155926289128], [-49.89402101599995, -24.414906598289143], [-49.89432525699994, -24.414874876289122], [-49.895078361999936, -24.414796355289152], [-49.89590588599998, -24.41444850328915], [-49.896476468999936, -24.41417721128917], [-49.89678553999994, -24.414030258289163], [-49.897142919999965, -24.413984431289162], [-49.89748197599994, -24.413940959289143], [-49.89750772599995, -24.413948100289176], [-49.89774900699996, -24.41401499328916], [-49.89855016699995, -24.41416077828914], [-49.89866574299998, -24.41418180728918], [-49.900271338999964, -24.414590174289135], [-49.901967884999976, -24.414542756289134], [-49.90372398699997, -24.41515283028913], [-49.90267355799995, -24.4159217662891], [-49.90188559799998, -24.416513396289115], [-49.90096043999995, -24.417880572289068], [-49.90107952699998, -24.419195594289064], [-49.90153151199996, -24.419736485289068], [-49.90355481599993, -24.41963168828906], [-49.90551133799994, -24.41970558428905], [-49.90720589499995, -24.419897032289008], [-49.90845357699993, -24.41895028528909], [-49.90976647499997, -24.418003995289112], [-49.91100591799994, -24.4180129182891], [-49.91158636299996, -24.418793643289057], [-49.91184268999996, -24.419333096289034], [-49.91268664399996, -24.41981703828903], [-49.91418806799994, -24.419708348289035], [-49.916154296999935, -24.418647220289063], [-49.91694424599996, -24.417816589289096], [-49.91752319799997, -24.418776486289048], [-49.91856236799998, -24.419321525289075], [-49.919206573999986, -24.420281882289043], [-49.918609784999944, -24.421412576289004], [-49.91768578299997, -24.42266039728897], [-49.91800636099998, -24.42331977028897], [-49.91897778699997, -24.42416299728892], [-49.920211192999936, -24.424888619288907], [-49.921055217999935, -24.425372516288924], [-49.92169794899996, -24.426512055288914], [-49.921097592999956, -24.428060875288867], [-49.920043084999975, -24.429307778288823], [-49.91859405699995, -24.43091026128879], [-49.91773114499995, -24.432636392288742], [-49.918441159999986, -24.43353748728875], [-49.92039587899995, -24.43385012228873], [-49.922159449999974, -24.43362375928871], [-49.92405349899997, -24.433398304288758], [-49.925422570999956, -24.433527504288758], [-49.92626161499994, -24.434608685288698], [-49.92703492399994, -24.435749129288716], [-49.927614535999965, -24.436649259288686], [-49.928457656999974, -24.43725257928866], [-49.92963507699994, -24.436902507288654], [-49.931403209999985, -24.43613845828868], [-49.933036311999956, -24.435911047288712], [-49.93519085499998, -24.435747024288688], [-49.936490714999934, -24.43635351628866], [-49.936998642999974, -24.43802965828863], [-49.93653190899994, -24.439221072288607], [-49.936720129999976, -24.440118415288616], [-49.93645313299999, -24.440833355288568], [-49.93644411199995, -24.441908515288567], [-49.93610785099997, -24.443100845288512], [-49.93498860899996, -24.444287660288534], [-49.934459594999964, -24.44512021828847], [-49.93392806299994, -24.446251431288445], [-49.93391650499996, -24.447625245288457], [-49.93429745299995, -24.448882357288394], [-49.934093160999964, -24.449896405288374], [-49.93271937299994, -24.450304857288412], [-49.93173204799996, -24.451313372288354], [-49.931785212999955, -24.45274737628836], [-49.93105937499997, -24.453697999288323], [-49.92948018799996, -24.455239923288275], [-49.92855805199997, -24.456248876288242], [-49.92828894999997, -24.45720272128825], [-49.927563058999965, -24.45815332428821], [-49.92787467099998, -24.459887833288192], [-49.92870682799998, -24.461805236288143], [-49.92922080099998, -24.462764628288095], [-49.929337173999954, -24.464438017288074], [-49.93110922899996, -24.463255870288087], [-49.93300924899995, -24.46237327828813], [-49.934454958999936, -24.46118878628816], [-49.93577514999998, -24.459406051288195], [-49.936077299999965, -24.459036688288194], [-49.936350095999956, -24.458524733288215], [-49.93680237199993, -24.457867323288202], [-49.93780341099994, -24.45733959428822], [-49.93900692999995, -24.457253674288218], [-49.93986899499998, -24.45771701428822], [-49.93989644299996, -24.45773176728824], [-49.94064771099994, -24.458303256288204], [-49.940649115999975, -24.458304459288225], [-49.941466660999936, -24.4590010462882], [-49.94227984499997, -24.460390833288155], [-49.942785335999986, -24.46158972528812], [-49.94312031999993, -24.462630147288124], [-49.94386927399995, -24.463484717288097], [-49.94571714999995, -24.464441319288056], [-49.94691576399998, -24.46495298228804], [-49.94749050699994, -24.46503928528808], [-49.94801416599995, -24.46511791728809], [-49.94949503299995, -24.46475073628809], [-49.95066373499998, -24.464727398288076], [-49.95210501399998, -24.46498904928804], [-49.952845432999936, -24.465035279288042], [-49.952905413999986, -24.46503902328807], [-49.95323857499994, -24.465059819288076], [-49.95433964899996, -24.465026983288073], [-49.95703334399996, -24.463324467288082], [-49.95868837499995, -24.461887541288117], [-49.95890252899994, -24.46170159728811], [-49.959908988999985, -24.460653101288184], [-49.96029582899995, -24.46025009228817], [-49.96083737799995, -24.459102538288185], [-49.961760755999926, -24.457914185288246], [-49.963069288999975, -24.457505022288213], [-49.96510147599997, -24.456383984288234], [-49.965894772999945, -24.4551349782883], [-49.96675428299994, -24.453766951288312], [-49.96846108599994, -24.45252417128835], [-49.97081746699996, -24.45164420228833], [-49.97225883599998, -24.45093718628838], [-49.973768826999965, -24.449812475288415], [-49.97488100299995, -24.44946160928839], [-49.97637792499996, -24.449949630288412], [-49.97735428999994, -24.450254913288394], [-49.979378060999984, -24.4501491162884], [-49.98081744499995, -24.449680944288385], [-49.98076228299993, -24.44842613228841], [-49.980644273999985, -24.44687222228846], [-49.98111110999997, -24.445620929288488], [-49.981318380999944, -24.444188680288505], [-49.98211719699998, -24.442222795288554], [-49.982195873999956, -24.440550737288586], [-49.982859846999986, -24.439121557288622], [-49.98299896399994, -24.43804725728867], [-49.98255326999998, -24.43667034828867], [-49.982562376999965, -24.43553543828872], [-49.98374443599994, -24.43458761828872], [-49.984337850999964, -24.433815045288732], [-49.98480316399997, -24.43274293128874], [-49.98585326199998, -24.431973414288784], [-49.98749291199994, -24.43090915928878], [-49.98880585099994, -24.429902437288806], [-49.98943892099994, -24.429480535288842], [-49.990446118999955, -24.428530434288874], [-49.99053177099995, -24.428449635288885], [-49.99134179299995, -24.42736989428889], [-49.99238093099995, -24.425984707288887], [-49.992612264999934, -24.425753285288923], [-49.99357575499994, -24.424789412288902], [-49.993769648999944, -24.424540051288922], [-49.99437885799995, -24.42375653828895], [-49.99534600499993, -24.422512661288998], [-49.995667967999964, -24.421922154288993], [-49.99577367099994, -24.421728285289], [-49.99599968399996, -24.421313757288992], [-49.996836863999924, -24.420491610288998], [-49.99688262999996, -24.420446674289], [-49.99699051599998, -24.420312881289032], [-49.99750715399995, -24.419672239289035], [-49.99830392699994, -24.41905314328907], [-49.998488343999945, -24.41831839828905], [-49.99862682799994, -24.41730380828912], [-49.99844007899998, -24.416167596289135], [-50.00007894899994, -24.415162924289124], [-50.00138598399997, -24.414872875289138], [-50.003540587999964, -24.414648131289155], [-50.00498229399995, -24.41382131328917], [-50.005639309999935, -24.41322827328918], [-50.00588564099996, -24.41278512828917], [-50.005886061999945, -24.41277898828919], [-50.006036790999985, -24.41245431828919], [-50.007088462999945, -24.411445712289236], [-50.00729069999994, -24.410610737289232], [-50.007167710999965, -24.409654157289268], [-50.00723901499998, -24.408878059289275], [-50.00790066199994, -24.40768768028931], [-50.00816951699994, -24.40667393228934], [-50.00798176099994, -24.405657192289354], [-50.00746832999994, -24.404578583289396], [-50.007736713999975, -24.40362456828937], [-50.00826460699994, -24.40285146028941], [-50.00931198499996, -24.40238042828941], [-50.009383269999944, -24.401604329289423], [-50.009781154999985, -24.400770628289465], [-50.01004997899998, -24.399756875289487], [-50.01025124399996, -24.399041360289484], [-50.010257760999934, -24.39820509928948], [-50.01019998299994, -24.39724894728954], [-50.01074784299993, -24.396812572289555], [-50.01144772699996, -24.39643037028955], [-50.01222311999993, -24.39610512528955], [-50.01237942599994, -24.396072910289575], [-50.01333267399997, -24.39587642128956], [-50.01444613999996, -24.395776298289583], [-50.01650820599997, -24.395000537289597], [-50.01709921799994, -24.394479976289585], [-50.01783984699995, -24.393827612289577], [-50.01832914499994, -24.392723815289617], [-50.01891810999996, -24.392205643289625], [-50.019340718999956, -24.391833826289663], [-50.02055690099996, -24.39113390128968], [-50.02176943599994, -24.390905802289662], [-50.02213075499998, -24.390829806289645], [-50.02244907299996, -24.39057832328965], [-50.02297636199995, -24.38986489128967], [-50.022981872999935, -24.389148093289695], [-50.023515577999945, -24.387598394289725], [-50.02437078299994, -24.38664812528976], [-50.025482272999966, -24.386296862289736], [-50.02639672599997, -24.38612353228976], [-50.02692534499994, -24.385230884289772], [-50.026668584999975, -24.384691610289785], [-50.02576101099999, -24.38396894128984], [-50.024788687999944, -24.383186116289863], [-50.02394681299995, -24.382404124289835], [-50.02323492499993, -24.38168270128989], [-50.022994770999965, -24.381437299289875], [-50.02277552999993, -24.3806728402899], [-50.02268472099996, -24.38049574028988], [-50.02249636399995, -24.380128396289905], [-50.02191725899996, -24.37944554828993], [-50.02137519099994, -24.37854041128993], [-50.021257290999976, -24.378184683289952], [-50.021095293999956, -24.37769591428995], [-50.02112228499993, -24.377346469289954], [-50.021126623999976, -24.37729025928994], [-50.02115590999995, -24.376911061289995], [-50.021455206999974, -24.375976390289967], [-50.022098407999984, -24.37493531929002], [-50.022439047999974, -24.374182528290007], [-50.022767571999964, -24.37390995929001], [-50.02335585299994, -24.37342186929005], [-50.02445837699997, -24.372850724290085], [-50.02505620199997, -24.372146774290105], [-50.025065692999924, -24.37211921529005], [-50.02525691999994, -24.371563846290076], [-50.02537232799995, -24.37122866829008], [-50.02547860799996, -24.3708046772901], [-50.025625498999936, -24.370463385290126], [-50.02635792499996, -24.37033846029011], [-50.026823509999986, -24.370081927290087], [-50.02713546399997, -24.3697064352901], [-50.02731446399997, -24.369501719290124], [-50.02752522899994, -24.369260665290135], [-50.027953035999985, -24.36847140029016], [-50.02804773599996, -24.368296690290162], [-50.02861885599998, -24.367710519290167], [-50.028826702999936, -24.36747591729019], [-50.02921087499993, -24.36745911329015], [-50.029623492999974, -24.367693356290165], [-50.02965048799996, -24.36769191929019], [-50.03080878099996, -24.36763015929019], [-50.03148111399998, -24.36728055829016], [-50.03184581799997, -24.366740241290163], [-50.031958533999955, -24.36546692329024], [-50.03218235599996, -24.364857918290244], [-50.03275667199995, -24.364599438290245], [-50.033998817999986, -24.36418920229026], [-50.03479174599995, -24.36282031329029], [-50.03590843099994, -24.361752161290305], [-50.037347969999985, -24.361104206290346], [-50.03885089499994, -24.360695585290323], [-50.03950747499994, -24.36010238029031], [-50.040037240999936, -24.35903047729037], [-50.04095598099996, -24.358259714290398], [-50.04176377899995, -24.358018707290398], [-50.04285324099994, -24.357435390290405], [-50.04481971799998, -24.356073847290403], [-50.04600280899996, -24.35482682329043], [-50.04757709699994, -24.353582248290458], [-50.04940859699997, -24.352817162290474], [-50.05064656799994, -24.352944390290467], [-50.05202251099996, -24.352056945290506], [-50.053793645999974, -24.350634322290535], [-50.054587606999974, -24.34908611629057], [-50.054592929999956, -24.348369307290604], [-50.056291699999974, -24.347901991290577], [-50.05785828899997, -24.347672782290605], [-50.05897111699994, -24.347082321290603], [-50.05918971799997, -24.346884740290605], [-50.059350338999934, -24.346292710290612], [-50.059639699999934, -24.34546873129068], [-50.05995323899998, -24.344857248290683], [-50.06076039299995, -24.343658980290705], [-50.06228820199993, -24.3425123482907], [-50.06266553499995, -24.342008055290723], [-50.06293838499994, -24.34164340429073], [-50.06340952499994, -24.340608194290752], [-50.063565394999955, -24.339325006290778], [-50.06360139899993, -24.33902861529079], [-50.06354483799999, -24.337785862290822], [-50.063747213999925, -24.336799998290818], [-50.063933455999965, -24.335892720290843], [-50.06395714099995, -24.335734645290835], [-50.06400352899993, -24.335425042290847], [-50.06417715499999, -24.334266268290907], [-50.06445993099993, -24.33338200429094], [-50.06446138999996, -24.33337743629092], [-50.064463123999985, -24.33337201729094], [-50.06496779999998, -24.331793818290986], [-50.06514988299995, -24.331298367290987], [-50.065677189999974, -24.32986351229101], [-50.06627379799993, -24.328161129291033], [-50.06651875299997, -24.327462148291016], [-50.067535678999946, -24.325756983291082], [-50.068393502999974, -24.32467053629113], [-50.06860096899993, -24.32440777229112], [-50.06935382799997, -24.32356301629114], [-50.07032928099994, -24.322942913291136], [-50.070750687999976, -24.32267501829116], [-50.07114838699994, -24.322562606291147], [-50.071990838999966, -24.322324480291147], [-50.072711543999965, -24.322120761291142], [-50.07426061399996, -24.321540374291143], [-50.07432637799996, -24.321530153291178], [-50.07557521599994, -24.3213360422912], [-50.07722588399997, -24.320944993291175], [-50.07869429099998, -24.3207364712912], [-50.080225035999945, -24.320330931291174], [-50.08146316199997, -24.320398165291202], [-50.08289169499995, -24.321183388291164], [-50.08392825899995, -24.322085707291183], [-50.08515997399996, -24.32304893329111], [-50.08527310799997, -24.323259725291127], [-50.08561372299993, -24.323410091291134], [-50.086844179999964, -24.32455250929108], [-50.08787908999995, -24.32569374129107], [-50.08886078399996, -24.325162000291105], [-50.090236165999954, -24.32427418929115], [-50.09154378599993, -24.323744383291114], [-50.09271719099996, -24.32375140129114], [-50.09384341899993, -24.323357793291134], [-50.094130313999976, -24.323197579291126], [-50.09448457099995, -24.322863297291143], [-50.09552564299998, -24.321880911291203], [-50.09631456599993, -24.321292347291152], [-50.09656102599996, -24.32110847929119], [-50.09691437199995, -24.320811176291173], [-50.09767480199998, -24.320171355291194], [-50.09892279899998, -24.31973430629123], [-50.09966225999994, -24.31947534129124], [-50.10040652799995, -24.31928927729119], [-50.104684737999946, -24.31922192129121], [-50.106494177999934, -24.318848972291217], [-50.10809314599994, -24.318519380291217], [-50.110304472999985, -24.31824042429123], [-50.111646219999955, -24.317823588291237], [-50.111898169999954, -24.317694582291235], [-50.11195602699996, -24.31766495629128], [-50.11343041499998, -24.31694421829125], [-50.11539469999997, -24.315701183291324], [-50.11611753699998, -24.314869064291347], [-50.11645215499994, -24.31361651829132], [-50.11698521199997, -24.311946961291408], [-50.11699306999998, -24.31081198829139], [-50.11641387299994, -24.30973333829141], [-50.115836755999965, -24.308356010291444], [-50.116756744999975, -24.307286082291476], [-50.11728522199997, -24.306273611291477], [-50.11787928399997, -24.305201781291547], [-50.11885904799993, -24.30490877929153], [-50.11977115599995, -24.304973806291528], [-50.12113582199999, -24.305579088291505], [-50.12230413699996, -24.3063026982915], [-50.123670470999976, -24.30666901629147], [-50.12472361399995, -24.305181640291515], [-50.12544796699996, -24.30411053029153], [-50.126822464999975, -24.30328210629158], [-50.12839166599997, -24.302574263291554], [-50.12911352799995, -24.301861547291622], [-50.12938117199997, -24.300847536291645], [-50.12965044099997, -24.299594580291647], [-50.12998447399996, -24.298401732291644], [-50.130837061999955, -24.297630018291677], [-50.131296143999975, -24.297214478291675], [-50.131366199999945, -24.29649802129174], [-50.13136985899996, -24.295960400291733], [-50.13124357399994, -24.29536229629173], [-50.13039954999993, -24.294879563291726], [-50.13183665399999, -24.294409878291752], [-50.13301101799994, -24.294237369291782], [-50.13327580799996, -24.29417280129175], [-50.13334988599996, -24.29405309029179], [-50.13405503599995, -24.293745668291802], [-50.13496077399997, -24.293043005291782], [-50.13587895599994, -24.292785743291798], [-50.136198736999965, -24.292696142291792], [-50.137306397999964, -24.292584464291796], [-50.13749511999998, -24.2925530682918], [-50.13840309699998, -24.292402010291834], [-50.139784678999945, -24.291536784291814], [-50.140309768999934, -24.291199681291843], [-50.140434710999955, -24.29111947229186], [-50.14044300699993, -24.2911141452918], [-50.140586138999936, -24.29102225429185], [-50.14174700499995, -24.290651310291864], [-50.143226958999946, -24.290283806291875], [-50.14464297399997, -24.28970345529184], [-50.14620951599994, -24.289353835291895], [-50.14758053199995, -24.2890031022919], [-50.14849653099998, -24.28847059329187], [-50.14902188999998, -24.287876153291897], [-50.150069808999945, -24.2871054192919], [-50.15124765999996, -24.286395142291912], [-50.15235636199998, -24.286281853291964], [-50.153597779999984, -24.285810865291953], [-50.15510105799996, -24.285162108291953], [-50.156407625999975, -24.284691458291945], [-50.15797250299994, -24.28458065929198], [-50.15921113099994, -24.284527778291995], [-50.161297365999985, -24.284419829291966], [-50.16240800299993, -24.284007784292], [-50.16345228899997, -24.28377458129201], [-50.16495158999994, -24.283723089292018], [-50.165795676999956, -24.284205632291968], [-50.166636652999955, -24.285166062291967], [-50.16669558499996, -24.286122202291928], [-50.167013775999976, -24.28707548829193], [-50.16834165199998, -24.287032659291935], [-50.168567629999984, -24.287025367291914], [-50.16995942799998, -24.286749848291905], [-50.17057321599998, -24.286753199291937], [-50.17114347399996, -24.286756308291917], [-50.17205167499998, -24.287018309291923], [-50.17268091699998, -24.2871998262919], [-50.17369380599996, -24.287393720291906], [-50.17389336999997, -24.287431920291905], [-50.17499852299994, -24.287697456291934], [-50.17567956899995, -24.287861863291937], [-50.17705135399996, -24.288699544291866], [-50.177085531999985, -24.288723330291898], [-50.17807640999995, -24.28941291929188], [-50.17879350599998, -24.289983054291834], [-50.179151295999986, -24.290386091291836], [-50.17925167999993, -24.29078773129184], [-50.17945417999994, -24.290993403291836], [-50.180356565999936, -24.291100418291858], [-50.18074313499994, -24.29103172629184], [-50.18115725599995, -24.290680042291843], [-50.18136530299995, -24.290350845291865], [-50.18153552899997, -24.289853316291847], [-50.18291624299997, -24.28934464429189], [-50.183173400999976, -24.28914157629188], [-50.18374071299996, -24.288693588291867], [-50.18392525499996, -24.28854786129191], [-50.18485672999998, -24.287797846291934], [-50.18602498699994, -24.286948386291915], [-50.18706963399996, -24.28667927229192], [-50.187077605999946, -24.286677221291963], [-50.18787494399999, -24.28677585929196], [-50.18859168499995, -24.28711915429193], [-50.188721819999955, -24.287181489291935], [-50.18938911799995, -24.28749177129191], [-50.19036935699995, -24.287624741291896], [-50.19134642199998, -24.287337041291902], [-50.19242781199995, -24.287295601291934], [-50.19309646199997, -24.287393534291947], [-50.19334739399994, -24.287481305291916], [-50.19341151799995, -24.287503733291942], [-50.193712887999936, -24.287609154291882], [-50.19430505799994, -24.287588696291895], [-50.194747492999966, -24.287470628291942], [-50.19603003799995, -24.286569764291947], [-50.19748461399996, -24.285458447291933], [-50.19835174599996, -24.284381477291966], [-50.198392619999936, -24.28433071429198], [-50.19913370599994, -24.283466359292028], [-50.19916011099997, -24.283451614291977], [-50.19970713999993, -24.283146144291994], [-50.20056523499994, -24.282666959292033], [-50.201298135999934, -24.282118524292002], [-50.20185087899995, -24.282886064292022], [-50.20247144099994, -24.28321975029199], [-50.202825737999945, -24.283410259292033], [-50.203147755999964, -24.283479121292004], [-50.20339126699998, -24.28353119129199], [-50.20348263699998, -24.283556460291983], [-50.20393263099999, -24.28368089229198], [-50.20431790799995, -24.283787435291988], [-50.20450467399996, -24.28383908129197], [-50.20452189699995, -24.283843842291972], [-50.20542219999993, -24.283942930291992], [-50.205663192999964, -24.283887627291982], [-50.205752837999974, -24.283867054292013], [-50.20586165899994, -24.283842085291973], [-50.205866150999945, -24.28384105429202], [-50.20642751099996, -24.28371223829199], [-50.20691351199997, -24.283530274292012], [-50.20764458699995, -24.282538871292047], [-50.20819213699997, -24.281409195292056], [-50.20860436399994, -24.280693652292065], [-50.208842629999936, -24.280280061292096], [-50.209329396999976, -24.27946221029209], [-50.20969931199995, -24.27910480029211], [-50.21047468299997, -24.278589752292103], [-50.211530839999966, -24.27845366829208], [-50.21159307199997, -24.278475427292136], [-50.211941782999986, -24.27859736529208], [-50.21231081899998, -24.278672178292112], [-50.21353946599999, -24.278298917292112], [-50.213900240999976, -24.27822999729213], [-50.213914811999985, -24.278233721292143], [-50.213995415999925, -24.278189953292134], [-50.21496999899995, -24.278672902292126], [-50.215618744999965, -24.279154164292102], [-50.216468866999946, -24.27868063529208], [-50.21777845099996, -24.277671815292134], [-50.218305641999955, -24.276718702292168], [-50.21889689499994, -24.275945133292193], [-50.21936291999997, -24.274334571292176], [-50.219954885999975, -24.273441521292195], [-50.220673892999976, -24.27308677429224], [-50.22223859199995, -24.272975308292228], [-50.22248647799996, -24.27305937929223], [-50.22310081799997, -24.273060950292212], [-50.22433113699998, -24.27279077929226], [-50.224667016999945, -24.272717021292213], [-50.226173140999954, -24.272352204292233], [-50.22636783499996, -24.272371768292256], [-50.22675665799994, -24.272522610292228], [-50.22729224099999, -24.272730386292242], [-50.227984730999935, -24.273135006292225], [-50.228568997999965, -24.273520673292207], [-50.229782524999955, -24.273781172292225], [-50.23068377199996, -24.273714952292224], [-50.230849886999984, -24.2737157932922], [-50.231584590999944, -24.27371950829218], [-50.232252492999976, -24.2739352352922], [-50.23293689199994, -24.274224446292173], [-50.233961219999976, -24.274229611292192], [-50.23440582999996, -24.2737862012922], [-50.23449606099996, -24.2732151182922], [-50.23462983999997, -24.27236639029222], [-50.23463266699997, -24.271894518292235], [-50.234950639999965, -24.271506597292287], [-50.23530678099996, -24.27107210429229], [-50.235956417999944, -24.2700372132923], [-50.23634684899998, -24.269307746292327], [-50.23672055099996, -24.26850665129229], [-50.23712247999998, -24.26812441629234], [-50.23741078799998, -24.267850233292364], [-50.237984310999934, -24.26662619329238], [-50.23800694099998, -24.266118779292363], [-50.23760740999995, -24.265090666292433], [-50.23753279299995, -24.264973773292393], [-50.23719943799994, -24.264451565292394], [-50.23682355699998, -24.263858349292434], [-50.23668950999996, -24.263646797292445], [-50.23621575799996, -24.262833455292444], [-50.23612224599998, -24.262598320292437], [-50.23559846499995, -24.26199128929249], [-50.235081831999935, -24.261212080292477], [-50.234697310999934, -24.260134838292483], [-50.23489886599998, -24.25912028229254], [-50.23495978999995, -24.258875289292515], [-50.235227893999934, -24.25844866929254], [-50.23577875599995, -24.25670544329261], [-50.236044745999955, -24.255777048292614], [-50.236207529999945, -24.25476613529262], [-50.23626668299994, -24.25439878329262], [-50.23633552399997, -24.253971278292617], [-50.236417373999984, -24.253193068292664], [-50.23657445599997, -24.25274556529265], [-50.236864700999945, -24.25256198729269], [-50.237346456999944, -24.25274943429266], [-50.23834259499995, -24.25282336329265], [-50.23855565699995, -24.252802682292693], [-50.23899808799997, -24.252639312292693], [-50.24025785499998, -24.252174139292684], [-50.24072452899997, -24.251887678292672], [-50.241058531999954, -24.251682652292676], [-50.24164810599996, -24.251300731292687], [-50.242584067999985, -24.250463335292697], [-50.24269960699996, -24.25028710629273], [-50.242827397999974, -24.2500921882927], [-50.24357085499998, -24.248958199292744], [-50.243712082999934, -24.248734042292757], [-50.24376281899998, -24.248653515292727], [-50.244302912999956, -24.247796273292753], [-50.24520358199993, -24.24700795629278], [-50.24538782699994, -24.246823559292785], [-50.24595426799994, -24.24625665429283], [-50.24600597199998, -24.24602610229283], [-50.246027081999955, -24.245931983292845], [-50.24603355699998, -24.245903129292785], [-50.24595827499996, -24.245700152292834], [-50.24582950499996, -24.24559538829283], [-50.24554062999994, -24.245435646292837], [-50.244496020999975, -24.24495024629285], [-50.24384803699996, -24.244349632292852], [-50.243332128999945, -24.243450973292845], [-50.24307576699994, -24.2427328242929], [-50.24176886599997, -24.24338345329289], [-50.240461952999965, -24.24403407129288], [-50.240458744999955, -24.24403437029284], [-50.23999599199993, -24.24394178829287], [-50.239252599999986, -24.243793058292834], [-50.23861000499994, -24.243671875292854], [-50.23786420999994, -24.243597355292856], [-50.237015066999966, -24.243593103292877], [-50.23669880999995, -24.243468370292863], [-50.23573341199995, -24.242760862292876], [-50.235396234999946, -24.2423163652929], [-50.235248317999954, -24.242121368292906], [-50.23470239699998, -24.24163308229291], [-50.23360787399997, -24.241051362292904], [-50.233185466999934, -24.24082506429295], [-50.23294098499997, -24.240694086292933], [-50.23227508699995, -24.240171649292968], [-50.231972910999964, -24.23985187229296], [-50.23197240399997, -24.239155558292996], [-50.23202697999994, -24.238636754292987], [-50.232020776999946, -24.23855792829299], [-50.23201176899994, -24.238443400293015], [-50.23199724699999, -24.238258849293004], [-50.23171900099994, -24.237055319293024], [-50.23170240099995, -24.236983500292997], [-50.23169583899994, -24.236456448293016], [-50.23204357299994, -24.235300709293032], [-50.232125836999955, -24.235027289293054], [-50.232145745999965, -24.234743488293084], [-50.23218210599998, -24.234225356293084], [-50.232154960999935, -24.233891071293083], [-50.23213418299997, -24.233635251293066], [-50.23185568799994, -24.232878819293088], [-50.23181880699997, -24.232755977293095], [-50.23125034299994, -24.23132409929311], [-50.231223360999934, -24.231130353293146], [-50.23123223399994, -24.23099639329312], [-50.23131833299993, -24.230941523293133], [-50.23147338599995, -24.23090358329317], [-50.231713025999966, -24.23084455929317], [-50.23180701499996, -24.230821017293167], [-50.231915079999965, -24.230793947293126], [-50.23205583299995, -24.23079465429315], [-50.23232320999994, -24.230804614293152], [-50.23252964299996, -24.23080565229315], [-50.23277363899996, -24.230802576293154], [-50.233085039999935, -24.230789831293166], [-50.233545816999936, -24.23073582429315], [-50.23400327699994, -24.230737606293186], [-50.23428893099998, -24.230454003293172], [-50.235018270999944, -24.22999534229314], [-50.23544950399997, -24.229793538293176], [-50.23586541999998, -24.22967324929317], [-50.23604480099993, -24.229635492293163], [-50.23611781699998, -24.229620122293177], [-50.236578050999974, -24.22952724329316], [-50.23687509999996, -24.229447148293186], [-50.237379734999934, -24.22936808729318], [-50.23799856599993, -24.229312619293204], [-50.23933856999997, -24.229330018293204], [-50.24070037299998, -24.229643544293143], [-50.24124777599996, -24.229707166293185], [-50.241548868999985, -24.229742156293195], [-50.24249015999994, -24.229548180293158], [-50.24301503199995, -24.22935266029318], [-50.24353235099994, -24.229159947293194], [-50.24371400799999, -24.229092277293162], [-50.24382321999997, -24.228966568293206], [-50.24383503899998, -24.228952964293192], [-50.244387552999974, -24.228316998293206], [-50.24468297799996, -24.227935607293205], [-50.24542546899994, -24.226977041293207], [-50.24597547199994, -24.22598049529327], [-50.24599676099996, -24.225941920293263], [-50.24657383999995, -24.22515177529328], [-50.24687337599994, -24.224741641293303], [-50.24706501499998, -24.224479244293267], [-50.247215835999945, -24.224272732293304], [-50.248291567999956, -24.223450296293297], [-50.248342470999944, -24.223411375293292], [-50.24902494999998, -24.222889581293305], [-50.24949973699995, -24.22240501829333], [-50.24952605099998, -24.22237816229335], [-50.249777454999965, -24.222036323293313], [-50.24997742299996, -24.22126069029334], [-50.24991648099996, -24.220543512293347], [-50.25011644599994, -24.21976787929339], [-50.25076783299994, -24.219771085293424], [-50.25187554099995, -24.219716791293372], [-50.25211707599993, -24.219600171293386], [-50.25287818799995, -24.21951090329339], [-50.253257161999954, -24.219281878293376], [-50.25373019999995, -24.218995999293394], [-50.25424762499995, -24.21850305129342], [-50.25450681799998, -24.218268523293407], [-50.254999332999944, -24.217822874293443], [-50.25581091999994, -24.217455133293463], [-50.256751743999985, -24.217028827293458], [-50.25786262999998, -24.21623201829347], [-50.25856079299995, -24.21562196229346], [-50.25879380799995, -24.215266856293496], [-50.25913181999993, -24.214751735293532], [-50.259623436999966, -24.21398263429355], [-50.26040397099995, -24.212752364293557], [-50.261418610999954, -24.211597993293548], [-50.26177721399995, -24.21106021129357], [-50.26219059199996, -24.210755480293614], [-50.262651983999945, -24.210572355293582], [-50.26324776499996, -24.21033589129357], [-50.26336545399994, -24.21030532429361], [-50.26440716399998, -24.210034764293578], [-50.26528218399994, -24.209804046293634], [-50.26518094299996, -24.20968457629362], [-50.26518033599995, -24.209682994293633], [-50.26490216299994, -24.208951795293615], [-50.265009529999986, -24.20817368429365], [-50.26504012099997, -24.207324419293673], [-50.26495619599996, -24.206034516293712], [-50.26479976499997, -24.205416822293692], [-50.26464301799996, -24.204797866293728], [-50.26433798399995, -24.204159339293707], [-50.26380009899999, -24.20227451229378], [-50.26324989099993, -24.201015977293775], [-50.26325236099995, -24.20095893629378], [-50.26327955099998, -24.200331875293806], [-50.263283584999954, -24.20032484429382], [-50.26356491499996, -24.199834924293828], [-50.26361733299996, -24.19974363629386], [-50.26408278899999, -24.19932118129383], [-50.26414130699993, -24.199296667293815], [-50.26512816699994, -24.198883251293857], [-50.26591277099994, -24.198692945293832], [-50.266424152999946, -24.19836402329385], [-50.26681796699996, -24.19811071829385], [-50.266929338999944, -24.19803908129389], [-50.26733278399996, -24.19777958029388], [-50.26763429499994, -24.197545034293885], [-50.26805625099997, -24.197216784293897], [-50.268337428999985, -24.197092130293903], [-50.26858186599998, -24.196983762293865], [-50.269319884999966, -24.196656574293897], [-50.269337055999976, -24.196650895293878], [-50.27009303399996, -24.196400737293914], [-50.27117364599997, -24.19635872029391], [-50.271481654999945, -24.19634600029388], [-50.272283382999944, -24.196312885293874], [-50.273066313999955, -24.196356680293896], [-50.27328288099995, -24.19636879229392], [-50.27402923299997, -24.196301566293926], [-50.274085781999986, -24.196291039293893], [-50.27464723999997, -24.196186532293897], [-50.274788155999936, -24.196089662293907], [-50.275499416999935, -24.19560071829393], [-50.27593768699996, -24.195202846293938], [-50.276145802999956, -24.19501391729395], [-50.27651453499994, -24.19452851829395], [-50.278700783999966, -24.193299546293993], [-50.27973416999998, -24.192718626294003], [-50.27974600099998, -24.192712257293994], [-50.28063183799998, -24.192235436294006], [-50.28092603299996, -24.19207707429397], [-50.28138538399997, -24.191829812294014], [-50.281954735999925, -24.191516690293998], [-50.28231144799997, -24.19132050829404], [-50.28295928099993, -24.190964218294035], [-50.28296355499998, -24.190959926294006], [-50.28402895299996, -24.18988973729407], [-50.28417503299995, -24.189742998294058], [-50.284488296999946, -24.188918647294084], [-50.284498062999944, -24.188672319294085], [-50.28451822399996, -24.188163751294102], [-50.28439343799994, -24.1874789162941], [-50.28429714599997, -24.187048413294093], [-50.284293060999964, -24.187030144294088], [-50.28433094799993, -24.185427256294147], [-50.28433465599994, -24.18436119929417], [-50.28433628899995, -24.183892222294148], [-50.284417393999945, -24.183184758294207], [-50.28442572299996, -24.183169046294214], [-50.284729320999986, -24.1825963522942], [-50.28475148299997, -24.182047800294225], [-50.28419894599994, -24.180847841294224], [-50.28413773899996, -24.180454978294218], [-50.28411201599994, -24.180289866294245], [-50.28409962499995, -24.18021031229427], [-50.28425828099995, -24.179432424294276], [-50.28477871199994, -24.17834949929432], [-50.28518623299994, -24.177702927294337], [-50.28628313299998, -24.176067845294362], [-50.28685522999995, -24.174937959294386], [-50.28770971399995, -24.17396270929439], [-50.28776113499998, -24.17390402129437], [-50.28845944099998, -24.173199431294396], [-50.288769755999965, -24.172894146294418], [-50.28913500499994, -24.17272418529444], [-50.290623394999955, -24.17254885429442], [-50.29129607699997, -24.17234571229445], [-50.292135471999984, -24.171997460294406], [-50.293828463999944, -24.172005308294402], [-50.295002504999964, -24.17165229629446], [-50.296438961999975, -24.17094204229448], [-50.297549506999985, -24.170290014294505], [-50.29866003999996, -24.16963797829449], [-50.299047892999965, -24.169667144294486], [-50.299667065999984, -24.16952330329447], [-50.29989389399998, -24.16940487329448], [-50.30051817699995, -24.169078907294505], [-50.30108703899998, -24.1685152312945], [-50.30116884499995, -24.16827758029448], [-50.301322212999935, -24.167832057294504], [-50.30130248199998, -24.16738455629451], [-50.30129932199997, -24.167312863294523], [-50.30129934599995, -24.16730801529451], [-50.30130252899995, -24.16672300029458], [-50.30147160299998, -24.16629827829454], [-50.30165990699994, -24.166125459294538], [-50.30259630899996, -24.1652660312946], [-50.30326450699993, -24.16486872229456], [-50.30334451899994, -24.164821146294575], [-50.304708757999954, -24.16459141929461], [-50.30578934599998, -24.164501961294615], [-50.306398754999975, -24.16450473329458], [-50.30676656599997, -24.1645064032946], [-50.30773319199995, -24.164321800294626], [-50.30820959799997, -24.16397026829461], [-50.30849475799994, -24.16354685529464], [-50.30862651399997, -24.16295757129467], [-50.30863003199995, -24.16230473829467], [-50.30863096299998, -24.162131692294626], [-50.30863184899993, -24.161966607294648], [-50.308610494999975, -24.161694300294656], [-50.308583726999984, -24.16135291829467], [-50.30857624699996, -24.161342134294642], [-50.308124400999986, -24.16069017529467], [-50.30748456499998, -24.160120990294676], [-50.30703062299994, -24.159526411294692], [-50.306684480999934, -24.159015686294726], [-50.30631058399996, -24.158464002294714], [-50.30587673799993, -24.157848558294734], [-50.30541655199994, -24.157350970294768], [-50.305184766999965, -24.156811534294786], [-50.305168349999974, -24.156773328294786], [-50.30516259199993, -24.156759936294762], [-50.30537392599996, -24.155722717294765], [-50.305513204999954, -24.155320791294788], [-50.30563515299997, -24.154968864294794], [-50.305895480999936, -24.154380176294815], [-50.30636364199995, -24.153482395294848], [-50.30669586599999, -24.15264859429486], [-50.307810382999946, -24.151219872294874], [-50.30937707199997, -24.150450339294913], [-50.310096747999985, -24.149796444294907], [-50.311533838999935, -24.148906820294965], [-50.312449125999926, -24.148194055294972], [-50.31323419599994, -24.14748069929498], [-50.31343237699997, -24.146943922295016], [-50.31512695699996, -24.14659308929499], [-50.31578052699995, -24.14611809229497], [-50.31649919399996, -24.145643385295013], [-50.316765317999966, -24.14456923829504], [-50.31703143699996, -24.143495091295076], [-50.317881554999985, -24.142782000295067], [-50.319124477999935, -24.14165246929509], [-50.31938962299995, -24.14075753629512], [-50.31965539599997, -24.13974312229515], [-50.31998784399997, -24.13843030029519], [-50.32045047799994, -24.137118057295186], [-50.32052062699995, -24.136162512295186], [-50.32104645299995, -24.13520899329528], [-50.32157069499993, -24.13455417129528], [-50.322089577999975, -24.13491492229523], [-50.322673873999975, -24.135216221295224], [-50.323518562999936, -24.135518671295205], [-50.324236198999984, -24.135223144295228], [-50.325087788999944, -24.13421131129524], [-50.32574345099993, -24.133318090295308], [-50.325683992999984, -24.132242487295326], [-50.326082391999925, -24.130750716295342], [-50.32699715599995, -24.130097598295347], [-50.32797700399993, -24.12944476029536], [-50.32902318299995, -24.128553241295375], [-50.329938538999954, -24.12778062429541], [-50.33085170699997, -24.127426181295412], [-50.331246613999944, -24.126591533295418], [-50.331770768999945, -24.12593667329543], [-50.332273216999965, -24.125771472295423], [-50.33295615099997, -24.125223717295473], [-50.33325428899997, -24.12498459129548], [-50.33389707499998, -24.1242652252955], [-50.33457347099994, -24.12343305829553], [-50.334657781999965, -24.123395927295526], [-50.33510457199998, -24.123199151295474], [-50.33524388799998, -24.12313779629552], [-50.335475334999956, -24.123035862295474], [-50.335653959999945, -24.122956675295494], [-50.33663487499996, -24.122521811295503], [-50.337741405999964, -24.12231425529554], [-50.33782984299995, -24.12230216129555], [-50.33874474299995, -24.122177030295553], [-50.339586407999946, -24.12189381129552], [-50.33962450399997, -24.121071860295558], [-50.34004103299998, -24.120059061295557], [-50.340080832999945, -24.119982381295547], [-50.34024875099993, -24.119658841295607], [-50.34026873399995, -24.119642587295598], [-50.34073924699993, -24.11925983729559], [-50.34127435299995, -24.118952012295598], [-50.341512762999976, -24.11881486329559], [-50.34223546099998, -24.118251689295626], [-50.34309321599994, -24.116958629295635], [-50.343498060999934, -24.11624532329568], [-50.34366075499997, -24.115958666295676], [-50.34386860899997, -24.115592445295654], [-50.34437595699996, -24.11472905829568], [-50.34449097099998, -24.114533332295668], [-50.344972895999945, -24.113617557295683], [-50.34503608999995, -24.11349747329569], [-50.345914480999966, -24.112686966295723], [-50.34684247099995, -24.112136682295752], [-50.347033204999946, -24.111761955295744], [-50.34715405299994, -24.111524532295768], [-50.347181552999984, -24.111170723295785], [-50.34705398299997, -24.110981415295765], [-50.34682382499994, -24.11074447429576], [-50.34641469499997, -24.110318008295792], [-50.34607029799997, -24.10893764829585], [-50.34605397399997, -24.10866886529583], [-50.34598568599995, -24.108314737295792], [-50.34572868999992, -24.107656481295873], [-50.34553617399996, -24.107117983295854], [-50.34551750999998, -24.107098527295843], [-50.346255119999974, -24.1065236442959], [-50.34659105999997, -24.106312281295896], [-50.34725628899997, -24.10538239129591], [-50.347506933999966, -24.10488290629588], [-50.347807685999946, -24.10428356229592], [-50.34824463199993, -24.102762878295934], [-50.348412732999975, -24.101549080295985], [-50.348693200999946, -24.10121908629597], [-50.34885232899995, -24.101031857295972], [-50.34913745199999, -24.10056116129601], [-50.34906165199993, -24.100301290295988], [-50.348996708999955, -24.10022257829598], [-50.348753683999966, -24.099928024296002], [-50.348729534999954, -24.099898754296042], [-50.34844834799998, -24.099590818296022], [-50.34798795399996, -24.099140541296013], [-50.34772074399996, -24.098770405296055], [-50.347246619999964, -24.098335135296033], [-50.34723895199994, -24.098221526296054], [-50.34723000099996, -24.098089042296053], [-50.34722270999998, -24.09798110229604], [-50.347301492999975, -24.09765110629604], [-50.347638382999946, -24.09710985129608], [-50.34779091599995, -24.096872355296068], [-50.34800108699994, -24.096545109296102], [-50.34836308199994, -24.096121937296104], [-50.34890414999995, -24.09586469129611], [-50.34898138799998, -24.095844097296077], [-50.34928161999994, -24.095764052296133], [-50.35003613699996, -24.095657149296127], [-50.35124630699994, -24.095237575296096], [-50.35232913799996, -24.094581494296126], [-50.35280396599995, -24.094286197296153], [-50.35301911099998, -24.094152392296127], [-50.353308908999956, -24.093972164296158], [-50.35430640499993, -24.09356624229614], [-50.355470743999945, -24.093414999296133], [-50.35551713099994, -24.09341661729613], [-50.356241689999926, -24.093441841296148], [-50.356755384999985, -24.09351479529616], [-50.35693601199995, -24.09357091129616], [-50.35752527599994, -24.093753982296143], [-50.35791722999994, -24.09374402629615], [-50.358580721999935, -24.093428081296143], [-50.35909688099998, -24.093005525296164], [-50.359255394999934, -24.092861329296166], [-50.35971654199994, -24.092441833296164], [-50.36000208399997, -24.091876741296176], [-50.360455608999985, -24.090761522296233], [-50.36132668199998, -24.089098018296237], [-50.36171629199998, -24.088273807296243], [-50.36197716399994, -24.087496245296276], [-50.362078863999955, -24.08719622229631], [-50.36233966499997, -24.086955064296276], [-50.36331816599995, -24.086581613296296], [-50.36346241999996, -24.086533244296287], [-50.364013254999975, -24.086348552296297], [-50.36465694599997, -24.08611527229633], [-50.36492497799998, -24.08593245129632], [-50.36496640099995, -24.085904198296348], [-50.36517817399994, -24.085757450296324], [-50.365507976999936, -24.085528923296334], [-50.36585031499993, -24.084886216296347], [-50.36694768699994, -24.0839040242964], [-50.36734841199996, -24.08354535129635], [-50.36760061599995, -24.08331961529641], [-50.36835999999994, -24.082466136296425], [-50.36951086699998, -24.08160503329641], [-50.36954436099995, -24.081551329296424], [-50.36977642699998, -24.081179245296447], [-50.36991118299994, -24.08096318729642], [-50.36995122999997, -24.080898986296425], [-50.37069221699995, -24.07968294629648], [-50.370754372999954, -24.079580940296466], [-50.370947418999954, -24.079405280296438], [-50.37132229199995, -24.079064176296487], [-50.37227581599996, -24.07852539829647], [-50.372595961999934, -24.078047136296483], [-50.37274655199997, -24.076852050296512], [-50.37298014199996, -24.076381094296515], [-50.373127776999986, -24.07625658529652], [-50.37403815399995, -24.075488797296572], [-50.37451323299996, -24.074911904296567], [-50.374525785999936, -24.074739806296567], [-50.374660844999944, -24.073724744296573], [-50.37427450499996, -24.072886777296596], [-50.373562840999966, -24.072047476296614], [-50.37262084399999, -24.07129110229665], [-50.37264560999995, -24.071188712296657], [-50.37303325899995, -24.070741985296667], [-50.37303968699996, -24.07073201829663], [-50.37347344199998, -24.070059520296674], [-50.37405414699998, -24.069473765296657], [-50.375123015999975, -24.069051659296694], [-50.37529483699996, -24.069040680296666], [-50.37581707299995, -24.069007301296665], [-50.37651113499993, -24.068962938296696], [-50.37676335499999, -24.068844157296667], [-50.377206566999966, -24.06863543329668], [-50.37774939499997, -24.06797696429672], [-50.378036046999966, -24.06715228829675], [-50.378045561999954, -24.067119039296745], [-50.37824515199997, -24.066421676296727], [-50.37870560699997, -24.065793525296744], [-50.37886596799996, -24.065574759296755], [-50.380270739999965, -24.06464604629678], [-50.38037905799996, -24.064574437296802], [-50.38208960099996, -24.06318105829679], [-50.38284984099994, -24.06259361429684], [-50.38345658399993, -24.062124770296844], [-50.38360372599993, -24.06207197529686], [-50.384396152999955, -24.061787639296877], [-50.38469214099996, -24.061681431296844], [-50.38628675499995, -24.06138109329687], [-50.38679092399997, -24.061371538296846], [-50.387314705999984, -24.061361612296874], [-50.38856569599994, -24.061324852296877], [-50.38872821599995, -24.06132007729684], [-50.38946986499996, -24.061020810296846], [-50.38965628899995, -24.060686698296895], [-50.38965918699996, -24.060073224296875], [-50.38937888199996, -24.059576595296885], [-50.38935407599996, -24.05952059429692], [-50.38920775399998, -24.05919022829692], [-50.38908734399996, -24.058918348296913], [-50.38904678899996, -24.058727846296904], [-50.38885811899997, -24.057353022296954], [-50.38931691999994, -24.05663794629697], [-50.39003679399997, -24.055744683296957], [-50.391148407999935, -24.054554263296993], [-50.392129326999964, -24.053482801297037], [-50.392331245999976, -24.05204978729709], [-50.39200962499996, -24.051271860297096], [-50.39116897699995, -24.050193158297095], [-50.390132333999986, -24.04929289629711], [-50.390329752999946, -24.04881574529713], [-50.390920311999935, -24.04774273329714], [-50.39183528399997, -24.046850235297185], [-50.39301157499995, -24.045719799297217], [-50.39399212999996, -24.044708062297246], [-50.394255139999984, -24.044111680297235], [-50.39360911099993, -24.043153244297237], [-50.392962248999936, -24.04237403029728], [-50.39238072499996, -24.04153533029731], [-50.39173331599994, -24.04087559429729], [-50.391087320999986, -24.03991714829733], [-50.390790641999956, -24.039667287297352], [-50.390733732999934, -24.039289747297325], [-50.39084337999998, -24.03887478929736], [-50.39086452799995, -24.03879476029736], [-50.39127692799997, -24.038513251297374], [-50.391738619999956, -24.03837394629737], [-50.39174004399996, -24.03837352029739], [-50.39246040399996, -24.038164017297387], [-50.39354143799994, -24.03774357729737], [-50.394211183999964, -24.037368697297403], [-50.39493341399998, -24.036758064297405], [-50.39624774699996, -24.03589021329741], [-50.39676376399996, -24.035420332297413], [-50.398542702999976, -24.034082373297487], [-50.39917299499996, -24.033762510297475], [-50.39990066499997, -24.03314129629745], [-50.40023088799995, -24.032067223297492], [-50.400170001999975, -24.031170847297496], [-50.400435449999975, -24.03003677929752], [-50.40018053999995, -24.028900672297564], [-50.399729669999935, -24.027943026297574], [-50.399733553999965, -24.027106645297586], [-50.40051407399995, -24.027109701297608], [-50.401880259999984, -24.027055298297643], [-50.40291957199997, -24.02735806529763], [-50.404092006999974, -24.02700417429761], [-50.405588277999975, -24.026950244297627], [-50.407539027999974, -24.027077286297597], [-50.40864558499993, -24.02690233429759], [-50.41014457999995, -24.02625094329764], [-50.41177445999995, -24.025420812297668], [-50.41307612599997, -24.025246577297644], [-50.41476641899994, -24.025432270297635], [-50.41678489699996, -24.02496202629766], [-50.41834779699997, -24.024549768297696], [-50.419068093999954, -24.023477132297707], [-50.41959459699995, -24.022105045297742], [-50.420508651999974, -24.02133184929776], [-50.42155250899998, -24.020618879297768], [-50.42305083599996, -24.02008684429779], [-50.42480771399994, -24.01991422029778], [-50.42597975899997, -24.019619901297755], [-50.427279761999955, -24.019803993297792], [-50.42831723099994, -24.020524781297745], [-50.42889916199994, -24.02130360729777], [-50.430390623999976, -24.022324786297716], [-50.43123458299993, -24.022686378297692], [-50.43181759299995, -24.023226227297677], [-50.43298493699996, -24.024007208297654], [-50.43467603199997, -24.024013457297684], [-50.43571905199997, -24.0234796162977], [-50.436761284999925, -24.02312499429767], [-50.43845548299998, -24.022414298297697], [-50.43949899399996, -24.02176094729772], [-50.44027348199996, -24.021102262297724], [-50.44054508099998, -24.020510170297747], [-50.44080756699998, -24.0199734412978], [-50.441136124999964, -24.019197982297804], [-50.441984736999984, -24.018484160297792], [-50.44211842399994, -24.017648245297845], [-50.44209290799996, -24.017391364297843], [-50.442119712999954, -24.01734953629785], [-50.442451088999974, -24.015916911297868], [-50.44239068799993, -24.014841318297904], [-50.44220047199997, -24.0137055102979], [-50.44155525999997, -24.012508302297928], [-50.44110310299993, -24.01178973829793], [-50.44117046199994, -24.011252296297947], [-50.44175630099995, -24.01113494529798], [-50.442666799999984, -24.011138258297958], [-50.44364362199996, -24.010843093297954], [-50.444491649999975, -24.010248738297992], [-50.44514584799998, -24.009354963298005], [-50.445213956999964, -24.00863829329804], [-50.445152253999936, -24.00786141129804], [-50.44489544999993, -24.007083821298068], [-50.44463890499998, -24.006246490298064], [-50.44516250299994, -24.005471726298058], [-50.44614004199997, -24.004997316298102], [-50.446532538999975, -24.004461047298093], [-50.44744299299998, -24.004464331298106], [-50.44841644199994, -24.004945780298087], [-50.44926186699996, -24.00494881929813], [-50.45030315199995, -24.00477332829809], [-50.451278386999945, -24.0048365642981], [-50.452644073999984, -24.00484144629808], [-50.453426484999966, -24.004366293298126], [-50.45446826399996, -24.00407128829813], [-50.45596350499994, -24.004196087298126], [-50.456616587999974, -24.003541228298122], [-50.45752929199994, -24.003006773298157], [-50.45863583299996, -24.00277171129817], [-50.459999752999984, -24.003194723298144], [-50.46000299399997, -24.00241807329814], [-50.46013704599994, -24.001462655298166], [-50.46059500299997, -24.000807091298178], [-50.46170251299998, -24.000333038298187], [-50.46280827999993, -24.00027717329822], [-50.46309194599997, -24.00019140929821], [-50.46373363399993, -24.000157571298228], [-50.46453432699997, -23.999976643298208], [-50.46496764099993, -23.999878726298203], [-50.46508023999996, -23.99983994529821], [-50.46571355599997, -23.99962177429825], [-50.467154683999986, -23.99894250129826], [-50.46810732199998, -23.998379507298253], [-50.46857689299998, -23.99791244629828], [-50.468674691999986, -23.99781517329829], [-50.46879066799994, -23.99760406629825], [-50.46911460599994, -23.997014430298282], [-50.46932133299998, -23.996708393298263], [-50.469505538999954, -23.99661403929827], [-50.46972410099994, -23.996502088298264], [-50.46973313899997, -23.996497458298283], [-50.470632931999944, -23.996288200298306], [-50.47227898099994, -23.995727573298293], [-50.473929034999976, -23.9949879492983], [-50.47400293099997, -23.994954823298304], [-50.47492887299995, -23.994627654298302], [-50.47567368199998, -23.9946302022983], [-50.476688026999966, -23.994834013298306], [-50.476626728999975, -23.993949172298358], [-50.476635278999936, -23.993507713298367], [-50.47665918299999, -23.992273961298377], [-50.47684315599997, -23.99123636429842], [-50.47715496799998, -23.99034077929842], [-50.47792924799996, -23.98939957429842], [-50.47810375199998, -23.989222746298417], [-50.47816133199996, -23.98916440029847], [-50.47828198899998, -23.989101601298447], [-50.478521644999944, -23.988976862298447], [-50.47865121299997, -23.988768920298476], [-50.47906447899992, -23.988105649298493], [-50.47911726899997, -23.98775188429849], [-50.47878558799994, -23.987208054298474], [-50.47832569599996, -23.98661658329849], [-50.47789244099993, -23.985789249298552], [-50.47751121099998, -23.984796916298563], [-50.47745136399993, -23.98468219229855], [-50.47712895099993, -23.984064134298574], [-50.47692597799994, -23.98344994729855], [-50.47713389899996, -23.982837157298572], [-50.47741125299996, -23.98249598529858], [-50.47854938599994, -23.9820868992986], [-50.47949347699995, -23.98152943529862], [-50.48037707399993, -23.981007683298635], [-50.48117477899996, -23.980609246298638], [-50.48133046199996, -23.980208639298645], [-50.48141014999993, -23.979548215298667], [-50.48184478999996, -23.97848317529867], [-50.48223620999994, -23.977524028298685], [-50.48226598899999, -23.977451055298694], [-50.48319714399997, -23.975778872298754], [-50.48343600199997, -23.97540887029875], [-50.48373066199997, -23.974952429298774], [-50.48424113499993, -23.97454159929877], [-50.48469911099994, -23.973826215298793], [-50.48483342099996, -23.972751282298837], [-50.48451308999995, -23.97155533529882], [-50.48406297199995, -23.970299207298886], [-50.48413155399992, -23.969403285298863], [-50.48426443699998, -23.96868680829891], [-50.48491743499994, -23.967972078298903], [-50.48537585799994, -23.967137205298943], [-50.48518389999998, -23.96635989529897], [-50.48434014799994, -23.965998601298967], [-50.483367802999965, -23.965278408298964], [-50.48278578299994, -23.964499781298997], [-50.481813219999935, -23.963839321299005], [-50.48090495999997, -23.963358305299035], [-50.48012601199997, -23.963056950299006], [-50.47876340299995, -23.962395150299038], [-50.478701753999985, -23.961558531299072], [-50.479487165999956, -23.960246836299078], [-50.47994775099994, -23.958874293299104], [-50.480472617999965, -23.95768119729911], [-50.48151802199993, -23.956370371299197], [-50.482628173999956, -23.95511949929922], [-50.483608052999955, -23.953927924299226], [-50.48452005699995, -23.95345303829923], [-50.48426620399994, -23.951898849299276], [-50.483881871999984, -23.950463709299296], [-50.48407997799996, -23.949687706299315], [-50.48538387699995, -23.948736181299335], [-50.48616795799995, -23.947723162299376], [-50.486496289999934, -23.946887848299372], [-50.48636864799994, -23.946289983299412], [-50.486952735999985, -23.9465309102994], [-50.487729066999975, -23.94662868329939], [-50.487780706999956, -23.946605774299396], [-50.48803102599993, -23.946606614299387], [-50.48847389799994, -23.946608089299364], [-50.48957776999998, -23.946635356299367], [-50.490676568999966, -23.94655487129941], [-50.491426838999985, -23.946499909299373], [-50.49188914899997, -23.9464542512994], [-50.492274805999955, -23.946313948299373], [-50.49265832699996, -23.94607701529939], [-50.49307262599996, -23.94582106229943], [-50.49321168299997, -23.945742756299396], [-50.49380728199998, -23.945407366299424], [-50.493947462999984, -23.945328427299447], [-50.495027489999984, -23.944883648299434], [-50.49558550699993, -23.94459545029941], [-50.49579925299997, -23.94448505129943], [-50.49618784799998, -23.944327839299458], [-50.49652252599998, -23.944192446299464], [-50.49672495799996, -23.944110545299417], [-50.497445181999986, -23.943758961299437], [-50.498061245999956, -23.94378457329944], [-50.498364092999964, -23.943866455299467], [-50.49885629099998, -23.94399953629946], [-50.50009746799998, -23.94397921029944], [-50.50185734399997, -23.943574363299476], [-50.50201591199993, -23.943537881299434], [-50.50473852899995, -23.943216341299475], [-50.50577496799997, -23.943178712299463], [-50.505824121999986, -23.943176927299458], [-50.507126485999954, -23.943129633299453], [-50.507368605999936, -23.943108169299467], [-50.50866741099998, -23.94299299429945], [-50.50900247899994, -23.942884924299445], [-50.509464256999934, -23.942735985299475], [-50.510159653999956, -23.942148295299504], [-50.51029784499997, -23.94201015529952], [-50.51054940099994, -23.941758684299504], [-50.51069899299995, -23.941350928299507], [-50.51102580099997, -23.940874018299535], [-50.511805815999935, -23.940876499299495], [-50.51271583199996, -23.94087938829953], [-50.513624953999965, -23.94112124529951], [-50.51407906799994, -23.9413616572995], [-50.51466564499998, -23.94094530429951], [-50.51512288699996, -23.940349308299506], [-50.51538579099997, -23.939573466299528], [-50.51629780199994, -23.939038644299576], [-50.51671015699998, -23.93892038429956], [-50.516822616999946, -23.938848555299586], [-50.517310245999965, -23.938537099299566], [-50.51836798099998, -23.93798875729958], [-50.51931731299993, -23.937292786299576], [-50.51978415699995, -23.9369999292996], [-50.52014073399993, -23.93677624129961], [-50.52101418399997, -23.9366137912996], [-50.522762125999975, -23.936005729299648], [-50.52330236599993, -23.93570065229964], [-50.52379271799998, -23.934994284299655], [-50.52386000499995, -23.93487162429967], [-50.52441298999997, -23.933863578299647], [-50.524604497999974, -23.9332896582997], [-50.52467255299996, -23.93308570629971], [-50.524775955999985, -23.932857071299665], [-50.52521604599996, -23.931883973299723], [-50.52557914999994, -23.930870451299747], [-50.52583163999998, -23.930419688299757], [-50.52587558799997, -23.930341235299732], [-50.52619929599996, -23.92976333129974], [-50.526793244999965, -23.92879771229976], [-50.52714336499997, -23.92786260229979], [-50.52771590599997, -23.92724483329983], [-50.52836888899997, -23.92641042129983], [-50.528501479999925, -23.925693897299855], [-50.52908945699994, -23.924859281299863], [-50.52947933699994, -23.92419898229986], [-50.52953500199993, -23.924160871299893], [-50.529608318999976, -23.924110677299907], [-50.53034524399993, -23.923650486299913], [-50.53058597199998, -23.923500157299912], [-50.53120982299999, -23.922988110299897], [-50.53256718499995, -23.922208398299908], [-50.53313410899995, -23.921596614299922], [-50.53342371699995, -23.921235278299967], [-50.53348188099994, -23.921162711299953], [-50.533907643999946, -23.920631504299966], [-50.53445117499996, -23.919382543300003], [-50.53501328199997, -23.918392717299998], [-50.535200288999924, -23.918063415299997], [-50.53548405499998, -23.917736713300005], [-50.53638590699995, -23.916698397300035], [-50.53726131399998, -23.915945950300074], [-50.53841921299994, -23.915147150300054], [-50.53981840599993, -23.91421610430012], [-50.53993720099999, -23.914137056300095], [-50.54027528199998, -23.913906466300094], [-50.54069580999993, -23.913619636300112], [-50.54177488399994, -23.91288362530012], [-50.542072754999936, -23.912680455300162], [-50.54271701199997, -23.91195088030014], [-50.54318109099996, -23.91136234930014], [-50.54351766099995, -23.91053747530017], [-50.54386783899997, -23.90960454930023], [-50.543880393999984, -23.909571093300197], [-50.54448691399995, -23.90853134930024], [-50.54488775699998, -23.907757152300263], [-50.54558272599996, -23.90719289030026], [-50.545968210999945, -23.907052450300284], [-50.54679018199993, -23.90686610330027], [-50.54727940099997, -23.906419210300275], [-50.547745409999955, -23.90526435530031], [-50.54841656999997, -23.904157294300315], [-50.549035329999974, -23.903356827300353], [-50.54958334299994, -23.90279731630037], [-50.54991105699997, -23.902462727300335], [-50.550058529999944, -23.90227345730037], [-50.55014336499994, -23.90216457130036], [-50.55086490599996, -23.901238494300415], [-50.55147582699993, -23.900765347300386], [-50.55204866599996, -23.900321686300423], [-50.552868097999976, -23.8994561333004], [-50.55287294699997, -23.89945101130041], [-50.55291454699995, -23.8994197173004], [-50.55331037999997, -23.899121933300414], [-50.553817299999935, -23.899045766300446], [-50.554080719999945, -23.899006181300425], [-50.55482604599996, -23.89870159030045], [-50.55572607199998, -23.898185063300456], [-50.55596647099998, -23.897950781300462], [-50.55611232699994, -23.8978086353005], [-50.556241858999954, -23.897455063300445], [-50.55614008899994, -23.897195208300477], [-50.55591031799997, -23.896840593300503], [-50.55575713799994, -23.896604190300476], [-50.55570709799997, -23.896226502300532], [-50.55578586299998, -23.89570760130052], [-50.55571048699994, -23.895235456300526], [-50.55540381299995, -23.8948570273005], [-50.554942510999986, -23.89466692130052], [-50.55442947699999, -23.89459464630054], [-50.55399573799997, -23.894572393300546], [-50.55394194899998, -23.894569636300552], [-50.55363463499997, -23.89437997030056], [-50.553573268999976, -23.894174336300573], [-50.55350777299997, -23.89395486930056], [-50.55356826499997, -23.89384773130058], [-50.55394672699998, -23.893177456300595], [-50.55407738599996, -23.892493532300556], [-50.55413186599998, -23.891573426300617], [-50.55412188099996, -23.891188680300623], [-50.554109952999966, -23.890729452300608], [-50.55410991299994, -23.890727920300623], [-50.554109194999974, -23.890700288300604], [-50.553906402999985, -23.889968211300612], [-50.553600554999946, -23.889353813300637], [-50.55359737599997, -23.889348908300672], [-50.55314105499997, -23.88864457930066], [-50.55308191499996, -23.888429684300668], [-50.553067591999934, -23.888427007300677], [-50.552745795999954, -23.887529902300706], [-50.552033951999924, -23.88669140730068], [-50.55119258199994, -23.88573304130075], [-50.552230725999955, -23.886154278300754], [-50.55294462199999, -23.886395332300705], [-50.55417810999996, -23.886697634300717], [-50.554213242999936, -23.886716473300723], [-50.55469450399994, -23.886839210300693], [-50.55528364099995, -23.88698945930069], [-50.55578953599996, -23.8871184753007], [-50.556061929999935, -23.887231470300694], [-50.556763331999946, -23.88752242230069], [-50.55711635499995, -23.88753358330072], [-50.55758444299994, -23.887548381300718], [-50.55807672899993, -23.88747740730068], [-50.558168487999986, -23.88746417630071], [-50.558226323999975, -23.887455839300713], [-50.558612702999945, -23.887032214300728], [-50.55871545499997, -23.886643857300715], [-50.558768673999964, -23.88644274530071], [-50.55907821599993, -23.88597170130072], [-50.55941253999998, -23.885760289300723], [-50.55955044899997, -23.88570200430071], [-50.559824884999955, -23.88558601630076], [-50.56046619499995, -23.885314968300765], [-50.56119814599998, -23.88479987830075], [-50.56157546099996, -23.883595581300757], [-50.561654911999945, -23.882864313300797], [-50.56164039399994, -23.882572074300768], [-50.56160684699995, -23.881896721300823], [-50.561514613999975, -23.881355912300805], [-50.56150618799995, -23.88130651530082], [-50.561173950999944, -23.880904426300848], [-50.56103377599993, -23.880797278300864], [-50.560585257999946, -23.880454415300854], [-50.56007363499998, -23.879981016300878], [-50.55971550099997, -23.87964964030087], [-50.55970931799994, -23.87964320530088], [-50.559306368999955, -23.879223736300883], [-50.55911059899996, -23.878460415300875], [-50.55902777399996, -23.878137491300897], [-50.55862810799994, -23.877613381300893], [-50.558598883999935, -23.877575052300887], [-50.55841464999997, -23.87733344730091], [-50.55800582899997, -23.877272891300915], [-50.55744003899997, -23.87718907430089], [-50.557194995999964, -23.877109906300944], [-50.55685049899995, -23.8769986033009], [-50.55662069299996, -23.87675796430094], [-50.55657598999994, -23.87671115230095], [-50.556509456999954, -23.876641485300958], [-50.55587886799998, -23.875981150300955], [-50.55490661099998, -23.87515246330095], [-50.55339624199996, -23.874109837301013], [-50.553232423999994, -23.873986293300995], [-50.552848620999946, -23.87369685330098], [-50.55240446399995, -23.873361900301006], [-50.55201419799994, -23.873067570301032], [-50.55155799499993, -23.872791697301018], [-50.55075949099995, -23.872308823301033], [-50.55014553999996, -23.871764312301057], [-50.54971170599999, -23.871078742301048], [-50.549612330999935, -23.870134584301084], [-50.54963258199996, -23.86994544530111], [-50.549665363999964, -23.86963921630106], [-50.550077451999975, -23.8691920833011], [-50.55059159999996, -23.8689104253011], [-50.55090088999998, -23.868510182301115], [-50.550826030999986, -23.86789645730114], [-50.55069961199996, -23.86735336730113], [-50.55070061199995, -23.86682882430117], [-50.551679011999965, -23.866082002301173], [-50.55214264599994, -23.865564227301203], [-50.55268218699996, -23.86535342530119], [-50.55381194499995, -23.8651207373012], [-50.55419712899993, -23.864870718301184], [-50.55478912399997, -23.864486453301218], [-50.55597452899996, -23.86297969630123], [-50.55598663499996, -23.86297051630123], [-50.55676815199996, -23.862377903301258], [-50.55718355599998, -23.86206290430126], [-50.55820226399993, -23.86140945530126], [-50.55839208899994, -23.861287689301303], [-50.559753988999944, -23.860678078301298], [-50.56100485899998, -23.86039968130132], [-50.56111484399998, -23.86037520730128], [-50.561162467999964, -23.860383415301275], [-50.56137162699997, -23.860419464301284], [-50.56156874699997, -23.860453442301313], [-50.56208925399994, -23.860543150301282], [-50.56253509699996, -23.860813084301284], [-50.56232429299996, -23.859316794301286], [-50.56232706499997, -23.858490918301342], [-50.56225286599993, -23.85766482730134], [-50.562250003999964, -23.85765973530135], [-50.56205152699994, -23.857307215301375], [-50.56194681699998, -23.857121231301356], [-50.561916680999964, -23.857033687301364], [-50.56175274599996, -23.85655744330139], [-50.56174839899996, -23.856544814301373], [-50.561743553999975, -23.856530743301366], [-50.561719001999954, -23.856200317301365], [-50.56195236999997, -23.85546948230143], [-50.56220238999998, -23.85524095530138], [-50.56257001399996, -23.854904918301436], [-50.56275061299993, -23.85473178830143], [-50.56362530399997, -23.85389325230145], [-50.56378415899997, -23.85368214030147], [-50.564192256999945, -23.853139768301432], [-50.564860479999936, -23.852787706301452], [-50.56624862799998, -23.85196573430149], [-50.56658605999996, -23.851716062301495], [-50.56732881099998, -23.851166487301477], [-50.568152672999986, -23.850295724301535], [-50.56864300599995, -23.849424017301562], [-50.56895965799998, -23.848702281301577], [-50.56900952299998, -23.84858862230156], [-50.56926540599994, -23.848005388301594], [-50.56928435099996, -23.847962202301566], [-50.569366800999944, -23.84777427130161], [-50.56998499599996, -23.84702090530159], [-50.570179493999944, -23.846843097301605], [-50.57077340399996, -23.84630011830163], [-50.570953730999975, -23.846135260301626], [-50.57114294099995, -23.845962279301634], [-50.57188181099997, -23.84585111830163], [-50.57191294899997, -23.84584643630164], [-50.572503461999986, -23.845706498301627], [-50.57304232999997, -23.845268586301646], [-50.57319797799994, -23.845142099301654], [-50.57324271899995, -23.845100214301628], [-50.573283708999945, -23.84506184630164], [-50.574278755999956, -23.844130429301647], [-50.57478175599994, -23.84311607930167], [-50.57501856599998, -23.84280973630171], [-50.575383881999976, -23.842337147301695], [-50.57549078699998, -23.842198842301695], [-50.57562058899998, -23.84172726830168], [-50.57565217999996, -23.84150723730172], [-50.575709046999975, -23.841111200301697], [-50.57572558399994, -23.8409960553017], [-50.57613871899997, -23.840171308301755], [-50.576346168999976, -23.83948757630174], [-50.57619401499994, -23.83894443230175], [-50.575828712999964, -23.838500657301758], [-50.57578518299994, -23.83844777230175], [-50.57450755099995, -23.83691046130179], [-50.57368952899998, -23.83603511930184], [-50.57339139299995, -23.835556451301816], [-50.573306754999976, -23.835420547301837], [-50.572821446999974, -23.834782092301847], [-50.572659965999954, -23.834494312301853], [-50.572489906999984, -23.834191252301892], [-50.572454624999985, -23.833931906301892], [-50.57236466299997, -23.833270635301893], [-50.572225669999966, -23.832588176301886], [-50.57219398699994, -23.83243262630191], [-50.57216270099996, -23.832279006301917], [-50.57201181699998, -23.83135831530196], [-50.571993024999976, -23.831216587301935], [-50.57195851899997, -23.830956260301964], [-50.57194107199996, -23.830824635301923], [-50.57188665499995, -23.83041409630196], [-50.57189351799997, -23.830361789301985], [-50.57193125999999, -23.830074147301943], [-50.57199189099999, -23.829612101301958], [-50.57204152799994, -23.829211376302005], [-50.57220742199996, -23.828501899301983], [-50.572257159999936, -23.828289176301976], [-50.57227869199994, -23.828197089301995], [-50.57212843099995, -23.827087622302024], [-50.572131058999965, -23.82628534230203], [-50.57210955699997, -23.82622091630204], [-50.57209804299998, -23.826186421302076], [-50.57208121399998, -23.82613600430206], [-50.57190245099997, -23.82560040130208], [-50.57159619499998, -23.82512761430205], [-50.57127450799993, -23.824864900302078], [-50.57116130799994, -23.824772453302096], [-50.57088040199994, -23.824394124302103], [-50.570765997999956, -23.824101948302097], [-50.57057516599997, -23.823614579302127], [-50.57019173599998, -23.82294130630212], [-50.57009061699995, -23.822763745302137], [-50.56978500199994, -23.82210218430214], [-50.56946598999997, -23.82180312230212], [-50.56927333599999, -23.821699610302126], [-50.56906056099996, -23.821709316302133], [-50.568785918999936, -23.821721843302157], [-50.56809291799993, -23.821861487302154], [-50.567323199999976, -23.82193012030217], [-50.567112686999955, -23.821914032302118], [-50.566682121999975, -23.82188112430214], [-50.56651724499995, -23.821804704302178], [-50.56642602499994, -23.82176241830217], [-50.56624710099993, -23.82157314230216], [-50.56625049599995, -23.82153120830214], [-50.566273849999966, -23.82124286530219], [-50.566659999999956, -23.820819210302172], [-50.56686660299994, -23.820395045302156], [-50.566611209999955, -23.82006397330216], [-50.56625282599998, -23.819850596302203], [-50.56550970899997, -23.819636131302225], [-50.56446022999995, -23.818996059302226], [-50.56421418399998, -23.81880245230219], [-50.56413179799995, -23.81873762630222], [-50.56394859999994, -23.818593465302243], [-50.56348872999996, -23.818049443302215], [-50.563259709999954, -23.817506066302244], [-50.56292762399995, -23.817103980302246], [-50.56264612099994, -23.816914405302263], [-50.56219465299995, -23.816840153302284], [-50.56174953499993, -23.816581508302253], [-50.56126213799996, -23.81660371730226], [-50.56080403399995, -23.816701509302277], [-50.560389458999964, -23.816790006302256], [-50.55972236499997, -23.816858894302246], [-50.558568184999956, -23.816855597302265], [-50.55784055399994, -23.816838635302247], [-50.557414087999966, -23.81682869230224], [-50.55736678299996, -23.816818186302275], [-50.556875874999946, -23.816709163302274], [-50.556840731999955, -23.816667327302238], [-50.55671166899998, -23.816513677302286], [-50.55651823499994, -23.81628339530228], [-50.55629028899995, -23.815950395302277], [-50.55585467599996, -23.815314017302327], [-50.555266777999975, -23.814722402302316], [-50.554918362999956, -23.81427424030233], [-50.554807127999936, -23.8141311593023], [-50.554244893999964, -23.813539614302357], [-50.55378116099996, -23.81320573230234], [-50.55355331499993, -23.813041682302327], [-50.55257647899998, -23.812119641302377], [-50.55222470999997, -23.81178759930236], [-50.551759094999966, -23.811595588302403], [-50.55153320299996, -23.81150243030238], [-50.55068749199995, -23.811311193302352], [-50.55025246399998, -23.81102676630237], [-50.550167201999955, -23.810898381302383], [-50.55013804999992, -23.810854490302365], [-50.55010929899998, -23.810811198302375], [-50.55004834099997, -23.810719411302408], [-50.550077563999935, -23.810561192302405], [-50.55015288199997, -23.810153398302393], [-50.550158310999954, -23.810109007302437], [-50.550337612999954, -23.808643738302425], [-50.55041117899998, -23.80823236930242], [-50.55046836399998, -23.80791261930247], [-50.55057427699995, -23.80694546130245], [-50.55058363899997, -23.806626182302466], [-50.550583942999936, -23.806615838302495], [-50.55060110299996, -23.80603053330249], [-50.55060333499994, -23.8059544803025], [-50.55078529499997, -23.805247107302502], [-50.55097892099997, -23.804837113302526], [-50.55150865199994, -23.803715420302535], [-50.551968734999946, -23.802510639302604], [-50.552129728999944, -23.80208904630262], [-50.552263238999956, -23.80133648630261], [-50.55233893799994, -23.800909810302592], [-50.55247517599998, -23.799991742302637], [-50.552496446999946, -23.799848410302644], [-50.55239604799994, -23.799211007302624], [-50.552166702999955, -23.798785598302633], [-50.551882346999946, -23.798419772302687], [-50.55187724999996, -23.79841321830266], [-50.55170711899995, -23.79819434330268], [-50.55143881199996, -23.797740761302656], [-50.55127367199998, -23.797461580302674], [-50.55110053799995, -23.7965968503027], [-50.55104676199994, -23.796328273302716], [-50.55082873199996, -23.79542327930275], [-50.55081920699996, -23.79538374130273], [-50.55066098299994, -23.79513443430275], [-50.55046330699997, -23.79482295530275], [-50.55030908499998, -23.79457996430276], [-50.549971465999924, -23.794105593302774], [-50.54966757599993, -23.79367860430278], [-50.54940102699993, -23.793137642302796], [-50.54923814599994, -23.792807073302782], [-50.54923976799994, -23.792335144302832], [-50.549472271999946, -23.79184029230281], [-50.54985472399994, -23.79142980330283], [-50.55006426799997, -23.79120490030283], [-50.550476101999955, -23.790757764302853], [-50.55095026199996, -23.790096482302854], [-50.55118584099995, -23.789559454302864], [-50.551199194999974, -23.789532049302842], [-50.55134277299994, -23.789237290302868], [-50.55147216299997, -23.78910419130289], [-50.551811903999976, -23.788754717302883], [-50.55217421499999, -23.78804377130292], [-50.552204095999976, -23.78798514130291], [-50.552323168999976, -23.787340234302885], [-50.55233657699995, -23.787054304302934], [-50.55234417899993, -23.786892204302927], [-50.55228808199996, -23.786210946302955], [-50.55230946299997, -23.78565537330293], [-50.55233590299997, -23.785415760302968], [-50.55243006999996, -23.784562383302998], [-50.55249015499993, -23.784078620302957], [-50.55232377799996, -23.783473594303018], [-50.55229777999994, -23.783379041303018], [-50.55229924999997, -23.782948876303017], [-50.55236044499998, -23.78214248830303], [-50.55236292699993, -23.781417723303033], [-50.55236388199995, -23.78113877830304], [-50.55211259099997, -23.78058241630306], [-50.55193985199997, -23.78008245530307], [-50.55176545199998, -23.77957768830308], [-50.55174648399998, -23.779488959303112], [-50.55163143699997, -23.7789507463031], [-50.551573763999954, -23.778680945303105], [-50.55154321699996, -23.777917968303097], [-50.55153788299998, -23.77778465930312], [-50.55169750599998, -23.776673863303174], [-50.55182341499994, -23.776093638303163], [-50.551915175999966, -23.775670768303154], [-50.552061798999944, -23.77503075530321], [-50.55213265999998, -23.77472144330321], [-50.552309724999986, -23.774202172303188], [-50.55238041499996, -23.77415158630321], [-50.55275875799998, -23.77388084730324], [-50.55348014699996, -23.773649931303215], [-50.554020499999986, -23.77341122930323], [-50.55408480599993, -23.77338282230323], [-50.55451429899995, -23.773079359303217], [-50.554956939999954, -23.772436837303264], [-50.55517975799995, -23.772113397303226], [-50.555461435999966, -23.77131320530326], [-50.55576924799993, -23.770573662303274], [-50.555785749999984, -23.770234671303303], [-50.55579018199995, -23.77014355530328], [-50.55569244999998, -23.769611939303296], [-50.55559896499995, -23.769103428303342], [-50.555602316999966, -23.76811764030333], [-50.55560450599995, -23.767473148303353], [-50.555605542999956, -23.767167693303367], [-50.55547055999994, -23.766772982303355], [-50.55523997499996, -23.7658582163034], [-50.55522568199996, -23.76578000830341], [-50.55520035699994, -23.765641444303412], [-50.555125258999965, -23.765230553303418], [-50.55513892499994, -23.76516055430341], [-50.55518471499994, -23.764926021303392], [-50.55534258399996, -23.7643170703034], [-50.55536765299996, -23.763675156303446], [-50.55544109999993, -23.76334178730343], [-50.55546308199996, -23.763242002303453], [-50.555576489999964, -23.763069257303478], [-50.55563925699994, -23.76297365230346], [-50.55570379699997, -23.762844053303464], [-50.555835333999944, -23.76257989330345], [-50.555836187999944, -23.762328966303485], [-50.555740094999976, -23.761952292303505], [-50.55576182099997, -23.7612891773035], [-50.555782690999926, -23.76087699430348], [-50.55582420699994, -23.760796975303496], [-50.55592474599997, -23.760603192303495], [-50.555959111999975, -23.7605369503035], [-50.55612857699999, -23.760336396303504], [-50.55629149599998, -23.760143587303514], [-50.55646918799994, -23.759427143303544], [-50.556413257999964, -23.758692115303557], [-50.55641489799996, -23.758208181303583], [-50.556433926999944, -23.75801379030355], [-50.55645524299996, -23.75779605430358], [-50.55659233999995, -23.757563435303553], [-50.556743092999966, -23.75734206130359], [-50.55695062099994, -23.7571838883036], [-50.557055471999945, -23.757103972303607], [-50.55713153399996, -23.75705181130355], [-50.55768006299997, -23.75667559430357], [-50.55821704099997, -23.756357175303588], [-50.55823753899995, -23.756345021303602], [-50.558642660999965, -23.75610478630362], [-50.55931932799996, -23.755628754303636], [-50.55981384599993, -23.75527169230362], [-50.55992698899996, -23.754860538303607], [-50.55997726899994, -23.754677814303655], [-50.55999784199997, -23.754603063303662], [-50.55999960599997, -23.75407730530364], [-50.56005338299997, -23.75352779830369], [-50.56021052799996, -23.753121974303664], [-50.56044986999996, -23.752775533303698], [-50.56052360899998, -23.752668798303663], [-50.56087452199995, -23.752187522303718], [-50.56094094399998, -23.75209642430367], [-50.56096898899995, -23.751809778303663], [-50.56099471299996, -23.75154691930371], [-50.56073652799996, -23.75111601530373], [-50.56071980799993, -23.751091230303736], [-50.56050592799994, -23.7507740573037], [-50.56049698299995, -23.750760789303726], [-50.56047818099996, -23.7507329063037], [-50.56038766199998, -23.750571999303748], [-50.56032740999996, -23.750464891303753], [-50.56016847499995, -23.750182365303715], [-50.560039944999964, -23.74979962530376], [-50.560015746999966, -23.749273795303758], [-50.55984539099995, -23.74869841130378], [-50.55981038099998, -23.74858016130376], [-50.55962976899996, -23.748245068303778], [-50.55934466599996, -23.748100868303755], [-50.558925209999984, -23.748099672303784], [-50.55882541699998, -23.74809938730379], [-50.55828021299993, -23.748097830303777], [-50.55788183699997, -23.74801296830378], [-50.55762970599994, -23.747628319303768], [-50.55759465699998, -23.74757484930382], [-50.557185492999956, -23.746950625303803], [-50.557169571999964, -23.746926334303826], [-50.55718722499995, -23.74672335330385], [-50.55667041199995, -23.746004922303804], [-50.555828679999934, -23.745405049303823], [-50.555116964999975, -23.74474579930388], [-50.55453140799995, -23.745162333303828], [-50.553845886999966, -23.74556112630387], [-50.55348592299998, -23.74552694230384], [-50.55224057199997, -23.745284354303855], [-50.55166999399995, -23.745115412303843], [-50.55120383199994, -23.74477948130386], [-50.55081481499996, -23.744658861303844], [-50.55021802799996, -23.74456153330387], [-50.55009275699996, -23.744545253303855], [-50.55007971799995, -23.744543557303878], [-50.549465471999945, -23.74446374930388], [-50.54924697299999, -23.744455925303857], [-50.54873863399996, -23.744437729303865], [-50.54840097199996, -23.744484540303876], [-50.54798492999998, -23.744674509303884], [-50.547711463999974, -23.744774275303836], [-50.54759500899996, -23.744816760303888], [-50.54720575399994, -23.744767821303878], [-50.54668734899997, -23.744527320303877], [-50.54562516499994, -23.74387894830388], [-50.54500317399993, -23.743566441303898], [-50.54448494399998, -23.743278136303882], [-50.54414761599998, -23.74322934230388], [-50.54360002999994, -23.743387953303895], [-50.54357588499994, -23.74339494730388], [-50.54355338199997, -23.74340461430391], [-50.543336816999954, -23.743497649303862], [-50.543133877999935, -23.74358482730387], [-50.543009461999986, -23.743608024303892], [-50.54225060599998, -23.743749500303906], [-50.54219663199996, -23.743761755303908], [-50.54121132199998, -23.743985401303892], [-50.54074325899995, -23.7441990973039], [-50.539963918999945, -23.74434017130388], [-50.53991879299998, -23.744340037303864], [-50.539735640999936, -23.74433949430387], [-50.53957449399997, -23.74433901230385], [-50.53911978699995, -23.74425039430385], [-50.538329190999946, -23.744096312303864], [-50.538161369999955, -23.744071660303884], [-50.53749884599994, -23.743974341303865], [-50.537466639999934, -23.743964802303907], [-50.537321015999964, -23.74392167130387], [-50.53692829299996, -23.74380534730389], [-50.53661759799997, -23.743565432303896], [-50.53644737999997, -23.743321539303885], [-50.53604932999997, -23.74275118830387], [-50.53576570499997, -23.742200674303895], [-50.53555979599998, -23.74169819530393], [-50.53554644099996, -23.741675731303953], [-50.535151212999956, -23.741011189303922], [-50.53514688299998, -23.741003903303962], [-50.53478670499994, -23.740670174303926], [-50.534758746999955, -23.740644261303927], [-50.534421506999934, -23.74057155230393], [-50.53387599699994, -23.740665498303926], [-50.533538506999946, -23.740664480303945], [-50.53344796499993, -23.740622467303968], [-50.53333116299995, -23.740568265303963], [-50.53333218499994, -23.740281487303932], [-50.53346411599994, -23.739684429303974], [-50.53362543999998, -23.73928016230396], [-50.53367366699996, -23.739159301303978], [-50.533831815999974, -23.738490626304024], [-50.533827795999976, -23.737923823304016], [-50.533713956999975, -23.737598332304007], [-50.53352683999998, -23.73709114130402], [-50.53341719899998, -23.736687159304065], [-50.53341715999995, -23.73668702130404], [-50.533372798999956, -23.736523559304054], [-50.533171133999986, -23.736291554304078], [-50.53313556299997, -23.736250626304038], [-50.532988252999985, -23.736098949304026], [-50.53280019699997, -23.735856413304056], [-50.53266150799994, -23.735591338304047], [-50.53265479899994, -23.735167876304097], [-50.53267246799994, -23.73482009830405], [-50.53273161399994, -23.734359020304062], [-50.53275687799999, -23.734185180304074], [-50.53285667899996, -23.73383764730411], [-50.53293144199995, -23.733603469304086], [-50.53296407699997, -23.733426772304124], [-50.53296493599998, -23.733422092304092], [-50.53297311799997, -23.73330001230412], [-50.532842086999956, -23.7333234183041], [-50.53273242399996, -23.733266900304137], [-50.53269450799996, -23.7332473553041], [-50.53265381299997, -23.733141372304125], [-50.53266720299995, -23.732982111304107], [-50.53267096899998, -23.732937259304137], [-50.53267985599996, -23.732748248304116], [-50.53260456299995, -23.732516225304146], [-50.53257424299994, -23.732422782304127], [-50.532378886999936, -23.731628366304125], [-50.532322008999984, -23.73119802930417], [-50.53215838999995, -23.73074112330418], [-50.53210996299999, -23.730605903304173], [-50.532073416999935, -23.730434746304173], [-50.531995065999986, -23.7300678423042], [-50.53188069099997, -23.729386399304204], [-50.53173134399999, -23.728793330304228], [-50.53172711099995, -23.728776527304227], [-50.531475876999934, -23.728255974304243], [-50.53132266799997, -23.728032704304248], [-50.53120472599994, -23.72786083530421], [-50.53081676499994, -23.72746533730424], [-50.53058548599995, -23.727221424304282], [-50.53025429899997, -23.72687214730423], [-50.52992513799996, -23.72636928030427], [-50.52965457099998, -23.725812823304263], [-50.52952165399995, -23.725441620304302], [-50.52946181999994, -23.725274525304307], [-50.52923000199996, -23.724771956304323], [-50.529195106999964, -23.72431203430433], [-50.52917423699995, -23.724036912304335], [-50.52925377699995, -23.7235711393043], [-50.52925692799993, -23.72335851830432], [-50.52873001499996, -23.72304975530435], [-50.52840048199994, -23.722654430304356], [-50.52829814099994, -23.72248644130434], [-50.52814977299994, -23.722242877304378], [-50.52814888199998, -23.722241416304367], [-50.52782005799998, -23.72164893430438], [-50.52756834099995, -23.72127176230437], [-50.52727735999997, -23.720984095304363], [-50.52724670099997, -23.720942290304407], [-50.52694802499997, -23.72053499530441], [-50.52665762799995, -23.720086017304425], [-50.526498260999965, -23.71986432730443], [-50.52638644399997, -23.719708787304395], [-50.52630993599996, -23.719332153304453], [-50.52638922999995, -23.71893807430445], [-50.52654619199996, -23.71859800130445], [-50.526617718999944, -23.718230895304465], [-50.52617742199993, -23.718292172304448], [-50.52563233899997, -23.71829049930445], [-50.52518479099996, -23.718235354304422], [-50.52465995599993, -23.718018660304473], [-50.52425199099997, -23.717784399304477], [-50.523941623999974, -23.717478740304486], [-50.523456572999976, -23.717029152304455], [-50.52334120599995, -23.716897030304494], [-50.52312700999993, -23.716651742304474], [-50.52275817599996, -23.71636382030449], [-50.52223381599999, -23.71602165230447], [-50.521853214999965, -23.71572175530449], [-50.52184558999994, -23.715715749304515], [-50.52110762199993, -23.715229529304494], [-50.520746465999935, -23.715105744304523], [-50.520738209999934, -23.715102918304513], [-50.520116128999966, -23.71486798330454], [-50.519688653999935, -23.714651570304515], [-50.51963818999997, -23.714614142304523], [-50.51910622999998, -23.71421959330451], [-50.518737879999954, -23.713806202304525], [-50.51831218199993, -23.713105849304586], [-50.518061424999985, -23.71247773630459], [-50.51788768299997, -23.712082877304564], [-50.51767506699997, -23.71166996530457], [-50.517442856999935, -23.7112928443046], [-50.51734684899998, -23.71093407330463], [-50.517348955999985, -23.710360515304654], [-50.51750738599998, -23.70962614030463], [-50.51764696099996, -23.709094371304676], [-50.51770480699998, -23.70887395930465], [-50.51787205499994, -23.708432237304653], [-50.517901378999966, -23.70835478230466], [-50.51802548999996, -23.70814223630466], [-50.51821480699993, -23.70781804430468], [-50.518413858999956, -23.707408227304697], [-50.517730007999944, -23.707314675304698], [-50.51687332599994, -23.707365774304698], [-50.51609410999998, -23.7075246513047], [-50.51498345099998, -23.707825878304646], [-50.514595441999965, -23.707916189304655], [-50.51422362699998, -23.70800273130467], [-50.51334741199997, -23.70807167230467], [-50.512724513999956, -23.70806971230465], [-50.51216021199996, -23.7080141623047], [-50.51182999399998, -23.707874699304654], [-50.511732638999945, -23.707833578304683], [-50.51134419499994, -23.707599345304672], [-50.51113087199997, -23.707383585304676], [-50.51074236399995, -23.707167272304734], [-50.51029505599996, -23.707058317304693], [-50.51025018599995, -23.707068940304676], [-50.50984694799996, -23.707164439304666], [-50.50955470299994, -23.707235206304677], [-50.509716720999954, -23.707077173304693], [-50.509847754999946, -23.706949356304666], [-50.51005288999995, -23.706749858304708], [-50.510077098999936, -23.706666325304703], [-50.51018435299994, -23.706296207304735], [-50.510211467999966, -23.705985614304737], [-50.510115320999944, -23.705754541304742], [-50.51112212699996, -23.705522536304755], [-50.511173533999965, -23.705510688304713], [-50.51171971599995, -23.705201736304765], [-50.51195694199998, -23.705070541304718], [-50.51270799599996, -23.70465518730474], [-50.51333247499997, -23.70422698630477], [-50.514112489999945, -23.703847064304746], [-50.51414403299998, -23.703841357304785], [-50.51463191199997, -23.703753099304787], [-50.515098892999966, -23.70380235630479], [-50.516266349999974, -23.703925502304752], [-50.51683767399992, -23.703831696304757], [-50.517861768999985, -23.703384615304774], [-50.51803345899998, -23.703309656304814], [-50.518094591999954, -23.703271338304788], [-50.51894392699995, -23.702738933304804], [-50.51967279999997, -23.7021437393048], [-50.520271724999986, -23.70159593230483], [-50.520350854999954, -23.701523559304803], [-50.52076648499996, -23.701143399304847], [-50.52110701399993, -23.700284108304835], [-50.521058418999985, -23.69937582430486], [-50.520749611999975, -23.698657916304857], [-50.520415027999945, -23.697892132304943], [-50.520203461999984, -23.69741301630493], [-50.52004937099997, -23.697064054304903], [-50.52011803499994, -23.69576911330496], [-50.52031638399996, -23.694754047304947], [-50.52051429299996, -23.693858471304974], [-50.52149051799995, -23.69302504830502], [-50.52207789799997, -23.692070927305043], [-50.52266548899996, -23.691057059305034], [-50.522928903999976, -23.68998244330508], [-50.52306169399998, -23.689146409305124], [-50.52319448299994, -23.688310374305125], [-50.52306690199998, -23.68771252230513], [-50.52274512999997, -23.686994578305125], [-50.52229317699994, -23.68639572530515], [-50.52184188199993, -23.68561763430519], [-50.52184492599997, -23.684781200305206], [-50.52210703099997, -23.684065057305194], [-50.52217385999996, -23.683527548305236], [-50.52237043499997, -23.68299044130523], [-50.52243747999995, -23.682393188305273], [-50.522245251999955, -23.681735389305278], [-50.52198815299994, -23.68107738930526], [-50.52140648099999, -23.680478132305282], [-50.52063041699995, -23.67981852730529], [-50.520580363999954, -23.679777271305323], [-50.52059476399995, -23.679667352305312], [-50.52110576699994, -23.67927742930531], [-50.52183414899997, -23.67877781030535], [-50.52205363499996, -23.678725800305305], [-50.522431482999934, -23.678636263305364], [-50.52305442099998, -23.678590388305345], [-50.52372621099994, -23.67855210830533], [-50.523893286999964, -23.67854259030532], [-50.52424830499996, -23.67852236330533], [-50.52474201199993, -23.678332691305346], [-50.52531425399996, -23.67795206630537], [-50.52536813699999, -23.677402571305365], [-50.525328215999934, -23.67711671130534], [-50.52459939899995, -23.676737713305375], [-50.52454030699994, -23.676706978305383], [-50.523891865999985, -23.676633291305386], [-50.523802486999955, -23.67662786830538], [-50.523616955999955, -23.676616615305356], [-50.523476783999975, -23.676608114305377], [-50.52301032699995, -23.676439391305383], [-50.52225940099999, -23.676006904305382], [-50.52174114199993, -23.675814118305382], [-50.52122375499994, -23.675382347305415], [-50.52093946499997, -23.675070794305423], [-50.52070749699993, -23.674639903305415], [-50.52091638999997, -23.674282075305417], [-50.52110002399996, -23.673732973305444], [-50.521154526999965, -23.67301619430545], [-50.521052657999974, -23.672490109305468], [-50.52069262099997, -23.671604755305495], [-50.520586640999966, -23.6714243683055], [-50.52040695799997, -23.671118514305473], [-50.52038317599994, -23.671078030305527], [-50.52002105599996, -23.67076623530552], [-50.51979928099996, -23.670597294305498], [-50.519296554999976, -23.67021432230554], [-50.518597485999976, -23.669805878305542], [-50.51828352599995, -23.669456476305566], [-50.51808065299997, -23.66923071030554], [-50.517910893999954, -23.668984968305548], [-50.517233273999985, -23.668635465305552], [-50.51678162799993, -23.667976849305553], [-50.51652546099996, -23.667079859305588], [-50.51600983999998, -23.666182058305584], [-50.515234987999975, -23.665223698305635], [-50.51413538799994, -23.66438380930564], [-50.51342277099996, -23.66414258930569], [-50.513062212999955, -23.664090336305645], [-50.51301409399998, -23.66410060630566], [-50.51296015099995, -23.66411235030567], [-50.51244614099994, -23.664224269305677], [-50.51236491999998, -23.664241955305652], [-50.511767733999925, -23.66435956530567], [-50.51091262399995, -23.664675738305647], [-50.51080641399994, -23.664715007305652], [-50.509766990999935, -23.66514189930566], [-50.50975415299995, -23.665147305305616], [-50.50970288399998, -23.66516890030564], [-50.509426447999935, -23.665285359305607], [-50.50861973699995, -23.664963880305635], [-50.50846560699995, -23.66482093230561], [-50.50844608299997, -23.66451635230565], [-50.50850445699996, -23.664166116305683], [-50.50852570699993, -23.664038640305634], [-50.508435332999966, -23.66376475730566], [-50.50842308699998, -23.663727632305655], [-50.508061011999985, -23.66341580230567], [-50.50764750199994, -23.662984319305696], [-50.507575412999984, -23.66277150230566], [-50.50749352999998, -23.662529762305684], [-50.50752081799993, -23.66217137230572], [-50.50775727699994, -23.661383470305722], [-50.50801985199996, -23.660547862305755], [-50.50802088799997, -23.660544885305743], [-50.50826333899994, -23.659847992305767], [-50.508441040999976, -23.659337213305754], [-50.50845504999995, -23.659296941305776], [-50.50851815999994, -23.659115535305755], [-50.508783232999974, -23.65761077030579], [-50.50897734399996, -23.656663434305795], [-50.509047487999965, -23.656321092305845], [-50.509292116999966, -23.65554254530583], [-50.50931004699999, -23.655485478305827], [-50.50946245899996, -23.655276442305837], [-50.50970539499997, -23.654943253305834], [-50.50977943999993, -23.654841705305863], [-50.50981843799997, -23.65477933130589], [-50.51019703099997, -23.654173867305847], [-50.51069218099996, -23.653577970305882], [-50.51118750499996, -23.653243130305903], [-50.51129038299997, -23.65317358530592], [-50.51183537299994, -23.653127502305892], [-50.51217897899995, -23.653128581305914], [-50.51235423799994, -23.653129135305903], [-50.51263306799996, -23.65296062130591], [-50.512902054999984, -23.652318312305933], [-50.512955621999936, -23.6518644083059], [-50.51287946999997, -23.651410096305934], [-50.51288185899995, -23.650764845305964], [-50.513013257999944, -23.650311189305977], [-50.513300835999985, -23.649714627305997], [-50.51363941499994, -23.649357212306], [-50.51389946099994, -23.649190737305997], [-50.514229971999946, -23.64908437330601], [-50.51501871799996, -23.64891496930601], [-50.51582087899994, -23.648742680305975], [-50.51604724799995, -23.648680405306028], [-50.51693753899996, -23.648435482306017], [-50.51729802199998, -23.648247208306028], [-50.51748337999992, -23.648150398306033], [-50.51782238599998, -23.647673483305997], [-50.51786779799994, -23.647556838306016], [-50.518080586999986, -23.647010269306033], [-50.518110460999935, -23.646933526306015], [-50.518086007999955, -23.64652717530604], [-50.517983206999986, -23.646263971306027], [-50.51769889299993, -23.645976307306046], [-50.51728469699998, -23.64573603330609], [-50.51706292399995, -23.64555775730605], [-50.51689670999997, -23.645424144306048], [-50.51645789699995, -23.644825314306072], [-50.51627476799996, -23.644370768306107], [-50.516149405999954, -23.64405959930608], [-50.51578842199996, -23.643461012306137], [-50.51553173599996, -23.642719351306148], [-50.51553001299994, -23.64269511230613], [-50.51550243299994, -23.642307508306164], [-50.51548240699998, -23.64202614430613], [-50.51557344099996, -23.64153325830617], [-50.51574709299995, -23.64059305830619], [-50.515848551999966, -23.640263545306208], [-50.51611465899998, -23.639399279306218], [-50.51612254399998, -23.639320014306215], [-50.51619546799997, -23.63858698430623], [-50.516275922999974, -23.63787027530623], [-50.51622693699994, -23.637081475306235], [-50.51619716999994, -23.636848624306285], [-50.51612607799996, -23.636292504306287], [-50.51589437399996, -23.635813815306275], [-50.515722025999935, -23.635600602306276], [-50.51566196999994, -23.635526302306292], [-50.51524807199996, -23.635214330306273], [-50.514860210999984, -23.634878539306282], [-50.514601783999986, -23.634614844306284], [-50.51439549799994, -23.634279620306327], [-50.51437150199995, -23.633753778306342], [-50.514333345999944, -23.633538364306332], [-50.514295268999945, -23.633323367306314], [-50.514382617999956, -23.632788755306365], [-50.51442796299995, -23.632511229306388], [-50.51450868599994, -23.63172283030636], [-50.514622489999965, -23.630966320306403], [-50.514641642999955, -23.63083900430637], [-50.514709782999944, -23.630454976306403], [-50.514747598999975, -23.6302418663064], [-50.51478197399996, -23.630153105306427], [-50.514904730999945, -23.629836085306426], [-50.51500919299996, -23.629708660306402], [-50.515217401999955, -23.629454684306406], [-50.51542693299996, -23.628905672306452], [-50.515350609999984, -23.628499160306482], [-50.51519612799996, -23.628187996306448], [-50.51518447299998, -23.62814719430645], [-50.51509368999995, -23.62782919730649], [-50.51488759299997, -23.62744617430646], [-50.514806481999976, -23.627004077306488], [-50.51484329899995, -23.626398761306486], [-50.51521827699998, -23.625934470306486], [-50.51560766099993, -23.62544520430652], [-50.51592402699998, -23.625324907306545], [-50.51602325399995, -23.625287180306536], [-50.51640390499995, -23.62522463730653], [-50.516879260999985, -23.625177472306515], [-50.517026646999966, -23.625162848306513], [-50.51782172299994, -23.625260912306555], [-50.51820942799998, -23.6252783583065], [-50.51858244999994, -23.625295141306545], [-50.51944715799993, -23.62526595430654], [-50.519915529999935, -23.624730229306532], [-50.52000282499994, -23.624630383306528], [-50.52006533499997, -23.624403226306555], [-50.52017806099997, -23.623993626306532], [-50.52056277099996, -23.62281582130657], [-50.521014783999924, -23.622148056306585], [-50.521054643999946, -23.622057906306587], [-50.521472089999975, -23.6211138093066], [-50.52152105299996, -23.62100307230661], [-50.521816780999984, -23.620334236306636], [-50.52230451899993, -23.619347929306645], [-50.522963886999946, -23.618712660306684], [-50.523518122999974, -23.618459445306712], [-50.52353367899997, -23.618452339306696], [-50.52421091099995, -23.618142920306685], [-50.524592233999954, -23.61788917130668], [-50.524559490999934, -23.617379235306732], [-50.524423335999984, -23.617215013306694], [-50.52421517099998, -23.61696393630673], [-50.52383615199994, -23.616580394306734], [-50.523053282999975, -23.615882064306717], [-50.52180208799996, -23.614853442306757], [-50.520904720999965, -23.614372705306796], [-50.519936919999964, -23.61424225330679], [-50.51910721099995, -23.614175955306766], [-50.51906938099995, -23.61417471430675], [-50.518140234999976, -23.614144214306766], [-50.51803531799994, -23.61414076430676], [-50.51763258799997, -23.614139513306746], [-50.51748671099995, -23.614139059306765], [-50.51748202899995, -23.61413904730678], [-50.517171616999974, -23.613915026306774], [-50.51648315899997, -23.613052536306768], [-50.51607041099993, -23.6124458143068], [-50.515570337999975, -23.61154749630683], [-50.51555510299994, -23.611520133306804], [-50.51526161099997, -23.611049679306838], [-50.515029579999975, -23.61087099430686], [-50.51490034899996, -23.610771476306848], [-50.514253120999975, -23.610458770306863], [-50.513036919999934, -23.609714107306846], [-50.51307114199994, -23.609714980306872], [-50.514100156999966, -23.609741334306882], [-50.51477577799994, -23.609384968306884], [-50.51521859899998, -23.608860583306896], [-50.51534453299996, -23.60873434630688], [-50.51557294599996, -23.60864498330691], [-50.51687164399994, -23.608111311306896], [-50.51823538599996, -23.607518083306903], [-50.519081519999986, -23.606624508306957], [-50.51979819099995, -23.605670780306976], [-50.521097492999964, -23.60495783430696], [-50.52323833099996, -23.604605942306993], [-50.525249058999975, -23.604373117307], [-50.52615952999998, -23.603599192307023], [-50.52752296999995, -23.603065626307043], [-50.52966503999994, -23.60235516930703], [-50.53115896899993, -23.601582980307075], [-50.53258783699994, -23.600870326307053], [-50.533174925999965, -23.599856399307104], [-50.53398645899995, -23.59901435930712], [-50.53413527699996, -23.598910402307098], [-50.53479343299995, -23.598450636307092], [-50.535493300999974, -23.59807720630714], [-50.53562484699995, -23.598007020307115], [-50.53584986299995, -23.59780098630716], [-50.53587450099997, -23.597778427307155], [-50.53611048499993, -23.597562358307126], [-50.53616765999993, -23.59727781330713], [-50.53618087299998, -23.597212052307167], [-50.53587103199994, -23.596828751307168], [-50.535578192999935, -23.59661744130718], [-50.535250226999956, -23.596380787307186], [-50.534629320999954, -23.59596467930718], [-50.53386999199996, -23.595580027307204], [-50.53314580899997, -23.595036146307223], [-50.53259440299996, -23.594524648307203], [-50.53211260599994, -23.59388590030723], [-50.532034221999936, -23.593310869307267], [-50.53218582299997, -23.592738981307253], [-50.53291302899998, -23.592422521307242], [-50.53398542299994, -23.592266415307286], [-50.53448509999999, -23.591965598307258], [-50.53530209199994, -23.59147373730726], [-50.53623808099996, -23.590775505307285], [-50.53714115899998, -23.589599198307326], [-50.53726358299997, -23.58923666730732], [-50.53756040999996, -23.588357710307356], [-50.53759611599998, -23.587947207307348], [-50.53763245499994, -23.587529435307378], [-50.537393229999964, -23.58673209830739], [-50.536876752999945, -23.586125127307383], [-50.536152053999956, -23.58574058330741], [-50.53556564899997, -23.585356453307433], [-50.53466820199998, -23.584939524307448], [-50.533977747999984, -23.584650665307436], [-50.533460838999986, -23.584171143307472], [-50.533220519999986, -23.583692445307427], [-50.53311916899997, -23.583022978307483], [-50.53311670099998, -23.58300670530745], [-50.533051598999975, -23.582576666307475], [-50.53267299299995, -23.582097549307495], [-50.53222568299998, -23.581601621307485], [-50.53222648799994, -23.581267718307537], [-50.53240070299995, -23.580885861307504], [-50.532748228999935, -23.58037706830752], [-50.53340825299995, -23.57948682830756], [-50.53403358099997, -23.578628351307565], [-50.534901684999966, -23.577547540307577], [-50.53507823699994, -23.5773357403076], [-50.53590851599995, -23.5763396793076], [-50.53636269499998, -23.57581985530762], [-50.537341732999955, -23.57469929430766], [-50.537435778999956, -23.574591655307643], [-50.53755040499993, -23.574344145307638], [-50.53778588399996, -23.573835704307683], [-50.53781895399993, -23.573764304307666], [-50.53782002499997, -23.573747447307674], [-50.537856503999926, -23.57317552330771], [-50.53789210299993, -23.572617381307722], [-50.537794109999936, -23.57174783830772], [-50.537791517999956, -23.571724866307715], [-50.53777446099997, -23.571701112307732], [-50.537392975999985, -23.571169949307734], [-50.537309886999935, -23.571054266307744], [-50.536910578999944, -23.570794842307716], [-50.536620060999944, -23.57060609930776], [-50.535791063999966, -23.570412433307723], [-50.535285184999964, -23.570165082307746], [-50.535135364999974, -23.570091824307763], [-50.53503723499994, -23.569994278307767], [-50.53465307899995, -23.569612404307744], [-50.53442816499995, -23.569289712307757], [-50.53386794099998, -23.568849871307766], [-50.533806919999954, -23.567774243307813], [-50.534392793999984, -23.567059036307853], [-50.53536650699994, -23.56664372030781], [-50.535694156999966, -23.565628999307847], [-50.53569688699997, -23.564852297307876], [-50.536864184999956, -23.564676537307875], [-50.538096921999966, -23.564321722307906], [-50.53861231299993, -23.56381822230789], [-50.53887887099995, -23.563129103307887], [-50.53914167099998, -23.562114183307916], [-50.539340068999934, -23.560979577307947], [-50.53882406599996, -23.560261083307957], [-50.53843769399998, -23.559542972308], [-50.53850480199997, -23.55888595430799], [-50.538767803999974, -23.557811286308013], [-50.53882960699997, -23.557653366308017], [-50.53867538199995, -23.55620919230809], [-50.538333070999954, -23.555252226308113], [-50.538006264999986, -23.554785448308095], [-50.53788594599996, -23.55461359830808], [-50.53743815299999, -23.554166150308106], [-50.536540803999976, -23.553781099308146], [-50.53574647399995, -23.553587540308122], [-50.53566361199995, -23.55357880530813], [-50.53481355699995, -23.553489159308143], [-50.53451432199995, -23.553462394308113], [-50.53370781299998, -23.55339025130811], [-50.53277500799993, -23.553259991308117], [-50.53221280199995, -23.552820643308134], [-50.532120076999945, -23.552748182308136], [-50.53182135899993, -23.55209130830814], [-50.53174279999996, -23.55191855730816], [-50.531745960999956, -23.55102634030818], [-50.53161075199995, -23.550165574308185], [-50.53146535799994, -23.54991997230819], [-50.531232806999974, -23.5495271353082], [-50.530681594999976, -23.549015630308247], [-50.53010525299993, -23.54881439530823], [-50.52995299899994, -23.548761233308266], [-50.52985307899996, -23.54872634330821], [-50.529024118999985, -23.54856451030823], [-50.528264166999975, -23.54843474230826], [-50.52800396399993, -23.548418959308222], [-50.52771126099997, -23.54840119930824], [-50.52744912399999, -23.548232712308234], [-50.52744363999995, -23.54822918930827], [-50.527262966999956, -23.54811305530827], [-50.52685036799994, -23.547506365308248], [-50.52636799999993, -23.54654363330826], [-50.52629097999994, -23.54635236130827], [-50.52626467999994, -23.546287048308287], [-50.526013656999964, -23.545663648308295], [-50.52600257699999, -23.545636136308328], [-50.526026429999945, -23.545538693308302], [-50.52612729499999, -23.545126672308335], [-50.52682446299997, -23.544310944308325], [-50.52723795999998, -23.54382712230837], [-50.52773356299997, -23.54269564230836], [-50.52821486099998, -23.541981561308365], [-50.52651076699994, -23.540992453308395], [-50.52625315199998, -23.54068498630842], [-50.52565422299995, -23.539970160308403], [-50.52553479699998, -23.53900676330846], [-50.525362507999944, -23.538497889308484], [-50.52519026899995, -23.53798915830847], [-50.52517000599993, -23.537929312308478], [-50.524558439999964, -23.537134355308517], [-50.524103064999956, -23.536892594308522], [-50.52369989299996, -23.53667854230849], [-50.522815658999946, -23.536267517308495], [-50.52271846899998, -23.536222340308488], [-50.52173807899993, -23.535482891308526], [-50.52148226199995, -23.53476735330854], [-50.52142289999995, -23.534601305308556], [-50.52137312699995, -23.53446208530856], [-50.52115692399997, -23.53400227730856], [-50.52094632799998, -23.533554386308605], [-50.519967608999934, -23.53236173930859], [-50.519848227999944, -23.531398334308612], [-50.51983960499995, -23.531246006308614], [-50.51979049099998, -23.53037847230862], [-50.51982819099993, -23.52910339330867], [-50.522834147999966, -23.528440503308676], [-50.52299242099997, -23.528405598308677], [-50.52342624899996, -23.528406924308687], [-50.524589781999964, -23.52841048530866], [-50.52618715199997, -23.52841535330868], [-50.52802986799997, -23.528534250308677], [-50.52885206899998, -23.528739084308654], [-50.52987137499997, -23.52899301930869], [-50.531698749999975, -23.529248853308673], [-50.53362882399994, -23.529461390308636], [-50.53402767399996, -23.52950531030869], [-50.534084304999965, -23.529511546308683], [-50.535586438999985, -23.529850616308675], [-50.53742494699998, -23.530357967308667], [-50.53879614599998, -23.53067139730867], [-50.54137538199995, -23.531018913308635], [-50.54225724099996, -23.530615598308618], [-50.54248303899993, -23.530512331308636], [-50.54299166399994, -23.530003980308642], [-50.54368076499997, -23.528938517308692], [-50.54390524099995, -23.52852782230867], [-50.54413288299997, -23.528111345308695], [-50.54455042899997, -23.527284070308703], [-50.54490006999999, -23.526106080308757], [-50.54535326199994, -23.52496025830876], [-50.54587413699995, -23.524228873308797], [-50.54639370799998, -23.52387987130879], [-50.54640576599996, -23.5238791123088], [-50.54642996899997, -23.52387758930877], [-50.54687761799995, -23.5238494153088], [-50.54746487099993, -23.5239148513088], [-50.547913250999954, -23.52417107830876], [-50.54806052899995, -23.524210968308804], [-50.54816238199992, -23.52423855630877], [-50.548805168999934, -23.524412655308815], [-50.54968076799997, -23.524372703308796], [-50.550372781999954, -23.52411977930881], [-50.55045375999998, -23.52403210030878], [-50.550881499999946, -23.523568920308772], [-50.55125255899998, -23.522847712308835], [-50.55132634299997, -23.521998017308857], [-50.55134845799995, -23.521743323308826], [-50.55140014499995, -23.520086479308894], [-50.55140446299998, -23.520018667308907], [-50.551497479999966, -23.518557221308928], [-50.551515033999976, -23.518303257308904], [-50.55159437699995, -23.517155425308918], [-50.55182848299995, -23.51605143830899], [-50.552046823999945, -23.515228583308975], [-50.55215517199997, -23.514820253309008], [-50.55289822199995, -23.513080413309023], [-50.55364197599994, -23.5111281403091], [-50.554476990999945, -23.50943104530913], [-50.55503298699995, -23.50849791730911], [-50.55535268399996, -23.507975253309162], [-50.55568154799993, -23.507437593309156], [-50.55580835099994, -23.50728766130916], [-50.55711542599994, -23.505742189309217], [-50.55739613099996, -23.5053688733092], [-50.558324538999955, -23.50413415130924], [-50.55854996999995, -23.503834342309226], [-50.55891986799998, -23.50335018130927], [-50.56016945899995, -23.50171456130929], [-50.56077792299993, -23.50071171530932], [-50.56086429399994, -23.50056936730931], [-50.56155854899998, -23.499594117309325], [-50.56294269999995, -23.498960696309375], [-50.56321561499993, -23.498916538309338], [-50.56423329599994, -23.498751878309335], [-50.565661400999936, -23.498755866309338], [-50.566403667999964, -23.498921041309355], [-50.56662812899999, -23.49897099130935], [-50.56775103599995, -23.49888544930934], [-50.568380786999974, -23.49833854930938], [-50.568474723999934, -23.497786477309383], [-50.56810770399994, -23.49731809930941], [-50.567769272999946, -23.496934260309416], [-50.56767871899996, -23.496892188309385], [-50.56612903599995, -23.49533444130942], [-50.56541957699994, -23.49437650030948], [-50.56490525299995, -23.49318011130948], [-50.564780988999985, -23.491566576309534], [-50.56439702399995, -23.490131558309564], [-50.56394809199998, -23.488756105309605], [-50.56403534899993, -23.48822013530957], [-50.56401503099995, -23.488099067309584], [-50.56434284599993, -23.486905028309625], [-50.56467202799996, -23.485292759309644], [-50.565067935999934, -23.48308319630969], [-50.565201599999966, -23.48182886530973], [-50.56520688799998, -23.48021568930978], [-50.56553564899997, -23.478722910309827], [-50.56592741599997, -23.477768037309847], [-50.56703069699995, -23.47711387830983], [-50.56813396599995, -23.476459711309857], [-50.56852492999997, -23.475743819309855], [-50.568980660999955, -23.475028105309896], [-50.56975985499997, -23.474432779309915], [-50.57008642099999, -23.473597209309943], [-50.56970070299997, -23.472699927309932], [-50.569385291999936, -23.47205471630994], [-50.567957742999965, -23.470902671309993], [-50.56772470499993, -23.470489257309964], [-50.56732123199998, -23.470098539310033], [-50.56621931199993, -23.46903329131002], [-50.56543967199996, -23.468011425310067], [-50.56512019899998, -23.467118299310094], [-50.56515144299994, -23.46694852031006], [-50.56530776499994, -23.466099125310095], [-50.565356600999955, -23.46524951531013], [-50.56521996599997, -23.464781768310118], [-50.56453009999996, -23.46448243031013], [-50.56439130299999, -23.46445642031014], [-50.56406981799995, -23.46439617531015], [-50.56350711399995, -23.464078844310144], [-50.562782632999976, -23.463670283310126], [-50.56184717299994, -23.46290447031015], [-50.56090067399998, -23.461753066310195], [-50.56065917499995, -23.46147282831018], [-50.56037619599993, -23.46114445131017], [-50.56016661199993, -23.460901246310236], [-50.55970888199994, -23.460050209310232], [-50.55943748699997, -23.458562379310237], [-50.559486644999936, -23.457627800310277], [-50.55951055699995, -23.457231730310315], [-50.55953537299996, -23.45682067331031], [-50.559768599999984, -23.455929095310346], [-50.560047871999984, -23.455037646310362], [-50.56019171899993, -23.454774249310347], [-50.56032587499993, -23.454528582310346], [-50.56092863499998, -23.453298143310395], [-50.56270955699995, -23.450367177310444], [-50.56314887399997, -23.449073913310453], [-50.563724168999954, -23.4473803063105], [-50.56384601099995, -23.44589155131057], [-50.56385910199998, -23.44573163731053], [-50.56388798699994, -23.444823544310573], [-50.563886363999984, -23.444766905310548], [-50.56386474399994, -23.444010911310592], [-50.563660277999986, -23.443173861310633], [-50.56340376199995, -23.44240837431063], [-50.56296633699998, -23.441522876310643], [-50.56273699199994, -23.440375071310648], [-50.56261141799997, -23.440113119310688], [-50.56188806199998, -23.438604146310723], [-50.56178658699997, -23.437958579310703], [-50.56179837999997, -23.43779259331075], [-50.56184091399996, -23.437193959310733], [-50.56212905199993, -23.436214896310766], [-50.56246969499995, -23.435020892310778], [-50.56296738699995, -23.43332543631083], [-50.56350513999996, -23.432050506310826], [-50.56368396199998, -23.431158336310858], [-50.56427140899996, -23.429726020310927], [-50.56518200199997, -23.428473847310936], [-50.566154790999974, -23.427998566310972], [-50.56745014699993, -23.427882663310985], [-50.56894187799998, -23.427110060310966], [-50.56952770399994, -23.426155705311015], [-50.570178847999955, -23.425022282311033], [-50.571346796999926, -23.424248764311052], [-50.571738547999985, -23.42323411831108], [-50.571678034999934, -23.42191949031112], [-50.57148899499999, -23.420305767311095], [-50.572077462999964, -23.418514931311137], [-50.57324630199997, -23.417442659311185], [-50.57415710699996, -23.416070932311204], [-50.574228732999984, -23.413920187311266], [-50.57475201099993, -23.412248658311288], [-50.574951576999986, -23.410576246311322], [-50.57534421099996, -23.409262849311357], [-50.575735503999965, -23.408367685311394], [-50.57651465199995, -23.40765281831141], [-50.57748819699998, -23.40687872331144], [-50.577426682999935, -23.405862834311428], [-50.57743009699993, -23.40478737131144], [-50.578080308999965, -23.403892900311483], [-50.57834190499994, -23.40305712831148], [-50.57828114299997, -23.401802246311572], [-50.578931901999965, -23.40072852831154], [-50.57913082899995, -23.399235351311585], [-50.57914544999994, -23.399166265311592], [-50.57916421899995, -23.399116589311596], [-50.57939964399998, -23.39844050531159], [-50.57965199399996, -23.39771579931163], [-50.57966385799995, -23.397658339311644], [-50.57986236499994, -23.396696656311647], [-50.58021042099995, -23.39580534931165], [-50.580939038999986, -23.39466013531171], [-50.58162943199994, -23.39400477531173], [-50.584191342999986, -23.392406338311726], [-50.58476368799995, -23.39188108831179], [-50.58488379999995, -23.391770859311762], [-50.585507990999986, -23.39088026631178], [-50.585575879999965, -23.390037028311777], [-50.58557981599994, -23.38998821331182], [-50.585379791999976, -23.389455808311826], [-50.58534013999998, -23.3893502613118], [-50.58523420999995, -23.3892191103118], [-50.58503062999995, -23.38896704531182], [-50.584569371999976, -23.388464931311873], [-50.584299354999985, -23.38787269931184], [-50.58420410799993, -23.38728093831185], [-50.58421020399992, -23.387243399311846], [-50.58430310199998, -23.38667176531187], [-50.58444238699997, -23.385596659311926], [-50.584444625999936, -23.38557655031187], [-50.58452229099999, -23.38487988731191], [-50.58446890699997, -23.38456865031191], [-50.58442693399997, -23.384323974311954], [-50.584175784999964, -23.383911040311958], [-50.583497439999974, -23.38349696931195], [-50.582799568999974, -23.383118694311946], [-50.58194714499996, -23.38248905331198], [-50.58134659799999, -23.38203933431197], [-50.58103922799995, -23.381614234312003], [-50.58047657399993, -23.38083605931203], [-50.58010949699997, -23.38024355731203], [-50.579684576999966, -23.379525431312064], [-50.57952205999993, -23.379239189312056], [-50.57933407599995, -23.37874874031208], [-50.57924073699997, -23.378139061312066], [-50.57925178199997, -23.37811020131208], [-50.580107166999944, -23.3770115013121], [-50.58134048399995, -23.37587958231214], [-50.58186257899996, -23.374506759312172], [-50.58167459799995, -23.372534549312185], [-50.58090113199995, -23.37151675031221], [-50.58071091499993, -23.370261517312237], [-50.57948405299993, -23.36936199431228], [-50.578644579999946, -23.368762248312258], [-50.57813116899996, -23.367386644312308], [-50.57761795899996, -23.365951290312328], [-50.577040798999974, -23.364276766312408], [-50.57646535999998, -23.362064505312453], [-50.57640424899995, -23.36092911331243], [-50.57537449999995, -23.359133859312482], [-50.574536824999946, -23.35799635831254], [-50.57395782899994, -23.356919305312545], [-50.57344489299992, -23.355424188312586], [-50.573642467999946, -23.354349247312612], [-50.57429550399997, -23.352498811312664], [-50.573977093999986, -23.35088472631267], [-50.57391924999996, -23.348733611312706], [-50.57431570199998, -23.34616548731278], [-50.57568047199993, -23.344316975312847], [-50.576785239999936, -23.34282624231285], [-50.57717745599996, -23.341572575312917], [-50.57718123999996, -23.340377606312906], [-50.576991285999945, -23.339062617312955], [-50.57686528299996, -23.33798679531297], [-50.57809505099994, -23.337870615313008], [-50.579712481999934, -23.337934712312997], [-50.58152402699994, -23.337999311313], [-50.583208776999975, -23.33722706731298], [-50.58431247199997, -23.33603502031299], [-50.58515733399997, -23.33484227931308], [-50.58606688399994, -23.333649705313082], [-50.58749421899995, -23.332398740313117], [-50.58853202999995, -23.33156498331311], [-50.589764482999946, -23.330552480313123], [-50.591059970999936, -23.330077874313172], [-50.592808902999934, -23.329425190313145], [-50.59455618599998, -23.3293102233132], [-50.59682107299994, -23.329196570313172], [-50.599020536999944, -23.329321713313163], [-50.59934672799994, -23.328426310313166], [-50.59889759199996, -23.327170429313238], [-50.597995750999985, -23.325853636313266], [-50.59767675299997, -23.324359088313255], [-50.59742173899997, -23.32310370131333], [-50.59781172399993, -23.32250721031334], [-50.59910764399996, -23.321853290313356], [-50.600534194999966, -23.320781447313344], [-50.60111860499996, -23.320065945313363], [-50.601251383999966, -23.318931048313406], [-50.60086659899997, -23.317794833313457], [-50.60041730499995, -23.316598704313442], [-50.59906122599995, -23.315758751313492], [-50.59712256099994, -23.3150367903135], [-50.59628316599998, -23.31449688731351], [-50.59570363299997, -23.313599155313526], [-50.59551262699994, -23.31258292431356], [-50.596098289999986, -23.311449199313593], [-50.597266705999964, -23.310137721313623], [-50.59869206999998, -23.309424385313605], [-50.59979485799994, -23.30841146631361], [-50.600315240999976, -23.307456805313652], [-50.60043341499994, -23.307300073313666], [-50.60067874599997, -23.30647816731368], [-50.60077129799998, -23.3063365873137], [-50.60123329899995, -23.30562980931372], [-50.601248048999935, -23.305621427313703], [-50.60220096699993, -23.305079922313706], [-50.60284599199996, -23.304741648313705], [-50.60291797199994, -23.30474183131371], [-50.60344400699994, -23.30474316231373], [-50.604226652999955, -23.30453269831371], [-50.60452972099995, -23.30433390131373], [-50.604871918999955, -23.304109437313745], [-50.60551781399994, -23.303473735313744], [-50.605933438999955, -23.302922432313746], [-50.606128927999976, -23.30252805831377], [-50.606396193999956, -23.30198885131381], [-50.60650310699997, -23.30177641831381], [-50.60667382099995, -23.301437194313795], [-50.60685956799995, -23.3008428263138], [-50.60676881999996, -23.30041771231382], [-50.60644757099993, -23.300161976313834], [-50.60602927399999, -23.30003201931383], [-50.60534458799999, -23.299819295313824], [-50.604471856999965, -23.29939221331385], [-50.60392087099996, -23.29905091331387], [-50.60291028199998, -23.298580988313873], [-50.602407196999934, -23.297602479313902], [-50.60227084599995, -23.297049782313927], [-50.60229175099994, -23.296701136313903], [-50.60231924099997, -23.29624262131393], [-50.602269991999954, -23.295481246313923], [-50.60223128599994, -23.29488277131394], [-50.602418175999965, -23.29390601031395], [-50.602834425999966, -23.29314227131399], [-50.603237168999954, -23.29248511431403], [-50.603250412999955, -23.292463504314], [-50.60366589199998, -23.29195469431402], [-50.60367566699995, -23.291888379313995], [-50.60372406299996, -23.291559953314053], [-50.60375977499996, -23.291317609314046], [-50.603678075999944, -23.29107377831402], [-50.60353180699997, -23.29063721031403], [-50.60330471999998, -23.289659403314076], [-50.60330685799994, -23.28893710131411], [-50.60330937599997, -23.28808734231413], [-50.60343509899997, -23.28778496631409], [-50.60367998399993, -23.28719602031412], [-50.60387950899997, -23.28667831031413], [-50.60423618999994, -23.285752812314133], [-50.604331194999986, -23.28473332531421], [-50.60391975999994, -23.283882521314194], [-50.603095270999965, -23.282733247314216], [-50.602959428999945, -23.282010595314254], [-50.60296033099996, -23.281707616314225], [-50.60296039399998, -23.281687291314256], [-50.60296056599998, -23.281628202314263], [-50.60287009199994, -23.281118107314246], [-50.602872230999935, -23.280395811314257], [-50.603149951999974, -23.27980167331429], [-50.60315297599994, -23.278781959314312], [-50.60310987699995, -23.27780460931436], [-50.60334310699995, -23.276700497314387], [-50.60399012699998, -23.27563991431437], [-50.604268582999964, -23.274790847314396], [-50.604277406999984, -23.274752657314412], [-50.60436742999996, -23.274362874314413], [-50.604389172999966, -23.274268728314436], [-50.60445493199995, -23.273984036314403], [-50.60468713999995, -23.273219826314428], [-50.60542547999995, -23.272371911314487], [-50.605667009999934, -23.272171127314476], [-50.60639364299994, -23.27156705831449], [-50.607591863999964, -23.270720285314514], [-50.60837629199994, -23.269829985314498], [-50.60994300899995, -23.268771670314553], [-50.61049672499996, -23.26813571231453], [-50.610755100999945, -23.267478165314547], [-50.61091370699995, -23.267074530314552], [-50.61127190299993, -23.266417066314606], [-50.611422284999946, -23.26614103931463], [-50.612114561999924, -23.26529298031463], [-50.612423417999935, -23.265100045314608], [-50.612537335999946, -23.265028886314646], [-50.61260011999997, -23.264945975314657], [-50.61409044899995, -23.263933901314658], [-50.61564473799996, -23.263160968314676], [-50.617004150999946, -23.262686291314687], [-50.617653735999966, -23.261672128314736], [-50.61791581399996, -23.260477772314715], [-50.617918878999944, -23.259402284314756], [-50.61830943399997, -23.258506987314778], [-50.61908798099995, -23.257612631314796], [-50.61973718499996, -23.25671795831482], [-50.62012771899999, -23.25582265531484], [-50.620260433999924, -23.254627981314847], [-50.62026415699995, -23.253313494314863], [-50.62039652999993, -23.25223831631494], [-50.620980191999934, -23.251642228314953], [-50.62201699499997, -23.25086797831495], [-50.62292429399998, -23.25015316131496], [-50.623120966999984, -23.249197635315006], [-50.62279857999993, -23.248860746315025], [-50.622854883999935, -23.24877945831497], [-50.62287626999995, -23.248748584314974], [-50.62287457499996, -23.248746031314973], [-50.62250996799998, -23.248195351315037], [-50.62242500199994, -23.248126720315003], [-50.62145478699995, -23.247343036315016], [-50.62012397199993, -23.24640506731503], [-50.61991734399999, -23.246170456315053], [-50.619915369999944, -23.24616821831507], [-50.61986302199995, -23.246108781315062], [-50.619711468999974, -23.24593669431506], [-50.61957485199997, -23.24546898731509], [-50.61937688599994, -23.245054471315065], [-50.61920917799995, -23.24470330331506], [-50.61916488599996, -23.244108354315134], [-50.61870713799994, -23.24338493031514], [-50.61824926999998, -23.242703999315133], [-50.61756090199998, -23.24223495031513], [-50.61719391799994, -23.24193663531513], [-50.616551295999955, -23.24155266731515], [-50.61549510999998, -23.241082711315197], [-50.61416329899998, -23.24052709331518], [-50.61418760499998, -23.240504749315193], [-50.61490091299998, -23.239849078315206], [-50.61527008799993, -23.239382607315214], [-50.61563888899997, -23.239043597315224], [-50.61610001299994, -23.23857734631521], [-50.617113597999946, -23.237857513315216], [-50.61794253199998, -23.237392156315227], [-50.618863660999985, -23.23684203331527], [-50.62001479199995, -23.236249978315307], [-50.620134749999984, -23.23616422331526], [-50.62084406599996, -23.23565713631531], [-50.62167393599997, -23.234851851315316], [-50.62195760199995, -23.234417508315335], [-50.622228053999955, -23.234003402315356], [-50.62287375299997, -23.233282639315355], [-50.62367245699994, -23.23258915531537], [-50.62370335699995, -23.232562318315363], [-50.62381814299994, -23.23250555631538], [-50.624301886999945, -23.232266330315362], [-50.625544307999974, -23.231886895315355], [-50.62660235299995, -23.23167696631537], [-50.62752187399997, -23.231679148315372], [-50.62756099599994, -23.231675503315383], [-50.62885553099994, -23.231554842315404], [-50.62908166799997, -23.231475072315384], [-50.629453806999955, -23.231343804315376], [-50.63025436399994, -23.230956819315402], [-50.630328516999946, -23.2309209733154], [-50.63110570199996, -23.230374620315416], [-50.63111162499996, -23.2303704613154], [-50.63107704399994, -23.2302953603154], [-50.63082215399999, -23.229741847315417], [-50.630817469999954, -23.229737135315446], [-50.630561488999945, -23.22878053231545], [-50.62985393699995, -23.227464366315512], [-50.63011517699994, -23.22650898131547], [-50.63095860099997, -23.225435461315524], [-50.63160805899997, -23.22436148331552], [-50.63244998599998, -23.22382570231554], [-50.63258288199995, -23.222511511315616], [-50.63232706499996, -23.221495161315598], [-50.63219989399994, -23.220718112315655], [-50.63110300199997, -23.219938791315634], [-50.62981069799997, -23.21969675331568], [-50.62936030399993, -23.21891894031569], [-50.62878012599998, -23.218320071315713], [-50.627812898999935, -23.217421533315726], [-50.62755696199997, -23.216464925315726], [-50.627429822999936, -23.215687872315772], [-50.62691414699997, -23.21514889831572], [-50.626980119999985, -23.21467105431575], [-50.626788174999945, -23.213953596315772], [-50.62711372299997, -23.213117867315837], [-50.62685630499994, -23.212699005315844], [-50.62653540599996, -23.21186174131582], [-50.627054716999965, -23.211086221315842], [-50.62731561199996, -23.210250337315895], [-50.627447880999966, -23.209175147315865], [-50.62753696799996, -23.20833340231594], [-50.627679313999984, -23.208055660315907], [-50.62781897899998, -23.207418654315944], [-50.627728814999955, -23.206781107315965], [-50.62778467099997, -23.206107472315985], [-50.62782392699995, -23.205634125315967], [-50.627829918999964, -23.20561453331596], [-50.62814863199998, -23.204572667316015], [-50.628609826999934, -23.20402140131603], [-50.62947504999994, -23.20346806831601], [-50.629668934999984, -23.203344072316053], [-50.630823059999955, -23.20279434531604], [-50.63091165599996, -23.202752144316058], [-50.632247466999964, -23.20173553431606], [-50.63277899499996, -23.201018823316087], [-50.632939507999936, -23.2008023903161], [-50.63367842399998, -23.199529441316123], [-50.633819707999976, -23.199055295316146], [-50.63395676199997, -23.198595331316145], [-50.63436216399998, -23.19772696331617], [-50.63451157099997, -23.197406926316187], [-50.63497363599999, -23.19651572731618], [-50.63589522099995, -23.195668077316228], [-50.636077444999955, -23.195500474316216], [-50.63637854199993, -23.195223528316223], [-50.636816788999965, -23.194820423316205], [-50.63773926999994, -23.193632854316263], [-50.63823661499998, -23.193003990316257], [-50.63884614699998, -23.192233255316275], [-50.63953808899999, -23.191300083316314], [-50.64017930899997, -23.1906755533163], [-50.640321490999945, -23.190537070316307], [-50.64112783699994, -23.18987776731635], [-50.64156518899994, -23.189520167316324], [-50.641915163999954, -23.18926016431634], [-50.64276255999994, -23.188630617316342], [-50.64418860499996, -23.18816646731638], [-50.64544799599997, -23.187753864316356], [-50.64547663599996, -23.187744480316404], [-50.64658026399996, -23.187534519316362], [-50.646702335999976, -23.187514279316385], [-50.648097640999936, -23.187282978316407], [-50.64869646599993, -23.18677444731638], [-50.64882023699994, -23.18660749831638], [-50.64938831499996, -23.1858412293164], [-50.649758317999954, -23.184949776316426], [-50.65003717899998, -23.18376069931646], [-50.65025216699996, -23.18328623231647], [-50.651782339999954, -23.183258873316454], [-50.65725608399998, -23.18259453731647], [-50.65770332699998, -23.182612413316487], [-50.65777130399994, -23.18262622931652], [-50.65933364199998, -23.18302938531647], [-50.66029826499993, -23.18303146931648], [-50.66116364099997, -23.182818075316465], [-50.662129421999964, -23.182358882316496], [-50.66256407299994, -23.181468027316555], [-50.662665709999935, -23.180730215316554], [-50.66320021599995, -23.17980882131653], [-50.66406602799997, -23.179410903316562], [-50.66493099199994, -23.17935124431657], [-50.66592923399998, -23.179199609316573], [-50.666761847999965, -23.178770856316582], [-50.66756180399994, -23.17809601731661], [-50.66799678399997, -23.177051391316624], [-50.66819756599995, -23.176559794316624], [-50.668499415999975, -23.175545636316674], [-50.66870132899992, -23.174592771316714], [-50.66876989299993, -23.173762630316677], [-50.66857229899995, -23.17296268031671], [-50.66844122599997, -23.172162870316733], [-50.66857578099995, -23.17154812731672], [-50.668977094999946, -23.170657182316766], [-50.66944461999997, -23.169889381316786], [-50.669710581999944, -23.169452595316777], [-50.66982783099996, -23.169040863316813], [-50.670548726999975, -23.168282584316785], [-50.67132120599996, -23.167429436316844], [-50.67260576399997, -23.16719467731682], [-50.672606917999985, -23.16671981131684], [-50.67163248799994, -23.166147943316847], [-50.67070988999995, -23.16538622831692], [-50.66952946099997, -23.16505134931689], [-50.668554821999976, -23.164574433316922], [-50.66809423699993, -23.163908648316927], [-50.66789138299999, -23.16286351131694], [-50.667020770999954, -23.16186445131699], [-50.66625147399998, -23.161435443316975], [-50.66527557599994, -23.161480859317006], [-50.66460876399998, -23.161147033316983], [-50.66455906199997, -23.16048211331697], [-50.66502327899997, -23.159675825317017], [-50.665281947999965, -23.158916586317048], [-50.665642970999954, -23.158300025317047], [-50.66595275399994, -23.157635866317065], [-50.66657066499993, -23.15697235931707], [-50.66729080999993, -23.15649901431709], [-50.66724109699993, -23.15583409331709], [-50.666986435999945, -23.154978792317117], [-50.667142610999974, -23.15412435931716], [-50.667607725999964, -23.152938170317174], [-50.66781583299996, -23.151846411317177], [-50.66807435399994, -23.151134653317236], [-50.66853793299998, -23.150565787317202], [-50.66915603099994, -23.149807296317224], [-50.66931171899994, -23.149142806317276], [-50.66946729099994, -23.14852580331728], [-50.669623324999975, -23.147718853317283], [-50.669625419999925, -23.146864094317312], [-50.669780869999954, -23.146294577317352], [-50.670808240999975, -23.146154265317303], [-50.67204112899998, -23.145966888317346], [-50.672863322999945, -23.145731162317315], [-50.673018641999924, -23.145209128317354], [-50.67312318599994, -23.144449554317355], [-50.67333146399994, -23.143262813317406], [-50.673846227999945, -23.14274152331742], [-50.67487368299993, -23.142553697317418], [-50.67600406199995, -23.14227110331744], [-50.67728768999996, -23.142321223317403], [-50.67667183499998, -23.142177500317402], [-50.676313413999935, -23.141749383317443], [-50.67580140399997, -23.141131001317436], [-50.67564929799994, -23.140323409317453], [-50.675445844999956, -23.139515712317497], [-50.675242166999965, -23.13880298931748], [-50.675602976999976, -23.138233888317487], [-50.67616860399994, -23.137902643317506], [-50.676529406999975, -23.1373335393175], [-50.676567492999936, -23.137005908317565], [-50.67656892599996, -23.13700304031754], [-50.67683641199994, -23.135909235317584], [-50.67712886199996, -23.1350795303176], [-50.67716325899994, -23.13498194031761], [-50.67723424299998, -23.1347805593176], [-50.67734406799997, -23.133917057317607], [-50.67687933099996, -23.13298594031762], [-50.67630605099998, -23.132386798317647], [-50.67566108999995, -23.131721065317652], [-50.674968658999944, -23.131108444317647], [-50.674968037999975, -23.131097854317666], [-50.674968364999984, -23.130962359317664], [-50.674994217999945, -23.130941111317668], [-50.675007404999974, -23.130923308317687], [-50.67477089299996, -23.12979487931771], [-50.67505918399997, -23.128876406317715], [-50.67581344299999, -23.12827917231773], [-50.67671783199995, -23.127863269317768], [-50.677418787999954, -23.12741237331776], [-50.67763785999995, -23.127196736317757], [-50.67768362999993, -23.12694617531774], [-50.677702395999965, -23.126525350317756], [-50.67771990199998, -23.126132798317776], [-50.67792107899998, -23.125745944317778], [-50.678159032999986, -23.12520762731779], [-50.678316550999966, -23.124928814317833], [-50.67845067199994, -23.12469141531782], [-50.67894757799996, -23.123514118317818], [-50.67927017499994, -23.122945918317857], [-50.67949051099998, -23.12268925631784], [-50.67963785799998, -23.12210979431789], [-50.67979925999998, -23.121600599317887], [-50.679911269999934, -23.121212165317896], [-50.68017785299998, -23.12081958031792], [-50.680535701999986, -23.120637144317886], [-50.680825849999955, -23.120490307317908], [-50.68252734499999, -23.119694678317934], [-50.68253119099996, -23.11969303331793], [-50.68260431299996, -23.119661776317944], [-50.683329398999945, -23.119060823317962], [-50.68474429999998, -23.117457223317988], [-50.68506476999994, -23.116574325318027], [-50.68525413399993, -23.116052612318033], [-50.685505743999954, -23.114814265318024], [-50.68553320399997, -23.114792007318023], [-50.68581171899996, -23.11456626931805], [-50.68614720599992, -23.114134962318076], [-50.68652676099998, -23.11375044431805], [-50.686766998999985, -23.113569959318063], [-50.68691044299993, -23.113416905318054], [-50.68692505999997, -23.113416934318096], [-50.68694149999993, -23.113384236318048], [-50.68696403499996, -23.113367378318067], [-50.68696460999997, -23.11336686231807], [-50.68697967099996, -23.11335333031805], [-50.68702556499994, -23.113312092318054], [-50.687092753999934, -23.113169764318076], [-50.687538288999974, -23.112847390318077], [-50.68940242699995, -23.1112258383181], [-50.690230356999955, -23.11074945531814], [-50.69157483099996, -23.110369681318126], [-50.69219647899997, -23.10970168131818], [-50.69219844099996, -23.10884126731815], [-50.692613808999965, -23.107981659318195], [-50.69344214199998, -23.10731405731818], [-50.69447543899997, -23.107411662318185], [-50.695303112999966, -23.107030854318207], [-50.69623413399995, -23.1066502413182], [-50.697786321999956, -23.105792802318216], [-50.69840898399997, -23.10464676931825], [-50.69965151399998, -23.103597516318302], [-50.700790677999976, -23.10254805631834], [-50.701927713999964, -23.102454605318346], [-50.70306453799997, -23.102456747318318], [-50.70399571499996, -23.101980485318325], [-50.70492751199998, -23.101217413318352], [-50.70513587499994, -23.100452986318395], [-50.70544758099992, -23.099688751318382], [-50.70627579999996, -23.099021079318383], [-50.707930148999935, -23.098641739318406], [-50.70803431999997, -23.09825952331842], [-50.707519872999974, -23.097206946318437], [-50.70762569999994, -23.09605991631845], [-50.708866225999934, -23.095871004318454], [-50.70926644299994, -23.095644180318473], [-50.709620735999984, -23.095278558318473], [-50.70986240499997, -23.095081579318478], [-50.710175437999965, -23.094826430318488], [-50.71029364399994, -23.094730084318524], [-50.71086344999998, -23.094061912318516], [-50.71088508899993, -23.0940346403185], [-50.711641905999954, -23.09453771431849], [-50.712524041999984, -23.095575592318493], [-50.71317013399994, -23.096722128318433], [-50.71363936299997, -23.097868338318417], [-50.71444722699993, -23.098744937318443], [-50.71446132699999, -23.098815577318422], [-50.71507327399996, -23.09935368131839], [-50.716195753999955, -23.10020906631839], [-50.71682912699998, -23.100610219318373], [-50.717318415999955, -23.100984442318353], [-50.71760127899995, -23.10109952531833], [-50.71777927299996, -23.101171940318363], [-50.718463491999955, -23.101163724318333], [-50.71852867299998, -23.101173593318332], [-50.71858850899997, -23.10119358331833], [-50.71917965399996, -23.101228946318383], [-50.71931698599997, -23.101268298318367], [-50.71931749999994, -23.101268449318354], [-50.71937879799998, -23.101286014318372], [-50.71959739499994, -23.101360452318318], [-50.71994239499997, -23.101477942318358], [-50.72063934499994, -23.101709118318347], [-50.72121570799994, -23.101906291318336], [-50.72193701499999, -23.10174279431833], [-50.722251918999966, -23.10157377131833], [-50.72251482299998, -23.10137462231836], [-50.72257412499994, -23.10132969831835], [-50.722744140999964, -23.10108513031833], [-50.72291489199995, -23.10054403431834], [-50.72309407299997, -23.10002649831839], [-50.723239501999956, -23.099422591318376], [-50.72329601699994, -23.099216153318416], [-50.72333249699995, -23.0991311963184], [-50.72345420299996, -23.098847747318416], [-50.723752616999946, -23.098438876318433], [-50.72408120499995, -23.098199461318433], [-50.72444764199997, -23.098108340318408], [-50.72482907799997, -23.09814429731843], [-50.72526341599996, -23.09832320731841], [-50.725690540999956, -23.09851284331843], [-50.72613850199997, -23.098668194318414], [-50.72668733799998, -23.0988092743184], [-50.72695605499996, -23.098849489318418], [-50.72746539399998, -23.09886782231842], [-50.72808194499999, -23.098715402318422], [-50.72865736899996, -23.09819977331843], [-50.72886023499996, -23.09809975531842], [-50.72980052799994, -23.097678889318413], [-50.730430971999965, -23.09742581431843], [-50.73091560399996, -23.096998031318417], [-50.73111935899993, -23.09690076731845], [-50.73161611199998, -23.096728392318475], [-50.731807088999965, -23.096704604318465], [-50.73211537699996, -23.096617422318445], [-50.73270881399998, -23.096157990318442], [-50.73315995599995, -23.09574216431846], [-50.733760307999944, -23.0951582143185], [-50.73395382399997, -23.095082025318483], [-50.73413987699996, -23.09499994531851], [-50.734818109999935, -23.09470074331851], [-50.735012954999945, -23.094574392318506], [-50.735535667999955, -23.094391969318497], [-50.736182766999946, -23.093771637318532], [-50.73706251699997, -23.093079989318564], [-50.73754664899997, -23.092659967318546], [-50.73794239399995, -23.09231662931856], [-50.738692352999976, -23.09193546531855], [-50.73933863599996, -23.09172142831856], [-50.73990940099998, -23.091605072318597], [-50.740057500999974, -23.091574883318575], [-50.740074482999944, -23.09157142131858], [-50.74050167599995, -23.09148433431858], [-50.74127594199996, -23.091891913318573], [-50.74181035999993, -23.09238806931856], [-50.74202133999995, -23.092356632318552], [-50.74289273699998, -23.09159876031855], [-50.74325013599997, -23.091255830318573], [-50.74330188899996, -23.09116946831859], [-50.74345947499996, -23.091024195318607], [-50.743536933999955, -23.090952787318614], [-50.74378415699992, -23.090724874318614], [-50.74430148099998, -23.090391105318616], [-50.74556828499993, -23.08991513731863], [-50.74565717299998, -23.08987268031862], [-50.74597000099993, -23.08972325431862], [-50.74657372499996, -23.08906446231861], [-50.74772851999995, -23.087757915318637], [-50.74813036599995, -23.08752918031868], [-50.74885452299998, -23.08710012331867], [-50.74994061599994, -23.086528232318692], [-50.750354837999964, -23.086050873318705], [-50.75048497899996, -23.085525266318726], [-50.75061609199997, -23.08447384831872], [-50.750571708999985, -23.08374399931876], [-50.75057968099998, -23.082991910318775], [-50.750630909999984, -23.08270395531875], [-50.75068112199995, -23.082479019318754], [-50.750661943999944, -23.081529457318826], [-50.750755056999935, -23.081112412318827], [-50.75113593399993, -23.080705231318813], [-50.75174396899997, -23.080289700318847], [-50.752052240999944, -23.080177751318804], [-50.752406415999985, -23.080045495318846], [-50.75266227899994, -23.08002018431884], [-50.75278689199995, -23.079996782318833], [-50.75307662599993, -23.08008902331884], [-50.75327161299999, -23.080116515318853], [-50.75331069899994, -23.080140107318837], [-50.75338808899994, -23.080199983318806], [-50.75346072299993, -23.080230666318833], [-50.75395597399995, -23.080439871318813], [-50.75411096699997, -23.080440113318815], [-50.754332386999984, -23.080366012318812], [-50.75467963799997, -23.080249792318824], [-50.755351117999965, -23.080346439318838], [-50.75591870499994, -23.08075362531879], [-50.75616019299997, -23.080930618318806], [-50.756320691999974, -23.080952085318817], [-50.75644208199997, -23.080877478318836], [-50.75665847699998, -23.080744485318814], [-50.75699635799999, -23.0804848613188], [-50.75739057099997, -23.08017328931882], [-50.75741937599998, -23.08015276631882], [-50.75800994999997, -23.079731988318862], [-50.75846015299992, -23.079550576318848], [-50.75927597899994, -23.079317689318874], [-50.759950989999936, -23.07921465831884], [-50.76085097499998, -23.07908595231884], [-50.761216824999956, -23.07890440131888], [-50.761780133999935, -23.078358940318886], [-50.762398952999945, -23.077447333318872], [-50.762629268999945, -23.07631135031892], [-50.76277836799994, -23.074844445318924], [-50.763054034999975, -23.073308051318993], [-50.763738037999985, -23.071834463319007], [-50.76403952399994, -23.070726092319056], [-50.76493436099997, -23.06919894831907], [-50.76504153299993, -23.0691627173191], [-50.76608364599997, -23.068999077319056], [-50.766496866999944, -23.068930261319096], [-50.767587284999934, -23.068738698319063], [-50.76918338999997, -23.068335079319088], [-50.771103463999964, -23.067872062319132], [-50.77220412699996, -23.067616314319107], [-50.77341288399998, -23.067344753319144], [-50.774197396999966, -23.067038960319152], [-50.774577067999985, -23.066794432319103], [-50.77502501299995, -23.066307326319137], [-50.77561920599993, -23.065616749319144], [-50.77579777899996, -23.065221902319163], [-50.77602404199995, -23.06467347831919], [-50.77610311799999, -23.064393800319166], [-50.776179137999975, -23.06412495031918], [-50.77631038399994, -23.06365320531922], [-50.776406942999984, -23.063485067319238], [-50.77641972499998, -23.06346280831919], [-50.77652449599998, -23.06328036131921], [-50.77696426499995, -23.062721262319236], [-50.77749169499998, -23.06208353931923], [-50.777843693999955, -23.06165792731923], [-50.778283616999936, -23.06100004531925], [-50.77859256399996, -23.060649278319282], [-50.77940759099993, -23.060009069319317], [-50.780960483999934, -23.05930087931932], [-50.781817666999984, -23.058675746319306], [-50.78258151499995, -23.057991743319324], [-50.783049862999974, -23.05753264031936], [-50.78401962199996, -23.056519806319375], [-50.784240919999945, -23.056348307319357], [-50.784449292999966, -23.056186823319365], [-50.784581154999955, -23.0560846303194], [-50.78519216299998, -23.055944158319406], [-50.78581094899994, -23.055777236319393], [-50.78656821499994, -23.055790343319373], [-50.78698614199993, -23.055718412319397], [-50.78723455999994, -23.055501265319403], [-50.78756156199995, -23.055127153319372], [-50.787797318999935, -23.054656261319426], [-50.78819024399997, -23.053871437319398], [-50.78855633399996, -23.05354570531944], [-50.78924933999997, -23.05289418631944], [-50.78965528899994, -23.05212145831948], [-50.79067310099998, -23.052497360319457], [-50.79214829899996, -23.05260804731947], [-50.793062519999985, -23.05242801231945], [-50.794603879999954, -23.051958811319466], [-50.79541349699996, -23.051875285319444], [-50.79626208299993, -23.05192471031949], [-50.79697988799995, -23.052118950319475], [-50.797632214999965, -23.052446009319493], [-50.79820604499998, -23.052881705319432], [-50.79861007399995, -23.05336551331944], [-50.79879210899997, -23.053873202319444], [-50.79871533399995, -23.05282194331946], [-50.79868981399994, -23.052423194319466], [-50.798716698999954, -23.051903689319477], [-50.798861070999976, -23.051396416319513], [-50.79912303799995, -23.05082887931952], [-50.79954174799997, -23.0502132133195], [-50.799751378999986, -23.049718104319517], [-50.799830517999965, -23.049174499319523], [-50.79976604199993, -23.048630713319547], [-50.79967869899997, -23.048321844319577], [-50.79968404499994, -23.04825547631955], [-50.79968639099997, -23.04822638031955], [-50.79969057399995, -23.048174437319542], [-50.79973712399993, -23.047032735319583], [-50.79979261899996, -23.046834852319584], [-50.799917526999934, -23.04638942431962], [-50.800165497999956, -23.045673304319642], [-50.800237007999954, -23.045466781319618], [-50.800408801999936, -23.04512868931963], [-50.80093133499997, -23.044814084319604], [-50.801377428999956, -23.04468721931964], [-50.801850748999975, -23.044567194319644], [-50.803068662999976, -23.044204819319646], [-50.805132266999976, -23.044165527319656], [-50.80525304399998, -23.044095235319663], [-50.80542330199995, -23.043996140319685], [-50.80567393499996, -23.043850260319637], [-50.806247809999945, -23.04351624531968], [-50.80685937299995, -23.042792589319696], [-50.80727106799998, -23.042496219319705], [-50.80790349299997, -23.04199759731971], [-50.80843656199994, -23.041620368319684], [-50.80873666699995, -23.04145916131972], [-50.80885317099995, -23.04138405031972], [-50.809086930999975, -23.04134273931971], [-50.809419598999966, -23.041379367319742], [-50.80996486299995, -23.041439402319728], [-50.81094616699994, -23.04148838031972], [-50.811618062999976, -23.0411784673197], [-50.81180050299998, -23.04110254331972], [-50.81228089399997, -23.040954982319718], [-50.81277768899997, -23.040802377319732], [-50.81372199699996, -23.040391503319736], [-50.814704284999955, -23.039964098319764], [-50.81648645399997, -23.038453187319778], [-50.817614588999966, -23.03700874531983], [-50.81888858799993, -23.03512738031985], [-50.820809570999984, -23.032432719319935], [-50.82122386899994, -23.03205021031993], [-50.82157683899993, -23.031681821319918], [-50.82200652399996, -23.03124258831992], [-50.822390069999976, -23.03093096831994], [-50.822773620999946, -23.030605159319947], [-50.82317255999993, -23.030236817319956], [-50.82340316099993, -23.02968388531996], [-50.82387975299998, -23.028521305320016], [-50.824125575999965, -23.028039314320004], [-50.82450932599994, -23.02755747532005], [-50.82504635599997, -23.027047432320042], [-50.82559864899997, -23.026579965320025], [-50.826350322999986, -23.025985045320066], [-50.827145540999936, -23.025674111320058], [-50.828547252999954, -23.025073599320063], [-50.829414278999934, -23.024501793320095], [-50.82989434199993, -23.02413151232008], [-50.83034735599995, -23.02373777832009], [-50.83084765899997, -23.023299781320144], [-50.83108943099995, -23.02296493232015], [-50.83117637099997, -23.02277776532011], [-50.83121908199996, -23.02268581632016], [-50.83126061399997, -23.02254509032012], [-50.831504518999964, -23.02217463832015], [-50.83152734699996, -23.02213996932015], [-50.83214866899993, -23.020849977320175], [-50.83228538399994, -23.01975382632018], [-50.83229447999997, -23.01968087632018], [-50.83229628399993, -23.019666424320228], [-50.83232029299995, -23.019473937320235], [-50.83225359499994, -23.018516168320236], [-50.83238400199997, -23.017244273320266], [-50.83281560199998, -23.015495675320295], [-50.83310418299993, -23.013640869320355], [-50.83314292099993, -23.01339191532033], [-50.833161891999964, -23.013269976320338], [-50.83284667499998, -23.011456581320378], [-50.83220945699997, -23.010442732320403], [-50.83175880699997, -23.009725700320462], [-50.83103436499994, -23.009005530320458], [-50.831005173999976, -23.00897651232044], [-50.83004188899997, -23.0079486413205], [-50.82978819199997, -23.00676726532049], [-50.82972573099994, -23.00570420532054], [-50.83004543799996, -23.00511399832054], [-50.83017428099999, -23.00411019832058], [-50.83062171499995, -23.003402015320567], [-50.83189785699994, -23.003167154320607], [-50.832727011999964, -23.003286142320597], [-50.83387527499997, -23.003287351320598], [-50.83489631299994, -23.0029931423206], [-50.835407152999956, -23.00258028832063], [-50.835344720999956, -23.001458174320657], [-50.835473235999984, -23.000690590320655], [-50.83611214599995, -22.99986447932063], [-50.836432522999985, -22.998683706320676], [-50.83681661299994, -22.997562053320717], [-50.83745514599997, -22.99703121232073], [-50.839688405999944, -22.996501991320724], [-50.841347133999925, -22.996326495320723], [-50.842368033999946, -22.996091294320717], [-50.84332596099994, -22.995147359320796], [-50.84358213599995, -22.994261784320763], [-50.84390223099995, -22.99325815932085], [-50.843583971999976, -22.992667293320814], [-50.84294671199996, -22.99213516532085], [-50.842118439999986, -22.991307568320863], [-50.84141781899996, -22.99042103932087], [-50.84154670099997, -22.989299117320915], [-50.841484499999986, -22.987940783320905], [-50.84167723199993, -22.986759869320977], [-50.841870030999985, -22.985519900321016], [-50.84206275599996, -22.984338985321024], [-50.84244627899994, -22.983630703321023], [-50.843340877999935, -22.982214261321076], [-50.84385263199993, -22.98091554832113], [-50.843598930999974, -22.97967513532114], [-50.84347272899998, -22.978493903321155], [-50.843729277999955, -22.977253993321188], [-50.84385738199996, -22.9767816763212], [-50.84436883799997, -22.975719182321228], [-50.845390721999934, -22.97448001832123], [-50.84628416099997, -22.97400844432128], [-50.84787942099996, -22.97330131632125], [-50.84915584099998, -22.97253481632127], [-50.85055973699996, -22.971827480321284], [-50.85075158799998, -22.97135521732129], [-50.85011426899995, -22.97094122832132], [-50.84915819999997, -22.97040882232134], [-50.84845724499996, -22.96987665432134], [-50.84769502499995, -22.96912224332136], [-50.84739047199997, -22.968641685321394], [-50.84695301799996, -22.967446209321388], [-50.846934611999984, -22.967326023321387], [-50.84690177199997, -22.967111545321405], [-50.846902521999944, -22.96644231432141], [-50.847006737999955, -22.965581978321467], [-50.84744009399998, -22.964327267321497], [-50.84744947299998, -22.964300116321464], [-50.847447055999965, -22.964297157321486], [-50.84737311499998, -22.964273853321462], [-50.847302568999964, -22.9642411063215], [-50.84713239299998, -22.964082875321488], [-50.84706982899996, -22.964045711321496], [-50.84680616899993, -22.963556131321493], [-50.846233138999935, -22.96272880032153], [-50.84540489099993, -22.962019328321507], [-50.84483214499994, -22.960955769321533], [-50.84502453999994, -22.96001107032157], [-50.845535655999974, -22.95918479132161], [-50.84592002499994, -22.95764972032162], [-50.846176244999974, -22.956646025321632], [-50.84579475899994, -22.955641710321665], [-50.845540684999946, -22.954755630321696], [-50.84566916199998, -22.953928977321716], [-50.84598887799996, -22.95316156432174], [-50.846563529999976, -22.952512510321743], [-50.84707440899996, -22.951863391321755], [-50.847967824999955, -22.951273694321763], [-50.84898863899996, -22.950802225321777], [-50.849945220999984, -22.95074407732179], [-50.85128415199995, -22.950922504321767], [-50.852304758999935, -22.950628179321804], [-50.85281560299995, -22.949979042321782], [-50.85326305799998, -22.948975511321823], [-50.853965254999935, -22.948267492321836], [-50.85434867599997, -22.94750012132186], [-50.854796237999956, -22.94637847432189], [-50.85498835299995, -22.945610926321905], [-50.85486157799994, -22.94490214232195], [-50.854862459999936, -22.944075363321932], [-50.85530975399997, -22.94318993732194], [-50.85620338999997, -22.942304914321998], [-50.856714619999934, -22.941242374321998], [-50.85741737799998, -22.939943782322008], [-50.85748237699994, -22.938762726322086], [-50.857483179999974, -22.937995003322087], [-50.85805795999994, -22.937109682322106], [-50.85958878299994, -22.936579542322097], [-50.860927828999934, -22.936521665322132], [-50.862203111999975, -22.936463722322134], [-50.86315994399995, -22.93605115932214], [-50.863287940999946, -22.935578823322125], [-50.86341640999996, -22.93463404232217], [-50.86379950299993, -22.934102869322164], [-50.86443775099997, -22.933453802322187], [-50.86494835599995, -22.93292273532221], [-50.86539548899998, -22.932096335322225], [-50.86565104999994, -22.931565049322234], [-50.865524230999945, -22.930856272322252], [-50.86488723299994, -22.93026517432224], [-50.864632726999965, -22.92973345532226], [-50.86463343099996, -22.92902478632228], [-50.86476176699995, -22.928198114322274], [-50.864762646999964, -22.927312277322297], [-50.864891039999975, -22.92642655032235], [-50.86470082499994, -22.925363383322388], [-50.864656836999984, -22.92470167032241], [-50.864701528999944, -22.924654714322408], [-50.86444797599995, -22.923178102322403], [-50.864385513999935, -22.921878820322448], [-50.86464117599996, -22.92122942432249], [-50.86534281999997, -22.920875686322496], [-50.866554606999955, -22.920404261322506], [-50.86732010999997, -22.9199324563225], [-50.86789452099998, -22.919283320322513], [-50.868022541999956, -22.9187519233225], [-50.86815078999995, -22.917984304322527], [-50.868342731999974, -22.91727579232253], [-50.86853484399995, -22.91639011332259], [-50.868217225999956, -22.915208732322572], [-50.868855647999965, -22.914264365322612], [-50.870514121999975, -22.91326177632263], [-50.87198115599995, -22.91243618132268], [-50.87255562199993, -22.911668916322665], [-50.873640678999955, -22.91025244032271], [-50.87408866699997, -22.90836300532274], [-50.87460006199995, -22.906827955322804], [-50.87491977399998, -22.905765199322822], [-50.87511187999996, -22.90482045532287], [-50.875431582999965, -22.90375769732285], [-50.875687588999945, -22.90263583432289], [-50.87632579199993, -22.901809548322902], [-50.87715575299996, -22.900392847322944], [-50.878176347999954, -22.89962590432293], [-50.87881394499993, -22.899449223322968], [-50.87983436799994, -22.898859438323], [-50.88091872999996, -22.898033469323018], [-50.88200277399994, -22.897561830323017], [-50.88340577599996, -22.896795136323032], [-50.88461758599993, -22.895969235323008], [-50.886020507999945, -22.89526157432305], [-50.88697732199996, -22.89443547332311], [-50.88742380499996, -22.89408145332308], [-50.88729705399993, -22.893195522323133], [-50.88711736399994, -22.89202372732315], [-50.88711203999998, -22.891958955323116], [-50.88704951799997, -22.89164121232313], [-50.88666354999998, -22.890445871323145], [-50.88630275599997, -22.89001538732316], [-50.885504096999966, -22.88877194432323], [-50.88385474499995, -22.886858636323232], [-50.88326204499998, -22.886141166323267], [-50.88311584899998, -22.88595120132326], [-50.88309375099993, -22.885922488323263], [-50.88274669899994, -22.885471547323263], [-50.882257434999985, -22.884467326323342], [-50.88187174499995, -22.883032955323348], [-50.881872249999965, -22.88244238832335], [-50.881872941999966, -22.881646680323367], [-50.88194837499997, -22.881077328323368], [-50.881952129999945, -22.88104898932338], [-50.88198820499997, -22.880776736323398], [-50.882002762999946, -22.880666815323416], [-50.88205256599997, -22.88057071132339], [-50.88240623699995, -22.879888201323418], [-50.882597035999936, -22.87951999332342], [-50.88326823699998, -22.878899049323447], [-50.88459022699993, -22.878022924323485], [-50.88499744899997, -22.877753046323445], [-50.88572031299998, -22.877012621323463], [-50.88604315899993, -22.876434101323504], [-50.88629199199994, -22.876088832323536], [-50.88815112499998, -22.873938803323576], [-50.88956500499995, -22.872228659323596], [-50.88967077299998, -22.872163427323603], [-50.89049669499997, -22.871494757323635], [-50.891709609999964, -22.87070683832365], [-50.892664466999975, -22.870062145323633], [-50.893691562999955, -22.869482741323637], [-50.89372244399994, -22.869465323323666], [-50.894806283999976, -22.86877290232369], [-50.894869723999925, -22.86867899332365], [-50.89488460699993, -22.868656960323666], [-50.89497123399996, -22.86852871932369], [-50.89498827799998, -22.868503488323693], [-50.895322724999964, -22.868008396323706], [-50.89545242099996, -22.86705242532368], [-50.89658904199996, -22.86473472832377], [-50.89692409899993, -22.86421805532378], [-50.896926296999936, -22.864215233323797], [-50.89754667699999, -22.86351638932381], [-50.898855795999964, -22.862075585323815], [-50.89890162599994, -22.862044235323843], [-50.89890723199994, -22.862040401323807], [-50.89935100799995, -22.861736868323845], [-50.90079590199997, -22.860949028323866], [-50.90200838799996, -22.860543454323867], [-50.90285990399996, -22.85997034032386], [-50.903350746999934, -22.858823373323883], [-50.903854372999945, -22.85775568632392], [-50.903970654999966, -22.85750916732395], [-50.90419260899995, -22.857475018323903], [-50.90474445999996, -22.85739012132395], [-50.90626648399995, -22.856841291323942], [-50.90698894999997, -22.856363687323935], [-50.907144449999976, -22.855240408324004], [-50.90744844999994, -22.85470904932397], [-50.90760922499993, -22.854428030323973], [-50.90828045499996, -22.853400650324023], [-50.90857077099997, -22.853006565324048], [-50.90857103899998, -22.853006200324042], [-50.90896004299998, -22.852478142324024], [-50.90899700999994, -22.85242795832405], [-50.909054856999944, -22.852349432324065], [-50.90993211399996, -22.85172849432408], [-50.91025934299995, -22.851220139324074], [-50.91065495899995, -22.850605531324106], [-50.91173911599998, -22.84895703932413], [-50.911739177999955, -22.84895693132414], [-50.91181112599998, -22.84887090832414], [-50.91235859599993, -22.848216327324167], [-50.913519803999975, -22.847093594324146], [-50.91371368499995, -22.846851997324187], [-50.914010975999986, -22.84648153432418], [-50.91419083699998, -22.84625739932419], [-50.91501666699998, -22.845301785324185], [-50.91504980899998, -22.84526374832422], [-50.915200381999966, -22.845090895324198], [-50.915508659999944, -22.844737015324213], [-50.916201801999925, -22.844196646324214], [-50.91836857199996, -22.843607207324276], [-50.919324235999966, -22.84378486332421], [-50.921044553999934, -22.843903839324227], [-50.922700989999946, -22.844318047324208], [-50.92359281399996, -22.844731873324196], [-50.92473997399998, -22.844319023324232], [-50.92588734999999, -22.84349277132423], [-50.92684362299997, -22.84254830932424], [-50.92786344399997, -22.84189915332431], [-50.92824624299993, -22.840954421324337], [-50.928246738999974, -22.840009517324308], [-50.92894819999998, -22.838887757324343], [-50.930668613999956, -22.838711345324366], [-50.93213425099997, -22.838357637324354], [-50.93391845499997, -22.83800404832437], [-50.935511615999985, -22.83741413632437], [-50.93653124899998, -22.83700114932438], [-50.93818788799995, -22.836883688324377], [-50.93984449999993, -22.836825265324393], [-50.940481749999954, -22.836589278324407], [-50.94092805799994, -22.83588076532442], [-50.94143812699997, -22.835054162324425], [-50.943541150999984, -22.83393284632449], [-50.945453000999976, -22.832811437324505], [-50.947747138999944, -22.83157201732454], [-50.94902173799994, -22.830627524324537], [-50.94997780499994, -22.829564808324594], [-50.950679098999956, -22.828265781324603], [-50.95176274499995, -22.826671582324632], [-50.95208170799998, -22.825490545324673], [-50.95252804299997, -22.8244276593247], [-50.95303813999993, -22.823187620324685], [-50.953611996999946, -22.82177042832476], [-50.95412191599996, -22.821002838324773], [-50.95520536799995, -22.819703899324814], [-50.955651658999955, -22.818641003324842], [-50.95648025399999, -22.81734198432482], [-50.95724514699998, -22.815983886324886], [-50.957818747999966, -22.81515724432491], [-50.95826504099995, -22.813976226324915], [-50.958966051999944, -22.81309055732494], [-50.95941229399994, -22.812027649324968], [-50.95954004899994, -22.810846547325017], [-50.959546445999926, -22.810752058325033], [-50.95934918499995, -22.810019703325025], [-50.959476869999946, -22.809074827325038], [-50.95985918499997, -22.808720583325055], [-50.96055998899993, -22.808425474325087], [-50.961515678999945, -22.807835140325064], [-50.96202548499997, -22.807126581325097], [-50.96317234099996, -22.80624099832511], [-50.96342739499994, -22.805296147325137], [-50.96425565199997, -22.80470576732514], [-50.96443012599997, -22.804624937325155], [-50.96475488499993, -22.80418357332517], [-50.96523778999995, -22.803778696325143], [-50.96578963199994, -22.803480405325168], [-50.96684731899995, -22.802969073325194], [-50.96762901299997, -22.802862661325175], [-50.96804548599993, -22.802766737325182], [-50.96808748099995, -22.802770513325207], [-50.96818648299996, -22.80277941532519], [-50.96859756899995, -22.802816380325186], [-50.96894956899996, -22.80295491532521], [-50.969441079999974, -22.803148349325188], [-50.96944825099997, -22.803151170325187], [-50.97022157499998, -22.803557648325185], [-50.97084024099996, -22.80386847832517], [-50.970964710999965, -22.803959186325176], [-50.97103269599995, -22.80400873132514], [-50.97113304499993, -22.80416892032513], [-50.97164488399994, -22.804471025325125], [-50.97260033299994, -22.804707419325123], [-50.972874795999985, -22.804752371325126], [-50.97344162199993, -22.804730793325152], [-50.97593599199996, -22.804727975325168], [-50.977170366999985, -22.804643383325175], [-50.97774439199998, -22.80467417132516], [-50.97834227399994, -22.804706233325174], [-50.97884233999997, -22.80483876632516], [-50.97960548399993, -22.80504102232512], [-50.98012254999998, -22.805041087325115], [-50.98043046799995, -22.805041122325136], [-50.98074363799998, -22.804993764325125], [-50.98141562399996, -22.804892129325104], [-50.98216400299997, -22.804929383325113], [-50.984529592999934, -22.80532839532511], [-50.98584436799996, -22.805830451325114], [-50.986488823999935, -22.806499751325124], [-50.98671614399995, -22.8068370163251], [-50.986875492999964, -22.8070734273251], [-50.98739107499995, -22.80747979632505], [-50.98819024999994, -22.808005695325058], [-50.98864515499997, -22.80796246932506], [-50.98919573099994, -22.807910159325065], [-50.989301642999976, -22.80789309032509], [-50.99069088299996, -22.80783951332508], [-50.99234709499996, -22.80825299932508], [-50.99381221699997, -22.808548346325036], [-50.99476775499994, -22.808194040325084], [-50.99527739599995, -22.807367260325087], [-50.99597814899994, -22.805949916325126], [-50.996296684999955, -22.80470973032513], [-50.99636040599995, -22.80388293632517], [-50.996742618999974, -22.80323331932517]]]}, "properties": {"objectid": 11, "nome": "Tibagi", "otto": "8442", "area_km2": 24954.5402369, "area_ha": 2495454.02369}}]}