{"type": "FeatureCollection", "features": [{"type": "Feature", "id": 19623956, "geometry": {"type": "Polygon", "coordinates": [[[-50.61574888999996, -23.478558329309802], [-50.61586221999994, -23.478637499309787], [-50.61595166999995, -23.478717779309804], [-50.616112499999986, -23.47886749930983], [-50.616196669999965, -23.479056669309827], [-50.61632388999993, -23.479342219309814], [-50.616422779999944, -23.4796686093098], [-50.61649527999998, -23.48006638930976], [-50.61652388999994, -23.48041860930977], [-50.61659360999994, -23.481028609309764], [-50.61663666999994, -23.481505559309745], [-50.616660829999944, -23.481862219309757], [-50.61666249999996, -23.482092219309752], [-50.616655829999964, -23.482418329309738], [-50.616747499999974, -23.48265221930974], [-50.61692832999994, -23.482861669309738], [-50.61713721999996, -23.48305555930973], [-50.61739666999994, -23.483182779309693], [-50.61780749999997, -23.483328329309693], [-50.61818082999997, -23.48351805930969], [-50.618830829999986, -23.48369943930969], [-50.61924832999995, -23.483697219309693], [-50.61951971999997, -23.4836677793097], [-50.619676389999945, -23.483596389309685], [-50.61995166999998, -23.48341027930968], [-50.620076669999946, -23.483202499309698], [-50.62023443999993, -23.48300082930973], [-50.62032666999994, -23.482883609309688], [-50.62040027999995, -23.48278971930973], [-50.62050832999996, -23.482753889309738], [-50.62061110999998, -23.48275777930969], [-50.620726669999954, -23.482828889309708], [-50.62082277999997, -23.482956389309727], [-50.62084166999995, -23.483217499309717], [-50.620784169999986, -23.48357305930972], [-50.62064582999995, -23.483872499309694], [-50.620558609999925, -23.484126389309697], [-50.62050305999997, -23.484269999309717], [-50.620414439999934, -23.484430559309683], [-50.62047332999998, -23.485022779309652], [-50.62059555999998, -23.485424719309677], [-50.62081582999997, -23.485983889309626], [-50.62093693999998, -23.48626332930961], [-50.621171939999954, -23.486639439309652], [-50.62138332999996, -23.486966669309627], [-50.62160193999995, -23.48734055930961], [-50.62171693999995, -23.487589719309614], [-50.62170527999996, -23.487756939309588], [-50.62160916999994, -23.487870279309632], [-50.62145138999995, -23.488027219309576], [-50.62126305999993, -23.48823249930963], [-50.62109332999995, -23.488369169309582], [-50.62086916999994, -23.488549169309568], [-50.62072082999998, -23.488699999309567], [-50.62062582999994, -23.48879832930957], [-50.62051749999995, -23.488857499309564], [-50.62032055999998, -23.488879719309573], [-50.61984666999996, -23.488990559309553], [-50.61949027999998, -23.488993329309586], [-50.61933221999993, -23.48902805930958], [-50.61924193999994, -23.48901443930956], [-50.619167499999946, -23.488984439309586], [-50.619249439999976, -23.488895829309552], [-50.61933471999998, -23.48879832930957], [-50.619574719999946, -23.488659999309608], [-50.61971416999995, -23.48859693930961], [-50.61980971999998, -23.488500559309603], [-50.61985971999996, -23.48836499930956], [-50.619868889999964, -23.48822110930957], [-50.61979221999996, -23.488045279309578], [-50.61960693999998, -23.4879524993096], [-50.61938527999996, -23.487887219309595], [-50.61909110999994, -23.487963609309595], [-50.61884777999995, -23.48807888930959], [-50.61881749999998, -23.488091939309594], [-50.61870221999993, -23.4881163893096], [-50.61853221999996, -23.488113329309616], [-50.61838110999997, -23.488076109309603], [-50.61814277999997, -23.48799582930959], [-50.61801332999993, -23.487896389309597], [-50.61794721999996, -23.48776166930959], [-50.61789221999992, -23.487671389309597], [-50.61782332999996, -23.4874961093096], [-50.617788889999986, -23.487348889309626], [-50.61748555999998, -23.48691916930963], [-50.61730277999993, -23.486682219309646], [-50.61696666999996, -23.486407219309605], [-50.61681999999996, -23.48614027930965], [-50.61665360999995, -23.48610221930965], [-50.616241109999976, -23.486041109309657], [-50.61602332999996, -23.48604693930963], [-50.61576027999996, -23.48608055930964], [-50.61523971999997, -23.486056669309676], [-50.61509582999997, -23.48616638930962], [-50.614951669999975, -23.486373329309604], [-50.61490666999998, -23.486520829309633], [-50.61487582999996, -23.48667388930964], [-50.61489721999994, -23.486754439309635], [-50.61496721999998, -23.486868889309648], [-50.61497110999995, -23.48693638930965], [-50.61488360999993, -23.487056669309624], [-50.614838059999954, -23.48706999930963], [-50.61464277999994, -23.487022779309633], [-50.614587219999976, -23.4870097193096], [-50.614528889999974, -23.486935829309598], [-50.61440860999994, -23.48676082930965], [-50.61423555999994, -23.486677779309655], [-50.61404888999994, -23.486629169309627], [-50.61394693999995, -23.486645829309605], [-50.61339138999995, -23.485318059309648], [-50.61213416999993, -23.482468609309723], [-50.61574888999996, -23.478558329309802]]]}, "properties": {"objectid": 19623956, "cod_tema": "AREA_IMOVEL", "nom_tema": "Area do Imovel", "cod_imovel": "PR-4117008-A9B6F1B2B5DE4E7FAE13C6D02AADD738", "mod_fiscal": 2.7561, "num_area": 49.5711, "ind_status": "AT", "ind_tipo": "IRU", "des_condic": "Analisado, aguardando regularizacao ambiental (Lei n 12.651/2012)", "municipio": "Nova Fatima", "cod_estado": "PR", "Shape__Area": 4.384920013037433e-05, "Shape__Length": 0.03650330119008445}}, {"type": "Feature", "id": 19624195, "geometry": {"type": "Polygon", "coordinates": [[[-50.63271407499997, -23.44001811731068], [-50.63068379199996, -23.44218814631065], [-50.63025026599996, -23.44302553831062], [-50.629742976999985, -23.443789685310584], [-50.628884657999954, -23.44407963831057], [-50.62757828999998, -23.44532155031055], [-50.62574999799995, -23.44640190731051], [-50.624564222999936, -23.446918157310527], [-50.624067011999955, -23.44733404531054], [-50.624123825999966, -23.447821631310486], [-50.62451542599997, -23.448368183310485], [-50.62485715299994, -23.44876374431047], [-50.62462218699995, -23.44935866931049], [-50.62489271199996, -23.44966404531046], [-50.62508583099998, -23.449860900310473], [-50.62521457699995, -23.450136496310456], [-50.62547206899996, -23.45025460831046], [-50.62568664599996, -23.45051051831046], [-50.626502036999966, -23.451042022310432], [-50.62666826999998, -23.4521106393104], [-50.62712430999994, -23.452341244310404], [-50.62937736499998, -23.45316801531038], [-50.62991380699998, -23.453384549310364], [-50.62986280399997, -23.453956236310354], [-50.62952515999996, -23.454800849310356], [-50.62878508299997, -23.45578366731034], [-50.62799284099998, -23.4563420053103], [-50.62687428299995, -23.456555690310296], [-50.625067931999986, -23.455737091310308], [-50.62419098899994, -23.45532455631036], [-50.623476504999985, -23.455195550310357], [-50.622918605999985, -23.455392397310337], [-50.62184377899996, -23.456262884310302], [-50.62116617399994, -23.457296551310293], [-50.620272571999976, -23.456567570310288], [-50.61937853999996, -23.456567151310292], [-50.61872295799998, -23.456262680310306], [-50.61865405999998, -23.455684985310306], [-50.61900894099994, -23.454178967310355], [-50.61931362599995, -23.453053469310362], [-50.61920582299996, -23.452571447310397], [-50.61859324899996, -23.45200185531043], [-50.61738252599998, -23.452380614310425], [-50.61660933399997, -23.443764201310596], [-50.619883633999954, -23.44294357931062], [-50.62047353299993, -23.44494392331058], [-50.62150244299995, -23.44486521531059], [-50.62087420199998, -23.442691311310632], [-50.63275585899999, -23.439673683310694], [-50.63271407499997, -23.44001811731068]]]}, "properties": {"objectid": 19624195, "cod_tema": "AREA_IMOVEL", "nom_tema": "Area do Imovel", "cod_imovel": "PR-4117008-CF7AB4C68A85426380E9BD16B9D7DC35", "mod_fiscal": 8.8232, "num_area": 158.826, "ind_status": "AT", "ind_tipo": "IRU", "des_condic": "Aguardando analise", "municipio": "Nova Fatima", "cod_estado": "PR", "Shape__Area": 0.00014045677689363854, "Shape__Length": 0.07146830097278414}}, {"type": "Feature", "id": 19761862, "geometry": {"type": "Polygon", "coordinates": [[[-50.67517914999997, -23.51627845430897], [-50.67540522599995, -23.51635346130893], [-50.675743257999954, -23.516721342308962], [-50.674907367999936, -23.520298266308853], [-50.67472841299997, -23.521176871308853], [-50.673679195999966, -23.521294280308844], [-50.67382601799994, -23.5224557183088], [-50.673652208999954, -23.52245001630885], [-50.67221109099996, -23.521678630308806], [-50.672353473999976, -23.521102953308855], [-50.67225787099994, -23.520835333308874], [-50.67213358299994, -23.52058335330885], [-50.67169646899998, -23.52049465730887], [-50.67219859399995, -23.516953906308956], [-50.66919729499994, -23.516050716308946], [-50.669521129999964, -23.514282709309015], [-50.67517914999997, -23.51627845430897]]]}, "properties": {"objectid": 19761862, "cod_tema": "AREA_IMOVEL", "nom_tema": "Area do Imovel", "cod_imovel": "PR-4124301-9CBE533CF58F4B49940BD3733162E84B", "mod_fiscal": 1.5032, "num_area": 27.0581, "ind_status": "AT", "ind_tipo": "IRU", "des_condic": "Aguardando analise", "municipio": "Santo Antonio do Paraiso", "cod_estado": "PR", "Shape__Area": 2.3941162373573263e-05, "Shape__Length": 0.02545439539476961}}, {"type": "Feature", "id": 19761867, "geometry": {"type": "Polygon", "coordinates": [[[-50.64255372299993, -23.510677611309074], [-50.644753200999965, -23.51118152230907], [-50.64959291599997, -23.512290597309033], [-50.654340986999955, -23.513378452309052], [-50.65718871699994, -23.514029414309043], [-50.65644745199995, -23.517111017308977], [-50.65401997199996, -23.51661326830895], [-50.653070179999986, -23.520624309308868], [-50.652702972999975, -23.520499562308842], [-50.65039152799994, -23.51940666730888], [-50.64928201699997, -23.518911707308906], [-50.646503860999985, -23.517750047308954], [-50.64512016599997, -23.517123099308932], [-50.64430346999995, -23.516776998308945], [-50.64291457599995, -23.516196809308944], [-50.642003761999945, -23.515813536308954], [-50.641879652999926, -23.515741621308962], [-50.64183767499998, -23.515652913308944], [-50.64185578399997, -23.515440144308993], [-50.64203318899997, -23.514457519308994], [-50.64210588399993, -23.514017070309016], [-50.64224728399995, -23.513090274309043], [-50.64230010799998, -23.512644811309045], [-50.64233631299993, -23.512222975309076], [-50.64240679399995, -23.511803837309042], [-50.64255372299993, -23.510677611309074]]]}, "properties": {"objectid": 19761867, "cod_tema": "AREA_IMOVEL", "nom_tema": "Area do Imovel", "cod_imovel": "PR-4124301-15295495A08648F89C0B3A0FA3088F00", "mod_fiscal": 5.2593, "num_area": 94.6674, "ind_status": "AT", "ind_tipo": "IRU", "des_condic": "Aguardando analise", "municipio": "Santo Antonio do Paraiso", "cod_estado": "PR", "Shape__Area": 8.375978825083603e-05, "Shape__Length": 0.04212393461110945}}, {"type": "Feature", "id": 19761875, "geometry": {"type": "Polygon", "coordinates": [[[-50.651834400999974, -23.50738036430918], [-50.65189156199995, -23.507395667309158], [-50.651924056999974, -23.50740441130917], [-50.65215405799995, -23.507433739309157], [-50.652560164999954, -23.507464364309183], [-50.65267052199994, -23.507475901309167], [-50.65266733599998, -23.50749549530914], [-50.65180585999997, -23.51279760030902], [-50.650332584999944, -23.512459997309037], [-50.65108594799994, -23.508584742309143], [-50.651090515999954, -23.508561177309154], [-50.651531740999985, -23.50861021930915], [-50.65163560399998, -23.507962532309143], [-50.65183133299996, -23.50739237130917], [-50.651834400999974, -23.50738036430918]]]}, "properties": {"objectid": 19761875, "cod_tema": "AREA_IMOVEL", "nom_tema": "Area do Imovel", "cod_imovel": "PR-4124301-92AA0E8592B448B9BE563C3912618C4B", "mod_fiscal": 0.4403, "num_area": 7.9247, "ind_status": "AT", "ind_tipo": "IRU", "des_condic": "Aguardando analise", "municipio": "Santo Antonio do Paraiso", "cod_estado": "PR", "Shape__Area": 7.0113322065152555e-06, "Shape__Length": 0.013432779586465486}}, {"type": "Feature", "id": 19761876, "geometry": {"type": "Polygon", "coordinates": [[[-50.66358089399995, -23.53046788930865], [-50.662980079999954, -23.530625276308644], [-50.66504001599998, -23.51976511230888], [-50.66463231999995, -23.5194699873089], [-50.66426753999996, -23.51911583530892], [-50.66523313499994, -23.51927323630888], [-50.66617727299995, -23.519450312308866], [-50.664181708999934, -23.53027115530866], [-50.66358089399995, -23.53046788930865]]]}, "properties": {"objectid": 19761876, "cod_tema": "AREA_IMOVEL", "nom_tema": "Area do Imovel", "cod_imovel": "PR-4124301-54C71F910AA4446891D5E1E55F450B17", "mod_fiscal": 0.7868, "num_area": 14.1621, "ind_status": "AT", "ind_tipo": "IRU", "des_condic": "Aguardando analise", "municipio": "Santo Antonio do Paraiso", "cod_estado": "PR", "Shape__Area": 1.253130686560525e-05, "Shape__Length": 0.026261066227000352}}, {"type": "Feature", "id": 19761884, "geometry": {"type": "Polygon", "coordinates": [[[-50.63339800799998, -23.503909145309244], [-50.63359324699997, -23.504144365309216], [-50.63410204999997, -23.50393853030925], [-50.634701695999986, -23.503963513309248], [-50.63490742799996, -23.504052426309265], [-50.63596308299998, -23.50529753130918], [-50.63451807299998, -23.506511399309193], [-50.63397106899999, -23.506926976309202], [-50.63299449699998, -23.507578648309185], [-50.63272827999998, -23.50556353930921], [-50.632666628999964, -23.505155385309216], [-50.63301959099994, -23.505096601309237], [-50.633092562999934, -23.504883600309224], [-50.63255460099998, -23.504088174309217], [-50.63339800799998, -23.503909145309244]]]}, "properties": {"objectid": 19761884, "cod_tema": "AREA_IMOVEL", "nom_tema": "Area do Imovel", "cod_imovel": "PR-4124301-C0FA2AB8936A48EE9376DFA5432564AD", "mod_fiscal": 0.45630000000000004, "num_area": 8.2128, "ind_status": "PE", "ind_tipo": "IRU", "des_condic": "Aguardando analise", "municipio": "Santo Antonio do Paraiso", "cod_estado": "PR", "Shape__Area": 7.265974014126915e-06, "Shape__Length": 0.011910275438451386}}, {"type": "Feature", "id": 19761890, "geometry": {"type": "Polygon", "coordinates": [[[-50.638734701999965, -23.50137317230928], [-50.63859556899995, -23.502186761309275], [-50.63806110899998, -23.502098648309275], [-50.63820317799996, -23.50129020230928], [-50.638734701999965, -23.50137317230928]]]}, "properties": {"objectid": 19761890, "cod_tema": "AREA_IMOVEL", "nom_tema": "Area do Imovel", "cod_imovel": "PR-4124301-157827DF36EF4AC492905D1BA4DCC36B", "mod_fiscal": 0.0279, "num_area": 0.5022, "ind_status": "PE", "ind_tipo": "IRU", "des_condic": "Aguardando analise", "municipio": "Santo Antonio do Paraiso", "cod_estado": "PR", "Shape__Area": 4.4429305979940814e-07, "Shape__Length": 0.0027258693661747543}}, {"type": "Feature", "id": 19761899, "geometry": {"type": "Polygon", "coordinates": [[[-50.656374753999955, -23.507946773309143], [-50.65698962899995, -23.508036209309136], [-50.658078812999975, -23.508186018309132], [-50.65870155799997, -23.508302823309116], [-50.659199590999954, -23.50835341330913], [-50.65978375499998, -23.508391001309118], [-50.66029594499997, -23.50609147630917], [-50.66394416899993, -23.508136489309155], [-50.663210557999946, -23.511938434309037], [-50.66652000299996, -23.51318537830901], [-50.66631320799996, -23.51398461330904], [-50.66364184599996, -23.513479237309017], [-50.663102239999944, -23.515409522308985], [-50.66076570499996, -23.514864529308987], [-50.657188719999965, -23.514029515309], [-50.655508422999965, -23.513645423309004], [-50.656374753999955, -23.507946773309143]]]}, "properties": {"objectid": 19761899, "cod_tema": "AREA_IMOVEL", "nom_tema": "Area do Imovel", "cod_imovel": "PR-4124301-F0224777657F42D7B23845AB686544DD", "mod_fiscal": 3.5465, "num_area": 63.7884, "ind_status": "AT", "ind_tipo": "IRU", "des_condic": "Analisado, aguardando regularizacao ambiental (Lei n 12.651/2012)", "municipio": "Santo Antonio do Paraiso", "cod_estado": "PR", "Shape__Area": 5.64370690437002e-05, "Shape__Length": 0.036495932141467964}}, {"type": "Feature", "id": 19761901, "geometry": {"type": "Polygon", "coordinates": [[[-50.669521129999964, -23.514282710309004], [-50.66919729499994, -23.516050717308993], [-50.67219859399995, -23.516953906308956], [-50.67169646899998, -23.520494658308863], [-50.66620661399997, -23.51960743330891], [-50.66715156899994, -23.515615429308987], [-50.66614329999993, -23.515341531309005], [-50.66633488599996, -23.514048614309036], [-50.66649117499998, -23.513121572309053], [-50.669521129999964, -23.514282710309004]]]}, "properties": {"objectid": 19761901, "cod_tema": "AREA_IMOVEL", "nom_tema": "Area do Imovel", "cod_imovel": "PR-4124301-8BC73A5328314376844267E22D01D8F8", "mod_fiscal": 1.7200000000000002, "num_area": 30.9354, "ind_status": "AT", "ind_tipo": "IRU", "des_condic": "Analisado, em conformidade com a Lei n 12.651/2012", "municipio": "Santo Antonio do Paraiso", "cod_estado": "PR", "Shape__Area": 2.7371424533251583e-05, "Shape__Length": 0.024708048619832165}}, {"type": "Feature", "id": 19761906, "geometry": {"type": "Polygon", "coordinates": [[[-50.65813007099995, -23.53046391030866], [-50.65817260699999, -23.530214309308658], [-50.65825653099995, -23.52962875330864], [-50.65827517499998, -23.529508208308677], [-50.65836715699999, -23.52891349730868], [-50.658493041999975, -23.52832221930869], [-50.65860748299997, -23.527849196308722], [-50.65869140599994, -23.527442931308684], [-50.65883254999994, -23.526714324308717], [-50.65892791699997, -23.52622222830871], [-50.65914916999998, -23.525199889308762], [-50.659626006999986, -23.523168563308804], [-50.660133361999954, -23.520912169308883], [-50.66038131699998, -23.519632338308877], [-50.660938262999935, -23.519536971308906], [-50.66153335599995, -23.51944923330891], [-50.66197218399998, -23.519379236308893], [-50.66203432999999, -23.51936932330891], [-50.66167449999995, -23.521110534308836], [-50.660652160999966, -23.52589225730873], [-50.66025924699994, -23.527690886308694], [-50.66005193999996, -23.52878762030867], [-50.65975585399996, -23.53035403030863], [-50.659664153999984, -23.53038597030863], [-50.65950012199994, -23.53030967630862], [-50.65934371899994, -23.53036117530862], [-50.65913009599996, -23.530357360308667], [-50.658985137999935, -23.53035163830864], [-50.65879821799996, -23.530376433308636], [-50.65864181499995, -23.53044319130865], [-50.65839004499998, -23.530344008308678], [-50.658226012999926, -23.530460357308662], [-50.65813007099995, -23.53046391030866]]]}, "properties": {"objectid": 19761906, "cod_tema": "AREA_IMOVEL", "nom_tema": "Area do Imovel", "cod_imovel": "PR-4124301-6E1F71403C6245B6BEB21C689CC8C2C2", "mod_fiscal": 1.1089, "num_area": 19.9456, "ind_status": "AT", "ind_tipo": "IRU", "des_condic": "Analisado, em conformidade com a Lei n 12.651/2012", "municipio": "Santo Antonio do Paraiso", "cod_estado": "PR", "Shape__Area": 1.764877430953167e-05, "Shape__Length": 0.025687610016020424}}, {"type": "Feature", "id": 19761907, "geometry": {"type": "Polygon", "coordinates": [[[-50.65069565999994, -23.50541300630921], [-50.651966646999945, -23.4969329233094], [-50.65384904399997, -23.49764537530941], [-50.65356669299996, -23.498878262309336], [-50.65335450799994, -23.50001862730935], [-50.65264246199996, -23.503421939309256], [-50.65227221599997, -23.505219444309223], [-50.652188723999984, -23.505628435309195], [-50.65069565999994, -23.50541300630921]]]}, "properties": {"objectid": 19761907, "cod_tema": "AREA_IMOVEL", "nom_tema": "Area do Imovel", "cod_imovel": "PR-4124301-932AD5BAE7634C5B8348D277B169BBC9", "mod_fiscal": 0.9128000000000001, "num_area": 16.4176, "ind_status": "AT", "ind_tipo": "IRU", "des_condic": "Analisado, em conformidade com a Lei n 12.651/2012", "municipio": "Santo Antonio do Paraiso", "cod_estado": "PR", "Shape__Area": 1.4524550034013343e-05, "Shape__Length": 0.020250448903716127}}, {"type": "Feature", "id": 19761910, "geometry": {"type": "Polygon", "coordinates": [[[-50.66614329999993, -23.515341531309005], [-50.66715156899994, -23.515615429308987], [-50.66620661399997, -23.51960743330891], [-50.66413069299994, -23.51919316730891], [-50.66310650599996, -23.519106527308896], [-50.65580826699994, -23.520230132308853], [-50.65718240599995, -23.51405824730903], [-50.657198622999935, -23.51405897330903], [-50.66317471899999, -23.515375470308996], [-50.66374211199996, -23.513442017309053], [-50.66633488599996, -23.514048614309036], [-50.66614329999993, -23.515341531309005]]]}, "properties": {"objectid": 19761910, "cod_tema": "AREA_IMOVEL", "nom_tema": "Area do Imovel", "cod_imovel": "PR-4124301-6EBACAEFF17C487D9D1887E3435B6B4B", "mod_fiscal": 3.2481, "num_area": 58.4653, "ind_status": "AT", "ind_tipo": "IRU", "des_condic": "Analisado, aguardando regularizacao ambiental (Lei n 12.651/2012)", "municipio": "Santo Antonio do Paraiso", "cod_estado": "PR", "Shape__Area": 5.172965905483535e-05, "Shape__Length": 0.03411948936784752}}, {"type": "Feature", "id": 19761911, "geometry": {"type": "Polygon", "coordinates": [[[-50.620581253999944, -23.48520437430967], [-50.620563035999965, -23.484844137309683], [-50.62057975799996, -23.484613894309657], [-50.62061676399997, -23.48437197830967], [-50.62076746499997, -23.48408279030967], [-50.62094584099998, -23.4834643663097], [-50.620902168999976, -23.482708448309726], [-50.62786374899997, -23.486175395309655], [-50.62218293099994, -23.490132532309538], [-50.620005850999966, -23.48994508030957], [-50.61867161799995, -23.48960626130955], [-50.61737236699997, -23.489274928309595], [-50.61588961299998, -23.488871807309565], [-50.615303659999945, -23.488693241309583], [-50.61478633499996, -23.488438279309594], [-50.614586143999986, -23.48820037330961], [-50.61442341399999, -23.487931747309588], [-50.614258725999946, -23.487601211309613], [-50.614114060999945, -23.487224240309644], [-50.61392448199996, -23.48680176330962], [-50.61401606599998, -23.486750046309606], [-50.614104630999975, -23.486841654309647], [-50.614318619999956, -23.487007584309623], [-50.614503225999954, -23.487161902309612], [-50.61465366399994, -23.487264721309618], [-50.61471059599995, -23.487291654309644], [-50.614828010999986, -23.487324787309625], [-50.61502658399996, -23.487200377309613], [-50.61511664799997, -23.487044706309604], [-50.61504343699994, -23.48676919730961], [-50.61507466499995, -23.486618906309655], [-50.615155028999936, -23.486434696309612], [-50.615194763999966, -23.48631748730962], [-50.61529491899995, -23.486262188309627], [-50.615397092999956, -23.486221998309638], [-50.615599471999985, -23.486202073309634], [-50.615917440999965, -23.48618140130963], [-50.61621561799996, -23.486164457309645], [-50.616474419999975, -23.48618483430965], [-50.61670056599997, -23.48628003630966], [-50.616846951999946, -23.486449427309633], [-50.61692311099995, -23.486578306309625], [-50.61708833299997, -23.486703952309632], [-50.61727609299999, -23.48690427630962], [-50.61746054699995, -23.487177083309604], [-50.617629825999984, -23.48745943030959], [-50.61781599799997, -23.48796646130961], [-50.61805736599996, -23.488162689309608], [-50.61831031399998, -23.4882407193096], [-50.61860594399997, -23.488255019309566], [-50.61886033199994, -23.48817072830958], [-50.61910744099998, -23.4881028123096], [-50.619274960999974, -23.48805629130959], [-50.619456765999985, -23.488052801309617], [-50.619649792999944, -23.488127550309585], [-50.619695709999974, -23.488278721309594], [-50.61950842299996, -23.48841803430957], [-50.619306748999975, -23.488578158309565], [-50.61907082499994, -23.4887558223096], [-50.61894973599994, -23.488931212309566], [-50.61893315699996, -23.489091339309574], [-50.61909638299994, -23.489157804309556], [-50.61931788799995, -23.489177624309583], [-50.61956392199994, -23.4891761403096], [-50.619733381999936, -23.48916358630957], [-50.619857782999986, -23.489157309309554], [-50.620046711999976, -23.489126727309593], [-50.62032338499995, -23.489075894309547], [-50.62055478199994, -23.488984024309595], [-50.620696130999924, -23.488889694309588], [-50.62092357299997, -23.488679247309616], [-50.621148726999934, -23.488463902309597], [-50.62138048399999, -23.48827790230962], [-50.62156234899993, -23.488077268309613], [-50.62172313099996, -23.487911311309595], [-50.62182740899993, -23.487696498309624], [-50.62174704499994, -23.487417154309608], [-50.62149440199994, -23.486914199309616], [-50.62110046899994, -23.48627847230965], [-50.620581253999944, -23.48520437430967]]]}, "properties": {"objectid": 19761911, "cod_tema": "AREA_IMOVEL", "nom_tema": "Area do Imovel", "cod_imovel": "PR-4124301-2BF7884D4CC64AA2BF1261D26CD04C3C", "mod_fiscal": 2.4243, "num_area": 43.6035, "ind_status": "AT", "ind_tipo": "IRU", "des_condic": "Analisado, aguardando regularizacao ambiental (Lei n 12.651/2012)", "municipio": "Santo Antonio do Paraiso", "cod_estado": "PR", "Shape__Area": 3.857119495139295e-05, "Shape__Length": 0.042207373671485}}, {"type": "Feature", "id": 19761917, "geometry": {"type": "Polygon", "coordinates": [[[-50.62895378399998, -23.490974938309535], [-50.62484903199998, -23.488269797309623], [-50.62671432899999, -23.4869942183096], [-50.62942754899995, -23.490737150309542], [-50.62895378399998, -23.490974938309535]]]}, "properties": {"objectid": 19761917, "cod_tema": "AREA_IMOVEL", "nom_tema": "Area do Imovel", "cod_imovel": "PR-4124301-3EFB6DEFABAB4A779E0CA9690526CD9A", "mod_fiscal": 0.3991, "num_area": 7.1785, "ind_status": "AT", "ind_tipo": "IRU", "des_condic": "Analisado, em conformidade com a Lei n 12.651/2012", "municipio": "Santo Antonio do Paraiso", "cod_estado": "PR", "Shape__Area": 6.350134089811575e-06, "Shape__Length": 0.01232869372120512}}, {"type": "Feature", "id": 19761925, "geometry": {"type": "Polygon", "coordinates": [[[-50.62671432899999, -23.4869942183096], [-50.62785959599995, -23.48618794630965], [-50.62865097599996, -23.487392576309635], [-50.63065167799994, -23.49021864330958], [-50.63009564899994, -23.490419711309542], [-50.62942562799998, -23.49073757530954], [-50.62671432899999, -23.4869942183096]]]}, "properties": {"objectid": 19761925, "cod_tema": "AREA_IMOVEL", "nom_tema": "Area do Imovel", "cod_imovel": "PR-4124301-2FCBF273CF344CBCB2C9707A3FA786D9", "mod_fiscal": 0.3975, "num_area": 7.1492, "ind_status": "AT", "ind_tipo": "IRU", "des_condic": "Analisado, em conformidade com a Lei n 12.651/2012", "municipio": "Santo Antonio do Paraiso", "cod_estado": "PR", "Shape__Area": 6.324144947052289e-06, "Shape__Length": 0.012259485312188699}}, {"type": "Feature", "id": 19761928, "geometry": {"type": "Polygon", "coordinates": [[[-50.68654382699998, -23.51700534930896], [-50.68588968199998, -23.519861717308885], [-50.68684969699996, -23.520209446308872], [-50.686013213999956, -23.526562992308747], [-50.68581533199995, -23.526358733308708], [-50.68429349999997, -23.52534176030874], [-50.68401586299995, -23.525227508308742], [-50.68379115899996, -23.525180608308773], [-50.681560899999965, -23.525007358308784], [-50.68020911599996, -23.524846510308787], [-50.679944728999935, -23.524747182308744], [-50.68068748899998, -23.521634224308844], [-50.680635294999945, -23.521050391308854], [-50.68061085099998, -23.52076762830888], [-50.68057207099997, -23.520483274308862], [-50.68051093599996, -23.52043672530887], [-50.67949076499997, -23.520571752308864], [-50.67567628699993, -23.521086203308872], [-50.675143597999984, -23.521159088308877], [-50.67498634699996, -23.521181641308836], [-50.674734884999964, -23.521181083308875], [-50.674926066999944, -23.520392328308866], [-50.67499668399995, -23.520389494308876], [-50.67500548299996, -23.520246930308893], [-50.67576123599997, -23.51690306030892], [-50.675759331999984, -23.51679315330897], [-50.67591101399995, -23.51649616930898], [-50.675984719999974, -23.51651772530897], [-50.681531150999945, -23.518395123308895], [-50.68239457999994, -23.515119319308962], [-50.68654382699998, -23.51700534930896]]]}, "properties": {"objectid": 19761928, "cod_tema": "AREA_IMOVEL", "nom_tema": "Area do Imovel", "cod_imovel": "PR-4124301-A6480D838AA24C01BD52C81CC3496688", "mod_fiscal": 4.3308, "num_area": 80.5973, "ind_status": "AT", "ind_tipo": "IRU", "des_condic": "Analisado, aguardando atendimento a notificacao", "municipio": "Santo Antonio do Paraiso", "cod_estado": "PR", "Shape__Area": 7.131405680782524e-05, "Shape__Length": 0.04591971927855345}}, {"type": "Feature", "id": 19761932, "geometry": {"type": "Polygon", "coordinates": [[[-50.62732132899999, -23.491676847309503], [-50.62723028199997, -23.491709247309515], [-50.62698874199999, -23.4917550973095], [-50.62673214499995, -23.49175728330952], [-50.62647918199996, -23.4917209983095], [-50.62624922699996, -23.491652339309525], [-50.62603156199998, -23.4915667293095], [-50.623109863999964, -23.49035842530953], [-50.62281999299995, -23.49025014430954], [-50.62252372299997, -23.490153498309564], [-50.62231812399994, -23.49009681730952], [-50.624479733999976, -23.488608294309582], [-50.624835109999935, -23.488270331309597], [-50.62895737599996, -23.490938900309516], [-50.62917619199993, -23.49110336630951], [-50.63504909599993, -23.49475580330946], [-50.63340044499995, -23.498001375309354], [-50.632142657999964, -23.496674390309398], [-50.63067523299998, -23.495656090309424], [-50.62875671699994, -23.49383793530949], [-50.627533923999984, -23.4930538653095], [-50.62735675099998, -23.491906283309543], [-50.62732132899999, -23.491676847309503]]]}, "properties": {"objectid": 19761932, "cod_tema": "AREA_IMOVEL", "nom_tema": "Area do Imovel", "cod_imovel": "PR-4124301-6839C7E64D8F4B41B6587312F222933C", "mod_fiscal": 2.1343, "num_area": 38.3877, "ind_status": "AT", "ind_tipo": "IRU", "des_condic": "Analisado, aguardando regularizacao ambiental (Lei n 12.651/2012)", "municipio": "Santo Antonio do Paraiso", "cod_estado": "PR", "Shape__Area": 3.395910950006469e-05, "Shape__Length": 0.03328381018612161}}, {"type": "Feature", "id": 19761941, "geometry": {"type": "Polygon", "coordinates": [[[-50.66721272799999, -23.526895693308735], [-50.66652059599994, -23.52718238630875], [-50.66585540799997, -23.527339778308686], [-50.66746473299998, -23.51976511230888], [-50.668730735999986, -23.51994218730888], [-50.66721272799999, -23.526895693308735]]]}, "properties": {"objectid": 19761941, "cod_tema": "AREA_IMOVEL", "nom_tema": "Area do Imovel", "cod_imovel": "PR-4124301-2E98FCD4E1D147C49ADF2BDD001F7EE1", "mod_fiscal": 0.5881000000000001, "num_area": 10.5784, "ind_status": "AT", "ind_tipo": "IRU", "des_condic": "Analisado, em conformidade com a Lei n 12.651/2012", "municipio": "Santo Antonio do Paraiso", "cod_estado": "PR", "Shape__Area": 9.360148994698505e-06, "Shape__Length": 0.01757205408578613}}, {"type": "Feature", "id": 19761942, "geometry": {"type": "Polygon", "coordinates": [[[-50.62484268199995, -23.491201387309545], [-50.626015354999936, -23.491687729309536], [-50.62611494399994, -23.491726808309497], [-50.62623899599998, -23.491772902309524], [-50.62631169699994, -23.491796019309543], [-50.626408579999975, -23.491821724309524], [-50.62649470899998, -23.49184099030951], [-50.62657047099999, -23.49185544330951], [-50.62664751799997, -23.49186538330949], [-50.626711555999975, -23.49186978230952], [-50.62678666499994, -23.491872310309507], [-50.62685120499998, -23.491872103309536], [-50.62693621699998, -23.4918705913095], [-50.62700194399997, -23.49186650330953], [-50.62706895499997, -23.491858263309535], [-50.62714851899994, -23.491843820309533], [-50.627211527999975, -23.4918307833095], [-50.62726886399997, -23.491815564309526], [-50.62733237199995, -23.491799096309506], [-50.62737972099996, -23.491782860309485], [-50.62735675099998, -23.491906283309543], [-50.626985332999936, -23.493941015309463], [-50.62613711699998, -23.49851831230938], [-50.62353860999997, -23.498198329309396], [-50.62434166999998, -23.4938869393095], [-50.62447721999996, -23.493159439309473], [-50.624820829999976, -23.491318329309532], [-50.62484268199995, -23.491201387309545]]]}, "properties": {"objectid": 19761942, "cod_tema": "AREA_IMOVEL", "nom_tema": "Area do Imovel", "cod_imovel": "PR-4124301-34C3DF627C7A4A8EB935404EBFE7642A", "mod_fiscal": 1.1201, "num_area": 20.1466, "ind_status": "AT", "ind_tipo": "IRU", "des_condic": "Analisado, em conformidade com a Lei n 12.651/2012", "municipio": "Santo Antonio do Paraiso", "cod_estado": "PR", "Shape__Area": 1.7822531772625042e-05, "Shape__Length": 0.019255591935155435}}, {"type": "Feature", "id": 19761950, "geometry": {"type": "Polygon", "coordinates": [[[-50.64519772999994, -23.50795197530915], [-50.646655762999956, -23.50810451030914], [-50.64731200699998, -23.50818042730914], [-50.647308721999934, -23.50820002130917], [-50.64672010899994, -23.51163221330909], [-50.644753200999965, -23.51118152230907], [-50.644985823999946, -23.509430784309117], [-50.645192738999974, -23.50798673930917], [-50.64519772999994, -23.50795197530915]]]}, "properties": {"objectid": 19761950, "cod_tema": "AREA_IMOVEL", "nom_tema": "Area do Imovel", "cod_imovel": "PR-4124301-69DCC8561B96458AB6411F7D6FC1BC22", "mod_fiscal": 0.4403, "num_area": 7.9253, "ind_status": "AT", "ind_tipo": "IRU", "des_condic": "Analisado, em conformidade com a Lei n 12.651/2012", "municipio": "Santo Antonio do Paraiso", "cod_estado": "PR", "Shape__Area": 7.01183393103544e-06, "Shape__Length": 0.010906699017559324}}, {"type": "Feature", "id": 19761954, "geometry": {"type": "Polygon", "coordinates": [[[-50.61846870599993, -23.452366781310406], [-50.61880578499995, -23.452507703310413], [-50.61897080399996, -23.452730223310372], [-50.618998777999934, -23.4528762613104], [-50.618924868999954, -23.45328201431038], [-50.618847289999955, -23.453704198310376], [-50.61877104399996, -23.454114010310345], [-50.61855328199994, -23.45469058231035], [-50.618415175999985, -23.455331030310337], [-50.61832914699993, -23.45594279131033], [-50.61836000199998, -23.45642720531029], [-50.618535029999975, -23.456579224310275], [-50.61901015399996, -23.45679450031028], [-50.61940851199994, -23.456909804310296], [-50.61977681399998, -23.45685317531032], [-50.62002039899994, -23.45685830331032], [-50.620271109999976, -23.45690497831028], [-50.620464313999946, -23.457066357310303], [-50.620653706999974, -23.45729415731031], [-50.62090165099995, -23.457555975310306], [-50.62105304099998, -23.45765155931026], [-50.621310301999976, -23.45759942231031], [-50.621477065999954, -23.457358440310266], [-50.62171519499998, -23.45701592231031], [-50.62204240099993, -23.456586290310298], [-50.622299761999955, -23.456264175310288], [-50.62280584699994, -23.455853324310333], [-50.623001237999965, -23.45562463431031], [-50.62321961899994, -23.45547097231031], [-50.62349519199994, -23.455381400310326], [-50.62372112399999, -23.45539576531035], [-50.62409834399995, -23.45557641431031], [-50.62446055699997, -23.455767285310333], [-50.62482482799994, -23.455957552310327], [-50.62514957299993, -23.456068533310305], [-50.625414501999956, -23.456211850310336], [-50.625714854999956, -23.456362391310314], [-50.626142798999986, -23.4565425363103], [-50.62657584999994, -23.456787368310327], [-50.626819359999956, -23.456853844310295], [-50.62739290199995, -23.456823686310273], [-50.627746068999954, -23.456786511310288], [-50.628085690999974, -23.456688344310326], [-50.62845522799995, -23.456540635310294], [-50.62923611599996, -23.455714236310317], [-50.62952970099997, -23.455437253310322], [-50.62997713199997, -23.455530008310348], [-50.63019781599996, -23.455629497310323], [-50.630249798999955, -23.455317419310344], [-50.63055141499996, -23.455160903310357], [-50.630651415999985, -23.455267288310317], [-50.630886550999946, -23.455344552310354], [-50.630748654999934, -23.45549388731035], [-50.63069740199995, -23.455683530310335], [-50.631069896999975, -23.455729413310326], [-50.631253742999945, -23.455698733310324], [-50.631429294999975, -23.455753450310333], [-50.63129885699993, -23.455300094310306], [-50.63133090599995, -23.455161316310367], [-50.63143344799994, -23.45511764531034], [-50.631687781999965, -23.455133065310356], [-50.63187667399995, -23.455322998310354], [-50.631880174999935, -23.4555738623103], [-50.63204880899997, -23.45547340831035], [-50.632299859999925, -23.455290840310344], [-50.632661506999966, -23.455527388310323], [-50.632685255999945, -23.455631021310353], [-50.632480605999945, -23.455751798310295], [-50.63253461499994, -23.456007253310283], [-50.632696805999956, -23.456050624310286], [-50.63314636699994, -23.455848016310302], [-50.633556572999964, -23.455831470310322], [-50.633936812999934, -23.455966917310317], [-50.634622881999974, -23.456378684310298], [-50.63490278099994, -23.456478075310294], [-50.635691623999946, -23.456036137310306], [-50.63614558399996, -23.45570904231032], [-50.63732020699995, -23.455011602310336], [-50.637772353999935, -23.455011976310356], [-50.63803654599997, -23.455118768310346], [-50.63923652499995, -23.45552553031036], [-50.639428615999975, -23.455654424310353], [-50.63963918799994, -23.455647920310348], [-50.640053180999985, -23.455389817310337], [-50.640287487999956, -23.45537081131033], [-50.64068734399995, -23.455984821310317], [-50.64095881899994, -23.456447488310324], [-50.64007090399997, -23.458572694310234], [-50.63583921099996, -23.468700554310015], [-50.633398728999964, -23.468048604310074], [-50.62346717799994, -23.465364980310103], [-50.61289288999996, -23.455165839310325], [-50.613070317999984, -23.45499765531031], [-50.61313238599996, -23.45489871931035], [-50.61304276999993, -23.45467385231037], [-50.61311226899994, -23.454410447310376], [-50.613241717999976, -23.454371747310375], [-50.613489390999966, -23.454484367310354], [-50.61379255299994, -23.454605525310363], [-50.61418928299997, -23.45467054931033], [-50.61470793099994, -23.45466053931034], [-50.615192209999975, -23.45451630631035], [-50.61523777899998, -23.454366746310335], [-50.615807367999935, -23.453770992310396], [-50.61647741099995, -23.453206736310385], [-50.61734746999997, -23.452642877310385], [-50.61811716299997, -23.4523872383104], [-50.61846870599993, -23.452366781310406]]]}, "properties": {"objectid": 19761954, "cod_tema": "AREA_IMOVEL", "nom_tema": "Area do Imovel", "cod_imovel": "PR-4124301-32F500689C154851A10CCA9DCCD9D32D", "mod_fiscal": 14.3151, "num_area": 257.741, "ind_status": "AT", "ind_tipo": "IRU", "des_condic": "Analisado, aguardando atendimento a notificacao", "municipio": "Santo Antonio do Paraiso", "cod_estado": "PR", "Shape__Area": 0.00022794712031265333, "Shape__Length": 0.08152131251837537}}, {"type": "Feature", "id": 19761956, "geometry": {"type": "Polygon", "coordinates": [[[-50.62863070499997, -23.50465128430923], [-50.620344159999945, -23.498174188309346], [-50.62101360999998, -23.497521358309392], [-50.62161460299995, -23.495121455309423], [-50.62345583599995, -23.49432815630943], [-50.624477224999964, -23.493159545309478], [-50.62434166999998, -23.493887045309453], [-50.62353861399998, -23.498198434309362], [-50.62613722499999, -23.498518434309343], [-50.63760805799996, -23.50023037830932], [-50.637313613999936, -23.501366212309325], [-50.63685861399995, -23.503240378309275], [-50.63644361399997, -23.504855101309232], [-50.63596305799996, -23.50529760130918], [-50.63490745099995, -23.50405255430922], [-50.634701747999934, -23.503963660309232], [-50.63410208299996, -23.503938596309226], [-50.63359329799994, -23.50414450230925], [-50.63339798199997, -23.50390924630926], [-50.63255458399994, -23.50408827530923], [-50.633092545999936, -23.50488367430924], [-50.63301960399997, -23.505096711309214], [-50.63266664199995, -23.505155531309203], [-50.63272832299999, -23.505563659309193], [-50.630890393999955, -23.505597423309222], [-50.63045032799993, -23.505641490309202], [-50.62946918799997, -23.50551445330923], [-50.628782638999944, -23.505105225309226], [-50.62863070499997, -23.50465128430923]]]}, "properties": {"objectid": 19761956, "cod_tema": "AREA_IMOVEL", "nom_tema": "Area do Imovel", "cod_imovel": "PR-4124301-E85DA80976DE429283BCC564D352A8A8", "mod_fiscal": 5.0622, "num_area": 91.1198, "ind_status": "AT", "ind_tipo": "IRU", "des_condic": "Analisado, aguardando atendimento a notificacao", "municipio": "Santo Antonio do Paraiso", "cod_estado": "PR", "Shape__Area": 8.061214781802257e-05, "Shape__Length": 0.05292491937439815}}, {"type": "Feature", "id": 19761957, "geometry": {"type": "Polygon", "coordinates": [[[-50.63738781599994, -23.50402046530921], [-50.63747763499998, -23.504024082309215], [-50.637569946999974, -23.504035574309214], [-50.63797710799997, -23.50408898130921], [-50.638395711999976, -23.504141655309223], [-50.638812213999984, -23.504201373309215], [-50.63926284499996, -23.504255012309248], [-50.63970481699994, -23.504310182309254], [-50.64015192599993, -23.504373066309235], [-50.64059327399996, -23.504418402309213], [-50.641039226999965, -23.504474787309245], [-50.641493382999954, -23.50453065930921], [-50.64194604599993, -23.504583121309203], [-50.64231794799997, -23.50463050530922], [-50.64240310899998, -23.50464013330921], [-50.642867827999964, -23.504705673309253], [-50.643341533999944, -23.50477248130923], [-50.64285493899996, -23.507792373309154], [-50.64275818799996, -23.508513950309116], [-50.64265231999997, -23.509304421309135], [-50.642561014999956, -23.5098685883091], [-50.64229552099994, -23.51190339630907], [-50.642225062999955, -23.512482064309058], [-50.64220632899997, -23.512685863309027], [-50.642182455999944, -23.51290398730903], [-50.64204728999994, -23.51378829130902], [-50.64203617799996, -23.51388654730902], [-50.64199696299994, -23.514163628309], [-50.64175594599993, -23.515456278309006], [-50.64174152099997, -23.51555708930898], [-50.64173084799995, -23.515645529308987], [-50.64171578999998, -23.515857409308982], [-50.641600736999976, -23.516684433308956], [-50.64143947699995, -23.516697859308966], [-50.64097538499993, -23.51674963630897], [-50.640818674999935, -23.516752889308968], [-50.64070294799996, -23.516747689308925], [-50.64038578399993, -23.516721591308954], [-50.640207320999934, -23.51670344430896], [-50.639748277999956, -23.51662777730893], [-50.63951207899998, -23.516580216308956], [-50.63849092099996, -23.516409342308968], [-50.63836040699994, -23.51638486530895], [-50.63823277299997, -23.51635814230893], [-50.63804370299994, -23.51631040630895], [-50.636333694999955, -23.515802226308956], [-50.63597197699995, -23.51572562630896], [-50.634765691999974, -23.515429931308997], [-50.633676427999944, -23.515112416308988], [-50.63350326699998, -23.515063742308953], [-50.63339862799995, -23.51503827330898], [-50.633289384999955, -23.51501835130901], [-50.63317417799993, -23.515002885308967], [-50.63291882699997, -23.514980178308992], [-50.63271753699996, -23.51497989030897], [-50.63242273299995, -23.51498299230897], [-50.63170766499996, -23.514995662309023], [-50.631449121999935, -23.515016352308994], [-50.63112984399998, -23.51505983830898], [-50.630515868999964, -23.515158000309007], [-50.63064932399993, -23.514923910309022], [-50.63295810699998, -23.511554904309083], [-50.63326919399998, -23.51112074230905], [-50.63333355199995, -23.511037178309095], [-50.633369233999986, -23.510995010309106], [-50.633407657999946, -23.510951898309095], [-50.633445681999945, -23.51091477830909], [-50.63348662099997, -23.510881012309095], [-50.633528498999965, -23.51085032730908], [-50.633571023999934, -23.510821009309108], [-50.633628657999964, -23.51078221630906], [-50.63367028199997, -23.510756356309066], [-50.633712153999966, -23.510730106309094], [-50.63376134099997, -23.51070233230912], [-50.63387038799993, -23.510643936309073], [-50.633986178999976, -23.510586831309084], [-50.63421741899998, -23.510477415309097], [-50.63461877699996, -23.5102986243091], [-50.63521442999996, -23.50999653630911], [-50.63527227999998, -23.509963822309107], [-50.63530915999996, -23.509940213309132], [-50.635340516999975, -23.50992063930911], [-50.63537285999996, -23.509895070309106], [-50.63540528399994, -23.50986774330912], [-50.63543240499996, -23.50984266130914], [-50.635460860999956, -23.50981454630911], [-50.63549189499997, -23.50977934130909], [-50.635532172999945, -23.50972555130912], [-50.635552418999964, -23.509694878309094], [-50.63557177199994, -23.50966493530914], [-50.635595433999974, -23.50962819730913], [-50.63561752199996, -23.509589193309104], [-50.63563877099995, -23.50955076630911], [-50.63565838699998, -23.50951204730913], [-50.63567683699995, -23.509473739309136], [-50.63569332399993, -23.50943248930911], [-50.635705997999935, -23.509396288309095], [-50.635718536999946, -23.509357171309123], [-50.63573139499994, -23.50931280730911], [-50.63574152699994, -23.509264991309113], [-50.635751322999965, -23.509216177309153], [-50.635758470999974, -23.509170519309112], [-50.635764069999944, -23.509124153309116], [-50.63576815599998, -23.509085039309124], [-50.63577035099996, -23.509043914309125], [-50.63577134299993, -23.50900370230913], [-50.63577026199994, -23.50896270730914], [-50.63576830399995, -23.508925915309124], [-50.63576620099997, -23.50889315430913], [-50.63576225799995, -23.50885663630912], [-50.63575439299996, -23.5087969483091], [-50.635750883999954, -23.50876924030916], [-50.63574647299998, -23.508738440309113], [-50.63570997299996, -23.508486742309117], [-50.63570680399994, -23.508447561309143], [-50.63570403199998, -23.508408952309143], [-50.63570219499996, -23.50835409330915], [-50.635702435999974, -23.508308582309162], [-50.63570383999997, -23.508267863309136], [-50.63570721899998, -23.508220391309127], [-50.63571331899993, -23.508169473309128], [-50.63573896199994, -23.508027344309156], [-50.63579601799995, -23.507787375309157], [-50.63591445099997, -23.507283344309172], [-50.63641853499996, -23.50529497730919], [-50.63659725599996, -23.504654328309215], [-50.63695224999998, -23.50426203930923], [-50.63706379799998, -23.504161108309223], [-50.63726905899995, -23.504036242309255], [-50.637326368999936, -23.50402487530924], [-50.63738781599994, -23.50402046530921]]]}, "properties": {"objectid": 19761957, "cod_tema": "AREA_IMOVEL", "nom_tema": "Area do Imovel", "cod_imovel": "PR-4124301-C26BC68962034CFB9B75F2A5D4DABAE6", "mod_fiscal": 6.0988, "num_area": 109.7792, "ind_status": "AT", "ind_tipo": "IRU", "des_condic": "Analisado, aguardando atendimento a notificacao", "municipio": "Santo Antonio do Paraiso", "cod_estado": "PR", "Shape__Area": 9.71269307642834e-05, "Shape__Length": 0.04321346696692466}}, {"type": "Feature", "id": 19761958, "geometry": {"type": "Polygon", "coordinates": [[[-50.653930633999956, -23.46997528230999], [-50.65451077799997, -23.470297344309998], [-50.65481141499998, -23.471188625309985], [-50.654956607999964, -23.471561636309993], [-50.655579166999985, -23.47194150330998], [-50.655738869999944, -23.472114964309945], [-50.656079679999955, -23.47226317730993], [-50.65655962199998, -23.47246298830994], [-50.65702555699994, -23.47270907630992], [-50.65588795499996, -23.498029105309353], [-50.65469916699993, -23.49760150830936], [-50.65271410499997, -23.4968237033094], [-50.653930633999956, -23.46997528230999]]]}, "properties": {"objectid": 19761958, "cod_tema": "AREA_IMOVEL", "nom_tema": "Area do Imovel", "cod_imovel": "PR-4124301-5223911747FD4B878118F1823D609DD6", "mod_fiscal": 4.782, "num_area": 94.1313, "ind_status": "AT", "ind_tipo": "IRU", "des_condic": "Analisado, aguardando atendimento a notificacao", "municipio": "Santo Antonio do Paraiso", "cod_estado": "PR", "Shape__Area": 8.326664662971288e-05, "Shape__Length": 0.06000486322068673}}, {"type": "Feature", "id": 19761961, "geometry": {"type": "Polygon", "coordinates": [[[-50.62106860299997, -23.50899732630915], [-50.61734523299999, -23.50659334830918], [-50.61702333799997, -23.50581787530922], [-50.61707827799995, -23.505410291309225], [-50.61743211299995, -23.50514003430921], [-50.617916950999984, -23.50476971430923], [-50.61874300799997, -23.50523054930922], [-50.61959949999994, -23.505425438309217], [-50.62043103599995, -23.50471165030924], [-50.62271368999996, -23.50377733930923], [-50.623046227999964, -23.503840244309213], [-50.624117470999984, -23.50356574430923], [-50.62450260399999, -23.503324858309274], [-50.62617738199998, -23.503816744309223], [-50.62724189199998, -23.504442906309205], [-50.627838459999964, -23.50479381130921], [-50.62785036699995, -23.505174450309212], [-50.629304769999976, -23.506116160309197], [-50.629469178999955, -23.505514462309183], [-50.63045033799994, -23.505641444309237], [-50.63089043299993, -23.50559741430921], [-50.63272828299995, -23.505563640309234], [-50.632994499999946, -23.507578749309136], [-50.63133885999998, -23.508683427309176], [-50.62698940699994, -23.511247580309085], [-50.62502801999996, -23.5107075903091], [-50.62353968399998, -23.510257332309113], [-50.622805824999936, -23.509956211309117], [-50.62106860299997, -23.50899732630915]]]}, "properties": {"objectid": 19761961, "cod_tema": "AREA_IMOVEL", "nom_tema": "Area do Imovel", "cod_imovel": "PR-4124301-661FFECFC7B64E5DAFF8B720B8BA71E6", "mod_fiscal": 4.5713, "num_area": 82.2838, "ind_status": "AT", "ind_tipo": "IRU", "des_condic": "Analisado, aguardando atendimento a notificacao", "municipio": "Santo Antonio do Paraiso", "cod_estado": "PR", "Shape__Area": 7.279814483484322e-05, "Shape__Length": 0.03914190566625554}}, {"type": "Feature", "id": 19761962, "geometry": {"type": "Polygon", "coordinates": [[[-50.66930120599994, -23.49852693430938], [-50.66914174199996, -23.49727808630936], [-50.66903218699998, -23.49643843830943], [-50.66899393699998, -23.4961073053094], [-50.668995160999934, -23.496009302309407], [-50.66958220499998, -23.495931512309433], [-50.67098190599995, -23.49626389930943], [-50.671697249999966, -23.49650269930941], [-50.67271432299998, -23.49579955930944], [-50.673385146999976, -23.495186918309418], [-50.673412344999974, -23.495039560309426], [-50.673594289999976, -23.494731201309463], [-50.673693612999955, -23.494566561309426], [-50.67438175899997, -23.493635637309463], [-50.67536814399995, -23.493331303309507], [-50.67604669599996, -23.492992812309474], [-50.67612307599995, -23.49351813630949], [-50.67623461199997, -23.494285884309452], [-50.67635977799995, -23.49520802930944], [-50.67634099299994, -23.495761428309443], [-50.67626968899998, -23.497367218309396], [-50.67613992699995, -23.50028950230934], [-50.67661468899996, -23.500715842309326], [-50.67810948399995, -23.501846408309266], [-50.681368194999955, -23.50618811530921], [-50.68060639099997, -23.506543891309192], [-50.680337958999985, -23.50664893430915], [-50.680189756999944, -23.506692709309203], [-50.67995957299996, -23.50673685830917], [-50.67973034299996, -23.506751291309154], [-50.679521745999985, -23.506738849309205], [-50.67923165399998, -23.506687307309207], [-50.678912984999954, -23.5065855743092], [-50.67837789299995, -23.506387465309217], [-50.67591013299995, -23.50546380830919], [-50.67229721499996, -23.504111542309246], [-50.669928013999936, -23.50325086630926], [-50.66977556899997, -23.50216787530926], [-50.67168588399994, -23.501960275309308], [-50.67155480399998, -23.501064309309296], [-50.669639350999944, -23.50129511130932], [-50.66930120599994, -23.49852693430938]]]}, "properties": {"objectid": 19761962, "cod_tema": "AREA_IMOVEL", "nom_tema": "Area do Imovel", "cod_imovel": "PR-4124301-D45678D3D26A4B91B34FE79C8CB206C3", "mod_fiscal": 4.8278, "num_area": 88.8054, "ind_status": "AT", "ind_tipo": "IRU", "des_condic": "Analisado, aguardando atendimento a notificacao", "municipio": "Santo Antonio do Paraiso", "cod_estado": "PR", "Shape__Area": 7.856491745958568e-05, "Shape__Length": 0.047188228876166215}}, {"type": "Feature", "id": 19761963, "geometry": {"type": "Polygon", "coordinates": [[[-50.65268998799996, -23.503430809309243], [-50.65340311099994, -23.500027869309314], [-50.65356568499994, -23.498879032309386], [-50.65385007599996, -23.49764564730938], [-50.661489065999945, -23.50042857230933], [-50.660299333999944, -23.506092048309196], [-50.65979349799994, -23.508387020309165], [-50.65192361099997, -23.507405419309148], [-50.65190569499998, -23.50725948930918], [-50.65268998799996, -23.503430809309243]]]}, "properties": {"objectid": 19761963, "cod_tema": "AREA_IMOVEL", "nom_tema": "Area do Imovel", "cod_imovel": "PR-4124301-671DD3A0FC28473A87BBF574DE6A7B9B", "mod_fiscal": 4.5419, "num_area": 81.7538, "ind_status": "AT", "ind_tipo": "IRU", "des_condic": "Analisado, aguardando atendimento a notificacao", "municipio": "Santo Antonio do Paraiso", "cod_estado": "PR", "Shape__Area": 7.232778178126405e-05, "Shape__Length": 0.03415623395239693}}, {"type": "Feature", "id": 19761965, "geometry": {"type": "Polygon", "coordinates": [[[-50.656918460999975, -23.47316334230993], [-50.65835221999999, -23.47366610830992], [-50.65890499999995, -23.473807218309936], [-50.66116471999994, -23.474823058309894], [-50.66197527999998, -23.475827218309853], [-50.661786321999955, -23.47808471130981], [-50.66141204199994, -23.48666883730963], [-50.66086825199994, -23.499961212309316], [-50.655835208999974, -23.49811325630936], [-50.656918460999975, -23.47316334230993]]]}, "properties": {"objectid": 19761965, "cod_tema": "AREA_IMOVEL", "nom_tema": "Area do Imovel", "cod_imovel": "PR-4124301-F127CD1E73FA4B9DB4FA0CC2B3FC1E14", "mod_fiscal": 7.2896, "num_area": 143.3442, "ind_status": "AT", "ind_tipo": "IRU", "des_condic": "Aguardando analise", "municipio": "Santo Antonio do Paraiso", "cod_estado": "PR", "Shape__Area": 0.00012680187716639918, "Shape__Length": 0.060354050065793266}}, {"type": "Feature", "id": 19761966, "geometry": {"type": "Polygon", "coordinates": [[[-50.63644364299995, -23.50485496530925], [-50.63630438299998, -23.50526913230921], [-50.63579978299999, -23.507259527309174], [-50.63568117799997, -23.507764289309154], [-50.63562351099994, -23.508006828309135], [-50.63559684599995, -23.508154616309135], [-50.63559010599994, -23.50821088530917], [-50.63558642499999, -23.508262589309144], [-50.63558490799994, -23.508306595309133], [-50.63558464999994, -23.508355502309144], [-50.635586614999966, -23.508414206309116], [-50.635589555999964, -23.508455173309123], [-50.63559301699996, -23.50849796730916], [-50.63562995999995, -23.508752720309133], [-50.63563424299997, -23.508782622309116], [-50.63563767299996, -23.50880971730912], [-50.635641599999985, -23.50883976930912], [-50.63564543099994, -23.508868599309142], [-50.63564900799998, -23.50890173030915], [-50.63565093699997, -23.50893177530912], [-50.63565279399995, -23.508966682309158], [-50.635653772999945, -23.50900378730914], [-50.63565287899996, -23.509040017309125], [-50.635650895999966, -23.509077173309137], [-50.635647157999976, -23.50911295730911], [-50.63564186599996, -23.509156772309144], [-50.63563532399997, -23.509198564309127], [-50.63562605799996, -23.509244735309142], [-50.63561680799995, -23.50928839130913], [-50.63560538399997, -23.509327807309123], [-50.635593695999944, -23.509364267309117], [-50.63558220899995, -23.50939707930909], [-50.63556786999993, -23.509432954309133], [-50.63555142299999, -23.509467103309113], [-50.63553313999995, -23.509503191309115], [-50.63551307199999, -23.50953948430911], [-50.63549273599994, -23.509575393309117], [-50.63547076199995, -23.509609510309108], [-50.63545173499995, -23.509638949309107], [-50.63543357299994, -23.50966646430911], [-50.63541582999994, -23.509690090309135], [-50.635397741999945, -23.509714314309093], [-50.635372193999956, -23.509743295309107], [-50.635347803999935, -23.509767392309104], [-50.635323976999985, -23.50978942830913], [-50.63529494399995, -23.50981389830909], [-50.63526909499996, -23.5098343333091], [-50.63524270199997, -23.509850808309093], [-50.63520799299994, -23.509873027309105], [-50.63515535499994, -23.509902794309113], [-50.634564856999994, -23.510202268309076], [-50.634165019999955, -23.510380381309076], [-50.633931630999946, -23.51049081330912], [-50.63381314299994, -23.510549248309093], [-50.63370113099995, -23.510609232309108], [-50.63364838799998, -23.510639014309106], [-50.63360440499997, -23.510666588309117], [-50.63356114899994, -23.510693461309074], [-50.63350118499994, -23.510733824309064], [-50.633456732999946, -23.510764468309112], [-50.63341081699997, -23.51079811330909], [-50.633363635999956, -23.5108370273091], [-50.63331942799993, -23.510880184309087], [-50.63327748499995, -23.510927245309063], [-50.633239256999964, -23.510972421309084], [-50.63317221899996, -23.51105946530907], [-50.63285938299998, -23.511496068309086], [-50.630547460999935, -23.51486965230899], [-50.63042087899998, -23.515091684308985], [-50.63035396699996, -23.515218971308983], [-50.62869084199997, -23.51549250030901], [-50.62593908199994, -23.516034923308947], [-50.62436115299993, -23.516275550308993], [-50.62097642899994, -23.51591164030896], [-50.61457264499995, -23.515840460308997], [-50.61145776399997, -23.51572992730895], [-50.615103218999934, -23.507808117309157], [-50.61468915599995, -23.50762941730918], [-50.614892156999986, -23.507526465309148], [-50.61500001999997, -23.507450017309143], [-50.615292771999975, -23.507066938309183], [-50.615462125999954, -23.506894523309175], [-50.61549795799994, -23.506812970309156], [-50.61603056299998, -23.50574439630918], [-50.621068599999944, -23.50899722530914], [-50.622805820999986, -23.509956110309098], [-50.623539680999954, -23.51025723030912], [-50.62502801699998, -23.510707489309087], [-50.62698940399997, -23.51124747930907], [-50.631338856999946, -23.508683325309153], [-50.63299449699998, -23.507578648309185], [-50.63397106899999, -23.506926976309202], [-50.63451807299998, -23.506511399309193], [-50.63596308299998, -23.50529753130918], [-50.63644364299995, -23.50485496530925]]]}, "properties": {"objectid": 19761966, "cod_tema": "AREA_IMOVEL", "nom_tema": "Area do Imovel", "cod_imovel": "PR-4124301-0E57260BCA304D16963BAC79FD4E574E", "mod_fiscal": 8.8766, "num_area": 159.779, "ind_status": "AT", "ind_tipo": "IRU", "des_condic": "Aguardando analise", "municipio": "Santo Antonio do Paraiso", "cod_estado": "PR", "Shape__Area": 0.00014136524560407255, "Shape__Length": 0.06704043618064406}}, {"type": "Feature", "id": 19761967, "geometry": {"type": "Polygon", "coordinates": [[[-50.66156701999996, -23.50033530030932], [-50.66185334599999, -23.500431791309335], [-50.662296123999965, -23.500588783309308], [-50.66342697299996, -23.500990307309273], [-50.66459922799999, -23.501411900309318], [-50.66526521199995, -23.50165611630932], [-50.66393664699995, -23.50814557730918], [-50.66023827099997, -23.506118837309195], [-50.66156701999996, -23.50033530030932]]]}, "properties": {"objectid": 19761967, "cod_tema": "AREA_IMOVEL", "nom_tema": "Area do Imovel", "cod_imovel": "PR-4124301-2A5CDB5512B44C91AF55A19DD0CF641C", "mod_fiscal": 1.5663, "num_area": 28.193, "ind_status": "AT", "ind_tipo": "IRU", "des_condic": "Aguardando analise", "municipio": "Santo Antonio do Paraiso", "cod_estado": "PR", "Shape__Area": 2.4942468836782337e-05, "Shape__Length": 0.020702639768410355}}, {"type": "Feature", "id": 19761973, "geometry": {"type": "Polygon", "coordinates": [[[-50.60924314799997, -23.455109274310313], [-50.611420350999936, -23.455334552310322], [-50.61275658699998, -23.455173306310318], [-50.612892906999946, -23.45516585831036], [-50.62346717299994, -23.465364998310122], [-50.63310520099998, -23.46796970331002], [-50.63045819499996, -23.47812023830983], [-50.628255743999944, -23.47761660430986], [-50.62820839699998, -23.477777905309846], [-50.61151438099996, -23.46995021330999], [-50.60999170799993, -23.46923611331001], [-50.60975805199996, -23.469067587310047], [-50.609478430999964, -23.468650133310046], [-50.609570893999944, -23.46861812331002], [-50.609645561999976, -23.46862770431003], [-50.609956258999944, -23.468740587310023], [-50.610158281999986, -23.468706181310022], [-50.61034982899998, -23.46854755631005], [-50.610258571999964, -23.46832310631003], [-50.61045105099998, -23.46792134631005], [-50.61054752999996, -23.467894876310027], [-50.61075512499996, -23.468021551310077], [-50.61107872499996, -23.46759415131006], [-50.612026671999956, -23.467460007310034], [-50.612825001999965, -23.46711409531004], [-50.612882732999935, -23.467001350310074], [-50.61299423899993, -23.466919819310057], [-50.613169880999976, -23.46691913331009], [-50.61331155299995, -23.46698371031008], [-50.613709877999945, -23.46745906531006], [-50.614524908999954, -23.46748609131005], [-50.614808815999936, -23.467403067310062], [-50.61472956999995, -23.46712502831005], [-50.61554233799995, -23.466822431310078], [-50.615677482999956, -23.466930236310052], [-50.61624440499997, -23.467002859310096], [-50.616814844999965, -23.46643190831006], [-50.616886842999975, -23.466306403310096], [-50.61700331999998, -23.465948070310098], [-50.617086477999976, -23.465558564310125], [-50.61694078199997, -23.465075784310113], [-50.616684584999966, -23.46492356631013], [-50.61549964199998, -23.464486490310115], [-50.61574343999996, -23.46421303631016], [-50.61669719399998, -23.464317281310144], [-50.616852654999946, -23.464001336310147], [-50.616577683999935, -23.463544249310115], [-50.616146448999984, -23.46319059031015], [-50.615313267999966, -23.462909386310177], [-50.61527603199994, -23.461680828310158], [-50.61497114399997, -23.460715791310236], [-50.61463311299996, -23.45994922931023], [-50.61472724299995, -23.459331897310243], [-50.61443407799993, -23.459180500310232], [-50.61377476299998, -23.45861268031028], [-50.612833181999974, -23.45803419631028], [-50.61289750599996, -23.457538212310286], [-50.61324239799995, -23.457259746310292], [-50.613309022999935, -23.456932609310307], [-50.61210366099995, -23.45650217631029], [-50.61139789599997, -23.456547937310315], [-50.61068775999997, -23.456807489310304], [-50.61065255499994, -23.457026321310277], [-50.610780466999984, -23.457364072310284], [-50.611266090999955, -23.45822606631025], [-50.61220498399996, -23.459044532310237], [-50.61224497499996, -23.45925766131025], [-50.61206018499996, -23.45934220031025], [-50.611056248999944, -23.458904546310276], [-50.61064222099998, -23.458183899310246], [-50.61013539299995, -23.457511489310274], [-50.60985100299997, -23.457354872310262], [-50.60916549499996, -23.45727870831032], [-50.60896598399995, -23.45712586131028], [-50.608283806999964, -23.45552926931031], [-50.60837736999997, -23.45525988431035], [-50.60924314799997, -23.455109274310313]]]}, "properties": {"objectid": 19761973, "cod_tema": "AREA_IMOVEL", "nom_tema": "Area do Imovel", "cod_imovel": "PR-4124301-50D0057553254AEB9743B22AD9A8B54B", "mod_fiscal": 13.5608, "num_area": 244.0939, "ind_status": "AT", "ind_tipo": "IRU", "des_condic": "Aguardando analise, apos revisao ou atendimento da notificacao", "municipio": "Santo Antonio do Paraiso", "cod_estado": "PR", "Shape__Area": 0.0002158916435502447, "Shape__Length": 0.09839621698886516}}, {"type": "Feature", "id": 19761991, "geometry": {"type": "Polygon", "coordinates": [[[-50.61974282999996, -23.49215500530951], [-50.61976335999998, -23.49098975930951], [-50.62010989199996, -23.490815847309538], [-50.62021035599997, -23.49053457830952], [-50.61988942499994, -23.490110756309562], [-50.61994794199995, -23.489772306309554], [-50.62018699199996, -23.489815156309554], [-50.62148978699997, -23.48993000930956], [-50.62215777299997, -23.490050489309525], [-50.62291359899996, -23.490281422309533], [-50.624863177999934, -23.491087716309547], [-50.62451966499998, -23.492929185309503], [-50.623498367999964, -23.494097773309456], [-50.622670156999966, -23.493621559309467], [-50.62059474899996, -23.4929955293095], [-50.61974282999996, -23.49215500530951]]]}, "properties": {"objectid": 19761991, "cod_tema": "AREA_IMOVEL", "nom_tema": "Area do Imovel", "cod_imovel": "PR-4124301-985C84D1DB2E478E90EA8D3A6BD0039D", "mod_fiscal": 0.9415, "num_area": 16.9464, "ind_status": "AT", "ind_tipo": "IRU", "des_condic": "Analisado, em conformidade com a Lei n 12.651/2012", "municipio": "Santo Antonio do Paraiso", "cod_estado": "PR", "Shape__Area": 1.4991125612623707e-05, "Shape__Length": 0.015601551319545662}}, {"type": "Feature", "id": 19761996, "geometry": {"type": "Polygon", "coordinates": [[[-50.64299063899995, -23.50749930830917], [-50.64523829199993, -23.507727584309144], [-50.64480156299992, -23.51094853930909], [-50.642564849999985, -23.510403706309106], [-50.64299063899995, -23.50749930830917]]]}, "properties": {"objectid": 19761996, "cod_tema": "AREA_IMOVEL", "nom_tema": "Area do Imovel", "cod_imovel": "PR-4124301-55533D211F2C4B1B9D0F28BDC0057445", "mod_fiscal": 0.44170000000000004, "num_area": 7.9501, "ind_status": "AT", "ind_tipo": "IRU", "des_condic": "Analisado, em conformidade com a Lei n 12.651/2012", "municipio": "Santo Antonio do Paraiso", "cod_estado": "PR", "Shape__Area": 7.033786289808884e-06, "Shape__Length": 0.010747200063322408}}, {"type": "Feature", "id": 19762001, "geometry": {"type": "Polygon", "coordinates": [[[-50.66472145999995, -23.521264605308836], [-50.66288361399995, -23.520946771308857], [-50.66327176799996, -23.519125435308915], [-50.66372808899996, -23.519091799308892], [-50.66395969499996, -23.51912188430889], [-50.66510257899996, -23.519453086308868], [-50.66472145999995, -23.521264605308836]]]}, "properties": {"objectid": 19762001, "cod_tema": "AREA_IMOVEL", "nom_tema": "Area do Imovel", "cod_imovel": "PR-4124301-3BFBE3666E0A4AD294CAE1E90C3B613A", "mod_fiscal": 0.225, "num_area": 4.0492, "ind_status": "AT", "ind_tipo": "IRU", "des_condic": "Analisado, em conformidade com a Lei n 12.651/2012", "municipio": "Santo Antonio do Paraiso", "cod_estado": "PR", "Shape__Area": 3.5827732250232595e-06, "Shape__Length": 0.007459557656161251}}, {"type": "Feature", "id": 19762006, "geometry": {"type": "Polygon", "coordinates": [[[-50.650716913999986, -23.505427237309235], [-50.65220979899993, -23.505577877309193], [-50.65178061599994, -23.507384941309137], [-50.65039804899993, -23.50724519930916], [-50.650716913999986, -23.505427237309235]]]}, "properties": {"objectid": 19762006, "cod_tema": "AREA_IMOVEL", "nom_tema": "Area do Imovel", "cod_imovel": "PR-4124301-A0606B1BF08D4F31995CCBDD2103AF50", "mod_fiscal": 0.167, "num_area": 3.0068, "ind_status": "AT", "ind_tipo": "IRU", "des_condic": "Analisado, em conformidade com a Lei n 12.651/2012", "municipio": "Santo Antonio do Paraiso", "cod_estado": "PR", "Shape__Area": 2.6602019839402663e-06, "Shape__Length": 0.006593122279740714}}, {"type": "Feature", "id": 19762010, "geometry": {"type": "Polygon", "coordinates": [[[-50.64727269599996, -23.5179119923089], [-50.64904730599994, -23.518652510308925], [-50.64697197199996, -23.528904348308682], [-50.64685404499995, -23.528884844308656], [-50.64650990899998, -23.528884063308684], [-50.64620132999994, -23.528957491308688], [-50.64585719299998, -23.528956709308655], [-50.64564253299994, -23.529005639308703], [-50.645548533999936, -23.529058963308664], [-50.64528037599996, -23.529058352308695], [-50.64498126099994, -23.528891350308697], [-50.64727269599996, -23.5179119923089]]]}, "properties": {"objectid": 19762010, "cod_tema": "AREA_IMOVEL", "nom_tema": "Area do Imovel", "cod_imovel": "PR-4124301-100800D0C25E4C70AC4D03D0AEEF0683", "mod_fiscal": 1.3139, "num_area": 23.651, "ind_status": "AT", "ind_tipo": "IRU", "des_condic": "Analisado, aguardando regularizacao ambiental (Lei n 12.651/2012)", "municipio": "Santo Antonio do Paraiso", "cod_estado": "PR", "Shape__Area": 2.092732612339529e-05, "Shape__Length": 0.025662602665521814}}, {"type": "Feature", "id": 19762015, "geometry": {"type": "Polygon", "coordinates": [[[-50.62991465099998, -23.490659036309527], [-50.630390442999946, -23.49044587130955], [-50.63080535199998, -23.490331234309515], [-50.63101752399995, -23.490519422309564], [-50.631411825999976, -23.490754065309545], [-50.63226640299997, -23.49117956730953], [-50.63325744599996, -23.491655236309537], [-50.63416837299996, -23.492045661309504], [-50.636045415999945, -23.49273279830949], [-50.63545087899996, -23.493940272309473], [-50.62991465099998, -23.490659036309527]]]}, "properties": {"objectid": 19762015, "cod_tema": "AREA_IMOVEL", "nom_tema": "Area do Imovel", "cod_imovel": "PR-4124301-94BC2FB4CF8E418BA743637E6E560CF5", "mod_fiscal": 0.34850000000000003, "num_area": 6.2722999999999995, "ind_status": "AT", "ind_tipo": "IRU", "des_condic": "Analisado, em conformidade com a Lei n 12.651/2012, com ativos ambientais", "municipio": "Santo Antonio do Paraiso", "cod_estado": "PR", "Shape__Area": 5.54848900078539e-06, "Shape__Length": 0.014519582176301806}}, {"type": "Feature", "id": 19762016, "geometry": {"type": "Polygon", "coordinates": [[[-50.635012040999975, -23.494759494309477], [-50.629137759999935, -23.491045289309493], [-50.629609491999986, -23.49080361630957], [-50.629915610999944, -23.490659608309556], [-50.63544698399995, -23.49393916230945], [-50.63525470799994, -23.49426512430947], [-50.635012040999975, -23.494759494309477]]]}, "properties": {"objectid": 19762016, "cod_tema": "AREA_IMOVEL", "nom_tema": "Area do Imovel", "cod_imovel": "PR-4124301-0523F931F816472BB3AFD43B30690443", "mod_fiscal": 0.3488, "num_area": 6.2788, "ind_status": "AT", "ind_tipo": "IRU", "des_condic": "Analisado, em conformidade com a Lei n 12.651/2012, com ativos ambientais", "municipio": "Santo Antonio do Paraiso", "cod_estado": "PR", "Shape__Area": 5.554385112358764e-06, "Shape__Length": 0.015178015579148166}}, {"type": "Feature", "id": 19762018, "geometry": {"type": "Polygon", "coordinates": [[[-50.64361055599994, -23.50314123130926], [-50.64333639399995, -23.50476118130925], [-50.64011025399998, -23.504344876309215], [-50.63732567799997, -23.50400729130927], [-50.63711941499997, -23.50409241530922], [-50.63658280999994, -23.5046027343092], [-50.63717771599994, -23.502138559309266], [-50.63766917899995, -23.500243140309315], [-50.64066139499994, -23.500702613309333], [-50.643916218999955, -23.50114279630928], [-50.64361055599994, -23.50314123130926]]]}, "properties": {"objectid": 19762018, "cod_tema": "AREA_IMOVEL", "nom_tema": "Area do Imovel", "cod_imovel": "PR-4124301-7D8C0B0361B74FCB9002E0C70E82B0BB", "mod_fiscal": 1.5206, "num_area": 27.371, "ind_status": "AT", "ind_tipo": "IRU", "des_condic": "Aguardando analise", "municipio": "Santo Antonio do Paraiso", "cod_estado": "PR", "Shape__Area": 2.4214933433472642e-05, "Shape__Length": 0.021490984218827686}}, {"type": "Feature", "id": 19762020, "geometry": {"type": "Polygon", "coordinates": [[[-50.63902022699995, -23.503073234309234], [-50.63916307599993, -23.502241839309278], [-50.639698469999985, -23.502334169309304], [-50.63955855699999, -23.50314671930926], [-50.63902022699995, -23.503073234309234]]]}, "properties": {"objectid": 19762020, "cod_tema": "AREA_IMOVEL", "nom_tema": "Area do Imovel", "cod_imovel": "PR-4124301-9ACF84BCD9E2457B9EE446A2391D0043", "mod_fiscal": 0.0284, "num_area": 0.512, "ind_status": "AT", "ind_tipo": "IRU", "des_condic": "Aguardando analise", "municipio": "Santo Antonio do Paraiso", "cod_estado": "PR", "Shape__Area": 4.5300734558243956e-07, "Shape__Length": 0.0027547049527193177}}, {"type": "Feature", "id": 19762021, "geometry": {"type": "Polygon", "coordinates": [[[-50.639562713999965, -23.501350229309303], [-50.63970193899996, -23.500466581309304], [-50.64020631099999, -23.50057174430931], [-50.64006583699995, -23.501418461309292], [-50.639562713999965, -23.501350229309303]]]}, "properties": {"objectid": 19762021, "cod_tema": "AREA_IMOVEL", "nom_tema": "Area do Imovel", "cod_imovel": "PR-4124301-331BD7A930AB4F60A24F34DF50D3A5AC", "mod_fiscal": 0.0281, "num_area": 0.5063, "ind_status": "AT", "ind_tipo": "IRU", "des_condic": "Aguardando analise", "municipio": "Santo Antonio do Paraiso", "cod_estado": "PR", "Shape__Area": 4.4795812345379675e-07, "Shape__Length": 0.002775786617737915}}, {"type": "Feature", "id": 19762023, "geometry": {"type": "Polygon", "coordinates": [[[-50.674890824999984, -23.516109648308937], [-50.67315088299995, -23.515542784309], [-50.67376849099998, -23.514533667309006], [-50.674890824999984, -23.516109648308937]]]}, "properties": {"objectid": 19762023, "cod_tema": "AREA_IMOVEL", "nom_tema": "Area do Imovel", "cod_imovel": "PR-4124301-DE0201408F00499EBC9C57E10C270720", "mod_fiscal": 0.0661, "num_area": 1.1901, "ind_status": "AT", "ind_tipo": "IRU", "des_condic": "Aguardando analise", "municipio": "Santo Antonio do Paraiso", "cod_estado": "PR", "Shape__Area": 1.0529523962904173e-06, "Shape__Length": 0.0049478413408103085}}, {"type": "Feature", "id": 19762025, "geometry": {"type": "Polygon", "coordinates": [[[-50.63929080999997, -23.502863184309273], [-50.63871145199994, -23.502784474309262], [-50.638818740999966, -23.502017047309298], [-50.639140605999955, -23.5020367253093], [-50.639355182999964, -23.5020564023093], [-50.639322995999976, -23.502469633309286], [-50.63929080999997, -23.502863184309273]]]}, "properties": {"objectid": 19762025, "cod_tema": "AREA_IMOVEL", "nom_tema": "Area do Imovel", "cod_imovel": "PR-4124301-D46D648060EF488282601D07B99885CD", "mod_fiscal": 0.028, "num_area": 0.5036, "ind_status": "AT", "ind_tipo": "IRU", "des_condic": "Aguardando analise", "municipio": "Santo Antonio do Paraiso", "cod_estado": "PR", "Shape__Area": 4.455643782285866e-07, "Shape__Length": 0.0027068614943048476}}, {"type": "Feature", "id": 19762026, "geometry": {"type": "Polygon", "coordinates": [[[-50.64076561199994, -23.502308020309297], [-50.64130426199995, -23.50237558730927], [-50.64116853799994, -23.503183408309276], [-50.64062990999998, -23.50311584430927], [-50.64076561199994, -23.502308020309297]]]}, "properties": {"objectid": 19762026, "cod_tema": "AREA_IMOVEL", "nom_tema": "Area do Imovel", "cod_imovel": "PR-4124301-D3D28EF564BA46348E02FC7DE04A93FD", "mod_fiscal": 0.0279, "num_area": 0.5022, "ind_status": "AT", "ind_tipo": "IRU", "des_condic": "Aguardando analise", "municipio": "Santo Antonio do Paraiso", "cod_estado": "PR", "Shape__Area": 4.4429422026837225e-07, "Shape__Length": 0.0027240061106018837}}, {"type": "Feature", "id": 19762029, "geometry": {"type": "Polygon", "coordinates": [[[-50.64124345799996, -23.50315834730925], [-50.64132928799995, -23.50278447430926], [-50.64184427299994, -23.502863184309273], [-50.642251967999975, -23.50294189430924], [-50.642294883999966, -23.502922217309294], [-50.64235925699995, -23.502922217309294], [-50.64244508699994, -23.50296157230923], [-50.64242362999994, -23.503335444309236], [-50.64185500099995, -23.50325673430928], [-50.64124345799996, -23.50315834730925]]]}, "properties": {"objectid": 19762029, "cod_tema": "AREA_IMOVEL", "nom_tema": "Area do Imovel", "cod_imovel": "PR-4124301-C088BD54139B4675BF39720F2CB3DED4", "mod_fiscal": 0.0279, "num_area": 0.5022, "ind_status": "AT", "ind_tipo": "IRU", "des_condic": "Aguardando analise", "municipio": "Santo Antonio do Paraiso", "cod_estado": "PR", "Shape__Area": 4.442951160325842e-07, "Shape__Length": 0.00309373936154327}}, {"type": "Feature", "id": 19762032, "geometry": {"type": "Polygon", "coordinates": [[[-50.638179873999945, -23.50163401330927], [-50.63814255899997, -23.501873609309296], [-50.63804447999996, -23.501858533309274], [-50.637936912999976, -23.501825599309285], [-50.637826066999935, -23.50180765430927], [-50.63774123699994, -23.50179569630931], [-50.63765630999996, -23.501783724309277], [-50.63753855899995, -23.501765741309306], [-50.63743701299995, -23.50175673430929], [-50.63733202599996, -23.501741720309305], [-50.63734501499994, -23.501663551309303], [-50.637367935999976, -23.5016123703093], [-50.63737765499997, -23.501515816309265], [-50.63740061899995, -23.50145536830927], [-50.63740715999995, -23.501412983309294], [-50.637416981999934, -23.501343245309318], [-50.63742685699999, -23.50132200930931], [-50.63743011499997, -23.501264259309313], [-50.63747632099995, -23.501191415309336], [-50.63761152099993, -23.501210307309293], [-50.637687176999975, -23.501228869309326], [-50.63784475399996, -23.501235657309273], [-50.63801477499993, -23.501269675309274], [-50.63820835499997, -23.5013209513093], [-50.638179873999945, -23.50163401330927]]]}, "properties": {"objectid": 19762032, "cod_tema": "AREA_IMOVEL", "nom_tema": "Area do Imovel", "cod_imovel": "PR-4124301-9CDEDC0C911D4AA09E023F7A1E57BD2D", "mod_fiscal": 0.0281, "num_area": 0.5062, "ind_status": "AT", "ind_tipo": "IRU", "des_condic": "Aguardando analise", "municipio": "Santo Antonio do Paraiso", "cod_estado": "PR", "Shape__Area": 4.478305344469168e-07, "Shape__Length": 0.002703051833077134}}, {"type": "Feature", "id": 19762035, "geometry": {"type": "Polygon", "coordinates": [[[-50.638236964999976, -23.500095117309307], [-50.63874525799998, -23.50016674630935], [-50.63859479299999, -23.501022712309286], [-50.63808649699997, -23.50095108230931], [-50.638236964999976, -23.500095117309307]]]}, "properties": {"objectid": 19762035, "cod_tema": "AREA_IMOVEL", "nom_tema": "Area do Imovel", "cod_imovel": "PR-4124301-87A165AAF48844EC962D9DBA1C254CCD", "mod_fiscal": 0.028, "num_area": 0.504, "ind_status": "AT", "ind_tipo": "IRU", "des_condic": "Aguardando analise", "municipio": "Santo Antonio do Paraiso", "cod_estado": "PR", "Shape__Area": 4.4586039600787307e-07, "Shape__Length": 0.0027648131244635927}}, {"type": "Feature", "id": 19762037, "geometry": {"type": "Polygon", "coordinates": [[[-50.63795206299995, -23.50293982330926], [-50.638088627999934, -23.50210232330928], [-50.63861861399994, -23.502179117309286], [-50.63846923099994, -23.503014332309263], [-50.63795206299995, -23.50293982330926]]]}, "properties": {"objectid": 19762037, "cod_tema": "AREA_IMOVEL", "nom_tema": "Area do Imovel", "cod_imovel": "PR-4124301-7642883866E3419DBE51806E564D2A7C", "mod_fiscal": 0.028200000000000003, "num_area": 0.5072, "ind_status": "AT", "ind_tipo": "IRU", "des_condic": "Aguardando analise", "municipio": "Santo Antonio do Paraiso", "cod_estado": "PR", "Shape__Area": 4.4871374833020456e-07, "Shape__Length": 0.0027550586124268153}}, {"type": "Feature", "id": 19762046, "geometry": {"type": "Polygon", "coordinates": [[[-50.63881874099997, -23.50414221830924], [-50.638818740999966, -23.50394544530921], [-50.63889780799997, -23.503712078309263], [-50.63894855199994, -23.50346291830925], [-50.639006208999945, -23.503191205309246], [-50.63918308199993, -23.503217439309253], [-50.63939432199993, -23.503250295309286], [-50.63940698099998, -23.503278824309245], [-50.63941770799994, -23.50332087530927], [-50.63942373699996, -23.50336671330928], [-50.63939592699995, -23.50353676130925], [-50.639380055999936, -23.503642027309244], [-50.63936259599995, -23.503803831309256], [-50.639339535999966, -23.503927196309228], [-50.63930575699993, -23.504089104309212], [-50.63926935199999, -23.504220928309202], [-50.63881874099997, -23.50414221830924]]]}, "properties": {"objectid": 19762046, "cod_tema": "AREA_IMOVEL", "nom_tema": "Area do Imovel", "cod_imovel": "PR-4124301-1FFAF702B5FC46098FCDEAEE6F6FD6B4", "mod_fiscal": 0.0286, "num_area": 0.5139, "ind_status": "AT", "ind_tipo": "IRU", "des_condic": "Aguardando analise", "municipio": "Santo Antonio do Paraiso", "cod_estado": "PR", "Shape__Area": 4.546541497680799e-07, "Shape__Length": 0.0028152321596785447}}, {"type": "Feature", "id": 19762051, "geometry": {"type": "Polygon", "coordinates": [[[-50.64924160299995, -23.508355864309127], [-50.651090515999954, -23.508561176309108], [-50.651085947999945, -23.508584741309154], [-50.65033258499995, -23.51245999630904], [-50.64959291599996, -23.512290596309047], [-50.64860509399995, -23.51206417730905], [-50.649237125999946, -23.508382230309117], [-50.64924160299995, -23.508355864309127]]]}, "properties": {"objectid": 19762051, "cod_tema": "AREA_IMOVEL", "nom_tema": "Area do Imovel", "cod_imovel": "PR-4124301-5F021FD5D22B464C803AA3922A1B96E5", "mod_fiscal": 0.44020000000000004, "num_area": 7.9244, "ind_status": "AT", "ind_tipo": "IRU", "des_condic": "Aguardando analise", "municipio": "Santo Antonio do Paraiso", "cod_estado": "PR", "Shape__Area": 7.01110991226033e-06, "Shape__Length": 0.011366886008815198}}, {"type": "Feature", "id": 19762052, "geometry": {"type": "Polygon", "coordinates": [[[-50.65267052199994, -23.50747590030917], [-50.653622113999965, -23.507575121309134], [-50.65393357999994, -23.507615196309153], [-50.653930592999984, -23.507634068309155], [-50.65307092499995, -23.513087392309057], [-50.65180585999997, -23.512797599309028], [-50.65266733599997, -23.50749549430915], [-50.65267052199994, -23.50747590030917]]]}, "properties": {"objectid": 19762052, "cod_tema": "AREA_IMOVEL", "nom_tema": "Area do Imovel", "cod_imovel": "PR-4124301-7690B599D00F46C69267EDA96635285D", "mod_fiscal": 0.44020000000000004, "num_area": 7.9243, "ind_status": "AT", "ind_tipo": "IRU", "des_condic": "Aguardando analise", "municipio": "Santo Antonio do Paraiso", "cod_estado": "PR", "Shape__Area": 7.010955934783815e-06, "Shape__Length": 0.013499877524219163}}, {"type": "Feature", "id": 19762054, "geometry": {"type": "Polygon", "coordinates": [[[-50.65933227499994, -23.51972576230887], [-50.660383700999944, -23.519529012308894], [-50.65924644499995, -23.524605079308774], [-50.65804481499998, -23.53007442030864], [-50.65703630399997, -23.52983833830869], [-50.658195018999955, -23.524664102308787], [-50.65933227499994, -23.51972576230887]]]}, "properties": {"objectid": 19762054, "cod_tema": "AREA_IMOVEL", "nom_tema": "Area do Imovel", "cod_imovel": "PR-4124301-C0A4961DC29346FE81AD3FE91A4AF0BF", "mod_fiscal": 0.6721, "num_area": 12.0982, "ind_status": "AT", "ind_tipo": "IRU", "des_condic": "Aguardando analise", "municipio": "Santo Antonio do Paraiso", "cod_estado": "PR", "Shape__Area": 1.070501885778771e-05, "Shape__Length": 0.023277129554478658}}, {"type": "Feature", "id": 19762057, "geometry": {"type": "Polygon", "coordinates": [[[-50.64073267799995, -23.50344762630926], [-50.64117857999997, -23.503515299309235], [-50.64101199999994, -23.504497249309193], [-50.64056694999994, -23.504441149309205], [-50.64073267799995, -23.50344762630926]]]}, "properties": {"objectid": 19762057, "cod_tema": "AREA_IMOVEL", "nom_tema": "Area do Imovel", "cod_imovel": "PR-4124301-DC2773E279D54D0CB68B62DB88CAC246", "mod_fiscal": 0.028300000000000002, "num_area": 0.509, "ind_status": "AT", "ind_tipo": "IRU", "des_condic": "Aguardando analise", "municipio": "Santo Antonio do Paraiso", "cod_estado": "PR", "Shape__Area": 4.502955945962294e-07, "Shape__Length": 0.0029028097142371357}}, {"type": "Feature", "id": 19762058, "geometry": {"type": "Polygon", "coordinates": [[[-50.63793897599999, -23.50284350730926], [-50.638389586999956, -23.502902539309293], [-50.63817501099993, -23.50390609030927], [-50.63775658599997, -23.503827380309236], [-50.63793897599999, -23.50284350730926]]]}, "properties": {"objectid": 19762058, "cod_tema": "AREA_IMOVEL", "nom_tema": "Area do Imovel", "cod_imovel": "PR-4124301-2609EF231E7A4599B393D87E2866CBBB", "mod_fiscal": 0.028, "num_area": 0.5035000000000001, "ind_status": "AT", "ind_tipo": "IRU", "des_condic": "Aguardando analise, apos revisao ou atendimento da notificacao", "municipio": "Santo Antonio do Paraiso", "cod_estado": "PR", "Shape__Area": 4.4545547347698867e-07, "Shape__Length": 0.0029070954954649357}}, {"type": "Feature", "id": 19762060, "geometry": {"type": "Polygon", "coordinates": [[[-50.65401997199996, -23.51661326830895], [-50.65644745199995, -23.517111017308977], [-50.65569268299999, -23.520249040308865], [-50.653306826999945, -23.520630888308865], [-50.653070179999986, -23.520624309308868], [-50.65401997199996, -23.51661326830895]]]}, "properties": {"objectid": 19762060, "cod_tema": "AREA_IMOVEL", "nom_tema": "Area do Imovel", "cod_imovel": "PR-4124301-9434D8F360FB4DFA81459511BC651AAA", "mod_fiscal": 0.5733, "num_area": 10.3197, "ind_status": "AT", "ind_tipo": "IRU", "des_condic": "Aguardando analise, apos revisao ou atendimento da notificacao", "municipio": "Santo Antonio do Paraiso", "cod_estado": "PR", "Shape__Area": 9.130886439391498e-06, "Shape__Length": 0.01248042051221485}}, {"type": "Feature", "id": 19762072, "geometry": {"type": "Polygon", "coordinates": [[[-50.66320037799994, -23.519718169308902], [-50.66314697299998, -23.52002143830886], [-50.663124083999946, -23.520107268308855], [-50.66296386699997, -23.520866393308843], [-50.66276168799993, -23.521778106308815], [-50.66268157999997, -23.52217483430881], [-50.662574767999956, -23.522590636308806], [-50.66255569499998, -23.52268218930882], [-50.66247558599998, -23.523050307308793], [-50.66238784799998, -23.52342987030881], [-50.66231918299996, -23.523752212308807], [-50.66221237199994, -23.524223327308782], [-50.66210174599997, -23.5247554773088], [-50.66200256299993, -23.52523040730878], [-50.66194152799994, -23.525506972308754], [-50.66191482499994, -23.52562141330875], [-50.66184616099997, -23.525939940308724], [-50.66183090199998, -23.526029586308766], [-50.661697387999936, -23.526615142308735], [-50.661617278999984, -23.52702331430871], [-50.66133499099993, -23.5283241263087], [-50.66132776599994, -23.528372254308703], [-50.661228179999966, -23.529035567308707], [-50.661170958999946, -23.52937316830865], [-50.661121367999954, -23.529645919308663], [-50.661060332999966, -23.53001594430864], [-50.660987853999984, -23.53033637930863], [-50.66096496599994, -23.53031921330867], [-50.66093444799998, -23.530323028308626], [-50.66090393099995, -23.530324935308634], [-50.66086578399995, -23.530326842308643], [-50.66081619299996, -23.530323028308626], [-50.66072082499995, -23.53033447230868], [-50.66029739399993, -23.530389785308643], [-50.660511016999976, -23.529315947308685], [-50.660694121999946, -23.528343200308665], [-50.66080093399995, -23.527862548308708], [-50.66093063399995, -23.527175902308713], [-50.66120910599994, -23.525802611308748], [-50.66130065899994, -23.52534484830877], [-50.661334990999926, -23.52517890830879], [-50.661449431999976, -23.52465057330878], [-50.661632537999935, -23.52369880630881], [-50.661762237999945, -23.523134231308816], [-50.661872863999974, -23.5225887293088], [-50.66196823099995, -23.522121428308857], [-50.66210937499994, -23.52146530130886], [-50.662284850999974, -23.52062988230888], [-50.66244888299997, -23.519845962308892], [-50.66253662099996, -23.519275664308896], [-50.66308975199997, -23.519229888308917], [-50.66333770799997, -23.519205092308926], [-50.66320037799994, -23.519718169308902]]]}, "properties": {"objectid": 19762072, "cod_tema": "AREA_IMOVEL", "nom_tema": "Area do Imovel", "cod_imovel": "PR-4124301-3AF7B04445AC49D5ADFC394DEE93FDED", "mod_fiscal": 0.47940000000000005, "num_area": 8.6285, "ind_status": "AT", "ind_tipo": "IRU", "des_condic": "Aguardando analise", "municipio": "Santo Antonio do Paraiso", "cod_estado": "PR", "Shape__Area": 7.634879884216087e-06, "Shape__Length": 0.024224464278960318}}, {"type": "Feature", "id": 19762080, "geometry": {"type": "Polygon", "coordinates": [[[-50.667438506999986, -23.519805907308903], [-50.66741234299996, -23.51993269130887], [-50.667396451999934, -23.5200034723089], [-50.66679763799993, -23.522670745308822], [-50.666442870999965, -23.524393081308787], [-50.666305541999975, -23.52490806530878], [-50.66603290399996, -23.52661485530876], [-50.66602706899993, -23.52665138130873], [-50.66593588099993, -23.527154988308705], [-50.665859221999945, -23.527578353308716], [-50.66597366299994, -23.527578353308716], [-50.66610336299993, -23.527502059308713], [-50.66632461499995, -23.52743720930872], [-50.66652297999997, -23.527353286308742], [-50.666622161999946, -23.52726936230872], [-50.66678237899998, -23.5271739953087], [-50.66703414899996, -23.526937484308732], [-50.66733550999998, -23.526609420308713], [-50.667045592999955, -23.527235030308745], [-50.66700090599994, -23.527429915308716], [-50.66690826399997, -23.5278339383087], [-50.66674804699994, -23.528377532308706], [-50.66665649399994, -23.5286998743087], [-50.666576384999985, -23.528984069308702], [-50.666130065999944, -23.52919959930869], [-50.66541143299998, -23.529366677308687], [-50.66493987999997, -23.531877517308576], [-50.66480255099997, -23.53231430030858], [-50.664733886999954, -23.53260612430862], [-50.664721303999954, -23.532667463308563], [-50.66459655799998, -23.533275603308606], [-50.664417266999976, -23.533267974308576], [-50.66402816799996, -23.533363341308608], [-50.66360855099998, -23.5335063923086], [-50.66334152199994, -23.53337097130857], [-50.66304397599999, -23.53321456830857], [-50.662963866999974, -23.53299140830861], [-50.662963866999974, -23.532394408308598], [-50.66287231399997, -23.531913756308583], [-50.662968784999975, -23.53115660630863], [-50.662998198999965, -23.530925750308608], [-50.66323471099997, -23.529413222308666], [-50.663261413999976, -23.52924537630866], [-50.664264678999984, -23.529960631308622], [-50.66431045499997, -23.52909278830866], [-50.66445159899996, -23.528495788308707], [-50.66449441399993, -23.528337249308684], [-50.66464421599994, -23.52778254630871], [-50.664650266999956, -23.527732975308734], [-50.664694650999934, -23.5273693883087], [-50.66470336899994, -23.52729797330872], [-50.66486740099999, -23.526496886308745], [-50.66510391199996, -23.52523231430879], [-50.66545486499996, -23.52343559230878], [-50.66580581699998, -23.521896361308823], [-50.66611059799993, -23.520014576308856], [-50.66618347199994, -23.5195598593089], [-50.667438506999986, -23.519805907308903]]]}, "properties": {"objectid": 19762080, "cod_tema": "AREA_IMOVEL", "nom_tema": "Area do Imovel", "cod_imovel": "PR-4124301-496D3072E58C4F5CAB7542E849F6319D", "mod_fiscal": 1.3388, "num_area": 24.0982, "ind_status": "AT", "ind_tipo": "IRU", "des_condic": "Aguardando analise", "municipio": "Santo Antonio do Paraiso", "cod_estado": "PR", "Shape__Area": 2.132353506501933e-05, "Shape__Length": 0.03626321294698521}}, {"type": "Feature", "id": 19762083, "geometry": {"type": "Polygon", "coordinates": [[[-50.65638433799996, -23.531756969308603], [-50.65598317599994, -23.533456855308554], [-50.65462235199993, -23.539101709308454], [-50.654007811999975, -23.53925319130843], [-50.65350528899995, -23.541614318308405], [-50.64907170899994, -23.539593755308417], [-50.64711981899995, -23.53859387130849], [-50.64527030099998, -23.537720044308486], [-50.64647641399995, -23.53139854330863], [-50.64681815599994, -23.52893270130869], [-50.646869116999945, -23.528868304308673], [-50.64777871099994, -23.524759790308764], [-50.64886887199998, -23.518815614308892], [-50.651774872999965, -23.520136957308885], [-50.65237861799995, -23.520413901308892], [-50.653011464999956, -23.52066971030889], [-50.653270135999946, -23.52069265130889], [-50.65495096099994, -23.520416239308886], [-50.65890558299998, -23.519850769308885], [-50.659154152999974, -23.51982527230891], [-50.65837331199998, -23.523750303308816], [-50.65765689799997, -23.527504271308686], [-50.657315567999945, -23.52911051430868], [-50.657062545999956, -23.529831004308665], [-50.65664384099995, -23.530717805308612], [-50.65645647299993, -23.531461677308645], [-50.65638433799996, -23.531756969308603]]]}, "properties": {"objectid": 19762083, "cod_tema": "AREA_IMOVEL", "nom_tema": "Area do Imovel", "cod_imovel": "PR-4124301-CDE665BC2EAE4129ACAB7C264F466C54", "mod_fiscal": 12.5017, "num_area": 225.0302, "ind_status": "AT", "ind_tipo": "IRU", "des_condic": "Aguardando analise", "municipio": "Santo Antonio do Paraiso", "cod_estado": "PR", "Shape__Area": 0.00019912351701063173, "Shape__Length": 0.06199751314975962}}, {"type": "Feature", "id": 19762084, "geometry": {"type": "Polygon", "coordinates": [[[-50.66000747899995, -23.530387913308658], [-50.65971374499997, -23.530406951308656], [-50.659854888999966, -23.529712676308666], [-50.65998705399995, -23.52903581230867], [-50.66003663999993, -23.528781862308662], [-50.660247802999955, -23.52770042330868], [-50.66040335599996, -23.52704049830872], [-50.66049957299998, -23.526632308308763], [-50.66065978999996, -23.52585411030874], [-50.66167068499993, -23.521123885308842], [-50.662094115999935, -23.51930999730892], [-50.662311553999984, -23.519308089308918], [-50.661968230999946, -23.52092361430886], [-50.66178131099997, -23.521776198308817], [-50.66175842299999, -23.521858214308835], [-50.66166305499996, -23.522275924308847], [-50.661537169999974, -23.522792815308804], [-50.661308288999976, -23.523984908308815], [-50.66096496599994, -23.525413512308738], [-50.66094589199997, -23.525543212308733], [-50.66091918899997, -23.52563667230876], [-50.66091918899997, -23.52567100430874], [-50.66074752799995, -23.52658653230873], [-50.66040801999998, -23.52814865030873], [-50.66024904899996, -23.528978708308674], [-50.66014099099993, -23.529542922308668], [-50.66000747899995, -23.530387913308658]]]}, "properties": {"objectid": 19762084, "cod_tema": "AREA_IMOVEL", "nom_tema": "Area do Imovel", "cod_imovel": "PR-4124301-6B8137804A8649F4B155456E5D719F3D", "mod_fiscal": 0.16820000000000002, "num_area": 3.0273, "ind_status": "AT", "ind_tipo": "IRU", "des_condic": "Aguardando analise", "municipio": "Santo Antonio do Paraiso", "cod_estado": "PR", "Shape__Area": 2.6787280004293748e-06, "Shape__Length": 0.02318309844490886}}, {"type": "Feature", "id": 19762089, "geometry": {"type": "Polygon", "coordinates": [[[-50.66203185899997, -23.519365546308894], [-50.66258229899995, -23.519291639308893], [-50.660371263999934, -23.530047773308674], [-50.66030177299996, -23.530030726308635], [-50.66026238499995, -23.529999664308637], [-50.66020398999996, -23.529969906308654], [-50.660136835999936, -23.52993608830864], [-50.660090145999966, -23.52990231630864], [-50.660034716999974, -23.529856402308646], [-50.659865079999975, -23.52978515030864], [-50.66203185899997, -23.519365546308894]]]}, "properties": {"objectid": 19762089, "cod_tema": "AREA_IMOVEL", "nom_tema": "Area do Imovel", "cod_imovel": "PR-4124301-9251D7BCF708425E9D3C33FC70C64138", "mod_fiscal": 0.3642, "num_area": 6.5559, "ind_status": "AT", "ind_tipo": "IRU", "des_condic": "Aguardando analise", "municipio": "Santo Antonio do Paraiso", "cod_estado": "PR", "Shape__Area": 5.8009435636219496e-06, "Shape__Length": 0.022754960854189082}}, {"type": "Feature", "id": 19762092, "geometry": {"type": "Polygon", "coordinates": [[[-50.649054913999976, -23.493666015309476], [-50.64910825499993, -23.493199949309485], [-50.648939577999954, -23.493138547309456], [-50.649021620999974, -23.492940889309477], [-50.649728143999944, -23.4932131283095], [-50.649869052999975, -23.493882409309478], [-50.649054913999976, -23.493666015309476]]]}, "properties": {"objectid": 19762092, "cod_tema": "AREA_IMOVEL", "nom_tema": "Area do Imovel", "cod_imovel": "PR-4124301-8CB5E1E75C804821BBE68615C5808545", "mod_fiscal": 0.0315, "num_area": 0.5662, "ind_status": "AT", "ind_tipo": "IRU", "des_condic": "Aguardando analise", "municipio": "Santo Antonio do Paraiso", "cod_estado": "PR", "Shape__Area": 5.009163636185197e-07, "Shape__Length": 0.0031461408565650532}}, {"type": "Feature", "id": 19762096, "geometry": {"type": "Polygon", "coordinates": [[[-50.64399872499996, -23.50140122030932], [-50.644098103999966, -23.500574860309325], [-50.644098164999946, -23.500574451309337], [-50.64398217399997, -23.500562581309296], [-50.643371867999974, -23.500500124309333], [-50.643338670999974, -23.501044000309317], [-50.641722723999976, -23.50082450030931], [-50.64121705499996, -23.50074953930932], [-50.64071068899995, -23.50067900030934], [-50.64020462899998, -23.500603945309315], [-50.63969671099994, -23.500528522309317], [-50.63918820299995, -23.500453818309335], [-50.63868076199998, -23.50038318030932], [-50.63817195599995, -23.500310460309336], [-50.63769471499995, -23.500227876309296], [-50.637608127999954, -23.50023029430931], [-50.62613711699998, -23.49851831230938], [-50.626985332999936, -23.493941014309478], [-50.62735675099998, -23.491906283309543], [-50.627533923999984, -23.4930538653095], [-50.62875671699994, -23.49383793530949], [-50.63067523299998, -23.495656090309424], [-50.632142657999964, -23.496674390309398], [-50.63340044499995, -23.498001375309354], [-50.635046159999945, -23.494754984309417], [-50.636076826999954, -23.492732702309482], [-50.63416257799997, -23.492018065309512], [-50.63084613299998, -23.490381819309572], [-50.63070007399995, -23.49018483030955], [-50.62886093599996, -23.48778100030963], [-50.627930252999924, -23.48618612630963], [-50.62790267899994, -23.486135747309667], [-50.63463237599996, -23.489388286309556], [-50.63519517999998, -23.489752089309565], [-50.63550134299993, -23.489886942309525], [-50.639257818999965, -23.491717319309522], [-50.64007646199997, -23.492114215309503], [-50.64015568599996, -23.492152606309535], [-50.641153420999956, -23.4926363533095], [-50.643272698999965, -23.49360582730946], [-50.64311701599996, -23.493919539309495], [-50.64413347899995, -23.49433086730947], [-50.64380565799996, -23.495105490309435], [-50.64383344099997, -23.49511711630944], [-50.64375738199993, -23.495248369309433], [-50.64485112899996, -23.49566059130945], [-50.64477525099995, -23.495870611309446], [-50.644695639999945, -23.496121540309435], [-50.64456488199994, -23.496709364309407], [-50.64446453499994, -23.497387766309398], [-50.644460993999985, -23.497411690309402], [-50.64457195199998, -23.49739623130939], [-50.645480976999984, -23.497269585309382], [-50.647365595999986, -23.49713530030941], [-50.646815785999934, -23.498539520309354], [-50.647943005999934, -23.49869252330938], [-50.64946576899997, -23.498230876309382], [-50.65176204199997, -23.498298132309344], [-50.65042068699995, -23.507247488309158], [-50.65178061599994, -23.507384941309137], [-50.65166708399994, -23.507649979309136], [-50.65159573199997, -23.50789072330913], [-50.65150273099994, -23.50843067330914], [-50.65147716799998, -23.50846737930915], [-50.65130842899998, -23.50853185730915], [-50.64910913799997, -23.508296763309147], [-50.648113525999975, -23.50821259030915], [-50.644546514999945, -23.50782800630914], [-50.64317487999994, -23.507710786309154], [-50.64299524799998, -23.507672979309145], [-50.64318338799996, -23.506515864309208], [-50.64353585699996, -23.504346734309234], [-50.64399872499996, -23.50140122030932]]]}, "properties": {"objectid": 19762096, "cod_tema": "AREA_IMOVEL", "nom_tema": "Area do Imovel", "cod_imovel": "PR-4124301-958F6FEC6F9940389520FA03A7522DAF", "mod_fiscal": 12.7135, "num_area": 228.8425, "ind_status": "AT", "ind_tipo": "IRU", "des_condic": "Aguardando analise", "municipio": "Santo Antonio do Paraiso", "cod_estado": "PR", "Shape__Area": 0.0002024485918055208, "Shape__Length": 0.110341969995495}}, {"type": "Feature", "id": 19762098, "geometry": {"type": "Polygon", "coordinates": [[[-50.61674779299995, -23.501522288309314], [-50.61560745099996, -23.500676725309294], [-50.61529497899994, -23.500520952309333], [-50.61514697699994, -23.500457357309323], [-50.61487612899998, -23.500470689309292], [-50.61386444899994, -23.500853702309325], [-50.61263945899998, -23.501164819309267], [-50.61362890199997, -23.498803410309378], [-50.604923035999946, -23.495690939309444], [-50.60380357599996, -23.498058737309357], [-50.60324663899996, -23.497813707309383], [-50.60259108499997, -23.497664803309377], [-50.60230556899996, -23.497508982309366], [-50.60222832099998, -23.4972717663094], [-50.602221062999945, -23.497112049309376], [-50.60213001899996, -23.496642296309393], [-50.60186802099997, -23.49625457430942], [-50.60042442399998, -23.494851529309436], [-50.59993248799998, -23.49459066630945], [-50.59963641899998, -23.49417033530948], [-50.599478887999965, -23.493700409309493], [-50.59903420699993, -23.4930040173095], [-50.598801119999955, -23.492744810309507], [-50.59838887899997, -23.492010652309524], [-50.59818691099998, -23.491695611309503], [-50.59780166699994, -23.49026428530955], [-50.602991569999965, -23.492115272309523], [-50.602962263999984, -23.49224184130949], [-50.602998483999954, -23.492482654309487], [-50.60329695299998, -23.49281465230952], [-50.60334673899996, -23.493456460309464], [-50.60346850699995, -23.493691572309498], [-50.603808275999945, -23.493852961309457], [-50.60427721299993, -23.493916379309486], [-50.604497494999976, -23.493732181309486], [-50.60460596499997, -23.493700853309456], [-50.60469078299996, -23.493491053309473], [-50.60496803199993, -23.49352577630946], [-50.60513534999995, -23.493238505309485], [-50.605104328999964, -23.49288729630951], [-50.608276770999964, -23.49380478630945], [-50.61002099199994, -23.49482054630946], [-50.61250547499998, -23.497993444309383], [-50.612794157999986, -23.498347142309346], [-50.61381535399994, -23.498649552309352], [-50.61428905499997, -23.49935514330933], [-50.614575019999954, -23.499387365309335], [-50.61500699599997, -23.49932118030936], [-50.61531344799993, -23.499159024309375], [-50.61569307499997, -23.49886629330938], [-50.61558377099993, -23.49766241030939], [-50.615679228999966, -23.497144603309415], [-50.61584498899998, -23.496856866309404], [-50.61629409799996, -23.496404291309425], [-50.616882449999935, -23.49560168830943], [-50.617463638999936, -23.494952737309422], [-50.61780988999993, -23.49437406430944], [-50.61775048199996, -23.493889023309457], [-50.61763507999995, -23.493430647309484], [-50.617632518999976, -23.493080817309483], [-50.61767407399997, -23.492556130309502], [-50.617527320999955, -23.491558927309523], [-50.617506918999936, -23.49116576330953], [-50.61733908799994, -23.490566102309515], [-50.61742822599996, -23.4895286253096], [-50.617438334999974, -23.489410960309584], [-50.619104118999985, -23.489859302309544], [-50.61990529699994, -23.49000289230955], [-50.61984693799997, -23.490341206309566], [-50.62016773199996, -23.490765082309508], [-50.62006722899997, -23.491046207309513], [-50.619720823999955, -23.491220056309544], [-50.619700243999944, -23.492385410309474], [-50.620552230999984, -23.493225907309466], [-50.62262748699993, -23.493852038309452], [-50.62345585699995, -23.49432817030946], [-50.62161462199998, -23.49512148230942], [-50.621013570999935, -23.497521376309372], [-50.620344142999954, -23.4981741683094], [-50.62863073399996, -23.50465128430923], [-50.62878264899996, -23.50510518030923], [-50.629469178999955, -23.505514462309183], [-50.629304769999976, -23.506116160309197], [-50.62785036699995, -23.505174450309212], [-50.627838459999964, -23.50479381130921], [-50.62724189199998, -23.504442906309205], [-50.62617738199998, -23.503816744309223], [-50.62450260399999, -23.503324858309274], [-50.624117470999984, -23.50356574430923], [-50.623046227999964, -23.503840244309213], [-50.62271368999996, -23.50377733930923], [-50.62043103599995, -23.50471165030924], [-50.61959949999994, -23.505425438309217], [-50.61874300799997, -23.50523054930922], [-50.617916950999984, -23.50476971430923], [-50.61743211299995, -23.50514003430921], [-50.61707827799995, -23.505410291309225], [-50.61702333799997, -23.50581787530922], [-50.61734523299999, -23.50659334830918], [-50.61603056599996, -23.505744497309212], [-50.61637809599995, -23.503911529309274], [-50.61751556199994, -23.50281287530926], [-50.61755224699993, -23.5026922883093], [-50.61718107299998, -23.50207091830927], [-50.61674779299995, -23.501522288309314]]]}, "properties": {"objectid": 19762098, "cod_tema": "AREA_IMOVEL", "nom_tema": "Area do Imovel", "cod_imovel": "PR-4124301-E170B09A3A164412AFD0A97B65B2D339", "mod_fiscal": 8.3484, "num_area": 150.2717, "ind_status": "AT", "ind_tipo": "IRU", "des_condic": "Em analise", "municipio": "Santo Antonio do Paraiso", "cod_estado": "PR", "Shape__Area": 0.0001329394141863071, "Shape__Length": 0.11196211651922973}}, {"type": "Feature", "id": 19762138, "geometry": {"type": "Polygon", "coordinates": [[[-50.64007094899995, -23.45857266031026], [-50.64095881899994, -23.45644748931031], [-50.64099410399996, -23.456930807310325], [-50.64107237399998, -23.45789108131027], [-50.64084944299998, -23.45805444531026], [-50.64075576699997, -23.45818422631025], [-50.64056960299996, -23.458236691310265], [-50.64056608799996, -23.458435844310248], [-50.640794520999975, -23.458559826310232], [-50.64086317799996, -23.45885437731025], [-50.64076115599994, -23.45892821531024], [-50.64113965299999, -23.459069887310225], [-50.64127737599994, -23.45908211231026], [-50.64129936099994, -23.459196964310223], [-50.64124967599998, -23.459346248310247], [-50.64140514599995, -23.45944890831023], [-50.64178670399997, -23.45935346731025], [-50.64186667599996, -23.45945155631025], [-50.64175981499994, -23.459672534310254], [-50.64195818899998, -23.459931029310223], [-50.64236769699995, -23.460296086310226], [-50.64297326699994, -23.460707995310198], [-50.64308961099994, -23.461015059310213], [-50.64324520599996, -23.461048786310226], [-50.64322209699998, -23.461190732310214], [-50.643380744999945, -23.4613334253102], [-50.64345210899995, -23.46119140031019], [-50.64365026099995, -23.461260510310225], [-50.643777109999974, -23.461472793310215], [-50.64369023099994, -23.461484024310185], [-50.643765737999956, -23.46166486231019], [-50.64388413699999, -23.46168644331018], [-50.643770479999944, -23.46199351731015], [-50.64386680399997, -23.46212572431019], [-50.643890348999946, -23.462265379310185], [-50.644239220999964, -23.462424399310194], [-50.64424351999997, -23.462515404310192], [-50.64423939499994, -23.46263924831017], [-50.64421717599998, -23.46288837631016], [-50.64448265799996, -23.462971704310174], [-50.64455565799995, -23.463252920310133], [-50.64473585099995, -23.46335827731013], [-50.64522288699993, -23.463309151310167], [-50.64531897199998, -23.463148512310166], [-50.645395668999974, -23.462688520310163], [-50.645337352999945, -23.46259601131016], [-50.645409564999966, -23.462489987310178], [-50.64593070899996, -23.462341417310153], [-50.64635505499996, -23.46215661131017], [-50.64693686999994, -23.461621459310184], [-50.64730087899995, -23.46170856931017], [-50.647749866999966, -23.46146068131018], [-50.64777106099996, -23.461325725310175], [-50.64792708499993, -23.461256134310172], [-50.648219663999946, -23.460927411310188], [-50.64822717199997, -23.460874785310228], [-50.64867525899996, -23.461069422310224], [-50.64858391999996, -23.46113500331022], [-50.64860978399998, -23.461204932310217], [-50.64859902499996, -23.46150359531018], [-50.64847902799993, -23.4615668043102], [-50.648393892999934, -23.461840321310177], [-50.648473826999975, -23.46187078731018], [-50.64869501199996, -23.461922811310192], [-50.64875261699996, -23.461982011310187], [-50.64896719499996, -23.46201785031016], [-50.64904672499995, -23.462107441310145], [-50.64919510899995, -23.462267313310193], [-50.64928836999997, -23.46232288231018], [-50.64933131199996, -23.462121628310193], [-50.649168550999946, -23.461962100310206], [-50.649843860999965, -23.462151747310163], [-50.65000401699995, -23.4623078683102], [-50.65010213299997, -23.46236051231018], [-50.650402403999976, -23.462521620310163], [-50.65053825399996, -23.462406966310155], [-50.65080077799996, -23.462318245310154], [-50.651051490999976, -23.462271441310193], [-50.65150143399996, -23.46257279231015], [-50.65199373599995, -23.462822423310175], [-50.652582165999945, -23.46320117131017], [-50.65258987099997, -23.463265074310186], [-50.65253291099998, -23.46329586431016], [-50.65337293399994, -23.46380176331017], [-50.65385020399998, -23.464349520310154], [-50.654040624999936, -23.464609209310098], [-50.65425869999996, -23.464921460310126], [-50.65445895899995, -23.4653654783101], [-50.65434067199993, -23.4658097323101], [-50.65357234399993, -23.46630487231009], [-50.652570528999945, -23.466549319310076], [-50.652369323999956, -23.466801929310098], [-50.65233813699996, -23.46715107831007], [-50.65345792199997, -23.468019381310064], [-50.65364891399997, -23.468252197310054], [-50.653775992999954, -23.469123265310007], [-50.65379747799994, -23.469608874310005], [-50.65376478099995, -23.47039890730997], [-50.65266585699993, -23.496945124309416], [-50.652008186999986, -23.49669771430943], [-50.65008807799995, -23.495977153309415], [-50.649970766999964, -23.49519635930944], [-50.649955466999984, -23.49449210130948], [-50.64966582999994, -23.49378383030948], [-50.64959258799996, -23.493374831309495], [-50.64948076799994, -23.49305055630947], [-50.64516143999998, -23.491559893309542], [-50.64509175999996, -23.49153337730949], [-50.64372054499995, -23.490988790309522], [-50.64374752799995, -23.49076578530952], [-50.64007094899995, -23.45857266031026]]]}, "properties": {"objectid": 19762138, "cod_tema": "AREA_IMOVEL", "nom_tema": "Area do Imovel", "cod_imovel": "PR-4124301-8221376F24564481AF601C2A8D83055F", "mod_fiscal": 20.6824, "num_area": 400.8175, "ind_status": "AT", "ind_tipo": "IRU", "des_condic": "Aguardando analise", "municipio": "Santo Antonio do Paraiso", "cod_estado": "PR", "Shape__Area": 0.0003545272506923455, "Shape__Length": 0.10546731584861707}}, {"type": "Feature", "id": 19762146, "geometry": {"type": "Polygon", "coordinates": [[[-50.61077068599997, -23.477274800309846], [-50.61010298699994, -23.477301147309866], [-50.60937474199994, -23.477368157309815], [-50.608717182999946, -23.477364476309862], [-50.60799628199993, -23.477356407309827], [-50.60761276299996, -23.477109110309836], [-50.607596470999965, -23.476912286309837], [-50.607572242999936, -23.476587608309874], [-50.60807563799994, -23.476068368309864], [-50.60963441599995, -23.475189079309878], [-50.610789971999964, -23.47447784430991], [-50.611210662999945, -23.474038196309923], [-50.61152671899998, -23.473678775309896], [-50.61186518799997, -23.47284888330996], [-50.61184873399998, -23.471743310309964], [-50.61148394199995, -23.471023649309977], [-50.61040697499994, -23.469816863309998], [-50.61012283099996, -23.469457419310032], [-50.60999170699995, -23.469235938309993], [-50.61151438099995, -23.469950042310032], [-50.62820839699998, -23.477777734309836], [-50.62835340699996, -23.477815107309834], [-50.63057534299997, -23.4783190213098], [-50.63062150999997, -23.478265097309816], [-50.63064849899995, -23.478058320309795], [-50.630987907999945, -23.47682259830984], [-50.63238714999994, -23.471455184309974], [-50.633275424999965, -23.468192300310015], [-50.633332404999976, -23.468094711310066], [-50.63337057599995, -23.46806377431005], [-50.633398184999976, -23.46804878531003], [-50.635839199999964, -23.468700576310017], [-50.64007094899995, -23.45857266031026], [-50.64374752799995, -23.49076578530952], [-50.63790842999998, -23.488404793309584], [-50.637843576999956, -23.488374665309607], [-50.63792124299994, -23.490275326309543], [-50.63783852999996, -23.490771181309526], [-50.63561131399996, -23.489685093309575], [-50.635289661999934, -23.489543498309587], [-50.635024589999944, -23.48945533130959], [-50.63479506999994, -23.4894067403096], [-50.634632342999964, -23.489388331309588], [-50.627902683999935, -23.48613578230965], [-50.62101590599997, -23.482746591309724], [-50.620837517999966, -23.482658794309724], [-50.62061893599997, -23.4825614333097], [-50.620073124999976, -23.48288846530972], [-50.619587164999984, -23.483384955309702], [-50.618961947999935, -23.483531327309716], [-50.618460822999964, -23.483410200309713], [-50.61794908099995, -23.483181813309734], [-50.617490823999965, -23.48294864730969], [-50.616916929999945, -23.482461438309727], [-50.61690410899997, -23.481588523309746], [-50.616853529999965, -23.481247824309765], [-50.61677237499998, -23.480822016309784], [-50.61675519799997, -23.480287638309797], [-50.61650976999994, -23.479152246309784], [-50.61602483599995, -23.47850832930981], [-50.61588805699995, -23.47840801230985], [-50.61213410699998, -23.482468481309713], [-50.61202312299997, -23.482329188309695], [-50.61186482399995, -23.48218392830974], [-50.61167681899996, -23.48205352430976], [-50.61140135299997, -23.481915747309728], [-50.60939913399994, -23.480990976309783], [-50.610417609999956, -23.478231471309808], [-50.61077068599997, -23.477274800309846]]]}, "properties": {"objectid": 19762146, "cod_tema": "AREA_IMOVEL", "nom_tema": "Area do Imovel", "cod_imovel": "PR-4124301-0DF032ECB5DA4F6FA5BF96E868F45AB4", "mod_fiscal": 27.975, "num_area": 503.5501, "ind_status": "AT", "ind_tipo": "IRU", "des_condic": "Analisado, aguardando atendimento a notificacao", "municipio": "Santo Antonio do Paraiso", "cod_estado": "PR", "Shape__Area": 0.00044541539335564634, "Shape__Length": 0.1421278506071515}}, {"type": "Feature", "id": 19762147, "geometry": {"type": "Polygon", "coordinates": [[[-50.66709995299993, -23.47629581930987], [-50.666700952999975, -23.48349842730971], [-50.666345312999965, -23.49194678130951], [-50.66619591399996, -23.49588458930941], [-50.668439414999966, -23.496172703309412], [-50.66891574999993, -23.495939195309404], [-50.669845338999956, -23.503219068309257], [-50.66985290999997, -23.503469602309224], [-50.67342328099994, -23.504783525309254], [-50.67547752399997, -23.505551504309224], [-50.675803511999966, -23.50567057930921], [-50.67583490799995, -23.5057633003092], [-50.675834643999956, -23.50598607530918], [-50.675810181999964, -23.50674773830916], [-50.67573222799995, -23.508770171309152], [-50.67566057999994, -23.510768678309095], [-50.67566186199998, -23.51119665630909], [-50.675682708999936, -23.511425894309067], [-50.67572004799996, -23.511622439309054], [-50.67577832599994, -23.51194342830904], [-50.675546761999954, -23.512424449309062], [-50.67393050499993, -23.514576292309002], [-50.673316144999944, -23.51559566830897], [-50.66932556399996, -23.514062734309036], [-50.66651993399995, -23.51318531530905], [-50.66321053499996, -23.51193824530904], [-50.66394403799996, -23.508136347309133], [-50.665009672999986, -23.50298961330925], [-50.66526387399995, -23.501783399309303], [-50.66595340199996, -23.501791904309286], [-50.66086825499997, -23.49996121530935], [-50.66149949999993, -23.48666756830964], [-50.66182136499998, -23.47808682430981], [-50.66205739999999, -23.47531173930987], [-50.66298007999996, -23.475626646309877], [-50.662786960999945, -23.476020277309875], [-50.662439683999935, -23.47632879830984], [-50.66233803399996, -23.47651018030989], [-50.66234831299994, -23.476583123309837], [-50.66267967199997, -23.476728811309865], [-50.66308736799993, -23.476787856309876], [-50.66340923299998, -23.476827218309857], [-50.66379547099996, -23.47680753730985], [-50.664117335999954, -23.476846900309823], [-50.66443920099994, -23.476886263309865], [-50.66482543899997, -23.476905944309827], [-50.665125846999956, -23.47686658130985], [-50.665426253999954, -23.47686658130985], [-50.66579103499999, -23.47682721830987], [-50.66606998399994, -23.476787856309876], [-50.666370391999976, -23.47676817430985], [-50.66669225699996, -23.476669767309872], [-50.66709995299993, -23.47629581930987]]]}, "properties": {"objectid": 19762147, "cod_tema": "AREA_IMOVEL", "nom_tema": "Area do Imovel", "cod_imovel": "PR-4124301-10323F7CA01C4D8BB4027DA137FA814F", "mod_fiscal": 16.1039, "num_area": 300.7402, "ind_status": "AT", "ind_tipo": "IRU", "des_condic": "Aguardando analise", "municipio": "Santo Antonio do Paraiso", "cod_estado": "PR", "Shape__Area": 0.0002660568520542636, "Shape__Length": 0.1060519495107183}}, {"type": "Feature", "id": 19762155, "geometry": {"type": "Polygon", "coordinates": [[[-50.61401763499998, -23.521340938308864], [-50.61297744199993, -23.521187924308837], [-50.611818656999965, -23.521049375308856], [-50.61142742199996, -23.520967159308846], [-50.610786639999965, -23.520757970308868], [-50.61023898099995, -23.520591571308856], [-50.60994666999994, -23.52054097330889], [-50.60944785199996, -23.52052644730886], [-50.608346094999945, -23.520474463308876], [-50.60792335999998, -23.520490180308872], [-50.60751400999993, -23.520498144308895], [-50.60739448899994, -23.520494935308893], [-50.60728498199995, -23.5204688173089], [-50.60721378899996, -23.52043744530887], [-50.607161462999954, -23.520398613308835], [-50.60709523999998, -23.52031426130886], [-50.60729387699996, -23.520254352308836], [-50.60807132399998, -23.519967716308855], [-50.60823411399997, -23.519835636308898], [-50.60828863699993, -23.519620956308906], [-50.60834912899997, -23.519404323308873], [-50.60829934699996, -23.519245493308897], [-50.608243982999966, -23.519086649308907], [-50.60818726499998, -23.51898777930892], [-50.608067037999945, -23.5188014933089], [-50.60797254199997, -23.518691779308945], [-50.60775168599997, -23.518415996308935], [-50.60730952299998, -23.517885294308908], [-50.60668152699997, -23.517162989308957], [-50.60644180999997, -23.51674245330893], [-50.60626759199994, -23.51620104430895], [-50.606171557999964, -23.515226443308993], [-50.606181062999944, -23.515177269309007], [-50.60682601299993, -23.51524823930898], [-50.60793584799996, -23.515370360308975], [-50.611276311999966, -23.515711228308994], [-50.61145776399997, -23.51572992730895], [-50.61457264499995, -23.51584046130899], [-50.62097642799995, -23.51591164030896], [-50.62436115299993, -23.516275550308993], [-50.62593908199994, -23.516034923308947], [-50.62869084199997, -23.51549250030901], [-50.630353978999956, -23.515218956308978], [-50.63046166999993, -23.515255453308978], [-50.63110097999999, -23.515157814308985], [-50.63151778399998, -23.515106040308993], [-50.632241513999986, -23.515072767309018], [-50.63269905799996, -23.515070971308962], [-50.63306413399994, -23.515086502309], [-50.63333491699996, -23.515122141308975], [-50.63370155399997, -23.515212902309003], [-50.634110771999985, -23.515333360308958], [-50.63474502099996, -23.515524840308977], [-50.63589620699997, -23.515798729308994], [-50.63636182699997, -23.515914009308975], [-50.63810177299995, -23.516430823308944], [-50.63841291599994, -23.516497094308985], [-50.639928474999984, -23.516768152308927], [-50.64026783999998, -23.51681311230895], [-50.640795826999984, -23.516849876308964], [-50.641082253999976, -23.516836579308958], [-50.64144449199995, -23.51679778230896], [-50.641649410999946, -23.51673785330892], [-50.64166294299997, -23.51666047430898], [-50.64178328599997, -23.51574707730897], [-50.64707601699996, -23.51803180030892], [-50.644812981999955, -23.529287457308655], [-50.64445593699998, -23.52937514630865], [-50.64416280399996, -23.52924483830866], [-50.64396688099998, -23.52918781430867], [-50.64372120999996, -23.529277698308686], [-50.64354165599997, -23.529119007308676], [-50.64323987599994, -23.528779143308675], [-50.64302770099994, -23.52858269030867], [-50.64266759999998, -23.52863462430867], [-50.642259186999986, -23.528400033308696], [-50.64180160899997, -23.52819547830871], [-50.64124614699995, -23.527885174308693], [-50.64086179099996, -23.52783152830872], [-50.64023188699998, -23.527822536308726], [-50.640020625999966, -23.52772651930868], [-50.64045821899998, -23.5249513653088], [-50.634794399999976, -23.524227035308787], [-50.63366416999998, -23.5240888473088], [-50.63260336299994, -23.52395913930877], [-50.631597597999985, -23.523836155308807], [-50.631627271999946, -23.52588005730872], [-50.63167854699998, -23.527762173308727], [-50.63205113899994, -23.527786420308715], [-50.63214552099998, -23.533073245308596], [-50.630772229999934, -23.532670810308588], [-50.63047225299994, -23.5327430823086], [-50.62913467699996, -23.53269058230862], [-50.629059697999935, -23.53273809630858], [-50.62898163799998, -23.532731407308596], [-50.62892223999995, -23.532497770308602], [-50.62878861899998, -23.532251671308632], [-50.62870389699998, -23.532035858308614], [-50.62870722499997, -23.53189721430862], [-50.62419474299997, -23.533659684308592], [-50.62353181399993, -23.533000443308616], [-50.62241781299996, -23.531825289308635], [-50.62201113699995, -23.531377810308634], [-50.62169362599997, -23.531011945308652], [-50.62145570299998, -23.530652720308655], [-50.621201746999986, -23.53008480130868], [-50.62108301899996, -23.529681884308655], [-50.62077820399998, -23.528075048308683], [-50.62046446599992, -23.52659685430876], [-50.620420285999955, -23.526237864308715], [-50.62039087599993, -23.52548126130877], [-50.620348097999965, -23.525011390308784], [-50.62028911899995, -23.52442846230875], [-50.62028695999992, -23.524407124308812], [-50.62025920399998, -23.52416523330878], [-50.620150905999935, -23.523184129308802], [-50.62015090099993, -23.523184087308792], [-50.620057774999964, -23.522348213308852], [-50.620019179999986, -23.522291224308827], [-50.61971609999995, -23.522228148308812], [-50.618564910999964, -23.522083758308817], [-50.61746041799995, -23.521960252308855], [-50.61695815099995, -23.521870085308866], [-50.61528706499996, -23.52156770030887], [-50.61401763499998, -23.521340938308864]]]}, "properties": {"objectid": 19762155, "cod_tema": "AREA_IMOVEL", "nom_tema": "Area do Imovel", "cod_imovel": "PR-4124301-F130418C2CEA4D06A891C229BB3C5FA2", "mod_fiscal": 25.3476, "num_area": 456.2567, "ind_status": "AT", "ind_tipo": "IRU", "des_condic": "Aguardando analise", "municipio": "Santo Antonio do Paraiso", "cod_estado": "PR", "Shape__Area": 0.00040370493108069286, "Shape__Length": 0.12212116702570243}}, {"type": "Feature", "id": 19799517, "geometry": {"type": "Polygon", "coordinates": [[[-50.66670095399997, -23.48349842730971], [-50.666976810999984, -23.476637322309866], [-50.66720959099996, -23.47650909330985], [-50.66741201999998, -23.47643481830987], [-50.66747283999996, -23.476351046309883], [-50.66760448599996, -23.47625804830987], [-50.66767535399998, -23.47622087230984], [-50.66780690199993, -23.476193088309845], [-50.66793847799994, -23.476146672309863], [-50.668140809999954, -23.476137610309873], [-50.66832300799996, -23.476063308309897], [-50.668528815999935, -23.476005442309873], [-50.66893613799993, -23.4758988153099], [-50.66909560999994, -23.47580119130986], [-50.66930816699994, -23.475717609309864], [-50.669419510999944, -23.47567116630989], [-50.66951055299996, -23.475671280309875], [-50.66959153499993, -23.475634116309884], [-50.669642182999944, -23.475587597309868], [-50.66978385999994, -23.475550508309883], [-50.669905264999954, -23.47554134330988], [-50.67002658699994, -23.47558807730985], [-50.670127745999935, -23.475588203309886], [-50.670208645999935, -23.475606937309855], [-50.67028950499997, -23.475653620309853], [-50.67044124399996, -23.475653808309854], [-50.67061315899997, -23.475691288309864], [-50.670714250999936, -23.475737996309864], [-50.67087606499996, -23.47576614730985], [-50.67098731299996, -23.4757849183099], [-50.671206695999956, -23.475756331309864], [-50.671321313999954, -23.47566421830987], [-50.67141458899994, -23.475673578309852], [-50.67236073299995, -23.47821308230982], [-50.67366213999998, -23.48074891730976], [-50.67442211499997, -23.48261464430972], [-50.675210952999976, -23.487533484309633], [-50.675296782999965, -23.4881238773096], [-50.67531824099996, -23.488438753309588], [-50.67536115599996, -23.488596190309572], [-50.67531824099996, -23.48873394830956], [-50.67557772799996, -23.489942701309552], [-50.67605325599993, -23.492770301309474], [-50.67604517299998, -23.492777725309466], [-50.67587002099998, -23.492863474309512], [-50.67578823299994, -23.492938590309453], [-50.675589650999946, -23.493088780309517], [-50.675472809999974, -23.493196091309468], [-50.67533267899995, -23.493271136309488], [-50.67483060099994, -23.493496172309495], [-50.67465541699994, -23.493603411309497], [-50.674581528999965, -23.49363782930947], [-50.674488630999974, -23.493707144309493], [-50.674424754999954, -23.4937604753095], [-50.67433185699997, -23.493829793309477], [-50.67427381199997, -23.493861766309458], [-50.67418379299994, -23.493944440309445], [-50.67410536899996, -23.49403246730946], [-50.674079003999964, -23.49404712330947], [-50.67400177199994, -23.49412674730943], [-50.67396593999997, -23.494192520309458], [-50.673831862999975, -23.494305395309457], [-50.67377331599994, -23.49441932330948], [-50.67374425499997, -23.49446201430946], [-50.67364106599995, -23.494594670309457], [-50.67361635599997, -23.49467014930942], [-50.67360465699994, -23.494739565309455], [-50.67357554099993, -23.494819641309466], [-50.673498464999966, -23.49493286730947], [-50.67346505699993, -23.49501711730945], [-50.673393137999945, -23.495048296309477], [-50.67334785199995, -23.495136030309443], [-50.67331296699995, -23.495194735309454], [-50.67326647499994, -23.495258768309448], [-50.67318659899996, -23.49534679230943], [-50.673115413999945, -23.4954401703094], [-50.673063144999965, -23.495488173309422], [-50.67301085199995, -23.495552199309437], [-50.67294700599995, -23.49558416630942], [-50.67292378999997, -23.49559481830943], [-50.67285990499994, -23.495653488309422], [-50.672796035999966, -23.49570147630943], [-50.672726327999946, -23.49577616130944], [-50.67265083499995, -23.495840159309413], [-50.67256376599994, -23.49588811930943], [-50.67248248799995, -23.495941427309436], [-50.67241864899995, -23.495968052309415], [-50.672337363999986, -23.4960267013094], [-50.67230253299993, -23.49604802230942], [-50.672145885999946, -23.49607987330944], [-50.67206467899996, -23.496085112309398], [-50.67202983199996, -23.496117114309413], [-50.671789703999934, -23.496131078309418], [-50.67164416999998, -23.496147705309404], [-50.67150289999995, -23.49612250730938], [-50.67139960799994, -23.496142397309427], [-50.67128004099993, -23.496142249309393], [-50.67120396099995, -23.496137149309444], [-50.67111702499994, -23.4961220283094], [-50.67090506499994, -23.49612176530939], [-50.670818107999935, -23.496121656309406], [-50.67062243799995, -23.496131421309425], [-50.67048663199995, -23.496086211309432], [-50.67031818799995, -23.496060980309434], [-50.670145651999974, -23.4960529313094], [-50.669992630999964, -23.496012467309406], [-50.66989422299997, -23.496012343309424], [-50.669741170999934, -23.49599201430941], [-50.669631857999946, -23.495971741309408], [-50.66936949299998, -23.495931138309402], [-50.66920547899997, -23.495930931309438], [-50.66917269099997, -23.495920823309408], [-50.66891574999993, -23.495939196309394], [-50.668439414999966, -23.496172703309412], [-50.66619591399996, -23.49588458930941], [-50.66634531299996, -23.4919467823095], [-50.66670095399997, -23.48349842730971]]]}, "properties": {"objectid": 19799517, "cod_tema": "AREA_IMOVEL", "nom_tema": "Area do Imovel", "cod_imovel": "PR-4126009-0134E9BD9A6241AEA84B5E9A519A9243", "mod_fiscal": 8.7346, "num_area": 174.4869, "ind_status": "AT", "ind_tipo": "IRU", "des_condic": "Analisado, aguardando atendimento a notificacao", "municipio": "Sao Sebastiao da Amoreira", "cod_estado": "PR", "Shape__Area": 0.0001543503649035667, "Shape__Length": 0.053271298869703734}}, {"type": "Feature", "id": 19799518, "geometry": {"type": "Polygon", "coordinates": [[[-50.67590930399996, -23.505697836309206], [-50.67896261799996, -23.506822024309187], [-50.679528027999936, -23.506952324309157], [-50.679976920999934, -23.506909101309166], [-50.680571405999956, -23.50674595130919], [-50.681052012999935, -23.506531232309197], [-50.681899176999934, -23.507491336309187], [-50.68296094699997, -23.507745340309175], [-50.68423355599998, -23.50862930230914], [-50.68555338899994, -23.509425132309143], [-50.68636608999998, -23.510343706309094], [-50.68741832599994, -23.5112604583091], [-50.68800078699996, -23.51213399730908], [-50.68795339999998, -23.51406756130904], [-50.68802585699996, -23.515313649308965], [-50.688186156999954, -23.515642979308968], [-50.68840524999996, -23.516618589308944], [-50.68837751099995, -23.517321576308944], [-50.68822868299998, -23.51784821030892], [-50.68777252099994, -23.517693905308956], [-50.68647118699993, -23.516983904308955], [-50.68232703399997, -23.515102936308978], [-50.68147595299996, -23.51840329630893], [-50.67563743799997, -23.516424091308966], [-50.675179656999944, -23.51619843330894], [-50.67495552899993, -23.516102324308964], [-50.67404381399996, -23.514612897308986], [-50.675801170999925, -23.511984803309065], [-50.67569377399996, -23.51106038130911], [-50.67590930399996, -23.505697836309206]]]}, "properties": {"objectid": 19799518, "cod_tema": "AREA_IMOVEL", "nom_tema": "Area do Imovel", "cod_imovel": "PR-4126009-6D66068DAFF440E0A293D461A8DEE8E5", "mod_fiscal": 7.2134, "num_area": 129.8877, "ind_status": "AT", "ind_tipo": "IRU", "des_condic": "Analisado, aguardando atendimento a notificacao", "municipio": "Sao Sebastiao da Amoreira", "cod_estado": "PR", "Shape__Area": 0.00011491999655836532, "Shape__Length": 0.04840968918446447}}, {"type": "Feature", "id": 19799524, "geometry": {"type": "Polygon", "coordinates": [[[-50.63431138899995, -23.436207499310783], [-50.63596138899993, -23.43685472131076], [-50.63641138899993, -23.436954443310768], [-50.63703472199995, -23.436975554310738], [-50.63769416699995, -23.437036110310732], [-50.638093610999924, -23.43730944331072], [-50.63826444399996, -23.43779249931072], [-50.63848749999994, -23.438740832310692], [-50.63922999999994, -23.439760277310675], [-50.63945388899998, -23.440533054310656], [-50.64027833299996, -23.44131166631067], [-50.641639443999956, -23.442680277310618], [-50.63636555599993, -23.44349055431063], [-50.636456943999974, -23.443823888310572], [-50.63653583299998, -23.444122777310582], [-50.63671111099995, -23.44469194331056], [-50.63711749999993, -23.445044999310547], [-50.63721472199996, -23.445201666310535], [-50.63722444399996, -23.44538111031057], [-50.637185277999954, -23.445480277310537], [-50.637128055999945, -23.44552472131056], [-50.63689416699999, -23.445592777310534], [-50.63658861099997, -23.44580888831058], [-50.636587221999946, -23.445745554310562], [-50.636603055999956, -23.445566943310553], [-50.636563888999945, -23.445465832310557], [-50.63645361099998, -23.445391943310536], [-50.63643749999995, -23.445353332310553], [-50.636417499999936, -23.44533527731056], [-50.63641694399997, -23.445309166310558], [-50.63637499999993, -23.44520388831057], [-50.636259999999936, -23.445108054310545], [-50.63555999999994, -23.444729999310553], [-50.635439721999944, -23.444754166310542], [-50.635332221999924, -23.44491749931059], [-50.63527388899996, -23.444987221310562], [-50.635271666999984, -23.445018610310576], [-50.63520888899996, -23.44576444331057], [-50.63517499999995, -23.446158332310556], [-50.63563222199997, -23.44638361031051], [-50.635906388999956, -23.446842777310533], [-50.63565472199996, -23.44775666631051], [-50.63550999999996, -23.448135277310477], [-50.635521110999946, -23.449095832310462], [-50.635583610999966, -23.44910277731046], [-50.63593222199995, -23.448975554310465], [-50.63618555599998, -23.44896361031048], [-50.636252499999955, -23.448980554310452], [-50.636307777999946, -23.44910888831047], [-50.636439166999935, -23.449294999310457], [-50.63669361099994, -23.449549166310444], [-50.636846666999986, -23.449682221310486], [-50.637263332999964, -23.450003332310434], [-50.63770638899995, -23.450308888310417], [-50.63816166699996, -23.45059333231045], [-50.638289443999945, -23.450666666310443], [-50.63853555599997, -23.450791666310458], [-50.63868777799996, -23.450850554310406], [-50.63889638899996, -23.450907499310443], [-50.639035277999945, -23.450925277310418], [-50.639166666999984, -23.450926110310434], [-50.63959472199997, -23.450888054310422], [-50.63984222199997, -23.45087694331044], [-50.640400277999966, -23.45081444331043], [-50.640610555999956, -23.450804443310442], [-50.64079277799994, -23.450806110310438], [-50.64089805599997, -23.450817777310423], [-50.64099888899994, -23.450843054310425], [-50.64182583299999, -23.451125832310403], [-50.64205416699997, -23.45120861031045], [-50.64243666699997, -23.451393332310406], [-50.642657499999984, -23.451521943310436], [-50.64285833299993, -23.45165166631043], [-50.64306166699998, -23.451805554310422], [-50.643547499999954, -23.452201943310417], [-50.64387722199996, -23.452491388310374], [-50.64400888899996, -23.452582499310388], [-50.64412638899995, -23.452648610310412], [-50.64471055599996, -23.45293805431038], [-50.64530916699994, -23.453196388310392], [-50.64572138899996, -23.45337222131035], [-50.64614611099996, -23.453616666310364], [-50.64634138899999, -23.453666666310358], [-50.64178666699996, -23.459353610310277], [-50.64140499999996, -23.45944888831021], [-50.64124972199994, -23.45934638831025], [-50.64129944399997, -23.45919694331022], [-50.64127749999994, -23.45908222131024], [-50.641139721999934, -23.459069999310234], [-50.64076111099996, -23.458928332310254], [-50.64086305599995, -23.45885444331024], [-50.64079444399994, -23.458559721310266], [-50.64056611099994, -23.45843583231026], [-50.64056944399994, -23.458236666310235], [-50.64075583299995, -23.458184166310264], [-50.64084944399997, -23.45805444331028], [-50.641072221999934, -23.457891110310296], [-50.64099388899995, -23.456927777310305], [-50.64095888899993, -23.45644749931032], [-50.64068722199994, -23.455984721310344], [-50.64028749999994, -23.455370832310336], [-50.64005333299996, -23.45538999931035], [-50.639639166999984, -23.45564777731033], [-50.63942861099997, -23.455654443310316], [-50.639236666999984, -23.45552555431033], [-50.63803666699994, -23.455118610310308], [-50.63777249999998, -23.455011943310364], [-50.63732027799995, -23.455011666310337], [-50.636145555999974, -23.455709166310314], [-50.63569166699994, -23.456036110310308], [-50.63490277799997, -23.45647805431028], [-50.634622777999944, -23.45637861031029], [-50.63393694399997, -23.455966943310308], [-50.63355666699994, -23.45583138831033], [-50.63314638899993, -23.455848054310298], [-50.63269666699995, -23.45605055431029], [-50.63253472199995, -23.45600722131034], [-50.632480555999955, -23.455751666310324], [-50.63268527799994, -23.455631110310307], [-50.63266138899997, -23.455527221310312], [-50.63229999999998, -23.455290832310315], [-50.632048888999975, -23.455473332310298], [-50.63188027799998, -23.4555738883103], [-50.63187666699998, -23.45532305431032], [-50.63168777799996, -23.45513305431035], [-50.631433610999984, -23.45511777731031], [-50.631330832999936, -23.45516138831034], [-50.63129888899993, -23.455300277310354], [-50.631429166999965, -23.455753332310326], [-50.631253888999936, -23.455698610310318], [-50.63106999999996, -23.455729443310304], [-50.63069749999993, -23.4556836103103], [-50.63074861099995, -23.455493888310336], [-50.630886388999954, -23.45534444331032], [-50.63065138899998, -23.455267221310358], [-50.63055138899995, -23.45516083231036], [-50.630249721999974, -23.455317499310357], [-50.63019777799997, -23.455629443310325], [-50.62997722199999, -23.45552999931034], [-50.62952972199997, -23.45543722131032], [-50.62956694399998, -23.45535305431031], [-50.629791110999975, -23.455005554310354], [-50.63023527799999, -23.45398583231034], [-50.630219721999936, -23.453497499310377], [-50.62962194399996, -23.453029721310365], [-50.62890638899995, -23.452874999310385], [-50.62710027799994, -23.452215554310406], [-50.62696166699993, -23.451881388310383], [-50.62630361099997, -23.450749999310453], [-50.62529083299996, -23.44993499931047], [-50.624910832999944, -23.44940749931046], [-50.62527222199998, -23.44898333231047], [-50.625267777999966, -23.44863027731047], [-50.62493805599996, -23.448240554310466], [-50.62459472199998, -23.447842777310488], [-50.624438888999975, -23.4474863883105], [-50.62493472199997, -23.44712416631054], [-50.625378610999974, -23.44699055431052], [-50.625965832999945, -23.446779166310506], [-50.62875638899994, -23.444987499310578], [-50.62961694399996, -23.44448333231056], [-50.63083527799995, -23.443015832310607], [-50.63100999999995, -23.442333054310613], [-50.63154333299997, -23.441650277310625], [-50.63277444399995, -23.440511388310654], [-50.63292777799996, -23.440382221310692], [-50.63311194399996, -23.440006666310694], [-50.633173055999976, -23.439567499310677], [-50.63290694399996, -23.43852666631071], [-50.63297388899997, -23.437964443310705], [-50.633181666999974, -23.43767694331076], [-50.63365361099994, -23.437263054310748], [-50.63410694399994, -23.436510832310752], [-50.63431138899995, -23.436207499310783]]]}, "properties": {"objectid": 19799524, "cod_tema": "AREA_IMOVEL", "nom_tema": "Area do Imovel", "cod_imovel": "PR-4126009-489CA60549B5428DA6E999950409FFCD", "mod_fiscal": 11.3607, "num_area": 226.7797, "ind_status": "AT", "ind_tipo": "IRU", "des_condic": "Aguardando analise", "municipio": "Sao Sebastiao da Amoreira", "cod_estado": "PR", "Shape__Area": 0.00020054986903198353, "Shape__Length": 0.09278532190102634}}, {"type": "Feature", "id": 19799658, "geometry": {"type": "Polygon", "coordinates": [[[-50.69938370299997, -23.492501208309495], [-50.69906595899994, -23.493447481309488], [-50.699058495999964, -23.49432138730944], [-50.69969444599996, -23.499091098309336], [-50.69968667799998, -23.499691966309307], [-50.697760124999945, -23.502782336309245], [-50.697494226999936, -23.503164559309262], [-50.69676648099995, -23.50352237930923], [-50.68549306099993, -23.504698944309247], [-50.684760488999984, -23.504825431309225], [-50.683612660999984, -23.505182359309188], [-50.68208122499993, -23.505903944309186], [-50.681391446999946, -23.506178096309206], [-50.67814743099996, -23.50184543730931], [-50.67615810199993, -23.500261186309345], [-50.67632115799995, -23.496916741309388], [-50.67637435399996, -23.49516376630943], [-50.67530071699996, -23.487950087309574], [-50.676271063999934, -23.488339106309592], [-50.67688716099997, -23.488874899309547], [-50.67778653399995, -23.488921132309585], [-50.68436981699995, -23.49323988130948], [-50.68679191999997, -23.492709590309477], [-50.68750752999995, -23.49392000630944], [-50.69938370299997, -23.492501208309495]]]}, "properties": {"objectid": 19799658, "cod_tema": "AREA_IMOVEL", "nom_tema": "Area do Imovel", "cod_imovel": "PR-4126009-8B0BD7B069AD41E3BC7DED2436CDD9F5", "mod_fiscal": 15.2595, "num_area": 304.9644, "ind_status": "AT", "ind_tipo": "IRU", "des_condic": "Aguardando analise, apos revisao ou atendimento da notificacao", "municipio": "Sao Sebastiao da Amoreira", "cod_estado": "PR", "Shape__Area": 0.0002697935007475571, "Shape__Length": 0.07475163784007544}}, {"type": "Feature", "id": 19799676, "geometry": {"type": "Polygon", "coordinates": [[[-50.655620002999974, -23.459848433310253], [-50.657768063999974, -23.458855098310238], [-50.65915619199995, -23.45786076131026], [-50.659477498999934, -23.45759953831027], [-50.661902088999966, -23.45789804331026], [-50.66526472399994, -23.456882319310317], [-50.666227581999976, -23.454958753310354], [-50.66763032399996, -23.453892085310343], [-50.670506670999934, -23.452506208310425], [-50.670731941999975, -23.4520256593104], [-50.67042433399996, -23.44636877031056], [-50.67015853799995, -23.443549549310585], [-50.668241948999935, -23.443414782310633], [-50.666496686999956, -23.441447216310653], [-50.665711932999955, -23.431536430310835], [-50.666946493999944, -23.430131814310926], [-50.68410915299995, -23.42957741431094], [-50.68396402499996, -23.429678948310887], [-50.68369204499999, -23.43030129431088], [-50.68383369099996, -23.430458183310908], [-50.684172445999934, -23.431589683310868], [-50.68450786599993, -23.43157154631089], [-50.684808686999986, -23.431918211310887], [-50.684973825999975, -23.431884640310862], [-50.68516697499996, -23.432693610310817], [-50.68485557299994, -23.43317952831085], [-50.68459897799994, -23.433087994310824], [-50.684723292999934, -23.433438603310822], [-50.68493688599995, -23.433644884310844], [-50.68501049699995, -23.4342746133108], [-50.68479549999995, -23.434412382310782], [-50.684894395999954, -23.43465021831078], [-50.68508067599999, -23.434717094310788], [-50.685322190999955, -23.435287346310755], [-50.685719796999926, -23.435747305310755], [-50.686125216999976, -23.436663844310736], [-50.686110739999954, -23.437309872310728], [-50.68643811299996, -23.437355793310704], [-50.686574203999946, -23.437735058310754], [-50.686252391999965, -23.43775506031074], [-50.686300269999954, -23.437946987310728], [-50.68627602099997, -23.438619880310718], [-50.68625862199996, -23.439487104310697], [-50.686509688999934, -23.439844099310683], [-50.68633968599994, -23.44049709431066], [-50.68651875099993, -23.441347680310656], [-50.686601107999934, -23.441939542310617], [-50.68644916799997, -23.44218870631064], [-50.68672721999997, -23.442704543310636], [-50.68774638799993, -23.44290315831063], [-50.68830966699994, -23.443428372310592], [-50.68868361199998, -23.44377704331058], [-50.688932217999934, -23.444037323310592], [-50.68967028599997, -23.444245102310582], [-50.69060031199996, -23.44455285831056], [-50.69127360899995, -23.444843709310543], [-50.69135583199994, -23.445465097310542], [-50.69285027899997, -23.446542321310552], [-50.69331056499993, -23.446972043310517], [-50.693162506999954, -23.44779427331048], [-50.69339472299998, -23.448062319310512], [-50.69310972599993, -23.448023712310476], [-50.693066943999945, -23.448484538310463], [-50.69364527999994, -23.44873648931045], [-50.69387416899997, -23.449497323310435], [-50.69425777999999, -23.450322602310447], [-50.69461889699995, -23.451573427310414], [-50.69670750399995, -23.452100096310428], [-50.697577226999954, -23.452535378310422], [-50.698492740999946, -23.452725519310388], [-50.698786938999945, -23.452776492310363], [-50.70083028499994, -23.45400565631039], [-50.702149722999934, -23.453827044310373], [-50.703013607999935, -23.453510663310386], [-50.70443893199997, -23.453174369310354], [-50.70727250199997, -23.45231482231039], [-50.70797777999996, -23.452134267310406], [-50.70812237399998, -23.452086296310384], [-50.70841554899994, -23.451989032310422], [-50.709049437999965, -23.451776771310413], [-50.71044721999994, -23.452113993310387], [-50.71184749899999, -23.451984822310433], [-50.714211389999946, -23.451438157310434], [-50.71422583699996, -23.451449267310434], [-50.71481639499996, -23.456830926310293], [-50.722536961999936, -23.45631177431032], [-50.72460319099997, -23.456358702310332], [-50.726183065999976, -23.457180663310307], [-50.726305283999984, -23.45733926831026], [-50.727646387999975, -23.45739621031028], [-50.72878639399995, -23.457625381310272], [-50.729008336999975, -23.457612036310252], [-50.72926360999998, -23.457660101310303], [-50.73122528099998, -23.45943815931022], [-50.731650006999985, -23.45999453731021], [-50.733565565999974, -23.461397596310217], [-50.73434944699995, -23.463363713310166], [-50.733412219999934, -23.46434926931013], [-50.731096837999985, -23.46446368431011], [-50.730061037999974, -23.464583230310122], [-50.72911134499998, -23.464693902310113], [-50.72889475399995, -23.464709516310133], [-50.725829234999935, -23.46493002031009], [-50.724049718999936, -23.465434541310124], [-50.72361889699994, -23.465692316310072], [-50.72120611499997, -23.465212877310087], [-50.72065778099994, -23.464762322310108], [-50.72005333599998, -23.464120928310123], [-50.71883608499997, -23.463693082310133], [-50.718768335999975, -23.463669269310163], [-50.71821613199995, -23.463823416310134], [-50.717682503999974, -23.464037319310115], [-50.717153328999984, -23.464165657310144], [-50.71660573899994, -23.464185686310124], [-50.71594306199996, -23.464124273310148], [-50.71523277899996, -23.463897040310123], [-50.71468206099996, -23.463621547310126], [-50.71425278099997, -23.463351489310174], [-50.713972782999974, -23.463115381310164], [-50.713621674999956, -23.462740660310157], [-50.713204446999946, -23.46224842631019], [-50.71347027899998, -23.46416093131015], [-50.714136115999956, -23.47148453730999], [-50.713304723999954, -23.47107316430998], [-50.71275222699995, -23.470285379310003], [-50.712136389999955, -23.469182600310003], [-50.71091673899997, -23.46857673531002], [-50.70970072799998, -23.46799248431006], [-50.70496639199996, -23.465718995310105], [-50.70399194599998, -23.465300934310108], [-50.70239722499997, -23.46508842831009], [-50.69916833699994, -23.46866093031001], [-50.69912376399998, -23.47003364030998], [-50.70317472499993, -23.476083433309885], [-50.70361499899997, -23.476300101309885], [-50.704585834999925, -23.477059824309862], [-50.70492444599995, -23.477405383309844], [-50.70500028099997, -23.47754120830986], [-50.705221939999944, -23.48024038030975], [-50.70528921599999, -23.480483093309775], [-50.70542682899997, -23.480775669309768], [-50.70547212699995, -23.480874902309772], [-50.70554082899997, -23.481030929309775], [-50.70554000299995, -23.481248989309787], [-50.70558277799995, -23.48125759630976], [-50.705602499999934, -23.48126703730973], [-50.70563946899995, -23.48130015330973], [-50.70565167199994, -23.481318987309727], [-50.70565570299993, -23.48134218630974], [-50.70565722199996, -23.481350928309762], [-50.70659638799999, -23.481327037309757], [-50.706181945999965, -23.48166260230975], [-50.70577222699995, -23.48211121130972], [-50.705500565999955, -23.482510662309743], [-50.703186939999966, -23.486492317309608], [-50.70217280299994, -23.488719069309578], [-50.70178252699997, -23.489475543309567], [-50.70134027799997, -23.490116209309537], [-50.699563891999965, -23.492231771309516], [-50.69940082899995, -23.49248177430947], [-50.69322694599998, -23.493211488309502], [-50.691337224999984, -23.488389538309615], [-50.695168887999955, -23.488178161309577], [-50.69377389599998, -23.48592204130967], [-50.69454750699998, -23.48440454030967], [-50.69592167699994, -23.483640657309703], [-50.694472221999945, -23.48318287730973], [-50.69433917099997, -23.483090662309685], [-50.69384444399998, -23.482457323309713], [-50.69423444899996, -23.482117598309713], [-50.69450389699995, -23.481679817309757], [-50.694752225999935, -23.481215376309756], [-50.69496667399994, -23.480689274309775], [-50.695051812999964, -23.48012721630978], [-50.695117349999975, -23.479447360309763], [-50.69508043199993, -23.478886461309788], [-50.69493611299998, -23.478397599309794], [-50.69489161499995, -23.478238499309846], [-50.69444972499997, -23.47758510330983], [-50.694026391999955, -23.477092879309815], [-50.69349144299998, -23.476604770309827], [-50.69345861499994, -23.47657481630987], [-50.69226694099996, -23.47607177130986], [-50.690776391999975, -23.47304788030995], [-50.69077694199996, -23.47302203830993], [-50.69023205199994, -23.473002305309933], [-50.68967639599999, -23.472971490309927], [-50.68948634699996, -23.472885339309936], [-50.689303889999955, -23.47280010030994], [-50.68887222099994, -23.472754274309928], [-50.68876500499994, -23.47273370930993], [-50.68914307299996, -23.47205193930997], [-50.68935972299994, -23.47163399430993], [-50.68949402399994, -23.471302755309964], [-50.689562242999955, -23.471134483309964], [-50.68986611699995, -23.47006509831], [-50.68980444499993, -23.469614857309995], [-50.689805879999945, -23.469522933309996], [-50.68981563199998, -23.46889816931001], [-50.68973105699995, -23.46825351931005], [-50.689618104999965, -23.468098234310048], [-50.68956342199994, -23.46801934831006], [-50.68937917399996, -23.467750382310054], [-50.689026113999944, -23.467083987310076], [-50.68861694399994, -23.46648370831006], [-50.688353615999965, -23.466191494310106], [-50.68783972099994, -23.465931766310113], [-50.68744389699998, -23.4656678843101], [-50.68739861199998, -23.465596488310094], [-50.68719722099996, -23.465341494310113], [-50.686766389999946, -23.463817877310113], [-50.68672125199998, -23.46343505631016], [-50.68659248599994, -23.46301921631016], [-50.68643083399997, -23.462723707310147], [-50.686240002999966, -23.462581210310137], [-50.68488722399996, -23.461840104310195], [-50.684408331999975, -23.4616403783102], [-50.684011828999985, -23.461527746310182], [-50.683588888999964, -23.46140760431021], [-50.683265002999974, -23.46135342731018], [-50.68236911399999, -23.4614625383102], [-50.681675681999934, -23.461460846310203], [-50.68100207599997, -23.461455771310202], [-50.68098777999995, -23.461455663310222], [-50.67932139499993, -23.461733429310218], [-50.678257499999965, -23.461953157310205], [-50.67784306699997, -23.46202703931018], [-50.677444789999974, -23.461927849310168], [-50.67712999999998, -23.461752602310213], [-50.67692444699997, -23.461552596310206], [-50.67198129999997, -23.462283346310205], [-50.67127872199996, -23.462324976310196], [-50.66871402299995, -23.46192447431017], [-50.66646499799998, -23.461725096310165], [-50.66453278399996, -23.462165656310184], [-50.66338342299998, -23.462150712310198], [-50.66117878599994, -23.462678291310187], [-50.66033603999995, -23.46321438031014], [-50.66016954099995, -23.463321172310135], [-50.659847824999986, -23.46355630131016], [-50.65858337899993, -23.464480418310153], [-50.65801083699995, -23.46493232431011], [-50.657499718999986, -23.464999273310138], [-50.65668639399997, -23.465054536310113], [-50.65620721899995, -23.464806208310122], [-50.656009618999974, -23.464861166310147], [-50.65425860999995, -23.464921486310136], [-50.65403773399998, -23.46460541131014], [-50.653850283999994, -23.46434953631015], [-50.65337306499998, -23.463801766310137], [-50.65259856399996, -23.463335374310127], [-50.65258221899995, -23.463201213310185], [-50.65294610899998, -23.462834271310157], [-50.65336471999995, -23.461938994310202], [-50.65406944599994, -23.46091982431022], [-50.654744466999944, -23.460444928310206], [-50.65520669599994, -23.46012281031022], [-50.655620002999974, -23.459848433310253]]]}, "properties": {"objectid": 19799676, "cod_tema": "AREA_IMOVEL", "nom_tema": "Area do Imovel", "cod_imovel": "PR-4126009-EC986F0439A3492EB40B6C7458DD6F61", "mod_fiscal": 85.5946, "num_area": 1711.8927, "ind_status": "AT", "ind_tipo": "IRU", "des_condic": "Aguardando analise", "municipio": "Sao Sebastiao da Amoreira", "cod_estado": "PR", "Shape__Area": 0.0015140104049811756, "Shape__Length": 0.30817943001247045}}, {"type": "Feature", "id": 19799696, "geometry": {"type": "Polygon", "coordinates": [[[-50.69746062599996, -23.4074322323114], [-50.69772333099996, -23.407556129311388], [-50.69779359999996, -23.407687603311377], [-50.69817438999996, -23.407661150311416], [-50.698325211999986, -23.407748428311432], [-50.69848973899997, -23.407791381311426], [-50.698654155999975, -23.407926108311397], [-50.69870172199995, -23.408099450311386], [-50.69878841399998, -23.408110276311376], [-50.69889000499995, -23.408068198311398], [-50.69883416999994, -23.40787234831139], [-50.69900833199995, -23.407723460311374], [-50.699144685999954, -23.407500068311432], [-50.69916085399996, -23.407491789311397], [-50.69949680299993, -23.407081348311415], [-50.699649978999965, -23.407036117311417], [-50.69979993999994, -23.407244794311403], [-50.69984279099998, -23.40725273531143], [-50.69994034699994, -23.40717641431144], [-50.70031893399993, -23.4070841923114], [-50.70076371499994, -23.4068036693114], [-50.701116661999954, -23.40662251231142], [-50.70135441899999, -23.406612579311414], [-50.701756422999956, -23.406638910311433], [-50.702169828999956, -23.406468525311446], [-50.70220436099998, -23.40643245931144], [-50.70221916599996, -23.406246139311428], [-50.70235808899997, -23.40618389631143], [-50.70288518099995, -23.40616331031143], [-50.702934083999935, -23.40635354631146], [-50.703176904999964, -23.406705658311427], [-50.70322946099998, -23.40675056131142], [-50.70344680799997, -23.406807610311454], [-50.703674803999945, -23.406829631311453], [-50.70392614799994, -23.406783497311462], [-50.704134970999974, -23.406712804311397], [-50.704399439999975, -23.406819169311415], [-50.70457805999996, -23.406781939311436], [-50.70477416999996, -23.4068605593114], [-50.70474055999995, -23.407030829311413], [-50.70488416999996, -23.407237779311412], [-50.70509193999993, -23.407294999311432], [-50.70545332999995, -23.407293059311435], [-50.70559499999995, -23.407453329311412], [-50.705633889999945, -23.407396109311435], [-50.70556721999998, -23.40729249931144], [-50.70560777999998, -23.40727055931142], [-50.705782219999946, -23.407519719311445], [-50.70640388999993, -23.408003609311432], [-50.706679719999954, -23.408188059311374], [-50.70684527999998, -23.408281389311398], [-50.70706943999994, -23.408305829311395], [-50.70717999999994, -23.408266389311375], [-50.70749916999995, -23.408382219311402], [-50.707512219999956, -23.408483059311408], [-50.70744055999995, -23.408588609311412], [-50.70739193999998, -23.40885138931136], [-50.70742999999994, -23.4089172193114], [-50.70748749999995, -23.40889860931136], [-50.70762388999998, -23.408944439311394], [-50.70770888999994, -23.409191109311354], [-50.707553609999934, -23.409196669311388], [-50.70752110999995, -23.409151669311388], [-50.70750221999998, -23.409198059311347], [-50.70766971999996, -23.409392499311377], [-50.707641939999974, -23.40933943931135], [-50.707772499999976, -23.409239999311364], [-50.70787249999995, -23.409237219311382], [-50.70797221999993, -23.409193889311393], [-50.708035559999985, -23.4092186093114], [-50.708081669999956, -23.409349719311383], [-50.70806971999997, -23.409434169311357], [-50.70820666999998, -23.409445559311347], [-50.70839277999994, -23.409488609311392], [-50.70850693999994, -23.409468329311395], [-50.70861443999996, -23.409492499311355], [-50.708708059999935, -23.40954916931134], [-50.70878388999995, -23.409697779311333], [-50.70883332999994, -23.40972832931135], [-50.708988329999954, -23.409722779311387], [-50.70908221999998, -23.40966193931138], [-50.70923277999997, -23.409699439311343], [-50.70930832999994, -23.40977860931133], [-50.709455279999986, -23.40989166931138], [-50.709663329999955, -23.409966109311373], [-50.70976055999995, -23.40997638931133], [-50.70983499999994, -23.410042219311375], [-50.709949999999935, -23.41007166931137], [-50.71008916999994, -23.410045829311343], [-50.71013999999997, -23.410125559311386], [-50.71013805999996, -23.410261669311346], [-50.710173889999965, -23.410329999311323], [-50.71024527999998, -23.41035916931133], [-50.710428889999946, -23.410460829311365], [-50.710649719999935, -23.41048249931133], [-50.71089249999994, -23.41047027931136], [-50.710950559999965, -23.410404439311364], [-50.71102166999999, -23.41047610931132], [-50.710933059999945, -23.41060360931134], [-50.71082249999995, -23.410644169311336], [-50.711141389999966, -23.41080110931134], [-50.71115693999997, -23.41089388931133], [-50.71139582999996, -23.41101721931134], [-50.711467219999975, -23.411026109311337], [-50.711790279999946, -23.41114138931132], [-50.71240110999997, -23.411543609311334], [-50.71234666999993, -23.41166249931134], [-50.71233888999996, -23.411745829311332], [-50.71255749999995, -23.411944439311313], [-50.71278916999995, -23.411974169311296], [-50.71282916999996, -23.411809719311297], [-50.713021939999976, -23.411753609311305], [-50.71340471999997, -23.411809719311297], [-50.71369943999997, -23.411781389311297], [-50.71395777999993, -23.41164943931133], [-50.71438999999998, -23.411758329311287], [-50.71440805999998, -23.41191193931134], [-50.71453332999994, -23.411936389311293], [-50.71448971999996, -23.412106939311293], [-50.71476527999993, -23.412122779311296], [-50.71491471999996, -23.41221527931129], [-50.71496055999996, -23.412401109311304], [-50.71489832999998, -23.412569719311293], [-50.714994719999936, -23.41265388931128], [-50.71507832999998, -23.412746109311286], [-50.715279169999974, -23.412877499311314], [-50.71540582999995, -23.412959169311303], [-50.71562582999996, -23.41316638931128], [-50.71581999999995, -23.413268059311275], [-50.715826389999954, -23.413317779311274], [-50.71606749999995, -23.413403609311256], [-50.716120829999966, -23.41352138931129], [-50.71621305999998, -23.41356916931128], [-50.71647666999996, -23.413785829311244], [-50.71653388999994, -23.413772219311255], [-50.71664638999994, -23.413792779311258], [-50.71698693999998, -23.413817499311246], [-50.71713110999997, -23.413784439311293], [-50.717270559999974, -23.413852219311277], [-50.71753027999995, -23.4139461093113], [-50.71782749999994, -23.41412138931124], [-50.717977499999954, -23.41415610931127], [-50.71813916999997, -23.414237219311264], [-50.718329719999986, -23.41448916931126], [-50.71842277999997, -23.414612219311277], [-50.71847638999998, -23.414630559311274], [-50.719284719999955, -23.41547471931124], [-50.71936471999993, -23.415558329311224], [-50.71939443999997, -23.415589439311237], [-50.719721669999956, -23.415403329311225], [-50.72008888999994, -23.415337499311242], [-50.720352779999985, -23.415355279311242], [-50.72071999999997, -23.415159719311248], [-50.721043889999976, -23.414996939311266], [-50.721254719999926, -23.41499443931122], [-50.72139888999993, -23.414847499311236], [-50.72153666999998, -23.414719439311234], [-50.721644169999934, -23.41449499931122], [-50.72166693999997, -23.414391939311272], [-50.72169305999994, -23.41427388931125], [-50.72201166999998, -23.413993329311296], [-50.72222832999996, -23.41374638931129], [-50.72249110999996, -23.41360527931128], [-50.722833329999965, -23.413396669311265], [-50.722907499999955, -23.41326166931127], [-50.723138329999976, -23.41312360931128], [-50.72325527999993, -23.41297832931126], [-50.723291389999986, -23.41289610931129], [-50.72332332999997, -23.41281110931128], [-50.72341166999996, -23.41280055931128], [-50.723414169999955, -23.412746939311326], [-50.723659719999944, -23.412657499311315], [-50.723858329999985, -23.412502219311307], [-50.72401610999998, -23.4124324993113], [-50.72422777999998, -23.412179439311284], [-50.72458805999998, -23.412015559311286], [-50.72473443999996, -23.411811669311312], [-50.724916939999964, -23.411540559311295], [-50.72502610999993, -23.41129305931131], [-50.72526666999994, -23.41124638931134], [-50.72548110999998, -23.411107779311322], [-50.72555860999995, -23.411100829311327], [-50.72563582999993, -23.41091555931136], [-50.725849719999985, -23.41081971931133], [-50.72589777999997, -23.410778889311334], [-50.72610499999996, -23.410723329311335], [-50.72643610999995, -23.410611109311326], [-50.72656138999997, -23.410497219311353], [-50.72674777999998, -23.41041027931134], [-50.726867219999974, -23.410174169311333], [-50.72790916999997, -23.409335559311344], [-50.72902277999999, -23.408322779311376], [-50.72906360999996, -23.41541193931123], [-50.728993609999975, -23.417589169311157], [-50.72889638999994, -23.421576939311105], [-50.72889471999997, -23.421716939311093], [-50.72885471999996, -23.429403329310922], [-50.72884860999994, -23.430611939310882], [-50.72885249999996, -23.433144999310844], [-50.72887610999994, -23.447813329310517], [-50.72887610999994, -23.4479219393105], [-50.72891082999996, -23.453799999310355], [-50.72891582999995, -23.45467277931034], [-50.72871693999997, -23.45462916931038], [-50.72513360999994, -23.453842779310353], [-50.725071389999975, -23.45608388931032], [-50.72505721999994, -23.456594439310294], [-50.724603609999974, -23.456358609310296], [-50.72253693999994, -23.456311669310285], [-50.71481638999995, -23.456830829310288], [-50.714225829999975, -23.451449169310404], [-50.714211389999946, -23.451438059310398], [-50.71184749999998, -23.451984719310374], [-50.710447219999935, -23.452113889310418], [-50.70904943999994, -23.451776669310423], [-50.70825388999998, -23.452043059310387], [-50.707977779999965, -23.45213416931041], [-50.70727249999993, -23.452314719310387], [-50.70441638999995, -23.453181109310368], [-50.703013609999964, -23.45351055931034], [-50.702149719999966, -23.453826939310346], [-50.700830279999934, -23.454005559310332], [-50.69878693999994, -23.452776389310372], [-50.698494719999985, -23.452725829310403], [-50.69757721999997, -23.45253527931039], [-50.696707499999945, -23.45209999931042], [-50.69461888999996, -23.451573329310435], [-50.69425777999999, -23.45032249931047], [-50.69387416999996, -23.44949721931046], [-50.69364527999994, -23.448736389310483], [-50.69306693999994, -23.44848443931049], [-50.69310971999994, -23.448023609310496], [-50.69339471999996, -23.448062219310486], [-50.69316249999998, -23.447794169310498], [-50.69331055999998, -23.446971939310536], [-50.69285027999996, -23.446542219310544], [-50.69135582999996, -23.44546499931056], [-50.69127360999994, -23.444843609310578], [-50.69062805999994, -23.444561939310596], [-50.689670279999966, -23.444244999310598], [-50.68893221999998, -23.444037219310562], [-50.688683609999934, -23.443776939310602], [-50.687746389999965, -23.44290305931059], [-50.686727219999966, -23.4427044393106], [-50.68644916999994, -23.442188609310634], [-50.68660110999997, -23.441939439310616], [-50.686518889999945, -23.441347499310638], [-50.68633971999998, -23.440496939310655], [-50.68650971999994, -23.439843889310694], [-50.686258609999975, -23.439486939310672], [-50.68627888999999, -23.438482779310718], [-50.686300279999955, -23.43794693931072], [-50.68625249999996, -23.437754999310755], [-50.68657416999997, -23.43773499931075], [-50.686438059999944, -23.437355829310732], [-50.68611082999996, -23.43730971931077], [-50.68612527999995, -23.43666388931078], [-50.68571971999995, -23.435747219310755], [-50.68532221999994, -23.435287219310794], [-50.68508055999996, -23.434716939310768], [-50.68489443999994, -23.434649999310825], [-50.684795559999934, -23.434412219310808], [-50.68501055999996, -23.434274439310812], [-50.68493693999994, -23.433644719310827], [-50.68472332999993, -23.433438609310805], [-50.68459888999996, -23.43308777931082], [-50.68485555999996, -23.43317943931082], [-50.68516693999993, -23.432693609310828], [-50.68497527999995, -23.431891109310886], [-50.68480860999995, -23.431918059310824], [-50.684507779999926, -23.431571389310843], [-50.68417249999994, -23.43158971931088], [-50.683833609999965, -23.430458059310915], [-50.68369193999996, -23.430301109310903], [-50.68396416999997, -23.42967888931089], [-50.68410916999994, -23.429577219310904], [-50.68416443999997, -23.42954860931095], [-50.68411527999996, -23.429275559310913], [-50.68395888999998, -23.428837499310905], [-50.684089169999936, -23.4287991693109], [-50.68419221999995, -23.428530829310926], [-50.68417527999997, -23.428331669310964], [-50.684113889999935, -23.428254719310914], [-50.683989439999955, -23.428315279310922], [-50.68392166999996, -23.428272219310923], [-50.68396888999996, -23.42821221931097], [-50.683927779999976, -23.428089719310933], [-50.68388860999995, -23.42753305931098], [-50.68400249999996, -23.427450279310953], [-50.683977219999974, -23.427384719310968], [-50.683685559999965, -23.427258609310982], [-50.68375888999998, -23.42715527931098], [-50.68389721999995, -23.427149719310943], [-50.68382777999995, -23.426808329310987], [-50.683938059999946, -23.426820559310965], [-50.68398166999998, -23.42672582931097], [-50.683969169999955, -23.426654169310964], [-50.68388416999994, -23.42657749931097], [-50.68390332999997, -23.426527499310993], [-50.68400138999994, -23.426526109310963], [-50.68404777999996, -23.426397219310992], [-50.68416193999997, -23.42641805931097], [-50.68415582999996, -23.426331669310994], [-50.68411499999996, -23.426275559311], [-50.684183889999986, -23.426203609311], [-50.684013609999965, -23.425885559311016], [-50.68412332999997, -23.425808059310995], [-50.68410221999995, -23.425650559311], [-50.68437860999996, -23.425634169311014], [-50.68445193999997, -23.425600559311004], [-50.684444439999936, -23.425449439311016], [-50.68455166999996, -23.425162219311005], [-50.684386109999934, -23.424858059311024], [-50.684583329999946, -23.42473888931102], [-50.684805829999966, -23.424736939311007], [-50.68483943999996, -23.424705829310998], [-50.68477888999996, -23.42457527931101], [-50.68458443999998, -23.424608329311024], [-50.68445527999995, -23.424576389311035], [-50.684438889999974, -23.42446471931102], [-50.68451638999995, -23.424413329311008], [-50.68473527999999, -23.424448889311027], [-50.68486693999995, -23.424367499311025], [-50.68500082999998, -23.424270559311037], [-50.684922779999965, -23.42413749931105], [-50.68496777999996, -23.423946109311057], [-50.68495055999995, -23.423893609311026], [-50.68481193999998, -23.42376249931105], [-50.684850279999985, -23.423662499311074], [-50.684964169999944, -23.423605829311015], [-50.685043329999985, -23.423259719311076], [-50.685199169999976, -23.423102219311076], [-50.68501471999997, -23.422771109311043], [-50.68504777999993, -23.42265305931107], [-50.68479499999995, -23.422178609311075], [-50.68464166999996, -23.422258059311048], [-50.68441888999996, -23.422141389311108], [-50.684432779999945, -23.42207277931108], [-50.684574719999944, -23.421978889311063], [-50.684762219999975, -23.421977779311103], [-50.684693889999956, -23.421859169311073], [-50.684373059999984, -23.42146193931111], [-50.684290559999965, -23.421402219311094], [-50.68420666999999, -23.42118166931111], [-50.68407582999998, -23.420979169311106], [-50.68420305999996, -23.42091610931111], [-50.68423055999995, -23.420839999311095], [-50.68400860999998, -23.42056693931111], [-50.68388305999997, -23.4202663893111], [-50.68346193999997, -23.419984439311133], [-50.68331082999998, -23.419847219311144], [-50.68317166999998, -23.419529169311158], [-50.682819439999946, -23.419164439311167], [-50.682427779999955, -23.418842219311134], [-50.68217249999997, -23.418566669311172], [-50.68192971999997, -23.41841638931116], [-50.681739999999934, -23.418114999311157], [-50.681633329999954, -23.417399719311174], [-50.68157693999996, -23.41733916931117], [-50.68166805999993, -23.417090559311205], [-50.68149749999998, -23.41681416931119], [-50.681627779999985, -23.416577779311208], [-50.68162055999995, -23.416413889311205], [-50.68142332999997, -23.416434719311184], [-50.68129666999994, -23.41638610931122], [-50.68124638999995, -23.416411109311206], [-50.68125193999999, -23.416488329311186], [-50.68120166999994, -23.416588889311207], [-50.681129719999944, -23.41656943931118], [-50.68117721999993, -23.41642360931124], [-50.68119721999994, -23.416216389311185], [-50.68121138999993, -23.415977779311202], [-50.681085559999985, -23.41593221931121], [-50.68111027999998, -23.416144439311246], [-50.68106221999995, -23.41620388931122], [-50.68094166999998, -23.416171389311188], [-50.680857499999945, -23.4160405593112], [-50.68104499999998, -23.415724439311237], [-50.68112777999993, -23.41582110931124], [-50.681279719999964, -23.4157347193112], [-50.68103471999996, -23.41559943931121], [-50.68100082999996, -23.41550360931124], [-50.68108749999993, -23.415431939311237], [-50.68109582999995, -23.41527805931121], [-50.68091499999997, -23.415247219311247], [-50.680863329999966, -23.41492888931123], [-50.68096055999995, -23.41486721931126], [-50.68113166999996, -23.41493666931126], [-50.68119971999994, -23.41447221931123], [-50.681440829999985, -23.414223609311268], [-50.681376109999974, -23.414025279311286], [-50.68112138999993, -23.41398777931127], [-50.681197219999945, -23.413781939311285], [-50.68091055999997, -23.413772499311243], [-50.680857499999945, -23.41389166931126], [-50.68074749999993, -23.413728609311285], [-50.68074332999998, -23.413275279311264], [-50.680785829999934, -23.41310860931126], [-50.68069777999994, -23.412795559311284], [-50.68066055999997, -23.41260249931128], [-50.68053027999997, -23.412508059311282], [-50.67988832999998, -23.41241499931129], [-50.67922999999996, -23.41271999931132], [-50.67901860999996, -23.412667219311285], [-50.67830582999994, -23.41286832931131], [-50.67819166999993, -23.412821939311282], [-50.67785027999997, -23.412428059311296], [-50.677857219999964, -23.41211610931129], [-50.677707219999945, -23.411651939311312], [-50.677809999999965, -23.41144749931131], [-50.67766555999998, -23.41120055931131], [-50.67751582999995, -23.410943609311328], [-50.67755971999998, -23.41080166931133], [-50.67780749999997, -23.410868059311312], [-50.67789721999998, -23.410606669311314], [-50.67789666999994, -23.410211669311355], [-50.67774555999995, -23.409960559311344], [-50.67767249999997, -23.41020888931137], [-50.67776221999998, -23.41045499931135], [-50.67763360999999, -23.410529999311322], [-50.67749666999998, -23.410323889311368], [-50.67756499999996, -23.40986082931136], [-50.67781888999997, -23.409607779311344], [-50.67750860999996, -23.40896055931138], [-50.67777999999998, -23.408620829311396], [-50.67762110999996, -23.408563889311417], [-50.67760305999997, -23.40841721931137], [-50.677283329999966, -23.408234439311375], [-50.67727193999997, -23.40815055931141], [-50.677596389999955, -23.408041669311377], [-50.67768110999998, -23.407911669311414], [-50.677639719999945, -23.407849169311415], [-50.67765721999996, -23.40777610931138], [-50.677966939999976, -23.407572499311414], [-50.67817860999998, -23.407525279311415], [-50.678235829999956, -23.407461389311432], [-50.67816527999997, -23.40737555931139], [-50.67834805999996, -23.406974169311418], [-50.67833221999996, -23.406880559311404], [-50.678261389999925, -23.40687693931143], [-50.678108889999976, -23.40671777931142], [-50.67806499999994, -23.406615559311447], [-50.67806721999994, -23.406546669311425], [-50.678163609999956, -23.40644916931145], [-50.67815582999998, -23.40624943931143], [-50.67809332999996, -23.406172219311458], [-50.67791749999997, -23.40614193931142], [-50.67790110999994, -23.40595527931143], [-50.678023329999974, -23.40572471931146], [-50.67811610999996, -23.405741109311442], [-50.67820638999996, -23.40585138931144], [-50.67833582999997, -23.40580777931147], [-50.67844666999997, -23.405674719311474], [-50.67830555999995, -23.40539443931145], [-50.67839638999993, -23.405334719311426], [-50.67900666999998, -23.405098609311498], [-50.679302499999956, -23.405264719311432], [-50.67948138999998, -23.405404439311436], [-50.67962527999998, -23.405384439311476], [-50.67976749999997, -23.405187499311463], [-50.67996777999997, -23.40515443931143], [-50.67996638999995, -23.404854439311464], [-50.67980721999999, -23.40471971931146], [-50.67981499999996, -23.404610829311494], [-50.67961860999998, -23.404263889311515], [-50.67946082999998, -23.404126939311485], [-50.67932721999995, -23.403853889311478], [-50.67921943999994, -23.40371443931147], [-50.679134999999974, -23.40354305931149], [-50.67919999999998, -23.403317499311513], [-50.67891027999997, -23.4031308293115], [-50.67886777999996, -23.403044999311515], [-50.67832277999997, -23.402541939311508], [-50.67834971999997, -23.402357499311503], [-50.677957499999934, -23.40208721931153], [-50.67795916999995, -23.401755829311547], [-50.678061939999964, -23.40160666931157], [-50.678223609999975, -23.401677779311537], [-50.67826166999998, -23.401505279311568], [-50.67804638999997, -23.400845279311543], [-50.67846499999996, -23.400663609311582], [-50.678525279999974, -23.400355829311582], [-50.67823721999997, -23.3999347193116], [-50.678217779999954, -23.399626389311614], [-50.677829999999965, -23.399332499311594], [-50.67765166999993, -23.39887971931162], [-50.67762332999997, -23.398362219311625], [-50.67740666999998, -23.397984719311616], [-50.67717582999995, -23.39768277931164], [-50.67725749999994, -23.397381389311654], [-50.677658329999986, -23.39732527931165], [-50.67816832999995, -23.39644943931167], [-50.678413329999955, -23.396207779311656], [-50.67885193999996, -23.39604666931169], [-50.67898971999995, -23.395891109311684], [-50.67974332999995, -23.39530527931168], [-50.68010638999993, -23.394749999311674], [-50.68017638999999, -23.394673059311696], [-50.68037610999994, -23.39458138931167], [-50.68079443999995, -23.394503889311693], [-50.68105638999998, -23.39428443931173], [-50.68104638999995, -23.394270829311733], [-50.68113916999993, -23.394069439311707], [-50.68171166999997, -23.393917219311692], [-50.68166027999996, -23.393568889311755], [-50.681490559999986, -23.393553329311743], [-50.68143055999997, -23.393193889311743], [-50.68112443999996, -23.39315860931173], [-50.68090166999997, -23.393225559311745], [-50.68078971999995, -23.392931389311723], [-50.68072916999995, -23.392704719311777], [-50.68055221999998, -23.39248527931175], [-50.68065527999995, -23.392330829311735], [-50.68072999999998, -23.392116389311745], [-50.68092888999996, -23.391734999311787], [-50.68104749999998, -23.391587219311777], [-50.68082999999996, -23.391282779311805], [-50.681319999999964, -23.391390279311754], [-50.681387499999964, -23.391181109311745], [-50.681474169999944, -23.391184439311786], [-50.68152999999995, -23.391377219311803], [-50.68164582999998, -23.39143749931176], [-50.681789169999945, -23.391391939311774], [-50.68181471999998, -23.391358059311774], [-50.682100279999986, -23.39164110931178], [-50.68216721999995, -23.391639719311762], [-50.68222555999994, -23.39162305931179], [-50.68233166999994, -23.3914469393118], [-50.68235471999998, -23.39129832931175], [-50.682324439999945, -23.39116471931177], [-50.68249082999995, -23.390999719311797], [-50.682824719999985, -23.391075829311802], [-50.68271305999997, -23.39126360931177], [-50.682942779999955, -23.39126499931179], [-50.682967779999956, -23.391144169311783], [-50.68306527999994, -23.391088609311765], [-50.68316999999996, -23.391321939311776], [-50.683373889999984, -23.39145527931176], [-50.68379805999995, -23.391456669311783], [-50.68398971999995, -23.391515829311775], [-50.68402999999996, -23.391460559311742], [-50.68433582999995, -23.391709999311747], [-50.68454971999995, -23.39230360931174], [-50.684460559999934, -23.392374169311783], [-50.68425638999998, -23.392324439311775], [-50.68431388999994, -23.392494169311757], [-50.684450279999965, -23.39253055931174], [-50.68444082999997, -23.39264610931171], [-50.68454527999995, -23.392765559311712], [-50.684794719999964, -23.392819999311758], [-50.68536193999995, -23.393526389311745], [-50.686193609999975, -23.39350888931174], [-50.686268609999956, -23.39354860931176], [-50.686406389999945, -23.393843059311695], [-50.68695110999994, -23.39420999931168], [-50.68715832999993, -23.394109169311733], [-50.68755638999994, -23.394086939311727], [-50.687711939999986, -23.394162499311687], [-50.687807219999975, -23.39434138931172], [-50.68817888999996, -23.39423443931169], [-50.688274169999936, -23.394334999311706], [-50.68826416999997, -23.394557499311716], [-50.68833721999994, -23.3946791693117], [-50.688339439999936, -23.39502888931167], [-50.688398744999965, -23.39502824931167], [-50.68843333099994, -23.395053339311687], [-50.68851320999993, -23.395043833311718], [-50.68851467099996, -23.395005356311678], [-50.688796938999985, -23.394952082311704], [-50.68882868899994, -23.395269380311664], [-50.688811805999926, -23.395332577311695], [-50.68886259599998, -23.39541695531168], [-50.68891361999994, -23.395569171311696], [-50.68862074499997, -23.39588907531166], [-50.68857987599995, -23.395998021311673], [-50.68867317799994, -23.396233785311694], [-50.688643046999964, -23.39647969031167], [-50.68862567599996, -23.396793639311635], [-50.688364297999954, -23.396993288311652], [-50.68820245099994, -23.397025303311647], [-50.68794588199995, -23.397302101311656], [-50.687810214999956, -23.397730170311657], [-50.687970155999956, -23.398052602311612], [-50.68790830399996, -23.39821958831161], [-50.687393406999945, -23.3986861923116], [-50.68742248299997, -23.39880747131158], [-50.68756234399996, -23.398887331311602], [-50.68768910099994, -23.398754168311626], [-50.68782268199994, -23.39879905831159], [-50.687762568999965, -23.39935157031159], [-50.68761879999994, -23.39939337631161], [-50.68752782099995, -23.399502402311576], [-50.68785044899994, -23.399896429311575], [-50.68807487999993, -23.399930118311595], [-50.68837591699997, -23.399974077311576], [-50.68841742899997, -23.40021859031156], [-50.68856165799997, -23.400314536311544], [-50.68875345699996, -23.40011520031157], [-50.68931217499994, -23.400120738311553], [-50.69004834199995, -23.40041468531159], [-50.69031752199999, -23.400523071311554], [-50.69052470499997, -23.400778119311536], [-50.69091335099995, -23.400900651311556], [-50.69125876999993, -23.401179095311562], [-50.69164812199994, -23.401378407311558], [-50.69170693199993, -23.401509410311537], [-50.69178246599995, -23.40177196431155], [-50.69200154599997, -23.40166689231155], [-50.69231268599998, -23.40212709931154], [-50.69220134099998, -23.402198329311542], [-50.69250490599995, -23.40225285331156], [-50.69281559199993, -23.402784147311532], [-50.69251870399995, -23.402889158311545], [-50.69273466899995, -23.402989396311497], [-50.69321502599996, -23.403112826311528], [-50.693533867999975, -23.403164487311518], [-50.69407005299997, -23.4035686763115], [-50.694103864999924, -23.403761413311518], [-50.69380988499996, -23.4037932663115], [-50.693788103999964, -23.4038167993115], [-50.69437542399998, -23.403989212311465], [-50.69447186099995, -23.40414521831146], [-50.69428439099993, -23.404335717311493], [-50.69388394499998, -23.4045293213115], [-50.69387530399996, -23.404626588311494], [-50.69396850299995, -23.40478629231149], [-50.694181213999975, -23.404940990311445], [-50.69447117499993, -23.40529709231145], [-50.694551513999954, -23.405345665311458], [-50.69472084399997, -23.405212761311464], [-50.69476200999998, -23.405656627311465], [-50.69454051399999, -23.405874339311453], [-50.694500167999934, -23.406182643311435], [-50.69456122999998, -23.406187279311457], [-50.69464699799994, -23.40608817531145], [-50.69464976199998, -23.405950067311476], [-50.694786201999925, -23.405947714311466], [-50.69488032899994, -23.406129820311463], [-50.695093466999936, -23.40635651031144], [-50.69518219599996, -23.40633166231143], [-50.69530857499995, -23.40640634031146], [-50.69527920699995, -23.40658016631144], [-50.69530024699998, -23.406624287311416], [-50.695515445999945, -23.406634824311446], [-50.69552404599995, -23.406469177311426], [-50.69579034499998, -23.406561018311454], [-50.69578245799994, -23.406757017311417], [-50.696426273999975, -23.407012545311442], [-50.696810520999975, -23.407014375311416], [-50.69722680199993, -23.407218422311423], [-50.69714285299995, -23.407465128311394], [-50.69714570099996, -23.40750388531143], [-50.69746062599996, -23.4074322323114]]]}, "properties": {"objectid": 19799696, "cod_tema": "AREA_IMOVEL", "nom_tema": "Area do Imovel", "cod_imovel": "PR-4126009-84F51D84B3E1459FA1A254BBAEE89B95", "mod_fiscal": 118.6935, "num_area": 2373.3603, "ind_status": "AT", "ind_tipo": "IRU", "des_condic": "Aguardando analise, apos revisao ou atendimento da notificacao", "municipio": "Sao Sebastiao da Amoreira", "cod_estado": "PR", "Shape__Area": 0.002098557930220997, "Shape__Length": 0.26034374849579534}}, {"type": "Feature", "id": 19799706, "geometry": {"type": "Polygon", "coordinates": [[[-50.68326499999994, -23.46135332931018], [-50.68358888999995, -23.46140749931019], [-50.68440832999994, -23.461640279310224], [-50.68488721999994, -23.46183999931018], [-50.68623999999994, -23.462581109310182], [-50.68643082999995, -23.46272360931016], [-50.686588609999944, -23.463006669310175], [-50.686720829999956, -23.463431389310188], [-50.686766389999946, -23.46381777931013], [-50.687197219999966, -23.465341389310094], [-50.687398609999946, -23.46559638931012], [-50.68744388999994, -23.465667779310085], [-50.68783971999994, -23.465931669310113], [-50.68835360999998, -23.46619138931008], [-50.688616939999974, -23.46648360931008], [-50.68902610999999, -23.46708388931008], [-50.68937916999994, -23.467750279310053], [-50.689593609999974, -23.468063329310027], [-50.689715829999955, -23.468232779310018], [-50.68973971999998, -23.46831943931004], [-50.68981638999997, -23.468849169310012], [-50.68980443999993, -23.469614999310032], [-50.68986610999996, -23.47006499931002], [-50.68967055999997, -23.47074971930999], [-50.68956221999997, -23.47113443930998], [-50.68935971999997, -23.471633889309963], [-50.68903055999993, -23.47226888930996], [-50.688764999999925, -23.472733609309962], [-50.68887221999996, -23.47275416930996], [-50.689303889999955, -23.47279999930993], [-50.689519719999964, -23.472900829309943], [-50.68967638999993, -23.472971389309926], [-50.69024249999995, -23.47300277930993], [-50.69077693999998, -23.47302193930995], [-50.69077638999994, -23.473047779309923], [-50.69226693999997, -23.47607166930987], [-50.69345860999993, -23.476574719309866], [-50.694026389999976, -23.477092779309853], [-50.694449719999966, -23.477584999309855], [-50.694891939999934, -23.478238329309814], [-50.69493610999996, -23.478397499309835], [-50.69508055999995, -23.478888329309804], [-50.695117779999975, -23.479453889309777], [-50.695050279999975, -23.48014277930975], [-50.69496666999999, -23.480689169309752], [-50.69475221999994, -23.481215279309755], [-50.694503889999964, -23.48167971930972], [-50.69423443999995, -23.48211749930974], [-50.69384443999997, -23.482457219309723], [-50.69433916999998, -23.483090559309698], [-50.694472219999966, -23.48318277930968], [-50.69592166999997, -23.48364055930971], [-50.69723471999998, -23.4835872193097], [-50.697940279999955, -23.483529999309717], [-50.698956109999976, -23.48347332930972], [-50.700208609999954, -23.48337749930971], [-50.70036860999994, -23.483355279309702], [-50.70031110999997, -23.482699169309708], [-50.700318329999966, -23.482626939309704], [-50.70042388999997, -23.482538059309736], [-50.70075055999995, -23.482482219309716], [-50.70088277999997, -23.4824422193097], [-50.701135559999955, -23.482201109309724], [-50.701391669999964, -23.482108059309756], [-50.703311939999935, -23.48149443930974], [-50.703462499999944, -23.48147471930973], [-50.70371527999999, -23.48143443930972], [-50.704429439999956, -23.48140916930974], [-50.70495193999995, -23.481390279309764], [-50.70541860999998, -23.481346109309744], [-50.70544638999996, -23.481402499309745], [-50.70557388999998, -23.48140027930975], [-50.70573805999993, -23.481397499309747], [-50.70653888999994, -23.481373609309735], [-50.70618193999996, -23.48166249930976], [-50.70577221999997, -23.48211110930972], [-50.70550055999996, -23.482510559309752], [-50.70332249999996, -23.48624499930962], [-50.70318693999996, -23.48649221930963], [-50.701991669999984, -23.48911666930955], [-50.70171832999995, -23.48958555930958], [-50.70134027999996, -23.490116109309575], [-50.69956388999998, -23.492231669309515], [-50.69940082999994, -23.4924816693095], [-50.69322693999993, -23.49321138930946], [-50.687533059999964, -23.49388416930945], [-50.68680527999993, -23.4926866693095], [-50.68437443999994, -23.493202219309474], [-50.677787499999965, -23.488898889309596], [-50.67689360999998, -23.488852499309573], [-50.67626999999993, -23.48831749930957], [-50.67525638999996, -23.487911389309616], [-50.67458666999995, -23.48333360930968], [-50.67172499999998, -23.47609582930987], [-50.67171582999998, -23.47596138930987], [-50.67093805999997, -23.475725559309865], [-50.668356109999934, -23.47590805930985], [-50.666976939999984, -23.476636389309853], [-50.66680943999996, -23.47682971930985], [-50.66647582999996, -23.477071389309817], [-50.666118609999955, -23.47707999930984], [-50.66588693999994, -23.47702332930984], [-50.66544055999997, -23.477061389309853], [-50.665341669999975, -23.477173889309846], [-50.66530888999994, -23.477164439309846], [-50.66530610999997, -23.477277779309837], [-50.66493749999995, -23.477271109309832], [-50.66450305999996, -23.477309719309826], [-50.66418388999995, -23.477281939309847], [-50.66389110999995, -23.477240829309856], [-50.66358027999996, -23.477282779309817], [-50.663206109999976, -23.477172219309832], [-50.663090279999956, -23.477143889309858], [-50.66279138999994, -23.477007499309853], [-50.66251360999996, -23.476783889309875], [-50.662348329999986, -23.47658305930984], [-50.66233805999997, -23.476510279309863], [-50.66243971999995, -23.47632888930984], [-50.662621669999965, -23.47610110930986], [-50.66259777999994, -23.475829439309845], [-50.662176669999944, -23.475890559309907], [-50.662075279999954, -23.47590888930989], [-50.66197527999997, -23.475827219309846], [-50.66116471999993, -23.474823059309884], [-50.65890499999995, -23.47380721930993], [-50.65835221999998, -23.47366610930992], [-50.65585666999993, -23.472319169309934], [-50.655011669999965, -23.470312779310017], [-50.65470388999995, -23.470121669310018], [-50.65376471999997, -23.470398889309998], [-50.65379749999994, -23.469608889310013], [-50.65377610999997, -23.46912332931002], [-50.65364888999995, -23.468252219310045], [-50.653458059999934, -23.468019439310062], [-50.65233805999998, -23.467151109310088], [-50.65236943999997, -23.4668019393101], [-50.652570559999965, -23.466549439310057], [-50.653572219999944, -23.466304999310115], [-50.65434055999999, -23.46580971931013], [-50.65445888999995, -23.46536555931009], [-50.65425860999995, -23.46492138931014], [-50.65601638999993, -23.464860829310123], [-50.65620721999994, -23.464806109310093], [-50.65668638999995, -23.465054439310123], [-50.65749971999998, -23.464999169310094], [-50.658010829999974, -23.46493221931014], [-50.65857582999996, -23.464485829310114], [-50.66017555999997, -23.463316669310185], [-50.66117471999996, -23.462679169310153], [-50.663379439999964, -23.46215055931017], [-50.664532779999945, -23.462165559310183], [-50.66646499999997, -23.461724999310178], [-50.66872110999998, -23.461924999310177], [-50.67127193999994, -23.46232527931018], [-50.671989169999954, -23.46228277931018], [-50.67662832999997, -23.46159693931017], [-50.67692443999994, -23.461552499310212], [-50.67712999999998, -23.46175249931017], [-50.67745082999995, -23.461931109310196], [-50.67784305999999, -23.462026939310164], [-50.67825749999997, -23.461953059310154], [-50.67932138999999, -23.461733329310196], [-50.68098777999995, -23.461455559310174], [-50.681871109999975, -23.461462219310167], [-50.682368609999976, -23.461462499310223], [-50.68326499999994, -23.46135332931018]]]}, "properties": {"objectid": 19799706, "cod_tema": "AREA_IMOVEL", "nom_tema": "Area do Imovel", "cod_imovel": "PR-4126009-950975FD4C98483D8147792940690205", "mod_fiscal": 48.897, "num_area": 977.9395, "ind_status": "AT", "ind_tipo": "IRU", "des_condic": "Aguardando analise", "municipio": "Sao Sebastiao da Amoreira", "cod_estado": "PR", "Shape__Area": 0.0008650144181173578, "Shape__Length": 0.1550039857144345}}, {"type": "Feature", "id": 19799711, "geometry": {"type": "Polygon", "coordinates": [[[-50.75494547699998, -23.505760041309202], [-50.74910157399995, -23.507157571309193], [-50.74825168999997, -23.507186149309153], [-50.74582092899993, -23.510801924309092], [-50.745720535999965, -23.5108419133091], [-50.745628357999976, -23.51085308030907], [-50.74554561799993, -23.510890539309067], [-50.745479758999984, -23.510926944309066], [-50.745432965999946, -23.510983949309097], [-50.74545669699995, -23.511014978309117], [-50.74549683599998, -23.51104524230909], [-50.74552542199995, -23.511078755309097], [-50.74552470799995, -23.51117283130908], [-50.74549085999996, -23.511192075309054], [-50.745429144999946, -23.511188652309098], [-50.74536191999994, -23.51124724930905], [-50.74531304499993, -23.511305395309076], [-50.74526330499998, -23.51134468530909], [-50.74520244699994, -23.511408540309105], [-50.74513376099997, -23.511419474309086], [-50.74497248299996, -23.51142801230906], [-50.74489247099996, -23.51140284630906], [-50.74483634499995, -23.511449609309057], [-50.744787035999934, -23.51145708830909], [-50.74471255199996, -23.51140143830906], [-50.74455248999993, -23.511309582309078], [-50.74446152699994, -23.511343131309093], [-50.74439705599996, -23.51134120230909], [-50.74428638899996, -23.511327354309056], [-50.74421332499997, -23.51132368830905], [-50.74409159399994, -23.51126408430905], [-50.74401816199998, -23.511255844309062], [-50.74396242199998, -23.51135049730907], [-50.743943703999946, -23.5114104913091], [-50.74385818099995, -23.511490547309098], [-50.74381387599993, -23.511473408309072], [-50.74380035599996, -23.51143994530905], [-50.74382480799995, -23.51137847630906], [-50.74383503499996, -23.511240986309083], [-50.743826533999936, -23.51118275730908], [-50.74372723399995, -23.511139812309064], [-50.74361722399993, -23.511102807309104], [-50.74352193899995, -23.511034179309096], [-50.743408561999956, -23.511023307309074], [-50.74328175199997, -23.51108577730906], [-50.74323677999996, -23.511117823309064], [-50.743111039999974, -23.511148336309077], [-50.742909580999935, -23.511226219309098], [-50.742796288999955, -23.51127641430907], [-50.74269348899997, -23.511343532309063], [-50.742630048999956, -23.511403089309052], [-50.742526922999964, -23.51147021330905], [-50.74244256899993, -23.51150984530908], [-50.74244570399998, -23.51155000130909], [-50.74246635199995, -23.511630309309037], [-50.74243708499994, -23.511650106309098], [-50.74237184299995, -23.511658661309053], [-50.74228397599995, -23.511666076309087], [-50.74217027499998, -23.51171606530908], [-50.74211451699995, -23.511799092309083], [-50.74206709699996, -23.511860355309054], [-50.74198683199995, -23.511912748309083], [-50.74191333499994, -23.51197022830904], [-50.74179352299995, -23.512029438309057], [-50.741637933999975, -23.51212130630908], [-50.741479943999934, -23.51220897830907], [-50.741369586999944, -23.51228671230908], [-50.74124565099998, -23.512310831309073], [-50.74114477699993, -23.51233795230903], [-50.74106537999995, -23.51231656530909], [-50.74089709799995, -23.512297371309067], [-50.74081720199995, -23.512305620309025], [-50.74067388599997, -23.512384359309035], [-50.740607842999964, -23.512419230309057], [-50.740594442999964, -23.51242251730903], [-50.74052948399998, -23.512423372309023], [-50.74049719299995, -23.512481525309024], [-50.740488551999924, -23.512511574309055], [-50.74043259699994, -23.512510797309027], [-50.74035039299998, -23.512495281309075], [-50.740305045999946, -23.512482546309023], [-50.74023829299995, -23.512494139309034], [-50.74014586499993, -23.51248898730907], [-50.740051139999935, -23.51252181730908], [-50.73988141499996, -23.512568916309036], [-50.73969522599998, -23.51259013430908], [-50.73957654599997, -23.512616266309042], [-50.73950936899996, -23.512577015309066], [-50.73926645499995, -23.512648608309032], [-50.73916650799998, -23.51274180430905], [-50.73897482099994, -23.512809012309063], [-50.73881050699998, -23.51279396830906], [-50.73849626799995, -23.512848414309037], [-50.738315555999975, -23.512972808309037], [-50.73812676599994, -23.51308041530906], [-50.73804186499996, -23.51311350430906], [-50.73794323499993, -23.51317860030901], [-50.73782124999997, -23.513216169309032], [-50.737721706999935, -23.513272674309015], [-50.73764762199993, -23.51332373330906], [-50.737572085999936, -23.513375793309027], [-50.73749964299997, -23.513419109309055], [-50.73738347999995, -23.51346429430902], [-50.73728096799993, -23.513471474309036], [-50.73705606699996, -23.513566508308998], [-50.73694875599995, -23.513637830309055], [-50.73687805899993, -23.513662048309016], [-50.73680163499995, -23.513701144309046], [-50.736681387999965, -23.513786629309035], [-50.736633534999946, -23.513818562309037], [-50.736564603999966, -23.513823629308998], [-50.736437224999975, -23.513822599309037], [-50.73631354199995, -23.513802079309006], [-50.73599583099997, -23.513654808309017], [-50.73594355899997, -23.513650685309006], [-50.73576327899996, -23.51360890030901], [-50.735687273999986, -23.51358419730899], [-50.73562020099995, -23.513567800309033], [-50.735521302999985, -23.51357305930901], [-50.73529642699998, -23.51354619630905], [-50.73519014899995, -23.51353623630906], [-50.73514537899997, -23.513513888309035], [-50.73505640199995, -23.51350663830903], [-50.73496491099996, -23.51350366630902], [-50.734934393999936, -23.513481635309017], [-50.734852085999925, -23.513470295309055], [-50.73473307799998, -23.513448730309058], [-50.734646924999936, -23.513444490309034], [-50.734558897999925, -23.513439604309053], [-50.73439806899996, -23.513415559309006], [-50.734167701999986, -23.51338733930902], [-50.73411928699995, -23.513381122309003], [-50.73410456199997, -23.513420498309024], [-50.73405563399996, -23.513552863309027], [-50.73403618899994, -23.513655787309], [-50.73400258499999, -23.513736448309032], [-50.73394328699993, -23.513837142309004], [-50.73386022799996, -23.513980005309005], [-50.73381061099997, -23.514033223309], [-50.73374942099998, -23.514075498308994], [-50.73372462799995, -23.514148481308993], [-50.73375567099998, -23.514192398309017], [-50.733714729999974, -23.514209959309017], [-50.73361640599995, -23.51421079730902], [-50.73351836699993, -23.51421071930899], [-50.73341381899996, -23.51425319530902], [-50.73328636499996, -23.514299026308993], [-50.73309544999995, -23.51437570130899], [-50.73295548599998, -23.514415677309035], [-50.73268783799994, -23.514432332308996], [-50.732511021999976, -23.51440404630902], [-50.73237043599993, -23.51436352430902], [-50.73221700999994, -23.514376058309026], [-50.73213986699994, -23.514319807309032], [-50.73208631099993, -23.514262622309023], [-50.73201821599998, -23.514211294308982], [-50.73194603699994, -23.514142106309], [-50.73185238099995, -23.51410888630902], [-50.73180267199996, -23.51406693130899], [-50.731752780999955, -23.514043524309038], [-50.73171184499996, -23.51397092030901], [-50.73163085799996, -23.513960514309012], [-50.73152355299993, -23.513956626309028], [-50.731465285999946, -23.514014455308978], [-50.73141107499998, -23.514024876309], [-50.731363059999985, -23.514016150309033], [-50.731282514999975, -23.51399202030903], [-50.73121545899994, -23.51402032430899], [-50.73111654799993, -23.514023409308994], [-50.730942364999976, -23.51403108130903], [-50.73088100799998, -23.514056891309], [-50.73080322599998, -23.51407298830901], [-50.73072599799997, -23.514069966309012], [-50.73065789299995, -23.514088607309006], [-50.73060539399995, -23.514087833309002], [-50.73055489999996, -23.514141568308997], [-50.73052913699996, -23.514207497309023], [-50.73047914099993, -23.514342596308992], [-50.730346500999985, -23.514424197309026], [-50.73024815499996, -23.51447188730899], [-50.73013919099998, -23.51452737930899], [-50.730091263999945, -23.514529597309007], [-50.729870808999976, -23.514572072309004], [-50.729736730999946, -23.514592068308993], [-50.729611476999935, -23.51458728830901], [-50.72956777599995, -23.51459689630898], [-50.729527201999986, -23.514670902309007], [-50.729455415999944, -23.514736228308983], [-50.72940322799996, -23.514794512309006], [-50.729318930999966, -23.514871966309013], [-50.729240553999944, -23.514983584309014], [-50.72916447499995, -23.515111527309006], [-50.729142227999944, -23.515250855309002], [-50.72910580299998, -23.515413477308993], [-50.729109697999945, -23.515480651308973], [-50.72912798199997, -23.515549342309], [-50.729118023999945, -23.51561536730896], [-50.72902644199996, -23.515772574308993], [-50.72891563299999, -23.51598356330896], [-50.72876407599995, -23.516272935308965], [-50.72872126799995, -23.516368819308973], [-50.72863829299996, -23.516573977308934], [-50.72860826899994, -23.516648408308967], [-50.72859248599997, -23.516708765308966], [-50.72849207399997, -23.51685320930895], [-50.72843520299995, -23.51698756430896], [-50.72841858999993, -23.517062286308917], [-50.728392220999986, -23.51709330430894], [-50.72833304599994, -23.517098219308973], [-50.72818514099999, -23.517080744308917], [-50.728038800999975, -23.51707486430892], [-50.72792017599994, -23.517084871308935], [-50.72782971099997, -23.517132077308958], [-50.727749639999956, -23.517131980308964], [-50.72764190099997, -23.51711775330895], [-50.72762289599996, -23.517136721308965], [-50.727594279999956, -23.517129526308942], [-50.72741687299998, -23.517097321308917], [-50.727361567999935, -23.51711320630896], [-50.72723350699993, -23.51705315130895], [-50.72713662999997, -23.517034699308944], [-50.72705292399996, -23.517046253308973], [-50.72701199599993, -23.51701950430896], [-50.72691541299997, -23.51700650530896], [-50.726684079999984, -23.51700545330895], [-50.72655133499996, -23.51699637230891], [-50.72633706099998, -23.51704742930892], [-50.72625613599996, -23.517062646308926], [-50.72615609099995, -23.517030552308917], [-50.72604390399994, -23.517028475308944], [-50.725931565999986, -23.517065868308954], [-50.72581039999994, -23.517154379308952], [-50.725719118999955, -23.517244216308907], [-50.72573688699998, -23.517291183308913], [-50.72567274999995, -23.51730590030892], [-50.72557626699996, -23.517345869308897], [-50.725544136999986, -23.517410203308906], [-50.72556802799994, -23.51748193230892], [-50.725533509999934, -23.517503565308946], [-50.725481456999944, -23.51751399830894], [-50.72544018199995, -23.51750793030893], [-50.72535865799995, -23.51746239030896], [-50.72526237899996, -23.517487592308914], [-50.72522427899998, -23.517544919308957], [-50.725169188999985, -23.51758843430891], [-50.72507539899993, -23.517567053308962], [-50.72503752099993, -23.517582617308936], [-50.72500884799996, -23.517554030308954], [-50.72494067799993, -23.517564352308934], [-50.72482061799997, -23.517621555308914], [-50.72473130999998, -23.51768435930895], [-50.724626592999975, -23.5177447523089], [-50.72457596999993, -23.517755033308926], [-50.72438837599998, -23.517877684308946], [-50.72436588299996, -23.517923876308906], [-50.724334466999956, -23.51798501630891], [-50.72419161799996, -23.518143973308906], [-50.724088534999964, -23.51820157230891], [-50.72402228599997, -23.518215863308924], [-50.72392905999993, -23.51830232030893], [-50.72382269499997, -23.518343607308918], [-50.723719519999975, -23.518432965308932], [-50.72366078299996, -23.51851779430893], [-50.723561324999935, -23.518565255308896], [-50.72344592699994, -23.518614915308895], [-50.72306542399996, -23.518893476308904], [-50.72272264399999, -23.5189788373089], [-50.722605172999984, -23.51896991330892], [-50.72250907399996, -23.5189757203089], [-50.722447765999966, -23.519020813308884], [-50.72241838999998, -23.519078724308873], [-50.722339115999944, -23.519119760308904], [-50.722306112999945, -23.51913386030889], [-50.72225186799995, -23.519165462308923], [-50.72210401199993, -23.519202961308885], [-50.72209194199996, -23.519203343308877], [-50.722069216999955, -23.5191715443089], [-50.72209403999995, -23.519127963308893], [-50.722052101999964, -23.5190703373089], [-50.72200499699995, -23.51905600530891], [-50.72189410999994, -23.51903012030891], [-50.72178092199994, -23.518987513308893], [-50.72169999299996, -23.519018992308922], [-50.72166693599996, -23.519092036308898], [-50.721612764999975, -23.5191659003089], [-50.72150672699996, -23.5191923343089], [-50.721486305999974, -23.51925560930889], [-50.72141617999995, -23.519290561308917], [-50.72130022399995, -23.519240400308867], [-50.72112789499994, -23.519250008308898], [-50.72108924799995, -23.51928161130887], [-50.72105405699995, -23.519339294308892], [-50.721041086999946, -23.519381538308878], [-50.72096676799998, -23.51937941430888], [-50.72087464099996, -23.519350045308876], [-50.720772671999946, -23.51939638130891], [-50.72061629799998, -23.519497136308903], [-50.720528798999965, -23.51959669130887], [-50.720494824999946, -23.519616252308914], [-50.720282441999984, -23.519668224308905], [-50.72008303599994, -23.51974029130886], [-50.71994517799993, -23.519772839308903], [-50.719846867999934, -23.519795719308867], [-50.71977470399998, -23.519870490308875], [-50.71972317999996, -23.519930109308888], [-50.71955200199994, -23.52002233230885], [-50.71934551199997, -23.52015703830889], [-50.71933731799999, -23.520189709308884], [-50.71908120299997, -23.520275637308863], [-50.71892790399994, -23.52031147030888], [-50.71875315999995, -23.52030663330887], [-50.71855792899999, -23.520295271308864], [-50.718364282999964, -23.520285445308865], [-50.71830076999998, -23.520280061308906], [-50.718246241999964, -23.52026453230885], [-50.71820202599997, -23.520178141308893], [-50.71795424099997, -23.519987887308876], [-50.71785819499996, -23.519897659308896], [-50.71769939999996, -23.519803234308913], [-50.717466099999974, -23.519724552308876], [-50.717402096999926, -23.51967184030887], [-50.717289838999925, -23.519578332308896], [-50.717215023999984, -23.519564975308903], [-50.71723649799998, -23.51943387730892], [-50.716974422999954, -23.51957346030887], [-50.71670440699995, -23.519374390308865], [-50.71668531399996, -23.519311251308903], [-50.716552458999956, -23.5192624893089], [-50.71603116599994, -23.519275445308885], [-50.715756650999936, -23.51928863030887], [-50.715476916999926, -23.519251759308915], [-50.715321019999976, -23.519104494308912], [-50.715207237999955, -23.5190449073089], [-50.71512907799996, -23.51904569030892], [-50.715061482999936, -23.518990975308895], [-50.71496409599995, -23.518938123308878], [-50.714887432999944, -23.518856372308896], [-50.71478801899997, -23.518827309308897], [-50.714735651999945, -23.518806236308933], [-50.714601812999945, -23.518782634308927], [-50.71454245199993, -23.518702957308896], [-50.71445078499995, -23.51861922830893], [-50.71433016599997, -23.51851356130891], [-50.713864848999954, -23.518371951308893], [-50.71380221999993, -23.518321482308924], [-50.71373435199997, -23.51832447130892], [-50.71363856199997, -23.5182877573089], [-50.71353272099998, -23.518322069308915], [-50.713410160999956, -23.518333514308907], [-50.71335692699995, -23.518360611308943], [-50.71327845999998, -23.51840851530892], [-50.713203464999935, -23.51841686930891], [-50.713059113999975, -23.518398540308908], [-50.712998078999924, -23.51840822530893], [-50.71297694499997, -23.51846007930891], [-50.71289689699994, -23.51848475330889], [-50.71277821499995, -23.518450955308946], [-50.712744714999985, -23.51848353330889], [-50.71268575399995, -23.518538258308922], [-50.71255852899998, -23.518503386308918], [-50.712420216999924, -23.51847297130889], [-50.71231051799998, -23.51843929230893], [-50.712062712999966, -23.51840965930893], [-50.71189404599994, -23.518442493308903], [-50.71169161199998, -23.518368324308945], [-50.711545755999964, -23.51837622930891], [-50.71127045399993, -23.518361328308913], [-50.71114370599997, -23.51829672530893], [-50.71102824299993, -23.51831684330893], [-50.711046748999934, -23.518347095308922], [-50.71098208199993, -23.518415989308895], [-50.710945066999955, -23.51840486030893], [-50.710914797999976, -23.518371928308913], [-50.71077316499998, -23.51840588630894], [-50.71063764499996, -23.518433447308905], [-50.71056782199997, -23.518396112308896], [-50.71043806199998, -23.518412000308903], [-50.71030821499994, -23.51836270830894], [-50.71028690099996, -23.51836990230891], [-50.71027953299994, -23.518469024308903], [-50.710169089999965, -23.518496970308895], [-50.71015859799997, -23.518452509308926], [-50.710143742999946, -23.5184298623089], [-50.71011005599997, -23.518371806308902], [-50.710078332999956, -23.51833814330895], [-50.71001669799995, -23.518369111308917], [-50.70998709899993, -23.5184459493089], [-50.70992069199997, -23.518462804308914], [-50.70978334399996, -23.518406858308943], [-50.709753611999986, -23.51839985030892], [-50.70975264199995, -23.51843995330893], [-50.70971918799995, -23.518488172308942], [-50.709642057999986, -23.518487220308884], [-50.709667073999974, -23.518410312308912], [-50.70966973599997, -23.51837709930891], [-50.70961853599994, -23.518365705308906], [-50.70958138699996, -23.518434430308908], [-50.70953186799994, -23.518410986308947], [-50.709452959999965, -23.518384246308937], [-50.709376213999974, -23.518406930308924], [-50.70934854999996, -23.518365236308927], [-50.70926354599993, -23.51838126230894], [-50.70921405699994, -23.518372721308943], [-50.709172602999956, -23.51837383930894], [-50.70904456699998, -23.518378259308918], [-50.70896174399996, -23.518420392308887], [-50.708851236999976, -23.518506725308892], [-50.70874814399997, -23.51855173430891], [-50.70870570499994, -23.518536609308917], [-50.70860006099997, -23.51857034230892], [-50.70853228599998, -23.518593159308917], [-50.708506925999984, -23.518623316308894], [-50.708456626999975, -23.518655392308915], [-50.70836859799993, -23.5186863753089], [-50.70827533599999, -23.51873113530889], [-50.70817973099997, -23.518787250308886], [-50.70810718299998, -23.5188238803089], [-50.708018340999956, -23.51882376030892], [-50.70802238899995, -23.518860690308877], [-50.70800460399993, -23.518925475308887], [-50.70790873399994, -23.518917167308913], [-50.70784442399998, -23.51896920130888], [-50.70778473299998, -23.5189886793089], [-50.70779797999995, -23.5190671593089], [-50.70783717699993, -23.519130710308897], [-50.70782332299995, -23.519171295308904], [-50.707722761999946, -23.51916478130891], [-50.70762762899995, -23.51917702130888], [-50.70752144099998, -23.519243589308914], [-50.70745178799996, -23.519217114308887], [-50.70731286999995, -23.519241694308885], [-50.707229506999965, -23.51932928030889], [-50.70711658199997, -23.519356462308888], [-50.70694135499997, -23.519418050308893], [-50.70680084299994, -23.519501330308895], [-50.706691422999945, -23.51954253730887], [-50.70666180799998, -23.519527434308873], [-50.70661254599997, -23.519557268308898], [-50.706598664999945, -23.5196504393089], [-50.706515268999965, -23.519690487308914], [-50.706430044999934, -23.51967565130886], [-50.70635285199995, -23.519706386308854], [-50.70627352699995, -23.519807982308887], [-50.70625067199995, -23.519785224308908], [-50.70619791799998, -23.519750929308856], [-50.70609711999998, -23.51980581030889], [-50.70598494899997, -23.519895332308895], [-50.70580147699997, -23.519946332308873], [-50.70571108099995, -23.519977025308865], [-50.705695678999966, -23.52005848730888], [-50.705676052999934, -23.520101069308875], [-50.705551914999944, -23.520083615308895], [-50.70546864199997, -23.520118435308888], [-50.70535788899997, -23.52013469730886], [-50.70520257799995, -23.52018255030887], [-50.705052143999986, -23.520271843308908], [-50.70491102799997, -23.520303060308855], [-50.70478899899996, -23.520348414308856], [-50.704711921999944, -23.520398100308878], [-50.70455243299995, -23.520468396308853], [-50.70439328799995, -23.520469491308873], [-50.704295300999945, -23.520513521308843], [-50.70415138599998, -23.520457054308864], [-50.70394305199994, -23.520267597308894], [-50.70383892899998, -23.52009928630886], [-50.70370709399998, -23.520005023308865], [-50.70361193499997, -23.519961818308868], [-50.703597343999945, -23.519899616308894], [-50.70355713299995, -23.519874588308905], [-50.703396890999954, -23.519829602308878], [-50.703336665999984, -23.519850327308887], [-50.70324837099998, -23.519886050308884], [-50.703052695999986, -23.519862399308888], [-50.70290246199993, -23.5198730303089], [-50.702768239999955, -23.519962224308905], [-50.70251287499997, -23.520006645308893], [-50.702448104999974, -23.52005815630886], [-50.70230578099995, -23.520082849308864], [-50.70219927299996, -23.520159793308853], [-50.702188483999976, -23.520091004308906], [-50.70204285199998, -23.51852005130889], [-50.701949000999946, -23.51747024830891], [-50.69945365999996, -23.517676333308906], [-50.69821234299997, -23.51777883930892], [-50.69405753699994, -23.518121844308904], [-50.69343912499994, -23.512735637309067], [-50.69286427499998, -23.50766386630916], [-50.69247592199997, -23.504139513309244], [-50.69432111299995, -23.503948795309253], [-50.69645796499998, -23.50372339830926], [-50.69695432799994, -23.50362760330926], [-50.697214438999936, -23.503521041309238], [-50.69754353199995, -23.50330255730927], [-50.69784302299997, -23.502971308309277], [-50.699067550999985, -23.500973741309284], [-50.699600558999975, -23.50027791430933], [-50.699760234999985, -23.499893392309346], [-50.69986763699996, -23.499587527309334], [-50.69990371599994, -23.49934882930936], [-50.699897048999965, -23.498931280309357], [-50.699283772999934, -23.49428810930946], [-50.699247543999945, -23.49389049430947], [-50.69926282899996, -23.493534171309474], [-50.699322278999944, -23.49323417330947], [-50.69942645599997, -23.492930369309487], [-50.699551817999975, -23.492676803309458], [-50.69969811999994, -23.492447219309522], [-50.699934130999964, -23.49214808230952], [-50.70137874599993, -23.490426899309522], [-50.70171224799997, -23.490014691309543], [-50.701920832999974, -23.48971369930958], [-50.70217636799998, -23.489278030309585], [-50.70238981799997, -23.488831114309605], [-50.70342583199994, -23.486545932309625], [-50.703628659999936, -23.486173057309646], [-50.70383969599993, -23.485818152309662], [-50.70572322999993, -23.482584399309715], [-50.70595649699993, -23.482250814309698], [-50.70620344499997, -23.481971537309754], [-50.706370033999974, -23.481802863309767], [-50.70657497299993, -23.481623607309736], [-50.70679967199993, -23.481451263309722], [-50.70706503899999, -23.481279026309767], [-50.707384446999974, -23.48110337130975], [-50.70773775299995, -23.480950163309785], [-50.708151345999966, -23.48081692830977], [-50.708524651999944, -23.480737765309748], [-50.70887630999994, -23.480687961309748], [-50.71318971399996, -23.480234001309793], [-50.71534824799994, -23.48003739130975], [-50.71662083399997, -23.4799232053098], [-50.71707858999998, -23.48238861030975], [-50.71808924399994, -23.487818102309586], [-50.718072905999975, -23.487966258309612], [-50.718111635999946, -23.488093816309572], [-50.71795693699995, -23.488171208309605], [-50.71788848399996, -23.488268867309614], [-50.71772150099998, -23.48844470330959], [-50.71768312499995, -23.488485113309594], [-50.71766791399995, -23.48857579630959], [-50.71772876099994, -23.488694382309564], [-50.71778200199998, -23.488924578309586], [-50.71831324999993, -23.488757838309585], [-50.71894610299995, -23.488505656309595], [-50.719079964999935, -23.4884307113096], [-50.719175407999955, -23.488352574309598], [-50.719204175999955, -23.48824241130962], [-50.71934946399995, -23.48822267230957], [-50.719587733999965, -23.48817420130962], [-50.719652887999985, -23.488154315309597], [-50.71979095499996, -23.488106095309607], [-50.71982861499998, -23.488120830309587], [-50.71986677799999, -23.48811099030957], [-50.71989500899997, -23.488030503309588], [-50.719943470999965, -23.48800294230962], [-50.71999244899996, -23.48801676630962], [-50.720058863999945, -23.487977316309586], [-50.720115945999964, -23.487987082309594], [-50.720191858999954, -23.487989510309607], [-50.720255757999944, -23.487985793309583], [-50.72038509799996, -23.487979939309593], [-50.72042665299995, -23.48800013130962], [-50.72050512999994, -23.48803039830961], [-50.72062897099994, -23.487991947309595], [-50.72072256599995, -23.48800641730958], [-50.72085146899996, -23.488010568309633], [-50.72097944499996, -23.488045629309575], [-50.721078105999936, -23.4880380753096], [-50.72120174299994, -23.48802208230962], [-50.721336852999976, -23.487943862309578], [-50.721432548999985, -23.487882847309624], [-50.721639735999986, -23.487974523309617], [-50.721994998999946, -23.488122621309582], [-50.722008391999964, -23.48811940230957], [-50.72215188299998, -23.48826655130961], [-50.72224716499994, -23.488339442309613], [-50.72233648499997, -23.488322190309585], [-50.72248967099995, -23.488329205309594], [-50.72250692599994, -23.488280924309606], [-50.72256659399994, -23.488271261309585], [-50.72267312499997, -23.48828812630961], [-50.72276640999997, -23.488365594309585], [-50.72283010299997, -23.48837954530961], [-50.72295355999995, -23.488370804309564], [-50.72302498299996, -23.48840047730959], [-50.72310940299997, -23.488460767309615], [-50.72319692499996, -23.48850785830962], [-50.723315035999974, -23.488542852309592], [-50.72335711499994, -23.48857636330961], [-50.72333741399996, -23.48861222530956], [-50.72336513199998, -23.488655015309565], [-50.72344371599996, -23.488696368309597], [-50.723503659999956, -23.488797147309572], [-50.72357590699993, -23.488857096309548], [-50.723645189999964, -23.488943369309567], [-50.72375406799995, -23.488994440309554], [-50.72385218499994, -23.48901273130956], [-50.72391578899993, -23.489110552309544], [-50.72396532799996, -23.489151071309596], [-50.72402409499995, -23.489153831309554], [-50.724086081999985, -23.489192187309563], [-50.72409090299993, -23.48931795430955], [-50.72418394299996, -23.4894033863096], [-50.724261974999926, -23.489457396309582], [-50.72431306799996, -23.48952699730959], [-50.72430328399997, -23.489581863309546], [-50.724360948999966, -23.489641616309562], [-50.724457333999965, -23.489720235309594], [-50.72451463999994, -23.48974783030953], [-50.724634539999954, -23.48976690230957], [-50.72473980599995, -23.489785270309557], [-50.72480856299995, -23.489745121309532], [-50.72488094899995, -23.489756363309567], [-50.72506913599995, -23.489792218309578], [-50.72513568699998, -23.489816743309547], [-50.72524321099996, -23.48987483930957], [-50.72528119999998, -23.489915442309577], [-50.72538433799998, -23.489988151309568], [-50.725534255999946, -23.490067217309583], [-50.72569267399996, -23.490146011309555], [-50.725726821999956, -23.490132505309546], [-50.725793340999985, -23.490129556309537], [-50.72587621399998, -23.490155921309523], [-50.725944168999945, -23.49013350330958], [-50.72610732099997, -23.49018911630954], [-50.72622821999994, -23.490175057309578], [-50.72632770799999, -23.49018625030955], [-50.726693017999935, -23.49046978330956], [-50.727153321999936, -23.490583686309552], [-50.72763458199995, -23.490877083309563], [-50.727939675999956, -23.49087296630955], [-50.72812792499997, -23.490915318309533], [-50.72824112299998, -23.490941276309517], [-50.728405916999975, -23.491007809309497], [-50.728557225999964, -23.491098083309502], [-50.728610791999984, -23.491143519309553], [-50.72867550599995, -23.491165877309513], [-50.728962206999945, -23.491147135309507], [-50.72905130999994, -23.491134497309528], [-50.729188876999956, -23.49113768730955], [-50.729253796999956, -23.49113284030954], [-50.729347711999935, -23.49118649630952], [-50.72937473099995, -23.49122619530953], [-50.729411966999976, -23.491274436309524], [-50.72947471999998, -23.491264071309548], [-50.729518606999925, -23.491278778309546], [-50.72956237799996, -23.491284169309537], [-50.72967907299994, -23.491241721309496], [-50.729807519999945, -23.49115303730951], [-50.72987407099999, -23.491146098309507], [-50.72993855999994, -23.491121129309526], [-50.73003292899995, -23.49097494530951], [-50.730064781999936, -23.49088885430956], [-50.73004732199996, -23.490814944309538], [-50.73007489399999, -23.490759544309533], [-50.73005322999995, -23.490696830309563], [-50.73017049999998, -23.49066125530954], [-50.730242109999956, -23.490575986309533], [-50.730263047999976, -23.490562270309525], [-50.73032328399996, -23.490589369309536], [-50.73043592899995, -23.49057999030953], [-50.73049811599998, -23.490587777309543], [-50.730508518999955, -23.49052003430956], [-50.730608493999966, -23.490477237309573], [-50.73069685199994, -23.49035513030953], [-50.730739322999966, -23.49033236930957], [-50.73082709699998, -23.49036594330955], [-50.73091744199997, -23.49030638530952], [-50.730964779999965, -23.490220734309577], [-50.73100401199997, -23.490167037309572], [-50.731125603999935, -23.490129102309552], [-50.73113380999997, -23.490065513309577], [-50.73109209199998, -23.490045616309562], [-50.731114021999986, -23.490005308309566], [-50.73121968799995, -23.489942039309554], [-50.73131589599995, -23.489940980309562], [-50.731397313999935, -23.48995651130954], [-50.731491887999944, -23.489979447309523], [-50.73153312799997, -23.489910950309557], [-50.73161169199994, -23.48990530530957], [-50.731685107999965, -23.489887831309574], [-50.73169219299996, -23.489836563309566], [-50.73168777899997, -23.489780541309553], [-50.73172724799997, -23.48979731330955], [-50.731746243999964, -23.489864244309587], [-50.731792767999934, -23.489868461309555], [-50.73184671099994, -23.489821705309538], [-50.73187155599993, -23.489719501309565], [-50.73189722699993, -23.489695072309548], [-50.732010481999964, -23.489702020309583], [-50.73209032299997, -23.48968953730954], [-50.73212491099998, -23.48969010430958], [-50.73216997099997, -23.489613486309537], [-50.73221732599996, -23.48954522930958], [-50.73224303699994, -23.489447282309563], [-50.73226079999994, -23.48944408430956], [-50.732312831999934, -23.48946488830959], [-50.732392577999974, -23.48945971330957], [-50.73245763799997, -23.48941195230955], [-50.73246778499998, -23.48936021230956], [-50.732400851999955, -23.489333445309555], [-50.73236815699994, -23.4892608133096], [-50.732431100999975, -23.489214103309546], [-50.73251075899998, -23.48917864930954], [-50.732580860999974, -23.489084500309605], [-50.73266282499998, -23.489024697309603], [-50.73279920599999, -23.489045895309562], [-50.73289442699996, -23.489029066309552], [-50.732893358999945, -23.48897682630956], [-50.732916183999976, -23.488953011309594], [-50.73309313599999, -23.48894880830958], [-50.73321250899994, -23.488947054309612], [-50.73324432499993, -23.488883573309565], [-50.73326038999994, -23.48884873730957], [-50.733293740999954, -23.488827374309597], [-50.733605712999974, -23.488763986309596], [-50.733716104999985, -23.488798659309555], [-50.733836792999966, -23.4887947043096], [-50.73392327899996, -23.4887444953096], [-50.73406192999994, -23.48868762530957], [-50.73412126399995, -23.488637600309563], [-50.73423441899996, -23.488600205309574], [-50.734311746999936, -23.488584691309597], [-50.734367875999965, -23.488548632309573], [-50.73448769699996, -23.48855177930959], [-50.734585064999976, -23.488622500309585], [-50.73466946499997, -23.488659099309576], [-50.734758742999986, -23.488612713309568], [-50.734958990999985, -23.488527755309573], [-50.735110530999975, -23.4885390773096], [-50.73523912699994, -23.488497831309584], [-50.73540951399997, -23.48839382730961], [-50.735472510999955, -23.488335155309596], [-50.73558215899993, -23.488329716309575], [-50.73563630899997, -23.48828592530959], [-50.735682782999966, -23.488222404309578], [-50.735791863999964, -23.48816701530962], [-50.73584744799995, -23.488112685309606], [-50.73600131999996, -23.488120279309623], [-50.736048049999965, -23.48811483230958], [-50.736149456999954, -23.48805761730961], [-50.736210249999935, -23.488007346309598], [-50.73627422499994, -23.487979517309622], [-50.73642159899998, -23.487933728309617], [-50.736470673999975, -23.487916963309615], [-50.73654907299994, -23.4879260583096], [-50.736656996999955, -23.487913179309615], [-50.736716702999956, -23.487875858309575], [-50.736750848999975, -23.487821339309626], [-50.73673672499996, -23.487766804309622], [-50.73679209199998, -23.48773782230963], [-50.73693659099996, -23.487702644309607], [-50.737020715999954, -23.48768868530961], [-50.73712003199995, -23.487621651309617], [-50.73717892799994, -23.487571053309598], [-50.73721875299998, -23.487475413309614], [-50.73724382599994, -23.487433992309622], [-50.73733078899994, -23.48744767930961], [-50.737386262999955, -23.48738398830963], [-50.73739096199995, -23.487319578309627], [-50.73741514999995, -23.487283953309618], [-50.737494888999954, -23.4872314843096], [-50.73752028299998, -23.487207474309596], [-50.737647369999934, -23.48728660330963], [-50.73774515399998, -23.487314084309645], [-50.73783832899994, -23.487317007309596], [-50.73788772399996, -23.48732917830963], [-50.73796644699996, -23.48731305330963], [-50.738015504999964, -23.487288189309613], [-50.73812291399997, -23.487270051309583], [-50.73821504599994, -23.487234471309623], [-50.73833123099996, -23.487226183309602], [-50.73836689999996, -23.4872152413096], [-50.738447880999956, -23.48722471630961], [-50.738510014999974, -23.487240712309596], [-50.73855181199997, -23.4872759843096], [-50.73860581599996, -23.487301227309636], [-50.73865219399995, -23.487361798309585], [-50.73874063799997, -23.487388105309627], [-50.73880160099998, -23.487418311309586], [-50.73895616699997, -23.487405894309596], [-50.739061824999965, -23.48733030230962], [-50.73906527199995, -23.487283720309645], [-50.73909356599996, -23.48726151630964], [-50.73914436099994, -23.487248670309636], [-50.73921132799995, -23.487211434309607], [-50.73926289299993, -23.487210499309604], [-50.73931403599994, -23.48721973230963], [-50.73943514699994, -23.487195541309596], [-50.73954269299997, -23.487170605309608], [-50.73975904299993, -23.487245867309607], [-50.73983749499996, -23.487229011309598], [-50.73987375599995, -23.487196838309636], [-50.73997607399997, -23.48721469430963], [-50.74008148799994, -23.48714999430965], [-50.74018445799993, -23.487139697309626], [-50.74034216799999, -23.487148827309593], [-50.74039528499998, -23.48708467730965], [-50.740493626999985, -23.487089428309638], [-50.74058030799995, -23.48710855430962], [-50.740638950999944, -23.487184724309635], [-50.74071039699999, -23.48722065730962], [-50.74075660899996, -23.487230956309617], [-50.74082919499995, -23.48726481530959], [-50.74091593299994, -23.48725711430964], [-50.740941687999964, -23.48734510330959], [-50.74096821599994, -23.48739261430963], [-50.74097117699995, -23.487475934309607], [-50.740973621999956, -23.487556178309617], [-50.741045618999976, -23.48763738230959], [-50.741054565999946, -23.48770380830963], [-50.741139725999965, -23.487724045309633], [-50.741330328999936, -23.4876934913096], [-50.74152006199995, -23.487658936309597], [-50.74177249899998, -23.48766077630963], [-50.741882621999935, -23.48771141730959], [-50.74204232999995, -23.487664254309635], [-50.74208192599997, -23.487619216309625], [-50.74223971499998, -23.487566799309622], [-50.742342201999975, -23.4875824373096], [-50.742449411999985, -23.48764476730959], [-50.742634910999975, -23.487806706309605], [-50.74271440899997, -23.487813261309622], [-50.74281294299993, -23.487791308309575], [-50.74284502299997, -23.487748519309626], [-50.74293365099993, -23.487785342309586], [-50.743098517999954, -23.48786159330963], [-50.743165949999934, -23.487859080309605], [-50.743286094999974, -23.4879703123096], [-50.74333337499996, -23.48801307930962], [-50.74334843499997, -23.488091858309584], [-50.74341124699998, -23.488155511309575], [-50.74355373499998, -23.488187454309585], [-50.743629153999954, -23.4882359463096], [-50.74365971199995, -23.488303092309593], [-50.74376604599996, -23.48829766930958], [-50.743902754999965, -23.488249723309583], [-50.74397665399994, -23.4882637733096], [-50.74397523599998, -23.488354437309564], [-50.744058748999976, -23.488398179309574], [-50.74416643799998, -23.488384382309622], [-50.74424401099997, -23.488311480309616], [-50.744309449999946, -23.488275579309576], [-50.74437675199994, -23.4883197593096], [-50.744446796999966, -23.48838187630958], [-50.74462471999994, -23.488431195309595], [-50.74465880199995, -23.488500064309616], [-50.744699855999954, -23.488570680309568], [-50.744838209999955, -23.488588859309573], [-50.744914206999965, -23.488591112309557], [-50.74499211999996, -23.48869546330956], [-50.74516055199996, -23.488715908309576], [-50.745146414999965, -23.488780622309594], [-50.745244014999976, -23.488816032309607], [-50.74529227199997, -23.48891027830961], [-50.74538520099997, -23.488988669309595], [-50.745474276999964, -23.489139060309554], [-50.745594885999935, -23.48921533130958], [-50.745710428999985, -23.4892442793096], [-50.74575926199998, -23.489192741309562], [-50.74589933599998, -23.48919758530955], [-50.745939460999985, -23.489241926309585], [-50.745973755999955, -23.48934236830954], [-50.74603765599994, -23.489410752309567], [-50.746131624999975, -23.489443900309574], [-50.74622726299999, -23.489490686309548], [-50.74628288499998, -23.48949041430959], [-50.74633900899994, -23.489464529309576], [-50.746420098999984, -23.489484972309565], [-50.74664848499998, -23.48959551430957], [-50.746705356999946, -23.48965113730955], [-50.74681067399995, -23.489763075309575], [-50.746979690999986, -23.489904546309578], [-50.747152583999934, -23.49007105430952], [-50.74723087499996, -23.49017796230955], [-50.74729249799998, -23.490263410309538], [-50.74736724799993, -23.49028037530952], [-50.74747998499999, -23.490295911309552], [-50.747528361999976, -23.490392431309555], [-50.74755522399994, -23.490504662309558], [-50.747553504999985, -23.490656314309557], [-50.747612361999984, -23.49072048230955], [-50.747723700999984, -23.49078651330956], [-50.74780406199994, -23.490888008309526], [-50.74788391999993, -23.490938583309514], [-50.74791498199994, -23.490979727309536], [-50.74880700399996, -23.49273045630948], [-50.75130361499998, -23.497969202309392], [-50.75494547699998, -23.505760041309202]]]}, "properties": {"objectid": 19799711, "cod_tema": "AREA_IMOVEL", "nom_tema": "Area do Imovel", "cod_imovel": "PR-4126009-F06EE672D41A4DB2BC914613B12D91FB", "mod_fiscal": 89.464, "num_area": 1789.2807, "ind_status": "AT", "ind_tipo": "IRU", "des_condic": "Em analise", "municipio": "Sao Sebastiao da Amoreira", "cod_estado": "PR", "Shape__Area": 0.0015829807786403257, "Shape__Length": 0.191859365331411}}, {"type": "Feature", "id": 19799715, "geometry": {"type": "Polygon", "coordinates": [[[-50.65010210099996, -23.4623604783102], [-50.65000403199998, -23.4623078683102], [-50.64984386499998, -23.462151783310183], [-50.64916856499997, -23.4619621123102], [-50.64933126799997, -23.462121636310158], [-50.649288339999934, -23.46232288131019], [-50.649195076999945, -23.46226730031017], [-50.64904676799995, -23.462107447310213], [-50.64896720499996, -23.462017843310175], [-50.64875257499995, -23.461982042310208], [-50.64869496299997, -23.461922838310183], [-50.648473815999985, -23.46187076231021], [-50.64839390099997, -23.461840322310167], [-50.64847902699995, -23.4615668203102], [-50.648599039999965, -23.46150359031018], [-50.648609817999954, -23.461204899310175], [-50.64858395799995, -23.461135018310227], [-50.64867528899998, -23.461069374310217], [-50.648227166999966, -23.46087479131022], [-50.64821968399997, -23.46092743631021], [-50.647927031999984, -23.46125611131019], [-50.64777106699995, -23.461325764310214], [-50.64774985399998, -23.461460666310224], [-50.64730084999996, -23.46170859531018], [-50.64693684399998, -23.461621418310212], [-50.64635508499998, -23.46215664931016], [-50.64593072399998, -23.46234140031016], [-50.64540952299995, -23.46248998031019], [-50.645337369999936, -23.462596042310174], [-50.64539567599996, -23.462688490310153], [-50.64531895499993, -23.463148536310143], [-50.64522286399995, -23.46330910131018], [-50.64473580199996, -23.46335830531017], [-50.64455562799997, -23.46325293431016], [-50.644482650999976, -23.46297166731017], [-50.644217134999955, -23.462888412310186], [-50.64423934399996, -23.46263924731017], [-50.644243493999966, -23.462515417310165], [-50.64423923399993, -23.462424357310184], [-50.64389030299998, -23.462265396310176], [-50.64386678699998, -23.4621256963102], [-50.64377050099994, -23.461993507310208], [-50.643884120999985, -23.461686470310188], [-50.64376570399997, -23.461664883310196], [-50.64369020799995, -23.46148405431021], [-50.64377708799997, -23.46147278131017], [-50.643650271999945, -23.46126049231018], [-50.64345208599996, -23.461191390310187], [-50.643380717999946, -23.461333403310206], [-50.643222089999945, -23.461190683310218], [-50.643245186999934, -23.46104874031021], [-50.643089595999975, -23.461015053310216], [-50.64297321999993, -23.460708033310194], [-50.64236766299996, -23.46029610631024], [-50.64195819799994, -23.45993105431024], [-50.64175984099995, -23.459672532310226], [-50.64186667099995, -23.459451564310232], [-50.64178674599998, -23.45935346531028], [-50.64634138199995, -23.453666595310366], [-50.64663217899993, -23.4535960123104], [-50.64692191199998, -23.453553645310347], [-50.64791093999997, -23.453503589310387], [-50.649343311999985, -23.45337130431038], [-50.64994563299996, -23.453313889310365], [-50.65117447399996, -23.4532292943104], [-50.651784831999976, -23.453205491310356], [-50.65415859799998, -23.452989358310386], [-50.65521922399995, -23.45288425131037], [-50.65712678999995, -23.45273081431037], [-50.658474423999955, -23.452615232310404], [-50.658938080999974, -23.452585101310387], [-50.65914213099995, -23.452557310310397], [-50.65940011799995, -23.452487571310385], [-50.660989424999975, -23.451867623310388], [-50.66198301199995, -23.45149262231044], [-50.663013518999946, -23.45110026131043], [-50.66461166499993, -23.450506896310458], [-50.66509705399994, -23.450346071310435], [-50.666322623999974, -23.44987361531043], [-50.66758565499998, -23.44938504231046], [-50.66843368699994, -23.44905835831046], [-50.669098263999956, -23.448809559310497], [-50.66995360799996, -23.448484780310466], [-50.67052255699996, -23.44827401431052], [-50.67069611099999, -23.451644443310414], [-50.670703610999965, -23.451789443310386], [-50.67073194399995, -23.45202555431042], [-50.670506666999984, -23.452506110310374], [-50.66758833299997, -23.453912221310336], [-50.666225832999935, -23.454959999310365], [-50.665264721999954, -23.456882221310277], [-50.66190305599997, -23.45789805431025], [-50.65947749999999, -23.4575994433103], [-50.659147777999976, -23.457867499310286], [-50.65776805599995, -23.45885499931026], [-50.65561999999994, -23.459848332310244], [-50.655129166999984, -23.460174166310207], [-50.65406944399996, -23.460919721310226], [-50.65336472199993, -23.461938888310183], [-50.652946110999956, -23.462834166310195], [-50.65258222199997, -23.46320111031013], [-50.65199376399994, -23.462822402310177], [-50.65150141999993, -23.46257281031018], [-50.65105151299998, -23.462271464310174], [-50.65080073099995, -23.46231823431016], [-50.650538283999936, -23.462406981310167], [-50.650402370999984, -23.46252157431019], [-50.65010210099996, -23.4623604783102]]]}, "properties": {"objectid": 19799715, "cod_tema": "AREA_IMOVEL", "nom_tema": "Area do Imovel", "cod_imovel": "PR-4126009-1C354DBECA1C4CD7BFF7A805652D9596", "mod_fiscal": 10.6629, "num_area": 213.1269, "ind_status": "AT", "ind_tipo": "IRU", "des_condic": "Aguardando analise", "municipio": "Sao Sebastiao da Amoreira", "cod_estado": "PR", "Shape__Area": 0.00018848797561126196, "Shape__Length": 0.07650726970687943}}, {"type": "Feature", "id": 19799716, "geometry": {"type": "Polygon", "coordinates": [[[-50.63431150099996, -23.436207611310785], [-50.635961337999966, -23.436854766310727], [-50.63641147999993, -23.436954463310734], [-50.63703479999999, -23.436975496310716], [-50.63769415399997, -23.43703622031076], [-50.638093615999935, -23.437309377310736], [-50.638264351999965, -23.437792487310734], [-50.63848762799995, -23.438740899310723], [-50.63922996999997, -23.439760218310663], [-50.63945379099994, -23.440532978310667], [-50.64027833199999, -23.441311703310618], [-50.641639364999946, -23.442680360310593], [-50.63636553899994, -23.44349063731061], [-50.63645706499995, -23.443823881310585], [-50.63653588899996, -23.44412279831058], [-50.63671120999992, -23.444691921310564], [-50.63711752299997, -23.445045037310546], [-50.637214711999945, -23.445201729310558], [-50.63722442399995, -23.445381026310542], [-50.63718526599996, -23.44548034131054], [-50.637128116999975, -23.445524794310582], [-50.63689419199994, -23.445592746310584], [-50.636588538999945, -23.445808949310557], [-50.63658717599998, -23.445745418310523], [-50.63660304399997, -23.445566957310565], [-50.636564003999986, -23.445465690310588], [-50.636453606999964, -23.445391897310582], [-50.63643742199997, -23.445353181310566], [-50.63641739099995, -23.445335357310565], [-50.63641693399995, -23.445309215310555], [-50.636375124999965, -23.445203895310563], [-50.636259971999955, -23.445107960310573], [-50.635559898999986, -23.444729975310576], [-50.63543969799997, -23.4447542903106], [-50.63533222499996, -23.44491757831055], [-50.63527382199993, -23.44498722931059], [-50.63527158199998, -23.445018631310585], [-50.63520887399994, -23.445764550310553], [-50.63517500599993, -23.446158274310548], [-50.635632274999985, -23.446383518310522], [-50.635906414999965, -23.44684274531053], [-50.63565476699995, -23.447756612310524], [-50.63551011399994, -23.448135309310477], [-50.635521204999975, -23.4490956843105], [-50.635583579999945, -23.449102695310465], [-50.63593229999998, -23.44897565031048], [-50.63618544399997, -23.44896371131049], [-50.636252412999966, -23.448980488310475], [-50.636307660999925, -23.44910896431046], [-50.63643907799997, -23.449294994310463], [-50.636693677999965, -23.449549264310484], [-50.63684670099997, -23.449682285310434], [-50.63726339699997, -23.450003395310443], [-50.63770639499995, -23.45030887431046], [-50.63816167199997, -23.45059320031044], [-50.638289413999985, -23.450666707310457], [-50.63853556099996, -23.45079171331042], [-50.63868765299998, -23.450850562310443], [-50.63889628199996, -23.450907373310425], [-50.63903519999997, -23.45092537231044], [-50.63916669499997, -23.450926164310424], [-50.63959478199995, -23.450887987310455], [-50.639842218999945, -23.450876978310408], [-50.64040038999996, -23.450814548310447], [-50.640610453999955, -23.450804563310435], [-50.64079263199994, -23.450806129310408], [-50.64089814299996, -23.45081769931044], [-50.640998955999976, -23.450843015310436], [-50.641825954999945, -23.451125709310404], [-50.64205421299994, -23.45120864931043], [-50.64243678199995, -23.451393343310407], [-50.642657516999975, -23.451521898310403], [-50.64285842399993, -23.451651690310403], [-50.64306171299995, -23.45180564931044], [-50.64354753699996, -23.452201864310393], [-50.643877087999954, -23.452491314310418], [-50.64400895899996, -23.452582467310393], [-50.644126356999955, -23.452648692310394], [-50.64471040999996, -23.452937962310386], [-50.64530906799996, -23.453196334310388], [-50.64572139399996, -23.453372309310385], [-50.64614608199998, -23.453616788310388], [-50.64634138199995, -23.453666595310366], [-50.64178674599998, -23.45935346531028], [-50.64140512199998, -23.459448878310265], [-50.641249621999975, -23.459346269310263], [-50.641299372999974, -23.459196981310267], [-50.64127735899996, -23.459082123310253], [-50.64113963099994, -23.45906988331026], [-50.64076119499998, -23.45892819131027], [-50.640863123999964, -23.458854357310244], [-50.64079450199995, -23.458559820310242], [-50.640566116999935, -23.45843581631026], [-50.64056959399994, -23.45823665031025], [-50.64075576599999, -23.458184237310263], [-50.64084942599993, -23.45805447131028], [-50.64107232099997, -23.45789103931025], [-50.64099385499998, -23.45692787131028], [-50.64095882899994, -23.45644751731029], [-50.64068730499997, -23.455984773310316], [-50.64028744299998, -23.455370796310316], [-50.64005319399997, -23.455389857310315], [-50.639639219999935, -23.45564787231035], [-50.63942860099996, -23.45565443131034], [-50.63923655999997, -23.455525540310298], [-50.63803652299998, -23.455118724310363], [-50.63777236299995, -23.455011975310363], [-50.63732022299996, -23.455011557310346], [-50.636145563999946, -23.455709045310357], [-50.63569164199998, -23.45603614731032], [-50.634902746999956, -23.456478085310305], [-50.63462290199993, -23.456378701310292], [-50.63393680999997, -23.4559669133103], [-50.63355661099996, -23.45583143231033], [-50.63314632699996, -23.455847992310325], [-50.63269675499999, -23.456050624310286], [-50.63253463999996, -23.45600724631031], [-50.63248061599995, -23.455751761310346], [-50.63268528599997, -23.455631023310318], [-50.63266148699994, -23.45552736131032], [-50.63229987899996, -23.455290844310362], [-50.63204882499997, -23.45547343731033], [-50.63188014399997, -23.455573845310305], [-50.631876628999976, -23.455322996310322], [-50.63168780099994, -23.45513304231031], [-50.63143347699997, -23.455117628310358], [-50.63133094299997, -23.455161285310343], [-50.633233812999954, -23.45112037531042], [-50.633251006999956, -23.451062922310413], [-50.63329847499995, -23.450923549310446], [-50.633462013999974, -23.450608499310416], [-50.633630864999986, -23.45028784231044], [-50.633680829999946, -23.450222318310466], [-50.63369360199994, -23.450174140310434], [-50.633893118999936, -23.450111415310463], [-50.63406152099997, -23.450006316310475], [-50.634238911999944, -23.449904146310434], [-50.63456854699996, -23.449413100310455], [-50.633510282999964, -23.449327020310434], [-50.63322116899996, -23.449519507310495], [-50.633079246999955, -23.449724760310477], [-50.632931281999966, -23.44986032031046], [-50.632725985999976, -23.449923690310484], [-50.63264747299997, -23.449907119310474], [-50.63259343999994, -23.44981844431045], [-50.63252377699996, -23.44966056731046], [-50.63254153699995, -23.449572241310438], [-50.632876686999964, -23.44816806731052], [-50.63267825799994, -23.447420307310505], [-50.63225357799996, -23.445810122310537], [-50.63178475999997, -23.444593526310562], [-50.632090189999985, -23.444222591310584], [-50.632231643999944, -23.444166822310557], [-50.63217767799995, -23.443849851310606], [-50.63215330499997, -23.443420238310622], [-50.63230158999994, -23.44238859831064], [-50.632539907999956, -23.44188502931067], [-50.632632711999975, -23.44169531431063], [-50.63244808599995, -23.441688087310666], [-50.632097176999935, -23.44172365431066], [-50.63280902099996, -23.440592443310656], [-50.63301851399996, -23.44043585531068], [-50.632927724999945, -23.44038223131065], [-50.63311191799994, -23.440006745310658], [-50.633172994999946, -23.439567379310702], [-50.63290688799998, -23.438526589310733], [-50.632973922999945, -23.437964390310746], [-50.63318164899994, -23.437676948310756], [-50.63365355999997, -23.437263179310737], [-50.63410686999998, -23.436510761310767], [-50.63431150099996, -23.436207611310785]]]}, "properties": {"objectid": 19799716, "cod_tema": "AREA_IMOVEL", "nom_tema": "Area do Imovel", "cod_imovel": "PR-4126009-EA8CC67719AA472C99397D667E56FD86", "mod_fiscal": 7.7543, "num_area": 154.7917, "ind_status": "AT", "ind_tipo": "IRU", "des_condic": "Aguardando analise", "municipio": "Sao Sebastiao da Amoreira", "cod_estado": "PR", "Shape__Area": 0.00013688790257435847, "Shape__Length": 0.08630013380531658}}, {"type": "Feature", "id": 19799717, "geometry": {"type": "Polygon", "coordinates": [[[-50.64581805599994, -23.447969166310482], [-50.64706694399996, -23.448775832310485], [-50.647297777999945, -23.448863332310488], [-50.64750472199995, -23.448821388310463], [-50.64843138899993, -23.448690277310494], [-50.65014722199992, -23.448874166310453], [-50.651927499999935, -23.4488444433105], [-50.65339388899997, -23.44825999931049], [-50.654716666999946, -23.447938054310494], [-50.65500416699996, -23.447766388310523], [-50.655289721999964, -23.447766388310537], [-50.65606611099997, -23.44736499931049], [-50.65658027799998, -23.447072777310517], [-50.65865527799997, -23.445863054310546], [-50.659295555999954, -23.445818888310537], [-50.662047221999956, -23.445651666310535], [-50.666428888999974, -23.44540333231055], [-50.66846055599996, -23.447459166310537], [-50.670424443999934, -23.44636861031055], [-50.67052255699996, -23.44827401431052], [-50.66995360799996, -23.448484780310466], [-50.669098263999956, -23.448809559310497], [-50.66843368699994, -23.44905835831046], [-50.66758565499998, -23.44938504231046], [-50.666322623999974, -23.44987361531043], [-50.66509705399994, -23.450346071310435], [-50.66461166499993, -23.450506896310458], [-50.663013518999946, -23.45110026131043], [-50.66198301199995, -23.45149262231044], [-50.660989424999975, -23.451867623310388], [-50.65940011799995, -23.452487571310385], [-50.65914213099995, -23.452557310310397], [-50.658938080999974, -23.452585101310387], [-50.658474423999955, -23.452615232310404], [-50.65712678999995, -23.45273081431037], [-50.65521922399995, -23.45288425131037], [-50.65415859799998, -23.452989358310386], [-50.651784831999976, -23.453205491310356], [-50.65117447399996, -23.4532292943104], [-50.64994563299996, -23.453313889310365], [-50.649343311999985, -23.45337130431038], [-50.64791093999997, -23.453503589310387], [-50.64692191199998, -23.453553645310347], [-50.64663217899993, -23.4535960123104], [-50.64634138199995, -23.453666595310366], [-50.64614608199998, -23.453616788310388], [-50.64572139399996, -23.453372309310385], [-50.64530906799996, -23.453196334310388], [-50.64471040999996, -23.452937962310386], [-50.644126356999955, -23.452648692310394], [-50.64400895899996, -23.452582467310393], [-50.643877087999954, -23.452491314310418], [-50.64354753699996, -23.452201864310393], [-50.64306171299995, -23.45180564931044], [-50.64285842399993, -23.451651690310403], [-50.642657516999975, -23.451521898310403], [-50.64243678199995, -23.451393343310407], [-50.64205421299994, -23.45120864931043], [-50.641825954999945, -23.451125709310404], [-50.640998955999976, -23.450843015310436], [-50.64089814299996, -23.45081769931044], [-50.64079263199994, -23.450806129310408], [-50.640610453999955, -23.450804563310435], [-50.64040038999996, -23.450814548310447], [-50.639842218999945, -23.450876978310408], [-50.63959478199995, -23.450887987310455], [-50.63916669499997, -23.450926164310424], [-50.63903519999997, -23.45092537231044], [-50.63889628199996, -23.450907373310425], [-50.63868765299998, -23.450850562310443], [-50.63853556099996, -23.45079171331042], [-50.638289413999985, -23.450666707310457], [-50.63816167199997, -23.45059320031044], [-50.63770639499995, -23.45030887431046], [-50.63726339699997, -23.450003395310443], [-50.63684670099997, -23.449682285310434], [-50.636693677999965, -23.449549264310484], [-50.63643907799997, -23.449294994310463], [-50.636307660999925, -23.44910896431046], [-50.636252412999966, -23.448980488310475], [-50.63618544399997, -23.44896371131049], [-50.63593229999998, -23.44897565031048], [-50.635583579999945, -23.449102695310465], [-50.635521204999975, -23.4490956843105], [-50.63551011399994, -23.448135309310477], [-50.63565476699995, -23.447756612310524], [-50.635906414999965, -23.44684274531053], [-50.635632274999985, -23.446383518310522], [-50.63517500599993, -23.446158274310548], [-50.63520887399994, -23.445764550310553], [-50.63527158199998, -23.445018631310585], [-50.63527382199993, -23.44498722931059], [-50.63533222499996, -23.44491757831055], [-50.63543969799997, -23.4447542903106], [-50.635559898999986, -23.444729975310576], [-50.636259971999955, -23.445107960310573], [-50.636375124999965, -23.445203895310563], [-50.63641693399995, -23.445309215310555], [-50.63641739099995, -23.445335357310565], [-50.63643742199997, -23.445353181310566], [-50.636453606999964, -23.445391897310582], [-50.636564003999986, -23.445465690310588], [-50.63660304399997, -23.445566957310565], [-50.63658717599998, -23.445745418310523], [-50.636588538999945, -23.445808949310557], [-50.63689419199994, -23.445592746310584], [-50.637128116999975, -23.445524794310582], [-50.63718526599996, -23.44548034131054], [-50.63722442399995, -23.445381026310542], [-50.637214711999945, -23.445201729310558], [-50.63711752299997, -23.445045037310546], [-50.63671120999992, -23.444691921310564], [-50.63653588899996, -23.44412279831058], [-50.63645706499995, -23.443823881310585], [-50.63636553899994, -23.44349063731061], [-50.641639364999946, -23.442680360310593], [-50.641994342999965, -23.44285659231059], [-50.64246583299996, -23.44290944331061], [-50.64208416699995, -23.44405222131061], [-50.64224999999993, -23.444372221310594], [-50.64429416699995, -23.445860554310556], [-50.64471694399998, -23.446276666310535], [-50.64527111099994, -23.44708444331049], [-50.64535888899996, -23.44739916631052], [-50.64581805599994, -23.447969166310482]]]}, "properties": {"objectid": 19799717, "cod_tema": "AREA_IMOVEL", "nom_tema": "Area do Imovel", "cod_imovel": "PR-4126009-E7A7FFE9681C4810A8292D12B6DD316E", "mod_fiscal": 10.6882, "num_area": 213.7641, "ind_status": "AT", "ind_tipo": "IRU", "des_condic": "Aguardando analise", "municipio": "Sao Sebastiao da Amoreira", "cod_estado": "PR", "Shape__Area": 0.00018904109723683407, "Shape__Length": 0.08842364123203565}}, {"type": "Feature", "id": 19799719, "geometry": {"type": "Polygon", "coordinates": [[[-50.65223586899998, -23.462972072310155], [-50.650657171999974, -23.462294029310176], [-50.65295115399993, -23.461554699310202], [-50.65223586899998, -23.462972072310155]]]}, "properties": {"objectid": 19799719, "cod_tema": "AREA_IMOVEL", "nom_tema": "Area do Imovel", "cod_imovel": "PR-4126009-E7306396EA414BA0A3DF98310978638B", "mod_fiscal": 0.077, "num_area": 1.5392000000000001, "ind_status": "PE", "ind_tipo": "IRU", "des_condic": "Aguardando analise, apos revisao ou atendimento da notificacao", "municipio": "Sao Sebastiao da Amoreira", "cod_estado": "PR", "Shape__Area": 1.361298245095363e-06, "Shape__Length": 0.005715958231484161}}, {"type": "Feature", "id": 19799768, "geometry": {"type": "Polygon", "coordinates": [[[-50.699784446999956, -23.49668391630938], [-50.738948393999976, -23.487453331309624], [-50.74795639099994, -23.490949978309516], [-50.75565192799996, -23.50821759330916], [-50.729370994999954, -23.514125308308998], [-50.71395414999995, -23.510158468309115], [-50.700940727999985, -23.50719642130915], [-50.699784446999956, -23.49668391630938]]]}, "properties": {"objectid": 19799768, "cod_tema": "AREA_IMOVEL", "nom_tema": "Area do Imovel", "cod_imovel": "PR-4126009-176E13D115D24F39B1755576EF093760", "mod_fiscal": 56.9135, "num_area": 1138.2694, "ind_status": "AT", "ind_tipo": "IRU", "des_condic": "Aguardando analise", "municipio": "Sao Sebastiao da Amoreira", "cod_estado": "PR", "Shape__Area": 0.0010070508413770787, "Shape__Length": 0.13558261593483042}}, {"type": "Feature", "id": 19799806, "geometry": {"type": "Polygon", "coordinates": [[[-50.702397291999944, -23.4650882453101], [-50.70399206099995, -23.465300697310123], [-50.70496628199999, -23.465718966310074], [-50.71089619999998, -23.46856636131001], [-50.71213628899994, -23.469182580309983], [-50.712752233999936, -23.470285269310015], [-50.71330476099996, -23.471073090309957], [-50.71413618199994, -23.47148452630999], [-50.71449580899998, -23.47398658330989], [-50.71476692699998, -23.47681138130984], [-50.71514110199996, -23.47981957030978], [-50.71514842499994, -23.47987844230979], [-50.708944560999946, -23.480490093309758], [-50.70831212599995, -23.480555185309758], [-50.707860453999956, -23.480671461309782], [-50.70721585499995, -23.480932145309737], [-50.70665848099998, -23.481276795309768], [-50.706596511999976, -23.48132696530977], [-50.70565720899999, -23.48135093630973], [-50.70565176599997, -23.481318967309775], [-50.70563984899997, -23.48130016830975], [-50.70560256799996, -23.481266885309754], [-50.70558277599997, -23.481257613309744], [-50.70553995599994, -23.481248966309735], [-50.70554089099994, -23.48103078030976], [-50.70545065999994, -23.480825884309752], [-50.70528986699997, -23.4804857683098], [-50.705221948999956, -23.480240363309758], [-50.70500026899998, -23.477541116309812], [-50.70492448299996, -23.47740518330984], [-50.70458585299997, -23.47705972330985], [-50.703615035999974, -23.47629992830985], [-50.70317460499996, -23.47608327830988], [-50.699123605999944, -23.470038294309983], [-50.699168216999965, -23.468660901310024], [-50.702397291999944, -23.4650882453101]]]}, "properties": {"objectid": 19799806, "cod_tema": "AREA_IMOVEL", "nom_tema": "Area do Imovel", "cod_imovel": "PR-4126009-580FECBA316642FFB49D796F599A76CF", "mod_fiscal": 9.2729, "num_area": 185.4574, "ind_status": "AT", "ind_tipo": "IRU", "des_condic": "Em analise", "municipio": "Sao Sebastiao da Amoreira", "cod_estado": "PR", "Shape__Area": 0.00016403914983570596, "Shape__Length": 0.05173234992930366}}, {"type": "Feature", "id": 19799820, "geometry": {"type": "Polygon", "coordinates": [[[-50.71011005999998, -23.518371907308907], [-50.71014374599997, -23.518429963308904], [-50.710158601999986, -23.51845261030889], [-50.710169090999955, -23.518497071308907], [-50.71027953499999, -23.518469126308908], [-50.71028690199994, -23.518370003308927], [-50.710308217999966, -23.51836280930888], [-50.71043806299997, -23.518412101308915], [-50.71056782599993, -23.51839621330891], [-50.71063764699994, -23.518433547308927], [-50.710773167999946, -23.518405986308892], [-50.710914800999944, -23.518372030308925], [-50.710945067999944, -23.51840496130894], [-50.710982083999966, -23.518416090308904], [-50.71104674999998, -23.518347196308934], [-50.711028244999966, -23.518316944308943], [-50.71114370799996, -23.51829682730892], [-50.71127045699996, -23.518361428308932], [-50.711545759999986, -23.518376330308914], [-50.71169161299997, -23.5183684253089], [-50.71189404999996, -23.518442594308922], [-50.71206271699998, -23.51840975930889], [-50.71231052099995, -23.518439392308885], [-50.71242021899997, -23.51847307130891], [-50.71255853199995, -23.518503487308923], [-50.712685756999974, -23.51853835930894], [-50.71274471899994, -23.518483634308897], [-50.71277821799998, -23.518451056308887], [-50.71289689699995, -23.518484855308895], [-50.712976947999955, -23.518460180308935], [-50.71299807999998, -23.518408326308933], [-50.71305911699994, -23.51839864030893], [-50.71320346699998, -23.518416970308916], [-50.71327846099996, -23.518408616308943], [-50.713356928999985, -23.5183607123089], [-50.71341016399998, -23.518333615308908], [-50.71353272399995, -23.518322169308938], [-50.71363856299997, -23.5182878583089], [-50.713734354999985, -23.51832457230894], [-50.71380222099997, -23.518321584308925], [-50.71386485299996, -23.518372052308923], [-50.71433016699996, -23.51851366230893], [-50.714450786999976, -23.51861932930893], [-50.71454245399997, -23.518703058308926], [-50.714601813999934, -23.518782735308882], [-50.71473565299993, -23.518806337308888], [-50.71478801999996, -23.518827410308916], [-50.71488743499998, -23.51885647230891], [-50.714964098999985, -23.518938224308894], [-50.71506148499997, -23.518991076308893], [-50.71512907999994, -23.51904579130888], [-50.71520724199996, -23.519045008308915], [-50.71532102199996, -23.51910459530892], [-50.71547692099995, -23.51925186030887], [-50.71575665499994, -23.5192887303089], [-50.716031167999965, -23.519275546308887], [-50.716552461999974, -23.519262590308916], [-50.71668531699998, -23.519311352308918], [-50.71670441099997, -23.519374491308884], [-50.71697442399994, -23.51957356130888], [-50.71723649899996, -23.519433977308875], [-50.71721502699995, -23.51956507530886], [-50.71728984199996, -23.519578433308922], [-50.717402099999966, -23.51967194130888], [-50.717466100999964, -23.519724653308884], [-50.71769940199993, -23.519803335308872], [-50.71785819599995, -23.519897759308858], [-50.71795424299996, -23.51998798830888], [-50.71820202799995, -23.520178242308898], [-50.71824624599997, -23.52026463330886], [-50.71830077299995, -23.520280162308858], [-50.71836428499995, -23.520285546308877], [-50.71847508999998, -23.520298544308865], [-50.718391431999976, -23.520365057308908], [-50.71835785699995, -23.520467647308884], [-50.718307885999934, -23.52048800930887], [-50.718180346999986, -23.520547262308877], [-50.71807953399997, -23.52066140030884], [-50.71801801699996, -23.52079226930886], [-50.71788424899996, -23.52091698030888], [-50.71783612999997, -23.520993669308847], [-50.71777281999994, -23.521030530308856], [-50.71757282799996, -23.521299282308856], [-50.717284836999966, -23.52186769430885], [-50.71720116999995, -23.522039782308845], [-50.71718138999994, -23.522175867308857], [-50.71705646999994, -23.522334856308845], [-50.716971823999984, -23.52245617330883], [-50.71686746099993, -23.522605702308823], [-50.716810814999974, -23.522731848308826], [-50.71673314399993, -23.522822197308837], [-50.71659579199996, -23.52299194130883], [-50.71651772599994, -23.523131128308833], [-50.716433879999954, -23.523286419308832], [-50.71625687799996, -23.5234752103088], [-50.71617959399998, -23.52361386330882], [-50.71612176899998, -23.52367407430882], [-50.715911621999965, -23.52350088130879], [-50.71391940999996, -23.521750843308823], [-50.71161165099994, -23.524073823308797], [-50.70996985399995, -23.52575806630876], [-50.70958729299997, -23.52610066130875], [-50.71023324499998, -23.526692567308697], [-50.711825709999964, -23.528186570308677], [-50.711756858999934, -23.528245786308688], [-50.71170987099998, -23.528351157308702], [-50.71154744399997, -23.528537724308705], [-50.71147585999995, -23.52862940430869], [-50.71148650099997, -23.528652166308692], [-50.71145687499995, -23.528658762308684], [-50.71133826699998, -23.52872165530868], [-50.71124641199999, -23.528811053308686], [-50.71106594799994, -23.528869579308655], [-50.710994641999946, -23.528854310308706], [-50.71098983899998, -23.528914080308716], [-50.71096933199993, -23.5289565493087], [-50.71096112099996, -23.52902134330867], [-50.710953502999985, -23.529055037308684], [-50.71089935699995, -23.529089781308695], [-50.71086598799996, -23.52911866330867], [-50.710801447999984, -23.52912794930869], [-50.71078530699998, -23.529086678308655], [-50.70979699299994, -23.52884859830868], [-50.709652656999936, -23.529043249308693], [-50.709654386999944, -23.529157433308672], [-50.709491646999936, -23.52920882830869], [-50.70936175799995, -23.529340695308683], [-50.70925996499994, -23.529469579308675], [-50.70910299399998, -23.52961614330864], [-50.70903479399993, -23.529715755308686], [-50.708902974999944, -23.52976304030868], [-50.70869241099996, -23.529865928308684], [-50.708549552999955, -23.529964405308675], [-50.70851535299994, -23.53008457430863], [-50.70841133199997, -23.530145160308653], [-50.70835774899996, -23.53021347430868], [-50.708228837999975, -23.530319321308667], [-50.708150856999964, -23.530288658308645], [-50.70806956999997, -23.530302184308677], [-50.70803442499993, -23.53033094830866], [-50.70779899399998, -23.53047875530867], [-50.707744453999965, -23.53051804330865], [-50.707547733999945, -23.530667162308667], [-50.70771254199997, -23.53077167230863], [-50.70612326899993, -23.533012038308602], [-50.70509032799998, -23.53451139030857], [-50.70505736399997, -23.53455813030858], [-50.70557697299996, -23.534841421308528], [-50.706387580999944, -23.535336922308517], [-50.70335284799996, -23.536769793308494], [-50.70161613899995, -23.53556139230854], [-50.70043802999998, -23.53475498630853], [-50.69945205099998, -23.534045882308583], [-50.699506756999945, -23.533965919308574], [-50.69958209999999, -23.53389625630859], [-50.69968396599995, -23.533842703308547], [-50.699757261999935, -23.533820097308595], [-50.699842633999936, -23.533772485308592], [-50.69989364299994, -23.53377584230856], [-50.69995514999994, -23.533724179308603], [-50.70001502499998, -23.533646151308574], [-50.70012781299993, -23.533616581308603], [-50.70021480799994, -23.533629447308563], [-50.70028480399998, -23.53360044330856], [-50.70036674299996, -23.53360200830856], [-50.700475789999984, -23.5335264373086], [-50.70057211999995, -23.53346262530858], [-50.700680466999984, -23.533383967308577], [-50.700753179999936, -23.533330732308578], [-50.70073456799997, -23.533309085308602], [-50.70051295799994, -23.533024517308576], [-50.69920592699998, -23.531533021308636], [-50.69916126299996, -23.531485103308626], [-50.69742653199995, -23.529496733308676], [-50.69692701799993, -23.53073455330862], [-50.696710026999945, -23.531205197308623], [-50.690975151999965, -23.528937314308674], [-50.69115221899995, -23.527866110308725], [-50.688150382999936, -23.527105728308737], [-50.686243624999975, -23.526620932308724], [-50.68601321599993, -23.526563093308763], [-50.686849698999936, -23.52020954730889], [-50.68588968499995, -23.519861818308904], [-50.686543829999955, -23.517005449308932], [-50.688157940999986, -23.518005286308906], [-50.688196295999944, -23.518051625308896], [-50.68826767599996, -23.518031351308945], [-50.688273874999936, -23.517886339308937], [-50.68826085299998, -23.517818284308948], [-50.68829798299998, -23.517760733308958], [-50.68834193699996, -23.517728495308944], [-50.68833285899996, -23.51767360530894], [-50.68830384399997, -23.51764115230891], [-50.68830867799994, -23.51754838330893], [-50.68836484799994, -23.51746278030893], [-50.68844151299999, -23.517404453308956], [-50.688436052999975, -23.517369340308928], [-50.68850518499995, -23.51735345130893], [-50.68854051999994, -23.51724569930892], [-50.68857900599994, -23.51720318530895], [-50.688655289999986, -23.517154911308946], [-50.68865452299997, -23.51709707330893], [-50.688666563999966, -23.517010214308954], [-50.688590992999934, -23.516927501308928], [-50.68847673199996, -23.516635178308928], [-50.688465588999975, -23.51649516030896], [-50.68843368499995, -23.516188381308954], [-50.68841585099995, -23.51611017630898], [-50.688353044999985, -23.515974432308962], [-50.68829962899997, -23.515734504308977], [-50.688319398999965, -23.515683858309007], [-50.68835815499995, -23.515681645308977], [-50.68840204099997, -23.515607622308963], [-50.688393995999945, -23.515541681308957], [-50.68836705899997, -23.515424342308975], [-50.68829758199996, -23.51530279030898], [-50.68816229899994, -23.515262994308987], [-50.688050121999936, -23.51515601330898], [-50.68803989199995, -23.515129003308996], [-50.68806662299993, -23.51509713830901], [-50.68807130399994, -23.51496780030899], [-50.688087179999975, -23.514852997309028], [-50.68806201199993, -23.514661829309013], [-50.68806978799995, -23.51450310730898], [-50.68808517599996, -23.514432654309008], [-50.68808603699995, -23.514357797308985], [-50.68825447699999, -23.514107792308995], [-50.688345236999965, -23.51384854430904], [-50.68834994799994, -23.513711102308992], [-50.68836252699998, -23.51350254630905], [-50.68833588299998, -23.51303863430902], [-50.68823182999995, -23.51261300630906], [-50.688348480999935, -23.512364968309058], [-50.688606972999935, -23.512023527309033], [-50.68869866299996, -23.51130288530907], [-50.688557722999974, -23.511264939309054], [-50.68807157299995, -23.511095986309094], [-50.68777884999997, -23.510936348309095], [-50.68754763599998, -23.510488928309105], [-50.68732462799994, -23.51041901130908], [-50.68701120199995, -23.51042250730912], [-50.686233958999935, -23.510132865309078], [-50.68626609799997, -23.509867442309115], [-50.68620009999995, -23.50944625230913], [-50.686203295999974, -23.50905519730912], [-50.68602349499997, -23.50876521230913], [-50.68560470799997, -23.508888330309148], [-50.68531025699997, -23.508531652309166], [-50.68475743199997, -23.508467671309123], [-50.68429453799996, -23.508365224309166], [-50.68399693499998, -23.508246531309116], [-50.68369700599994, -23.508010172309138], [-50.68310252799994, -23.507736506309147], [-50.68281234899996, -23.507597508309146], [-50.68246673299996, -23.507447263309157], [-50.682124099999946, -23.507233082309167], [-50.68174775199997, -23.507141046309158], [-50.681484583999975, -23.50638689230919], [-50.683242107999945, -23.505563076309226], [-50.683742595999945, -23.50535241330921], [-50.68416539399993, -23.50519974230919], [-50.68460038799997, -23.50506869830919], [-50.685035427999935, -23.504962144309246], [-50.68545748699995, -23.504883649309217], [-50.685938540999985, -23.504817997309225], [-50.68939732599994, -23.504459012309248], [-50.69247592099998, -23.504139614309203], [-50.69286428099997, -23.507663967309174], [-50.69343912999995, -23.512735738309022], [-50.69405753999996, -23.51812194530892], [-50.70194900399997, -23.517470349308915], [-50.702042853999956, -23.518520152308902], [-50.70218848499996, -23.520091105308857], [-50.70219927399995, -23.520159894308865], [-50.702305784999965, -23.52008295030887], [-50.70244810799994, -23.520058256308882], [-50.70251287599996, -23.52000674630889], [-50.70276824299998, -23.519962325308853], [-50.702902465999955, -23.519873131308856], [-50.70305269799997, -23.5198625003089], [-50.703248371999955, -23.519886151308903], [-50.703336666999974, -23.519850428308896], [-50.703396891999944, -23.519829703308876], [-50.703557134999976, -23.51987468930886], [-50.70359734699997, -23.51989971830888], [-50.70361193699995, -23.519961919308884], [-50.70370709599996, -23.52000512430888], [-50.70383893099996, -23.520099387308875], [-50.70394305499997, -23.520267698308846], [-50.70415138899995, -23.520457155308875], [-50.70429530299999, -23.520513623308844], [-50.70439328899993, -23.520469592308878], [-50.70455243599997, -23.52046849730887], [-50.70471192399998, -23.52039820130889], [-50.70478900099993, -23.52034851530887], [-50.70491102999995, -23.520303161308867], [-50.70505214699995, -23.520271944308863], [-50.705202579999934, -23.520182651308875], [-50.705357891999945, -23.520134798308863], [-50.70546864299996, -23.52011853630889], [-50.705551918999966, -23.520083717308893], [-50.70567605399997, -23.520101171308887], [-50.705695679999955, -23.520058588308903], [-50.70571108299999, -23.519977126308877], [-50.70580148099998, -23.519946433308885], [-50.705984949999966, -23.519895433308903], [-50.70609712299996, -23.5198059113089], [-50.706197921999944, -23.51975103030888], [-50.70625067499998, -23.51978532530891], [-50.706273529999976, -23.519808083308906], [-50.70635285299994, -23.51970648730887], [-50.70643004899995, -23.519675751308885], [-50.706515271999926, -23.51969058830887], [-50.70659866899996, -23.51965054030891], [-50.706612546999956, -23.519557369308913], [-50.706661811999936, -23.519527534308885], [-50.706691423999985, -23.519542638308884], [-50.706800844999975, -23.519501431308907], [-50.70694135699994, -23.519418152308884], [-50.70711658299996, -23.519356563308907], [-50.707229508999944, -23.51932938130891], [-50.70731287399997, -23.519241796308897], [-50.70745179099998, -23.519217216308896], [-50.70752144199998, -23.519243690308873], [-50.707627629999934, -23.519177122308903], [-50.70772276499997, -23.519164882308914], [-50.707823326999964, -23.519171395308877], [-50.70783717899996, -23.519130811308905], [-50.70779798199993, -23.519067260308912], [-50.70778473699994, -23.518988780308906], [-50.70784442499996, -23.5189693023089], [-50.70790873699996, -23.518917268308872], [-50.708004605999975, -23.518925575308913], [-50.70802238999994, -23.518860790308892], [-50.708018342999935, -23.518823860308878], [-50.70810718599995, -23.518823981308913], [-50.70817973199996, -23.518787351308898], [-50.70827533999994, -23.518731236308884], [-50.70836859899998, -23.518686475308932], [-50.70845662999995, -23.518655493308927], [-50.70850692899995, -23.518623416308913], [-50.70853228699997, -23.518593260308933], [-50.70860006199995, -23.51857044330894], [-50.70870570799996, -23.518536710308926], [-50.70874814699994, -23.518551835308926], [-50.708851240999934, -23.518506826308904], [-50.70896174699993, -23.518420492308913], [-50.709044567999975, -23.51837836030894], [-50.70917260599998, -23.518373940308898], [-50.709214060999955, -23.518372821308912], [-50.709263549999946, -23.518381363308897], [-50.709348552999984, -23.518365336308932], [-50.709376216999935, -23.518407031308936], [-50.70945296399998, -23.518384347308885], [-50.70953187199996, -23.51841108730889], [-50.70958138999999, -23.518434531308916], [-50.70961853799997, -23.518365806308907], [-50.709669737999945, -23.51837720030893], [-50.70966707699994, -23.518410413308924], [-50.709642059999965, -23.51848732230889], [-50.709719191999966, -23.518488273308893], [-50.70975264499998, -23.518440053308897], [-50.709753613999965, -23.518399951308933], [-50.709783346999984, -23.518406959308898], [-50.70992069199997, -23.51846290530893], [-50.70998710299994, -23.518446050308917], [-50.71001670099997, -23.518369212308933], [-50.710078333999945, -23.518338244308897], [-50.71011005999998, -23.518371907308907]]]}, "properties": {"objectid": 19799820, "cod_tema": "AREA_IMOVEL", "nom_tema": "Area do Imovel", "cod_imovel": "PR-4126009-7FEDD275284C47D991768AEB3F21B0B2", "mod_fiscal": 24.3166, "num_area": 486.0827, "ind_status": "AT", "ind_tipo": "IRU", "des_condic": "Aguardando analise", "municipio": "Sao Sebastiao da Amoreira", "cod_estado": "PR", "Shape__Area": 0.0004300998296318954, "Shape__Length": 0.14258677640827996}}]}