{"type": "FeatureCollection", "features": [{"type": "Feature", "id": 689, "geometry": {"type": "Polygon", "coordinates": [[[-50.83338403699997, -23.36223830631241], [-50.83376817499994, -23.362280988312413], [-50.834026490999975, -23.362309690312415], [-50.83440720499994, -23.362309690312415], [-50.834906891999935, -23.362166923312426], [-50.83526381099995, -23.36145308431243], [-50.83538278399993, -23.360834424312458], [-50.83562072999997, -23.360191970312478], [-50.83647733599997, -23.35907362331251], [-50.83700081699994, -23.358692910312488], [-50.83764327199999, -23.35840737431252], [-50.83833331599993, -23.358193222312508], [-50.839380277999965, -23.358193223312497], [-50.83950939999994, -23.358182462312495], [-50.840236884999975, -23.35812183931254], [-50.841426614999925, -23.358288401312535], [-50.84230701599995, -23.358621525312536], [-50.843068442999936, -23.359097418312505], [-50.84363951399996, -23.359739872312492], [-50.84392504899995, -23.36042991531245], [-50.84421058499998, -23.36111996031243], [-50.844543708999936, -23.36154826231246], [-50.84511477899997, -23.361857592312457], [-50.84582315099994, -23.36194899631244], [-50.84585241299993, -23.361952771312417], [-50.84587506599997, -23.36194400231244], [-50.84638322199999, -23.361747296312462], [-50.84700394199996, -23.361318444312424], [-50.84765559299996, -23.361140875312483], [-50.84833134699994, -23.360985602312457], [-50.84905525299997, -23.36091947431245], [-50.84977920799998, -23.360808793312483], [-50.85035824499994, -23.360831623312457], [-50.85132357299994, -23.360632063312476], [-50.85197521699996, -23.36045447531249], [-50.85274756999996, -23.36021017231245], [-50.85295847599997, -23.36004936031246], [-50.853298861999974, -23.360034061312476], [-50.85440531199999, -23.360355289312487], [-50.85547606999995, -23.360783592312462], [-50.85672528699996, -23.361033435312454], [-50.85783173599998, -23.36106912731244], [-50.85872403299993, -23.361247587312462], [-50.85954494799995, -23.361675890312434], [-50.86018740199995, -23.36203280931244], [-50.86111539199993, -23.36221126931241], [-50.862150457999974, -23.362211269312404], [-50.86368520999997, -23.362175577312428], [-50.864827350999974, -23.362603880312392], [-50.86557688099998, -23.363781713312413], [-50.866469178999985, -23.3646383193124], [-50.86778977999995, -23.36535215731235], [-50.868931921999945, -23.365780460312322], [-50.86978852799995, -23.36617307131237], [-50.870787900999964, -23.366886910312314], [-50.87157312299996, -23.367208137312335], [-50.872715263999964, -23.367529364312293], [-50.874000172999956, -23.367565056312333], [-50.87521369899997, -23.3671724443123], [-50.87610599599998, -23.366958293312337], [-50.87831889499995, -23.366708450312345], [-50.87903273299998, -23.367029677312303], [-50.879532419999975, -23.367921975312267], [-50.87992503099997, -23.368778581312277], [-50.88035333499994, -23.369456728312294], [-50.88163824299994, -23.370598869312268], [-50.882494848999954, -23.371062863312236], [-50.883958217999975, -23.371633934312232], [-50.88477913199995, -23.37163393431224], [-50.885849888999985, -23.37124132331225], [-50.88642095999995, -23.37120563131221], [-50.88727756599996, -23.37152685931222], [-50.88770586899995, -23.37227638931223], [-50.88774156099998, -23.37370406531218], [-50.88767017699996, -23.374346520312148], [-50.88781294399997, -23.375310201312164], [-50.88831263099996, -23.376202499312136], [-50.88891939399997, -23.37695202931206], [-50.88924062099995, -23.377630176312085], [-50.88941908099997, -23.378379706312085], [-50.88966892399998, -23.379272004312057], [-50.89002584399998, -23.379950150312023], [-50.89141782799993, -23.380842448312], [-50.89370210999994, -23.381306443312003], [-50.89473717599998, -23.381342135311986], [-50.89577224199996, -23.381520594311965], [-50.896414695999965, -23.381806130311993], [-50.89716422599997, -23.382234433311964], [-50.897985139999946, -23.38248427631197], [-50.89873467099995, -23.38244858531197], [-50.899519891999944, -23.382734120311955], [-50.900162346999934, -23.38323380631195], [-50.90073341799996, -23.38398333731194], [-50.90116172099994, -23.38434025631194], [-50.901911250999945, -23.38466148331191], [-50.90308908399993, -23.384697175311942], [-50.904445376999945, -23.38419748831195], [-50.90626566399993, -23.383305191311972], [-50.90751488199999, -23.382876888311934], [-50.90947793699996, -23.382519968311943], [-50.91133391599993, -23.38266273631199], [-50.91211913899998, -23.383198115311966], [-50.912797284999954, -23.38451871531191], [-50.91333266399994, -23.38537532131191], [-50.914974490999946, -23.38630331231186], [-50.91668770399997, -23.38726699331187], [-50.91832953199997, -23.387552529311836], [-50.91954305699994, -23.387623912311874], [-50.92107780899994, -23.387623912311874], [-50.92189872299997, -23.387481144311888], [-50.922898096999965, -23.38726699331187], [-50.924040237999975, -23.387195609311856], [-50.924932535999965, -23.38758822031184], [-50.925146686999945, -23.388230675311863], [-50.92528945599997, -23.388908821311833], [-50.925824834999965, -23.38990819531182], [-50.926538671999936, -23.390514957311822], [-50.92760942999996, -23.39105033531181], [-50.92864449599995, -23.39137156331176], [-50.93025063199996, -23.391371563311772], [-50.93132138899995, -23.39137156331176], [-50.93232076299995, -23.391228795311772], [-50.93421243499995, -23.391014644311756], [-50.935390267999935, -23.39058634131179], [-50.93638964099995, -23.389479892311787], [-50.93721055499998, -23.38858759431182], [-50.938209927999935, -23.38823067431182], [-50.93974468099998, -23.388373443311846], [-50.94095820699994, -23.388837438311803], [-50.941564968999955, -23.389515584311834], [-50.94220742299995, -23.390443574311785], [-50.94320679699996, -23.390871876311774], [-50.94434893799996, -23.390800493311794], [-50.94541969599993, -23.390372189311783], [-50.94652614399997, -23.39037219031182], [-50.94727567499996, -23.390764800311764], [-50.94834643299998, -23.391264487311755], [-50.94906027099995, -23.39115741131174], [-50.94973841799999, -23.390336497311797], [-50.95009533599994, -23.38955127631181], [-50.95080917499996, -23.389015896311854], [-50.95173716499995, -23.38883743731181], [-50.95266515399993, -23.388908821311833], [-50.95345037699997, -23.389087281311795], [-50.95477097699995, -23.389194356311815], [-50.956055885999945, -23.388801745311838], [-50.95676972399996, -23.38819498331183], [-50.95801894199997, -23.38773098831188], [-50.95916108299997, -23.38740976131186], [-50.96016045599998, -23.387195609311856], [-50.96101706199994, -23.38712422531189], [-50.96230197099993, -23.387088533311843], [-50.96362257199997, -23.386945766311843], [-50.96451486999995, -23.38680299831186], [-50.96604962199996, -23.386267619311887], [-50.96722745499994, -23.385767932311897], [-50.968583747999965, -23.38573224031192], [-50.97022557699995, -23.38641038731187], [-50.97118925799998, -23.3865888473119], [-50.97218863199999, -23.386517463311872], [-50.97325938899996, -23.386231927311904], [-50.974258762999966, -23.385660857311894], [-50.97518675299995, -23.38444733231194], [-50.97590059099997, -23.38323380631195], [-50.97643596899997, -23.38212735731195], [-50.97768518699996, -23.381127984312037], [-50.97971962599997, -23.379914458312037], [-50.98050484799995, -23.37902216131205], [-50.98139714599995, -23.377880020312073], [-50.98264636299995, -23.377451717312113], [-50.98407403999994, -23.37734464031211], [-50.98578725199997, -23.377523100312086], [-50.98657247299997, -23.377594484312105], [-50.987821689999976, -23.377380332312097], [-50.98896383199997, -23.37684495331212], [-50.98989182199995, -23.376273883312106], [-50.99099827099997, -23.375238817312145], [-50.992247487999975, -23.374025292312144], [-50.993139785999965, -23.373489913312174], [-50.994424694999964, -23.37324007031217], [-50.99531699299996, -23.37320437931217], [-50.99628067499997, -23.3731686863122], [-50.99692312899998, -23.373061611312192], [-50.99774404299995, -23.372847459312183], [-50.99842218899994, -23.37277607531221], [-50.99927879499995, -23.372633308312214], [-51.00024247799996, -23.372811767312204], [-51.001099082999986, -23.37359698931217], [-51.00145600199995, -23.37441790331212], [-51.002419682999964, -23.376273883312106], [-51.00306213799997, -23.378665242312042], [-51.00402581999998, -23.38069968131201], [-51.00498950199994, -23.382698428311976], [-51.006274409999946, -23.383911953311905], [-51.00698824899996, -23.38441164031191], [-51.00813038999996, -23.38462579231191], [-51.00980790999995, -23.38487563531191], [-51.010771591999976, -23.385054094311887], [-51.01148543099998, -23.38541101431188], [-51.01223496099993, -23.386196236311914], [-51.01269895599996, -23.38669592231186], [-51.01334140999995, -23.38726699331187], [-51.01423370699996, -23.387766680311863], [-51.01537584899995, -23.388230675311874], [-51.01648229799997, -23.388551902311832], [-51.017445979999934, -23.389122972311796], [-51.01808843499998, -23.38987250331184], [-51.01865950499996, -23.39065772531181], [-51.019087808999984, -23.39112172031177], [-51.019730262999985, -23.391799866311782], [-51.02058686899995, -23.39233524531176], [-51.02151485799993, -23.392549396311775], [-51.02251423299998, -23.393084775311742], [-51.023228069999966, -23.393406003311693], [-51.02404898399994, -23.393798613311695], [-51.02486989899995, -23.394048457311694], [-51.02622619099998, -23.39444106831173], [-51.028403397999966, -23.394690911311677], [-51.030152301999976, -23.394690911311677], [-51.03150859499993, -23.394548144311678], [-51.03300765499995, -23.394333992311736], [-51.03518486199994, -23.394476760311704], [-51.03679099899995, -23.39504783131167], [-51.03764760399997, -23.395547517311666], [-51.03836144199994, -23.396047204311657], [-51.03953927599997, -23.396689658311644], [-51.04089556799994, -23.39697519431168], [-51.04207340099998, -23.397010886311662], [-51.04375092099997, -23.397617648311662], [-51.04485737099997, -23.398474254311594], [-51.045428441999945, -23.399009633311625], [-51.04599951199998, -23.399830547311577], [-51.04642781499995, -23.400187466311582], [-51.04721303799994, -23.40050869331155], [-51.048248102999935, -23.40090130531159], [-51.049854238999956, -23.401008380311538], [-51.051603141999976, -23.401115456311548], [-51.05299512699997, -23.401115456311548], [-51.05463695599996, -23.400758537311543], [-51.05581478899995, -23.40061576931155], [-51.056314475999955, -23.400829921311562], [-51.05649293499994, -23.40161514231154], [-51.056243091999924, -23.40232898131155], [-51.056028940999965, -23.40322127931153], [-51.05606463199996, -23.404149268311492], [-51.05656431899996, -23.405148643311453], [-51.05717108199997, -23.406255092311454], [-51.05838460699993, -23.4069689303114], [-51.05931259699997, -23.407468617311398], [-51.06002643499993, -23.408039687311415], [-51.060454736999986, -23.409039061311393], [-51.06106150099998, -23.409967051311362], [-51.061811029999944, -23.410359662311343], [-51.06291747999995, -23.410895041311313], [-51.06377408599997, -23.41171595531133], [-51.064523615999974, -23.412251333311307], [-51.06548729799993, -23.412465485311305], [-51.06630821199996, -23.412715329311307], [-51.06684359099995, -23.41342916731126], [-51.06687928199994, -23.41460700031128], [-51.06655805599996, -23.415320838311217], [-51.06570144899996, -23.416391595311236], [-51.06495191899995, -23.4174266613112], [-51.064523615999974, -23.418318959311172], [-51.06430946399996, -23.41946110031115], [-51.064345156999934, -23.420496166311107], [-51.06480915199995, -23.42149553931111], [-51.06548729799994, -23.4221023023111], [-51.066272519999984, -23.422494913311073], [-51.06695066699995, -23.423101676311084], [-51.06734327699997, -23.42338721131106], [-51.06777158099993, -23.42381551431103], [-51.068485417999966, -23.424065357311033], [-51.06952048399995, -23.424136741311056], [-51.07044847399994, -23.42467212031102], [-51.070841084999984, -23.425457342311002], [-51.07166199899995, -23.425921337310996], [-51.07283983199994, -23.426135488310962], [-51.074160432999975, -23.42702778731099], [-51.075088422999954, -23.427920084310976], [-51.07583795299996, -23.428705306310956], [-51.077265629999935, -23.42938345331091], [-51.07880038199993, -23.429668988310883], [-51.08062066999997, -23.429668988310883], [-51.082655108999965, -23.42931206931095], [-51.083654482999975, -23.429026534310903], [-51.08518923499997, -23.428990842310917], [-51.085903073999994, -23.42934776131093], [-51.08650983499995, -23.429847448310923], [-51.08725936599996, -23.43041851831088], [-51.08793751199994, -23.430882514310884], [-51.08893688599994, -23.431310816310855], [-51.09036456299998, -23.431382200310882], [-51.091720854999956, -23.43109666431085], [-51.09318422399996, -23.430882513310888], [-51.094076520999984, -23.430811129310865], [-51.09471897599997, -23.43095389731086], [-51.09543281499998, -23.431524968310878], [-51.095789733999936, -23.43223880631087], [-51.09636080399998, -23.43291695331084], [-51.09764571399995, -23.43370217531081], [-51.09950169299998, -23.434416012310827], [-51.10064383399998, -23.434987083310773], [-51.10103644499998, -23.435879382310745], [-51.10092936899997, -23.436664604310778], [-51.10092936999996, -23.437842436310746], [-51.10121490499995, -23.439055962310682], [-51.102107202999946, -23.439912568310667], [-51.10339211199994, -23.440376562310693], [-51.10521239999997, -23.440198103310657], [-51.106497307999966, -23.439769800310675], [-51.108281903999966, -23.438948886310733], [-51.11006649999996, -23.438056588310687], [-51.112100938999966, -23.437663977310713], [-51.113136004999944, -23.4377710533107], [-51.113742766999955, -23.438377815310716], [-51.11402830199996, -23.438984578310702], [-51.11495629299998, -23.439912568310667], [-51.11574151499997, -23.440305179310663], [-51.11670519599994, -23.44055502231066], [-51.11827563999998, -23.440697790310644], [-51.11941778199997, -23.440662098310664], [-51.12091684199999, -23.44023379531069], [-51.12266574599994, -23.439412881310677], [-51.12362942699997, -23.438770426310708], [-51.12462880099997, -23.43841350731069], [-51.12519987199993, -23.43794951231074], [-51.12602078599997, -23.437378442310724], [-51.12744846199997, -23.43695013831076], [-51.128804754999976, -23.436735987310744], [-51.130375199999946, -23.436735987310744], [-51.131445956999976, -23.437057214310766], [-51.13248102299997, -23.43769966931074], [-51.13312347699997, -23.438342124310726], [-51.13390869899997, -23.438948886310733], [-51.13494376399995, -23.439270113310684], [-51.13626436499993, -23.4397341083107], [-51.136835435999956, -23.439769800310675], [-51.13787050099995, -23.439948260310654], [-51.13897695099996, -23.440162411310666], [-51.13958371399997, -23.44048363931068], [-51.14040462799994, -23.44112609331067], [-51.14086862199998, -23.441518704310656], [-51.141261233999955, -23.44183993131062], [-51.14193937999993, -23.442089775310603], [-51.142653217999964, -23.442767921310633], [-51.14322428899993, -23.443374684310633], [-51.143938126999956, -23.44341037531062], [-51.14443781399996, -23.44301776431064], [-51.14604394999998, -23.44244669431061], [-51.147221782999964, -23.44216115931063], [-51.14825684899995, -23.442125466310664], [-51.149755909999946, -23.442375309310595], [-51.151362045999974, -23.442446694310622], [-51.15193311599995, -23.442411002310628], [-51.15246849499994, -23.442268234310635], [-51.15314664099998, -23.44169716331064], [-51.15411032299994, -23.44109040131063], [-51.15478846999997, -23.441090400310642], [-51.15571645999995, -23.44130455231066], [-51.15653737299993, -23.441768547310655], [-51.157572438999985, -23.44226823431065], [-51.15921426699998, -23.44291068831063], [-51.16028502499995, -23.443089148310605], [-51.16142716599995, -23.443267608310627], [-51.16196254399995, -23.443517451310626], [-51.16228377099998, -23.44383867831059], [-51.16292622599997, -23.444088522310583], [-51.163568679999976, -23.444302673310595], [-51.164853588999954, -23.44440974931061], [-51.16585296299996, -23.44458820931057], [-51.16660249299997, -23.444838052310576], [-51.167280639999944, -23.445194971310574], [-51.16828001299996, -23.445516198310543], [-51.16877969999996, -23.445551891310565], [-51.16960061399994, -23.445694658310565], [-51.170135992999974, -23.445801733310525], [-51.17067137199996, -23.44608726931056], [-51.171456593999956, -23.446122961310536], [-51.172027663999984, -23.445944502310553], [-51.172527351999975, -23.445516198310546], [-51.17327688099993, -23.444445441310584], [-51.17441902299998, -23.443553143310606], [-51.17559685599997, -23.44337468331058], [-51.17723868399998, -23.4431962233106], [-51.178452208999936, -23.44323191531059], [-51.17934450699994, -23.443731602310585], [-51.17998696099994, -23.444195598310586], [-51.18062941599993, -23.444838052310576], [-51.18127187099998, -23.44555189031058], [-51.18191432499999, -23.44633711331054], [-51.18248539599994, -23.44705095031051], [-51.183306308999924, -23.44783617331052], [-51.18412722299996, -23.448657087310476], [-51.18580474299995, -23.44894262231046], [-51.187660722999965, -23.448871238310492], [-51.18915978399997, -23.448478627310504], [-51.19076591999994, -23.448121708310506], [-51.19262189899996, -23.448121708310506], [-51.19451357099996, -23.44769340531047], [-51.19537017699997, -23.4471580273105], [-51.19654087199996, -23.445716073310564], [-51.197854334999924, -23.44491657431059], [-51.199224903999955, -23.44440261031055], [-51.20088100899994, -23.443888647310565], [-51.20225157799996, -23.44348889831057], [-51.20350793399996, -23.443203363310595], [-51.204535860999954, -23.442803613310613], [-51.206249071999935, -23.44234675631061], [-51.208190712999965, -23.44200411431064], [-51.21041788799993, -23.442104051310615], [-51.21141726099995, -23.442568046310612], [-51.21230955999994, -23.4435674203106], [-51.21313047399997, -23.444745253310554], [-51.21427261499998, -23.445958778310544], [-51.21502214499998, -23.446422773310506], [-51.21605721099996, -23.446708308310548], [-51.21780611399999, -23.446708308310548], [-51.21930517499993, -23.446565540310512], [-51.22091131099995, -23.446886767310517], [-51.22198206799993, -23.447600606310523], [-51.22351682099998, -23.447993217310504], [-51.22469465399996, -23.44817167731048], [-51.22633648199996, -23.44820736931052], [-51.22787123399997, -23.448207369310516], [-51.22929891199994, -23.448064601310467], [-51.23133334999994, -23.447850450310508], [-51.23222564799994, -23.447850450310508], [-51.23322502199994, -23.447707682310526], [-51.233581940999954, -23.447493530310513], [-51.23411731999993, -23.447065228310546], [-51.23465269899998, -23.446244313310537], [-51.23529515299999, -23.445887394310535], [-51.23633021899996, -23.445566167310577], [-51.237864970999965, -23.445459092310553], [-51.23890003599997, -23.44513786431054], [-51.239613874999975, -23.4445311023106], [-51.24032771299994, -23.44342465231061], [-51.24154123799997, -23.44242527831063], [-51.243254449999945, -23.442068359310625], [-51.24528888899994, -23.442104051310615], [-51.246752257999965, -23.4428178903106], [-51.247823014999945, -23.4436744963106], [-51.24917930799995, -23.444209874310584], [-51.250214373999945, -23.444388334310556], [-51.25182050999996, -23.44520924831057], [-51.25281988299997, -23.445530475310537], [-51.254318943999984, -23.445708934310574], [-51.25596077199998, -23.445459091310575], [-51.257245680999965, -23.445387707310537], [-51.25817366999996, -23.445601859310543], [-51.25906596899995, -23.44617292931052], [-51.25985119099994, -23.446422773310516], [-51.26088625699998, -23.446315698310553], [-51.261635785999935, -23.445744627310535], [-51.26227824099993, -23.444709561310578], [-51.263241922999946, -23.443960031310585], [-51.264669598999944, -23.44342465231061], [-51.26599019999998, -23.443281884310615], [-51.267060956999956, -23.44342465231061], [-51.26820309899994, -23.443603112310573], [-51.26934523999995, -23.44363880331057], [-51.270844300999954, -23.443103424310607], [-51.27237905299996, -23.442318203310624], [-51.27391380499995, -23.441318829310642], [-51.27523440599998, -23.440783450310665], [-51.27626947099998, -23.440712067310685], [-51.27723315299994, -23.441033294310653], [-51.27816114399997, -23.441568672310634], [-51.27916051699998, -23.441854208310613], [-51.28040973399993, -23.441782824310643], [-51.28140910799994, -23.441033294310653], [-51.28233709699998, -23.44039083931068], [-51.283657697999956, -23.439427158310657], [-51.28515675799998, -23.43907023931073], [-51.286013364999974, -23.43907023931073], [-51.28690566299997, -23.439427157310686], [-51.28776226799994, -23.43978407731067], [-51.288654565999934, -23.439891153310672], [-51.289475479999965, -23.439748385310693], [-51.29101023299996, -23.439320082310665], [-51.293472974999986, -23.438641935310713], [-51.29547172199994, -23.43824932531071], [-51.297684620999966, -23.438106557310725], [-51.29996890299998, -23.438106557310725], [-51.30182488199995, -23.43824932531071], [-51.30314548399996, -23.438641935310713], [-51.30457315999996, -23.439177314310676], [-51.305465457999965, -23.43964130931069], [-51.30689313399996, -23.440105304310695], [-51.30867772999994, -23.4402123803107], [-51.30931366899995, -23.440164684310673], [-51.30921255099997, -23.44127698231067], [-51.309176858999926, -23.442597583310608], [-51.30899839899996, -23.443989568310585], [-51.30871286399997, -23.444881866310542], [-51.30824886899995, -23.446095391310543], [-51.307999025999955, -23.44730891631049], [-51.30810610199995, -23.448772284310486], [-51.308106100999964, -23.449557507310445], [-51.30771349099995, -23.450806724310425], [-51.306714116999956, -23.452020249310426], [-51.30546489999995, -23.453376542310355], [-51.304501217999984, -23.453947613310365], [-51.30360891999994, -23.45505406131031], [-51.303252000999976, -23.455982051310325], [-51.30282369799994, -23.45798079931029], [-51.303073541999936, -23.45987247031026], [-51.30396583899994, -23.461621374310177], [-51.30485813699994, -23.46304905131018], [-51.305786126999976, -23.464369651310133], [-51.30692826799998, -23.46533333331013], [-51.30814179399994, -23.46608286331007], [-51.30899839899996, -23.46654685831006], [-51.309569469999985, -23.46715362131007], [-51.31024761599997, -23.467546232310042], [-51.31067591899995, -23.468759757310057], [-51.31089007099996, -23.470330202309984], [-51.311282680999966, -23.471258192310003], [-51.31188944499996, -23.472114797309953], [-51.312210670999946, -23.473292630309906], [-51.31217497999995, -23.47457754030992], [-51.311568216999945, -23.4759695243099], [-51.31096145499998, -23.47668336230985], [-51.310318999999936, -23.47800396330985], [-51.30992638899994, -23.479324564309792], [-51.30978362199994, -23.480823625309768], [-51.30978362199994, -23.482037149309715], [-51.309855004999974, -23.483000831309727], [-51.310176232999936, -23.4842500483097], [-51.31096145499998, -23.48546357330964], [-51.311603908999984, -23.486106028309614], [-51.31278174199997, -23.487569397309606], [-51.313674040999956, -23.489032765309595], [-51.31420941899995, -23.490460441309565], [-51.31445926299994, -23.49199519330953], [-51.31481618099997, -23.493851173309437], [-51.315815554999965, -23.49488623930946], [-51.317493074999966, -23.495350234309413], [-51.31909921199997, -23.49538592530946], [-51.32224009999993, -23.49367271430946], [-51.32291824599997, -23.493601330309495], [-51.323881927999935, -23.4937440973095], [-51.32431023099997, -23.49435086030943], [-51.32466714999999, -23.495171774309444], [-51.32541667999993, -23.496456683309404], [-51.32670158999998, -23.497634517309354], [-51.32752250399994, -23.4981698953094], [-51.32895017999993, -23.49877665830934], [-51.330128012999985, -23.49884804130937], [-51.33137722999994, -23.49884804130936], [-51.33284059799996, -23.4981698953094], [-51.333982738999964, -23.497741592309374], [-51.33501780599993, -23.49774159230936], [-51.33580302699994, -23.49802712730935], [-51.33633840699997, -23.498526814309347], [-51.336873784999966, -23.49906219330937], [-51.337159319999955, -23.49984741530935], [-51.33801592599997, -23.5006683293093], [-51.33915806699998, -23.500775405309305], [-51.34133527399996, -23.500454178309337], [-51.34365524899994, -23.49999018330933], [-51.34540415299994, -23.499740340309337], [-51.346938904999945, -23.499954491309342], [-51.34843796499996, -23.500775405309305], [-51.349794258999964, -23.501453552309314], [-51.35082932399996, -23.502131698309288], [-51.352471151999964, -23.50305968830924], [-51.35446989899997, -23.50398767730922], [-51.356076034999944, -23.504380288309257], [-51.35778924699997, -23.50434459630922], [-51.35921692399996, -23.503844910309212], [-51.36010922099996, -23.503023996309256], [-51.36196520199996, -23.50202462230928], [-51.36364272099996, -23.50156062730928], [-51.36514178199997, -23.50156062730928], [-51.366462382999934, -23.502096005309248], [-51.36749744799993, -23.502595693309303], [-51.36853251399998, -23.50309538030928], [-51.369389119999944, -23.503487990309228], [-51.37028141799994, -23.503809218309232], [-51.371138022999965, -23.503809218309232], [-51.37170909399998, -23.503702142309233], [-51.37231585699993, -23.503273839309262], [-51.37320815399994, -23.50266707730925], [-51.37402906799997, -23.502310158309257], [-51.37527828599997, -23.502096006309305], [-51.37634904299995, -23.50231015730926], [-51.377241340999944, -23.502738460309292], [-51.377741026999956, -23.503059687309257], [-51.37838348199995, -23.504130445309254], [-51.378669016999936, -23.50527258630923], [-51.37956131599998, -23.50648611230916], [-51.38109606799998, -23.507307025309192], [-51.38234528499998, -23.50777102130913], [-51.38409418899994, -23.50819932330917], [-51.38570032499995, -23.507735328309156], [-51.38641416399997, -23.50744979330918], [-51.38744922899997, -23.507164258309192], [-51.38869844599998, -23.50702149030915], [-51.389555051999935, -23.507307025309178], [-51.39076857599997, -23.507556868309138], [-51.391946409999946, -23.507771020309132], [-51.39365962199997, -23.507985171309166], [-51.394623303999936, -23.508056555309118], [-51.39580113699997, -23.508020864309128], [-51.39726450599995, -23.507663945309176], [-51.399334635999935, -23.50673595530916], [-51.40036970199998, -23.506379036309156], [-51.401261999999974, -23.506307651309218], [-51.40211860599993, -23.506307652309204], [-51.40286813599994, -23.50637903530917], [-51.404295812999976, -23.50637903530917], [-51.406044716999986, -23.506200576309194], [-51.40772223699997, -23.505843657309182], [-51.40886437799998, -23.50562950630923], [-51.40982805899995, -23.50552243030923], [-51.41057758999995, -23.505272587309218], [-51.41171973099995, -23.504665824309235], [-51.41300463999995, -23.503559374309244], [-51.41393262999997, -23.503202455309246], [-51.415324613999985, -23.50284553630923], [-51.41696644299998, -23.502702768309245], [-51.41864396199998, -23.502702768309245], [-51.42032148299995, -23.502702768309245], [-51.42299837599995, -23.50256000130925], [-51.423902226999985, -23.502133182309276], [-51.424693669999954, -23.50326381630925], [-51.42509341999994, -23.5046914923092], [-51.42515052699997, -23.50583363430918], [-51.42509341999994, -23.507718167309147], [-51.42492209799997, -23.509831128309116], [-51.42509341999994, -23.51125880430908], [-51.42589291899998, -23.51234383930906], [-51.42709216699996, -23.51308623130906], [-51.427434809999966, -23.513828623308996], [-51.42754902299998, -23.51514208530899], [-51.42777745099994, -23.516227119308947], [-51.42823430899995, -23.517426368308946], [-51.42897669999997, -23.518568509308928], [-51.43023305599996, -23.5192537933089], [-51.43114676899995, -23.5195964363089], [-51.43251733799997, -23.52016750630886], [-51.43308840799994, -23.521024112308858], [-51.433887907999974, -23.521766504308843], [-51.435030048999984, -23.522451789308803], [-51.43640061799994, -23.522508896308842], [-51.43794250899998, -23.522052040308825], [-51.43897043599998, -23.521766504308854], [-51.44011257799996, -23.521880718308854], [-51.44119761199994, -23.522280468308818], [-51.44204104099998, -23.522781253308796], [-51.44302503799997, -23.523365502308835], [-51.443963225999944, -23.524191108308795], [-51.44513799899994, -23.52462185830879], [-51.446679889999984, -23.524621857308762], [-51.446902759999944, -23.52462185730875], [-51.44793624499993, -23.5246218583088], [-51.448678636999944, -23.52479317830879], [-51.45027763399997, -23.52525003530873], [-51.45159109699995, -23.525935320308758], [-51.45284745299995, -23.527077461308725], [-51.45300783899995, -23.52729616930871], [-51.45353273699993, -23.52776274630869], [-51.454438222999954, -23.529041078308694], [-51.45450355799994, -23.529133316308666], [-51.454846199999956, -23.530675206308636], [-51.45575991299995, -23.532331311308592], [-51.45753023199995, -23.534330058308566], [-51.45838683799996, -23.535643521308504], [-51.45844394499994, -23.537528054308478], [-51.457758660999964, -23.53878441030844], [-51.45741601799994, -23.539869443308447], [-51.45650230499996, -23.540840264308386], [-51.455474377999955, -23.541297121308393], [-51.45410380799996, -23.541696870308392], [-51.45267613099998, -23.542096619308367], [-51.45181952599995, -23.543181653308373], [-51.45181952599995, -23.544609330308322], [-51.451591097999945, -23.545580150308332], [-51.45130556199996, -23.546722291308303], [-51.45124845499999, -23.547978647308273], [-51.451533989999966, -23.549349216308205], [-51.45239059599999, -23.550434250308196], [-51.453247330999936, -23.55059290730818], [-51.452914871999944, -23.55130531930821], [-51.452855384999964, -23.551721725308198], [-51.45232000599998, -23.55273299630816], [-51.451368221999985, -23.553268375308132], [-51.45071386999996, -23.553387348308114], [-51.449762085999964, -23.553387348308114], [-51.44898876099995, -23.553387347308128], [-51.44827370999997, -23.55354279530811], [-51.446990976999984, -23.554366935308106], [-51.44689433299993, -23.55453702530808], [-51.44684724599995, -23.55524332730809], [-51.446799656999985, -23.555909576308085], [-51.44656170999997, -23.556671004308036], [-51.44589546199995, -23.55733725330804], [-51.44489608799995, -23.557527610308036], [-51.44389671399995, -23.55767037730803], [-51.44284975199997, -23.557813145308018], [-51.44241420499998, -23.55784845930802], [-51.44108894999994, -23.55795591330801], [-51.43975645199998, -23.558384216308042], [-51.439278908999945, -23.558861759308016], [-51.43909020299998, -23.559050465308026], [-51.43847154399999, -23.559193233308], [-51.43790047299995, -23.559431179307968], [-51.43690109899996, -23.55957394730802], [-51.43599690299994, -23.559669125307984], [-51.435140296999975, -23.559859482307996], [-51.434223748999955, -23.56029783130797], [-51.43404574499994, -23.56038296330795], [-51.43368765099996, -23.56089452730795], [-51.433403442999975, -23.56130053830795], [-51.433379496999976, -23.56133474830796], [-51.43337935699998, -23.561335308307953], [-51.433277165999975, -23.56174407030796], [-51.43304637199998, -23.562667245307903], [-51.433046371999986, -23.563666619307877], [-51.43309396099994, -23.563952154307916], [-51.43296948999995, -23.56507239830789], [-51.43290360399994, -23.56566536730784], [-51.43299878299997, -23.566712329307848], [-51.43285601499997, -23.568140006307804], [-51.43247530199994, -23.569091791307763], [-51.43161869599999, -23.56980562830778], [-51.429953072999986, -23.57023393230774], [-51.42862057399998, -23.57047187830776], [-51.427431904999935, -23.57085395030773], [-51.427412721999985, -23.570865138307763], [-51.42632866599996, -23.571915024307714], [-51.425751566999956, -23.572807592307687], [-51.42449688799997, -23.573412440307685], [-51.42382303599993, -23.574282990307672], [-51.423317836999956, -23.57499715630762], [-51.42254659099996, -23.575645219307635], [-51.42208971399998, -23.576359250307593], [-51.421245528999975, -23.576873857307593], [-51.419967826999944, -23.577857400307586], [-51.41926841199996, -23.578304781307597], [-51.41869024999995, -23.57888548130758], [-51.41854644899996, -23.579264537307555], [-51.418172274999954, -23.57959947130751], [-51.41807361399998, -23.579965927307565], [-51.41795464099994, -23.581036684307513], [-51.41786541099998, -23.582047955307473], [-51.41733003199993, -23.58279153730751], [-51.41691362599994, -23.583326916307467], [-51.41617004499994, -23.583654092307448], [-51.41551569299997, -23.58404075430743], [-51.41465222599993, -23.584607404307402], [-51.41443154599995, -23.58488877830746], [-51.414181428999946, -23.585221026307394], [-51.413760839999945, -23.58546843030744], [-51.41334443499994, -23.586271498307408], [-51.413295876999946, -23.587048430307398], [-51.413284948999944, -23.587223283307367], [-51.41343366499995, -23.588175068307333], [-51.41370135499995, -23.58888890630734], [-51.41355263799995, -23.589721717307327], [-51.41274956999995, -23.590614016307306], [-51.41206547499997, -23.591298111307285], [-51.411827528999936, -23.591863232307293], [-51.411589582999966, -23.592844760307273], [-51.41155983899995, -23.594064234307236], [-51.411592483999975, -23.594325394307205], [-51.411840393999974, -23.59495934930719], [-51.41213418799998, -23.596161399307192], [-51.41213669399997, -23.596963279307165], [-51.41165718399998, -23.5982119293071], [-51.41127421099998, -23.599415772307115], [-51.41069800099996, -23.60066467530707], [-51.41007274799995, -23.60169095930702], [-51.409711991999984, -23.602108968307057], [-51.409269607999924, -23.603760537307007], [-51.40906140499993, -23.604801551307006], [-51.40888294499996, -23.60545590330695], [-51.40864499899994, -23.606110255306962], [-51.40849628399996, -23.60682409330692], [-51.40846653999995, -23.607627162306922], [-51.40825833699995, -23.608459972306925], [-51.407931161999954, -23.609144068306893], [-51.40680091799993, -23.61051225830686], [-51.406325024999944, -23.611583015306813], [-51.405849132999954, -23.611969678306835], [-51.40522452399995, -23.61208865030683], [-51.404272739999946, -23.61208865130682], [-51.40360015599998, -23.611932236306828], [-51.402993779999974, -23.611791218306816], [-51.40198250799995, -23.611612758306848], [-51.40164278799995, -23.61161275930683], [-51.40079277799999, -23.61161275930683], [-51.39918664199996, -23.612177881306835], [-51.398234857999974, -23.61280248930682], [-51.39793742499996, -23.613337868306797], [-51.39761024899997, -23.614408625306755], [-51.397045126999956, -23.61547938330675], [-51.39570667999993, -23.616401424306705], [-51.39550630499997, -23.616432732306723], [-51.39534976099998, -23.61652039730674], [-51.39427900299995, -23.616788086306734], [-51.39356158299995, -23.6168905753067], [-51.39344619299993, -23.616907059306723], [-51.39249440799994, -23.617026032306704], [-51.391185704999934, -23.617085519306684], [-51.39014468999996, -23.617353208306675], [-51.39011666299995, -23.617364418306696], [-51.38988574299998, -23.617456787306715], [-51.38969854099997, -23.617531668306707], [-51.38959353599996, -23.61764056330668], [-51.38889547299993, -23.618364479306692], [-51.388449323999964, -23.619346007306678], [-51.388287323999975, -23.619876188306662], [-51.38820407199995, -23.620482740306606], [-51.38815189199994, -23.620862913306603], [-51.38791394499998, -23.62205264430658], [-51.38779497199994, -23.622915198306604], [-51.387588765999965, -23.623327610306596], [-51.38740830999996, -23.623688523306544], [-51.38639703899998, -23.624402361306544], [-51.38482064599998, -23.625086457306516], [-51.383898604999956, -23.62541363230651], [-51.38282784699993, -23.625830038306496], [-51.38184631999996, -23.626335674306493], [-51.381281197999954, -23.62678182330652], [-51.38080530599995, -23.627495661306458], [-51.38058532799994, -23.628375572306467], [-51.38056735999998, -23.628447445306435], [-51.38050787299994, -23.62948846030641], [-51.38032941299997, -23.63061870330642], [-51.37997249499995, -23.63118382530641], [-51.37964531899996, -23.63204638030637], [-51.379407371999946, -23.632611502306364], [-51.37926556599996, -23.633405618306362], [-51.37925865599994, -23.633444313306352], [-51.37915861099998, -23.633944542306303], [-51.37893147999994, -23.63424738130632], [-51.37860430499996, -23.634693530306336], [-51.37806892499998, -23.635199166306283], [-51.377563289999955, -23.635526342306335], [-51.377146884999945, -23.635794031306304], [-51.37684945199993, -23.636269923306294], [-51.37681970899996, -23.63713247830624], [-51.37698045999997, -23.63763769830628], [-51.37699816799994, -23.637965289306244], [-51.377414573999935, -23.638530411306238], [-51.37774898099997, -23.638952820306233], [-51.37789046599993, -23.639036047306245], [-51.378158154999944, -23.63942270930621], [-51.37830687199994, -23.639928344306178], [-51.37826715699998, -23.640193110306203], [-51.37821764199998, -23.64052321030619], [-51.37808764899995, -23.64145915830618], [-51.37794995199994, -23.641861656306133], [-51.377848892999964, -23.64209184730614], [-51.37771735299998, -23.642391466306165], [-51.377672347999976, -23.642605238306153], [-51.37767234899996, -23.64310789930614], [-51.37776157799993, -23.643509433306104], [-51.378267213999955, -23.6444314753061], [-51.37862413299996, -23.645442746306067], [-51.37856464699996, -23.64606735430606], [-51.378237470999984, -23.64660273230604], [-51.37776157799993, -23.646989395306058], [-51.37754118199996, -23.647136326306025], [-51.37731542999995, -23.64728682730602], [-51.376899023999954, -23.64770323330602], [-51.376393388999986, -23.648357585306027], [-51.37591749599994, -23.64895245030601], [-51.37576877999993, -23.649844748305966], [-51.375719551999964, -23.650558550305966], [-51.37570929399993, -23.650707303305985], [-51.37570929399993, -23.65174831730591], [-51.37570929299995, -23.65356265630589], [-51.37559031999996, -23.654098035305868], [-51.37559032099995, -23.65519853630583], [-51.375441603999946, -23.65600160330586], [-51.37520365799997, -23.656655955305826], [-51.37475750899995, -23.657369794305808], [-51.374460075999934, -23.658143118305762], [-51.37428161699995, -23.658916444305746], [-51.374787251999976, -23.6594518223058], [-51.375411860999975, -23.65971951130578], [-51.37585800999995, -23.66001694430573], [-51.376006725999964, -23.660344120305762], [-51.37576877999993, -23.660820012305752], [-51.374816995999936, -23.6609092423057], [-51.373805724999954, -23.66067129630574], [-51.37264573699997, -23.66055232230571], [-51.37190215599997, -23.660552323305755], [-51.37157360799995, -23.660618032305724], [-51.37100985799998, -23.660730782305734], [-51.37061117999997, -23.66093012130574], [-51.370296018999966, -23.66108770230574], [-51.36993910099995, -23.661682567305704], [-51.369284747999984, -23.66212871630572], [-51.368273477999935, -23.662426148305688], [-51.36714323399997, -23.66254512130571], [-51.36714062799996, -23.662545122305705], [-51.36683112899993, -23.662675590305707], [-51.36552671099997, -23.663190986305676], [-51.36465744299994, -23.663660798305667], [-51.36355965599995, -23.663995444305655], [-51.362897878999945, -23.66451015930565], [-51.36218403999994, -23.66498605230564], [-51.36056600699993, -23.66608060430559], [-51.35942386499994, -23.66717515630562], [-51.357948599999986, -23.667746227305553], [-51.35737752899996, -23.667841405305587], [-51.356948219999936, -23.66791295630556], [-51.356883395999944, -23.668203187305554], [-51.35685908099998, -23.66831204930554], [-51.35686022999994, -23.668735263305564], [-51.356885742999964, -23.669225243305544], [-51.35700811199996, -23.66975954930555], [-51.357130058999985, -23.670137934305522], [-51.35730031299994, -23.670493934305526], [-51.35749505499996, -23.6709612493055], [-51.35768931399997, -23.671250370305472], [-51.357811021999964, -23.671539657305512], [-51.357933093999975, -23.671962590305487], [-51.35793430699994, -23.672408077305445], [-51.35798630199997, -23.67253031330549], [-51.35817777999995, -23.672920190305447], [-51.35829017999998, -23.673149053305462], [-51.35887284399996, -23.674335441305445], [-51.35915002399997, -23.674788634305436], [-51.359392844999945, -23.67514446330542], [-51.359539292999955, -23.675634162305368], [-51.359685497999976, -23.676034763305385], [-51.35971017099996, -23.676212902305405], [-51.359614772999976, -23.676703161305383], [-51.35937408199993, -23.677126935305385], [-51.35906071099998, -23.677506328305384], [-51.358626535999974, -23.67793054930532], [-51.35807130999996, -23.67831050030533], [-51.357177487999934, -23.67869122930534], [-51.356743725999934, -23.679271365305326], [-51.35645464999993, -23.67969524630528], [-51.35621364199994, -23.680007642305295], [-51.35616617599993, -23.68034186930529], [-51.35594916899998, -23.680587387305273], [-51.35587721799993, -23.680810297305314], [-51.35595103999997, -23.681277891305292], [-51.355952427999966, -23.68179020130525], [-51.35573722899994, -23.682703949305253], [-51.35556913299996, -23.683149824305215], [-51.35537624799997, -23.683373011305214], [-51.35491899799996, -23.684220489305225], [-51.35441270999996, -23.68482305930517], [-51.354134544999965, -23.68519096330519], [-51.354046283999935, -23.685422647305145], [-51.35365367299994, -23.68645771330517], [-51.35361401399996, -23.686556859305135], [-51.35347521299997, -23.68702878430513], [-51.35331091699993, -23.687751686305123], [-51.35311829399995, -23.687992465305133], [-51.352975525999966, -23.688135233305125], [-51.35276137499994, -23.688349385305134], [-51.35247583899996, -23.68849215230513], [-51.35196980899997, -23.688684095305124], [-51.35144077499996, -23.688884763305108], [-51.35094108699997, -23.689134607305103], [-51.350726935999944, -23.689241682305124], [-51.35026294099998, -23.689348758305055], [-51.34990602899995, -23.689415680305096], [-51.34969186999996, -23.689455834305065], [-51.349673749999965, -23.689464070305117], [-51.349299258999956, -23.689634294305097], [-51.348978031999934, -23.690026905305082], [-51.348835263999945, -23.690276748305074], [-51.34844265299994, -23.690919203305054], [-51.34822849899996, -23.691133356305055], [-51.34808573399994, -23.691311813305052], [-51.34738251099998, -23.691982329305052], [-51.347015316999936, -23.692332443305002], [-51.34637252199997, -23.69263241530505], [-51.345617500999936, -23.69283832930504], [-51.344862299999924, -23.692796373305015], [-51.344839543999974, -23.692795109305017], [-51.34448085099996, -23.69277518230505], [-51.344309486999975, -23.69274580530502], [-51.34385623499998, -23.692668104305], [-51.34369562899997, -23.692632414304995], [-51.343160249999976, -23.69248964630501], [-51.342696254999964, -23.692489647305], [-51.34244208299998, -23.692743819305036], [-51.34226795199999, -23.692917950305024], [-51.342125184999986, -23.693381944304992], [-51.34212518499999, -23.69344143230502], [-51.34212518499999, -23.69416716630496], [-51.34212518399995, -23.694666854305005], [-51.34212518499999, -23.69555915230497], [-51.34212518499999, -23.696106426304944], [-51.342125184999986, -23.696165914304927], [-51.342089492999946, -23.69673698430495], [-51.342053799999974, -23.697129595304933], [-51.341768264999985, -23.697736358304926], [-51.34153566099996, -23.697863233304904], [-51.340947350999954, -23.697593591304923], [-51.33998366999998, -23.6974151313049], [-51.33862737699997, -23.697629282304916], [-51.33752092699995, -23.6981646613049], [-51.337092623999986, -23.698700040304857], [-51.33708698899994, -23.698741368304876], [-51.33698554799999, -23.699485262304837], [-51.33697732699995, -23.699740118304856], [-51.33694985699998, -23.700591712304817], [-51.33670001399997, -23.701448317304834], [-51.33648586099997, -23.702233539304807], [-51.33580771499993, -23.70266184230476], [-51.33509387699996, -23.702733226304794], [-51.33455849799998, -23.702768918304766], [-51.33395173599996, -23.702768918304766], [-51.333023745999974, -23.702875994304776], [-51.33255975099996, -23.70312583830477], [-51.332131447999984, -23.703589833304783], [-51.332053418999976, -23.70364950230477], [-51.33152468499998, -23.704053827304747], [-51.33109895499996, -23.70426669330476], [-51.33095361499994, -23.70433936230478], [-51.33044446699995, -23.704434827304734], [-51.329439682999976, -23.704465276304738], [-51.328633639999964, -23.704196595304776], [-51.328201219999976, -23.70407304630476], [-51.32809826199997, -23.704018135304757], [-51.32752719099995, -23.703911060304744], [-51.326599200999965, -23.703911060304744], [-51.32658135499997, -23.703911059304755], [-51.32617089799998, -23.70387536830476], [-51.326099513999964, -23.703911060304744], [-51.32576978899993, -23.704075922304757], [-51.32559982699996, -23.704160903304743], [-51.32555895899998, -23.70435162430476], [-51.32549275199995, -23.704660590304726], [-51.32513583199995, -23.705767039304728], [-51.32481460499997, -23.706552261304704], [-51.32431491899997, -23.707373175304706], [-51.32418264899996, -23.707652410304703], [-51.323957999999955, -23.708551009304664], [-51.32388661599999, -23.709300538304664], [-51.32388661599999, -23.709800225304647], [-51.323886614999935, -23.710203990304628], [-51.32388661599999, -23.71029991230465], [-51.32385092299996, -23.710692523304626], [-51.32352969699998, -23.711334978304606], [-51.32295365599998, -23.711751006304613], [-51.32288724199998, -23.711798972304567], [-51.32195925299993, -23.712227276304578], [-51.32142387299996, -23.712548503304607], [-51.321235102999935, -23.712775028304552], [-51.321066953999946, -23.712976806304564], [-51.32078141899996, -23.71351218530454], [-51.320353115999986, -23.713833412304567], [-51.31935374199998, -23.714261715304538], [-51.31869303099995, -23.71429174730452], [-51.31856852099997, -23.714297407304517], [-51.317533454999925, -23.71440448330453], [-51.316819616999965, -23.714690018304513], [-51.31680974899996, -23.71470129530451], [-51.31674134199994, -23.71470837230452], [-51.316537137999944, -23.714818327304545], [-51.316378097999966, -23.715064118304536], [-51.31631992999996, -23.715154013304517], [-51.31564178399998, -23.715867851304516], [-51.31511269099997, -23.7162045463045], [-51.31485656099994, -23.716367538304514], [-51.31403564699997, -23.71651030530451], [-51.31390834599994, -23.71651030530451], [-51.31325042499998, -23.7165103063045], [-51.31246520299993, -23.716653073304492], [-51.31164428899996, -23.716974300304457], [-51.31076523699994, -23.71762795430446], [-51.310437899999954, -23.717871359304446], [-51.310220200999936, -23.718089058304464], [-51.31011548499998, -23.71819377430447], [-51.309520619999944, -23.71875889630441], [-51.30913395699997, -23.719472735304407], [-51.30889803299994, -23.719944584304407], [-51.308896010999945, -23.719948627304394], [-51.308645327999955, -23.72036643130438], [-51.308449861999975, -23.720692208304374], [-51.308263874999966, -23.720732062304396], [-51.30808963299995, -23.720769400304377], [-51.308033455999976, -23.720781438304385], [-51.30796471999997, -23.72074936130438], [-51.30758730799994, -23.720573235304396], [-51.307200645999956, -23.72003785630443], [-51.306605779999984, -23.71971068030444], [-51.30508887299993, -23.719472734304414], [-51.30372068299994, -23.719442991304447], [-51.30264992599995, -23.719651194304443], [-51.302134715999955, -23.719929686304393], [-51.30175080199995, -23.720137207304436], [-51.301549425999944, -23.720246060304408], [-51.30104378999994, -23.72116810130441], [-51.30056789799994, -23.72209014230436], [-51.300560878999924, -23.722114121304347], [-51.30021097799994, -23.723309616304313], [-51.30010549199995, -23.723439921304333], [-51.300080107999975, -23.723505921304337], [-51.29997678899997, -23.72359890930434], [-51.29950102599997, -23.72402709530429], [-51.29936626999995, -23.724148376304306], [-51.29875950699994, -23.72454098630431], [-51.29818843699996, -23.72475513830432], [-51.29809325899999, -23.72480272730428], [-51.29761736599995, -23.725040673304306], [-51.29718906299996, -23.725468976304274], [-51.296867835999926, -23.725861587304248], [-51.296527912999984, -23.72607403930428], [-51.296296765999955, -23.726218506304264], [-51.29565701499997, -23.726401292304292], [-51.294797704999944, -23.726646810304278], [-51.293762638999965, -23.727182188304244], [-51.29290603299995, -23.727574799304236], [-51.292156502999944, -23.728074486304234], [-51.291814049999964, -23.728396794304256], [-51.29154973999993, -23.72864555630421], [-51.290965195999945, -23.729275065304208], [-51.29062174999995, -23.729644930304183], [-51.29001498799994, -23.73071568730418], [-51.28987222099994, -23.731286758304147], [-51.28971575199994, -23.73153951630413], [-51.28940822599998, -23.73203628830414], [-51.28911526399998, -23.732287398304152], [-51.28865869499998, -23.732678743304117], [-51.28748086199993, -23.732999970304128], [-51.286017493999964, -23.732643051304134], [-51.28498242799998, -23.732393207304142], [-51.283697518999986, -23.732393208304135], [-51.28234122599997, -23.73257166730411], [-51.28123477699995, -23.732678743304113], [-51.28066370599998, -23.73292858730411], [-51.27959294899994, -23.73339258130412], [-51.27880772699996, -23.733678117304095], [-51.277665585999955, -23.734142112304106], [-51.27721674999998, -23.73431665930408], [-51.27632181399997, -23.73438692830412], [-51.27546719099996, -23.73415073330411], [-51.27523853599996, -23.733963652304062], [-51.27466746399995, -23.733356890304137], [-51.274260898999955, -23.73330268130409], [-51.27413208599995, -23.73321412230414], [-51.27363239899995, -23.73328550530412], [-51.27356101499999, -23.733642425304126], [-51.27366809099994, -23.73428487930409], [-51.273668090999934, -23.73496302630406], [-51.273739474999964, -23.7354627143041], [-51.27373947499996, -23.73571255630405], [-51.27365337099996, -23.73620047530406], [-51.27363239899995, -23.736319319304044], [-51.27334686399997, -23.736997465304007], [-51.27309570999995, -23.737635009304025], [-51.272954252999966, -23.738389449303998], [-51.27278507899996, -23.738993641304], [-51.27270440999996, -23.739281747303963], [-51.272740100999954, -23.739888510303956], [-51.27281148499997, -23.740495273303956], [-51.27281148499998, -23.741034555303923], [-51.27281148499998, -23.741173419303923], [-51.272454565999965, -23.742208485303944], [-51.27224041399995, -23.74270817130388], [-51.27195487899996, -23.743100782303877], [-51.27099119799994, -23.74335062630387], [-51.27042012699997, -23.7434220093039], [-51.27004966099997, -23.7434388483039], [-51.269634903999986, -23.743457702303868], [-51.268778297999965, -23.74374323630386], [-51.268028767999965, -23.74434999930385], [-51.26727923899995, -23.74481399430386], [-51.26649401599997, -23.745277989303872], [-51.26581586999998, -23.745670600303857], [-51.264923571999994, -23.74577767630386], [-51.26424542599995, -23.74581336830384], [-51.262960515999964, -23.745956136303825], [-51.26206821799996, -23.745956135303842], [-51.26056915799995, -23.74577767630386], [-51.260069470999944, -23.74574198430383], [-51.259177172999955, -23.746170287303848], [-51.258534718999954, -23.746884125303797], [-51.25803503199996, -23.747597964303793], [-51.257963648999976, -23.748525953303762], [-51.258606102999984, -23.749668095303726], [-51.259034405999955, -23.75027485730373], [-51.25964116799998, -23.750917312303706], [-51.260283622999964, -23.751595458303683], [-51.261282996999974, -23.752273604303706], [-51.261617612999935, -23.752496681303683], [-51.262353753999946, -23.752987443303653], [-51.26353158699993, -23.753986816303634], [-51.26403127399993, -23.755164649303662], [-51.26406370799998, -23.75566196930361], [-51.26413037399993, -23.756684185303612], [-51.26413834999994, -23.75680647830362], [-51.26406696599997, -23.758055694303547], [-51.263888505999944, -23.75873384130357], [-51.26367435499997, -23.75976890630354], [-51.26353158699994, -23.760696897303475], [-51.26340926299997, -23.76130852130352], [-51.26335312799994, -23.761589194303475], [-51.26335312699996, -23.762624260303433], [-51.26353158699994, -23.763409482303462], [-51.26359717299993, -23.763671824303437], [-51.26371004699996, -23.76412332030343], [-51.26363866299994, -23.765194078303423], [-51.26335312699997, -23.766157760303365], [-51.26188975899999, -23.768620502303342], [-51.26117591999997, -23.769441416303298], [-51.26113466399994, -23.769462044303303], [-51.26067623399995, -23.769691259303297], [-51.25999808799998, -23.770476481303266], [-51.25942701699996, -23.771582930303264], [-51.259177172999955, -23.77229676830327], [-51.25892732999995, -23.772832148303237], [-51.25878456299995, -23.77333183430323], [-51.258594579999965, -23.773688051303214], [-51.25849902699997, -23.773867213303213], [-51.25803503199996, -23.773867213303213], [-51.257606728999974, -23.77376013730321], [-51.25660735599996, -23.773081991303236], [-51.25659926099996, -23.77307875430325], [-51.255536597999935, -23.772653688303265], [-51.254037537999984, -23.772653688303258], [-51.25275262899998, -23.77286783930323], [-51.251788946999966, -23.773224759303226], [-51.25107510899994, -23.774152748303184], [-51.25057542199994, -23.775259197303196], [-51.25046834699998, -23.776365647303162], [-51.25043265499994, -23.77750778930314], [-51.25089886299998, -23.77881317230309], [-51.25232432599995, -23.78050591030308], [-51.25364492699998, -23.782290505303042], [-51.254323072999966, -23.78425356130298], [-51.25421599799994, -23.78582400530292], [-51.25400184599994, -23.786787686302922], [-51.25397878599995, -23.7868972213029], [-51.253716309999966, -23.7881439793029], [-51.25371394699994, -23.7882042613029], [-51.253672679999966, -23.78925655030285], [-51.25364492699998, -23.789964266302867], [-51.25404238599998, -23.79078757730282], [-51.25414461399998, -23.790999333302814], [-51.25517967999997, -23.791641787302805], [-51.25585782599996, -23.792070089302836], [-51.25646458799997, -23.79239131730279], [-51.25650868799994, -23.79258976730281], [-51.25660735499997, -23.793033771302778], [-51.25610766899996, -23.79364053430277], [-51.25581369299994, -23.793967174302793], [-51.25546521399997, -23.794354372302774], [-51.25464279499994, -23.79464619830274], [-51.25435876499995, -23.79474698330278], [-51.253502158999936, -23.795460822302708], [-51.25282401199996, -23.796353119302687], [-51.252217249999944, -23.79756664530268], [-51.25203878999998, -23.79888724630269], [-51.252051268999935, -23.798968357302662], [-51.252170759999956, -23.79974504530263], [-51.25218155799996, -23.799815235302656], [-51.25225218699996, -23.79986232230263], [-51.253038163999975, -23.800386306302602], [-51.25414461299994, -23.800743225302607], [-51.254787068999974, -23.8005290743026], [-51.25628612799994, -23.799958003302635], [-51.25724980999997, -23.79963677630261], [-51.25828487499996, -23.799494008302638], [-51.25939132499996, -23.79920847330265], [-51.25999808799998, -23.79942262430266], [-51.260819000999966, -23.80042199830265], [-51.26114022899997, -23.8014927553026], [-51.26116409899998, -23.80206563430259], [-51.261175919999964, -23.802349361302596], [-51.26135438099993, -23.803420119302547], [-51.26163991499993, -23.804705028302507], [-51.261719443999944, -23.805314742302503], [-51.261746991999985, -23.805525942302516], [-51.26195894199998, -23.806222350302516], [-51.261996834999934, -23.806346856302472], [-51.262209380999934, -23.80658976630247], [-51.262496521999935, -23.806917927302482], [-51.26310328499994, -23.807167770302485], [-51.26385281399996, -23.807203462302468], [-51.26503064799993, -23.807203462302468], [-51.26652970899994, -23.807167770302485], [-51.267266150999944, -23.807167770302485], [-51.26773728499995, -23.807096386302472], [-51.26791898899995, -23.807167770302485], [-51.268570095999955, -23.80742356230244], [-51.26907438199999, -23.807720201302438], [-51.269075730999994, -23.807720994302464], [-51.269084389999925, -23.807894184302455], [-51.26910457699994, -23.808297892302466], [-51.26910547499995, -23.808315860302482], [-51.26910312199993, -23.808367615302437], [-51.269075730999994, -23.808970211302437], [-51.26880804199993, -23.80938661830243], [-51.26827266299995, -23.8098327663024], [-51.26770754199998, -23.810278915302412], [-51.26657729699997, -23.811319929302396], [-51.264792700999976, -23.812479916302365], [-51.263186564999955, -23.81328298530233], [-51.262552494999966, -23.813686484302327], [-51.26220503799994, -23.813907593302314], [-51.26131273999994, -23.81456194530232], [-51.26086659099997, -23.816138338302277], [-51.26068674499999, -23.81765418230224], [-51.26065838799997, -23.817893190302215], [-51.260705918999975, -23.81855861430224], [-51.260721117999935, -23.818771410302205], [-51.260747616999936, -23.81914240830219], [-51.26149119899997, -23.819796759302214], [-51.261517882999954, -23.81980565430222], [-51.262740416999975, -23.82021316430216], [-51.26410860699997, -23.820808030302167], [-51.26503064699995, -23.821402896302132], [-51.26595268799997, -23.82238442330214], [-51.266755755999945, -23.82345518030208], [-51.26700708899995, -23.82451077830212], [-51.267053189999956, -23.824704397302057], [-51.26723164899994, -23.825923871302077], [-51.266963959999934, -23.827440777302055], [-51.26627986499994, -23.82827358930203], [-51.26547679599998, -23.829284860301986], [-51.264852187999956, -23.830028442301955], [-51.26458449899996, -23.83080176630196], [-51.264584498999966, -23.83196308830191], [-51.264584498999966, -23.832050983301936], [-51.26431680999997, -23.833181227301882], [-51.26398963299993, -23.83425198530189], [-51.26330553899999, -23.835411972301863], [-51.26288913199995, -23.836334013301798], [-51.26279990299997, -23.837345284301815], [-51.26279990299997, -23.8385052713018], [-51.26279990299997, -23.839278596301778], [-51.26279990299997, -23.84005192130172], [-51.262532213999975, -23.841182165301706], [-51.26178863199993, -23.841925747301683], [-51.26053941499998, -23.84272881430166], [-51.25989922999997, -23.842845211301658], [-51.25923071099999, -23.84296676030168], [-51.256583560999964, -23.843591369301667], [-51.25462050599998, -23.844543154301633], [-51.25360923499994, -23.84573288430162], [-51.25340103199994, -23.846595439301584], [-51.25350757899997, -23.846787224301597], [-51.25384718099997, -23.847398507301595], [-51.25470973499995, -23.84790414230155], [-51.25554254699995, -23.84852875130154], [-51.25557472599996, -23.848557601301575], [-51.25640510199998, -23.849302076301527], [-51.25705945299995, -23.8505215493015], [-51.25719669899996, -23.85166526330149], [-51.25723791199994, -23.852008713301487], [-51.25735688599997, -23.853257930301474], [-51.25750560299997, -23.85441791730144], [-51.25753794599996, -23.85448509330146], [-51.257892264999946, -23.855220985301397], [-51.258695331999945, -23.856143026301407], [-51.25926045499995, -23.8569758373014], [-51.25957053299992, -23.85739867230139], [-51.25973991899997, -23.857629653301338], [-51.25991480699997, -23.85786813530138], [-51.25996548399996, -23.858020166301337], [-51.26017465499995, -23.858261517301326], [-51.260793314999944, -23.85983196230132], [-51.260840904999945, -23.86083133630131], [-51.26082950399996, -23.861025147301277], [-51.26079331499995, -23.861640352301226], [-51.26122161799998, -23.862734904301256], [-51.261423415999964, -23.863289847301232], [-51.26160233199994, -23.86378186730118], [-51.261983044999965, -23.864828830301196], [-51.26239720899997, -23.865686738301175], [-51.26264929499995, -23.866208918301183], [-51.26288724099993, -23.867255880301126], [-51.26293483099994, -23.868064897301107], [-51.26263268099996, -23.868755526301104], [-51.26260170599994, -23.86882632430108], [-51.262125812999955, -23.869064270301095], [-51.26179268899994, -23.869111860301107], [-51.26079331599993, -23.868921503301106], [-51.25979394199993, -23.8688739133011], [-51.258651799999946, -23.868921503301095], [-51.258349640999946, -23.869031379301113], [-51.25760483799996, -23.869302216301126], [-51.25689099899995, -23.870111234301092], [-51.25670242199993, -23.870598391301087], [-51.25646458799997, -23.87089568430104], [-51.25625297899995, -23.871117369301082], [-51.25618118299997, -23.87126000030103], [-51.25555405599994, -23.87259748530103], [-51.255245841999965, -23.87288194230104], [-51.254606716999945, -23.87425149630095], [-51.25403564699997, -23.87582194030096], [-51.25346457499995, -23.876678546300965], [-51.252893504999975, -23.876916492300925], [-51.25156100699997, -23.87767792030089], [-51.25075198999997, -23.87820140130089], [-51.24994561499995, -23.878770607300897], [-51.249942972999975, -23.878772471300916], [-51.24941949199996, -23.879533899300878], [-51.24932431299993, -23.880200148300855], [-51.24888311199994, -23.881177094300817], [-51.248658063999976, -23.88167541430083], [-51.24748248999998, -23.882380759300787], [-51.247468333999954, -23.882389252300776], [-51.24686136199995, -23.882822803300787], [-51.24646895999995, -23.88310309130077], [-51.244803336999944, -23.883626572300788], [-51.24394425999998, -23.88380431230075], [-51.24204316199995, -23.884197643300787], [-51.23904504199999, -23.88462594530077], [-51.23699870499996, -23.88500665930073], [-51.235333082999944, -23.885625320300747], [-51.234143351999926, -23.88614880130075], [-51.23309638899997, -23.886339158300697], [-51.232239783999944, -23.88643433630074], [-51.22976514399994, -23.88638674630072], [-51.228004342999945, -23.8867198723007], [-51.22695737999993, -23.887052996300707], [-51.22676269499994, -23.88732879930072], [-51.22638630899996, -23.887862012300698], [-51.225910416999966, -23.88900415430065], [-51.22572006099994, -23.89019388430065], [-51.22561446199995, -23.89107387430062], [-51.22557729199997, -23.891383615300576], [-51.22568578499994, -23.891691009300573], [-51.22586282799995, -23.892192631300563], [-51.22624354199996, -23.893096827300567], [-51.22624354099998, -23.893715486300554], [-51.22629112999993, -23.89495280630055], [-51.226005595999936, -23.89542869930053], [-51.22557729199997, -23.89585700130051], [-51.22535156499999, -23.896105301300512], [-51.22510140099997, -23.896380483300508], [-51.22492331199993, -23.89675892030049], [-51.22472068599996, -23.89718950030048], [-51.22481586499998, -23.898236463300478], [-51.22486345499994, -23.898855122300454], [-51.224638142999936, -23.89933793230044], [-51.224550778999976, -23.89952514130043], [-51.22453032899995, -23.89956896030042], [-51.224292383999966, -23.900187620300393], [-51.224292383999966, -23.90085387030043], [-51.224435150999966, -23.901472530300396], [-51.22467309699994, -23.90204360030036], [-51.22495863199998, -23.902614671300366], [-51.22572005999996, -23.903471276300326], [-51.225776233999966, -23.903527450300334], [-51.22610077399998, -23.903851990300332], [-51.22619044999994, -23.904390045300314], [-51.226195952999944, -23.904423062300328], [-51.22581523799994, -23.90470859630032], [-51.224530329999936, -23.9046610073003], [-51.22433237599995, -23.904631681300305], [-51.223245419999955, -23.9044706503003], [-51.22210327899996, -23.90447065030031], [-51.22062801299995, -23.904708597300313], [-51.22038212899997, -23.9048048123003], [-51.21953346199996, -23.905136899300295], [-51.218724443999974, -23.905184488300307], [-51.21791542799996, -23.904375472300313], [-51.21701123299994, -23.903566455300346], [-51.21610703699997, -23.903138152300322], [-51.21608743999997, -23.903136753300338], [-51.214108290999945, -23.902995385300326], [-51.212775792999935, -23.903280920300364], [-51.21182400799995, -23.903851990300332], [-51.21025356299998, -23.904661008300298], [-51.208016870999984, -23.905184488300307], [-51.20611330099997, -23.90566038130028], [-51.20478080399994, -23.90566038130028], [-51.20349589399995, -23.905374846300298], [-51.20231233299995, -23.905121225300302], [-51.202163395999946, -23.905089310300333], [-51.20191865299995, -23.905081152300315], [-51.20187786099996, -23.90508931030033], [-51.201068843999956, -23.905184489300296], [-51.20101416499995, -23.9052063603003], [-51.20082494999996, -23.905202335300295], [-51.199129582999944, -23.905202335300295], [-51.19669063599997, -23.90570797030031], [-51.196056115999966, -23.905945915300272], [-51.19526295899993, -23.90624334930027], [-51.19389476899994, -23.906927443300276], [-51.19374186799996, -23.907020277300255], [-51.19306195799993, -23.907433080300265], [-51.192318375999946, -23.90790897230024], [-51.19179922099995, -23.908087431300224], [-51.19136659099996, -23.908236147300236], [-51.19014711799998, -23.908563323300225], [-51.189135846999925, -23.908979729300203], [-51.189111508999986, -23.9089872823002], [-51.18827329299995, -23.909247418300197], [-51.18755945399994, -23.909604338300184], [-51.18681282499995, -23.909941525300187], [-51.186689645999934, -23.909952723300176], [-51.18626859699998, -23.90999100030022], [-51.185459579999986, -23.909895822300182], [-51.18498368799994, -23.909895822300182], [-51.18403190299994, -23.910181357300175], [-51.183651189999985, -23.910752428300174], [-51.18308011899995, -23.911561444300165], [-51.183028831999934, -23.91174607930015], [-51.18284217299998, -23.91241805030018], [-51.18217592399997, -23.913036710300133], [-51.18156509399995, -23.913927504300087], [-51.18117517799993, -23.914496131300094], [-51.18103378199999, -23.914702332300124], [-51.18085381299994, -23.91489391430006], [-51.179558515999986, -23.91627277730005], [-51.17926752599993, -23.916738361300023], [-51.178844677999955, -23.91741491930001], [-51.178273607999984, -23.91908054129999], [-51.178178428999956, -23.92098411029994], [-51.17784530399996, -23.922554554299943], [-51.17751217999995, -23.923791874299884], [-51.17736276199997, -23.923974495299905], [-51.17715247599995, -23.924231511299872], [-51.176655574999984, -23.92483883729988], [-51.17642449699997, -23.92490185829985], [-51.17508512999995, -23.92526713929987], [-51.17479346299996, -23.92527686129988], [-51.17410656299996, -23.925420632299826], [-51.173580120999986, -23.926052362299824], [-51.173044741999945, -23.92712311929985], [-51.17224167499995, -23.928074904299798], [-51.17143860599998, -23.92875899929979], [-51.17128988899997, -23.92894489529979], [-51.17072476799996, -23.92965129629978], [-51.17031622999997, -23.93048782629977], [-51.17027861899992, -23.930543594299756], [-51.16996128599993, -23.93118920329974], [-51.16974189499996, -23.931764549299725], [-51.169549314999976, -23.93274481729969], [-51.169297090999976, -23.933550951299686], [-51.169297090999976, -23.93390458329965], [-51.16962426599998, -23.93470765129962], [-51.17012990299997, -23.93554046229962], [-51.17018938899997, -23.93622455729959], [-51.169951441999956, -23.93696813929963], [-51.16960849499998, -23.937573342299583], [-51.16944580699993, -23.9378604372996], [-51.16876171299998, -23.938633761299542], [-51.16822576199996, -23.939448406299523], [-51.16708744199996, -23.940409756299513], [-51.16624038899993, -23.941301633299506], [-51.16561097899995, -23.941836888299477], [-51.16522427799999, -23.94266144029944], [-51.16500724399998, -23.94350808329947], [-51.16503218699995, -23.944064905299417], [-51.165275271999974, -23.944643767299414], [-51.16600408699998, -23.946023965299364], [-51.16673203099998, -23.94671366829939], [-51.167435458999925, -23.94718065529937], [-51.16806612599998, -23.947603171299374], [-51.168476587999976, -23.94817652029933], [-51.169178117999934, -23.948776214299336], [-51.16952904699997, -23.949197328299327], [-51.16977298299997, -23.949490053299325], [-51.17049684699999, -23.950588328299308], [-51.17063553799994, -23.95079875629931], [-51.17114117299997, -23.951631568299295], [-51.17127425899997, -23.952385724299244], [-51.17149809299996, -23.953654110299208], [-51.17149809299997, -23.95520075929922], [-51.17134937599995, -23.956271517299154], [-51.17081399699998, -23.95719355729918], [-51.16956477999997, -23.957818166299152], [-51.16895492599997, -23.958224736299144], [-51.168672482999966, -23.958413031299123], [-51.167899156999965, -23.959186357299107], [-51.16730429299998, -23.96055454629908], [-51.166835642999956, -23.961314082299047], [-51.166441737999946, -23.96195247929907], [-51.16537098099997, -23.962636575299037], [-51.16403253399995, -23.962934008299058], [-51.16302126299996, -23.962963751299018], [-51.16150435699996, -23.962666318299007], [-51.16118776499996, -23.96262410629904], [-51.160116910999925, -23.962481325299013], [-51.15971975999997, -23.96242837229905], [-51.158678745999964, -23.96230939929907], [-51.15760798899999, -23.96242837229904], [-51.15647774499996, -23.96239862929902], [-51.155221694999966, -23.96189620929906], [-51.155139297999945, -23.961863250299057], [-51.153681878999976, -23.96108992529906], [-51.152730093999935, -23.960822235299077], [-51.15198651199995, -23.960851979299097], [-51.151478751999946, -23.960973841299044], [-51.15124292999997, -23.961030438299062], [-51.151004984999986, -23.961565817299046], [-51.15127267399998, -23.962606832299016], [-51.15159984999997, -23.963647846298997], [-51.15175047599996, -23.96391897329901], [-51.15219471499995, -23.964718603298962], [-51.15251951099997, -23.965268256298955], [-51.152730093999935, -23.96575961729894], [-51.15317624299996, -23.967038577298943], [-51.15317624299996, -23.96787138929893], [-51.15302752599996, -23.96912060629891], [-51.15275983699996, -23.969953418298896], [-51.152441799999956, -23.97020565329889], [-51.15217407799998, -23.970417984298887], [-51.15189728199993, -23.970637512298826], [-51.15088601199995, -23.971470323298824], [-51.15002345699998, -23.97236262229884], [-51.14889321299995, -23.974057988298785], [-51.14868786999995, -23.97457134429877], [-51.14835783399996, -23.975396434298727], [-51.14808727999997, -23.976552438298707], [-51.14803065799998, -23.97679436829871], [-51.14787680599994, -23.976891702298744], [-51.146573237999974, -23.97771640929871], [-51.14544299399995, -23.97857896429867], [-51.14475889899995, -23.978846653298667], [-51.14422351999997, -23.978935882298693], [-51.14409030499996, -23.978930554298696], [-51.143479938999974, -23.978906139298655], [-51.14273635799998, -23.97881691029869], [-51.14166559999995, -23.9788169092987], [-51.14089227499994, -23.97881691029869], [-51.14008920699996, -23.979054856298653], [-51.138721016999966, -23.97979843729863], [-51.13809640799996, -23.98054201829861], [-51.13756102999997, -23.981434316298632], [-51.13714462399997, -23.98208866929859], [-51.13640104299998, -23.982475331298616], [-51.13574668999996, -23.982713276298604], [-51.13503285199994, -23.98309993929855], [-51.13489156999998, -23.983255349298606], [-51.134437987999945, -23.98375429129857], [-51.13425463299995, -23.98410877829854], [-51.133991837999986, -23.98461684529853], [-51.13374783999996, -23.985267509298545], [-51.133724148999924, -23.985330684298532], [-51.13342828699996, -23.985804062298502], [-51.13327799999997, -23.986044523298535], [-51.132854822999946, -23.986569261298484], [-51.131314944999986, -23.98753168629847], [-51.12964932199998, -23.988215781298464], [-51.128459591999956, -23.98866193029847], [-51.12789446899996, -23.98898910529846], [-51.12694268499996, -23.989435254298414], [-51.12616935999994, -23.989673200298444], [-51.124979628999945, -23.99029780929843], [-51.12433512499996, -23.990809622298418], [-51.123968358999946, -23.991100877298386], [-51.12371183799996, -23.991180487298386], [-51.12224324899995, -23.991636255298378], [-51.120994032999924, -23.99166599929839], [-51.11986378899997, -23.99166599929839], [-51.11876328799997, -23.991963431298412], [-51.117424840999945, -23.992469067298348], [-51.11627008099998, -23.99296396429835], [-51.116175623999936, -23.993004445298336], [-51.11477768999998, -23.99297470229837], [-51.114093594999986, -23.992439324298385], [-51.11409269899997, -23.99243783129837], [-51.113290527999936, -23.991100877298386], [-51.11286327299996, -23.99035318229844], [-51.11281463599994, -23.990268065298416], [-51.112792657999925, -23.990145618298442], [-51.11260643299995, -23.98910807829844], [-51.11224951299994, -23.9883347542985], [-51.11171413499994, -23.987145023298503], [-51.111501527999955, -23.986826113298477], [-51.111416701999985, -23.98669887429849], [-51.11128563799997, -23.98669887429849], [-51.111000295999986, -23.9866988742985], [-51.11016748499998, -23.98705579329849], [-51.109620252999946, -23.987793367298444], [-51.10948338999999, -23.987977834298505], [-51.10882903899995, -23.98955422829844], [-51.10823417299997, -23.990327552298396], [-51.10766905099996, -23.990981904298412], [-51.10704444199996, -23.991517283298375], [-51.10603317199997, -23.991874202298384], [-51.10460549499994, -23.992260864298363], [-51.10317781899993, -23.992231121298392], [-51.10231526399997, -23.991963431298412], [-51.101601425999945, -23.991576769298373], [-51.101066508999956, -23.991487617298386], [-51.10070912799994, -23.991428052298378], [-51.09972759999994, -23.99154702629841], [-51.09922196499997, -23.992052662298416], [-51.099152671999946, -23.99223166729836], [-51.09886504499997, -23.99297470229837], [-51.09868658499994, -23.993837257298317], [-51.098686585999985, -23.99461058229831], [-51.09862709999992, -23.99526493429832], [-51.09862709899994, -23.99580246029833], [-51.09862709899994, -23.996257304298307], [-51.09862709899995, -23.99630594829831], [-51.098522841999966, -23.996665059298273], [-51.098508125999956, -23.996871070298255], [-51.098151206999944, -23.997941827298263], [-51.09758608499994, -23.998715152298267], [-51.097456342999976, -23.998805407298242], [-51.09690198999993, -23.999191044298247], [-51.09615840899995, -23.99972642329822], [-51.095414826999956, -24.00032128829819], [-51.09512763699996, -24.000712911298212], [-51.09508765099998, -24.000767437298208], [-51.094819960999985, -24.002343830298162], [-51.09480542999995, -24.00245645329817], [-51.09470098799994, -24.003265871298108], [-51.094819961999974, -24.003860737298126], [-51.095069427999924, -24.004288393298115], [-51.095236366999984, -24.004574575298143], [-51.09577174599997, -24.005377643298107], [-51.09633686799998, -24.005883279298097], [-51.096501961999934, -24.00656199829804], [-51.09660455699998, -24.006983779298025], [-51.09657914099995, -24.00777169729803], [-51.09657481399995, -24.007905820298035], [-51.09630712399996, -24.00847094229804], [-51.09559328699998, -24.00894683529801], [-51.09493893499996, -24.00930375329802], [-51.09464724199995, -24.009472038297986], [-51.09416560999995, -24.009749902297973], [-51.09406752599995, -24.009919914297985], [-51.09372662699997, -24.01051080729796], [-51.09371946099998, -24.010523228297963], [-51.09371690099994, -24.010561634297947], [-51.09367054699993, -24.011256940297937], [-51.09365997499998, -24.011415525297952], [-51.09365997499997, -24.01180218829797], [-51.09351125799998, -24.012010390297924], [-51.093343053999945, -24.012226654297937], [-51.09309485299997, -24.01254576929795], [-51.09243783199997, -24.012950089297913], [-51.092253257999964, -24.013249227297905], [-51.09219656099998, -24.013438215297892], [-51.092143067999984, -24.0136165272979], [-51.09199435099998, -24.014092419297885], [-51.09194744599995, -24.014444214297903], [-51.09187537899994, -24.014984717297853], [-51.091815891999936, -24.01602573129785], [-51.09190988499995, -24.016646085297868], [-51.09196460799996, -24.017007259297838], [-51.09241075699998, -24.018107759297816], [-51.092770753999964, -24.01879346729779], [-51.09291639199995, -24.018970314297764], [-51.093422027999964, -24.019475949297778], [-51.09434406899993, -24.02021953129776], [-51.09538508399998, -24.020933369297765], [-51.09573939799998, -24.021496104297768], [-51.09581027399997, -24.021608671297727], [-51.095890718999954, -24.021736437297726], [-51.09591961099995, -24.021804420297723], [-51.09621789499994, -24.02230155929772], [-51.09651532799995, -24.0229261682977], [-51.096872246999965, -24.024056411297654], [-51.09693173299996, -24.024889223297638], [-51.09713993599996, -24.025870751297624], [-51.097348138999955, -24.02658458929764], [-51.09755634199996, -24.02732817129761], [-51.097801722999975, -24.027930471297626], [-51.09788351699996, -24.028131238297572], [-51.09812146399997, -24.028577388297595], [-51.09849131499993, -24.0289756892976], [-51.098508125999956, -24.028993793297587], [-51.09859735599997, -24.029350713297585], [-51.09832966599998, -24.029677888297577], [-51.09773480099995, -24.030094294297566], [-51.097526431999945, -24.03026976329755], [-51.097409133999975, -24.030456147297507], [-51.09682749299998, -24.03096881229753], [-51.096391335999954, -24.03145910929751], [-51.09602799899994, -24.032038454297517], [-51.09554325099998, -24.03241741029752], [-51.09522809899993, -24.03257352329746], [-51.09505841999998, -24.0326849972975], [-51.09452519599995, -24.033108528297483], [-51.09442012499994, -24.033205160297484], [-51.09435356199998, -24.033293909297456], [-51.09410612299995, -24.03345528229749], [-51.093570744999965, -24.033663486297467], [-51.092916392999946, -24.033871689297463], [-51.09262457199998, -24.033949507297482], [-51.092172810999955, -24.03384194529745], [-51.09180237199996, -24.03384194529745], [-51.09175640599995, -24.03384194529745], [-51.09142922999996, -24.033841945297457], [-51.09098308099993, -24.033990661297455], [-51.09065590399996, -24.034169121297484], [-51.090120525999964, -24.034526041297475], [-51.089466173999945, -24.034645013297467], [-51.08913261399993, -24.034663545297427], [-51.08910925499999, -24.03467475629744], [-51.08836567399994, -24.034793730297462], [-51.087955646999944, -24.034875735297433], [-51.08747337599994, -24.03497218929745], [-51.086759537999974, -24.03538859529743], [-51.086075441999974, -24.035686028297448], [-51.08556980699995, -24.03580500129743], [-51.08467750899996, -24.0362511492974], [-51.08423135999993, -24.03648909629741], [-51.08350947699995, -24.03679847429739], [-51.08339854899999, -24.036846015297407], [-51.08271445399999, -24.03708396129738], [-51.082516348999945, -24.037195933297387], [-51.08203035899999, -24.037470623297406], [-51.081227289999966, -24.03809523129734], [-51.08107653999997, -24.038254356297386], [-51.08069191199996, -24.03866035329735], [-51.080560874999954, -24.038728493297345], [-51.08055709399997, -24.03873045929735], [-51.07994832999998, -24.03904701629737], [-51.079705703999934, -24.03908167729735], [-51.07911551899998, -24.039165989297356], [-51.07849091099996, -24.03919573229732], [-51.078021572999944, -24.039516858297322], [-51.07747963899993, -24.039820341297307], [-51.07682528799996, -24.0405936662973], [-51.076736057999945, -24.04124801829731], [-51.07673605799994, -24.041436025297276], [-51.076736057999945, -24.041961856297263], [-51.07685503099997, -24.042408005297276], [-51.07709297699996, -24.043270559297238], [-51.07708469899995, -24.043316088297274], [-51.077033489999955, -24.043597736297272], [-51.076795543999935, -24.043984398297244], [-51.076743318999945, -24.04400363929725], [-51.07623042299996, -24.044192601297237], [-51.07566530099996, -24.044222344297268], [-51.07512992099998, -24.044400803297233], [-51.07405916399995, -24.044876696297216], [-51.073836809999925, -24.044950814297206], [-51.07344431899998, -24.045081644297245], [-51.07263148699997, -24.0453525882972], [-51.07212585299994, -24.04603668329718], [-51.07173918999996, -24.046631548297217], [-51.07138227099995, -24.047315644297186], [-51.07105509499997, -24.047880765297133], [-51.07054945899995, -24.04856486129716], [-51.070103309999986, -24.049100239297154], [-51.06977613499998, -24.049903307297107], [-51.06932998599996, -24.050379200297083], [-51.06849717499995, -24.050795605297097], [-51.06830387499997, -24.05091455829711], [-51.067723849999936, -24.051271498297066], [-51.06730745099998, -24.051509439297078], [-51.06709924099994, -24.05162841629708], [-51.06681012399997, -24.051689283297076], [-51.06596899699997, -24.051866363297087], [-51.06516592799994, -24.0518663632971], [-51.064809009999976, -24.05165816029709], [-51.06427363099993, -24.051301240297107], [-51.06397619799998, -24.05124175429709], [-51.06373825199995, -24.051330983297085], [-51.063529356999936, -24.051644326297083], [-51.06350030599998, -24.052312511297057], [-51.06350030599998, -24.053175066297005], [-51.06332184699994, -24.054067364297044], [-51.06290544099995, -24.055078635296997], [-51.06278646799995, -24.055822216296985], [-51.06274185299998, -24.05595606029699], [-51.06245929199997, -24.056803744296975], [-51.06225108899997, -24.057458095296933], [-51.06216185999995, -24.05799347529696], [-51.06210935399997, -24.05854477929694], [-51.06210237299996, -24.058618083296892], [-51.06180493999994, -24.059361665296922], [-51.06153725099995, -24.059897043296903], [-51.061180330999946, -24.060432422296877], [-51.06085315599994, -24.061176004296843], [-51.060769189999974, -24.061389733296828], [-51.060525979999966, -24.06200881529683], [-51.06046649299998, -24.062692910296814], [-51.060644952999944, -24.0633770052968], [-51.061150588999965, -24.0640908442968], [-51.06213211599999, -24.064655966296797], [-51.06278646799995, -24.06492365429681], [-51.06430337399996, -24.065548263296783], [-51.06443084499995, -24.06558225529678], [-51.06519567199996, -24.065786209296746], [-51.06520622499994, -24.065805807296748], [-51.06540387499996, -24.066172872296764], [-51.06526024599998, -24.06642821129673], [-51.06513618599996, -24.06664876429676], [-51.06463054999995, -24.067124656296738], [-51.06388696899995, -24.0677790082967], [-51.06327209199998, -24.06825089029668], [-51.06305280899994, -24.068419176296704], [-51.062608007999984, -24.068760535296704], [-51.06180493999994, -24.069474374296696], [-51.06100187299995, -24.070396415296653], [-51.05960393899994, -24.071556402296608], [-51.05913763399997, -24.072009384296617], [-51.05856292499993, -24.07256767329663], [-51.05840217999997, -24.072697800296595], [-51.05820600499993, -24.072954336296597], [-51.057700369999964, -24.073400485296617], [-51.05762133799993, -24.073611237296586], [-51.05752190999994, -24.07387637629661], [-51.057878829999936, -24.074560471296582], [-51.05796695699996, -24.074687156296584], [-51.058354720999944, -24.07524456729656], [-51.058473694999975, -24.07592866229654], [-51.058473694999975, -24.076731729296515], [-51.058503437999946, -24.077386082296517], [-51.05869093399997, -24.07801106629651], [-51.05877112799994, -24.078278380296492], [-51.05924701999998, -24.079051704296504], [-51.05981214099995, -24.079706056296455], [-51.06022854699995, -24.080538867296447], [-51.06023421099997, -24.080686128296442], [-51.05994042399993, -24.0809920792964], [-51.05979506799997, -24.08143760829644], [-51.059431322999956, -24.081794128296405], [-51.05943165199994, -24.082506883296386], [-51.05921369299994, -24.08335336429636], [-51.05865603299998, -24.084110881296347], [-51.058171140999946, -24.084846094296317], [-51.05766184399993, -24.085269486296326], [-51.057370943999956, -24.085804161296306], [-51.05703147999998, -24.086249760296333], [-51.05681321599996, -24.08645030329634], [-51.05620680099997, -24.086740084296324], [-51.055042355999944, -24.087007790296305], [-51.054702643999974, -24.086896545296277], [-51.05399905599995, -24.0868967952963], [-51.053610904999964, -24.086986026296323], [-51.05317431299994, -24.08727573429627], [-51.052834711999935, -24.087431768296305], [-51.05256805999994, -24.08798869929631], [-51.052519763999946, -24.088545555296236], [-51.05210748899998, -24.08899116829623], [-51.051670869999946, -24.089236325296238], [-51.05128270999995, -24.08932555029623], [-51.050821730999985, -24.089325703296264], [-51.050554863999935, -24.089370340296245], [-51.050336512999934, -24.089392685296232], [-51.04985134799994, -24.089593306296265], [-51.04946322899997, -24.089793894296225], [-51.048929603999966, -24.090172717296227], [-51.04861432699994, -24.090529195296252], [-51.048177763999945, -24.09095253129622], [-51.04776550699995, -24.09150949929622], [-51.047590680999974, -24.091728512296203], [-51.04731997099998, -24.091841307296207], [-51.046754849999964, -24.09207925329617], [-51.04621947099997, -24.092376686296188], [-51.04562460599993, -24.09270386229617], [-51.04482153699996, -24.09317975429614], [-51.04425641499995, -24.093804362296144], [-51.04363963899994, -24.09460885229612], [-51.04357231999995, -24.094696660296112], [-51.04312617099998, -24.09508332229615], [-51.04300799999998, -24.095189055296142], [-51.04256104899997, -24.09558895829609], [-51.042142439999964, -24.096028498296086], [-51.04199592699996, -24.09615408129609], [-51.04197844899995, -24.096200688296086], [-51.041963479999936, -24.096240606296107], [-51.041906696999945, -24.09639202629612], [-51.041876953999974, -24.09683817629606], [-51.04200718199996, -24.096979256296052], [-51.04223387399998, -24.097224838296103], [-51.04285351999993, -24.09777012629604], [-51.04297745499997, -24.09787918929606], [-51.04331983199995, -24.098172656296057], [-51.04360206299998, -24.098414568296036], [-51.04364918899994, -24.098579508296016], [-51.04378052299995, -24.09903917629602], [-51.04366154999997, -24.099455583296013], [-51.043381572999984, -24.100099529296024], [-51.04336411799995, -24.10013967829599], [-51.04310327199993, -24.100400523296], [-51.043096427999956, -24.100407367295983], [-51.042739507999954, -24.100883259295973], [-51.042263615999964, -24.101626841296], [-51.041698493999945, -24.10266785529598], [-51.041671959999974, -24.102719212295938], [-51.041557571999924, -24.10294060829596], [-51.040776452999985, -24.104452451295927], [-51.04063511799995, -24.104977407295912], [-51.04056825099997, -24.105225775295892], [-51.04044927799998, -24.106296533295897], [-51.040484969999966, -24.107046062295826], [-51.04044927699994, -24.107456520295845], [-51.04051526699993, -24.107779870295825], [-51.04074670999996, -24.108913940295825], [-51.041073885999936, -24.10974675129582], [-51.04137131899995, -24.11025238729576], [-51.041391614999945, -24.110316175295793], [-51.04157952199994, -24.110906739295782], [-51.04157952199994, -24.111428598295777], [-51.04157952099996, -24.11159083329576], [-51.04128208899993, -24.112304672295764], [-51.04074670999995, -24.11298876729575], [-51.039378520999946, -24.11388106529573], [-51.03890262799996, -24.1140000382957], [-51.037742639999976, -24.11414875429572], [-51.03729054499996, -24.114132608295716], [-51.037177518999954, -24.11414875429572], [-51.03690201699993, -24.114516090295673], [-51.03682059899995, -24.114624647295702], [-51.03616624799997, -24.116111809295663], [-51.03603277299993, -24.11657383729566], [-51.03577958499994, -24.11745025629565], [-51.03583610499993, -24.119032812295572], [-51.03583907199994, -24.119115879295613], [-51.036106760999985, -24.119829717295566], [-51.03679085599998, -24.121168164295565], [-51.03734843999996, -24.122055227295526], [-51.03765341099995, -24.12241738129554], [-51.03767453199998, -24.1224505712955], [-51.03806981599996, -24.123071733295497], [-51.038172879999934, -24.1231821592955], [-51.03839472499993, -24.123419848295505], [-51.03851022699996, -24.123607043295518], [-51.03865379699994, -24.124140306295473], [-51.03869442499996, -24.124291207295457], [-51.03881339799995, -24.12509427529547], [-51.039163582999954, -24.12561955229547], [-51.04024107499998, -24.12580811329543], [-51.04137131899995, -24.12583785629546], [-51.04164892099993, -24.125946914295422], [-51.042049187999964, -24.126104163295466], [-51.04220412999996, -24.12616503329542], [-51.04306668399994, -24.12661118129545], [-51.04422667199998, -24.127176304295435], [-51.04497025399996, -24.12756296529542], [-51.045773320999956, -24.128068601295368], [-51.04577673499995, -24.12807116129541], [-51.04648715999997, -24.128603980295395], [-51.047319970999986, -24.128990642295374], [-51.04814245099993, -24.12907721929536], [-51.048450215999935, -24.129109615295356], [-51.04912316399998, -24.129157683295368], [-51.049283026999944, -24.129169102295393], [-51.05017532499995, -24.129466535295343], [-51.05037947399995, -24.12951602529539], [-51.05115685199996, -24.12970448029538], [-51.05127475799997, -24.129866602295383], [-51.05163274499995, -24.130358833295325], [-51.05160300099993, -24.130715752295334], [-51.05115685199996, -24.131191643295328], [-51.05107874699996, -24.13130322229535], [-51.05074044599996, -24.131786509295335], [-51.05064586699996, -24.131908110295328], [-51.050115836999964, -24.132589577295306], [-51.04910456699998, -24.133719821295244], [-51.04860390599998, -24.13452644229527], [-51.04856918799993, -24.13458237529527], [-51.048212268999976, -24.135177241295217], [-51.04807392999993, -24.13530899229525], [-51.047587659999984, -24.13577210629525], [-51.04755024199994, -24.13581888029525], [-51.04711176799997, -24.136366971295224], [-51.04710440899998, -24.136379014295184], [-51.04678459199994, -24.136902350295202], [-51.046576389999984, -24.137378242295178], [-51.04638229199998, -24.137917402295184], [-51.04630869999995, -24.13812182429514], [-51.04613024099996, -24.13868694629514], [-51.04592203799995, -24.139043865295154], [-51.04560737899993, -24.13924614629513], [-51.045598791999964, -24.139264550295138], [-51.044603895999956, -24.139955320295133], [-51.043924448999974, -24.14042325929514], [-51.04329352599996, -24.14084663529509], [-51.04310090899998, -24.141377451295124], [-51.04309642799996, -24.141393583295102], [-51.042947711999936, -24.141839732295118], [-51.042739508999944, -24.142404853295076], [-51.042531304999955, -24.142969975295074], [-51.04220412999996, -24.143207921295037], [-51.041817467999984, -24.143237665295064], [-51.041460547999975, -24.143237665295064], [-51.041399944999974, -24.14325449929506], [-51.04092516999998, -24.143386381295066], [-51.04056824999998, -24.143654071295042], [-51.040513302999955, -24.143774956295044], [-51.04019340499996, -24.144478732295045], [-51.04012210199994, -24.144635598295043], [-51.03970569599994, -24.14520072129503], [-51.03928271099994, -24.145579180295012], [-51.03919651599995, -24.145617173294998], [-51.03914057399993, -24.14567661329502], [-51.03884314099997, -24.146093018295026], [-51.03842673499998, -24.146628397294997], [-51.03822714399997, -24.146751223294984], [-51.038040072999934, -24.146866343294963], [-51.037485401999966, -24.14749034829497], [-51.037326234999966, -24.147669411294977], [-51.036850342999976, -24.14799658729496], [-51.036314963999985, -24.148383249294938], [-51.035898558999975, -24.148650938294928], [-51.03551579799995, -24.14888059529495], [-51.035154976999934, -24.149097087294933], [-51.03486080399994, -24.149471490294903], [-51.03482780099995, -24.149513494294926], [-51.03458985499997, -24.150138102294925], [-51.03423293599997, -24.150584250294887], [-51.03360832699996, -24.150762710294917], [-51.03339506399993, -24.150919852294894], [-51.03304320499995, -24.151179116294905], [-51.032602981999965, -24.15191282129485], [-51.03259705599999, -24.151922697294882], [-51.03212116399993, -24.152487820294873], [-51.031615527999975, -24.153142172294817], [-51.031615528999964, -24.153539519294856], [-51.031615528999964, -24.153677550294805], [-51.032091420999954, -24.15418318629481], [-51.03224004799995, -24.154228918294805], [-51.03286474599997, -24.154421132294832], [-51.033102690999954, -24.15474830729482], [-51.033251407999956, -24.155283687294784], [-51.033336203999966, -24.15564406829479], [-51.03348935499997, -24.15629495729476], [-51.03360832699997, -24.157127769294735], [-51.03360832799996, -24.15781186429472], [-51.03381652999997, -24.158376986294723], [-51.033853102999956, -24.158386129294712], [-51.03417344899998, -24.158466216294737], [-51.03472156199996, -24.158268895294764], [-51.03482732599997, -24.158132963294722], [-51.03562838099998, -24.15804368529472], [-51.036550777999935, -24.15784300529473], [-51.036842046999936, -24.157731569294743], [-51.03725469099993, -24.157620102294732], [-51.03766725499998, -24.157241353294754], [-51.03827025399994, -24.156935397294774], [-51.03848622299995, -24.15677084929474], [-51.03896211399995, -24.156532903294774], [-51.03949749299994, -24.1562057272948], [-51.040181588999985, -24.15584880829479], [-51.04047902099995, -24.155551375294785], [-51.04098465599998, -24.15504574129482], [-51.04166875099997, -24.15462933429484], [-51.04259079199995, -24.15418318629481], [-51.04303694199996, -24.15403447029481], [-51.04378052299995, -24.15436164529479], [-51.04425641499995, -24.154807794294808], [-51.04451516899996, -24.154911296294813], [-51.04485127999993, -24.15504574129482], [-51.04586255199996, -24.15504574029483], [-51.046137010999985, -24.155019350294815], [-51.04740920099993, -24.154897024294822], [-51.04847995899996, -24.1554324032948], [-51.049045079999985, -24.156205728294793], [-51.049249655999965, -24.15649035329478], [-51.04957616699994, -24.15694463029474], [-51.04972917599997, -24.157157512294756], [-51.05041326999998, -24.15784160729474], [-51.05103787899998, -24.157930837294764], [-51.05184094699996, -24.158079553294762], [-51.052346581999984, -24.15822826929472], [-51.052733244999956, -24.158466216294737], [-51.053000933999954, -24.15876364829474], [-51.053014792999925, -24.158957663294732], [-51.053029321999986, -24.159161071294722], [-51.05303067699998, -24.159180054294747], [-51.05300108699999, -24.1592129322947], [-51.05296398299999, -24.159254158294708], [-51.052495298999986, -24.1597749192947], [-51.052138378999985, -24.1598344052947], [-51.05190043399995, -24.159983121294715], [-51.05166248799998, -24.160221068294675], [-51.05145428499998, -24.16057798729467], [-51.05109736599997, -24.160815933294693], [-51.05050249999993, -24.160905162294657], [-51.050205066999986, -24.160905163294647], [-51.050190681999936, -24.160909958294713], [-51.049848148999956, -24.1610241362947], [-51.04970973199994, -24.161320744294667], [-51.04963994599996, -24.16147028529464], [-51.04937225599996, -24.161797461294686], [-51.049134309999936, -24.162273353294673], [-51.04892610699994, -24.162481555294626], [-51.04856918899998, -24.162600529294654], [-51.04796780899994, -24.162682535294667], [-51.047914835999954, -24.16268975929466], [-51.04752817399998, -24.162987191294622], [-51.04743711599997, -24.163111362294593], [-51.04720099899998, -24.16343334029463], [-51.046356730999946, -24.16368433929464], [-51.04610049699994, -24.163760516294612], [-51.04582324799998, -24.163823528294614], [-51.045446145999954, -24.163909232294625], [-51.04497131299996, -24.16408189929458], [-51.04479179399994, -24.164147178294595], [-51.04419692899995, -24.164593328294604], [-51.04389049599996, -24.165001904294574], [-51.04349623299998, -24.165263325294575], [-51.04313215499997, -24.165463889294582], [-51.042549650999945, -24.165864973294543], [-51.042137071999946, -24.166243735294568], [-51.04150605199993, -24.166778468294538], [-51.04106396299994, -24.166981420294537], [-51.04071696699998, -24.16741893729454], [-51.04033030399996, -24.167894829294532], [-51.040062614999954, -24.16845995229452], [-51.039728655999966, -24.168868123294516], [-51.039710232999944, -24.1689171882945], [-51.039273412999925, -24.1694741342945], [-51.038569518999964, -24.169964328294498], [-51.03781705799997, -24.170432257294472], [-51.037477303999935, -24.17087780829444], [-51.03640942099997, -24.172036279294407], [-51.03570568799995, -24.173194660294428], [-51.03505037699995, -24.173907559294406], [-51.03449215899997, -24.174575886294367], [-51.03417663699997, -24.1749323302944], [-51.033812679999976, -24.175756524294346], [-51.03357002299999, -24.17624659129432], [-51.03340020599996, -24.176758915294347], [-51.03296329499994, -24.177159929294323], [-51.032550679999986, -24.177650032294327], [-51.032137994999964, -24.177872852294293], [-51.03165251099995, -24.17825160029428], [-51.031337064999946, -24.17898668529431], [-51.031215750999934, -24.179320810294293], [-51.03087593299995, -24.179699525294293], [-51.03058469499996, -24.180167323294267], [-51.03014769199996, -24.180278777294244], [-51.029977763999966, -24.18039017829426], [-51.02922524999996, -24.18103625029425], [-51.02903111499995, -24.181481752294225], [-51.028472829999934, -24.18212778429424], [-51.028302905999965, -24.1822837292942], [-51.028060255999954, -24.182951973294184], [-51.02764769899995, -24.18388752729418], [-51.027380723999954, -24.184377588294165], [-51.02718654499994, -24.18466717629414], [-51.02677388099994, -24.185134988294138], [-51.026264099999935, -24.18564736329415], [-51.02604563999995, -24.185959226294127], [-51.02558439599994, -24.18638249729411], [-51.02534167599998, -24.18680573129414], [-51.025050368999985, -24.18711760529412], [-51.02483192999995, -24.187563107294086], [-51.024807670999955, -24.187674477294095], [-51.024613467999984, -24.187897242294092], [-51.024249309999966, -24.188186853294113], [-51.02388516099995, -24.188521009294057], [-51.02373952999994, -24.188810585294043], [-51.023545318999936, -24.189011075294033], [-51.02325401099995, -24.189367492294064], [-51.023108384999944, -24.189701613294037], [-51.02257428199994, -24.190169432294027], [-51.022523905999954, -24.19036597129401], [-51.02245460399996, -24.190440223294004], [-51.022186914999956, -24.191213548293998], [-51.02215152899998, -24.191532020293998], [-51.02212742799997, -24.191748926293982], [-51.021919224999984, -24.192492508294006], [-51.021892510999976, -24.192552613293994], [-51.02177347999998, -24.19297598329395], [-51.021482154999944, -24.19331012429399], [-51.02094802499994, -24.19373339029397], [-51.020656738999946, -24.194334808293934], [-51.02051111099996, -24.19473574729395], [-51.01990412199996, -24.195136746293905], [-51.01924860199994, -24.195782756293934], [-51.01895727599999, -24.1962059842939], [-51.018665949999956, -24.19662921229388], [-51.01847172899994, -24.19689651529392], [-51.018471783999985, -24.19727516029387], [-51.01820471999997, -24.19758701829389], [-51.01793765799994, -24.19792114929386], [-51.017792014999934, -24.19829981129386], [-51.017476389999956, -24.198678493293876], [-51.01730646499993, -24.199079432293843], [-51.017039420999936, -24.199591746293823], [-51.01655381899997, -24.200037265293847], [-51.016213920999974, -24.200549587293803], [-51.015971133999976, -24.2009059852938], [-51.01550978999996, -24.201217858293777], [-51.015412667999954, -24.20130696129377], [-51.01509704499995, -24.20181927829378], [-51.014927115999974, -24.202287033293754], [-51.014902845999984, -24.202398401293788], [-51.01458718099997, -24.202598891293782], [-51.01417438899995, -24.20284393629375], [-51.013931569999954, -24.202999871293766], [-51.01334882599997, -24.20360130129377], [-51.01288748699995, -24.204135898293718], [-51.01271753399993, -24.204470012293704], [-51.012159043999986, -24.204893248293704], [-51.01189194199998, -24.20513827529372], [-51.011163471999964, -24.20571743529367], [-51.01058069099998, -24.206185214293683], [-51.00987649199993, -24.206742093293656], [-51.009560817999954, -24.207053938293644], [-51.009123718999945, -24.207321244293645], [-51.00875946099996, -24.20745490529366], [-51.00805523099995, -24.20776676929367], [-51.007423865999954, -24.208323632293652], [-51.00713247799996, -24.208813657293614], [-51.006719661999966, -24.209303687293648], [-51.00589399099994, -24.209593273293592], [-51.00521402499999, -24.20986057729361], [-51.00463120499996, -24.210328334293568], [-51.00368410799995, -24.211018829293575], [-51.00322270199996, -24.21148657729357], [-51.00307700299993, -24.21197659229358], [-51.00248714099995, -24.21219299929356], [-51.00246987299994, -24.21219933529357], [-51.001959889999966, -24.212845266293566], [-51.00179676799997, -24.213129524293524], [-51.001482350999936, -24.213119699293518], [-51.000625745999976, -24.21251293629352], [-51.00005467499995, -24.21190617329358], [-50.99930514499994, -24.211156643293595], [-50.99859130599998, -24.210728340293574], [-50.997377780999955, -24.210300037293596], [-50.99605717999998, -24.20947912429363], [-50.99541472499993, -24.208979436293664], [-50.99398704899994, -24.208479750293645], [-50.99330890299996, -24.20798006329366], [-50.99291629099997, -24.20737330029366], [-50.99259506499993, -24.206695154293698], [-50.99227383699997, -24.2058385482937], [-50.99209537699994, -24.20541024529367], [-50.99184553399994, -24.20498194229371], [-50.99148861499998, -24.2045179472937], [-50.99127446299997, -24.204018260293708], [-50.99088185299996, -24.203161654293776], [-50.99048924199997, -24.20262627529375], [-50.99009663099998, -24.201698286293766], [-50.989168639999946, -24.20062752829383], [-50.98834772599997, -24.200341993293794], [-50.986955741999964, -24.19977092229384], [-50.986206211999956, -24.199199852293862], [-50.98577790899998, -24.19848601429386], [-50.984956993999965, -24.197379564293875], [-50.98435023199994, -24.196273114293895], [-50.98385054499993, -24.195452201293925], [-50.98320808999994, -24.194631286293927], [-50.982815478999946, -24.194131600293975], [-50.981923181999946, -24.193810373293964], [-50.980495504999965, -24.19391744929396], [-50.97996012599999, -24.19420298429395], [-50.97928197999994, -24.194274367293968], [-50.97863952499995, -24.194202983293955], [-50.97799707099995, -24.193560529293954], [-50.97721184899996, -24.19248977129397], [-50.97624816699994, -24.191704549293988], [-50.97507033399995, -24.191169171294], [-50.97435649599999, -24.191097787294037], [-50.97342850599994, -24.191240555294023], [-50.97285743499997, -24.191311939293993], [-50.97185806199997, -24.191347630293986], [-50.97068022799993, -24.191276246294024], [-50.969930697999985, -24.191097787294037], [-50.96907409199997, -24.19070517629399], [-50.96836025399995, -24.190241181294052], [-50.96743226399996, -24.18888488829406], [-50.96689688499998, -24.188028282294063], [-50.96629012299997, -24.187385828294083], [-50.96514798199996, -24.186850449294106], [-50.964255682999976, -24.186564914294127], [-50.96347046199997, -24.18652922229414], [-50.96261385499997, -24.186814757294123], [-50.96157878999998, -24.18727875229408], [-50.96075787599994, -24.18763567129409], [-50.959187431999965, -24.18795689929409], [-50.95797390599995, -24.18795689929409], [-50.95704591699996, -24.187814131294108], [-50.95629638699995, -24.1879568982941], [-50.955725315999985, -24.18806397429411], [-50.954904400999965, -24.188278126294062], [-50.95390502799996, -24.188492277294067], [-50.95326257399996, -24.188563661294094], [-50.952513042999946, -24.1884208942941], [-50.95183489699997, -24.188028282294063], [-50.95133520999996, -24.18763567129409], [-50.95069275599997, -24.187457211294113], [-50.95015737799997, -24.187243060294083], [-50.949407846999975, -24.186814757294123], [-50.94887246899998, -24.186386454294095], [-50.948158629999966, -24.186065227294137], [-50.947337715999936, -24.18567261629414], [-50.945802962999956, -24.18520862129414], [-50.944696513999986, -24.185208621294144], [-50.94398267599996, -24.18520862129414], [-50.94259069099996, -24.185494156294116], [-50.941769776999934, -24.186136611294092], [-50.94144854999997, -24.186600605294114], [-50.94169839399996, -24.187671363294122], [-50.942269463999935, -24.188635045294056], [-50.94269776699996, -24.189705802294068], [-50.942769150999936, -24.190812252294002], [-50.942626382999954, -24.19152609029401], [-50.94209100399996, -24.19241838829398], [-50.94077040299993, -24.194060216293956], [-50.940270715999986, -24.19463128629392], [-50.94005656499996, -24.19545220029394], [-50.94009225699995, -24.196094655293912], [-50.940377791999936, -24.196772802293857], [-50.94087747899994, -24.197700791293894], [-50.94098455499994, -24.19823617029386], [-50.94091317099998, -24.199342619293866], [-50.94055625199997, -24.20059183629379], [-50.94009225699995, -24.201448442293785], [-50.93937841899998, -24.20219797229378], [-50.938950115999944, -24.202983194293743], [-50.938950115999944, -24.203804109293756], [-50.93902149999997, -24.204482255293716], [-50.93948549499998, -24.2051247102937], [-50.94073471199994, -24.206124083293695], [-50.941519933999984, -24.20640961829367], [-50.942305155999975, -24.20701638129366], [-50.94262638399994, -24.208158523293637], [-50.94244792299997, -24.2094434312936], [-50.94209100499995, -24.21026434529361], [-50.94194823699996, -24.211085259293576], [-50.94194823699996, -24.211692022293573], [-50.94216238799998, -24.21319108229354], [-50.94234084799996, -24.214190456293533], [-50.942162388999975, -24.214832910293516], [-50.94141285899996, -24.21554674929345], [-50.94059194399995, -24.21604643629346], [-50.93991379799997, -24.216546122293447], [-50.938997704999956, -24.217200475293456], [-50.93847422399995, -24.217676367293446], [-50.93790315299998, -24.218295026293422], [-50.93714172599994, -24.21881850729342], [-50.93636919399995, -24.219048522293416], [-50.93563156099999, -24.2193816472934], [-50.934822544999975, -24.220071691293416], [-50.93460839299996, -24.220523788293388], [-50.934084910999964, -24.221213832293383], [-50.93299035899997, -24.222665303293358], [-50.93244308399995, -24.223046017293303], [-50.93149129799997, -24.223450525293313], [-50.93075366599993, -24.223783650293303], [-50.92982567599995, -24.224188158293284], [-50.92894527499993, -24.224616461293298], [-50.928374203999965, -24.225163737293254], [-50.927803134999984, -24.22587757529326], [-50.92747000999998, -24.226353467293237], [-50.92692273399996, -24.22690074329325], [-50.926208895999935, -24.227233868293244], [-50.92513813799997, -24.227745453293206], [-50.924335069999984, -24.228161858293202], [-50.92376994699999, -24.228536623293206], [-50.92329405499999, -24.22913148829317], [-50.92286575199995, -24.22951220229318], [-50.92248503899998, -24.229773942293157], [-50.92212811899998, -24.229964300293148], [-50.921985351999986, -24.230297424293155], [-50.92203294099994, -24.230868495293162], [-50.921676022999975, -24.231154030293148], [-50.92139048599995, -24.231296798293137], [-50.92112874599996, -24.23141577129312], [-50.92062905899997, -24.23158233329311], [-50.919796247999955, -24.231986842293132], [-50.919106203999945, -24.2325579122931], [-50.91879687399996, -24.233295545293107], [-50.91867790199995, -24.2336524642931], [-50.918320981999955, -24.234199740293064], [-50.91796406299994, -24.23469942729305], [-50.91791647399999, -24.23515152429304], [-50.91815441999995, -24.236008130293033], [-50.91843995499994, -24.23650781729302], [-50.91905861499999, -24.23712647829304], [-50.919653479999965, -24.237388218293017], [-50.92027213999995, -24.23762616429298], [-50.92115253999998, -24.238078262293], [-50.92155704899995, -24.238577949293003], [-50.92217570899993, -24.23945834929296], [-50.92236606599994, -24.240291160292948], [-50.92238986099994, -24.240790847292928], [-50.92259211499999, -24.241635555292905], [-50.92330595299995, -24.242670621292877], [-50.92426963499998, -24.243491535292883], [-50.92548315999994, -24.243955530292887], [-50.92648253299996, -24.244597985292867], [-50.927588982999964, -24.24577581829282], [-50.92798159399996, -24.247274878292806], [-50.92812436099996, -24.248417019292784], [-50.92794590199998, -24.249630544292735], [-50.92762467499995, -24.250736994292726], [-50.92744621499998, -24.251593600292704], [-50.927446214999975, -24.252664357292662], [-50.928088668999976, -24.253592347292617], [-50.92898096799996, -24.254092035292658], [-50.92973049799997, -24.25462741329264], [-50.93055141099995, -24.25566247829262], [-50.93090833099995, -24.257125847292553], [-50.931229557999984, -24.25816091229259], [-50.93201477999998, -24.258981827292526], [-50.93283835799996, -24.25947597329251], [-50.93279456799996, -24.25955950929254], [-50.932186865999945, -24.260205158292504], [-50.93179776199998, -24.260939996292517], [-50.931651648999946, -24.261585849292473], [-50.931286976999964, -24.26205341929249], [-50.92997465299993, -24.26278783229245], [-50.928881058999934, -24.263366424292446], [-50.92865281899998, -24.263633108292442], [-50.928482549999956, -24.26376331429242], [-50.92833198499994, -24.264007983292405], [-50.928244603999985, -24.2641499762924], [-50.927679481999974, -24.26462586829239], [-50.92678718399998, -24.264893557292435], [-50.92547847999999, -24.265369449292418], [-50.92467541299993, -24.265815599292367], [-50.92371210999994, -24.266311012292363], [-50.92363439899998, -24.2663509782924], [-50.922771842999964, -24.267302762292378], [-50.92266610499996, -24.267468922292366], [-50.922355437999954, -24.267957113292344], [-50.922117491999984, -24.26837351929233], [-50.92158211299995, -24.26870069529231], [-50.92098724799996, -24.268849412292294], [-50.920451869999965, -24.268849412292294], [-50.920035463999966, -24.268641209292316], [-50.91932162599994, -24.268433005292323], [-50.918548299999934, -24.267957113292344], [-50.917983177999986, -24.26745147829233], [-50.91738686799994, -24.26742939229233], [-50.91718010999995, -24.267421734292373], [-50.91628781299995, -24.26783814129234], [-50.91608359099996, -24.268042363292327], [-50.91587140699995, -24.268254546292358], [-50.91530628499998, -24.26849249229231], [-50.91447347299993, -24.268879155292336], [-50.913729891999935, -24.269027871292348], [-50.91292557699996, -24.269161924292302], [-50.91283759399993, -24.269176587292304], [-50.91227247199999, -24.269533507292284], [-50.91176683699996, -24.2700391422923], [-50.91170734999998, -24.27066375029229], [-50.911856065999984, -24.27137758929223], [-50.912183241999976, -24.27206168429227], [-50.91242118799994, -24.272537576292272], [-50.91262939099994, -24.27304321229221], [-50.91274836399998, -24.273519103292212], [-50.91275621699997, -24.273676152292193], [-50.912742065999964, -24.273714986292212], [-50.912599647999976, -24.27392502929218], [-50.91259964799997, -24.27402473929221], [-50.91203452599996, -24.274738577292215], [-50.91132068799993, -24.275154983292204], [-50.91057710599994, -24.275571389292192], [-50.91027967299994, -24.275958051292175], [-50.90989301099996, -24.27688009329216], [-50.90962926299994, -24.277647359292125], [-50.90956583499996, -24.277831877292137], [-50.90947660499995, -24.278426742292098], [-50.90935763199997, -24.27884314729211], [-50.909069888999966, -24.27924598829208], [-50.90891148299994, -24.2794677562921], [-50.908346360999985, -24.279973392292092], [-50.90751354999997, -24.280568257292064], [-50.90674022499997, -24.28125235229205], [-50.905966899999946, -24.281698501292063], [-50.90539459299999, -24.282006666292038], [-50.90510643099998, -24.282285521292003], [-50.904352588999984, -24.283064603292], [-50.90350167699995, -24.283665437292004], [-50.902188802999945, -24.284622336291992], [-50.90119203999995, -24.285267608291953], [-50.900219739999955, -24.28569016029194], [-50.89961204799994, -24.28595703529195], [-50.89839661999997, -24.286535325291954], [-50.89766702999999, -24.287292117291944], [-50.89710718799995, -24.288472206291864], [-50.89676948099998, -24.288641277291873], [-50.896032650999985, -24.289283033291856], [-50.89537829899996, -24.29014558829187], [-50.89484292099996, -24.29041327729186], [-50.894248054999935, -24.29059173629183], [-50.89347472999998, -24.29059173629183], [-50.892671661999934, -24.290740453291836], [-50.891749620999974, -24.29112711529181], [-50.890916808999975, -24.291662494291835], [-50.890638226999954, -24.291929933291787], [-50.89017322799998, -24.292376332291788], [-50.88925118699996, -24.293090171291787], [-50.88826965999994, -24.293625550291765], [-50.88734761799997, -24.294250157291764], [-50.88672300999997, -24.295082969291744], [-50.88640159499994, -24.295626902291755], [-50.88633634699994, -24.295737321291753], [-50.88574148199995, -24.296332186291725], [-50.885087129999924, -24.296778335291688], [-50.88503789499998, -24.296791041291694], [-50.884938413999976, -24.2968675652917], [-50.884771242999925, -24.296948762291695], [-50.88415765199995, -24.297246792291684], [-50.883956885999964, -24.29731371429172], [-50.88342150799997, -24.297492173291687], [-50.88297535899994, -24.297640890291692], [-50.882591281999964, -24.29791294429168], [-50.88252507999994, -24.297991559291688], [-50.882396935999964, -24.29808345229168], [-50.88169146599995, -24.29886245729169], [-50.88025696899996, -24.299596340291675], [-50.87935701899994, -24.300419727291633], [-50.87845722699995, -24.3010649242916], [-50.87758179199995, -24.301643318291582], [-50.877095552999954, -24.3018433822916], [-50.87634198599994, -24.302043226291598], [-50.87575561699998, -24.302358197291603], [-50.87524211099998, -24.302578271291587], [-50.874676987999976, -24.30293519129157], [-50.87408212299994, -24.30326236729155], [-50.874009479999984, -24.303516618291546], [-50.87397155199995, -24.30364936429156], [-50.87390366299996, -24.303886975291547], [-50.87402263599995, -24.30469004329157], [-50.87432006899997, -24.305255165291513], [-50.875123136999946, -24.305969003291526], [-50.87580723199994, -24.306504382291486], [-50.876729273999956, -24.307128990291492], [-50.87720516599995, -24.307783342291504], [-50.877357081999946, -24.30787449229144], [-50.877651313999934, -24.30805103129149], [-50.87830566699996, -24.30891358629144], [-50.87848412599993, -24.309538195291427], [-50.878568303999934, -24.3099310272914], [-50.87866258499998, -24.31037100629142], [-50.87893027499996, -24.311382277291383], [-50.87928719399997, -24.31242329129137], [-50.87951298999997, -24.313326476291373], [-50.879525139999934, -24.313375075291333], [-50.879406166999956, -24.314148400291337], [-50.87910873399994, -24.31462429329131], [-50.87869232899993, -24.315189415291314], [-50.87830566599997, -24.315695050291314], [-50.87803797699997, -24.31626017229126], [-50.87803797699997, -24.316414946291264], [-50.87803797699996, -24.316795551291282], [-50.87866258499998, -24.31730118629125], [-50.87985231599998, -24.317806822291264], [-50.88071487099995, -24.318282713291246], [-50.881488194999974, -24.31869912029123], [-50.88164347099996, -24.31881204729121], [-50.882142546999944, -24.319175012291225], [-50.88252920899999, -24.320126796291184], [-50.88255895299994, -24.3210488372912], [-50.88231241699997, -24.321624087291177], [-50.882291263999946, -24.32167344629118], [-50.88208306099995, -24.322357540291158], [-50.88191291599998, -24.322811259291175], [-50.88190460099998, -24.32283343329114], [-50.88101230299998, -24.323428298291116], [-50.88026666199994, -24.32384891629113], [-50.87985231599998, -24.324082650291135], [-50.879525139999934, -24.324588285291085], [-50.879406166999956, -24.325093921291096], [-50.87931693699994, -24.325896989291067], [-50.87937642299995, -24.326581084291032], [-50.87955488299996, -24.32702723329106], [-50.87997128899996, -24.32759235529105], [-50.88035795199994, -24.32821696329105], [-50.88071486999996, -24.32910926129103], [-50.88083384399994, -24.329585154291], [-50.88083384399994, -24.330120532290977], [-50.880833843999945, -24.330536938290983], [-50.88083384299995, -24.331250777290972], [-50.88071486999997, -24.331786155290963], [-50.880655383999965, -24.332321534290934], [-50.88077435699996, -24.333035372290944], [-50.880893329999935, -24.333511264290934], [-50.88119076199996, -24.333808697290877], [-50.88134114099995, -24.333764468290912], [-50.881696397999974, -24.33365998129093], [-50.88216728899994, -24.333267570290932], [-50.88223177699996, -24.33321383229092], [-50.882707668999956, -24.3327676822909], [-50.88279400599998, -24.33269260829091], [-50.88339176499994, -24.33217281729093], [-50.88413534599994, -24.331607695290938], [-50.88505738599998, -24.331458979290982], [-50.88586045499995, -24.33125077629099], [-50.886841981999964, -24.33110206029097], [-50.88790032199995, -24.33112919729093], [-50.88810841899994, -24.331185028290985], [-50.88883478099996, -24.33154820929094], [-50.889518876999944, -24.331786155290967], [-50.890500403999965, -24.331845642290936], [-50.89124398499996, -24.331667182290982], [-50.892314742999986, -24.331518466290966], [-50.89255322499997, -24.33153039029094], [-50.89301039399998, -24.331686790290973], [-50.893385499999965, -24.332202560290966], [-50.89368293299999, -24.33315434529093], [-50.89371267699993, -24.333927670290915], [-50.89386139199996, -24.334819968290905], [-50.89395191099994, -24.33520014829086], [-50.89405132099995, -24.33531671629088], [-50.89448852699997, -24.335740205290875], [-50.894544045999965, -24.33581833229087], [-50.89490240699996, -24.336069185290874], [-50.89525932599998, -24.336604564290845], [-50.89533971299994, -24.336747473290817], [-50.89552701499998, -24.33708045629084], [-50.89534855599993, -24.33764557829084], [-50.89502137899996, -24.337883524290792], [-50.89421831199996, -24.338389160290806], [-50.89371267699994, -24.338865052290792], [-50.89332601399997, -24.339340944290775], [-50.89270140499996, -24.33993580929075], [-50.89204705299994, -24.341036309290725], [-50.891541417999974, -24.342255784290725], [-50.89103578199996, -24.34329679829072], [-50.890530147999975, -24.343951150290675], [-50.88993528199995, -24.344546015290696], [-50.88942964599994, -24.345170623290635], [-50.88889426699996, -24.34591420529066], [-50.88818042999998, -24.346568557290617], [-50.88797222699998, -24.347163421290603], [-50.88797222599993, -24.347507844290593], [-50.88797222699998, -24.347724768290618], [-50.88797222599993, -24.34778803029058], [-50.88821017199996, -24.34832340929062], [-50.88883478099996, -24.3487993012906], [-50.88934041699997, -24.34885878829058], [-50.89058963399998, -24.349840315290532], [-50.891273728999984, -24.350286465290537], [-50.89130291799995, -24.35033835729051], [-50.89145218799997, -24.350435181290543], [-50.892106540999976, -24.35100030329054], [-50.89216602699997, -24.351743884290528], [-50.891541417999974, -24.352784898290505], [-50.89067886399994, -24.35343925029046], [-50.890357681999944, -24.353605021290473], [-50.88975682199998, -24.353915143290443], [-50.88970148599997, -24.35397324629046], [-50.889161956999935, -24.35453975129043], [-50.889102469999955, -24.355045386290456], [-50.889280929999984, -24.355461792290445], [-50.88977865099997, -24.3558143452904], [-50.89061937699995, -24.356116144290397], [-50.89183885099993, -24.356800239290376], [-50.89296909499995, -24.3574545902904], [-50.89366895199998, -24.358010359290418], [-50.89398036499995, -24.35825765929035], [-50.89475368999995, -24.358912011290375], [-50.894953709999974, -24.35933310529035], [-50.895140352999924, -24.359506875290347], [-50.89526258999996, -24.35983284129033], [-50.89549727199994, -24.36045866029031], [-50.89570547499994, -24.36141044429028], [-50.89573521899996, -24.362719148290243], [-50.89615162399996, -24.363908879290246], [-50.896478799999954, -24.36465246029021], [-50.89675272399995, -24.365177481290253], [-50.896835718999974, -24.365336555290206], [-50.897043920999984, -24.36599090729021], [-50.89716289499995, -24.367031921290195], [-50.897066733999964, -24.367476667290155], [-50.89692494899999, -24.368132422290174], [-50.896924948999974, -24.368786774290122], [-50.89698443499998, -24.36941138329011], [-50.897400840999985, -24.370392910290107], [-50.897906476999935, -24.371017519290092], [-50.89814844899996, -24.371164168290083], [-50.89888800399996, -24.371612383290067], [-50.89933415299999, -24.371790843290096], [-50.90022645099998, -24.371999046290092], [-50.90073208599995, -24.372355965290044], [-50.901237721999955, -24.37271288429005], [-50.901624383999945, -24.37298057429003], [-50.90242745199998, -24.373069803290058], [-50.90278715499994, -24.372986795290057], [-50.902814114999956, -24.372980573290036], [-50.90391461499996, -24.37223699229007], [-50.90421658799993, -24.372053183290102], [-50.90459871099995, -24.37182058729006], [-50.904962646999934, -24.371834066290077], [-50.905024344999966, -24.37183635129007], [-50.90540177799994, -24.37185033029009], [-50.905568002999985, -24.371943416290076], [-50.90591759399996, -24.372139186290074], [-50.90614535999998, -24.372266735290086], [-50.906170977999984, -24.37231797029009], [-50.906420121999986, -24.372816260290065], [-50.90632355499998, -24.373366710290057], [-50.905848892999984, -24.373934463290027], [-50.90581818399994, -24.37396210229002], [-50.90577695099995, -24.37402051429], [-50.90567643299994, -24.374162916290047], [-50.905461264999985, -24.374467736290036], [-50.905461264999985, -24.37475283429003], [-50.905461264999985, -24.37483615929003], [-50.905461264999985, -24.37491388628999], [-50.905639724999965, -24.375687210289993], [-50.90569656599996, -24.37585773428999], [-50.90576154799999, -24.37605268129], [-50.90578844099997, -24.37613335929001], [-50.90582425799993, -24.37615815629], [-50.906175102999946, -24.376401049289992], [-50.906183871999986, -24.37640864928999], [-50.90662125199998, -24.376787712289964], [-50.906888941999966, -24.37729334628998], [-50.906769967999935, -24.37800718628997], [-50.90675891099995, -24.378327858289953], [-50.906740225999954, -24.378869740289925], [-50.90684178699996, -24.379188935289896], [-50.906888941999966, -24.379613322289902], [-50.90735518599997, -24.37998631728991], [-50.90748380699995, -24.380089214289892], [-50.907959698999946, -24.3802974162899], [-50.90882225299998, -24.380624593289916], [-50.90935763299996, -24.38098151128987], [-50.909469169999966, -24.3811004852899], [-50.90980378099993, -24.381457403289865], [-50.91007147099998, -24.381903553289867], [-50.91016069999995, -24.382260472289875], [-50.91045813299996, -24.38312302728982], [-50.910586251999966, -24.383360963289835], [-50.91096376899998, -24.38401532428981], [-50.911037049999955, -24.3841838702898], [-50.911261200999945, -24.3846994192898], [-50.91161811999996, -24.38514556828981], [-50.912064268999984, -24.385472744289793], [-50.91236170199994, -24.385829664289776], [-50.912659134999956, -24.386216326289752], [-50.91313502699995, -24.386930164289765], [-50.913353187999974, -24.387181049289772], [-50.91375963499996, -24.38820912428972], [-50.913793362999975, -24.388613856289712], [-50.91381912099996, -24.388922962289733], [-50.91358117499993, -24.38960705728971], [-50.91313502699995, -24.390112693289712], [-50.91274836399998, -24.39061832828967], [-50.912480674999976, -24.391034734289665], [-50.91239144499996, -24.391510626289644], [-50.91227861899994, -24.391849107289673], [-50.912272471999984, -24.391867546289642], [-50.912212643999965, -24.39194731628965], [-50.91191555299997, -24.392343438289625], [-50.91146940399995, -24.392670614289603], [-50.91075556599998, -24.392908560289627], [-50.91007146999993, -24.393235736289608], [-50.90991327499995, -24.393383385289646], [-50.90950634899997, -24.393562912289628], [-50.90906019899995, -24.39389008828961], [-50.908792509999955, -24.394098291289605], [-50.90849507799994, -24.39448495328959], [-50.908376104999945, -24.395020331289565], [-50.908288856999945, -24.39560924828957], [-50.90825713199996, -24.39582339928959], [-50.90790021199996, -24.396626467289558], [-50.90757303699996, -24.39710235928954], [-50.90731065499995, -24.397218974289498], [-50.907305346999976, -24.397221332289533], [-50.90685919899994, -24.397310562289533], [-50.90644279299994, -24.397399793289534], [-50.905966900999935, -24.3975485082895], [-50.90558023799997, -24.39766748128954], [-50.90531254799998, -24.397845941289514], [-50.90498537299993, -24.398440807289514], [-50.90498537299993, -24.398707147289507], [-50.90498537299993, -24.398785811289507], [-50.90498537299993, -24.39891669928951], [-50.90540177899993, -24.399511564289476], [-50.905669467999985, -24.39986848328948], [-50.90575869799995, -24.400255146289446], [-50.90578844099996, -24.400760781289456], [-50.90581678899997, -24.400959220289426], [-50.90581737899998, -24.400963347289448], [-50.90584792799996, -24.401177187289456], [-50.90620484699996, -24.40180179528944], [-50.90630113499998, -24.401858855289404], [-50.907007914999944, -24.40227768728943], [-50.907305347999966, -24.4026048642894], [-50.907460295999954, -24.402883772289382], [-50.907578801999925, -24.403097082289424], [-50.907599397999945, -24.403182221289388], [-50.90758612199994, -24.4035804842894], [-50.907573035999974, -24.40397305328938], [-50.907394576999934, -24.404508432289344], [-50.90724808799996, -24.404822338289367], [-50.907186373999934, -24.404954581289356], [-50.90696958399997, -24.405366482289363], [-50.90688894099998, -24.405519703289354], [-50.90666707999998, -24.40580681828935], [-50.90638330599995, -24.406174055289327], [-50.90602638699994, -24.40653097428932], [-50.905699210999956, -24.407066353289295], [-50.905669467999985, -24.40751250128933], [-50.90605613099995, -24.407690962289276], [-50.90650227899994, -24.40730429828934], [-50.90700791399997, -24.406947380289314], [-50.90778123899998, -24.406471487289338], [-50.90840584799997, -24.406174055289327], [-50.909060198999946, -24.40593610928936], [-50.90950634899997, -24.405757649289328], [-50.91001284199996, -24.405669564289372], [-50.910395483999935, -24.405399463289363], [-50.91054736299998, -24.405222271289343], [-50.91059625599996, -24.40512003928933], [-50.91087453899997, -24.404538175289378], [-50.911082741999955, -24.4042110002894], [-50.91132068799993, -24.403735107289414], [-50.911885809999944, -24.403348445289375], [-50.912331958999964, -24.40343767528939], [-50.912659133999966, -24.40403254028936], [-50.913045796999945, -24.404776121289338], [-50.913283742999965, -24.40498432428933], [-50.91329733799995, -24.404988856289386], [-50.91408681199994, -24.405252013289328], [-50.91462218999993, -24.405787393289348], [-50.914690769999936, -24.405871213289334], [-50.914889878999986, -24.406114568289333], [-50.91503859499995, -24.406471488289334], [-50.91501052299998, -24.406611849289302], [-50.91495983399994, -24.406865293289307], [-50.91489380999997, -24.407195415289333], [-50.914889878999986, -24.4072150692893], [-50.91468167699997, -24.407601731289272], [-50.91446291899996, -24.407838718289323], [-50.91444372999995, -24.407869421289316], [-50.91426527099998, -24.408434543289264], [-50.91408681199994, -24.408999664289272], [-50.91406699099998, -24.409027980289267], [-50.91402858099996, -24.40923097928927], [-50.913968999999945, -24.409545884289248], [-50.913687068999934, -24.41001092428923], [-50.91343284099998, -24.41031922428925], [-50.91333273099997, -24.410387880289257], [-50.912874917999936, -24.410622282289225], [-50.912339076999956, -24.41092536928925], [-50.91156019699997, -24.411309209289225], [-50.91124906999993, -24.411429326289227], [-50.91123537699997, -24.411434612289252], [-50.91119331899995, -24.411450848289213], [-50.911179036999954, -24.41155737928924], [-50.91105985099995, -24.412445978289227], [-50.910720992999984, -24.413034223289173], [-50.90996589099996, -24.413718277289195], [-50.90961619099994, -24.414310166289148], [-50.909000763999984, -24.41588840928915], [-50.90739004899996, -24.416752506289104], [-50.90661844999994, -24.417388737289084], [-50.90617159099998, -24.41777230228907], [-50.906135802999984, -24.417814217289056], [-50.904606515999944, -24.419038862289064], [-50.90380174899997, -24.41969676128903], [-50.90317550099996, -24.42020871728905], [-50.90172729699998, -24.421403329289028], [-50.90075714699998, -24.422446101289], [-50.900738857999954, -24.42246575228901], [-50.89981448999998, -24.423683687288985], [-50.89915440999994, -24.42430976128894], [-50.89760399499994, -24.42379849728894], [-50.897110546999954, -24.423670263288948], [-50.89646448199994, -24.423502370288933], [-50.89570600999997, -24.42330524928894], [-50.89407038699994, -24.422837847288985], [-50.892118778999986, -24.422401914288994], [-50.89209213999993, -24.42239681928899], [-50.89207576799998, -24.422393691288992], [-50.89014341099994, -24.42202421128898], [-50.889703342999944, -24.42201801028902], [-50.889489132999984, -24.42205695728896], [-50.88944242699995, -24.42207013028898], [-50.88832914499995, -24.422384133288997], [-50.887960747999955, -24.422591356288958], [-50.887853252999946, -24.422651822288984], [-50.88776402399998, -24.42327643128898], [-50.88794248299996, -24.42393078228894], [-50.88812094299993, -24.424347188288937], [-50.88821017299994, -24.424793338288943], [-50.88818042999998, -24.42532871528894], [-50.88794248299996, -24.426310243288928], [-50.88752607799996, -24.426964595288872], [-50.88702044199994, -24.427946123288866], [-50.886881609999925, -24.428553517288847], [-50.88678249599997, -24.42898713728885], [-50.88677429799998, -24.42909780328886], [-50.88672300999997, -24.429790205288818], [-50.88678249599997, -24.430712246288827], [-50.88713941599996, -24.431723517288777], [-50.887247572999975, -24.43219670728875], [-50.887407103999976, -24.432675302288747], [-50.887853253999936, -24.433627086288723], [-50.88865632099998, -24.43472758628871], [-50.88893794299997, -24.435075472288737], [-50.889161956999935, -24.435352195288687], [-50.88937539099993, -24.43577906328871], [-50.888961922999954, -24.436204228288673], [-50.88880512299994, -24.43641918628868], [-50.88864673799998, -24.436551366288658], [-50.888204137999935, -24.437135639288663], [-50.88762949299996, -24.437589248288624], [-50.88742847299994, -24.43770229428865], [-50.887420565999946, -24.437708574288624], [-50.887412438999945, -24.437711309288638], [-50.887224737999986, -24.43777445928865], [-50.88700282699994, -24.43782774428863], [-50.88668962099996, -24.437803616288623], [-50.88632425099996, -24.43773165228865], [-50.88568276599995, -24.43766206728865], [-50.88561433599995, -24.437654645288635], [-50.885436864999974, -24.43763539128865], [-50.885403182999944, -24.437636910288663], [-50.88509754599993, -24.43761124428867], [-50.884453114999985, -24.43764762128863], [-50.88426223399995, -24.43765840428868], [-50.88358344699998, -24.437801262288676], [-50.882878062999964, -24.43846981728861], [-50.88274706699996, -24.43899543628863], [-50.882849566999944, -24.439580393288622], [-50.88287013199994, -24.439697714288616], [-50.88265730099994, -24.440999007288568], [-50.882246719999955, -24.44331539528853], [-50.88222667699995, -24.44489308228849], [-50.88225456199996, -24.445223393288508], [-50.882142546999944, -24.44540541828847], [-50.882053316999986, -24.445940796288465], [-50.882142546999944, -24.446446432288464], [-50.882247681999964, -24.44664618928846], [-50.882275247999985, -24.447610996288454], [-50.88214254699995, -24.448141798288404], [-50.882053317999976, -24.448647433288414], [-50.88223177699996, -24.449331528288393], [-50.882588695999964, -24.449985880288413], [-50.88330253499999, -24.450640232288357], [-50.88348266799994, -24.450767386288337], [-50.883808169999945, -24.45099715128838], [-50.88422457599995, -24.45147304428834], [-50.88526558999996, -24.452484314288316], [-50.88539259399994, -24.452674821288326], [-50.88615788799996, -24.453822761288308], [-50.88681223999998, -24.455161208288295], [-50.887403415999984, -24.455962157288283], [-50.88773428099996, -24.45641042528823], [-50.888894267999945, -24.45813553528818], [-50.889284155999974, -24.458731834288226], [-50.88941774899997, -24.459099216288198], [-50.88959620899993, -24.460526893288137], [-50.88923928899994, -24.46163334228813], [-50.88888236999997, -24.462347180288084], [-50.888239915999975, -24.4636677812881], [-50.888204223999935, -24.464381620288098], [-50.88856114299995, -24.46488130628804], [-50.88934636499993, -24.46502407428808], [-50.89045281399996, -24.46555945328806], [-50.890542793999934, -24.466129317288036], [-50.89055989099995, -24.46623759928802], [-50.89048850599995, -24.466951438288017], [-50.890488506999986, -24.46752250828799], [-50.890738349999936, -24.46802219528798], [-50.89130942099996, -24.468557573287956], [-50.89198756699994, -24.468914493287954], [-50.892487253999946, -24.469307104287946], [-50.89284417299996, -24.46962833128796], [-50.893094016999946, -24.470413553287926], [-50.892986940999954, -24.47105600828791], [-50.89263002199994, -24.47137723528794], [-50.89220171899996, -24.4718055382879], [-50.89191618299997, -24.4727692202879], [-50.891916183999975, -24.473411674287895], [-50.89238017799995, -24.473982745287852], [-50.89327247599994, -24.47423258828784], [-50.89402200599994, -24.474625199287836], [-50.894593076999975, -24.474982118287837], [-50.89482013199995, -24.475269723287816], [-50.89512845599995, -24.475660265287853], [-50.89521718499998, -24.47587099628784], [-50.89541399099994, -24.476338411287816], [-50.89587798499997, -24.47683809828781], [-50.89655613199995, -24.477444861287815], [-50.89741273799996, -24.477944547287812], [-50.89798380799993, -24.47851561828777], [-50.89834072799994, -24.47926514828775], [-50.89837641999998, -24.479978987287748], [-50.89851918699998, -24.480407290287722], [-50.89850420799997, -24.480736854287745], [-50.89869764699995, -24.48129958728771], [-50.89901887399997, -24.482084809287688], [-50.89913967699994, -24.482346550287712], [-50.89923302599994, -24.482548804287685], [-50.89923302599994, -24.483048492287672], [-50.89909025799994, -24.48329833428769], [-50.89872684899996, -24.483531954287635], [-50.89866195599995, -24.483548178287673], [-50.89840850699994, -24.483643221287657], [-50.89780534899995, -24.483869405287635], [-50.89691305099996, -24.48411924928763], [-50.89602075399994, -24.484369092287633], [-50.895485374999964, -24.484547552287662], [-50.89509276299998, -24.484975855287622], [-50.89491430399994, -24.48608230428762], [-50.89477153699994, -24.486831834287603], [-50.89441461699994, -24.48747428928759], [-50.89398631399995, -24.48786689928758], [-50.89375788499996, -24.488009667287574], [-50.892986940999954, -24.488295203287542], [-50.89209464299995, -24.48868781428753], [-50.89207925899995, -24.48870012128755], [-50.890881115999946, -24.48965863528752], [-50.890845424999945, -24.489687187287522], [-50.89083114999994, -24.48971145728751], [-50.89048850699999, -24.490293950287505], [-50.89031004699996, -24.490900713287516], [-50.88952482499997, -24.492613924287458], [-50.88913221399997, -24.493256379287427], [-50.88875829799997, -24.493614714287464], [-50.88855539699995, -24.493986700287458], [-50.88852545099996, -24.494041601287456], [-50.888070254999946, -24.49440096628741], [-50.88784730499997, -24.494576979287437], [-50.88716540299998, -24.494824943287423], [-50.886455318999936, -24.495219435287396], [-50.88639821299994, -24.495276541287392], [-50.88624116899996, -24.495362202287414], [-50.885527330999935, -24.4958618892874], [-50.88513471899995, -24.49643295928736], [-50.88477779999994, -24.497218181287394], [-50.88468045899998, -24.497948244287368], [-50.88463503299994, -24.49828893928735], [-50.88449226499995, -24.499038469287335], [-50.884527956999925, -24.500144918287326], [-50.88434949699996, -24.501072908287288], [-50.88396923299995, -24.501779114287288], [-50.88387057799998, -24.501962328287284], [-50.88384980999996, -24.502000898287243], [-50.88324304799994, -24.502393510287284], [-50.88270766899996, -24.50303596428726], [-50.88247495199994, -24.503231936287232], [-50.88173372399996, -24.50337656628726], [-50.881019884999944, -24.504019020287227], [-50.88030604599993, -24.505268237287172], [-50.87977066799994, -24.505946384287185], [-50.87887836999994, -24.506660222287188], [-50.877736228999936, -24.507195601287165], [-50.876487011999984, -24.50762390428713], [-50.875344869999935, -24.507695287287163], [-50.873631658999955, -24.50776667228712], [-50.87263228499995, -24.507909439287122], [-50.87138306799994, -24.50826635828712], [-50.869884006999946, -24.50883742828714], [-50.86802802799997, -24.509122964287112], [-50.86627912399996, -24.50908727228714], [-50.86506559899994, -24.50873035328712], [-50.86370930599998, -24.50830205028711], [-50.86192471099997, -24.50830205028711], [-50.85967611999996, -24.508694661287144], [-50.858177059999946, -24.5093728082871], [-50.85732045399994, -24.50990818628708], [-50.85628538799995, -24.5105863332871], [-50.85446509999997, -24.510978944287086], [-50.85264481299998, -24.51122878728709], [-50.85143128799995, -24.511442939287043], [-50.84996791899993, -24.511728474287022], [-50.84893285399995, -24.512228160287023], [-50.84768363699994, -24.512906307287036], [-50.846148883999945, -24.51304907528703], [-50.84511381799996, -24.51251369628705], [-50.84464982299995, -24.511835550287028], [-50.843971677999946, -24.510550641287068], [-50.843471989999955, -24.5096226512871], [-50.84300799499993, -24.509122964287112], [-50.842365540999936, -24.50826635828712], [-50.841723085999945, -24.507409752287113], [-50.84054525399995, -24.50644607128717], [-50.839188959999944, -24.50562515728716], [-50.83765420899993, -24.505303929287205], [-50.83615514799993, -24.50541100528721], [-50.833549637999965, -24.505732233287162], [-50.83072997699998, -24.50573223228718], [-50.828552768999934, -24.50526823828721], [-50.827660471999934, -24.504518707287232], [-50.827232168999956, -24.503519333287247], [-50.82733924499996, -24.501699046287246], [-50.827374936999945, -24.5001286022873], [-50.82712509299994, -24.498308314287364], [-50.82648263899995, -24.497130481287346], [-50.825947259999964, -24.496345258287384], [-50.825804491999975, -24.495310193287406], [-50.826090026999964, -24.494560663287412], [-50.82698232499996, -24.493311446287436], [-50.82705370999997, -24.492490532287476], [-50.826268486999936, -24.492383456287474], [-50.82566172499998, -24.492704683287435], [-50.82466235099997, -24.493311445287446], [-50.82348451799999, -24.49356128928743], [-50.822306684999944, -24.493489905287472], [-50.82066485699994, -24.493132987287456], [-50.81966548299994, -24.49234776428749], [-50.81888026099995, -24.49152685028748], [-50.818344881999955, -24.490491784287517], [-50.81763104399994, -24.489171184287567], [-50.81691720599998, -24.488421653287574], [-50.815346760999944, -24.487493664287555], [-50.81409754399993, -24.487101053287567], [-50.81338370599997, -24.486601365287587], [-50.813169554999945, -24.486030295287613], [-50.81363354899997, -24.485137997287637], [-50.81434738799993, -24.484067240287626], [-50.814918457999966, -24.483139250287685], [-50.81552522099997, -24.481961417287703], [-50.81591783199997, -24.480712200287723], [-50.815703680999945, -24.479605750287742], [-50.81531106899996, -24.478499301287737], [-50.81470430599995, -24.47771407928777], [-50.81402616099996, -24.476893165287805], [-50.813633548999974, -24.475822408287797], [-50.81356216499995, -24.475215644287825], [-50.81381200899995, -24.473252590287878], [-50.813847700999986, -24.472538751287868], [-50.813954775999946, -24.471789221287896], [-50.813812008999946, -24.470789847287968], [-50.81366924099996, -24.470076009287947], [-50.81359785799997, -24.469040943287997], [-50.81370493299994, -24.46597143928805], [-50.813312321999945, -24.464115460288077], [-50.81288401899997, -24.462901934288094], [-50.81242002399995, -24.462009637288148], [-50.812063104999936, -24.46143856528815], [-50.81149203399997, -24.46076041928813], [-50.81074250399996, -24.460581959288163], [-50.80938621099995, -24.46043919228816], [-50.808172686999974, -24.46022504028815], [-50.807030544999975, -24.459689662288163], [-50.806423782999964, -24.4593684352882], [-50.80538871699997, -24.45908290028817], [-50.80406811599994, -24.45897582428822], [-50.80260474799996, -24.45908289928817], [-50.80078445999994, -24.459225666288173], [-50.79810756599994, -24.459368434288155], [-50.796287277999966, -24.459261358288217], [-50.795323596999935, -24.458797364288195], [-50.794823909999934, -24.458190602288187], [-50.79471683499998, -24.457369687288242], [-50.794716834999974, -24.456406006288233], [-50.79443129899994, -24.455335248288282], [-50.794038687999944, -24.45472848628827], [-50.792825162999975, -24.454014647288286], [-50.791718713999956, -24.453764804288287], [-50.790112577999935, -24.453693420288314], [-50.78900612799999, -24.453729112288297], [-50.787078764999926, -24.4538361882883], [-50.78604369899995, -24.45380049628832], [-50.78508001699999, -24.45358634528831], [-50.784187719999984, -24.453300809288333], [-50.78361664899995, -24.453229425288317], [-50.78279573499998, -24.453229425288306], [-50.782081895999966, -24.453229425288306], [-50.78122528999995, -24.453122350288304], [-50.77994038099995, -24.45262266328831], [-50.77897669999992, -24.45162328928833], [-50.778762548999964, -24.45105221828837], [-50.778298553999946, -24.450445456288357], [-50.77783455799994, -24.44994576928837], [-50.77726348799996, -24.449803001288384], [-50.776549649999936, -24.449695926288378], [-50.775800118999946, -24.449838693288378], [-50.774872129999956, -24.450374072288398], [-50.773944139999976, -24.45073099128835], [-50.77280199799998, -24.45108791128834], [-50.771517088999985, -24.45123067828834], [-50.770410640999955, -24.45123067728834], [-50.768947271999934, -24.450873759288385], [-50.767805129999935, -24.450445456288357], [-50.76684144899996, -24.449803001288384], [-50.766127609999955, -24.4493033142884], [-50.76555653899993, -24.4488036282884], [-50.76494977699997, -24.448625168288427], [-50.76412886299994, -24.44841101728842], [-50.76323656599993, -24.44801840528844], [-50.762629801999935, -24.447375951288443], [-50.76241565099997, -24.44659072928847], [-50.762379958999986, -24.445805506288455], [-50.76177319699997, -24.445305820288507], [-50.760738130999975, -24.445341511288508], [-50.76013136799998, -24.445841199288477], [-50.75895353499993, -24.446376577288465], [-50.75802554599995, -24.44651934528845], [-50.75749016699996, -24.44659072928847], [-50.75631233399997, -24.44680488128848], [-50.754563429999955, -24.447304568288473], [-50.75359974799994, -24.447839946288454], [-50.75277883399997, -24.448553784288407], [-50.751636692999966, -24.448696552288396], [-50.75106562199994, -24.44816117328842], [-50.75099423899997, -24.44766148628843], [-50.750994237999976, -24.447054724288428], [-50.75124408199997, -24.446019658288463], [-50.750994237999976, -24.445163052288464], [-50.75053024399994, -24.444591982288493], [-50.74995917299998, -24.44405660328852], [-50.749102566999966, -24.44373537528851], [-50.748174576999986, -24.443806760288528], [-50.747032435999984, -24.444199370288523], [-50.74606875499995, -24.444806134288505], [-50.74553337599996, -24.445270128288463], [-50.744712460999956, -24.445270128288463], [-50.74392723899996, -24.4446990582885], [-50.74307063399993, -24.44373537528851], [-50.74235679499998, -24.44295015328854], [-50.741393112999965, -24.442414775288565], [-50.74053650699994, -24.442414775288565], [-50.739608517999955, -24.44220062328855], [-50.73885898799995, -24.441593860288556], [-50.73860914399995, -24.44098709828861], [-50.73846637599996, -24.4404874122886], [-50.73825222499993, -24.4397021892886], [-50.737716845999955, -24.43913111928862], [-50.736931623999965, -24.438916968288602], [-50.73646762899995, -24.438345896288656], [-50.73653901299997, -24.437632058288642], [-50.73682454799996, -24.436775452288654], [-50.73707439199995, -24.43574038728868], [-50.73653901199999, -24.434633937288687], [-50.735825174999945, -24.433955791288717], [-50.735182719999955, -24.43363456428877], [-50.73436180599998, -24.433420412288754], [-50.73293412899994, -24.43331333628875], [-50.73179198799994, -24.43363456328871], [-50.73104245799993, -24.434384094288696], [-50.72950770499995, -24.435490543288694], [-50.72815141299998, -24.435597619288686], [-50.72679511999996, -24.435561927288713], [-50.725724362999976, -24.434955165288702], [-50.725260367999965, -24.434098559288714], [-50.72483206399993, -24.43288503428878], [-50.72465360499995, -24.432099811288747], [-50.72454652899995, -24.431171822288782], [-50.72486775699997, -24.429672761288806], [-50.72497483199999, -24.428673388288875], [-50.72468929699994, -24.42810231728886], [-50.724082533999926, -24.427674014288897], [-50.723190236999976, -24.42731709528889], [-50.72276193299996, -24.426853100288877], [-50.72272624199996, -24.426424797288913], [-50.722547781999936, -24.425889418288886], [-50.722119478999964, -24.42521127228891], [-50.72151271599995, -24.42485435328891], [-50.72044195899997, -24.424426050288936], [-50.71979950499997, -24.42439035828896], [-50.71901428299997, -24.42410482228893], [-50.71847890399994, -24.423390984288975], [-50.71805060099996, -24.422891297288988], [-50.717515221999975, -24.422034691288992], [-50.716658615999954, -24.421392237288995], [-50.71580200999995, -24.42099962628901], [-50.714517101999945, -24.420928242288998], [-50.71333926799997, -24.421249469289016], [-50.71244696999998, -24.42178484828899], [-50.71126913699993, -24.42203469228898], [-50.710091303999945, -24.42178484828899], [-50.709627308999984, -24.42128516128899], [-50.70912762199998, -24.420250096289024], [-50.708663626999964, -24.419714717289057], [-50.70812824799998, -24.41907226328907], [-50.707771328999975, -24.41839411628905], [-50.707735636999985, -24.41760889428907], [-50.707878404999974, -24.416716596289096], [-50.708092556999986, -24.41596706628911], [-50.70794978799995, -24.415110460289164], [-50.70780702199994, -24.41457508128915], [-50.70777132999996, -24.413397248289172], [-50.707699945999934, -24.41097019828924], [-50.707557177999945, -24.408507456289247], [-50.707592869999985, -24.407436698289306], [-50.70748579399997, -24.406437325289314], [-50.70716456599995, -24.40565210228935], [-50.70662918799997, -24.404831188289343], [-50.70591534999994, -24.40415304228938], [-50.70480889999993, -24.40368904728937], [-50.70366675899999, -24.4037604312894], [-50.70227477399993, -24.40426011828938], [-50.70127540099998, -24.404688421289336], [-50.700775713999974, -24.40454565328936], [-50.70102555799996, -24.40358197128942], [-50.70095417299996, -24.4026539822894], [-50.70038310299998, -24.401761684289415], [-50.69959788099993, -24.401083537289455], [-50.69899111799998, -24.400191239289484], [-50.69899111799998, -24.399513093289453], [-50.69909819399993, -24.39876356228947], [-50.699526496999965, -24.39790695728952], [-50.699597879999935, -24.396907584289533], [-50.69934803699993, -24.39612236128957], [-50.69909819399993, -24.395444215289537], [-50.69927665399996, -24.39451622528958], [-50.69974064899998, -24.393338392289618], [-50.70034741099994, -24.392017791289625], [-50.70052586999998, -24.391054109289676], [-50.700276026999965, -24.390411654289704], [-50.69963357199998, -24.38987627628967], [-50.69909819399993, -24.389662124289707], [-50.69824158799997, -24.38951935728971], [-50.69752774899995, -24.38898397828968], [-50.69702806299995, -24.38837721628974], [-50.69688529499996, -24.38741353428974], [-50.69695667899998, -24.38634277628979], [-50.697135137999965, -24.385521862289774], [-50.69681391199999, -24.384700948289815], [-50.69606438199997, -24.384236953289825], [-50.695136390999956, -24.38377295928979], [-50.69388717399994, -24.383594499289828], [-50.69260226499995, -24.383023429289853], [-50.691745658999935, -24.38266650928987], [-50.69113889699997, -24.38230959028986], [-50.689818295999935, -24.381809903289874], [-50.68867615399995, -24.381738519289843], [-50.687355553999964, -24.38198836228986], [-50.68667740799998, -24.38245235728985], [-50.68674879099996, -24.383380347289826], [-50.687248477999965, -24.384094185289825], [-50.68739124599995, -24.384700948289826], [-50.686891557999964, -24.38541478728976], [-50.68646325499998, -24.385985857289796], [-50.68539249799994, -24.386378468289777], [-50.68492850299999, -24.386449852289733], [-50.683929129999974, -24.38687815528976], [-50.68317959999995, -24.387377842289755], [-50.682679912999966, -24.38769906928972], [-50.681966074999934, -24.388198755289725], [-50.68121654399993, -24.388198756289714], [-50.68071685799999, -24.387913221289722], [-50.68000301899997, -24.387235074289766], [-50.679253488999954, -24.38666400328976], [-50.67818273199998, -24.386021549289772], [-50.67750458499995, -24.385771706289773], [-50.67664797899994, -24.385093560289796], [-50.67614829299998, -24.384165570289838], [-50.67607690899997, -24.383380347289826], [-50.67555580699997, -24.382016916289835], [-50.674449356999965, -24.381624305289854], [-50.673449983999944, -24.381552921289877], [-50.67266476099996, -24.381624306289883], [-50.671736771999974, -24.381624305289854], [-50.67084447399998, -24.38137446228985], [-50.67009494399998, -24.381124618289856], [-50.66898849499995, -24.380053861289895], [-50.668096196999954, -24.37901879628993], [-50.66766789299999, -24.37794803828993], [-50.66684697999995, -24.37709143228999], [-50.66588329699994, -24.37652036128997], [-50.66495530699996, -24.37630620928997], [-50.664455620999945, -24.37602067528997], [-50.663955934999926, -24.375271144289993], [-50.66349193899998, -24.37366500829007], [-50.662992251999974, -24.372094564290055], [-50.66206426299994, -24.37091673029011], [-50.66120765699998, -24.37027427629012], [-50.660386742999954, -24.369417670290126], [-50.66010120699997, -24.368525372290147], [-50.659815671999986, -24.36781153429014], [-50.658959065999966, -24.367026312290168], [-50.658031075999986, -24.366169706290222], [-50.65781692499996, -24.365313100290237], [-50.65781692499997, -24.364349418290242], [-50.65785261599996, -24.363278661290284], [-50.65760277399994, -24.362350671290276], [-50.657638464999934, -24.361279913290318], [-50.65810245999995, -24.360280540290336], [-50.65853076399997, -24.35949531829035], [-50.65892337399999, -24.358281792290363], [-50.658959065999966, -24.357139652290375], [-50.659173216999925, -24.355176596290455], [-50.659565828999966, -24.35296369829047], [-50.660029822999945, -24.35160740429054], [-50.66027966699994, -24.350643723290535], [-50.660672277999936, -24.34978711729053], [-50.66110058099997, -24.349001894290573], [-50.661921494999945, -24.347788370290623], [-50.66209995499998, -24.34686038029061], [-50.66160026799997, -24.34611085029061], [-50.660529510999936, -24.34553977929067], [-50.65935167799995, -24.345254244290683], [-50.65828091999998, -24.34468317329067], [-50.65781692499997, -24.344076411290672], [-50.657317237999955, -24.34354103229069], [-50.656424939999965, -24.34222043129075], [-50.65571110199994, -24.340864138290762], [-50.65556833399995, -24.340007532290766], [-50.655604025999935, -24.339079542290804], [-50.65574679399998, -24.337687558290824], [-50.656103711999954, -24.336616800290823], [-50.65653201599997, -24.33540327529088], [-50.65653201599997, -24.334653745290886], [-50.65599663699993, -24.333832831290884], [-50.65517572299996, -24.333440220290885], [-50.654390500999966, -24.33326176029092], [-50.653605277999986, -24.333297452290907], [-50.65267728899994, -24.333333144290947], [-50.65203483399995, -24.333226068290944], [-50.65114253699994, -24.332869149290936], [-50.649964703999956, -24.33269068929091], [-50.64814441599998, -24.332762073290926], [-50.64703796599997, -24.33297622529094], [-50.64625274499997, -24.333440220290885], [-50.64550321399997, -24.334154058290903], [-50.64468229999994, -24.334760821290896], [-50.643290314999945, -24.33515343229088], [-50.64164848699994, -24.33515343229088], [-50.640506346999985, -24.335010664290888], [-50.63943558899995, -24.33490358929088], [-50.63882882599995, -24.334903588290892], [-50.638079295999944, -24.33486789629091], [-50.63736545799998, -24.33468943729087], [-50.63615193199996, -24.334261134290905], [-50.63533101799993, -24.333797138290905], [-50.63443871999994, -24.333440220290885], [-50.63343934699998, -24.333440220290885], [-50.63236858999994, -24.333654372290898], [-50.630976604999944, -24.33429682629088], [-50.62933477699993, -24.33511774029089], [-50.62812125099998, -24.335153432290895], [-50.62701480199996, -24.33479651329087], [-50.626408038999955, -24.334403902290887], [-50.625551432999934, -24.333440220290885], [-50.624694827999974, -24.33244084629091], [-50.623873912999954, -24.331227321290964], [-50.62269608099995, -24.330263639290965], [-50.621197019999954, -24.329656877291033], [-50.619483807999984, -24.329228573291], [-50.61773490499996, -24.329228574291], [-50.61609307599997, -24.32940703329098], [-50.61512939399995, -24.329549801291012], [-50.61416571299998, -24.329835336290987], [-50.61198850599993, -24.330584867290977], [-50.61091774799996, -24.330906094290942], [-50.60956145599994, -24.331477164290973], [-50.60788393599995, -24.332298079290908], [-50.60609933999996, -24.33354729629089], [-50.60531411799997, -24.3340469822909], [-50.60452889599998, -24.33451097729091], [-50.603208294999945, -24.335688810290858], [-50.60270860799995, -24.336188497290863], [-50.60224461299999, -24.336652492290852], [-50.60153077499996, -24.33711648729081], [-50.60088831999996, -24.33700941229086], [-50.600674168999944, -24.33658110829084], [-50.60035294099998, -24.33615280629086], [-50.59978187099995, -24.33558173429085], [-50.59921079999998, -24.335224815290857], [-50.59838988599995, -24.334725129290913], [-50.597568971999976, -24.334403901290905], [-50.59667667399997, -24.33393990629089], [-50.59585575999995, -24.33311899229094], [-50.59528468999997, -24.332440846290908], [-50.59485638699993, -24.331441473290976], [-50.594392390999985, -24.330406407290955], [-50.593607169999984, -24.32962118529099], [-50.592964714999944, -24.32926426529099], [-50.59203672499996, -24.328800270291037], [-50.59007366999999, -24.32872888729101], [-50.58868168599997, -24.328907346291036], [-50.58661155499993, -24.32919288229101], [-50.58546941299994, -24.329157190291035], [-50.58496972599994, -24.328764579290986], [-50.58471988299993, -24.328157816291053], [-50.584577114999945, -24.326944291291046], [-50.58382758499994, -24.3256236912911], [-50.583042361999965, -24.325016928291095], [-50.582257140999964, -24.324552933291084], [-50.58122207599995, -24.32419601429109], [-50.58036546899996, -24.32383909529114], [-50.57943747899998, -24.323410792291117], [-50.57833102999996, -24.322625570291137], [-50.57743873199997, -24.321269276291165], [-50.57708181199996, -24.320412671291223], [-50.57643935899995, -24.319199146291226], [-50.57554705999996, -24.31827115529127], [-50.57461907099997, -24.317842853291236], [-50.573227085999974, -24.317842853291236], [-50.57187079299995, -24.318556691291235], [-50.57108557099997, -24.319520372291194], [-50.570264656999946, -24.32023421129119], [-50.56997912199995, -24.320733898291184], [-50.56940805099999, -24.321233585291164], [-50.568622828999935, -24.321554812291193], [-50.56790899099997, -24.32209019129116], [-50.56708807699994, -24.32283972129116], [-50.566302853999964, -24.323946170291098], [-50.56576747599997, -24.324588625291124], [-50.56494656199993, -24.325195387291075], [-50.56412564699996, -24.325623690291106], [-50.56305488999993, -24.32598060929105], [-50.56173428999995, -24.326337528291067], [-50.56116321899998, -24.326765832291077], [-50.56055645599997, -24.327372594291017], [-50.559628465999936, -24.328264892291063], [-50.558700476999945, -24.328978730291013], [-50.55673742199997, -24.329478417290996], [-50.55570235599998, -24.329478417290996], [-50.55516697699994, -24.329228573291008], [-50.554595905999975, -24.328693195291027], [-50.554131911999946, -24.328157816291053], [-50.55302546299998, -24.32755105429104], [-50.55149070999994, -24.327301211291037], [-50.550669794999976, -24.32747967029103], [-50.54999164999999, -24.32758674629103], [-50.54902796699997, -24.32722982629104], [-50.54781444299993, -24.32719413429105], [-50.54663660999995, -24.32737259529107], [-50.545744311999954, -24.327836589291028], [-50.54470924599997, -24.32847904429101], [-50.54313880199992, -24.32880027129103], [-50.54135420599993, -24.328764579290983], [-50.539426841999955, -24.328621811291004], [-50.538855771999984, -24.328300584291036], [-50.53846316099999, -24.327765205291062], [-50.538356084999975, -24.327158442291065], [-50.53807054999999, -24.326087685291053], [-50.53746378699998, -24.32583784229105], [-50.536964099999985, -24.325909226291074], [-50.536321645999976, -24.326444604291062], [-50.53532227199998, -24.32697998329103], [-50.53453704999999, -24.327979357291014], [-50.53360905999995, -24.328371968291], [-50.53275245399993, -24.32801504929106], [-50.53221707599994, -24.32755105329106], [-50.53150323799997, -24.32694429229104], [-50.53018263599995, -24.326908600291052], [-50.52914757099995, -24.327265519291064], [-50.528433732999986, -24.32772951329103], [-50.526827596999965, -24.328157817291036], [-50.525399919999984, -24.328264892291063], [-50.52432916299995, -24.32805074129103], [-50.523508248999974, -24.32755105429104], [-50.52297286999994, -24.326944291291046], [-50.52293717799995, -24.326194761291053], [-50.52311563799998, -24.325016928291095], [-50.52315132999997, -24.3239104792911], [-50.522508874999964, -24.322732645291158], [-50.521331041999986, -24.32209019129116], [-50.51976059699996, -24.321876040291148], [-50.51815446099994, -24.32162619629117], [-50.51690524399999, -24.321412045291197], [-50.515870177999936, -24.321304969291194], [-50.51504926399997, -24.320805282291197], [-50.51469234599995, -24.320091443291208], [-50.51469234499995, -24.319270529291252], [-50.51483511299995, -24.318306847291257], [-50.51469234499995, -24.317593009291244], [-50.513728663999984, -24.317021939291276], [-50.51297913399997, -24.31687917129129], [-50.511836991999985, -24.31616533329128], [-50.511301612999944, -24.31530872729129], [-50.51112315399996, -24.313916742291326], [-50.51069485099998, -24.313309980291375], [-50.51015947199995, -24.312524757291342], [-50.509873936999945, -24.311632460291356], [-50.50958840199996, -24.3109543132914], [-50.509409941999934, -24.310633086291386], [-50.50851764399994, -24.309919248291422], [-50.507696729999964, -24.309562329291424], [-50.50619766999995, -24.309312485291436], [-50.505376754999986, -24.308812798291445], [-50.50487706899998, -24.30806326829146], [-50.504734300999985, -24.307278046291476], [-50.50452014899997, -24.306242980291525], [-50.504591533999985, -24.30510083929154], [-50.50469860899994, -24.304065773291576], [-50.504234613999984, -24.302923632291595], [-50.50302108899996, -24.302174102291605], [-50.502521401999964, -24.3018171832916], [-50.50184325599997, -24.300996269291595], [-50.501236492999965, -24.300567966291627], [-50.500665422999994, -24.30028243029164], [-50.499344821999955, -24.29967566829165], [-50.49820268099996, -24.299247366291667], [-50.49752453399998, -24.29867629529165], [-50.49684638799994, -24.297891072291687], [-50.49623962499992, -24.2972486182917], [-50.49566855499995, -24.29660616329173], [-50.49495471599993, -24.296070785291732], [-50.49356273199999, -24.295356947291737], [-50.49263474199995, -24.294892952291733], [-50.49192090299993, -24.29389357729176], [-50.49170675199997, -24.293108356291782], [-50.49156398499997, -24.292251750291832], [-50.490671686999974, -24.290752689291867], [-50.48945816199995, -24.289717623291832], [-50.488922782999964, -24.289075169291856], [-50.48856586299996, -24.2878973362919], [-50.48853017199996, -24.287219190291932], [-50.48874432299994, -24.286148432291927], [-50.48927970199997, -24.285363210291955], [-50.489850772999944, -24.28454229629198], [-50.48967231299997, -24.28397122529198], [-50.488744322999935, -24.283435847292008], [-50.487673565999955, -24.28311461929199], [-50.486210196999934, -24.28279339229202], [-50.48517513199993, -24.28268631629202], [-50.484032989999946, -24.28250785729204], [-50.48314069199995, -24.282293705292027], [-50.482676697999985, -24.28172263529206], [-50.482355470999956, -24.281044488292046], [-50.48206993499997, -24.28033065029204], [-50.48110625299996, -24.279474044292115], [-50.479892727999975, -24.278902973292087], [-50.479071813999944, -24.278867282292097], [-50.478001056999965, -24.27851036229211], [-50.47753706099996, -24.27761806429213], [-50.47725152699996, -24.27644023129217], [-50.47668045599994, -24.275726393292164], [-50.47603800199994, -24.27508393929217], [-50.47507431999998, -24.27447717629218], [-50.47411063799995, -24.273977489292193], [-50.47353956699993, -24.273192267292217], [-50.472968496999954, -24.27212150929227], [-50.47303988099997, -24.271157828292257], [-50.473111263999954, -24.270336914292308], [-50.47279003699998, -24.269694459292328], [-50.472361733999946, -24.2691233892923], [-50.471433744999956, -24.2688735462923], [-50.47022021999993, -24.26840955129236], [-50.46972053199994, -24.26766002029237], [-50.46929222899997, -24.26648218729236], [-50.46907807799994, -24.265447122292386], [-50.468685466999936, -24.26416221329242], [-50.46839993099996, -24.263376991292443], [-50.46790024399997, -24.262698844292434], [-50.46690087099995, -24.26194931429249], [-50.46543750199999, -24.261628086292486], [-50.46436674499995, -24.261235476292487], [-50.46329598799997, -24.260807173292516], [-50.46286768399994, -24.26055732929253], [-50.46215384699997, -24.260057642292537], [-50.46176123499998, -24.25937949629251], [-50.46108308899994, -24.258487198292528], [-50.46011940799997, -24.25795182029255], [-50.459191416999936, -24.257559208292584], [-50.45840619599995, -24.257059521292586], [-50.45733543799997, -24.256309992292575], [-50.45669298299998, -24.255524769292624], [-50.456621599999956, -24.254703855292604], [-50.45672867599995, -24.25363309829265], [-50.45669298299998, -24.252490956292686], [-50.45619329699996, -24.251313123292725], [-50.45533668999996, -24.25045651729273], [-50.45401608899994, -24.248457770292763], [-50.45344501899996, -24.24731562929278], [-50.45330225099997, -24.2464590222928], [-50.453266559999975, -24.24506703829282], [-50.45344501899996, -24.244067665292885], [-50.45419454999995, -24.24239014529287], [-50.45458715999997, -24.240998160292907], [-50.454729927999956, -24.24024862929293], [-50.45458715999997, -24.239356332292935], [-50.453766246999976, -24.238107114292973], [-50.45273118099993, -24.237500352293026], [-50.45194595899995, -24.23682220629299], [-50.45183888299994, -24.23596559929301], [-50.45183888299994, -24.23507330229308], [-50.451803190999954, -24.234181004293102], [-50.45158903999994, -24.23268194429312], [-50.451017967999974, -24.231147191293168], [-50.45037551399997, -24.230219201293153], [-50.44887645399996, -24.229184136293178], [-50.447912771999945, -24.22889860029321], [-50.44694908999998, -24.22843460629318], [-50.44605679199998, -24.22814907029321], [-50.444557731999964, -24.227792151293205], [-50.44284451999994, -24.227792151293205], [-50.44138115099997, -24.22800630329321], [-50.44006055099993, -24.22847029829323], [-50.43891840999998, -24.22889860129319], [-50.43777626799993, -24.229576747293155], [-50.43631289999996, -24.23071888829314], [-50.435456293999955, -24.231218575293127], [-50.43467107099997, -24.231539802293153], [-50.43374308199998, -24.231682570293138], [-50.43285078399999, -24.231646878293155], [-50.432065561999934, -24.23132565029314], [-50.43092342099994, -24.230540429293164], [-50.42970989599996, -24.230147817293187], [-50.42817514299997, -24.229469671293156], [-50.42742561299997, -24.229005676293205], [-50.42664039099998, -24.22807768629319], [-50.42617639599996, -24.22747092429324], [-50.42517702299995, -24.226614318293237], [-50.42435610799999, -24.22622170729327], [-50.42328535099994, -24.22582909629327], [-50.42285704799997, -24.225436484293244], [-50.42257151299998, -24.224544186293265], [-50.42228597699995, -24.223116510293305], [-50.42210751799996, -24.222438364293335], [-50.42146506399996, -24.22165314229336], [-50.42078691699999, -24.221224838293338], [-50.419966002999956, -24.221010688293372], [-50.41900232099994, -24.22093930329337], [-50.41839555799998, -24.22072515229335], [-50.417360492999926, -24.220332541293363], [-50.41618265999995, -24.220118390293393], [-50.415183285999944, -24.220047005293395], [-50.41432667999993, -24.220225465293353], [-50.41350576599995, -24.220582384293355], [-50.41304177099994, -24.22086792029339], [-50.41272054399997, -24.221153455293376], [-50.41193532199998, -24.22122483929333], [-50.41125717599993, -24.22118914729336], [-50.410186417999974, -24.220903612293366], [-50.409365503999936, -24.220511001293385], [-50.408758740999986, -24.22004700629338], [-50.407866442999925, -24.219797162293393], [-50.407259680999964, -24.219904238293392], [-50.40647445899998, -24.220368232293353], [-50.405867695999966, -24.221010687293383], [-50.40511816599997, -24.221831601293342], [-50.40429725199993, -24.22297374329331], [-50.40367859199995, -24.22516284729329], [-50.403868948999964, -24.22697123729325], [-50.40391653899996, -24.227732664293224], [-50.40353582399997, -24.228303736293228], [-50.402679217999946, -24.228494092293186], [-50.401346720999975, -24.228494092293186], [-50.40063288199997, -24.228303736293228], [-50.399490740999966, -24.227827843293195], [-50.39868172399997, -24.227399540293224], [-50.396968511999944, -24.226828470293253], [-50.39563601399993, -24.22682846929321], [-50.39316137399993, -24.227209183293215], [-50.392019232999985, -24.22758989729322], [-50.390781913999945, -24.227542308293206], [-50.38963977199995, -24.227209183293215], [-50.38797414999993, -24.226590523293247], [-50.38721272199995, -24.22592427429326], [-50.38659406199997, -24.225020079293305], [-50.38616575899994, -24.22359240329328], [-50.38588022399994, -24.222545440293338], [-50.38445254699997, -24.221308120293337], [-50.38264415699996, -24.220641871293346], [-50.38069299899997, -24.220165978293373], [-50.379455679999985, -24.22007080029339], [-50.37807559199996, -24.220213568293364], [-50.37674309399995, -24.2202611572934], [-50.375505773999976, -24.22007080029339], [-50.37479193499997, -24.219309372293377], [-50.374744345999936, -24.21878589129343], [-50.37469675699998, -24.217929286293423], [-50.374030507999976, -24.216977501293456], [-50.37222211799997, -24.21607330529345], [-50.37069926299995, -24.215882949293505], [-50.36908122899996, -24.215597414293466], [-50.367748730999956, -24.215216700293507], [-50.366654177999976, -24.214407683293533], [-50.36551203799996, -24.213979380293505], [-50.363608468999985, -24.213503487293536], [-50.36199043499993, -24.213551077293534], [-50.36027722399996, -24.213931790293493], [-50.35923026099994, -24.21445527229348], [-50.35894472499995, -24.215121521293497], [-50.35861160099996, -24.216120895293468], [-50.35827847599995, -24.216787144293452], [-50.35746945899995, -24.217310625293464], [-50.356470085999945, -24.217738929293414], [-50.35542312299998, -24.2180244642934], [-50.35432857099994, -24.21850035629344], [-50.35332919699994, -24.21878589129343], [-50.352044288999934, -24.219214194293407], [-50.350045541999975, -24.22002321029338], [-50.348855809999975, -24.2205942812934], [-50.347237776999975, -24.220974996293343], [-50.346333581999936, -24.22092740629338], [-50.34490590499996, -24.219499729293375], [-50.34428724599996, -24.21850035629344], [-50.34362099699997, -24.21740580429342], [-50.34333546099998, -24.215597413293477], [-50.343145103999966, -24.214217326293536], [-50.34300233699997, -24.212504114293537], [-50.342669211999976, -24.21107643729359], [-50.34181260599996, -24.209886707293585], [-50.340146983999944, -24.208744566293607], [-50.33924278799998, -24.20831626329364], [-50.338528949999954, -24.20750724629367], [-50.33833859299995, -24.206698229293682], [-50.33824341399998, -24.205889212293712], [-50.33819582499996, -24.203938055293754], [-50.338291003999984, -24.20241519929378], [-50.338243414999965, -24.201463415293794], [-50.338433770999984, -24.200606809293813], [-50.338386181999965, -24.199036365293868], [-50.33824341499997, -24.197989402293867], [-50.33805305799996, -24.196371369293896], [-50.338291003999984, -24.19508646029393], [-50.33857653899998, -24.193944319293955], [-50.339100020999986, -24.19304012329395], [-50.34000421499996, -24.191850392294036], [-50.34086082099998, -24.19042271629401], [-50.341051178999976, -24.18951852029407], [-50.34100358899997, -24.1882336122941], [-50.34048010799995, -24.18780530929407], [-50.339718679999976, -24.18780530929407], [-50.33810064599999, -24.18818602329407], [-50.33624466799995, -24.188661915294063], [-50.33429350899996, -24.188899861294086], [-50.33229476199995, -24.188757094294083], [-50.33077190599994, -24.188043255294083], [-50.33029601499994, -24.187186649294087], [-50.329534586999955, -24.185996919294144], [-50.32910628399998, -24.184807188294158], [-50.327821374999985, -24.184188528294197], [-50.326346109999974, -24.184236117294155], [-50.32506120099998, -24.184283707294153], [-50.32401423799996, -24.184236117294155], [-50.323395577999975, -24.18376022629416], [-50.32277691799993, -24.18276085129418], [-50.32239620399997, -24.181951835294203], [-50.321920311999975, -24.181190408294224], [-50.320825759999934, -24.18061933729422], [-50.31987397499994, -24.18057174829426], [-50.318779423999956, -24.180381390294258], [-50.31758969299995, -24.17985790929426], [-50.316637908999944, -24.17933442829425], [-50.31568612399997, -24.17904889329427], [-50.31473433999997, -24.17890612529428], [-50.31297353799994, -24.17828746529431], [-50.311593450999965, -24.177573626294308], [-50.310118184999965, -24.176193539294317], [-50.30935675699993, -24.174623095294375], [-50.30954711399993, -24.17290988329444], [-50.309832649999976, -24.17091113629447], [-50.310023006999984, -24.169293102294517], [-50.310023006999984, -24.167437122294533], [-50.30940434699994, -24.165723911294588], [-50.308404973999984, -24.164581770294607], [-50.30778491199993, -24.1641454312946], [-50.30816711099994, -24.16401053629463], [-50.308513454999975, -24.163460461294605], [-50.308798990999954, -24.16293698029465], [-50.308798989999964, -24.162437293294666], [-50.30865622299996, -24.161866223294638], [-50.30834689299996, -24.161271357294677], [-50.30784720599997, -24.160533724294663], [-50.307347518999954, -24.159867475294686], [-50.306871626999964, -24.159486762294723], [-50.30649091299995, -24.159201226294737], [-50.30606260999997, -24.158606361294726], [-50.30570569099996, -24.158059085294767], [-50.30544394999998, -24.157630782294742], [-50.305158414999944, -24.15713109529475], [-50.30515841499994, -24.156631409294747], [-50.305197144999966, -24.156536734294797], [-50.305180623999945, -24.15650133129477], [-50.305167799999936, -24.156373104294765], [-50.30520355299996, -24.156179019294786], [-50.305229797999964, -24.156036543294785], [-50.305405180999976, -24.15559808829481], [-50.30556292299997, -24.155203732294794], [-50.305896047999966, -24.154489894294848], [-50.30630055599994, -24.15372846629483], [-50.30650290799996, -24.153158202294865], [-50.306562296999964, -24.15299083329488], [-50.306705063999964, -24.152372173294843], [-50.30675705099998, -24.152294193294892], [-50.30708577799993, -24.151801103294883], [-50.307656848999954, -24.15137279929487], [-50.308156534999966, -24.1511824432949], [-50.30879898999996, -24.150849318294924], [-50.30944144499995, -24.150516194294916], [-50.309545802999935, -24.15043966429492], [-50.30979836399996, -24.15025445329489], [-50.310202871999934, -24.149754766294905], [-50.310428918999946, -24.14948113029493], [-50.31058358599996, -24.149326463294933], [-50.311011888999985, -24.148921955294963], [-50.31151157599999, -24.148612625294913], [-50.311862480999935, -24.148469072294944], [-50.312035056999946, -24.14839847429496], [-50.31232059299999, -24.14823191129498], [-50.31255853799996, -24.14797017029494], [-50.31293925199998, -24.14747048329496], [-50.313153403999934, -24.147065975294993], [-50.31351032299994, -24.14670905629499], [-50.314057598999966, -24.14656628929499], [-50.31439072399997, -24.146566288295], [-50.314937999999984, -24.14649490429498], [-50.315266892999944, -24.146400935295002], [-50.315437685999946, -24.14635213729498], [-50.315865989999956, -24.146042806295004], [-50.31590465599999, -24.14600414129503], [-50.31636567599998, -24.145174303295033], [-50.31660362199995, -24.144365287295045], [-50.31717469299997, -24.14346109229503], [-50.31768714799995, -24.142971930295086], [-50.31775352199998, -24.142867341295055], [-50.31814075899996, -24.14250370929509], [-50.318676950999986, -24.14208292729511], [-50.31906728399997, -24.141706039295116], [-50.319385626999974, -24.14117292129511], [-50.31948506599997, -24.14072791729515], [-50.319706562999954, -24.140149822295122], [-50.31970927399993, -24.139637569295125], [-50.319761465999925, -24.138947358295116], [-50.319837338999946, -24.138368614295157], [-50.31988858799997, -24.13785657829519], [-50.320001255999955, -24.137198616295205], [-50.320224401999944, -24.136412293295237], [-50.32032747899996, -24.136049071295197], [-50.32058921899994, -24.13545420629523], [-50.321065110999946, -24.134740367295233], [-50.32132685299996, -24.134573804295247], [-50.32175515499995, -24.134502421295263], [-50.322088279999946, -24.13459760029524], [-50.322391754999956, -24.134799916295236], [-50.322445198999965, -24.13483554529526], [-50.322849707999985, -24.135025902295205], [-50.323206626999934, -24.13514487529526], [-50.32377769699997, -24.135073492295223], [-50.324396356999955, -24.134883134295222], [-50.324800864999986, -24.134502421295263], [-50.32497500699998, -24.134154138295283], [-50.325086399999975, -24.133931350295263], [-50.325324346999935, -24.133193717295303], [-50.32544331999998, -24.13255126229532], [-50.325514703999936, -24.132003987295306], [-50.32560670999993, -24.131589960295333], [-50.32565747099995, -24.131504300295322], [-50.32606197999996, -24.130885640295343], [-50.32649028299994, -24.130433543295375], [-50.32715653199995, -24.129957650295317], [-50.32768001299996, -24.129648321295388], [-50.328179699999964, -24.129386580295364], [-50.328869743999974, -24.12898207229539], [-50.329464608999956, -24.12860135829539], [-50.32986911699993, -24.128077876295396], [-50.330249830999946, -24.127649573295425], [-50.33048172699995, -24.12735970429541], [-50.33063054399998, -24.127173681295435], [-50.33110643699996, -24.12665020029544], [-50.331629917999976, -24.126150513295446], [-50.332247473999985, -24.125850557295454], [-50.332462729999975, -24.125746004295433], [-50.333247951999965, -24.12519872829548], [-50.33355728199996, -24.124794220295456], [-50.33376937999998, -24.124352350295496], [-50.33384281699994, -24.124199354295506], [-50.33419973699995, -24.12365207829549], [-50.33431038899994, -24.123576835295477], [-50.33479460199993, -24.12324757029553], [-50.33579397499994, -24.123081008295536], [-50.33662678599996, -24.12308100829553], [-50.33726924299999, -24.12304806229549], [-50.337489269999935, -24.123014211295484], [-50.338161538999934, -24.123033419295506], [-50.33856604699997, -24.1230096242955], [-50.33918470699996, -24.122676500295498], [-50.33949403699995, -24.122224402295533], [-50.33964360299995, -24.121850487295525], [-50.33968439399996, -24.12174851029554], [-50.34023166999998, -24.120653958295584], [-50.34061238399993, -24.120035298295555], [-50.34123104299994, -24.11936904929556], [-50.34149069399996, -24.119135363295573], [-50.34179021699998, -24.118619518295585], [-50.34245646599993, -24.117620145295653], [-50.34300374199995, -24.116834923295627], [-50.34338445599997, -24.116311442295668], [-50.34369378599996, -24.115692782295643], [-50.343860347999964, -24.114931354295685], [-50.344455213999936, -24.113789213295707], [-50.345050078999975, -24.11321814229575], [-50.345644943999964, -24.11283742829574], [-50.34583530099996, -24.11271845529576], [-50.34631119299996, -24.112409125295724], [-50.346334987999974, -24.11238533129575], [-50.34647775499997, -24.11188564429576], [-50.346406370999944, -24.111195601295762], [-50.346120835999955, -24.110624530295755], [-50.34590668499993, -24.11010104829581], [-50.34576391699994, -24.109529978295793], [-50.34562114899995, -24.108554399295812], [-50.34560191599997, -24.107938912295822], [-50.345467399999954, -24.107508461295833], [-50.345406996999934, -24.107440811295824], [-50.34502152499994, -24.10708389129584], [-50.34465032899993, -24.106855464295872], [-50.344379069999945, -24.106527098295864], [-50.344407623999984, -24.106213009295896], [-50.344693158999966, -24.10611307229588], [-50.34502152499994, -24.10615590229586], [-50.34592096099993, -24.10618445529586], [-50.346031094999944, -24.106181396295863], [-50.34622077399995, -24.106213009295896], [-50.34635812499994, -24.10617231329585], [-50.346606245999965, -24.10609879529589], [-50.346705131999954, -24.106046262295862], [-50.347063101999936, -24.105856089295898], [-50.34726297699996, -24.105513448295888], [-50.34735200399995, -24.10512994929589], [-50.34744857499993, -24.104713949295917], [-50.34750568199996, -24.103914450295953], [-50.347534235999944, -24.103528977295905], [-50.34779121799994, -24.103100674295938], [-50.34799109299996, -24.10281513829597], [-50.34820647599997, -24.10242238129593], [-50.34823379699997, -24.10237255929594], [-50.34835153899997, -24.101976520295995], [-50.34839084199996, -24.101844319295957], [-50.34847650199998, -24.101187587295982], [-50.34839084199996, -24.100459472295988], [-50.34827662799995, -24.099617143296037], [-50.348091029999985, -24.09916028629603], [-50.34801508299995, -24.099046367296033], [-50.34783404799998, -24.09877481429604], [-50.34756278899993, -24.098232297296065], [-50.34751995999995, -24.097646950296046], [-50.34757235899997, -24.097325996296046], [-50.34763417299996, -24.09694738829611], [-50.347819770999934, -24.096533361296082], [-50.348276626999954, -24.096147889296077], [-50.34901901999996, -24.095805247296123], [-50.34929077999993, -24.095758761296086], [-50.34929855199993, -24.095756025296097], [-50.350076165999944, -24.09551433429611], [-50.350207516999944, -24.095502424296104], [-50.350411336999976, -24.095437572296127], [-50.35115491899995, -24.095288856296122], [-50.35189850099994, -24.09493193729611], [-50.35209528099995, -24.09480803829609], [-50.35257589199995, -24.094475927296145], [-50.353177459999976, -24.094128869296153], [-50.35392104299996, -24.093742206296124], [-50.35478359699994, -24.09365297729617], [-50.35570563799996, -24.093652976296173], [-50.356449219999945, -24.09365297729617], [-50.35725228799998, -24.093712463296146], [-50.35766869299994, -24.093712463296146], [-50.35775828799996, -24.09369753129616], [-50.358096273999934, -24.093641200296165], [-50.35838253199995, -24.093593490296183], [-50.359096369999975, -24.09305811129614], [-50.359317641999944, -24.092809180296165], [-50.35957226299996, -24.092522732296178], [-50.35998866799997, -24.091838637296185], [-50.360345586999976, -24.090916597296236], [-50.36082147999997, -24.089994556296233], [-50.36138660099993, -24.088804825296254], [-50.361920263999934, -24.08770941429627], [-50.361951723999944, -24.08764483829628], [-50.36239378499994, -24.087072757296315], [-50.36245735899996, -24.08699048629632], [-50.36295892799995, -24.08678529829628], [-50.363766061999975, -24.086455107296292], [-50.36424195399997, -24.08630639129634], [-50.364517518999946, -24.0861463852963], [-50.36499614099995, -24.085868476296334], [-50.36516399599997, -24.08577101229631], [-50.36535151299995, -24.085574565296312], [-50.36554281399998, -24.08537415429633], [-50.36578860499998, -24.085116660296354], [-50.366056292999986, -24.084611025296343], [-50.36694859199997, -24.083867443296366], [-50.36718169799997, -24.08373923529634], [-50.36788252999998, -24.0830584262964], [-50.36835842199997, -24.082534945296388], [-50.36837384099993, -24.08252431129642], [-50.36842569399994, -24.082488550296414], [-50.369048464999935, -24.082059053296412], [-50.369714714999986, -24.081535572296406], [-50.36986286399997, -24.08135655829644], [-50.370285785999954, -24.080845528296408], [-50.37041974699997, -24.080390057296473], [-50.370785472999955, -24.079727181296445], [-50.37137319899995, -24.079286386296484], [-50.371546899999935, -24.079156110296488], [-50.37195140799997, -24.078822986296483], [-50.37218255599998, -24.078551047296468], [-50.37235591699994, -24.0783470942965], [-50.37257006799995, -24.077823612296502], [-50.37260889099997, -24.0774095032965], [-50.37264145199998, -24.07706218529653], [-50.37271283499996, -24.076514909296538], [-50.37277565299996, -24.076368334296504], [-50.37290319199996, -24.076177026296563], [-50.373436191999986, -24.075682097296546], [-50.37366461999994, -24.075567883296547], [-50.37433086899995, -24.075072956296573], [-50.374490204999965, -24.074845333296583], [-50.37459736899996, -24.07469224229657], [-50.37462009799998, -24.074638260296577], [-50.37474965399998, -24.074330564296588], [-50.37476868999994, -24.074083099296566], [-50.37476868999994, -24.07407040929656], [-50.37476868999994, -24.073972877296576], [-50.37471253399997, -24.073782811296557], [-50.37451028099997, -24.073473481296574], [-50.374129565999965, -24.07315225429662], [-50.37370126399997, -24.072854821296595], [-50.373213473999954, -24.07231944329663], [-50.37308260399993, -24.071950626296648], [-50.372975527999984, -24.07116540429662], [-50.37326486999996, -24.07041525829666], [-50.37326916299997, -24.07040412829665], [-50.37329675499996, -24.07033259329668], [-50.373963003999954, -24.069487884296674], [-50.374819610999964, -24.068869225296687], [-50.375652421999966, -24.068536100296697], [-50.37615182999997, -24.068425936296716], [-50.37630017099996, -24.068341876296717], [-50.37681413399998, -24.068132484296736], [-50.37727098999995, -24.0678469482967], [-50.37751845499997, -24.067485271296707], [-50.37761363299995, -24.067066485296703], [-50.377651704999955, -24.06670480829672], [-50.37768918099994, -24.066317550296734], [-50.37799633599996, -24.06576467029677], [-50.37814663199998, -24.06558170129679], [-50.37904130999994, -24.065010631296765], [-50.37970755899994, -24.064687024296774], [-50.38012611099998, -24.064622632296775], [-50.38033312199997, -24.064590784296783], [-50.38065934399998, -24.0643634182968], [-50.38117330699999, -24.063906561296786], [-50.38170154699997, -24.063335491296836], [-50.38217267999994, -24.06275014329683], [-50.38247249199998, -24.062493161296825], [-50.38325771399996, -24.061964921296852], [-50.38412859799996, -24.061522342296882], [-50.38480681599998, -24.061410992296885], [-50.385085140999934, -24.06136529729685], [-50.38588463899998, -24.061365297296845], [-50.386527092999984, -24.061393850296838], [-50.38742652999997, -24.061422403296834], [-50.38806898499996, -24.061422404296867], [-50.38868288599997, -24.061293913296883], [-50.38909347099997, -24.061147927296872], [-50.38940935499994, -24.06075683329688], [-50.38938720599998, -24.06041351229689], [-50.38919684899997, -24.059975691296913], [-50.388892277999965, -24.059385586296905], [-50.38875902899998, -24.058966800296904], [-50.38864481399998, -24.058509943296954], [-50.38870192099995, -24.057824659296926], [-50.38893850699998, -24.057114901296966], [-50.38894938499994, -24.057006124296944], [-50.38921588399995, -24.05628276829698], [-50.38959659899996, -24.05574976929701], [-50.39028188299994, -24.055083520297014], [-50.39082049799998, -24.054652628297035], [-50.390948131999956, -24.054550520297006], [-50.39096044499997, -24.054532525297], [-50.39105853999996, -24.05447057029703], [-50.391367868999964, -24.054113651297023], [-50.39170099399996, -24.05359017029702], [-50.392010323999955, -24.052947715297048], [-50.39234344899995, -24.052519412297062], [-50.39251000999996, -24.051900752297044], [-50.39247555399998, -24.051745699297083], [-50.39249744699998, -24.051525530297113], [-50.39208170799998, -24.051044147297095], [-50.391367868999964, -24.050544460297097], [-50.39082059399993, -24.05011615729714], [-50.390392290999955, -24.049759237297135], [-50.39001157699994, -24.049211962297118], [-50.38996398699993, -24.048712275297127], [-50.39017813899994, -24.048379150297137], [-50.390487468999936, -24.048046026297147], [-50.39127641699997, -24.047485457297192], [-50.39127269099998, -24.04747495529719], [-50.39129648499994, -24.047427366297175], [-50.39178271399994, -24.04708295429717], [-50.391867555999966, -24.0470228582972], [-50.392652778999945, -24.04657076029718], [-50.39305246399993, -24.046183186297174], [-50.39323574599996, -24.04604331329721], [-50.393580767999936, -24.04566259929721], [-50.39406855699997, -24.0451153232972], [-50.39430650299994, -24.044568047297243], [-50.394365990999965, -24.04433010129723], [-50.394270811999945, -24.043913695297242], [-50.39386485299997, -24.04347390829724], [-50.39372888899994, -24.043375025297276], [-50.393624982999945, -24.043287877297242], [-50.393519496999936, -24.04323225829728], [-50.39322444399995, -24.04302286529726], [-50.39305941199996, -24.042879548297275], [-50.39257723099996, -24.04228047329726], [-50.392367837999984, -24.041918795297278], [-50.39215844499995, -24.041576153297324], [-50.39201160099997, -24.041331411297318], [-50.391872909999954, -24.041100260297284], [-50.39145412499994, -24.04073858229731], [-50.39105437499995, -24.04031979729729], [-50.39071173299993, -24.039862940297343], [-50.39033101899998, -24.03938704829735], [-50.390148625999984, -24.03905032229736], [-50.390121626999985, -24.03873983529734], [-50.39017873399996, -24.038397192297392], [-50.390350054999935, -24.038149728297356], [-50.39039024099998, -24.038130693297372], [-50.39071173299993, -24.03797840729737], [-50.39141605399993, -24.03794033629738], [-50.392120373999944, -24.037997443297346], [-50.39272951599997, -24.0380355152974], [-50.39273735399997, -24.038035514297345], [-50.39314830099994, -24.03803551529739], [-50.39320554499995, -24.038011412297347], [-50.39328155099997, -24.038016478297386], [-50.39356523699996, -24.037859963297365], [-50.393833585999964, -24.03771190829736], [-50.39399776699998, -24.0375868172974], [-50.39423333499996, -24.037407337297413], [-50.39464421899998, -24.036903071297417], [-50.39470555199995, -24.036847071297384], [-50.39484247799993, -24.036722052297396], [-50.39518511999995, -24.036322303297403], [-50.39554679699995, -24.035960625297427], [-50.39602122499997, -24.035679482297432], [-50.39627015399998, -24.035598946297444], [-50.39658822999996, -24.035356602297448], [-50.39722193799998, -24.034951733297426], [-50.39750668199997, -24.03481918029742], [-50.39750747399995, -24.034818483297457], [-50.397888186999985, -24.03451391229745], [-50.39826890099994, -24.034342591297477], [-50.39851570999997, -24.03418833629743], [-50.39857347299994, -24.034133198297443], [-50.39899225699997, -24.03386669929749], [-50.39939200699997, -24.033733449297454], [-50.39978359999998, -24.033563191297493], [-50.39982982799996, -24.033543092297446], [-50.40019150599994, -24.03337177129747], [-50.40045800599995, -24.0332385212975], [-50.40083871999996, -24.033067200297463], [-50.40089963299994, -24.0329682152975], [-50.400991003999934, -24.032819736297483], [-50.401009037999984, -24.032774652297473], [-50.40110521899993, -24.032534201297505], [-50.401086182999954, -24.032229630297504], [-50.401048111999955, -24.031963131297477], [-50.40103383499997, -24.03186319229749], [-50.401029075999986, -24.03182988029752], [-50.40097566999998, -24.031669663297492], [-50.40085775499994, -24.03131591729753], [-50.400643472999946, -24.03081592529752], [-50.40062932699994, -24.030782917297515], [-50.400282035999965, -24.030411677297543], [-50.40023592199998, -24.03034826929753], [-50.39969340499994, -24.02972960929755], [-50.39931269199997, -24.029282270297553], [-50.39914136999994, -24.02883493229755], [-50.399093780999976, -24.02810205829757], [-50.39909453499996, -24.028093201297622], [-50.39924606699998, -24.02758809529757], [-50.39947968699994, -24.027257133297617], [-50.40062615399996, -24.026683899297637], [-50.401197225999965, -24.0266267922976], [-50.401577938999935, -24.026588721297603], [-50.403100793999954, -24.026636310297615], [-50.40461463499997, -24.026872847297643], [-50.404623647999976, -24.026874256297635], [-50.40567061099995, -24.027017024297628], [-50.40700310899996, -24.0269218452976], [-50.40781212599995, -24.0269218452976], [-50.40810712599994, -24.0269218452976], [-50.40815809399999, -24.0269218452976], [-50.408859088999975, -24.02692184629764], [-50.409858461999924, -24.026731488297596], [-50.41024203099994, -24.02655445629765], [-50.410653201999935, -24.026417399297635], [-50.41150980799994, -24.025989097297654], [-50.41231882499994, -24.025560793297625], [-50.412937484999986, -24.025275259297647], [-50.414055831999974, -24.02503731229763], [-50.41505520599998, -24.024989723297665], [-50.41560248099995, -24.024894545297624], [-50.41643529299996, -24.024632804297664], [-50.41741087199994, -24.02420450129769], [-50.41841213999999, -24.02346282129768], [-50.419042342999944, -24.022887418297728], [-50.41964090299996, -24.022340907297696], [-50.42034522199998, -24.02163658729776], [-50.420725936999986, -24.021255873297754], [-50.422153612999985, -24.02039926629777], [-50.42352418299999, -24.019828196297794], [-50.42455210999998, -24.019656875297773], [-50.424957050999986, -24.01961425029777], [-50.42563714499994, -24.01954266129776], [-50.42750959299997, -24.01978271829779], [-50.42810804299995, -24.02010620529779], [-50.42811844699998, -24.020111828297786], [-50.42812252699997, -24.02011679629777], [-50.42828562699997, -24.020315353297743], [-50.42866572199995, -24.02077807729777], [-50.42923679299997, -24.02146812129772], [-50.42983812399996, -24.022023196297724], [-50.42985545199997, -24.022039191297743], [-50.43059308599993, -24.022515083297716], [-50.43103955899994, -24.02275861429769], [-50.43154772499997, -24.0232831742977], [-50.43247571599995, -24.023854244297677], [-50.43365354799994, -24.023997011297656], [-50.43483138199997, -24.023889936297703], [-50.43565229599995, -24.023461633297686], [-50.436009214999956, -24.02328317329771], [-50.43654459399994, -24.023176098297693], [-50.436738924999986, -24.023163142297722], [-50.43685179199997, -24.023155618297707], [-50.437033056999944, -24.02314353429772], [-50.43717700499997, -24.0231040182977], [-50.437313158999984, -24.02306664329773], [-50.43758183099993, -24.022952208297724], [-50.43834108699997, -24.022628822297698], [-50.439102514999945, -24.02209582329773], [-50.43961647799995, -24.021410538297708], [-50.44003526299997, -24.021010788297737], [-50.44013520899994, -24.020926623297765], [-50.440351368999984, -24.02074459429773], [-50.44039694099996, -24.02070621829777], [-50.44060633399994, -24.020515860297778], [-50.44091090399996, -24.020173218297767], [-50.441063189999966, -24.019697325297788], [-50.44112468999999, -24.01953918329776], [-50.44123451099995, -24.019392754297787], [-50.441462939999944, -24.019069148297792], [-50.44174847499994, -24.01889782629777], [-50.441957867999974, -24.018555184297817], [-50.44195719699997, -24.01854378329782], [-50.441983253999986, -24.018551504297797], [-50.44260786199994, -24.018848937297793], [-50.443113498999935, -24.019235599297765], [-50.44367861999996, -24.02000892429776], [-50.44451143099997, -24.02102019529773], [-50.44543347299997, -24.022180182297703], [-50.44623653999997, -24.023042737297708], [-50.447039608999944, -24.02396477829771], [-50.44811036599998, -24.02473810329764], [-50.44903240799993, -24.025124766297676], [-50.450281623999956, -24.025481684297624], [-50.451054948999975, -24.025511427297655], [-50.451887760999966, -24.02542219829762], [-50.45269082899995, -24.024946305297647], [-50.45349389699993, -24.023637602297683], [-50.45408876199997, -24.02289402129769], [-50.45465388399998, -24.022150439297725], [-50.455605668999965, -24.02122839829772], [-50.456468223999934, -24.02063353229776], [-50.45744974999997, -24.019830465297783], [-50.45813384599996, -24.018938166297765], [-50.458520507999935, -24.018283815297806], [-50.45872871099994, -24.017391517297817], [-50.45887742699995, -24.016350503297847], [-50.45917485999996, -24.015517692297838], [-50.45965075199996, -24.01498231229788], [-50.460096900999986, -24.01453616429792], [-50.46048356399996, -24.014238731297915], [-50.46087022599994, -24.013762839297918], [-50.46128663199994, -24.01313823029794], [-50.461435347999945, -24.012156702297936], [-50.46143534799995, -24.011294148297985], [-50.461316374999974, -24.010223391297977], [-50.46128663199993, -24.009182376298003], [-50.461316374999974, -24.00820084829801], [-50.461405603999935, -24.00733829429805], [-50.46167329399997, -24.006505482298067], [-50.46170303699996, -24.005613185298078], [-50.461346117999945, -24.004839861298127], [-50.460899968999975, -24.004363968298097], [-50.46060768999996, -24.003988180298126], [-50.46074212599996, -24.00386494829811], [-50.46074361099994, -24.003860705298127], [-50.46084206299997, -24.00357941329812], [-50.460884893999946, -24.003308154298136], [-50.46074587099997, -24.003006939298164], [-50.460713572999964, -24.00293695829814], [-50.460428036999986, -24.00263714529812], [-50.46025671599995, -24.002294503298167], [-50.46021309199994, -24.002067663298185], [-50.46018533199997, -24.001923307298174], [-50.460171054999925, -24.001423620298187], [-50.46029575199998, -24.001100876298167], [-50.46034237699996, -24.000781166298196], [-50.46045658999998, -24.00021009529819], [-50.46095627699998, -24.000024497298224], [-50.46161300899996, -24.00001022129821], [-50.46205558799994, -24.000110158298234], [-50.46269634699996, -24.00016766229821], [-50.46316917599995, -24.00021009529819], [-50.46378307699997, -23.999967390298178], [-50.46455402199996, -23.99936776629824], [-50.464743098999975, -23.99924351529825], [-50.46505370999995, -23.99903940029822], [-50.46558828599996, -23.99884382429822], [-50.46581844499996, -23.99873027929825], [-50.466490904999944, -23.998398532298232], [-50.46660987699993, -23.99833983929826], [-50.46702390299998, -23.998211348298263], [-50.46721165799995, -23.998063826298257], [-50.46742365199998, -23.99789725929824], [-50.467441185999974, -23.99786657629827], [-50.46753378599993, -23.997704524298275], [-50.46765208099998, -23.997497510298263], [-50.46780173899999, -23.997160777298276], [-50.46802327599995, -23.996726565298278], [-50.46804832599997, -23.996673960298267], [-50.46841890099995, -23.99628438129827], [-50.46896141899998, -23.99588463229829], [-50.469575318999944, -23.995584820298323], [-50.46978056599994, -23.995496190298326], [-50.469889407999965, -23.995427775298275], [-50.46997962499996, -23.99541023329832], [-50.470403371999964, -23.995327838298323], [-50.471031549999964, -23.99522790129831], [-50.47164544999998, -23.995227900298325], [-50.472116583999934, -23.995185071298327], [-50.472601992999955, -23.995070856298344], [-50.472887528999934, -23.994913811298307], [-50.47338721599993, -23.994671107298352], [-50.473530711999956, -23.994586072298308], [-50.47380124299996, -23.994456955298336], [-50.47402453699994, -23.994366574298343], [-50.474400866999986, -23.994214250298345], [-50.474536111999946, -23.99414544129831], [-50.47482835599993, -23.99399675529833], [-50.47494750799996, -23.993942595298336], [-50.47501833099994, -23.993900101298333], [-50.47566134599999, -23.993514292298368], [-50.47608301099996, -23.99313947929838], [-50.47630379999999, -23.99294322129836], [-50.47670355099996, -23.99240070429839], [-50.47708902299996, -23.991743973298405], [-50.47727377299998, -23.99100497129837], [-50.477680318999944, -23.990084893298423], [-50.47841795099998, -23.989228288298477], [-50.47882245999995, -23.988395476298493], [-50.47893885999997, -23.98775527329846], [-50.47879866499994, -23.98722954129851], [-50.47851312999996, -23.986634675298482], [-50.47827518299994, -23.98636273529849], [-50.478013442999945, -23.98606360529852], [-50.47746616799997, -23.985302177298554], [-50.47722822199996, -23.98468351729854], [-50.47718063199994, -23.98418383429855], [-50.47718063199994, -23.984112447298575], [-50.47725201599997, -23.983374814298553], [-50.477259308999976, -23.983335919298572], [-50.477368507999984, -23.982753526298577], [-50.47744908899995, -23.982597399298612], [-50.477555528999964, -23.982452641298593], [-50.47766128299998, -23.982308815298587], [-50.47773245999997, -23.98227571029859], [-50.47847981799998, -23.981928101298635], [-50.479238504999955, -23.981522292298624], [-50.47985038699994, -23.980862103298662], [-50.48030595199998, -23.980312284298652], [-50.48040242299994, -23.980195854298668], [-50.480446554999965, -23.98010317729867], [-50.480515680999986, -23.98004314729863], [-50.48086046899994, -23.97942252929867], [-50.48092847999994, -23.979301620298642], [-50.48120311099996, -23.978813387298654], [-50.48148864599994, -23.978166174298686], [-50.481659966999985, -23.97755703229873], [-50.48185706399994, -23.977023712298692], [-50.48194309699995, -23.976902630298746], [-50.48205971699997, -23.97660524729871], [-50.48240565399993, -23.97615040429872], [-50.48290624599997, -23.97549221929877], [-50.483087643999966, -23.975253713298763], [-50.48338745599994, -23.975011009298754], [-50.48388714299995, -23.974606500298798], [-50.48418130499994, -23.97435878529881], [-50.48424882099994, -23.9743019292988], [-50.48481989099997, -23.973807001298773], [-50.48491881699994, -23.973635530298797], [-50.48499015099998, -23.97351188629881], [-50.485030308999974, -23.973442278298833], [-50.48503053199994, -23.973441889298787], [-50.48510542699995, -23.973007503298806], [-50.48510542699995, -23.97256968229882], [-50.484989275999965, -23.972324476298837], [-50.48493410599997, -23.972208004298835], [-50.48466760599996, -23.971808254298807], [-50.48432496399994, -23.970989720298856], [-50.48428334499994, -23.97069006429883], [-50.484229785999965, -23.97030443429885], [-50.48422978599996, -23.96906711529891], [-50.48426785699996, -23.968515080298925], [-50.484420141999976, -23.968172438298904], [-50.484800855999936, -23.967848831298927], [-50.48500057299998, -23.96768435829895], [-50.48512446299998, -23.96758233129891], [-50.48537192699996, -23.96710643929893], [-50.485467104999934, -23.96644019029894], [-50.48521964099996, -23.96605947629893], [-50.484705677999955, -23.965888155298956], [-50.48442085499994, -23.965831190298964], [-50.484229785999965, -23.96579297729897], [-50.483715821999965, -23.96556454829898], [-50.483469842999966, -23.96546461929899], [-50.482934168999975, -23.964986340298953], [-50.48216084399996, -23.964331988298998], [-50.48164508399998, -23.964029646299007], [-50.48129828899994, -23.963826352299], [-50.48028701899995, -23.963439689299037], [-50.47921626099997, -23.96305302729901], [-50.478814728999964, -23.96285226129903], [-50.47853216599998, -23.96275559529905], [-50.47820498999994, -23.962220216299063], [-50.47821450799995, -23.961963234299017], [-50.478228369999954, -23.96158894629904], [-50.47840947999998, -23.96107539329909], [-50.479184637999936, -23.96031896929907], [-50.47918651699996, -23.960316647299074], [-50.479513693999934, -23.959364863299104], [-50.47990035599998, -23.95838333529911], [-50.48016804499997, -23.957044888299183], [-50.48040599199993, -23.956271564299175], [-50.480941369999975, -23.955587469299186], [-50.48165520799995, -23.955141319299184], [-50.48174691999998, -23.955093882299202], [-50.481947881999986, -23.95488195829923], [-50.48240473899994, -23.954367995299236], [-50.48333748799997, -23.95362560229925], [-50.483661093999956, -23.952921282299254], [-50.483642058999976, -23.952121783299237], [-50.483584951999944, -23.95136035629926], [-50.48362302299994, -23.950694106299288], [-50.483883670999944, -23.950200247299282], [-50.48398470099994, -23.95000882229932], [-50.48423185699994, -23.949593953299328], [-50.48442252199993, -23.949133180299345], [-50.484689021999934, -23.94867632429934], [-50.48473974999996, -23.94860172329934], [-50.48501262799994, -23.948200431299362], [-50.485793091999945, -23.94774357529934], [-50.48587637199994, -23.94761270529938], [-50.485952991999966, -23.94749230329938], [-50.48605959099996, -23.94732479029939], [-50.48613573399996, -23.94679179029938], [-50.48612535099994, -23.946767563299396], [-50.486173804999964, -23.94660143329936], [-50.48604055499993, -23.94610650629941], [-50.48583116299994, -23.94589711329938], [-50.485745657999985, -23.94576885529942], [-50.485742699999946, -23.945674184299435], [-50.485907304999955, -23.945554471299427], [-50.48610077399997, -23.945575200299388], [-50.48634512599995, -23.945782899299438], [-50.48670680399994, -23.946125542299384], [-50.48720173199996, -23.946334934299415], [-50.48765750299998, -23.946407443299364], [-50.487857916999985, -23.94643932829937], [-50.48803930199995, -23.9464681842994], [-50.48836290899993, -23.9464681842994], [-50.489447942999966, -23.9465062552994], [-50.48956369999997, -23.946499110299417], [-50.490989833999954, -23.94641107729942], [-50.49126064599995, -23.946350282299395], [-50.491922582999955, -23.946201684299385], [-50.49255075999997, -23.9459161492994], [-50.49325508099997, -23.94538315029938], [-50.49371193799994, -23.945059543299408], [-50.494206865999956, -23.944869186299407], [-50.495215755999936, -23.944488472299458], [-50.49606760699999, -23.944147732299463], [-50.49611043399995, -23.944126794299414], [-50.49613825299997, -23.944119474299466], [-50.496369364999964, -23.944058654299422], [-50.49676423799997, -23.943954741299454], [-50.49788670099998, -23.943505755299476], [-50.49950473499996, -23.94322021929945], [-50.501360714999976, -23.94322021929945], [-50.50331187299998, -23.943315398299468], [-50.50401441699995, -23.943202991299458], [-50.504501603999984, -23.943125041299478], [-50.50540579899996, -23.94283950529945], [-50.506082713999945, -23.942704122299467], [-50.50688106399997, -23.94287519829948], [-50.50741644299995, -23.94301796529946], [-50.508273048999975, -23.94312504129947], [-50.508808427999945, -23.943125041299478], [-50.50910552299996, -23.942987920299444], [-50.50915348999995, -23.942965781299435], [-50.50927242299997, -23.94291088929947], [-50.50953772999998, -23.942645581299477], [-50.50970846599995, -23.942474847299486], [-50.50973641799993, -23.9424468952995], [-50.50974224099997, -23.94243874229949], [-50.510093335999954, -23.941947208299517], [-50.510450255999956, -23.94151890529949], [-50.51076255999993, -23.941331523299517], [-50.51098563499994, -23.94119767829953], [-50.51187793299993, -23.9410192182995], [-50.51252038699994, -23.94094783429953], [-50.51309145799996, -23.94094783429953], [-50.51373391299995, -23.94084075929952], [-50.514102589999936, -23.94064224029954], [-50.51419790699998, -23.940590915299524], [-50.51448344199997, -23.940305380299545], [-50.51523297299997, -23.939698618299538], [-50.51579594699996, -23.939102526299525], [-50.516303729999954, -23.93880632029957], [-50.517084969999985, -23.938444282299578], [-50.51776709899996, -23.93812817329955], [-50.51837386099998, -23.937771254299598], [-50.51887354699994, -23.937450027299576], [-50.519301850999966, -23.93698603229962], [-50.51997999699995, -23.9367004962996], [-50.52080091199997, -23.936450653299605], [-50.52137198199995, -23.936272194299608], [-50.52183392899997, -23.936272193299622], [-50.52197874399996, -23.936272193299622], [-50.522763965999964, -23.93623650229964], [-50.523068322999954, -23.93619845729964], [-50.52348297599996, -23.935951430299642], [-50.523656264999936, -23.935701123299605], [-50.523977491999965, -23.93495159329968], [-50.524334410999984, -23.933845143299695], [-50.52435714399997, -23.933728633299697], [-50.52458679599993, -23.9332579662997], [-50.52490393099998, -23.932679836299698], [-50.52517284599997, -23.932034735299695], [-50.52549054699995, -23.931300690299707], [-50.525783685999954, -23.93065566229977], [-50.52622245599997, -23.92994426329977], [-50.52632729299995, -23.92968988429977], [-50.52667024799995, -23.929175451299802], [-50.52714613999996, -23.92831289729978], [-50.527741005999985, -23.927361112299824], [-50.528216897999975, -23.926320098299836], [-50.52849034299993, -23.925803591299854], [-50.52854407399997, -23.92572523229987], [-50.52928765599995, -23.924892422299866], [-50.53012046599998, -23.924327300299872], [-50.53077481799995, -23.92376217829988], [-50.53099199199994, -23.923371265299888], [-50.531072250999955, -23.923226798299915], [-50.53148865699995, -23.922691420299927], [-50.532321467999964, -23.92200732429996], [-50.533124536999935, -23.921352973299935], [-50.53392760399999, -23.920371445299946], [-50.53395883499996, -23.920329805299943], [-50.534043852999964, -23.920135478299965], [-50.534157708999935, -23.91998996730001], [-50.53457240599994, -23.91921164729997], [-50.53513390799998, -23.918032846300015], [-50.535912665999945, -23.917077435300016], [-50.53669053999994, -23.916367027300065], [-50.537881084999974, -23.915435119300053], [-50.53909489599994, -23.91477055530008], [-50.539727048999964, -23.914148788300118], [-50.54050370199997, -23.913772460300105], [-50.54130512999996, -23.913240286300127], [-50.541832302999985, -23.912805395300122], [-50.54276457399993, -23.911665952300158], [-50.54291006999995, -23.91132949430017], [-50.54303289899996, -23.911097483300193], [-50.54344544799995, -23.91031822330022], [-50.543980826999984, -23.909455668300208], [-50.54426615299997, -23.909086423300213], [-50.54445671899999, -23.908771572300235], [-50.54493261099997, -23.908384910300196], [-50.54565618699996, -23.90803759530021], [-50.54567619399995, -23.908027991300262], [-50.54630080199996, -23.907552099300275], [-50.54677669399996, -23.90689774730026], [-50.54691660599997, -23.906512989300268], [-50.546955153999924, -23.9064515983003], [-50.54725960099995, -23.90590613030026], [-50.54766899199995, -23.90517263830029], [-50.54814488399995, -23.904161367300336], [-50.54859103299998, -23.903388042300335], [-50.549066925999966, -23.90291215030035], [-50.549383768999974, -23.90266418530038], [-50.54981764599995, -23.902085684300392], [-50.55038871599998, -23.901514614300368], [-50.55092171499996, -23.90090547230041], [-50.55143567799996, -23.900353437300414], [-50.55181639199997, -23.900029830300443], [-50.552444569999984, -23.89945875930042], [-50.55267299899998, -23.899059010300444], [-50.553548639999974, -23.898449867300446], [-50.55406260299997, -23.89822143930043], [-50.55480499599997, -23.897916868300477], [-50.554858819999936, -23.897882736300488], [-50.55499535199994, -23.89784072530048], [-50.55543317299999, -23.897593262300497], [-50.555870993999974, -23.89732676230049], [-50.556080386999945, -23.89707929830045], [-50.55615652899996, -23.896603406300475], [-50.55600424399995, -23.896336906300522], [-50.55554738699993, -23.896051371300487], [-50.55518570899994, -23.895575479300497], [-50.555071494999936, -23.89515669430055], [-50.55486210199996, -23.894871158300504], [-50.55440524599993, -23.894623695300513], [-50.554073503999966, -23.894450612300545], [-50.55396742599999, -23.89439526630052], [-50.55356767599994, -23.89384323130054], [-50.55352960399995, -23.893253125300554], [-50.553597776999936, -23.89292199930057], [-50.55360574699995, -23.892891447300563], [-50.553910317999964, -23.892510733300547], [-50.55429103199999, -23.891958698300567], [-50.55432837099994, -23.891712259300615], [-50.554336497999934, -23.891658623300593], [-50.55438620999996, -23.89133052030058], [-50.554386209999954, -23.89056909230062], [-50.55429103199999, -23.88982670130062], [-50.55352960399995, -23.888912988300657], [-50.55346085899998, -23.88882332130067], [-50.55309178299996, -23.888341918300686], [-50.55297756899995, -23.88799927530069], [-50.55278721299993, -23.88735206230072], [-50.55246360499996, -23.88695231230068], [-50.55215903499993, -23.886780991300714], [-50.551930606999974, -23.886571598300737], [-50.55149278599998, -23.886286063300695], [-50.55109303699993, -23.886095706300743], [-50.550826536999985, -23.88554367130076], [-50.55084557199996, -23.885105851300775], [-50.55118821499997, -23.884839351300776], [-50.55149278599998, -23.884839351300776], [-50.55179735699995, -23.885181993300723], [-50.55210192699997, -23.88563884930075], [-50.552558783999984, -23.885905350300728], [-50.55322503299994, -23.886171849300762], [-50.55341676899996, -23.886256026300714], [-50.554005495999945, -23.886514492300694], [-50.55486210299995, -23.88670484830071], [-50.55536941799994, -23.88670484830071], [-50.555509315999984, -23.88670484830071], [-50.556118457999965, -23.886819062300717], [-50.556727599999924, -23.887199776300722], [-50.556747377999955, -23.887204015300686], [-50.55726059899996, -23.887313990300665], [-50.557728335999975, -23.88728475730071], [-50.55790865599993, -23.88725197130069], [-50.55800901899994, -23.88723372330069], [-50.55848491099994, -23.886924393300696], [-50.55852853199997, -23.8868705083007], [-50.55888941899997, -23.886424706300716], [-50.55915115999994, -23.885925020300718], [-50.55950120799997, -23.88552723830072], [-50.55991042599993, -23.885273241300762], [-50.56036468599996, -23.885163592300746], [-50.561126112999936, -23.884830467300755], [-50.561378730999934, -23.884451540300777], [-50.56141164799993, -23.884402165300777], [-50.561578889999964, -23.884011933300766], [-50.56169718399997, -23.8837359153008], [-50.56171558499994, -23.883533503300786], [-50.561757462999935, -23.883072835300776], [-50.561768567999934, -23.882950693300764], [-50.56174477299999, -23.882427211300833], [-50.56174477199994, -23.881927525300828], [-50.561483031999956, -23.88095194630085], [-50.56110231799993, -23.880499848300822], [-50.56100645099997, -23.88045383230082], [-50.56050745299996, -23.880214313300844], [-50.55979361499993, -23.879833600300888], [-50.55931772199994, -23.879357707300844], [-50.55905598199996, -23.8788104313009], [-50.55884182999995, -23.878286950300886], [-50.55832213299993, -23.877601894300902], [-50.55831834899993, -23.877596906300894], [-50.557699688999946, -23.876978246300926], [-50.557247590999964, -23.876787889300918], [-50.55684308299993, -23.876621327300924], [-50.55634339599993, -23.87616922930094], [-50.55605786099994, -23.87588369430096], [-50.555976278999935, -23.87576585430093], [-50.555629557999964, -23.875265034300938], [-50.555227693999946, -23.874930147300983], [-50.55491571999994, -23.87467016930096], [-50.55410304199995, -23.874186955301], [-50.55403531899998, -23.874146688300954], [-50.55348765599996, -23.873850949301], [-50.55284558899996, -23.87350423330099], [-50.552579485999956, -23.873331626301017], [-50.55196518799994, -23.87293316330102], [-50.551608268999985, -23.872695216301008], [-50.55088175899994, -23.872341779301024], [-50.55072786899996, -23.872266914301026], [-50.550492721999944, -23.872002374301054], [-50.549871261999954, -23.871481691301064], [-50.54955358899997, -23.87095979930108], [-50.54954425499995, -23.870893125301045], [-50.54963331599998, -23.870291961301067], [-50.549847467999946, -23.869935042301066], [-50.550045756999964, -23.869538463301105], [-50.55010920799999, -23.86941156030107], [-50.55013264799993, -23.869286551301087], [-50.55025197599997, -23.868650132301116], [-50.55052305599997, -23.867962007301113], [-50.55058509999998, -23.867626965301106], [-50.55084684099995, -23.866984510301126], [-50.55115617099994, -23.866627591301132], [-50.551798625999936, -23.86617549330115], [-50.55209526699997, -23.86598672230115], [-50.55258384799998, -23.865675806301173], [-50.55372152599995, -23.865006583301188], [-50.553797372999945, -23.864961968301213], [-50.554511210999976, -23.864557460301192], [-50.555177459999975, -23.864010184301176], [-50.555581967999956, -23.863367729301213], [-50.55624821799996, -23.86253491830122], [-50.556747903999955, -23.861892463301242], [-50.55712861799998, -23.86141657130126], [-50.55779486699998, -23.860845500301295], [-50.55826755099997, -23.860550074301273], [-50.55832126399998, -23.860516503301298], [-50.55840353699995, -23.860485239301287], [-50.55884647499994, -23.86044586730128], [-50.55926816699997, -23.860408383301316], [-50.56008390799997, -23.860283948301287], [-50.561214151999934, -23.86040292130126], [-50.561932239999976, -23.860690155301306], [-50.561957733999975, -23.860700353301294], [-50.56245193199993, -23.86078756530127], [-50.56264430799996, -23.8612547623013], [-50.56292984299995, -23.862075676301263], [-50.56307261099994, -23.86275382330126], [-50.56371506499994, -23.863610429301197], [-50.56485720599995, -23.86464549530122], [-50.565463969999946, -23.86518087330121], [-50.56610642299995, -23.86596609630117], [-50.566963028999965, -23.867358080301145], [-50.56714148899994, -23.86825037830113], [-50.56724856499994, -23.86932113530108], [-50.567355640999956, -23.87003497430108], [-50.56785532699996, -23.871070040301035], [-50.568640549999934, -23.87146265030104], [-50.56967561499994, -23.872462024301022], [-50.569996842999956, -23.87306878730102], [-50.57056791399998, -23.873746933300975], [-50.57135313599997, -23.874175236301006], [-50.57213835699998, -23.874318003301003], [-50.57335188299999, -23.874532155300944], [-50.574422639999966, -23.874924766301003], [-50.575350628999956, -23.87570998830097], [-50.57577893299998, -23.877066281300902], [-50.575814623999975, -23.877744427300925], [-50.575636164999935, -23.87860103430091], [-50.57524355399993, -23.878993644300916], [-50.57513647799993, -23.879707483300848], [-50.575671856999975, -23.880242861300832], [-50.57638569599993, -23.880385629300875], [-50.57749214399996, -23.880671164300857], [-50.57827736699994, -23.881063775300845], [-50.57877705399994, -23.881527771300842], [-50.57895551399997, -23.881920381300834], [-50.57952658399995, -23.882669911300834], [-50.58041888199994, -23.8831695993008], [-50.581025643999965, -23.883812053300797], [-50.581168411999954, -23.884525892300733], [-50.581168411999954, -23.885882184300726], [-50.58095425999994, -23.886703098300675], [-50.58084718399993, -23.88741693730068], [-50.580775800999966, -23.888059391300665], [-50.58088287599997, -23.88888030530069], [-50.58120410399994, -23.88945137630064], [-50.58173948299997, -23.889665527300657], [-50.58216778599996, -23.89005813830065], [-50.582453320999946, -23.890736284300615], [-50.58256039599996, -23.89141443130062], [-50.582596088999935, -23.89187842630058], [-50.58302439099998, -23.892699339300595], [-50.58366684599997, -23.893234718300583], [-50.58391668999997, -23.89369871430058], [-50.58405945699997, -23.894483935300556], [-50.583916689999974, -23.895804537300496], [-50.58363115399993, -23.89655406730048], [-50.583559769999965, -23.897731900300442], [-50.58363115399993, -23.898909733300457], [-50.58388099799998, -23.900301718300426], [-50.58413084099993, -23.901443859300404], [-50.58491606299999, -23.90251461630036], [-50.58595112799998, -23.90322845530036], [-50.586664966999926, -23.903799526300304], [-50.587093269999976, -23.904477672300338], [-50.58730742099993, -23.90512012630033], [-50.587771415999946, -23.905869657300304], [-50.588485254999966, -23.90644072730027], [-50.589199092999934, -23.90654780330027], [-50.59009139099994, -23.906226575300263], [-50.59069815299994, -23.905227202300335], [-50.59141199199996, -23.904691823300308], [-50.59205444599996, -23.904477672300345], [-50.593482121999955, -23.904299212300305], [-50.59473133899996, -23.90422782930034], [-50.59608763299997, -23.90422782930034], [-50.596944237999935, -23.904334904300292], [-50.59755100099994, -23.904370596300332], [-50.59855037499994, -23.903942293300297], [-50.59908575299993, -23.90333553030037], [-50.599728207999924, -23.902621692300364], [-50.60022789399994, -23.902193390300383], [-50.60133434399995, -23.902014930300354], [-50.60197679799995, -23.902014930300354], [-50.60297617199996, -23.902050622300393], [-50.60386846999995, -23.902229081300373], [-50.60429677299993, -23.90233615630039], [-50.60479645999993, -23.902621692300357], [-50.60576014099997, -23.90304999530033], [-50.606545362999945, -23.90358537430035], [-50.60690228299996, -23.903977985300347], [-50.60743766099995, -23.903977985300347], [-50.60797303999993, -23.903513990300333], [-50.60829426699996, -23.902764460300354], [-50.60832995899994, -23.901907854300358], [-50.608615494999974, -23.901479551300387], [-50.609115180999936, -23.900872788300397], [-50.60925794899998, -23.900051875300424], [-50.608936720999964, -23.899587879300423], [-50.60793734799995, -23.899373728300397], [-50.60693797399994, -23.8992666523004], [-50.605902908999944, -23.89908819230044], [-50.60476076799995, -23.898410046300476], [-50.60468938399998, -23.897624824300493], [-50.60493922699993, -23.89673252630051], [-50.60590290899995, -23.89526915830052], [-50.60665243999995, -23.89419840030057], [-50.60690228299996, -23.893127643300563], [-50.606759514999965, -23.892378112300577], [-50.60625982799996, -23.89187842630058], [-50.605938600999934, -23.89141443130062], [-50.605688756999946, -23.890629209300595], [-50.60558168199998, -23.88941568330067], [-50.60547460699996, -23.888808921300654], [-50.605153378999944, -23.887988007300713], [-50.60451092499994, -23.88741693630069], [-50.60401123699995, -23.88734555330072], [-50.60294047999997, -23.886988633300728], [-50.60222664099996, -23.886096336300742], [-50.60194110699996, -23.885061270300714], [-50.60172695499995, -23.883633594300772], [-50.60158418799995, -23.88291975530082], [-50.601370035999935, -23.881813306300817], [-50.601191575999955, -23.880956700300832], [-50.60090604099997, -23.879600407300842], [-50.60090604099997, -23.878208422300872], [-50.601084499999956, -23.877244741300924], [-50.60083465699995, -23.87560291230097], [-50.600763272999984, -23.874924767300993], [-50.60097742499994, -23.873854008301], [-50.60194110599997, -23.873318630301014], [-50.60329739899998, -23.873247246301], [-50.60426108099995, -23.873390014300977], [-50.60504630299994, -23.873711241301002], [-50.60565306599994, -23.873854009300985], [-50.60665243999994, -23.873889700300968], [-50.607723196999984, -23.873675549301016], [-50.608508418999975, -23.873175862301025], [-50.608615494999974, -23.872676176301027], [-50.60875826199998, -23.87185526130102], [-50.609008105999976, -23.871641110301063], [-50.60950779299998, -23.87142695830105], [-50.61064993399998, -23.87142695830105], [-50.61172069199995, -23.871641110301073], [-50.61247022099997, -23.87192664530104], [-50.613076983999974, -23.872212180301027], [-50.614040665999944, -23.872283565301032], [-50.61500434699997, -23.87171249330104], [-50.615575417999935, -23.87067742830107], [-50.61593233699995, -23.869071292301072], [-50.61643202399995, -23.867429464301104], [-50.61707447799996, -23.866037479301145], [-50.61885907399994, -23.863860272301206], [-50.620536594999976, -23.86243259530125], [-50.621928578999984, -23.86168306530126], [-50.62346333099999, -23.86125476330128], [-50.62439132099996, -23.860398157301287], [-50.62467685599995, -23.8595415503013], [-50.62514085099997, -23.85811387430135], [-50.62571192199994, -23.85711450130135], [-50.62671129599994, -23.856329278301388], [-50.62749651699993, -23.855579748301395], [-50.62817466399998, -23.854366223301408], [-50.62867435099997, -23.85315269830147], [-50.62892419499997, -23.85186778930149], [-50.62924542199994, -23.850154577301502], [-50.629816492999964, -23.848441365301568], [-50.63003064399993, -23.84715645630161], [-50.629887875999934, -23.846121391301587], [-50.62881711799997, -23.84519340130162], [-50.627746360999936, -23.844336794301647], [-50.62671129599995, -23.843301729301675], [-50.62617591699996, -23.842123897301693], [-50.625676229999954, -23.841588517301737], [-50.62424855299997, -23.840279814301745], [-50.62386783899996, -23.83885213730176], [-50.623867839999946, -23.83737687130179], [-50.624438909999974, -23.83623473030181], [-50.62481962399994, -23.834711875301885], [-50.62486721299995, -23.8335697343019], [-50.62448649899994, -23.832237236301918], [-50.62353471499995, -23.830904738301943], [-50.623249179999966, -23.829334294301994], [-50.62367748199995, -23.827573492302], [-50.62429614299998, -23.826240994302072], [-50.62477203399994, -23.825241620302098], [-50.625581050999976, -23.822766981302134], [-50.62562863999995, -23.821482072302175], [-50.62529551599994, -23.820530288302198], [-50.62510515899998, -23.817912880302206], [-50.62510515899998, -23.81643761530229], [-50.62581899799995, -23.81481958130227], [-50.62639006899996, -23.813725029302315], [-50.627008727999964, -23.811964228302365], [-50.626818370999956, -23.811060033302418], [-50.62643765699994, -23.809727535302425], [-50.625676229999954, -23.808632983302417], [-50.62439132099996, -23.806967359302465], [-50.62362989299998, -23.806443878302506], [-50.622678108999935, -23.806110754302505], [-50.621916680999966, -23.80563486130253], [-50.62115525399998, -23.80473066630251], [-50.62086971799993, -23.803921650302527], [-50.62115525499996, -23.802779509302553], [-50.62172632499994, -23.801542188302616], [-50.62291605599995, -23.79957913330262], [-50.623927325999944, -23.798508376302674], [-50.62476013799995, -23.797764795302697], [-50.62517654299995, -23.796545321302677], [-50.62556320599999, -23.795742252302727], [-50.62645550399998, -23.79499867130275], [-50.627169340999956, -23.794820212302774], [-50.62829958599996, -23.79458226530276], [-50.62925136999996, -23.793868427302755], [-50.629608289999965, -23.792827412302778], [-50.62954880299998, -23.79190537230282], [-50.62925136999996, -23.790923844302828], [-50.62856727499996, -23.790001803302832], [-50.62809138299997, -23.78910950530285], [-50.62806163899995, -23.7879792613029], [-50.62844830199998, -23.786938247302917], [-50.62942982999994, -23.78592697630297], [-50.63017341099993, -23.785272624302955], [-50.63056007299997, -23.78438032630297], [-50.63073853399993, -23.783488029302983], [-50.630589816999986, -23.782119838303036], [-50.630470843999944, -23.781406000303022], [-50.630679046999944, -23.780364986303045], [-50.630798019999986, -23.779710634303083], [-50.63091699299998, -23.778996796303073], [-50.63082776299996, -23.778342444303124], [-50.63038161399999, -23.77771783530314], [-50.62951905999994, -23.777301430303137], [-50.62865650499999, -23.777063484303117], [-50.62764523399995, -23.777212200303126], [-50.62666370599994, -23.777836809303107], [-50.62541448899998, -23.779026538303118], [-50.624462704999985, -23.779651148303092], [-50.623094514999934, -23.780186526303076], [-50.62229144699996, -23.780959851303066], [-50.62178581099994, -23.781584460303055], [-50.62086376999997, -23.78191163530304], [-50.619971472999964, -23.78152497330306], [-50.61931712099994, -23.780364986303045], [-50.61916840399994, -23.779353715303074], [-50.618781741999946, -23.778461417303106], [-50.61812738999999, -23.77789629530311], [-50.61735406499997, -23.777182457303155], [-50.617175604999936, -23.776528105303147], [-50.61741355199996, -23.77566555030319], [-50.61708637499999, -23.774892226303187], [-50.616491510999936, -23.77420813030321], [-50.61568844299995, -23.773732238303232], [-50.614855630999955, -23.772839940303257], [-50.61396333399995, -23.77176918330324], [-50.61345769799993, -23.770787655303316], [-50.61327923799996, -23.768794857303348], [-50.61289257499993, -23.767575383303342], [-50.612416682999935, -23.766534368303365], [-50.61185156099998, -23.765701557303373], [-50.61167310199994, -23.764482084303403], [-50.611345925999956, -23.76391696130342], [-50.61084029099993, -23.763887218303456], [-50.60965055999998, -23.763530299303437], [-50.60834185699997, -23.76263800130347], [-50.607479301999945, -23.761686217303502], [-50.606795206999955, -23.76058571630352], [-50.606408544999965, -23.759663675303518], [-50.606230084999936, -23.758414458303537], [-50.60634905799998, -23.757046268303576], [-50.606289570999934, -23.755350902303636], [-50.60625982799996, -23.75448834730362], [-50.60584342299995, -23.75320938730367], [-50.60551624699997, -23.75196017030369], [-50.60504035499998, -23.751424791303723], [-50.604237286999926, -23.750383777303735], [-50.603166528999964, -23.74925353330374], [-50.60215525799998, -23.747915087303795], [-50.60179833799999, -23.746755099303837], [-50.60167936599999, -23.74532742330387], [-50.60173885199998, -23.744256665303876], [-50.60171088799995, -23.744198405303873], [-50.601516154999956, -23.74379271630389], [-50.60157309599998, -23.7437232373039], [-50.601592649999986, -23.743699377303905], [-50.60203605699996, -23.743315060303903], [-50.60218896899994, -23.743202022303922], [-50.602573131999975, -23.742918031303923], [-50.60331777799996, -23.742367549303935], [-50.60387933599997, -23.741952409303924], [-50.604798218999974, -23.74125149530395], [-50.605167662999975, -23.740717808303923], [-50.605330624999965, -23.740482381303988], [-50.60540381199996, -23.740376649303965], [-50.60552716099994, -23.740198448303943], [-50.60579519099997, -23.73998816130398], [-50.606329743999936, -23.740059845303964], [-50.606338204999986, -23.740060979303955], [-50.60686429799995, -23.74013152730396], [-50.60747557899999, -23.740097926303978], [-50.60800910599994, -23.73992779930399], [-50.607878426999946, -23.739493526304], [-50.607859547999965, -23.739430789304002], [-50.607365094999984, -23.738726276304003], [-50.607404652999946, -23.73826924430402], [-50.60759701799998, -23.737812609303994], [-50.60828508399993, -23.737638537304008], [-50.60943090299997, -23.737676599303985], [-50.61105093399993, -23.73667201130401], [-50.61145140399998, -23.73564510630409], [-50.611859203999984, -23.734599395304098], [-50.612055054999985, -23.73438647130411], [-50.612472319999945, -23.733932829304095], [-50.612588674999984, -23.733335343304116], [-50.61259044199995, -23.732737580304157], [-50.61251737899993, -23.731956757304165], [-50.61244233899998, -23.73115484830416], [-50.61244441799994, -23.730451585304177], [-50.61241922399996, -23.73035772330416], [-50.61214218699996, -23.72932559930423], [-50.61175877799997, -23.72818514730424], [-50.61157426799997, -23.72763633130426], [-50.61126902199993, -23.726585179304287], [-50.611196193999945, -23.726334336304287], [-50.61077824399997, -23.725594853304283], [-50.61077608499994, -23.7255912073043], [-50.61076910399999, -23.7255794093043], [-50.610735115999944, -23.7255219773043], [-50.61013220299997, -23.72450316130432], [-50.61008811099998, -23.72445292030433], [-50.61000702899997, -23.724360530304303], [-50.60963735499997, -23.723939298304305], [-50.60917956099996, -23.723762325304293], [-50.60837792599995, -23.7236196443043], [-50.607926016999954, -23.723388596304314], [-50.60727201299994, -23.723054226304363], [-50.60616716499993, -23.72213716830436], [-50.60551968899995, -23.721537741304374], [-50.605024033999946, -23.721255169304378], [-50.604452315999936, -23.720866902304376], [-50.60414794599996, -23.720479335304425], [-50.60414911299995, -23.720092540304382], [-50.60437932599996, -23.719741495304444], [-50.60489298999993, -23.71885719730445], [-50.60490534699994, -23.718835925304415], [-50.604968661999976, -23.718726929304424], [-50.60503197799994, -23.71861793430443], [-50.60507292199998, -23.717703789304483], [-50.605183213999965, -23.717302316304476], [-50.60534321499995, -23.716719894304507], [-50.605956499999934, -23.715983025304492], [-50.606415527999964, -23.71573805030451], [-50.607469269999974, -23.715413218304526], [-50.60785504399996, -23.715554848304496], [-50.60798176999998, -23.715601373304516], [-50.60905142499996, -23.715498589304538], [-50.609740530999936, -23.71493772230451], [-50.609909207999976, -23.714509981304555], [-50.60998914999993, -23.714307259304515], [-50.61008685899998, -23.714059509304555], [-50.61068753499996, -23.71358122730455], [-50.610967321999965, -23.713358448304547], [-50.611466604999976, -23.71241028930461], [-50.61146790299995, -23.71197184230459], [-50.61146962499998, -23.711390556304604], [-50.61185339299993, -23.71075857730463], [-50.612388458999924, -23.71061926430459], [-50.612486420999964, -23.71069183230461], [-50.61292883199996, -23.71101953230461], [-50.61315058599997, -23.711183787304627], [-50.61375913299997, -23.712029230304612], [-50.61410119499993, -23.712592699304576], [-50.61471139699995, -23.712875536304566], [-50.61517959999998, -23.71241996530459], [-50.61532418899998, -23.7122792733046], [-50.61570938399995, -23.711154999304615], [-50.61670549399997, -23.710067401304606], [-50.61769726899996, -23.709236987304617], [-50.61804539099995, -23.70894548330467], [-50.61892670599997, -23.707927914304694], [-50.619670750999944, -23.707431864304667], [-50.61998416599993, -23.706934149304683], [-50.62010435399998, -23.706469388304704], [-50.620106214999964, -23.705826504304724], [-50.620032769999966, -23.705539090304715], [-50.61973654599996, -23.70523743630472], [-50.619350887999985, -23.70504499930472], [-50.61889138299995, -23.704701907304738], [-50.61852955599994, -23.70451245330473], [-50.61806913099997, -23.70460296730476], [-50.61640008499995, -23.704931067304745], [-50.61502202299994, -23.705171866304728], [-50.61404493299995, -23.705236896304754], [-50.613926872999976, -23.705244749304747], [-50.613349722999935, -23.705182863304735], [-50.61307897599994, -23.705015781304763], [-50.612860800999954, -23.704737983304753], [-50.61275309499996, -23.704132780304754], [-50.61269939099998, -23.703779764304798], [-50.61275547499998, -23.703326202304787], [-50.612977065999985, -23.702444571304785], [-50.613006687999984, -23.70210592630478], [-50.61305442099996, -23.701452268304823], [-50.61308007099995, -23.701101009304818], [-50.61321650299993, -23.700432711304835], [-50.612776321999945, -23.700206484304857], [-50.61221540899999, -23.70026001530486], [-50.61184520299997, -23.700295344304877], [-50.61158741299994, -23.70040412630485], [-50.61066278399994, -23.700526425304844], [-50.60976030299997, -23.69956582230484], [-50.609083821999945, -23.69904381730488], [-50.607616021999945, -23.698623859304867], [-50.606712614999935, -23.698413457304884], [-50.60575271199997, -23.698202889304888], [-50.605306250999945, -23.69775912330491], [-50.60547520199998, -23.69653723130495], [-50.60573600399993, -23.695921875304933], [-50.60598049599997, -23.69534499930498], [-50.60615805599997, -23.69492604530498], [-50.60638748599996, -23.693781967304975], [-50.60712431899997, -23.693003394305006], [-50.60729724099997, -23.691859170305058], [-50.60732985999993, -23.690801249305043], [-50.60733136899995, -23.690752314305044], [-50.60735980499993, -23.689830167305082], [-50.60665482899998, -23.68941213830509], [-50.605949856999985, -23.688994105305085], [-50.60470925399994, -23.688210489305128], [-50.604575799999964, -23.688045676305105], [-50.604202665999935, -23.687584841305156], [-50.60381064099994, -23.686439185305172], [-50.603872950999964, -23.685990239305173], [-50.60392613799996, -23.685607000305158], [-50.603930298999956, -23.68422710530523], [-50.603785002999984, -23.683945235305206], [-50.60367810099996, -23.6836613953052], [-50.603509221999964, -23.683505007305214], [-50.60334018199996, -23.683405325305223], [-50.603278770999964, -23.683348452305225], [-50.60326381099998, -23.683206640305244], [-50.603402962999944, -23.683008507305225], [-50.60355686099996, -23.68302307330523], [-50.60375303899997, -23.682983055305233], [-50.60401188299994, -23.683097301305253], [-50.604171809999976, -23.683308212305253], [-50.604417574999964, -23.68349314930522], [-50.604443525999955, -23.68381556630522], [-50.60444725199994, -23.68386185930524], [-50.60450831199995, -23.684032152305235], [-50.60477972799998, -23.684483729305203], [-50.604965953999965, -23.68478244930518], [-50.60610022499998, -23.685325265305167], [-50.60745543899998, -23.685562838305174], [-50.609361710999956, -23.68572374930518], [-50.60988135099996, -23.685824818305164], [-50.60992160699994, -23.685832647305194], [-50.61037807099996, -23.685921421305196], [-50.61186155299998, -23.68576905530518], [-50.61333107599995, -23.686029878305146], [-50.61431719499995, -23.68643857430516], [-50.61469909799996, -23.686529118305145], [-50.61582037599993, -23.686794931305133], [-50.61664608199993, -23.686990670305125], [-50.617272388999936, -23.686945146305156], [-50.61782835899999, -23.68690473130515], [-50.61863185399995, -23.686846318305175], [-50.61872279599999, -23.686839706305133], [-50.62049056299998, -23.686708416305173], [-50.619035481999965, -23.68565730030516], [-50.61863831899996, -23.6853703923052], [-50.618028643999935, -23.684929966305194], [-50.61751076399997, -23.68459787230522], [-50.617295559999945, -23.684459875305187], [-50.61656309799997, -23.683781681305227], [-50.61628471899996, -23.682376181305223], [-50.61691010399995, -23.681024955305254], [-50.618325036999984, -23.6801439383053], [-50.61841281399995, -23.680005559305272], [-50.61934659699995, -23.67853351430535], [-50.61991422799997, -23.677598370305333], [-50.621232170999974, -23.677260755305355], [-50.62127306399998, -23.676561096305353], [-50.621274676999974, -23.676001372305404], [-50.62127480399994, -23.675957474305395], [-50.621278761999974, -23.674583969305417], [-50.62068155899994, -23.673238033305445], [-50.62049299099994, -23.672813024305494], [-50.61981811699996, -23.67177076730547], [-50.61963825799995, -23.671269372305517], [-50.619145645999936, -23.66989603030553], [-50.61909307999997, -23.668543124305522], [-50.61967171999998, -23.66713054630558], [-50.618254512999954, -23.66552331530563], [-50.617847887999964, -23.665021133305657], [-50.61741023099995, -23.664480630305643], [-50.61702193499997, -23.66203425430574], [-50.616842894999934, -23.661125246305737], [-50.616632296999974, -23.660056147305756], [-50.61686050999998, -23.659276254305755], [-50.61814942199993, -23.658504514305772], [-50.61833169799997, -23.658395371305797], [-50.618786133999954, -23.657511986305817], [-50.61908466199998, -23.657282236305804], [-50.62020138999998, -23.656422819305806], [-50.62049957399996, -23.656055770305834], [-50.620828091999954, -23.65565137930583], [-50.62175795599995, -23.654506737305862], [-50.62185449699996, -23.65438790230584], [-50.622015302999955, -23.654189960305853], [-50.62445118499994, -23.651698431305906], [-50.62522312999994, -23.650736633305947], [-50.62728528599995, -23.648167214306003], [-50.62921675499996, -23.6442175373061], [-50.631321044999936, -23.639019526306225], [-50.631637412999964, -23.637759340306225], [-50.632234832999984, -23.635379567306305], [-50.63322546099994, -23.633412040306318], [-50.63422562399995, -23.633721817306355], [-50.63547751999994, -23.63349419830637], [-50.63689837599997, -23.63249842630638], [-50.63921593499998, -23.63111651630639], [-50.64017848299994, -23.628431915306447], [-50.640306754999976, -23.627279399306484], [-50.64006202199994, -23.625261409306532], [-50.639756816999984, -23.624828960306512], [-50.641535818999955, -23.623757856306533], [-50.643748122999966, -23.621531381306603], [-50.64527865599996, -23.619990997306616], [-50.647033129999954, -23.61891903230665], [-50.64937225299996, -23.617540961306712], [-50.65121129399995, -23.61600801430675], [-50.651427883999986, -23.615245871306737], [-50.651800616999935, -23.61393426330678], [-50.652388723999934, -23.612321641306842], [-50.65303747799993, -23.611422458306865], [-50.65440207999996, -23.609869197306868], [-50.65698865999997, -23.607454016306924], [-50.65802187299994, -23.607023993306953], [-50.660509710999975, -23.606467451306933], [-50.66144863599993, -23.606210120306937], [-50.66236476399996, -23.605483021306938], [-50.662515208999935, -23.605363617306963], [-50.663044157999934, -23.604341864307017], [-50.66278458699997, -23.60246999930707], [-50.662711227999985, -23.601428465307063], [-50.66305367099994, -23.600622620307078], [-50.66344369599994, -23.600220167307082], [-50.66432305099994, -23.5986088933071], [-50.66489755799995, -23.596663615307165], [-50.66475979799998, -23.595496082307175], [-50.66419952599995, -23.594457336307197], [-50.66373142699995, -23.59338596230723], [-50.66329085999996, -23.59174544530727], [-50.663738739999985, -23.59051673630732], [-50.66593855399998, -23.589303717307313], [-50.66997107399993, -23.588207379307377], [-50.67171459199994, -23.58641971430742], [-50.67249772099996, -23.585616745307426], [-50.674130110999954, -23.58493701830741], [-50.67872400999995, -23.585629745307397], [-50.68243013499995, -23.585637355307405], [-50.68533712399995, -23.584449411307446], [-50.68555280399994, -23.58338723230744], [-50.68614860799994, -23.58045294330752], [-50.686428958999954, -23.579640883307544], [-50.68704419999995, -23.577858764307596], [-50.68883140599996, -23.574309948307647], [-50.69017063099994, -23.57212652130773], [-50.69066091199994, -23.570971836307727], [-50.691213991999966, -23.569669237307775], [-50.691678054999954, -23.567434789307807], [-50.691729101999954, -23.56718899330781], [-50.690925205999974, -23.566389511307833], [-50.68855491299996, -23.565838248307863], [-50.68588886099997, -23.565013103307866], [-50.68455844699997, -23.56350746730791], [-50.68403204899994, -23.562040968307926], [-50.68344817499997, -23.560414359308], [-50.68322258999996, -23.559462303308], [-50.68283327199998, -23.557580037308053], [-50.68273838799996, -23.557121325308053], [-50.682509935999974, -23.554613450308118], [-50.68225999499998, -23.55165321730817], [-50.682260946999975, -23.549333029308226], [-50.68404705599993, -23.548070280308277], [-50.68772064099994, -23.545720807308296], [-50.69117036799997, -23.54398564130832], [-50.69195460599997, -23.54132287430838], [-50.69240611499998, -23.538352033308463], [-50.69233992299997, -23.538033082308477], [-50.691746645999956, -23.535174030308532], [-50.691206567999984, -23.534409919308576], [-50.690348655999976, -23.533196092308586], [-50.68897943999997, -23.53035225730863], [-50.68791637799996, -23.529367809308653], [-50.68701481299996, -23.528934766308673], [-50.68610396999998, -23.528764887308682], [-50.685775931999956, -23.5287642253087], [-50.685338866999984, -23.528628917308712], [-50.68524644599995, -23.528296433308704], [-50.68530473299996, -23.527654196308696], [-50.685414477999984, -23.527486382308705], [-50.68552509999995, -23.526948877308698], [-50.68589070199994, -23.52647909030871], [-50.686852655999985, -23.525667701308773], [-50.68798040599995, -23.524776762308797], [-50.68902291499995, -23.523819651308763], [-50.69078122499997, -23.522803708308825], [-50.69358085799996, -23.52142998630887], [-50.69361258499998, -23.52138561230884], [-50.693788319999946, -23.52113983030887], [-50.69495097299995, -23.519513712308928], [-50.696973692999954, -23.51657924930895], [-50.69879986799998, -23.514244055308993], [-50.70092650799996, -23.512643752309046], [-50.70004204099996, -23.50933676930911], [-50.69958639599998, -23.506350829309206], [-50.69921926299997, -23.504124317309262], [-50.70141018199996, -23.503907644309255], [-50.70220535099997, -23.503838692309266], [-50.70299825999996, -23.50371418130925], [-50.704037031999974, -23.503640526309248], [-50.70565016799998, -23.50339152330924], [-50.70597887099996, -23.50306447030926], [-50.70622625499993, -23.502434773309254], [-50.70614703999997, -23.50171401530927], [-50.706065230999975, -23.501098538309282], [-50.705656550999954, -23.500518024309322], [-50.70459204199994, -23.499885846309343], [-50.703745567999924, -23.499531345309347], [-50.702681254999966, -23.49882354130937], [-50.70161643399996, -23.49834258730937], [-50.70068866499997, -23.497685451309348], [-50.698969254999945, -23.49662346930942], [-50.697573819999945, -23.496104985309437], [-50.697555694999956, -23.496105746309404], [-50.697540394999976, -23.49610638830944], [-50.69752509399995, -23.496107031309396], [-50.69655340099995, -23.49614781330945], [-50.695581970999974, -23.49601148330941], [-50.695388743999956, -23.495518186309432], [-50.69534150599998, -23.49493554230942], [-50.69553729499995, -23.494308571309467], [-50.69607984899995, -23.49377987430948], [-50.696462578999956, -23.493369339309485], [-50.69764221099996, -23.492863411309504], [-50.69875546499998, -23.492382340309486], [-50.700594235999965, -23.49142185830953], [-50.70221404799997, -23.48953753930956], [-50.70233798899994, -23.489277260309535], [-50.702412795999976, -23.4875750203096], [-50.70245441399993, -23.48662799230963], [-50.702419805999966, -23.486501636309622], [-50.70235092699994, -23.486250155309673], [-50.70228205599995, -23.48599870030965], [-50.70180836099996, -23.48426918630967], [-50.70196502999994, -23.484101512309664], [-50.703321022999944, -23.482650241309738], [-50.704229748999985, -23.481815484309752], [-50.70518964699994, -23.480272998309786], [-50.70565999199994, -23.479488014309783], [-50.70598862199994, -23.47733768630982], [-50.70599082399997, -23.47634775730988], [-50.70599154499996, -23.476023227309877], [-50.70586827399996, -23.474980473309888], [-50.70586607899998, -23.474961909309865], [-50.705864375999965, -23.47494750330988], [-50.70583642299994, -23.47486308630989], [-50.705607013999945, -23.474170295309907], [-50.70514270299998, -23.47320028630991], [-50.70572245199997, -23.47234850230997], [-50.707206532999976, -23.472442085309925], [-50.70767598999998, -23.47275970930992], [-50.70849406299994, -23.47331319230994], [-50.71022601599998, -23.474062694309886], [-50.71178325599993, -23.474180126309896], [-50.71276908699997, -23.47385418030994], [-50.714505429999974, -23.472578049309963], [-50.71450703599999, -23.471831787309988], [-50.71462444599996, -23.470979122309974], [-50.71434014499994, -23.47015392931002], [-50.71370563199997, -23.46831219331004], [-50.71325888499996, -23.4666496753101], [-50.713132403999964, -23.46617894031008], [-50.71429058199993, -23.46500836031011], [-50.71445517699993, -23.464661014310092], [-50.714947945999945, -23.463621116310136], [-50.71545149099995, -23.462558446310155], [-50.71622950699998, -23.460180363310208], [-50.71623967299996, -23.460149287310234], [-50.716247360999944, -23.460121443310257], [-50.71702382899997, -23.457309223310308], [-50.71766329299993, -23.45499315831036], [-50.718441131999946, -23.453921278310336], [-50.71998115899999, -23.45179902831043], [-50.72206603599994, -23.44945733831044], [-50.72377412999998, -23.44841109131049], [-50.72380151599999, -23.448394316310498], [-50.726618920999954, -23.448357716310507], [-50.72974462399998, -23.448225048310512], [-50.73050390599997, -23.448192813310513], [-50.73431857199995, -23.447453076310538], [-50.738597701999936, -23.44554131431056], [-50.739363483999966, -23.44521168531054], [-50.74229834999994, -23.443948316310607], [-50.74523267999996, -23.44197125631066], [-50.74540442499995, -23.441848337310628], [-50.74797150499995, -23.440010969310674], [-50.74979460399993, -23.438616768310723], [-50.75097858699996, -23.43672187331074], [-50.75101288099995, -23.436110112310743], [-50.751952736999954, -23.43621047631078], [-50.753222118999986, -23.43675449731077], [-50.75436360399994, -23.43698279431074], [-50.755779045999994, -23.436845816310743], [-50.75701184899997, -23.43661751931077], [-50.75829031299997, -23.43657185931076], [-50.75966009599995, -23.43670883831075], [-50.76093855799996, -23.43675449731077], [-50.76230834099994, -23.437119773310734], [-50.76422603599997, -23.43762202631075], [-50.76555015799994, -23.438306917310737], [-50.766417686999944, -23.439448402310713], [-50.76810708499995, -23.441000822310667], [-50.76993346199998, -23.44195967031063], [-50.77130324399997, -23.44250758231062], [-50.772992640999966, -23.442872857310583], [-50.77449940199995, -23.442918517310602], [-50.77573220599999, -23.44310115531061], [-50.77664539399996, -23.443375111310598], [-50.77755858199998, -23.444333958310587], [-50.778380451999965, -23.445018850310543], [-50.77920232099995, -23.445840718310528], [-50.77984155299998, -23.447027864310503], [-50.78048078399996, -23.447804073310525], [-50.781348312999974, -23.448306327310476], [-50.78203320399996, -23.448762921310482], [-50.782763753999966, -23.449630449310476], [-50.78322034899998, -23.45036100031046], [-50.78367694199995, -23.45191342031042], [-50.78408787699993, -23.45342018031038], [-50.78431617399996, -23.454561665310354], [-50.78477276799998, -23.45556617331033], [-50.78504672499997, -23.45647936131033], [-50.785503318999986, -23.45748386731027], [-50.78605123199998, -23.458260078310268], [-50.787101397999955, -23.459173265310227], [-50.78833420199992, -23.459584200310204], [-50.78974964299994, -23.45976683831021], [-50.791484700999945, -23.459675519310245], [-50.79276316399995, -23.458990627310275], [-50.79367635199998, -23.45857969331029], [-50.79490915699995, -23.457986121310277], [-50.79742042399994, -23.457803483310272], [-50.79910982199993, -23.45794046131027], [-50.800799219999924, -23.458123099310274], [-50.80235163999998, -23.457986120310302], [-50.803858399999974, -23.45775782331026], [-50.80559345699999, -23.457255570310295], [-50.80741983399997, -23.456707657310314], [-50.80901791299993, -23.456296723310324], [-50.81015939799994, -23.455885788310344], [-50.812396708999984, -23.45433336831038], [-50.81335555699997, -23.45342018031038], [-50.81449704099998, -23.4520047393104], [-50.81559286699996, -23.45090891331045], [-50.81687133099996, -23.449767428310466], [-50.81942825699996, -23.44871726231046], [-50.82152858999995, -23.44812368931048], [-50.82253309699996, -23.44784973331048], [-50.82372024199998, -23.447484458310512], [-50.82444618299996, -23.447272726310484], [-50.82433507199994, -23.44692620031051], [-50.82408635099995, -23.446150502310537], [-50.82358485799994, -23.44408964831062], [-50.82344348899994, -23.442062431310628], [-50.824173094999935, -23.439679714310678], [-50.82426295599999, -23.439386244310707], [-50.82496952799994, -23.435629724310765], [-50.824495568999964, -23.43535454731079], [-50.823706131999984, -23.434891027310826], [-50.82312179999997, -23.434338301310806], [-50.82248743699995, -23.433375701310855], [-50.821756886999935, -23.43186894031086], [-50.82116331499998, -23.429631629310915], [-50.82102633699998, -23.428444485310916], [-50.82038710499995, -23.426983384310986], [-50.81970221399996, -23.42629849331101], [-50.81888034499997, -23.425476624310974], [-50.818378090999936, -23.424106841311037], [-50.818149793999964, -23.422782718311044], [-50.81714528699996, -23.4214585963111], [-50.81463401999997, -23.41944958231115], [-50.813583852999955, -23.417760184311188], [-50.813081599999975, -23.415751171311207], [-50.813035940999946, -23.41410743231127], [-50.81321857799997, -23.412555012311305], [-50.81367517299998, -23.411002592311355], [-50.81367517199993, -23.409769789311326], [-50.81285330299995, -23.408354347311363], [-50.81166615799998, -23.40744115831143], [-50.810524672999975, -23.406710608311425], [-50.80979412199997, -23.405888739311457], [-50.809017912999934, -23.40534082631147], [-50.808561318999985, -23.404290659311474], [-50.80819604299995, -23.403423131311495], [-50.80778510899995, -23.40182505231156], [-50.807739448999946, -23.40086620431154], [-50.807556811999966, -23.400272632311548], [-50.80695993399996, -23.400016827311553], [-50.80691757999995, -23.399998675311558], [-50.80670257799994, -23.39997338131155], [-50.80688479799994, -23.399679971311564], [-50.80711093899998, -23.399315840311605], [-50.80640233199995, -23.396124732311677], [-50.80532843299994, -23.39440749831171], [-50.80459614199997, -23.393185427311764], [-50.80399459299996, -23.39186806631176], [-50.80398126199998, -23.39150972131178], [-50.80394181799995, -23.3904501143118], [-50.807837603999985, -23.387076865311883], [-50.80948968699994, -23.385646285311893], [-50.81261981199999, -23.38342195731193], [-50.813816311999965, -23.38210805931197], [-50.813720296999975, -23.381043246312032], [-50.81454625899994, -23.378816107312062], [-50.815535358999966, -23.37760195331207], [-50.81625169799997, -23.375273397312125], [-50.81622439399996, -23.375063186312158], [-50.81603459299998, -23.373602058312166], [-50.815858341999956, -23.372705426312212], [-50.817628130999935, -23.371578366312196], [-50.81933031699999, -23.370314367312275], [-50.820867902999964, -23.369050161312266], [-50.82300795799995, -23.368444929312297], [-50.82366262399996, -23.368193973312295], [-50.824010875999925, -23.36806047831229], [-50.824325079999944, -23.367940024312286], [-50.82432621399994, -23.367079163312326], [-50.823961078999965, -23.36640293031237], [-50.82377903499997, -23.366065768312314], [-50.82241159299997, -23.36432594831241], [-50.82274136899997, -23.36267178331239], [-50.824059369999986, -23.361457934312465], [-50.824780733999944, -23.361145515312472], [-50.82514073599998, -23.360989598312436], [-50.825477362999955, -23.36084380431245], [-50.82550209499993, -23.36083309231245], [-50.82606023499994, -23.361380680312458], [-50.82680284099996, -23.361730963312432], [-50.82874541499996, -23.361721747312465], [-50.829722050999976, -23.361685244312426], [-50.831349472999925, -23.36187484831243], [-50.832695756999954, -23.362107962312454], [-50.833043387999965, -23.3622018093124], [-50.83338403699997, -23.36223830631241]], [[-50.82379699399996, -24.033597636297475], [-50.82365422699996, -24.032883798297465], [-50.82305936199999, -24.032645851297517], [-50.82165547899996, -24.0326458522975], [-50.82053713299996, -24.03312174429749], [-50.820037445999965, -24.03378799329748], [-50.819490168999955, -24.03428768029747], [-50.81839561699997, -24.03466839329742], [-50.817610395999964, -24.034811161297466], [-50.816825172999984, -24.03490634029744], [-50.81615892399997, -24.035096696297447], [-50.815492675999955, -24.03526325929745], [-50.81508816699994, -24.03526325929744], [-50.81449330199995, -24.03523946429744], [-50.814112587999944, -24.03528705429744], [-50.813517721999965, -24.035667767297404], [-50.81327977599994, -24.03600089229739], [-50.81292285699993, -24.036833703297386], [-50.812732500999964, -24.037523747297396], [-50.81239937599997, -24.038047229297383], [-50.81168553699996, -24.03873727229738], [-50.811019288999944, -24.039022807297368], [-50.81042442299997, -24.039022807297368], [-50.80952022899999, -24.039022807297368], [-50.80880638999997, -24.038903834297315], [-50.80837808699994, -24.038903834297322], [-50.807878399999936, -24.039117986297345], [-50.80745009799995, -24.039379726297362], [-50.807124586999976, -24.03986799229736], [-50.80697896399994, -24.0401078422973], [-50.80657921499994, -24.04073601929729], [-50.806484035999965, -24.041402268297297], [-50.80648403599997, -24.041935268297298], [-50.80650307199994, -24.042468267297256], [-50.80650307199995, -24.042982231297234], [-50.806103321999956, -24.043762693297243], [-50.80577971599996, -24.044295693297247], [-50.805722608999986, -24.044828692297216], [-50.80595103599995, -24.045228441297194], [-50.80650307199994, -24.045609155297214], [-50.80730256999994, -24.045894690297192], [-50.80810206999996, -24.046123119297185], [-50.808958675999975, -24.046465761297206], [-50.80956781699996, -24.04656094029717], [-50.81025310299997, -24.046408654297164], [-50.810995494999986, -24.045970833297183], [-50.81160463599997, -24.045380727297193], [-50.81228992099994, -24.044543157297234], [-50.81329881299996, -24.043991122297243], [-50.814155417999984, -24.043762694297232], [-50.81480263099997, -24.043762694297232], [-50.815678273999936, -24.043857872297274], [-50.81634452199995, -24.043934015297268], [-50.81704884299995, -24.04391497929724], [-50.818210018999935, -24.043762693297243], [-50.81927601799998, -24.043258247297274], [-50.819966061999935, -24.042948918297274], [-50.820703694999956, -24.042853739297254], [-50.821845836999955, -24.04287753429725], [-50.82241690699993, -24.042806151297277], [-50.823035566999984, -24.04268717729725], [-50.823511458999974, -24.04268717729725], [-50.824011145999975, -24.04302030129725], [-50.82429668099996, -24.04323445329726], [-50.82486775199993, -24.043519989297238], [-50.82596230399997, -24.043567577297267], [-50.82703306199995, -24.043163069297236], [-50.82765172099994, -24.042710972297254], [-50.828175202999944, -24.042306463297308], [-50.828722477999975, -24.042163696297305], [-50.82907939699999, -24.04225887429728], [-50.829364932999965, -24.04273476729726], [-50.82943631699993, -24.043163070297286], [-50.82957908399993, -24.043638961297226], [-50.82995979799995, -24.04421003229724], [-50.830435689999945, -24.04442418429724], [-50.831173323999955, -24.044447979297257], [-50.83188716199994, -24.044376595297223], [-50.83214890299996, -24.043995881297224], [-50.83198234099996, -24.043543783297253], [-50.83129229699995, -24.043020301297258], [-50.83095917199995, -24.04247302629729], [-50.83072122599999, -24.04171159829727], [-50.83062604699995, -24.040831197297322], [-50.83055466299999, -24.03997459229733], [-50.830578457999934, -24.039236959297384], [-50.830078770999926, -24.038308969297358], [-50.829269754999984, -24.037904460297398], [-50.82862729999994, -24.03783307729737], [-50.82808002399997, -24.037714104297386], [-50.82722341899995, -24.037380979297392], [-50.82658096299997, -24.03700026529739], [-50.82589091999995, -24.036524373297404], [-50.825224670999944, -24.035953302297393], [-50.824510832999984, -24.03552499929741], [-50.82408252999995, -24.03504910729744], [-50.82396355599996, -24.034406653297445], [-50.82379699399996, -24.033597636297475]]]}, "properties": {"objectid": 689, "nome": "Rio Tibagi", "area_km2": 7005.22157051, "impeditivo": "Analisar", "portaria": " ", "tipo": "Ativo", "icms": "Não", "Shape__Area": 0.6215121482592809, "Shape__Length": 4.9918853408321135}}, {"type": "Feature", "id": 698, "geometry": {"type": "Polygon", "coordinates": [[[-50.823455569999965, -23.285825556314165], [-50.823433314999924, -23.285717460314142], [-50.82340188599995, -23.285728408314146], [-50.82245751499994, -23.286057328314165], [-50.82234400799995, -23.28609686131416], [-50.82185416599998, -23.28760649331409], [-50.82075615699995, -23.288820590314074], [-50.817389969999965, -23.291199111314032], [-50.81620074399996, -23.292731440313986], [-50.81595176199994, -23.293924283313977], [-50.81584084999997, -23.29445565931399], [-50.81570408599998, -23.295110911313913], [-50.81575743399997, -23.296174402313916], [-50.81581134999993, -23.29683277731391], [-50.81526256299997, -23.297237247313877], [-50.81411044499998, -23.29784355931386], [-50.81410987199996, -23.298248683313854], [-50.81432734799995, -23.299565565313845], [-50.81543357199997, -23.300946437313844], [-50.81558613599998, -23.30113687131383], [-50.81629663099994, -23.302758156313786], [-50.81629488299996, -23.304024148313715], [-50.81525130399996, -23.305390184313723], [-50.81404032499995, -23.306941374313674], [-50.813054002999934, -23.308425941313608], [-50.81299783999998, -23.309388021313627], [-50.81427989399998, -23.31126840331361], [-50.81359670299997, -23.312427094313573], [-50.813485913999955, -23.313237191313554], [-50.81309977099994, -23.314907828313473], [-50.813427338999986, -23.315921004313466], [-50.81365180299996, -23.316288871313493], [-50.81413851899998, -23.317086553313448], [-50.81451372199996, -23.31764256631343], [-50.814959313999964, -23.318302876313417], [-50.81479292499995, -23.319669939313425], [-50.81544776499994, -23.321949479313325], [-50.81615975099999, -23.322557987313346], [-50.816549831999964, -23.323052253313307], [-50.817199784999964, -23.323875824313298], [-50.81741855599995, -23.324518401313288], [-50.817855178999935, -23.325800878313217], [-50.81924478899998, -23.32698142631324], [-50.81982696699998, -23.327474253313245], [-50.82020987099998, -23.328183642313178], [-50.82223589599994, -23.33036344031317], [-50.82212338099998, -23.332490168313132], [-50.821739036999986, -23.33494023131304], [-50.820200942999975, -23.334817367313054], [-50.81855522899997, -23.33522058331304], [-50.81707306099997, -23.336332929313038], [-50.81723392599998, -23.336607342313023], [-50.81740133399995, -23.33689033431301], [-50.81783833099996, -23.33815682231299], [-50.81728867599997, -23.339067696312963], [-50.81652590099998, -23.33958804631294], [-50.81580659399998, -23.340078742312908], [-50.81498272199997, -23.3409892763129], [-50.81470020699993, -23.34276207031289], [-50.81465023199996, -23.343470200312844], [-50.81530841099993, -23.34451994631286], [-50.815635219999926, -23.345041175312808], [-50.81651110199993, -23.346206903312765], [-50.81827375099994, -23.34785546131272], [-50.81903017899998, -23.3489443463127], [-50.81974124899995, -23.350363060312677], [-50.82138503599998, -23.351529643312695], [-50.823015718999955, -23.35255085331265], [-50.82324823399995, -23.35269645631267], [-50.82560508199998, -23.353863798312613], [-50.82686536499995, -23.354776700312566], [-50.82752129899996, -23.356499153312544], [-50.82748022299995, -23.35731219631253], [-50.82740872199997, -23.358727156312533], [-50.82707845099997, -23.35963828531249], [-50.82592530799997, -23.360649787312443], [-50.82579185999998, -23.360707587312483], [-50.825477362999955, -23.36084380431245], [-50.82514073599998, -23.360989598312436], [-50.824780733999944, -23.361145515312472], [-50.824059369999986, -23.361457934312465], [-50.82274136899997, -23.36267178331239], [-50.82241159299997, -23.36432594831241], [-50.82377903499997, -23.366065768312314], [-50.823961078999965, -23.36640293031237], [-50.82432621399994, -23.367079163312326], [-50.824325079999944, -23.367940024312286], [-50.824010875999925, -23.36806047831229], [-50.82366262399996, -23.368193973312295], [-50.82300795799995, -23.368444929312297], [-50.820867902999964, -23.369050161312266], [-50.81933031699999, -23.370314367312275], [-50.817628130999935, -23.371578366312196], [-50.815858341999956, -23.372705426312212], [-50.81603459299998, -23.373602058312166], [-50.81622439399996, -23.375063186312158], [-50.81625169799997, -23.375273397312125], [-50.815535358999966, -23.37760195331207], [-50.81454625899994, -23.378816107312062], [-50.813720296999975, -23.381043246312032], [-50.813816311999965, -23.38210805931197], [-50.81261981199999, -23.38342195731193], [-50.80948968699994, -23.385646285311893], [-50.807837603999985, -23.387076865311883], [-50.80394181799995, -23.3904501143118], [-50.80398126199998, -23.39150972131178], [-50.80399459299996, -23.39186806631176], [-50.80459614199997, -23.393185427311764], [-50.80532843299994, -23.39440749831171], [-50.80640233199995, -23.396124732311677], [-50.80711093899998, -23.399315840311605], [-50.806851707999954, -23.399733252311595], [-50.806702576999946, -23.39997338131155], [-50.806141370999974, -23.399907357311573], [-50.80522818299994, -23.40031829131157], [-50.804086696999946, -23.40091186331157], [-50.80294521099995, -23.401231479311573], [-50.80175806699998, -23.40132279831155], [-50.80089053899996, -23.40191637131154], [-50.800205647999974, -23.403103515311486], [-50.79979471299998, -23.403697087311492], [-50.799109820999945, -23.404610275311487], [-50.798196633999964, -23.40492989131144], [-50.79723778599998, -23.40520384831148], [-50.79582234499998, -23.40529516631147], [-50.79472651899994, -23.40556912331145], [-50.79331107699994, -23.406527970311426], [-50.792032613999936, -23.408126050311388], [-50.791210744999944, -23.40885660031139], [-50.79011491899996, -23.409815448311356], [-50.78860815799993, -23.410317701311318], [-50.78701007899997, -23.410682976311342], [-50.78486408699997, -23.410409020311352], [-50.783859579999955, -23.41013506331137], [-50.78276375499996, -23.40963281031135], [-50.78148529199996, -23.40935885431135], [-50.77997852999994, -23.40899357931138], [-50.77819781399995, -23.409313195311377], [-50.77728462599998, -23.40976978831134], [-50.776919349999964, -23.41072863631137], [-50.776736712999934, -23.411413527311332], [-50.77605182199994, -23.4129659473113], [-50.77527561199998, -23.413513860311276], [-50.77417978699999, -23.413650837311284], [-50.77312961999997, -23.413513859311287], [-50.77226209099995, -23.413696497311292], [-50.77166851899994, -23.414061772311264], [-50.770618351999985, -23.415066279311244], [-50.76961384599997, -23.41597946831123], [-50.768426700999946, -23.416527380311226], [-50.76637202799998, -23.416938315311207], [-50.765139223999945, -23.416755677311198], [-50.76390641899996, -23.416710018311186], [-50.76212570299999, -23.417166612311185], [-50.76089289899995, -23.417851503311166], [-50.759842731999974, -23.41890166931117], [-50.758838225999966, -23.42004315431114], [-50.75778805999993, -23.42086502331112], [-50.756646574999934, -23.421823871311084], [-50.75564206699995, -23.422326125311088], [-50.75363305399997, -23.422737060311075], [-50.75271986499995, -23.422965357311053], [-50.75185233699994, -23.42346761031107], [-50.75103046799995, -23.424472117311055], [-50.75034557599997, -23.42529398631103], [-50.749706343999954, -23.426115856310986], [-50.74829090299994, -23.42743997931098], [-50.74746903399995, -23.428216188310948], [-50.746966780999976, -23.429083717310927], [-50.746875461999934, -23.429859926310883], [-50.747012439999935, -23.430636137310884], [-50.747651670999964, -23.431731962310856], [-50.748610518999946, -23.432097237310895], [-50.74988898199995, -23.432508172310865], [-50.74993575999997, -23.432538244310823], [-50.750528213999985, -23.43291910731084], [-50.75075651099996, -23.433786636310824], [-50.75121310499997, -23.434791142310768], [-50.75139574299993, -23.435384715310754], [-50.75194365499994, -23.43620658431079], [-50.75194523999994, -23.43620726331077], [-50.751952736999954, -23.43621047631078], [-50.75101288099995, -23.436110112310743], [-50.75097858699996, -23.43672187331074], [-50.74979460399993, -23.438616768310723], [-50.74797150499995, -23.440010969310674], [-50.74540442499995, -23.441848337310628], [-50.74523267999996, -23.44197125631066], [-50.74229834999994, -23.443948316310607], [-50.739363483999966, -23.44521168531054], [-50.738597701999936, -23.44554131431056], [-50.73431857199995, -23.447453076310538], [-50.73050390599997, -23.448192813310513], [-50.72974462399998, -23.448225048310512], [-50.726618920999954, -23.448357716310507], [-50.72380151599999, -23.448394316310498], [-50.72377412999998, -23.44841109131049], [-50.72206603599994, -23.44945733831044], [-50.71998115899999, -23.45179902831043], [-50.718441131999946, -23.453921278310336], [-50.71766329299993, -23.45499315831036], [-50.71702382899997, -23.457309223310308], [-50.716247360999944, -23.460121443310257], [-50.71623967299996, -23.460149287310234], [-50.71622950699998, -23.460180363310208], [-50.71545149099995, -23.462558446310155], [-50.714947945999945, -23.463621116310136], [-50.71445517699993, -23.464661014310092], [-50.71429058199993, -23.46500836031011], [-50.713132403999964, -23.46617894031008], [-50.71325888499996, -23.4666496753101], [-50.71370563199997, -23.46831219331004], [-50.71434014499994, -23.47015392931002], [-50.71462444599996, -23.470979122309974], [-50.71450703599999, -23.471831787309988], [-50.714505429999974, -23.472578049309963], [-50.71276908699997, -23.47385418030994], [-50.71178325599993, -23.474180126309896], [-50.71022601599998, -23.474062694309886], [-50.70849406299994, -23.47331319230994], [-50.70767598999998, -23.47275970930992], [-50.707206532999976, -23.472442085309925], [-50.70572245199997, -23.47234850230997], [-50.70514270299998, -23.47320028630991], [-50.705607013999945, -23.474170295309907], [-50.70583642299994, -23.47486308630989], [-50.705864375999965, -23.47494750330988], [-50.70586607899998, -23.474961909309865], [-50.70586827399996, -23.474980473309888], [-50.70599154499996, -23.476023227309877], [-50.70599082399997, -23.47634775730988], [-50.70598862199994, -23.47733768630982], [-50.70565999199994, -23.479488014309783], [-50.70518964699994, -23.480272998309786], [-50.704229748999985, -23.481815484309752], [-50.703321022999944, -23.482650241309738], [-50.70196502999994, -23.484101512309664], [-50.70180836099996, -23.48426918630967], [-50.70228205599995, -23.48599870030965], [-50.70235092699994, -23.486250155309673], [-50.702419805999966, -23.486501636309622], [-50.70245441399993, -23.48662799230963], [-50.702412795999976, -23.4875750203096], [-50.70233798899994, -23.489277260309535], [-50.70221404799997, -23.48953753930956], [-50.700594235999965, -23.49142185830953], [-50.69875546499998, -23.492382340309486], [-50.69764221099996, -23.492863411309504], [-50.696462578999956, -23.493369339309485], [-50.69607984899995, -23.49377987430948], [-50.69553729499995, -23.494308571309467], [-50.69534150599998, -23.49493554230942], [-50.695388743999956, -23.495518186309432], [-50.695581970999974, -23.49601148330941], [-50.69655340099995, -23.49614781330945], [-50.69752509399995, -23.496107031309396], [-50.697540394999976, -23.49610638830944], [-50.697555694999956, -23.496105746309404], [-50.697573819999945, -23.496104985309437], [-50.698969254999945, -23.49662346930942], [-50.70068866499997, -23.497685451309348], [-50.70161643399996, -23.49834258730937], [-50.702681254999966, -23.49882354130937], [-50.703745567999924, -23.499531345309347], [-50.70459204199994, -23.499885846309343], [-50.705656550999954, -23.500518024309322], [-50.706065230999975, -23.501098538309282], [-50.70614703999997, -23.50171401530927], [-50.70622625499993, -23.502434773309254], [-50.70597887099996, -23.50306447030926], [-50.70565016799998, -23.50339152330924], [-50.704037031999974, -23.503640526309248], [-50.70299825999996, -23.50371418130925], [-50.70220535099997, -23.503838692309266], [-50.70141018199996, -23.503907644309255], [-50.69921926299997, -23.504124317309262], [-50.69958639599998, -23.506350829309206], [-50.70004204099996, -23.50933676930911], [-50.70092650799996, -23.512643752309046], [-50.69879986799998, -23.514244055308993], [-50.696973692999954, -23.51657924930895], [-50.69495097299995, -23.519513712308928], [-50.693788319999946, -23.52113983030887], [-50.69361258499998, -23.52138561230884], [-50.69358085799996, -23.52142998630887], [-50.69078122499997, -23.522803708308825], [-50.68902291499995, -23.523819651308763], [-50.68798040599995, -23.524776762308797], [-50.686852655999985, -23.525667701308773], [-50.68589070199994, -23.52647909030871], [-50.68552509999995, -23.526948877308698], [-50.685414477999984, -23.527486382308705], [-50.68530473299996, -23.527654196308696], [-50.68524644599995, -23.528296433308704], [-50.685338866999984, -23.528628917308712], [-50.685775931999956, -23.5287642253087], [-50.68610396999998, -23.528764887308682], [-50.68701481299996, -23.528934766308673], [-50.68791637799996, -23.529367809308653], [-50.68897943999997, -23.53035225730863], [-50.690348655999976, -23.533196092308586], [-50.691206567999984, -23.534409919308576], [-50.691746645999956, -23.535174030308532], [-50.69233992299997, -23.538033082308477], [-50.69240611499998, -23.538352033308463], [-50.69195460599997, -23.54132287430838], [-50.69117036799997, -23.54398564130832], [-50.69035148099994, -23.544397541308335], [-50.68772064099994, -23.545720807308296], [-50.68404705599993, -23.548070280308277], [-50.682260946999975, -23.549333029308226], [-50.68225999499998, -23.55165321730817], [-50.68250801799996, -23.554590739308136], [-50.68250325599996, -23.55461620830811], [-50.682731708999945, -23.557124074308025], [-50.68282659099998, -23.557582795308047], [-50.68337386099995, -23.56022867430799], [-50.68402536699995, -23.562043722307916], [-50.68455177199996, -23.563510221307887], [-50.68513092099993, -23.564432596307878], [-50.685882179999965, -23.5650158573079], [-50.688178215999976, -23.565509726307848], [-50.68977470699997, -23.565959165307877], [-50.69069419299996, -23.566094870307857], [-50.691225559999964, -23.56658679630784], [-50.69165906899997, -23.56752477130782], [-50.691207308999935, -23.569671986307732], [-50.69065423099994, -23.57097459230775], [-50.69016394899995, -23.57212927130769], [-50.68882472799999, -23.574312697307676], [-50.68810980999996, -23.57572385530764], [-50.68703752099997, -23.577861517307596], [-50.68642228199997, -23.57964364030755], [-50.68614192899997, -23.580455694307524], [-50.686100516999936, -23.580659648307545], [-50.685374973999956, -23.583911658307454], [-50.68488899199997, -23.584669287307413], [-50.68411281999994, -23.585292452307424], [-50.682423452999956, -23.585640113307402], [-50.67966956699997, -23.585673818307413], [-50.67845966999994, -23.585448198307397], [-50.676331158999965, -23.584685163307427], [-50.67570206399995, -23.584549979307443], [-50.67502400299997, -23.58463781130747], [-50.67312172099997, -23.585403590307386], [-50.671707912999985, -23.586422469307387], [-50.66987116299998, -23.588029552307358], [-50.66788387299994, -23.588873179307342], [-50.66594576699998, -23.58940451530731], [-50.66479459899995, -23.589881745307313], [-50.66405447599993, -23.590560667307315], [-50.66358082299996, -23.591173226307284], [-50.663385094999974, -23.591976039307283], [-50.66372474999998, -23.593388715307224], [-50.66419284599993, -23.59446008630722], [-50.66475311399996, -23.595498836307215], [-50.66489088099996, -23.596666366307158], [-50.664316370999984, -23.598611643307127], [-50.66375277599997, -23.599696830307103], [-50.66312100199996, -23.600587946307076], [-50.66282818099995, -23.601479794307032], [-50.66283714999998, -23.60270697930701], [-50.66297854399994, -23.60422451030697], [-50.66250852699994, -23.605366366306946], [-50.661441958999944, -23.606212869306972], [-50.66037865199997, -23.60644233830694], [-50.659562370999936, -23.606468933306957], [-50.658622556999944, -23.606622974306916], [-50.657697624999976, -23.606975722306927], [-50.65683380899997, -23.607513088306916], [-50.65612373099998, -23.608150127306928], [-50.65494899599998, -23.609793719306875], [-50.65331220799993, -23.611436270306818], [-50.65229142499992, -23.61262313330678], [-50.65125260899998, -23.614593677306758], [-50.65054807299998, -23.615782619306728], [-50.649733681999976, -23.616631160306685], [-50.64880898799998, -23.61730937130672], [-50.64737440299996, -23.61810816530669], [-50.64509462799998, -23.619740921306644], [-50.64324143699997, -23.621374622306615], [-50.64174355999996, -23.62307464130657], [-50.64102926899995, -23.62425231430657], [-50.640385358999936, -23.625692219306526], [-50.64009519399997, -23.627788121306484], [-50.64015803999996, -23.628361965306453], [-50.64016083599995, -23.62838748830648], [-50.640168691999975, -23.628459224306475], [-50.63921593499998, -23.63111651630639], [-50.63689837599997, -23.63249842630638], [-50.63547751999994, -23.63349419830637], [-50.63422562399995, -23.633721817306355], [-50.63322546099994, -23.633412040306318], [-50.632234832999984, -23.635379567306305], [-50.631637412999964, -23.637759340306225], [-50.631321044999936, -23.639019526306225], [-50.62921675499996, -23.6442175373061], [-50.62728528599995, -23.648167214306003], [-50.62522312999994, -23.650736633305947], [-50.62445118499994, -23.651698431305906], [-50.622015302999955, -23.654189960305853], [-50.62185449699996, -23.65438790230584], [-50.62175795599995, -23.654506737305862], [-50.620828091999954, -23.65565137930583], [-50.62049957399996, -23.656055770305834], [-50.62020138999998, -23.656422819305806], [-50.61908466199998, -23.657282236305804], [-50.618786133999954, -23.657511986305817], [-50.61833169799997, -23.658395371305797], [-50.61814942199993, -23.658504514305772], [-50.61686050999998, -23.659276254305755], [-50.616632296999974, -23.660056147305756], [-50.616842894999934, -23.661125246305737], [-50.61702193499997, -23.66203425430574], [-50.61741023099995, -23.664480630305643], [-50.617847887999964, -23.665021133305657], [-50.618254512999954, -23.66552331530563], [-50.61967171999998, -23.66713054630558], [-50.61909307999997, -23.668543124305522], [-50.619145645999936, -23.66989603030553], [-50.61963825799995, -23.671269372305517], [-50.61981811699996, -23.67177076730547], [-50.62049299099994, -23.672813024305494], [-50.62068155899994, -23.673238033305445], [-50.621278761999974, -23.674583969305417], [-50.62127480399994, -23.675957474305395], [-50.621274676999974, -23.676001372305404], [-50.62127306399998, -23.676561096305353], [-50.621232170999974, -23.677260755305355], [-50.61991422799997, -23.677598370305333], [-50.61934659699995, -23.67853351430535], [-50.61841281399995, -23.680005559305272], [-50.618325036999984, -23.6801439383053], [-50.61691010399995, -23.681024955305254], [-50.61628471899996, -23.682376181305223], [-50.61656309799997, -23.683781681305227], [-50.617295559999945, -23.684459875305187], [-50.61751076399997, -23.68459787230522], [-50.618028643999935, -23.684929966305194], [-50.61863831899996, -23.6853703923052], [-50.619035481999965, -23.68565730030516], [-50.62049056299998, -23.686708416305173], [-50.61872279599999, -23.686839706305133], [-50.61863185399995, -23.686846318305175], [-50.61782835899999, -23.68690473130515], [-50.617272388999936, -23.686945146305156], [-50.61664608199993, -23.686990670305125], [-50.61582037599993, -23.686794931305133], [-50.61469909799996, -23.686529118305145], [-50.61431719499995, -23.68643857430516], [-50.61333107599995, -23.686029878305146], [-50.61186155299998, -23.68576905530518], [-50.61037807099996, -23.685921421305196], [-50.60992160699994, -23.685832647305194], [-50.609361710999956, -23.68572374930518], [-50.60745543899998, -23.685562838305174], [-50.60610022499998, -23.685325265305167], [-50.604965953999965, -23.68478244930518], [-50.60477972799998, -23.684483729305203], [-50.60450831199995, -23.684032152305235], [-50.60444725199994, -23.68386185930524], [-50.604443525999955, -23.68381556630522], [-50.604417574999964, -23.68349314930522], [-50.604171809999976, -23.683308212305253], [-50.60401188299994, -23.683097301305253], [-50.60375303899997, -23.682983055305233], [-50.60355686099996, -23.68302307330523], [-50.603402962999944, -23.683008507305225], [-50.60326381099998, -23.683206640305244], [-50.603278770999964, -23.683348452305225], [-50.60334018199996, -23.683405325305223], [-50.603509221999964, -23.683505007305214], [-50.60367810099996, -23.6836613953052], [-50.603785002999984, -23.683945235305206], [-50.603930298999956, -23.68422710530523], [-50.60392613799996, -23.685607000305158], [-50.603872950999964, -23.685990239305173], [-50.60381064099994, -23.686439185305172], [-50.604202665999935, -23.687584841305156], [-50.604575799999964, -23.688045676305105], [-50.60470925399994, -23.688210489305128], [-50.605949856999985, -23.688994105305085], [-50.60735980499993, -23.689830167305082], [-50.60733136899995, -23.690752314305044], [-50.60732985999993, -23.690801249305043], [-50.60729724099997, -23.691859170305058], [-50.60712431899997, -23.693003394305006], [-50.60638748599996, -23.693781967304975], [-50.60615805599997, -23.69492604530498], [-50.60598049599997, -23.69534499930498], [-50.60573600399993, -23.695921875304933], [-50.60547520199998, -23.69653723130495], [-50.605306250999945, -23.69775912330491], [-50.60575271199997, -23.698202889304888], [-50.606712614999935, -23.698413457304884], [-50.607616021999945, -23.698623859304867], [-50.609083821999945, -23.69904381730488], [-50.60976030299997, -23.69956582230484], [-50.61066278399994, -23.700526425304844], [-50.61158741299994, -23.70040412630485], [-50.61184520299997, -23.700295344304877], [-50.61221540899999, -23.70026001530486], [-50.612776321999945, -23.700206484304857], [-50.61321650299993, -23.700432711304835], [-50.61308007099995, -23.701101009304818], [-50.61305442099996, -23.701452268304823], [-50.613006687999984, -23.70210592630478], [-50.612977065999985, -23.702444571304785], [-50.61275547499998, -23.703326202304787], [-50.61269939099998, -23.703779764304798], [-50.61275309499996, -23.704132780304754], [-50.612860800999954, -23.704737983304753], [-50.61307897599994, -23.705015781304763], [-50.613349722999935, -23.705182863304735], [-50.613926872999976, -23.705244749304747], [-50.61404493299995, -23.705236896304754], [-50.61502202299994, -23.705171866304728], [-50.61640008499995, -23.704931067304745], [-50.61806913099997, -23.70460296730476], [-50.61852955599994, -23.70451245330473], [-50.61889138299995, -23.704701907304738], [-50.619350887999985, -23.70504499930472], [-50.61973654599996, -23.70523743630472], [-50.620032769999966, -23.705539090304715], [-50.620106214999964, -23.705826504304724], [-50.62010435399998, -23.706469388304704], [-50.61998416599993, -23.706934149304683], [-50.619670750999944, -23.707431864304667], [-50.61892670599997, -23.707927914304694], [-50.61804539099995, -23.70894548330467], [-50.61769726899996, -23.709236987304617], [-50.61670549399997, -23.710067401304606], [-50.61570938399995, -23.711154999304615], [-50.61532418899998, -23.7122792733046], [-50.61517959999998, -23.71241996530459], [-50.61471139699995, -23.712875536304566], [-50.61410119499993, -23.712592699304576], [-50.61375913299997, -23.712029230304612], [-50.61315058599997, -23.711183787304627], [-50.61292883199996, -23.71101953230461], [-50.612486420999964, -23.71069183230461], [-50.612388458999924, -23.71061926430459], [-50.61185339299993, -23.71075857730463], [-50.61146962499998, -23.711390556304604], [-50.61146790299995, -23.71197184230459], [-50.611466604999976, -23.71241028930461], [-50.610967321999965, -23.713358448304547], [-50.61068753499996, -23.71358122730455], [-50.61008685899998, -23.714059509304555], [-50.60998914999993, -23.714307259304515], [-50.609909207999976, -23.714509981304555], [-50.609740530999936, -23.71493772230451], [-50.60905142499996, -23.715498589304538], [-50.60798176999998, -23.715601373304516], [-50.60785504399996, -23.715554848304496], [-50.607469269999974, -23.715413218304526], [-50.606415527999964, -23.71573805030451], [-50.605956499999934, -23.715983025304492], [-50.60534321499995, -23.716719894304507], [-50.605183213999965, -23.717302316304476], [-50.60507292199998, -23.717703789304483], [-50.60503197799994, -23.71861793430443], [-50.604968661999976, -23.718726929304424], [-50.60489298999993, -23.71885719730445], [-50.60437932599996, -23.719741495304444], [-50.60414911299995, -23.720092540304382], [-50.60414794599996, -23.720479335304425], [-50.604452315999936, -23.720866902304376], [-50.605024033999946, -23.721255169304378], [-50.60551968899995, -23.721537741304374], [-50.60616716499993, -23.72213716830436], [-50.60727201299994, -23.723054226304363], [-50.607926016999954, -23.723388596304314], [-50.60837792599995, -23.7236196443043], [-50.60917956099996, -23.723762325304293], [-50.60963735499997, -23.723939298304305], [-50.61000702899997, -23.724360530304303], [-50.61008811099998, -23.72445292030433], [-50.61013220299997, -23.72450316130432], [-50.610735115999944, -23.7255219773043], [-50.610769104999974, -23.7255794093043], [-50.61077608499994, -23.7255912073043], [-50.61077824399997, -23.725594853304283], [-50.611196193999945, -23.726334336304287], [-50.61126902199993, -23.726585179304287], [-50.61157426799997, -23.72763633130426], [-50.61175877799997, -23.72818514730424], [-50.61214218699996, -23.72932559930423], [-50.61241922399996, -23.73035772330416], [-50.61244441799994, -23.730451585304177], [-50.61244233899998, -23.73115484830416], [-50.61251737899993, -23.731956757304165], [-50.61259044199995, -23.732737580304157], [-50.612588674999984, -23.733335343304116], [-50.612472319999945, -23.733932829304095], [-50.612055055999974, -23.734386471304116], [-50.611859203999984, -23.734599395304098], [-50.61145140399998, -23.73564510630409], [-50.61105093399993, -23.73667201130401], [-50.60943090299997, -23.737676599303985], [-50.60828508399993, -23.737638537304008], [-50.60759701799998, -23.737812609303994], [-50.607404652999946, -23.73826924430402], [-50.607365094999984, -23.738726276304003], [-50.607859547999965, -23.739430789304002], [-50.607878426999946, -23.739493526304], [-50.60800910599994, -23.73992779930399], [-50.60747557899999, -23.740097926303978], [-50.60686429799995, -23.74013152730396], [-50.606338204999986, -23.740060979303955], [-50.606329743999936, -23.740059845303964], [-50.60579519099997, -23.73998816130398], [-50.60552716099994, -23.740198448303943], [-50.60540381199996, -23.740376649303965], [-50.605330624999965, -23.740482381303988], [-50.605167662999975, -23.740717808303923], [-50.604798218999974, -23.74125149530395], [-50.60387933599997, -23.741952409303924], [-50.60331777799996, -23.742367549303935], [-50.602573131999975, -23.742918031303923], [-50.60203605699996, -23.743315060303903], [-50.60199780499994, -23.743323216303896], [-50.60199472299996, -23.74332084230388], [-50.60198876099997, -23.74331624730387], [-50.601975539999955, -23.743306061303873], [-50.60119292999997, -23.74290043230387], [-50.60046479699997, -23.742852670303918], [-50.60045643199993, -23.74285536630389], [-50.59981568399996, -23.74306204030391], [-50.59916919199998, -23.74349038630389], [-50.59916033099995, -23.743496257303864], [-50.59915187099995, -23.743501863303873], [-50.59914840299996, -23.74350416030391], [-50.59912592799998, -23.74351905230388], [-50.598586842999964, -23.743636941303905], [-50.59855602999994, -23.74363227630389], [-50.59647211799995, -23.74331690330392], [-50.59645128199998, -23.74330434730392], [-50.59598466899996, -23.743023161303874], [-50.59564220699997, -23.742805938303885], [-50.59544448899993, -23.742680503303916], [-50.59486888499998, -23.742370267303897], [-50.59457515399998, -23.742196166303938], [-50.594222799999955, -23.74200574130392], [-50.59388182599997, -23.74191271330394], [-50.59355238699994, -23.741895591303898], [-50.59353970199993, -23.741897474303936], [-50.59315795199995, -23.741954165303945], [-50.592857564999974, -23.742061673303915], [-50.59216813599994, -23.742417361303925], [-50.591838207999956, -23.74255730430389], [-50.59164972599996, -23.742616330303925], [-50.59144371899998, -23.742632045303942], [-50.591427315999965, -23.742629228303876], [-50.59115559199995, -23.742582597303905], [-50.59089707399993, -23.742478945303905], [-50.59065646999995, -23.742294228303937], [-50.59041576499993, -23.742109417303894], [-50.59029700099995, -23.741995656303935], [-50.59024563999998, -23.741946473303944], [-50.59001740499996, -23.741572199303935], [-50.589887715999964, -23.74109268330396], [-50.58983708399995, -23.740905488303934], [-50.58981019999993, -23.740821434303918], [-50.589772951999976, -23.740704980303967], [-50.58964443199994, -23.740417588303963], [-50.58955651499998, -23.740325224303938], [-50.589356459999976, -23.740152077303943], [-50.588834737999946, -23.739700521303988], [-50.588465269999965, -23.739342033303963], [-50.588406857999985, -23.73922689330398], [-50.588392247999934, -23.739198108303988], [-50.58827813499994, -23.73897328230398], [-50.58812591999998, -23.738734510304003], [-50.588067181999975, -23.73869109030401], [-50.58792025999998, -23.738641922303962], [-50.58787454199995, -23.738645874304012], [-50.587823267999966, -23.738650307303974], [-50.58773780699994, -23.738657695303996], [-50.58730817399999, -23.738710655304004], [-50.58728090699998, -23.73870752830399], [-50.58706708399995, -23.73868300230399], [-50.58697311399993, -23.73861229730401], [-50.586732843999975, -23.738324607304016], [-50.58607067199995, -23.737477942303993], [-50.58561357599996, -23.73690803630405], [-50.58541464499996, -23.736549998304056], [-50.585016957999976, -23.735812426304033], [-50.58494371399996, -23.735703841304066], [-50.58487056899998, -23.73559534630407], [-50.58474144599995, -23.735502959304075], [-50.58458273499997, -23.73545917730404], [-50.58430029399994, -23.735447579304076], [-50.58429584599998, -23.73544937130406], [-50.58374718999993, -23.735670817304065], [-50.58345019099994, -23.73573270530407], [-50.58218206699996, -23.735968281304036], [-50.581792366999935, -23.736024132304042], [-50.58069177799997, -23.736089434304034], [-50.58032683799996, -23.73613396730403], [-50.579497634999946, -23.736353733304068], [-50.57894701899993, -23.736500186304024], [-50.57889549999992, -23.736500046304023], [-50.578804753999975, -23.736499799304017], [-50.578631893999955, -23.736431042304062], [-50.57824319799993, -23.736173822304032], [-50.57813215699997, -23.73610523330407], [-50.57808920599996, -23.73611038630404], [-50.578039399999966, -23.73611636130406], [-50.577903171999935, -23.73618996530408], [-50.577835139999934, -23.736201163304052], [-50.57782316399994, -23.736194513304074], [-50.57777333899997, -23.736166848304066], [-50.57765020799996, -23.736012873304077], [-50.57752707999998, -23.73585889130406], [-50.577416108999955, -23.735767543304046], [-50.57726788599996, -23.73572730430406], [-50.57708858799998, -23.73570974230408], [-50.57707974599998, -23.735713781304057], [-50.57698953899995, -23.735754995304063], [-50.576840837999946, -23.735862707304054], [-50.576586444999975, -23.736129460304056], [-50.57635697999995, -23.736362231304067], [-50.57622062599995, -23.73647566730405], [-50.57609044299994, -23.736560664304047], [-50.57585529699998, -23.736639685304006], [-50.57563881999993, -23.736678924304066], [-50.57539761199995, -23.736689643304047], [-50.57537836599994, -23.736688067304055], [-50.57460650799994, -23.736624874304045], [-50.573871218999955, -23.736503353304062], [-50.57368586599995, -23.736445936304015], [-50.57309340299997, -23.73612554630407], [-50.572994575999985, -23.736102511304043], [-50.57296801699994, -23.736108188304026], [-50.57288941799993, -23.73612498230407], [-50.57209047899994, -23.73653826730404], [-50.57176865999998, -23.736656874304018], [-50.57162624699998, -23.736730548304042], [-50.57150825699995, -23.736866788304056], [-50.571334061999956, -23.73720773130402], [-50.57120944999997, -23.73750906730403], [-50.57117129999995, -23.737833404304002], [-50.57112761899998, -23.73795847330404], [-50.57100976199997, -23.738083336304037], [-50.570916644999954, -23.738174126304024], [-50.57081722299995, -23.738333270303976], [-50.57071088899994, -23.738714236304], [-50.57063635699995, -23.738822144304006], [-50.570475227999964, -23.73894697930402], [-50.57042544199993, -23.739049267303997], [-50.570356395999966, -23.73933928630398], [-50.570118625999946, -23.74021513030397], [-50.56992555999995, -23.74065284530392], [-50.56953387699998, -23.741306245303942], [-50.56895484899996, -23.742534032303922], [-50.568625064999935, -23.74315914930389], [-50.56837657999995, -23.743528333303896], [-50.56816559599997, -23.74377252030392], [-50.567992000999936, -23.74389722430388], [-50.56783095999998, -23.74399351230388], [-50.56775031699994, -23.74407873330389], [-50.56766942799993, -23.74423784130387], [-50.567538841999976, -23.744470781303864], [-50.567371141999956, -23.744680946303856], [-50.566980547999954, -23.745026969303865], [-50.566434615999974, -23.74558318930382], [-50.566292128999976, -23.745645474303835], [-50.56605678699999, -23.745775694303838], [-50.565430635999974, -23.746286162303846], [-50.56531301199993, -23.746337046303807], [-50.56520776299993, -23.74635382130382], [-50.565182807999975, -23.74634943930382], [-50.56510891399995, -23.746336472303803], [-50.56475719499996, -23.746141915303816], [-50.564460526999945, -23.74609555930383], [-50.56415147299998, -23.746083304303834], [-50.56413897099998, -23.746084705303858], [-50.56375559099997, -23.74612771130385], [-50.563470863999946, -23.746206664303802], [-50.56243111099997, -23.74653945830383], [-50.56231953199995, -23.746601737303845], [-50.56166889599995, -23.747032454303806], [-50.561439732999986, -23.747162684303827], [-50.56111155899999, -23.7472927203038], [-50.56080223999993, -23.747360130303786], [-50.560641145999966, -23.747439338303824], [-50.56031866099994, -23.747745790303785], [-50.560070905999964, -23.747858895303796], [-50.55974298099994, -23.747943317303786], [-50.55935943399994, -23.74799343930379], [-50.558852369999954, -23.748009064303794], [-50.55883521899995, -23.7480078543038], [-50.55880084699999, -23.74800891630376], [-50.55825736099996, -23.747970691303802], [-50.55787847599999, -23.747543731303782], [-50.557605397999964, -23.74716422230382], [-50.55691088999999, -23.74640477530383], [-50.556840997999984, -23.746354447303855], [-50.556500454999934, -23.746109053303805], [-50.55582718799997, -23.7458020033038], [-50.55498211099996, -23.74561016530384], [-50.55459372499996, -23.745556477303854], [-50.55441082199996, -23.745555950303856], [-50.553884506999964, -23.74572279830384], [-50.55357328599996, -23.745772388303845], [-50.55349572599994, -23.745784720303828], [-50.553164411999944, -23.745741672303833], [-50.55279895999996, -23.74566699930385], [-50.55195435499997, -23.745338486303865], [-50.54970441599994, -23.744900559303854], [-50.54945303099998, -23.744899826303886], [-50.54829795699993, -23.745117390303843], [-50.54804657899996, -23.745085131303817], [-50.54736166599998, -23.744862195303828], [-50.54685940799993, -23.744681882303837], [-50.546095185999945, -23.744269297303866], [-50.54585550799993, -23.744173934303852], [-50.54503317299998, -23.744024197303897], [-50.544599106999954, -23.743959785303876], [-50.544560804999946, -23.743941066303908], [-50.54448494599996, -23.743278141303886], [-50.544147615999975, -23.74322934330387], [-50.54360003499994, -23.743387950303866], [-50.54357588099999, -23.74339494930392], [-50.543553378999945, -23.743404613303863], [-50.54333681199995, -23.743497646303894], [-50.54313387599996, -23.74358482730387], [-50.543009464999955, -23.743608023303896], [-50.542250603999946, -23.7437494993039], [-50.54219663299995, -23.743761759303858], [-50.541211319999945, -23.743985406303885], [-50.54074326299997, -23.744199095303852], [-50.53996391899995, -23.744340167303864], [-50.53991879299998, -23.74434003830386], [-50.53973563899996, -23.744339496303855], [-50.539574493999964, -23.744339017303865], [-50.53911979099997, -23.744250391303876], [-50.538329190999946, -23.7440963143039], [-50.538161370999944, -23.744071662303853], [-50.537498848999974, -23.7439743433039], [-50.537466638999945, -23.74396480130386], [-50.53732102099997, -23.74392167130387], [-50.536928294999946, -23.74380534630391], [-50.53661760099993, -23.74356542730388], [-50.53644738299993, -23.743321539303885], [-50.536049325999954, -23.74275118730389], [-50.53578792899998, -23.742243816303933], [-50.53576570399998, -23.742200678303906], [-50.53555979799996, -23.74169819330395], [-50.535546444999966, -23.741675735303904], [-50.53551349899993, -23.74162034130395], [-50.53527187599997, -23.741214078303955], [-50.535151208999935, -23.741011189303922], [-50.53514687799998, -23.741003906303916], [-50.53478670599998, -23.740670173303947], [-50.534758745999966, -23.740644261303924], [-50.53442151099995, -23.740571555303962], [-50.53439746499998, -23.740575697303925], [-50.53421513699993, -23.740607097303943], [-50.53387599299999, -23.74066550130395], [-50.533538503999985, -23.74066448330398], [-50.53344796199997, -23.74062247030394], [-50.53333116599998, -23.74056826830393], [-50.533332187999974, -23.740281488303992], [-50.53346411599995, -23.73968443030396], [-50.53358518699997, -23.73938103530397], [-50.53362544099997, -23.73928016230396], [-50.53367366399993, -23.739159300304003], [-50.533831816999964, -23.73849063030397], [-50.53382818699998, -23.73797859830402], [-50.533827798999944, -23.737923822304012], [-50.53371395399996, -23.737598335304025], [-50.53352683899994, -23.737091144304042], [-50.53341719899998, -23.73668715730402], [-50.53341716099993, -23.736687018304014], [-50.53337279999993, -23.736523562304026], [-50.53333437799995, -23.736479359304067], [-50.53317113299994, -23.736291553304024], [-50.53313556499996, -23.73625062830408], [-50.53298825299999, -23.736098954304023], [-50.53280019499993, -23.73585641730407], [-50.53266151099996, -23.73559133930404], [-50.53265479899994, -23.735167876304097], [-50.53267247399999, -23.73482009630408], [-50.53273161399995, -23.734359022304098], [-50.53275687999997, -23.734185175304123], [-50.53285668499995, -23.733837648304107], [-50.53293143999997, -23.73360346630411], [-50.53296011799995, -23.73344819230411], [-50.532964073999956, -23.733426773304117], [-50.53296493499994, -23.733422088304085], [-50.53297312099994, -23.73330001330411], [-50.53294964599996, -23.7333042063041], [-50.53284208399998, -23.733323417304103], [-50.532732426999985, -23.733266896304116], [-50.53269450699997, -23.733247352304126], [-50.53265381399996, -23.733141374304108], [-50.532667205999985, -23.732982114304132], [-50.53267096599996, -23.73293726230411], [-50.53267986199995, -23.732748250304137], [-50.53260456299996, -23.732516224304163], [-50.53257424599997, -23.732422782304127], [-50.53237889099995, -23.731628370304144], [-50.53232200999997, -23.73119803030417], [-50.53215838799997, -23.730741120304153], [-50.53210996299998, -23.730605902304184], [-50.53207341899997, -23.730434745304184], [-50.53199506699997, -23.730067838304187], [-50.53188069299995, -23.72938639530419], [-50.53173134599996, -23.7287933273042], [-50.53172710999997, -23.728776527304227], [-50.53147587899996, -23.728255974304243], [-50.53132266799997, -23.728032708304216], [-50.53120472599994, -23.727860834304227], [-50.53081676199998, -23.727465339304267], [-50.53058548699994, -23.72722142330423], [-50.53025430399998, -23.726872145304252], [-50.529925134999985, -23.726369277304244], [-50.52965456899994, -23.725812817304277], [-50.52952165499994, -23.72544162430431], [-50.52946181999994, -23.725274523304268], [-50.529229998999945, -23.724771959304288], [-50.52919510599998, -23.724312032304287], [-50.52917423499997, -23.724036913304317], [-50.52925377499997, -23.72357113830432], [-50.529254901999934, -23.72349502930436], [-50.529256921999945, -23.723358515304344], [-50.52914887299993, -23.723295201304353], [-50.528730010999936, -23.72304975530435], [-50.528400479999966, -23.72265443230435], [-50.528298141999976, -23.722486442304376], [-50.52814976899999, -23.72224287430435], [-50.52814888199999, -23.722241417304364], [-50.52782005499995, -23.72164893530437], [-50.52756833999996, -23.721271759304404], [-50.527277356999946, -23.720984091304416], [-50.527246702999946, -23.720942286304396], [-50.52694801999996, -23.7205349963044], [-50.52665763199997, -23.7200860193044], [-50.526498256999965, -23.719864328304425], [-50.52638644099994, -23.719708791304402], [-50.52630993599996, -23.719332149304435], [-50.52638923399997, -23.718938077304433], [-50.526546190999966, -23.718598004304415], [-50.52660572199994, -23.718292467304458], [-50.526617718999944, -23.718230893304433], [-50.52652588299998, -23.718243676304464], [-50.526483308999964, -23.718249602304457], [-50.52617742199993, -23.71829217630445], [-50.52563233799998, -23.71829049730442], [-50.52518479099996, -23.718235354304422], [-50.52465995999995, -23.71801866330444], [-50.524251995999975, -23.717784395304463], [-50.523941623999974, -23.71747873730447], [-50.52345657699994, -23.717029155304484], [-50.52334120799998, -23.716897034304456], [-50.523127011999975, -23.71665174130449], [-50.52275817599996, -23.716363824304498], [-50.52223381399995, -23.716021648304515], [-50.521853213999975, -23.71572175330452], [-50.52184559499994, -23.7157157503045], [-50.521107618999956, -23.715229529304494], [-50.520746471999985, -23.715105741304495], [-50.52073821299996, -23.715102916304527], [-50.52011612299997, -23.71486798330453], [-50.519688648999924, -23.714651573304543], [-50.51963818399997, -23.714614141304523], [-50.519106231999956, -23.714219595304545], [-50.518737876999985, -23.713806202304525], [-50.51831218099994, -23.713105850304572], [-50.51806142199997, -23.71247773730458], [-50.51788767899996, -23.712082877304564], [-50.51767506799996, -23.71166996630462], [-50.51744285399996, -23.711292848304605], [-50.517346851999946, -23.71093407130459], [-50.51734896199998, -23.710360519304604], [-50.51750738199996, -23.709626136304614], [-50.517646955999965, -23.70909437330465], [-50.517704808999945, -23.70887395430465], [-50.51787205299997, -23.708432240304674], [-50.517901378999966, -23.70835478330465], [-50.518025494999954, -23.70814223530467], [-50.51808426799994, -23.708041587304685], [-50.51821480299998, -23.707818046304656], [-50.51832393599994, -23.707593361304692], [-50.518340920999954, -23.707558392304673], [-50.51841386099994, -23.707408224304675], [-50.51838973699995, -23.707404924304665], [-50.51773001299994, -23.707314677304673], [-50.51687332999995, -23.707365775304694], [-50.51609410699996, -23.707524651304684], [-50.514983451999974, -23.707825882304668], [-50.51459543599998, -23.70791619230468], [-50.514223628999964, -23.708002729304702], [-50.51334741199997, -23.708071675304684], [-50.51272451499994, -23.708069715304678], [-50.51216021199997, -23.708014159304675], [-50.511829992999935, -23.707874700304707], [-50.511732639999934, -23.707833580304666], [-50.51134419199996, -23.707599345304672], [-50.511130874999935, -23.707383587304708], [-50.51074236299997, -23.707167275304695], [-50.51029505599996, -23.707058316304707], [-50.51025018699995, -23.707068936304715], [-50.50984694699997, -23.70716444230469], [-50.509554703999974, -23.707235206304677], [-50.50971671899998, -23.707077174304676], [-50.509847754999946, -23.706949356304666], [-50.510052893999955, -23.706749856304725], [-50.51007710199997, -23.70666632930471], [-50.510132587999976, -23.706474852304734], [-50.51018435699996, -23.70629620430471], [-50.51021147199999, -23.70598561630472], [-50.51011531999995, -23.705754542304728], [-50.51088352299996, -23.705577518304754], [-50.51112212299995, -23.705522535304702], [-50.51117353899997, -23.705510689304763], [-50.51171971499997, -23.70520173930474], [-50.51195693999995, -23.70507054230476], [-50.512707991999946, -23.70465518730474], [-50.513332478999985, -23.704226983304746], [-50.514112488999956, -23.703847064304746], [-50.514144031999926, -23.703841356304753], [-50.514433162999985, -23.703789054304767], [-50.514631915999985, -23.703753100304777], [-50.51509889699998, -23.703802358304767], [-50.51580603499997, -23.703876949304753], [-50.51626634699994, -23.70392550130476], [-50.51683767799995, -23.703831696304757], [-50.517861763999974, -23.703384614304774], [-50.51803345999998, -23.7033096563048], [-50.51809459799995, -23.70327133930479], [-50.518943925999956, -23.702738939304805], [-50.519222989999946, -23.702511055304775], [-50.51967280399998, -23.70214373530483], [-50.52027172399993, -23.70159593330482], [-50.52035085699999, -23.701523556304842], [-50.520766486999946, -23.70114339730482], [-50.52094534399998, -23.700692070304825], [-50.52095347799997, -23.700679330304837], [-50.520991692999985, -23.70057511330483], [-50.52110701299995, -23.70028411230485], [-50.52110166299997, -23.700184115304847], [-50.521082742999965, -23.699830425304857], [-50.52105842299995, -23.69937582430486], [-50.520749611999975, -23.698657919304896], [-50.52041502599997, -23.6978921353049], [-50.52020346399996, -23.697413014304896], [-50.52007293599996, -23.697117413304902], [-50.51994069799997, -23.696817937304964], [-50.51999460999997, -23.696811228304902], [-50.51998390199998, -23.69676937030493], [-50.51991089399996, -23.69648397430496], [-50.51988043699998, -23.695905287304935], [-50.51988555499997, -23.69586178030496], [-50.51987044299994, -23.695768945304923], [-50.519888529999946, -23.695594103304956], [-50.52000931499999, -23.695285952304946], [-50.52040015999995, -23.69485699430496], [-50.52105138999997, -23.69418986030496], [-50.52115664499996, -23.694039761304968], [-50.52125482299994, -23.69389975830501], [-50.521555142999944, -23.693471497304998], [-50.52170357099993, -23.693259838305], [-50.52206958699997, -23.69252011030504], [-50.52251362099997, -23.691732840305054], [-50.52271407299998, -23.69106909530507], [-50.52288136499993, -23.690515155305064], [-50.52319624299997, -23.689560185305066], [-50.52355701799997, -23.688667590305112], [-50.52356283799998, -23.68865317930512], [-50.523563312999954, -23.688649346305127], [-50.52361630699994, -23.688223178305147], [-50.52359207899997, -23.687919948305098], [-50.52359147699997, -23.687912413305153], [-50.52335631599993, -23.68766323230514], [-50.52322956999996, -23.687528928305113], [-50.523125128999936, -23.68741595930514], [-50.52306248999997, -23.687302427305138], [-50.52278886299996, -23.68698502030513], [-50.522586597999975, -23.686750392305147], [-50.52226324799994, -23.686359678305163], [-50.52212482199997, -23.686183151305173], [-50.52201530199995, -23.68604348630516], [-50.52178270599995, -23.68577988730517], [-50.52174260199996, -23.685636320305164], [-50.52162901999998, -23.68522975230517], [-50.52157894499994, -23.684727728305226], [-50.521633022999936, -23.684130435305235], [-50.52184226899993, -23.683677011305235], [-50.522315996999964, -23.683283052305242], [-50.52241489299996, -23.683200808305248], [-50.52259562299997, -23.682753659305227], [-50.52259818899996, -23.68274730330526], [-50.52259697699997, -23.68274361930522], [-50.522495515999935, -23.68243630730527], [-50.52226284799997, -23.68219660930525], [-50.522068085999926, -23.68207616130524], [-50.521952145999926, -23.682004460305265], [-50.52161490499998, -23.681979519305273], [-50.52112726899998, -23.681874294305242], [-50.520940751999944, -23.681834045305255], [-50.52068230699996, -23.68154646630529], [-50.52059865399997, -23.68127335030528], [-50.52057973099994, -23.681211568305294], [-50.52058243499994, -23.680470731305277], [-50.52056718599994, -23.6801370733053], [-50.52055840299994, -23.679944891305325], [-50.52058897699993, -23.67971151030529], [-50.52059476199997, -23.679667354305288], [-50.52061185799994, -23.67965430930528], [-50.52110576699994, -23.67927742930531], [-50.52110738799997, -23.679276317305312], [-50.521834154999965, -23.678777809305306], [-50.52194389599998, -23.678751805305353], [-50.52205363699994, -23.678725801305344], [-50.52243148599996, -23.678636267305308], [-50.52292480899996, -23.67859993330536], [-50.52305441799996, -23.678590386305306], [-50.523726212999975, -23.678552105305304], [-50.523893284999986, -23.67854259030532], [-50.52424830599995, -23.678522362305337], [-50.52474201599994, -23.678332693305336], [-50.525314255999945, -23.677952067305363], [-50.525348648999966, -23.677601344305376], [-50.525368140999944, -23.677402571305354], [-50.52534495699996, -23.677236564305336], [-50.52532821799997, -23.67711670730539], [-50.52529825399995, -23.67710112630537], [-50.52525111899996, -23.67707661430539], [-50.52468721599996, -23.676783375305366], [-50.52459940199998, -23.676737711305396], [-50.52454030699994, -23.67670698230539], [-50.523891867999964, -23.676633290305393], [-50.523802484999976, -23.6766278673054], [-50.52361695399997, -23.676616618305378], [-50.523476780999935, -23.676608114305377], [-50.52301032599996, -23.676439393305365], [-50.52225940399996, -23.676006904305382], [-50.52174114099995, -23.6758141153054], [-50.52122375099998, -23.675382346305433], [-50.520939460999955, -23.67507079630539], [-50.52070749699994, -23.67463989930539], [-50.52091638699994, -23.674282074305435], [-50.521100022999974, -23.673732972305455], [-50.52115452399993, -23.673016189305436], [-50.52105265399996, -23.672490113305486], [-50.52069261599996, -23.671604754305505], [-50.520586643999934, -23.67142436930549], [-50.52040696299997, -23.671118515305523], [-50.52038317199999, -23.671078030305527], [-50.52002105799995, -23.67076623830548], [-50.51979927799994, -23.670597294305498], [-50.51929655799995, -23.670214321305505], [-50.518597487999955, -23.669805875305514], [-50.51828352299998, -23.66945647730555], [-50.51808065699998, -23.669230712305517], [-50.51743541599995, -23.66829666330558], [-50.51712271499998, -23.667683277305596], [-50.51697172099995, -23.667387077305563], [-50.51657748599996, -23.666919031305593], [-50.516325876999986, -23.66662031130561], [-50.515783031999945, -23.666068945305604], [-50.515737042999945, -23.666028427305605], [-50.51526579199998, -23.665613267305627], [-50.51491432299997, -23.665235829305644], [-50.514774762999934, -23.66508596030561], [-50.51449095199995, -23.66465490030564], [-50.51428523799996, -23.664152385305652], [-50.513948564999964, -23.663984048305675], [-50.51371506199996, -23.66398331130567], [-50.51345551299993, -23.664006396305684], [-50.51301408899997, -23.664100605305677], [-50.51296015099996, -23.664112349305682], [-50.51244614399996, -23.664224265305663], [-50.51236492099997, -23.664241954305673], [-50.51176773499998, -23.664359564305624], [-50.51091262899996, -23.664675738305647], [-50.51080641399994, -23.66471500330566], [-50.50976698799996, -23.66514189830561], [-50.50975415099998, -23.665147304305627], [-50.50970288199994, -23.66516890230561], [-50.50909133399995, -23.665426540305596], [-50.50877962399994, -23.66552114330564], [-50.50859809299993, -23.665496676305636], [-50.50846908099994, -23.665305073305632], [-50.50847059999995, -23.664898802305657], [-50.50846725599996, -23.66484668330562], [-50.508446081999985, -23.66451635430563], [-50.50850445399993, -23.664166116305683], [-50.50852570999996, -23.664038636305683], [-50.50843532999994, -23.663764756305675], [-50.50842308299997, -23.663727634305637], [-50.508061012999974, -23.663415805305654], [-50.50764749899998, -23.66298431730566], [-50.50757540899997, -23.662771499305695], [-50.50749352899993, -23.662529762305684], [-50.507520817999925, -23.662171373305714], [-50.507757279999964, -23.66138347330569], [-50.50801985399993, -23.660547865305727], [-50.50802088699999, -23.66054488830572], [-50.508263339999985, -23.65984799430575], [-50.50844103999998, -23.659337211305775], [-50.508455047999966, -23.65929693930574], [-50.50851815799996, -23.659115534305762], [-50.50878322699998, -23.65761077130579], [-50.50897734599994, -23.65666343830581], [-50.509029274999925, -23.65640999930582], [-50.509042708999964, -23.656344438305826], [-50.50904749199998, -23.656321095305813], [-50.50929211599998, -23.65554254430585], [-50.509310046999985, -23.65548547530586], [-50.50946246099994, -23.655276440305844], [-50.50970539999998, -23.654943251305863], [-50.50977944299996, -23.654841708305895], [-50.50981844199998, -23.654779336305893], [-50.51019703299995, -23.65417386630586], [-50.510692181999964, -23.653577968305903], [-50.51118750499995, -23.65324312730587], [-50.51129038099998, -23.653173584305875], [-50.511835375999965, -23.653127501305907], [-50.51217898299996, -23.653128583305886], [-50.512354237999936, -23.65312913430592], [-50.51253191099994, -23.6530217583059], [-50.51263306699997, -23.652960625305923], [-50.51264055499997, -23.652942744305918], [-50.51264979399997, -23.65292068430591], [-50.512902054999984, -23.652318313305916], [-50.512955624999954, -23.65186441030593], [-50.51287947199995, -23.65141009930595], [-50.51288186099998, -23.650764845305954], [-50.513013253999986, -23.650311186305952], [-50.51330083199997, -23.649714627305997], [-50.513639411999975, -23.64935720930598], [-50.51389946099994, -23.64919073430597], [-50.514229972999935, -23.649084373306017], [-50.51501871299996, -23.64891496730598], [-50.515820876999946, -23.648742678305993], [-50.516047249999986, -23.648680404305985], [-50.51693754099995, -23.648435485306035], [-50.51729801999994, -23.648247206305992], [-50.51748337599997, -23.648150394306015], [-50.517822388999946, -23.64767348630603], [-50.517867801999955, -23.647556837306016], [-50.51808058999995, -23.64701026530602], [-50.51811046399996, -23.64693352830606], [-50.51808600799995, -23.64652717130603], [-50.51798320699998, -23.646263970306038], [-50.51769889899998, -23.64597630530607], [-50.517284698999966, -23.645736034306076], [-50.517062927999966, -23.64555775830604], [-50.51689670799993, -23.6454241453061], [-50.51645789599996, -23.644825314306072], [-50.51627476799996, -23.644370769306104], [-50.51614940799994, -23.64405959930608], [-50.515788422999954, -23.64346100930611], [-50.51553173999998, -23.642719354306127], [-50.51553001499997, -23.64269511430616], [-50.51550242999997, -23.642307507306118], [-50.51548240599993, -23.642026146306165], [-50.51557344199994, -23.64153325730619], [-50.515747087999955, -23.64059305630616], [-50.51584854899994, -23.640263542306183], [-50.51611465499997, -23.639399277306175], [-50.51612254299994, -23.6393200153062], [-50.51619546799998, -23.638586985306226], [-50.516275917999955, -23.637870277306277], [-50.51622694199995, -23.637081475306235], [-50.51619717099993, -23.63684862330629], [-50.51612607399994, -23.636292506306273], [-50.51589437699994, -23.635813811306306], [-50.51572202499995, -23.635600603306273], [-50.51566196899995, -23.63552630330628], [-50.515248069999984, -23.635214329306287], [-50.514860211999974, -23.634878544306293], [-50.51460178799994, -23.634614844306284], [-50.51439549799994, -23.634279617306294], [-50.514371504999986, -23.633753779306332], [-50.51433334699993, -23.633538360306353], [-50.51429527399995, -23.633323367306314], [-50.51438261999993, -23.632788755306365], [-50.51442796499998, -23.632511228306345], [-50.51450868499995, -23.63172282730639], [-50.514622491999944, -23.630966323306367], [-50.514641642999955, -23.63083900630641], [-50.514709779999976, -23.630454977306382], [-50.514747600999954, -23.63024186530641], [-50.514781976999984, -23.630153106306413], [-50.514904729999955, -23.62983608330644], [-50.51500919699998, -23.629708663306438], [-50.51521740099997, -23.62945468830642], [-50.51542693499994, -23.628905670306416], [-50.51535060999998, -23.62849915830645], [-50.515196122999946, -23.62818799430647], [-50.515184474999955, -23.62814719430645], [-50.51509368799998, -23.627829201306444], [-50.51488759199999, -23.62744617430645], [-50.51480647899996, -23.627004078306495], [-50.51484329599998, -23.626398762306486], [-50.51521827999994, -23.625934471306543], [-50.51560766199998, -23.62544520430652], [-50.51592403199999, -23.625324912306493], [-50.51602325299995, -23.625287181306533], [-50.51640390699999, -23.62522463930651], [-50.516879262999964, -23.62517747030655], [-50.51702664599998, -23.62516284530654], [-50.517821725999966, -23.625260909306526], [-50.51820942499995, -23.625278357306502], [-50.51858244899995, -23.62529514230653], [-50.51944715299992, -23.62526595130652], [-50.519915528999945, -23.624730228306554], [-50.52000282399997, -23.624630383306528], [-50.520065338999984, -23.624403228306527], [-50.52017805899993, -23.623993627306525], [-50.52056277099996, -23.622815820306585], [-50.52101478199995, -23.622148051306567], [-50.52105464599998, -23.622057912306573], [-50.521472089999975, -23.62111381230662], [-50.52152105599998, -23.621003070306624], [-50.52181678199997, -23.620334239306654], [-50.52230451699995, -23.61934792730667], [-50.522963887999936, -23.61871265630666], [-50.523518120999945, -23.618459443306655], [-50.52353367999996, -23.618452337306664], [-50.524210909999965, -23.6181429243067], [-50.52459223399995, -23.61788917230672], [-50.52455948899996, -23.61737923130671], [-50.524423332999966, -23.617215009306687], [-50.52421516699996, -23.616963935306686], [-50.52383615699995, -23.616580394306734], [-50.52305328099994, -23.615882066306753], [-50.52180208699996, -23.61485344530672], [-50.520904721999955, -23.614372708306757], [-50.51993692099995, -23.614242251306756], [-50.51910721099994, -23.614175954306756], [-50.51906937799998, -23.61417471230677], [-50.518140233999986, -23.614144214306766], [-50.51803531599995, -23.614140767306797], [-50.517632582999966, -23.61413951630677], [-50.51748671299998, -23.61413906330679], [-50.51748202799996, -23.61413904830677], [-50.51717161799996, -23.6139150253068], [-50.51648315699999, -23.613052539306807], [-50.51607040799996, -23.61244581630683], [-50.515570336999986, -23.611547499306848], [-50.51555510599997, -23.61152013730682], [-50.51526160999998, -23.611049679306838], [-50.515029579999975, -23.61087099130684], [-50.51490034999995, -23.61077147330682], [-50.51425312199996, -23.610458767306845], [-50.51303692299996, -23.609714109306882], [-50.51307113999997, -23.609714985306887], [-50.51410015499994, -23.609741331306864], [-50.51476069199998, -23.609392928306885], [-50.51477577999999, -23.60938497130685], [-50.51521859999997, -23.60886058030686], [-50.515765238999954, -23.60831262130691], [-50.51653323599999, -23.607966854306927], [-50.517263767999964, -23.607637951306916], [-50.51813045799997, -23.607035202306932], [-50.519378201999984, -23.606242454306965], [-50.51990302399997, -23.605807828306958], [-50.520106563999946, -23.605639275306984], [-50.520660863999986, -23.60535420430697], [-50.52249583799994, -23.604722559307007], [-50.52381766899998, -23.60445379930696], [-50.524502876999975, -23.604314477306975], [-50.52558232499997, -23.60396709930702], [-50.52567991699993, -23.603935693307015], [-50.52691646699997, -23.603348806307036], [-50.52748105799998, -23.60308083530701], [-50.52907415599998, -23.602384650307048], [-50.530736718999954, -23.60159305830709], [-50.53208897999997, -23.600545596307075], [-50.533006684999975, -23.599768425307108], [-50.53347624899993, -23.599370769307104], [-50.53413527799996, -23.598910398307144], [-50.53479343699996, -23.598450636307092], [-50.535493300999974, -23.598077202307138], [-50.53562484699995, -23.59800701530711], [-50.53584986599998, -23.597800987307135], [-50.53587450299994, -23.59777842530712], [-50.53611048499994, -23.597562357307144], [-50.53616765899994, -23.59727781430712], [-50.53618087499995, -23.59721205030712], [-50.536157774999936, -23.597183474307144], [-50.53587103299998, -23.59682874930714], [-50.53557818999997, -23.596617442307156], [-50.53525023099997, -23.59638078430716], [-50.53462932199994, -23.595964683307194], [-50.53386999099995, -23.595580030307172], [-50.533145805999936, -23.595036146307223], [-50.532594403999944, -23.59452464930724], [-50.53211260399996, -23.593885902307218], [-50.53203421599994, -23.59331087030726], [-50.53218582199997, -23.592738979307267], [-50.532913030999964, -23.592422517307277], [-50.53398542199994, -23.592266412307247], [-50.53448510299995, -23.591965596307272], [-50.53530209499996, -23.591473739307297], [-50.536238081999954, -23.590775505307285], [-50.53714115799995, -23.589599201307298], [-50.53726358599994, -23.58923666830731], [-50.53756041199995, -23.588357712307324], [-50.53759611699996, -23.587947207307348], [-50.53763245799996, -23.58752943230734], [-50.537393227999985, -23.58673210230741], [-50.536876753999934, -23.586125128307426], [-50.53615205799997, -23.585740581307423], [-50.53556564899997, -23.585356454307412], [-50.534668205999935, -23.58493952630743], [-50.53397774399996, -23.584650663307464], [-50.533460840999965, -23.584171144307454], [-50.53322052499993, -23.583692446307467], [-50.53311916699994, -23.583022982307494], [-50.53311670099998, -23.583006707307483], [-50.53305159499996, -23.5825766693075], [-50.532672994999984, -23.582097550307484], [-50.532225679999954, -23.581601621307485], [-50.53222648999997, -23.581267716307497], [-50.53240070199996, -23.580885864307533], [-50.53274822499998, -23.580377066307555], [-50.53340825299995, -23.579486830307527], [-50.53403358099997, -23.578628353307543], [-50.534901685999955, -23.577547541307563], [-50.53507823899997, -23.577335739307596], [-50.53590851299998, -23.576339680307644], [-50.53636269199996, -23.575819853307646], [-50.537341732999955, -23.57469929430766], [-50.53743578099994, -23.574591659307657], [-50.537550401999965, -23.574344146307688], [-50.53778588199999, -23.573835707307648], [-50.537818950999956, -23.573764303307676], [-50.53782002899993, -23.57374744230767], [-50.53785650499998, -23.573175526307665], [-50.53789209999996, -23.572617382307712], [-50.53779411099998, -23.5717478403077], [-50.53779151699996, -23.571724862307697], [-50.53777446099997, -23.57170111030775], [-50.537569786999946, -23.57141613330771], [-50.53739297899995, -23.571169952307756], [-50.53730988399996, -23.571054268307726], [-50.53691057699996, -23.57079483930776], [-50.53662005799999, -23.570606099307753], [-50.53624573899999, -23.570518654307737], [-50.535791065999945, -23.570412436307755], [-50.53569879299994, -23.57036731930774], [-50.535285184999964, -23.57016508530778], [-50.53513536699995, -23.57009182530776], [-50.53503723699998, -23.569994278307767], [-50.53465307999994, -23.569612405307787], [-50.53431328599999, -23.5691248923078], [-50.53427472499993, -23.569069569307786], [-50.53420760499995, -23.56849579930777], [-50.53427690999996, -23.56841873630778], [-50.534391266999926, -23.568291581307818], [-50.53469348899994, -23.567955542307836], [-50.53489365699995, -23.56781415830782], [-50.53585261899997, -23.5671368123078], [-50.53587873499998, -23.567118365307806], [-50.53590641499995, -23.567098814307823], [-50.535963581999965, -23.567038407307844], [-50.53597417599997, -23.567027212307828], [-50.536007481999945, -23.566992019307794], [-50.53635748199998, -23.566622182307817], [-50.536767448999974, -23.566152924307865], [-50.537098335999985, -23.565774180307848], [-50.53719047599998, -23.56566871330787], [-50.53785050599998, -23.564746592307852], [-50.538241737999954, -23.56427812430786], [-50.53840418499993, -23.564083609307882], [-50.538753056999944, -23.563665858307914], [-50.53882363599996, -23.563523021307915], [-50.538898138999976, -23.56337224530792], [-50.53901177399995, -23.56314227430792], [-50.53913669899998, -23.56288945930791], [-50.539230398999955, -23.562608358307937], [-50.53924496499997, -23.562594041307914], [-50.539277458999955, -23.561978560307914], [-50.53924150499996, -23.561512948307957], [-50.53679051599994, -23.558200962308007], [-50.538752312999975, -23.556929565308057], [-50.538750317999984, -23.55691087930807], [-50.53867538499997, -23.55620919630804], [-50.53833307499996, -23.555252223308095], [-50.53800626299994, -23.554785450308074], [-50.53788594399998, -23.554613600308123], [-50.53743814899996, -23.554166148308127], [-50.53654080299998, -23.553781099308146], [-50.53574647299995, -23.55358754130813], [-50.53566361199995, -23.553578808308107], [-50.53481355499998, -23.553489157308103], [-50.53451431899998, -23.55346239230813], [-50.53370781299998, -23.553390254308127], [-50.532775010999956, -23.553259991308117], [-50.53249390399998, -23.553040315308156], [-50.53221279799993, -23.55282063930812], [-50.53212008099995, -23.55274818130815], [-50.53182136499998, -23.552091307308146], [-50.53179610399997, -23.55203576330818], [-50.53174279999996, -23.55191855730816], [-50.53174345599996, -23.551733153308188], [-50.53174427599998, -23.551501763308178], [-50.53174595999997, -23.551026344308195], [-50.53161075199995, -23.55016557230821], [-50.53146535999997, -23.54991997230819], [-50.531232802999966, -23.54952713830823], [-50.530681594999976, -23.549015630308247], [-50.530105255999956, -23.548814394308238], [-50.52995300199996, -23.548761232308223], [-50.52985308199993, -23.54872634330821], [-50.52902411799993, -23.548564509308232], [-50.52826416399996, -23.548434747308264], [-50.52800396499998, -23.548418955308275], [-50.52771126499994, -23.548401202308263], [-50.52744912399999, -23.548232715308277], [-50.527443639999944, -23.548229190308266], [-50.52726296499998, -23.54811305530827], [-50.526850372999945, -23.54750636330827], [-50.526367997999955, -23.546543636308282], [-50.52636780799998, -23.546543166308307], [-50.52629097999994, -23.54635236230832], [-50.52626468099999, -23.546287049308273], [-50.526013655999975, -23.545663648308295], [-50.526002580999936, -23.545636137308325], [-50.52602643399996, -23.545538694308302], [-50.52612729599997, -23.545126672308335], [-50.52682446499995, -23.54431094530831], [-50.527237957999944, -23.543827124308347], [-50.52773356399996, -23.54269564230836], [-50.52818406899996, -23.54202724730838], [-50.52821486299996, -23.54198155930839], [-50.52799245799997, -23.541852470308402], [-50.52740514299996, -23.541511576308377], [-50.526510765999944, -23.54099244830838], [-50.52625315399996, -23.540684989308392], [-50.52602506699998, -23.54083656030838], [-50.52598702499994, -23.54036736530841], [-50.525654219999986, -23.539970160308403], [-50.52553479799997, -23.539006762308478], [-50.52540886199994, -23.538634809308466], [-50.52536250299994, -23.538497890308477], [-50.52519026799996, -23.537989162308484], [-50.525170006999986, -23.537929314308446], [-50.52455844299993, -23.537134356308506], [-50.52410306599996, -23.53689259530852], [-50.52369988899994, -23.5366785463085], [-50.52281565999993, -23.536267518308538], [-50.52271847199995, -23.536222336308526], [-50.522394144999964, -23.535977719308512], [-50.52177319899994, -23.535414986308542], [-50.52172323099995, -23.53531505030853], [-50.52165197899995, -23.535242062308527], [-50.52148226199995, -23.534767351308552], [-50.52142289699998, -23.53460130230853], [-50.52137312499997, -23.534462083308593], [-50.52115692199993, -23.53400227230856], [-50.52094632999996, -23.53355438330858], [-50.51996760299994, -23.532361740308577], [-50.51984823199996, -23.53139833230864], [-50.51983960599994, -23.531246011308614], [-50.51980939599997, -23.530712406308645], [-50.519790489999934, -23.53037847130864], [-50.51982818999994, -23.52910339330867], [-50.52016894099996, -23.529028252308706], [-50.52040290999997, -23.5289766573087], [-50.52283414999993, -23.528440501308705], [-50.522992424999984, -23.528405597308684], [-50.523426253999965, -23.528406922308715], [-50.524589780999975, -23.528410484308683], [-50.52618715199998, -23.52841535030872], [-50.52726778799996, -23.528485080308663], [-50.52802986399996, -23.52853424930868], [-50.528628891999965, -23.52868348430866], [-50.52885207299994, -23.5287390853087], [-50.52987137599997, -23.52899301630868], [-50.531698749999975, -23.529248855308698], [-50.53224001599994, -23.529308461308688], [-50.533628819999926, -23.529461389308654], [-50.53402767699998, -23.52950531030869], [-50.53408430699995, -23.529511548308665], [-50.534835372999964, -23.52968108330866], [-50.53558644199995, -23.529850615308682], [-50.53742494499994, -23.530357970308636], [-50.53879614699997, -23.530671398308662], [-50.541375380999966, -23.531018913308635], [-50.542257233999976, -23.530615600308646], [-50.542483035999965, -23.530512330308646], [-50.542991664999924, -23.53000397730867], [-50.54308405199998, -23.52986113230865], [-50.543680766999955, -23.528938512308688], [-50.543905235999944, -23.528527824308696], [-50.54434165599997, -23.52769770730871], [-50.54455042999995, -23.527284070308703], [-50.54490006699996, -23.526106075308753], [-50.545353258999974, -23.524960253308766], [-50.54587413999997, -23.52422887430878], [-50.54639370399997, -23.523879876308794], [-50.546405765999964, -23.523879117308805], [-50.546429966999945, -23.5238775913088], [-50.54687761599996, -23.523849418308775], [-50.547464874999946, -23.523914852308796], [-50.547913251999944, -23.524171074308796], [-50.54806053399995, -23.52421096630876], [-50.548162386999934, -23.524238556308756], [-50.548805166999955, -23.52441265730879], [-50.54968076699999, -23.524372703308796], [-50.55037278599996, -23.52411978330877], [-50.550453758999936, -23.52403210430878], [-50.55062533899996, -23.52384630830881], [-50.550881497999974, -23.523568923308805], [-50.55090090599998, -23.523531203308774], [-50.551252560999956, -23.52284771530881], [-50.55132634399996, -23.52199801830885], [-50.551348462999954, -23.521743324308815], [-50.551400145999935, -23.52008647730886], [-50.55140446599995, -23.520018663308875], [-50.55149748399998, -23.518557221308928], [-50.55151503599996, -23.51830325530893], [-50.55159437699995, -23.51715542330893], [-50.55182848099997, -23.516051439308967], [-50.55204682299996, -23.515228578308964], [-50.55213912699998, -23.514880725308984], [-50.55217070499998, -23.514783887308997], [-50.55289822499998, -23.51308041830903], [-50.553219974999934, -23.512235858309023], [-50.55364197199998, -23.51112814430906], [-50.55402499099995, -23.510349701309064], [-50.554476991999934, -23.509431046309132], [-50.55503298899998, -23.508497916309125], [-50.55535267899995, -23.50797525930916], [-50.55568154799994, -23.50743758830915], [-50.55573890799996, -23.50736977030916], [-50.555808352999975, -23.507287664309196], [-50.55656340899998, -23.506394896309185], [-50.55674403099994, -23.50618132830919], [-50.55711542299997, -23.505742191309203], [-50.55739612799994, -23.50536887430918], [-50.55832453999995, -23.50413414830926], [-50.55854996899995, -23.50383434330927], [-50.558919866999986, -23.503350180309265], [-50.56016945499993, -23.50171456230929], [-50.560777925999965, -23.500711717309294], [-50.560864291999955, -23.50056936630933], [-50.56155854499996, -23.49959411530936], [-50.56252122799997, -23.499153569309367], [-50.562942695999936, -23.49896069430934], [-50.56321561499993, -23.498916538309338], [-50.56423329599994, -23.498751878309335], [-50.565661396999985, -23.498755866309345], [-50.56640366399996, -23.49892103630934], [-50.566628126999944, -23.498970993309328], [-50.56775103699994, -23.49888545230935], [-50.568189690999986, -23.498504508309335], [-50.568380786999974, -23.498338552309345], [-50.56840529799996, -23.49819449830937], [-50.56847472199996, -23.497786480309358], [-50.56810770199996, -23.49731810330937], [-50.56769462399996, -23.49684959230942], [-50.56705245499996, -23.4959980623094], [-50.56690757999996, -23.495818784309446], [-50.566639521999946, -23.495487068309448], [-50.566226590999975, -23.49497607330946], [-50.56614438699995, -23.494870098309455], [-50.566051104999985, -23.494749843309446], [-50.56582257699995, -23.49445523530946], [-50.565541529999955, -23.49409291830948], [-50.56540087499997, -23.493911590309477], [-50.565046620999965, -23.493128997309498], [-50.56503499199994, -23.493103316309494], [-50.56490831199994, -23.491936443309534], [-50.56495178799997, -23.490383897309535], [-50.56500440699995, -23.488387138309584], [-50.56478244899994, -23.48583728130967], [-50.564769070999944, -23.485243388309655], [-50.56475807999993, -23.484755428309686], [-50.564749398999936, -23.484370301309678], [-50.56474223999993, -23.48405270730971], [-50.56479360399994, -23.48243833030974], [-50.56493569599997, -23.481249082309755], [-50.56505755499995, -23.480692744309746], [-50.56564912099998, -23.4779921753098], [-50.56605455699997, -23.47716066830983], [-50.56739391199994, -23.476059715309862], [-50.56796971799997, -23.475723966309882], [-50.56840916899995, -23.47546770530989], [-50.569377664999934, -23.47508800130989], [-50.57085280199993, -23.47470968530992], [-50.571091946999964, -23.474679929309925], [-50.57218908899994, -23.474543407309877], [-50.573696939999934, -23.474593966309918], [-50.573153574999935, -23.474202388309923], [-50.57233027899997, -23.47360906930991], [-50.56947984399994, -23.47198670230998], [-50.56871207999996, -23.471384008309975], [-50.568377245999955, -23.471121159309956], [-50.56732123499995, -23.470098537309994], [-50.56621930899997, -23.469033290310026], [-50.56543967099998, -23.468011424310017], [-50.56512019499996, -23.46711829831005], [-50.565151440999955, -23.466948525310077], [-50.565307762999964, -23.466099125310095], [-50.56535659999998, -23.46524951531013], [-50.56521996899994, -23.46478176731012], [-50.564530100999946, -23.46448242731012], [-50.56439130499996, -23.464456419310157], [-50.56406982199996, -23.46439617031015], [-50.56350711399995, -23.464078844310144], [-50.562782635999945, -23.463670283310126], [-50.561847174999976, -23.462904473310175], [-50.56090067299994, -23.461753065310205], [-50.560659176999934, -23.46147283131021], [-50.560376190999925, -23.461144452310222], [-50.56016661299998, -23.460901247310215], [-50.559708880999956, -23.460050205310214], [-50.55943748699997, -23.458562380310283], [-50.559486643999946, -23.45762780231031], [-50.55951055499997, -23.457231730310315], [-50.55953536899995, -23.456820675310297], [-50.55976859699996, -23.455929097310324], [-50.56004786799997, -23.455037649310338], [-50.56019171499998, -23.45477425331037], [-50.56032587799996, -23.454528579310328], [-50.560928640999975, -23.453298147310356], [-50.562709556999955, -23.450367180310423], [-50.56314887199994, -23.449073916310482], [-50.563724169999944, -23.447380306310507], [-50.56384601199994, -23.445891552310563], [-50.563859096999984, -23.445731641310537], [-50.56388798299997, -23.444823546310555], [-50.56388635999998, -23.444766906310583], [-50.56386474599997, -23.44401091231058], [-50.563660279999965, -23.443173862310623], [-50.563403763999986, -23.442408377310656], [-50.56303693999996, -23.44166579831065], [-50.56286079599994, -23.441959282310645], [-50.56277593599998, -23.442138110310637], [-50.56266739399996, -23.442359569310618], [-50.56243537399996, -23.44223460431062], [-50.562319399999986, -23.442167787310623], [-50.56222567499998, -23.442104122310663], [-50.56213088499993, -23.442029169310636], [-50.562068340999986, -23.44194754231064], [-50.56198874599994, -23.44181736231061], [-50.561951309999976, -23.44171606331063], [-50.56194425799998, -23.441585669310623], [-50.56199519899996, -23.438827649310703], [-50.562027504999946, -23.43707846631072], [-50.56206042199995, -23.43699745531076], [-50.56191101799993, -23.43695574531075], [-50.56212904999995, -23.43621489931079], [-50.56246969699999, -23.435020892310778], [-50.562967388999944, -23.433325435310827], [-50.56367218399999, -23.431654456310895], [-50.56401336199997, -23.43029315031088], [-50.564404749999944, -23.429409969310893], [-50.56484637999995, -23.429004916310905], [-50.56550429399994, -23.428563501310958], [-50.56591059799997, -23.428290901310934], [-50.567548035999955, -23.42743680631094], [-50.56759693499998, -23.42741130631095], [-50.56788485799996, -23.42721100431096], [-50.56910249699996, -23.42636389931099], [-50.57032300099996, -23.425363489310993], [-50.57092229499994, -23.42424186931102], [-50.571073367999986, -23.42355546231105], [-50.571132569999975, -23.423286470311076], [-50.571525043999934, -23.42204478731107], [-50.57160512499996, -23.421304122311113], [-50.571822278999946, -23.420639461311097], [-50.57204977699996, -23.419943087311143], [-50.57241626599995, -23.418725224311146], [-50.572566721999976, -23.418084687311175], [-50.573434033999945, -23.41630460731122], [-50.574010661999985, -23.41415524531125], [-50.574168794999935, -23.41329530231125], [-50.574326237999976, -23.412650446311314], [-50.57446273299996, -23.41227224431129], [-50.57513619899998, -23.410406111311357], [-50.575787634999976, -23.40914121531138], [-50.576490700999955, -23.407924257311432], [-50.577037623999956, -23.406945869311425], [-50.57755584399996, -23.40567678731143], [-50.57774845599994, -23.40463087531147], [-50.57799378599998, -23.40318723531151], [-50.57812374199994, -23.402422525311525], [-50.57850270199998, -23.400867427311567], [-50.578575972999936, -23.400673510311595], [-50.57916421599998, -23.39911659031158], [-50.57939964399998, -23.39844050231162], [-50.57965199299998, -23.39771580131161], [-50.579663858999936, -23.397658339311644], [-50.579862369999944, -23.39669666031167], [-50.58021041799998, -23.395805350311694], [-50.580939040999965, -23.394660136311703], [-50.58162943299994, -23.394004775311736], [-50.58419134099995, -23.392406340311762], [-50.58476368999994, -23.39188108431177], [-50.58488380199998, -23.391770859311762], [-50.585507991999975, -23.39088027031179], [-50.58557588499997, -23.390037027311795], [-50.58557981399998, -23.389988215311796], [-50.58537979299996, -23.389455803311822], [-50.585340143999986, -23.389350259311822], [-50.585234207999974, -23.3892191103118], [-50.585030632999974, -23.388967041311805], [-50.584569372999965, -23.388464932311848], [-50.58429935799995, -23.387872699311846], [-50.58420410999998, -23.387280935311875], [-50.58421020599997, -23.387243402311878], [-50.58430310499995, -23.38667176631187], [-50.58444238299995, -23.385596655311915], [-50.584444625999936, -23.3855765533119], [-50.58452228699997, -23.384879885311914], [-50.58446890799996, -23.384568652311945], [-50.58442693699993, -23.384323977311922], [-50.584175786999936, -23.383911036311943], [-50.58349744399994, -23.38349696831196], [-50.58279956799998, -23.383118691311985], [-50.58194714099994, -23.38248905731199], [-50.58134660099996, -23.382039336312], [-50.58103922699996, -23.381614235312007], [-50.580476578999935, -23.380836056312006], [-50.580109498999946, -23.38024355631204], [-50.579684576999966, -23.379525432312057], [-50.579522056999956, -23.379239187312027], [-50.57933407499996, -23.37874874031208], [-50.57924073999993, -23.37813906131205], [-50.579423477999974, -23.37766156231208], [-50.57948314499998, -23.377519590312083], [-50.57955390399996, -23.37735121831207], [-50.57984004699995, -23.3769217983121], [-50.58028196699997, -23.376349398312094], [-50.580697930999975, -23.37580082031209], [-50.58121759499994, -23.375204730312124], [-50.58152960899997, -23.374775375312147], [-50.58178962599993, -23.374417579312144], [-50.58184350099998, -23.373748533312174], [-50.581637066999974, -23.373532891312177], [-50.58137907799994, -23.373245399312193], [-50.581017463999956, -23.372981539312182], [-50.580733592999934, -23.372693985312182], [-50.58057961499998, -23.3722633833122], [-50.58060514999993, -23.372198496312194], [-50.58074527499996, -23.371842418312227], [-50.580814489999966, -23.371666530312208], [-50.58102309699996, -23.37118909231221], [-50.581335181999975, -23.370735837312253], [-50.58102467399994, -23.370687209312262], [-50.58071416599995, -23.370638579312214], [-50.58004250099998, -23.370440350312244], [-50.57970542599997, -23.370349080312266], [-50.57931503299994, -23.370236750312227], [-50.57887798399997, -23.370036161312257], [-50.578312978999975, -23.369369631312285], [-50.57826143199998, -23.368528832312307], [-50.57828921099997, -23.367931419312285], [-50.57823992699997, -23.36714260531232], [-50.57793139399996, -23.36647258731234], [-50.57772610799998, -23.365898443312368], [-50.57766029499994, -23.365748667312378], [-50.57749566799998, -23.365374019312338], [-50.57726348099993, -23.3648456203124], [-50.57664726399997, -23.36324269031244], [-50.576504872999976, -23.362897874312388], [-50.57613347499995, -23.361998522312433], [-50.57569713099997, -23.360826256312443], [-50.57549838799997, -23.360387732312493], [-50.57500306999998, -23.359294811312513], [-50.57451390199998, -23.358456994312544], [-50.57410472799995, -23.357568303312558], [-50.573974044999936, -23.35728445131252], [-50.573640584999964, -23.3563275673126], [-50.57337437799998, -23.355174004312616], [-50.57335376899994, -23.352699177312655], [-50.57335456299995, -23.352692396312634], [-50.573440192999946, -23.35196200531266], [-50.57337957599998, -23.34908200231275], [-50.57338020199995, -23.348861498312726], [-50.57338270499997, -23.347985217312765], [-50.573382712999944, -23.347980872312778], [-50.573483919999944, -23.34707070631276], [-50.57375577999994, -23.346257765312796], [-50.57397404799997, -23.346038589312826], [-50.573993713999975, -23.3459245753128], [-50.57436182099997, -23.345638873312822], [-50.57490171499995, -23.345210898312793], [-50.57566261799997, -23.344557500312813], [-50.57615418699998, -23.34392596931282], [-50.57659679999995, -23.343294314312878], [-50.57673372099998, -23.342722162312874], [-50.57668264899996, -23.341951474312896], [-50.576511771999954, -23.340946474312908], [-50.57656038999994, -23.339339347312944], [-50.57660759099997, -23.33817420531298], [-50.576891648999954, -23.337535742312962], [-50.57708968999999, -23.33709060331302], [-50.577832095999945, -23.336248799313033], [-50.57844268399999, -23.33580844631305], [-50.580252886999965, -23.33530150031303], [-50.58114293199998, -23.335052238313022], [-50.58192730099995, -23.334692702313063], [-50.58305965699997, -23.334374266313038], [-50.584237508999934, -23.333413035313093], [-50.585196664999955, -23.33281285831308], [-50.586154816999965, -23.332534116313106], [-50.58702532199993, -23.332456057313085], [-50.588693636999956, -23.331733175313104], [-50.59068149099995, -23.330246057313147], [-50.59160910399999, -23.32955209331317], [-50.59209000799996, -23.329122110313175], [-50.59304033899997, -23.329098539313186], [-50.59504138799997, -23.329264456313183], [-50.59608591399996, -23.32918678731318], [-50.596981496999945, -23.328920029313167], [-50.59738969899996, -23.32839810931321], [-50.59784053499993, -23.32778499331321], [-50.59795458699995, -23.326744765313215], [-50.59797702899993, -23.325618752313265], [-50.59795437499997, -23.32538168431327], [-50.59793171999996, -23.325144615313246], [-50.59788387999998, -23.32464400531329], [-50.59774275899997, -23.323863357313318], [-50.59724681699999, -23.323031492313337], [-50.59777839599997, -23.322510104313302], [-50.59824626499994, -23.322285301313322], [-50.598745946999934, -23.322045212313355], [-50.59925279899994, -23.321791582313317], [-50.60022078499997, -23.321177973313368], [-50.60082114699997, -23.320414712313354], [-50.601374747999955, -23.319906267313392], [-50.601617620999946, -23.31957180831341], [-50.60174431399997, -23.319397342313376], [-50.60188384999998, -23.31888784231342], [-50.60197788099998, -23.318208263313437], [-50.60179538599993, -23.317697935313426], [-50.601245474999985, -23.316974242313446], [-50.60051091599996, -23.316462511313446], [-50.59959247399996, -23.315907813313473], [-50.59761643899998, -23.315180452313523], [-50.596559738999986, -23.314710363313498], [-50.59604667199994, -23.31438035331353], [-50.59596284099996, -23.314326434313504], [-50.59564222499995, -23.3138582353135], [-50.595548214999944, -23.313372996313507], [-50.59546103499997, -23.312923021313534], [-50.595324053999946, -23.31258276331355], [-50.595371978999935, -23.311945564313586], [-50.59564967699999, -23.311393925313553], [-50.59611176099997, -23.310715307313572], [-50.59694135299998, -23.31020757831361], [-50.59786281199996, -23.30974258031363], [-50.599244425999984, -23.309236254313646], [-50.599982240999964, -23.30864330131364], [-50.600305907999946, -23.30809177531366], [-50.60039993899994, -23.30741220031368], [-50.60067874799995, -23.30647816831369], [-50.60077129699993, -23.3063365873137], [-50.60123330399995, -23.305629810313707], [-50.601248048999935, -23.305621430313717], [-50.60220096399996, -23.305079921313716], [-50.60284599299996, -23.30474164631374], [-50.60291797699994, -23.30474182931373], [-50.60344400799994, -23.304743160313745], [-50.604226651999966, -23.304532701313736], [-50.60452971999996, -23.304333903313754], [-50.604727622999974, -23.304204091313757], [-50.604871919999944, -23.304109441313752], [-50.60551780999998, -23.30347373431376], [-50.605933437999965, -23.302922432313746], [-50.606128929999954, -23.302528056313786], [-50.60639618999995, -23.30198885531382], [-50.60650310899996, -23.301776415313782], [-50.60667382099996, -23.301437195313788], [-50.60685956999998, -23.300842823313825], [-50.60676881899997, -23.300417712313806], [-50.606447566999975, -23.300161978313813], [-50.606029271999944, -23.30003201931383], [-50.605344585999944, -23.299819296313828], [-50.60447186099998, -23.29939221531385], [-50.603920872999936, -23.299050914313845], [-50.60291027899996, -23.298580989313866], [-50.602407193999966, -23.297602479313902], [-50.60227084699994, -23.297049782313916], [-50.60229174899995, -23.29670114031392], [-50.602319241999965, -23.296242625313944], [-50.60226998799993, -23.295481247313916], [-50.60223128599994, -23.294882770313958], [-50.602418175999965, -23.29390600831397], [-50.60283442599996, -23.293142274314018], [-50.60323716499994, -23.292485116314005], [-50.60325040999993, -23.29246350631403], [-50.60366589699999, -23.291954700314022], [-50.60367566599996, -23.291888377314024], [-50.60372405999994, -23.29155995431404], [-50.60375977199993, -23.29131760731401], [-50.60367807799998, -23.29107378231402], [-50.60353180999994, -23.29063721031403], [-50.60330472099998, -23.289659405314065], [-50.603306860999965, -23.288937098314086], [-50.60330937899993, -23.288087337314114], [-50.60343509899997, -23.287784969314128], [-50.603679985999975, -23.28719602431413], [-50.60387950599994, -23.286678308314148], [-50.60423618999994, -23.285752813314176], [-50.60433119799995, -23.284733329314165], [-50.60391975899995, -23.28388252331422], [-50.60309526999998, -23.2827332433142], [-50.60295943199998, -23.282010596314244], [-50.60296033099996, -23.281707614314257], [-50.60296039099996, -23.28168729031427], [-50.60296056599998, -23.281628206314277], [-50.60287009599994, -23.28111811131426], [-50.60287222899995, -23.280395812314257], [-50.60314995399994, -23.279801671314306], [-50.60315297499994, -23.278781959314312], [-50.60310987699995, -23.27780460831431], [-50.60334311099995, -23.276700496314383], [-50.60399012999994, -23.27563991031436], [-50.60426858399995, -23.27479084431438], [-50.60427740799997, -23.274752656314426], [-50.604367430999964, -23.274362876314395], [-50.60438917799996, -23.274268731314407], [-50.604454930999964, -23.27398403631441], [-50.60468713499995, -23.27321982531444], [-50.60542548599994, -23.272371914314455], [-50.60566701199998, -23.272171130314447], [-50.606393644999976, -23.271567057314478], [-50.60759186699994, -23.27072028831449], [-50.608376291999946, -23.26982998631454], [-50.60994300799996, -23.268771670314553], [-50.61049672399997, -23.268135713314578], [-50.61075510199999, -23.267478164314557], [-50.610913704999966, -23.267074530314552], [-50.61127190499997, -23.266417064314574], [-50.611422284999946, -23.266141037314597], [-50.61211456399997, -23.265292978314648], [-50.61242341699995, -23.26510004631464], [-50.61326633699996, -23.264573509314616], [-50.61414131199996, -23.264150772314675], [-50.615108016999955, -23.263813242314665], [-50.61602837199996, -23.263603053314636], [-50.616673282999955, -23.263222230314653], [-50.617226088999985, -23.262883666314707], [-50.61755005699996, -23.262162149314673], [-50.61756291599994, -23.262113213314688], [-50.61756716399997, -23.26209705331472], [-50.61757030299998, -23.262085118314683], [-50.61782900099996, -23.261100610314717], [-50.617923158999986, -23.26033604131473], [-50.61810916099995, -23.25961418731473], [-50.61861924799995, -23.258811100314762], [-50.61875585399997, -23.258596031314777], [-50.61883427599997, -23.2583449233148], [-50.619034302999985, -23.25770444431479], [-50.61940435599997, -23.256940543314826], [-50.61957566699993, -23.256612978314823], [-50.61973422299997, -23.256309809314818], [-50.61995918699994, -23.255879667314858], [-50.61986889999997, -23.255284606314852], [-50.61987094699998, -23.254562304314884], [-50.62001287099997, -23.253160515314917], [-50.62014161799994, -23.252902744314923], [-50.620521574999934, -23.252142016314952], [-50.621029905999926, -23.251250980314918], [-50.62116809699995, -23.251166335314974], [-50.62158522899995, -23.250482244314945], [-50.621814849999964, -23.250105669315], [-50.622553083999954, -23.249215180314994], [-50.622854883999935, -23.248779456315], [-50.62287216899995, -23.248754511314996], [-50.62287457999997, -23.248746035314987], [-50.622509968999964, -23.248195356314994], [-50.622467487999984, -23.24816103731503], [-50.622232166999936, -23.247970956315008], [-50.62145478399999, -23.24734303531504], [-50.62012396899996, -23.24640506731503], [-50.619917344999976, -23.246170456315053], [-50.619915368999955, -23.246168215315045], [-50.61986301899998, -23.246108785315077], [-50.619711467999934, -23.24593669531504], [-50.61957485299996, -23.245468987315096], [-50.619376882999966, -23.24505447431508], [-50.61920917499998, -23.24470330631508], [-50.61916488999998, -23.2441083563151], [-50.618707141999955, -23.243384928315105], [-50.618249267999936, -23.242704000315108], [-50.61756090099993, -23.242234947315165], [-50.61719391499998, -23.24193663231516], [-50.616551294999965, -23.24155267031517], [-50.61644757799996, -23.241506520315163], [-50.61644665599994, -23.24150610931514], [-50.615495108999944, -23.241082711315197], [-50.61495336899998, -23.240856705315153], [-50.61416329799993, -23.24052709431517], [-50.61418760399994, -23.240504752315218], [-50.61490090899997, -23.239849083315193], [-50.61527009099996, -23.239382604315203], [-50.61563888699993, -23.239043603315224], [-50.61610001299994, -23.23857734331523], [-50.617113594999985, -23.237857516315234], [-50.61794253299996, -23.237392156315227], [-50.61886365699996, -23.236842031315273], [-50.620014786999945, -23.236249984315297], [-50.62013474999998, -23.23616422431532], [-50.620844064999964, -23.23565713431528], [-50.62167393399994, -23.234851851315316], [-50.621957604999984, -23.234417510315314], [-50.62222805599998, -23.234003401315302], [-50.62287374999994, -23.23328264231533], [-50.62367245599996, -23.232589152315338], [-50.623703354999975, -23.232562321315385], [-50.623818147999934, -23.23250555831536], [-50.624301885999955, -23.232266331315365], [-50.62554430799997, -23.231886891315405], [-50.62660235499993, -23.23167696931539], [-50.62752187299998, -23.231679151315394], [-50.62756099999996, -23.231675504315366], [-50.62885553299998, -23.231554840315365], [-50.62908167099994, -23.231475070315412], [-50.62945380499997, -23.231343804315376], [-50.63025436199996, -23.230956816315384], [-50.63032852199996, -23.230920976315424], [-50.63110570199996, -23.23037462231539], [-50.63111162699994, -23.230370462315385], [-50.63107704599998, -23.230295362315445], [-50.63070029499994, -23.229477225315446], [-50.63070170299994, -23.228965339315444], [-50.630702543999966, -23.228659685315453], [-50.63070282599994, -23.228557161315454], [-50.630702982999935, -23.228499986315455], [-50.630644762999964, -23.22806044531549], [-50.63056786599998, -23.227479935315476], [-50.630617466999986, -23.226162897315476], [-50.63089529499996, -23.225441234315518], [-50.631153241999975, -23.22466503731555], [-50.63121979599998, -23.224464750315573], [-50.631426578999935, -23.224099513315533], [-50.631820361999985, -23.22340393331559], [-50.63191728299995, -23.223049449315585], [-50.63214543299995, -23.222215003315597], [-50.631734827999935, -23.22106684331561], [-50.63114814099998, -23.22049157631565], [-50.630909541999976, -23.220257613315617], [-50.62967052299996, -23.21944741531569], [-50.62919057699997, -23.219023853315658], [-50.62875330999998, -23.2186379583157], [-50.62826594299997, -23.21816136531568], [-50.62788220999994, -23.21778612231568], [-50.62733197499995, -23.217274948315698], [-50.626662289999956, -23.216167946315753], [-50.62650827399995, -23.21591335031577], [-50.626510862999965, -23.214978601315785], [-50.626651143999936, -23.214129153315806], [-50.62709664799996, -23.213385004315818], [-50.627159168999974, -23.21328057631582], [-50.627139323999984, -23.213262140315816], [-50.62713661899995, -23.213259627315793], [-50.62709855099995, -23.21322425631583], [-50.62665479899994, -23.21281200031584], [-50.62628846299998, -23.212301258315822], [-50.62629047199994, -23.211578951315847], [-50.62638394199996, -23.21102681931587], [-50.62666152299993, -23.210390145315856], [-50.62668813099999, -23.21032102931585], [-50.62693934799995, -23.209668488315902], [-50.62730956799993, -23.20877709731587], [-50.62767931299993, -23.208055660315907], [-50.62781898099997, -23.207418653315962], [-50.627728814999955, -23.206781107315965], [-50.62778467399994, -23.20610747531596], [-50.627823931999956, -23.205634126315953], [-50.62782991799998, -23.20561452931595], [-50.62814863099993, -23.204572667316015], [-50.62860982799999, -23.204021401316023], [-50.629475046999964, -23.20346806831601], [-50.62966893299995, -23.203344068316042], [-50.630823059999955, -23.20279434531604], [-50.63091165999998, -23.202752142316022], [-50.630962144999955, -23.202713722316016], [-50.63224746599997, -23.20173553431606], [-50.63277899499996, -23.20101882631605], [-50.632939507999936, -23.200802388316067], [-50.63367842499997, -23.19952944231612], [-50.633819708999965, -23.199055298316132], [-50.63395676299996, -23.19859532731613], [-50.634362160999956, -23.197726962316178], [-50.63451157299995, -23.197406923316144], [-50.63497363699997, -23.196515724316214], [-50.635895216999984, -23.195668080316196], [-50.636077444999955, -23.1955004753162], [-50.636378542999985, -23.1952235313162], [-50.63681679399998, -23.194820425316237], [-50.63773926999994, -23.19363285231623], [-50.63823661699996, -23.193003991316253], [-50.63884614299997, -23.192233259316293], [-50.639538089999974, -23.19130008231628], [-50.64069436099993, -23.190232196316302], [-50.64095530999998, -23.190018832316337], [-50.64112783599996, -23.18987776731634], [-50.641565191999966, -23.189520167316335], [-50.64191516299997, -23.189260168316356], [-50.64276256499994, -23.188630617316342], [-50.64317541799994, -23.18849624231638], [-50.64418860699993, -23.188166465316343], [-50.64544799699996, -23.187753864316356], [-50.645665228999974, -23.18804812931639], [-50.64735801699993, -23.189753064316314], [-50.649264250999984, -23.19135247231627], [-50.65169238499993, -23.19372209231624], [-50.653044584999975, -23.195120838316218], [-50.65424340799996, -23.196262868316186], [-50.65538148599996, -23.197062943316194], [-50.65647754299993, -23.197477498316154], [-50.65673291999996, -23.197574086316166], [-50.656769349999934, -23.197587864316148], [-50.65681748999998, -23.197570563316148], [-50.65733986399994, -23.197382819316186], [-50.657553721999925, -23.197305956316182], [-50.65766125699997, -23.197267307316146], [-50.65908046899995, -23.196586754316172], [-50.66148600099996, -23.1957943773162], [-50.66348778199995, -23.195290621316218], [-50.664291875999936, -23.195088262316208], [-50.66607923799996, -23.19503510231622], [-50.66718812799997, -23.19520835831619], [-50.66811114399996, -23.1957799993162], [-50.66851067699997, -23.19620811731619], [-50.669001743999964, -23.19700672131618], [-50.66943216499993, -23.197406419316142], [-50.67007871499993, -23.19763565531613], [-50.671599644999965, -23.197323057316144], [-50.67282261699995, -23.197071683316192], [-50.67359676899997, -23.196940829316176], [-50.67448729199998, -23.196790285316162], [-50.677108981999936, -23.1957702383162], [-50.67920687399993, -23.19472058831619], [-50.67976092999998, -23.19418579931623], [-50.68047316799994, -23.19349830931624], [-50.68068075099995, -23.193040597316283], [-50.68170264699995, -23.192953423316244], [-50.68184115799995, -23.19268629631628], [-50.68232625099996, -23.191750758316275], [-50.68249841099998, -23.191326095316303], [-50.68273075899998, -23.19048964431631], [-50.68281201499996, -23.1903236003163], [-50.683278035999926, -23.18937129731636], [-50.68344800599993, -23.189021357316335], [-50.684229820999974, -23.188348129316363], [-50.684872274999975, -23.18791982631639], [-50.68525666599999, -23.187799017316394], [-50.685705085999984, -23.187658085316368], [-50.686712211999975, -23.18762451431641], [-50.687132762999966, -23.187610496316406], [-50.68772762699996, -23.187515317316382], [-50.688203519999945, -23.187372549316397], [-50.688412008999926, -23.187187227316407], [-50.68863182299998, -23.18699183631638], [-50.68908392099996, -23.186849068316388], [-50.689631196999976, -23.186849069316384], [-50.69055918599998, -23.187087015316404], [-50.69131235599997, -23.187110551316415], [-50.69132061399995, -23.18711080931641], [-50.692391370999985, -23.186825274316377], [-50.69293864799994, -23.186420766316413], [-50.693700074999974, -23.185921079316426], [-50.694314486999986, -23.18567743231644], [-50.69505636699995, -23.18565933831645], [-50.69596056299997, -23.185540365316424], [-50.69710270499996, -23.18525483031643], [-50.69805448899996, -23.184588580316454], [-50.69855417499997, -23.184041304316445], [-50.69922042399998, -23.183351261316496], [-50.699483416999946, -23.18307365731649], [-50.700172208999966, -23.1826374223165], [-50.70067189499997, -23.1819473793165], [-50.700699655999976, -23.181891858316526], [-50.70080514599994, -23.181680879316495], [-50.70105260899994, -23.18118595131654], [-50.70107640399994, -23.18049590731655], [-50.701076402999945, -23.180202854316533], [-50.701286986999946, -23.179815381316565], [-50.70185805699998, -23.179329971316562], [-50.70244340499995, -23.179187204316566], [-50.70364265299997, -23.179329972316545], [-50.704142339999976, -23.17938707931658], [-50.70445642899995, -23.179230034316554], [-50.70479906999997, -23.178844562316556], [-50.70509546699997, -23.178673564316583], [-50.70517026699997, -23.1786304103166], [-50.70552718599998, -23.178587579316574], [-50.70636951499995, -23.17857330331657], [-50.70653146199999, -23.17857635831661], [-50.706878718999974, -23.17868870731662], [-50.70802086099996, -23.17892665331657], [-50.709210591999984, -23.178807680316595], [-50.70987684099998, -23.17826040431659], [-50.710328937999975, -23.177713128316636], [-50.71054889099997, -23.177300716316644], [-50.71080958999995, -23.17688864531662], [-50.71086792999995, -23.17677992131666], [-50.71112367899997, -23.176488895316652], [-50.71159481199994, -23.176003485316645], [-50.711980283999935, -23.17576078031665], [-50.71259418499994, -23.175546628316642], [-50.71290448999997, -23.17533562131669], [-50.713136701999986, -23.174976747316666], [-50.71332705999998, -23.17435808831668], [-50.71346982699998, -23.17392978531671], [-50.71361259399998, -23.17357286531672], [-50.71368594399996, -23.17349951631673], [-50.71373659999995, -23.173448860316693], [-50.713802950999934, -23.173382509316713], [-50.71451678999995, -23.17309697331673], [-50.71520683299997, -23.172978000316686], [-50.71573031499997, -23.172954206316735], [-50.715808347999946, -23.172946403316725], [-50.71620620699997, -23.172906616316734], [-50.716872455999976, -23.17276384931674], [-50.71772906199993, -23.172311751316705], [-50.718497594999974, -23.17206582131676], [-50.718918792999936, -23.171931038316746], [-50.720322674999984, -23.171931038316746], [-50.72170276199994, -23.172192778316724], [-50.72298766999995, -23.172740055316723], [-50.72384427699996, -23.17326353631672], [-50.72424082599996, -23.173554752316708], [-50.72431750099997, -23.173568612316675], [-50.72508768199998, -23.173970927316695], [-50.72578436099996, -23.17497456331668], [-50.72638634799995, -23.17515381831666], [-50.72766333299995, -23.175156032316664], [-50.72826608099995, -23.17499117031665], [-50.72931703699993, -23.17495295331665], [-50.73019743799995, -23.17488156931668], [-50.731512520999964, -23.17483460231668], [-50.731529935999966, -23.17483398031667], [-50.73245792599994, -23.17488156931668], [-50.73317176399996, -23.175309872316657], [-50.73409975399994, -23.17595232731663], [-50.73498015499995, -23.17695170031663], [-50.73531327899997, -23.177879690316583], [-50.735741581999946, -23.178807680316595], [-50.736645776999985, -23.179878437316553], [-50.73735961599994, -23.180663659316522], [-50.73850175599995, -23.18123473031653], [-50.738905124999974, -23.181335572316524], [-50.73954871899996, -23.181496471316507], [-50.74085742199997, -23.181663033316493], [-50.74157126199997, -23.18154406031652], [-50.74235648299998, -23.181448882316538], [-50.74282737999994, -23.181513833316487], [-50.74290636099994, -23.181509320316525], [-50.74301480899993, -23.181539685316523], [-50.74379865799994, -23.181759164316517], [-50.744441112999944, -23.182044699316496], [-50.74445492399996, -23.18204687931653], [-50.74511925999997, -23.182151774316523], [-50.74576171399997, -23.182223158316482], [-50.74626139999998, -23.182151774316523], [-50.746796778999965, -23.182151774316523], [-50.74733215799995, -23.182116082316536], [-50.747796152999975, -23.182223158316482], [-50.748260147999986, -23.1822945423165], [-50.74853880499995, -23.1822945423165], [-50.749437980999964, -23.18229454231649], [-50.750151819999985, -23.182151774316523], [-50.75075858199995, -23.182223158316482], [-50.75077557299994, -23.18222768931648], [-50.75129396099993, -23.182365925316482], [-50.75175795599995, -23.182544386316486], [-50.75261456099997, -23.182544385316497], [-50.75322548999998, -23.182398926316502], [-50.75324946699993, -23.182393218316495], [-50.75336409199997, -23.182365926316525], [-50.75432777299994, -23.182009007316527], [-50.755505606999975, -23.182009006316534], [-50.75636221199995, -23.18208039031649], [-50.75768281399996, -23.182544385316497], [-50.75864649599998, -23.182829921316472], [-50.759253256999955, -23.18293699731648], [-50.76018124799999, -23.18297268931645], [-50.76089508599994, -23.18297268931645], [-50.76160892499996, -23.1827942283165], [-50.762322762999986, -23.182473002316467], [-50.76296521599994, -23.182151774316523], [-50.763821822999944, -23.182009007316527], [-50.76535657499995, -23.18200900731652], [-50.76646302499995, -23.182473001316488], [-50.76739101399994, -23.182972688316475], [-50.768049232999935, -23.183348813316464], [-50.76814054499994, -23.1834009913165], [-50.76899715099995, -23.183472375316462], [-50.76971098899998, -23.183329607316473], [-50.769928591999985, -23.183265607316475], [-50.77031775199998, -23.183151148316494], [-50.77121004899994, -23.183079764316474], [-50.77268120799994, -23.183409507316473], [-50.773351564999984, -23.183650835316488], [-50.77460078099995, -23.184221905316456], [-50.77592138199998, -23.18490005231647], [-50.77617797699997, -23.184918380316414], [-50.777420441999936, -23.18500712831641], [-50.778669658999945, -23.184971436316438], [-50.779490573999965, -23.184792976316462], [-50.78126327199994, -23.185804247316423], [-50.78250309099997, -23.187841096316358], [-50.78379057799999, -23.18860586431635], [-50.78599149399997, -23.18919698631633], [-50.78779679799993, -23.190718631316333], [-50.78964588699995, -23.192061512316275], [-50.78853006299994, -23.19736507831616], [-50.78774373599999, -23.201925366316047], [-50.789293572999945, -23.207329051315963], [-50.793852449999974, -23.211149744315833], [-50.795516429999964, -23.214299314315763], [-50.79612641599994, -23.2181989353157], [-50.79639377199993, -23.219908093315635], [-50.80121208299993, -23.22691032731551], [-50.801758765999985, -23.22769156331546], [-50.80432279199993, -23.231355531315394], [-50.80668021499997, -23.232647894315367], [-50.808049695999955, -23.23295341131537], [-50.80788022199994, -23.236497990315293], [-50.80869989399997, -23.23811946331525], [-50.808674989999986, -23.23876207831524], [-50.80864300099995, -23.239587948315194], [-50.80858690099995, -23.240499395315197], [-50.80875035199995, -23.241157911315163], [-50.80973496799999, -23.242425101315153], [-50.810718234999975, -23.24465443731507], [-50.81095176499997, -23.245180465315087], [-50.81148303699997, -23.246377108315073], [-50.81292258899998, -23.247274482315042], [-50.814494567999986, -23.24825436331498], [-50.816340098999945, -23.25011846731499], [-50.817283448999945, -23.25271392731488], [-50.817495091999945, -23.25355425431491], [-50.81788306999994, -23.255094689314863], [-50.81804583799993, -23.2563102303148], [-50.81798986299998, -23.257171049314806], [-50.817220705999944, -23.25853742731477], [-50.81716119099996, -23.258999790314764], [-50.81710991699998, -23.259398172314768], [-50.81710839699996, -23.260512243314764], [-50.81705957199994, -23.260605435314712], [-50.816502996999986, -23.261667784314678], [-50.817643465999936, -23.261459987314712], [-50.819000081999945, -23.2613855973147], [-50.81969883199997, -23.261424386314733], [-50.821177847999934, -23.262033753314693], [-50.82273959299994, -23.262263402314694], [-50.82393014199994, -23.26344210931468], [-50.82438101899999, -23.26443008731465], [-50.82420273499997, -23.265302775314613], [-50.824132789999965, -23.265645160314605], [-50.824419294999984, -23.26659497931462], [-50.825199952999974, -23.266899688314588], [-50.82647429599996, -23.2669011013146], [-50.82770763299993, -23.266826500314604], [-50.828653072999934, -23.26686551931458], [-50.829515851999986, -23.267246256314568], [-50.830501677999955, -23.267854999314544], [-50.83165161199998, -23.26872976531457], [-50.833278209999946, -23.27005847431448], [-50.834320667999975, -23.271163307314467], [-50.83547098199995, -23.27177219231447], [-50.83580918599995, -23.271772546314477], [-50.83662204799998, -23.27177339531448], [-50.838636372999986, -23.2718134533145], [-50.839376253999944, -23.27189017231449], [-50.839703215999975, -23.272076525314493], [-50.839910309999944, -23.272194564314457], [-50.84073182499998, -23.272765091314433], [-50.841635163999975, -23.2736775183144], [-50.842097696999986, -23.274248560314454], [-50.842497229999935, -23.274741817314386], [-50.843216009999935, -23.27510992331438], [-50.84346665199996, -23.275881167314385], [-50.84406890199995, -23.276489441314368], [-50.84412299999997, -23.277097170314377], [-50.84390267799996, -23.27800846431435], [-50.84379245699995, -23.278514750314297], [-50.844066012999974, -23.278970778314317], [-50.844558183999936, -23.279592184314303], [-50.844668103999936, -23.279730969314283], [-50.845763431999956, -23.280592923314288], [-50.846475346999966, -23.28120129631424], [-50.84685830999996, -23.281859984314284], [-50.84641896299997, -23.282568509314245], [-50.84585236499999, -23.283168231314242], [-50.845734524999955, -23.283172897314238], [-50.84340149999998, -23.28327448031424], [-50.841589226999986, -23.28335336531424], [-50.839849905999976, -23.28327125831421], [-50.83976950099997, -23.283258255314205], [-50.83884993399994, -23.28310954931422], [-50.83859248899996, -23.28282351231425], [-50.837981395999975, -23.282144546314264], [-50.83793490399995, -23.282142237314236], [-50.83715522899996, -23.282103519314248], [-50.835962651999985, -23.282869518314243], [-50.835719088999944, -23.2830259583142], [-50.83428402399994, -23.283064621314246], [-50.83316381999998, -23.282466019314242], [-50.833154155999985, -23.28246085531423], [-50.833095123999954, -23.28247706631422], [-50.830239636999984, -23.28326115531424], [-50.82858662599994, -23.283701241314198], [-50.82716793999998, -23.284380074314182], [-50.82710978399996, -23.284407900314186], [-50.82681570799997, -23.284548610314165], [-50.82523614699994, -23.285304392314146], [-50.82360245299998, -23.285782565314175], [-50.823455569999965, -23.285825556314165]]]}, "properties": {"objectid": 698, "nome": "Rio Congonhas 2", "area_km2": 1033.09529265, "impeditivo": "Sim", "portaria": "233/2018", "tipo": "Ativo", "icms": "Sim", "Shape__Area": 0.09134613933626386, "Shape__Length": 1.9197283868731312}}, {"type": "Feature", "id": 734, "geometry": {"type": "Polygon", "coordinates": [[[-50.68250801799996, -23.554590739308136], [-50.68250325599996, -23.55461620830811], [-50.682731708999945, -23.557124074308025], [-50.68282659099998, -23.557582795308047], [-50.68337386099995, -23.56022867430799], [-50.68402536699995, -23.562043722307916], [-50.68455177199996, -23.563510221307887], [-50.68513092099993, -23.564432596307878], [-50.685882179999965, -23.5650158573079], [-50.688178215999976, -23.565509726307848], [-50.68977470699997, -23.565959165307877], [-50.69069419299996, -23.566094870307857], [-50.691225559999964, -23.56658679630784], [-50.69165906899997, -23.56752477130782], [-50.691207308999935, -23.569671986307732], [-50.69065423099994, -23.57097459230775], [-50.69016394899995, -23.57212927130769], [-50.68882472799999, -23.574312697307676], [-50.68810980999996, -23.57572385530764], [-50.68703752099997, -23.577861517307596], [-50.68642228199997, -23.57964364030755], [-50.68614192899997, -23.580455694307524], [-50.686100516999936, -23.580659648307545], [-50.685374973999956, -23.583911658307454], [-50.68488899199997, -23.584669287307413], [-50.68411281999994, -23.585292452307424], [-50.682423452999956, -23.585640113307402], [-50.67966956699997, -23.585673818307413], [-50.67845966999994, -23.585448198307397], [-50.676331158999965, -23.584685163307427], [-50.67570206399995, -23.584549979307443], [-50.67502400299997, -23.58463781130747], [-50.67312172099997, -23.585403590307386], [-50.671707912999985, -23.586422469307387], [-50.66987116299998, -23.588029552307358], [-50.66788387299994, -23.588873179307342], [-50.66594576699998, -23.58940451530731], [-50.66479459899995, -23.589881745307313], [-50.66405447599993, -23.590560667307315], [-50.66358082299996, -23.591173226307284], [-50.663385094999974, -23.591976039307283], [-50.66372474999998, -23.593388715307224], [-50.66419284599993, -23.59446008630722], [-50.66475311399996, -23.595498836307215], [-50.66489088099996, -23.596666366307158], [-50.664316370999984, -23.598611643307127], [-50.66375277599997, -23.599696830307103], [-50.66312100199996, -23.600587946307076], [-50.66282818099995, -23.601479794307032], [-50.66283714999998, -23.60270697930701], [-50.66297854399994, -23.60422451030697], [-50.66250852699994, -23.605366366306946], [-50.661441958999944, -23.606212869306972], [-50.66037865199997, -23.60644233830694], [-50.659562370999936, -23.606468933306957], [-50.658622556999944, -23.606622974306916], [-50.657697624999976, -23.606975722306927], [-50.65683380899997, -23.607513088306916], [-50.65612373099998, -23.608150127306928], [-50.65494899599998, -23.609793719306875], [-50.65331220799993, -23.611436270306818], [-50.65229142499992, -23.61262313330678], [-50.65125260899998, -23.614593677306758], [-50.65054807299998, -23.615782619306728], [-50.649733681999976, -23.616631160306685], [-50.64880898799998, -23.61730937130672], [-50.64737440299996, -23.61810816530669], [-50.64509462799998, -23.619740921306644], [-50.64324143699997, -23.621374622306615], [-50.64174355999996, -23.62307464130657], [-50.64102926899995, -23.62425231430657], [-50.640385358999936, -23.625692219306526], [-50.64009519399997, -23.627788121306484], [-50.64015803999996, -23.628361965306453], [-50.64016083599995, -23.62838748830648], [-50.640168691999975, -23.628459224306475], [-50.63921593499998, -23.63111651630639], [-50.63689837599997, -23.63249842630638], [-50.63547751999994, -23.63349419830637], [-50.63422562399995, -23.633721817306355], [-50.63322546099994, -23.633412040306318], [-50.632234832999984, -23.635379567306305], [-50.631637412999964, -23.637759340306225], [-50.631321044999936, -23.639019526306225], [-50.62921675499996, -23.6442175373061], [-50.62728528599995, -23.648167214306003], [-50.62522312999994, -23.650736633305947], [-50.62445118499994, -23.651698431305906], [-50.622015302999955, -23.654189960305853], [-50.62185449699996, -23.65438790230584], [-50.62175795599995, -23.654506737305862], [-50.620828091999954, -23.65565137930583], [-50.62049957399996, -23.656055770305834], [-50.62020138999998, -23.656422819305806], [-50.61908466199998, -23.657282236305804], [-50.618786133999954, -23.657511986305817], [-50.61833169799997, -23.658395371305797], [-50.61814942199993, -23.658504514305772], [-50.61686050999998, -23.659276254305755], [-50.616632296999974, -23.660056147305756], [-50.616842894999934, -23.661125246305737], [-50.61702193499997, -23.66203425430574], [-50.61741023099995, -23.664480630305643], [-50.617847887999964, -23.665021133305657], [-50.618254512999954, -23.66552331530563], [-50.61967171999998, -23.66713054630558], [-50.61909307999997, -23.668543124305522], [-50.619145645999936, -23.66989603030553], [-50.61963825799995, -23.671269372305517], [-50.61981811699996, -23.67177076730547], [-50.62049299099994, -23.672813024305494], [-50.62068155899994, -23.673238033305445], [-50.621278761999974, -23.674583969305417], [-50.62127480399994, -23.675957474305395], [-50.621274676999974, -23.676001372305404], [-50.62127306399998, -23.676561096305353], [-50.621232170999974, -23.677260755305355], [-50.61991422799997, -23.677598370305333], [-50.61934659699995, -23.67853351430535], [-50.61841281399995, -23.680005559305272], [-50.618325036999984, -23.6801439383053], [-50.61691010399995, -23.681024955305254], [-50.61628471899996, -23.682376181305223], [-50.61656309799997, -23.683781681305227], [-50.617295559999945, -23.684459875305187], [-50.61751076399997, -23.68459787230522], [-50.618028643999935, -23.684929966305194], [-50.61863831899996, -23.6853703923052], [-50.619035481999965, -23.68565730030516], [-50.62049056299998, -23.686708416305173], [-50.61872279599999, -23.686839706305133], [-50.61863185399995, -23.686846318305175], [-50.61782835899999, -23.68690473130515], [-50.617272388999936, -23.686945146305156], [-50.61664608199993, -23.686990670305125], [-50.61582037599993, -23.686794931305133], [-50.61469909799996, -23.686529118305145], [-50.61431719499995, -23.68643857430516], [-50.61333107599995, -23.686029878305146], [-50.61186155299998, -23.68576905530518], [-50.61037807099996, -23.685921421305196], [-50.60992160699994, -23.685832647305194], [-50.609361710999956, -23.68572374930518], [-50.60745543899998, -23.685562838305174], [-50.60610022499998, -23.685325265305167], [-50.604965953999965, -23.68478244930518], [-50.60477972799998, -23.684483729305203], [-50.60450831199995, -23.684032152305235], [-50.60444725199994, -23.68386185930524], [-50.604443525999955, -23.68381556630522], [-50.604417574999964, -23.68349314930522], [-50.604171809999976, -23.683308212305253], [-50.60401188299994, -23.683097301305253], [-50.60375303899997, -23.682983055305233], [-50.60355686099996, -23.68302307330523], [-50.603402962999944, -23.683008507305225], [-50.60326381099998, -23.683206640305244], [-50.603278770999964, -23.683348452305225], [-50.60334018199996, -23.683405325305223], [-50.603509221999964, -23.683505007305214], [-50.60367810099996, -23.6836613953052], [-50.603785002999984, -23.683945235305206], [-50.603930298999956, -23.68422710530523], [-50.60392613799996, -23.685607000305158], [-50.603872950999964, -23.685990239305173], [-50.60381064099994, -23.686439185305172], [-50.604202665999935, -23.687584841305156], [-50.604575799999964, -23.688045676305105], [-50.60470925399994, -23.688210489305128], [-50.605949856999985, -23.688994105305085], [-50.60735980499993, -23.689830167305082], [-50.60733136899995, -23.690752314305044], [-50.60732985999993, -23.690801249305043], [-50.60729724099997, -23.691859170305058], [-50.60712431899997, -23.693003394305006], [-50.60638748599996, -23.693781967304975], [-50.60615805599997, -23.69492604530498], [-50.60598049599997, -23.69534499930498], [-50.60573600399993, -23.695921875304933], [-50.60547520199998, -23.69653723130495], [-50.605306250999945, -23.69775912330491], [-50.60575271199997, -23.698202889304888], [-50.606712614999935, -23.698413457304884], [-50.607616021999945, -23.698623859304867], [-50.609083821999945, -23.69904381730488], [-50.60976030299997, -23.69956582230484], [-50.61066278399994, -23.700526425304844], [-50.61158741299994, -23.70040412630485], [-50.61184520299997, -23.700295344304877], [-50.61221540899999, -23.70026001530486], [-50.612776321999945, -23.700206484304857], [-50.61321650299993, -23.700432711304835], [-50.61308007099995, -23.701101009304818], [-50.61305442099996, -23.701452268304823], [-50.613006687999984, -23.70210592630478], [-50.612977065999985, -23.702444571304785], [-50.61275547499998, -23.703326202304787], [-50.61269939099998, -23.703779764304798], [-50.61275309499996, -23.704132780304754], [-50.612860800999954, -23.704737983304753], [-50.61307897599994, -23.705015781304763], [-50.613349722999935, -23.705182863304735], [-50.613926872999976, -23.705244749304747], [-50.61404493299995, -23.705236896304754], [-50.61502202299994, -23.705171866304728], [-50.61640008499995, -23.704931067304745], [-50.61806913099997, -23.70460296730476], [-50.61852955599994, -23.70451245330473], [-50.61889138299995, -23.704701907304738], [-50.619350887999985, -23.70504499930472], [-50.61973654599996, -23.70523743630472], [-50.620032769999966, -23.705539090304715], [-50.620106214999964, -23.705826504304724], [-50.62010435399998, -23.706469388304704], [-50.61998416599993, -23.706934149304683], [-50.619670750999944, -23.707431864304667], [-50.61892670599997, -23.707927914304694], [-50.61804539099995, -23.70894548330467], [-50.61769726899996, -23.709236987304617], [-50.61670549399997, -23.710067401304606], [-50.61570938399995, -23.711154999304615], [-50.61532418899998, -23.7122792733046], [-50.61517959999998, -23.71241996530459], [-50.61471139699995, -23.712875536304566], [-50.61410119499993, -23.712592699304576], [-50.61375913299997, -23.712029230304612], [-50.61315058599997, -23.711183787304627], [-50.61292883199996, -23.71101953230461], [-50.612486420999964, -23.71069183230461], [-50.612388458999924, -23.71061926430459], [-50.61185339299993, -23.71075857730463], [-50.61146962499998, -23.711390556304604], [-50.61146790299995, -23.71197184230459], [-50.611466604999976, -23.71241028930461], [-50.610967321999965, -23.713358448304547], [-50.61068753499996, -23.71358122730455], [-50.61008685899998, -23.714059509304555], [-50.60998914999993, -23.714307259304515], [-50.609909207999976, -23.714509981304555], [-50.609740530999936, -23.71493772230451], [-50.60905142499996, -23.715498589304538], [-50.60798176999998, -23.715601373304516], [-50.60785504399996, -23.715554848304496], [-50.607469269999974, -23.715413218304526], [-50.606415527999964, -23.71573805030451], [-50.605956499999934, -23.715983025304492], [-50.60534321499995, -23.716719894304507], [-50.605183213999965, -23.717302316304476], [-50.60507292199998, -23.717703789304483], [-50.60503197799994, -23.71861793430443], [-50.604968661999976, -23.718726929304424], [-50.60489298999993, -23.71885719730445], [-50.60437932599996, -23.719741495304444], [-50.60414911299995, -23.720092540304382], [-50.60414794599996, -23.720479335304425], [-50.604452315999936, -23.720866902304376], [-50.605024033999946, -23.721255169304378], [-50.60551968899995, -23.721537741304374], [-50.60616716499993, -23.72213716830436], [-50.60727201299994, -23.723054226304363], [-50.607926016999954, -23.723388596304314], [-50.60837792599995, -23.7236196443043], [-50.60917956099996, -23.723762325304293], [-50.60963735499997, -23.723939298304305], [-50.61000702899997, -23.724360530304303], [-50.61008811099998, -23.72445292030433], [-50.61013220299997, -23.72450316130432], [-50.610735115999944, -23.7255219773043], [-50.610769104999974, -23.7255794093043], [-50.61077608499994, -23.7255912073043], [-50.61077824399997, -23.725594853304283], [-50.611196193999945, -23.726334336304287], [-50.61126902199993, -23.726585179304287], [-50.61157426799997, -23.72763633130426], [-50.61175877799997, -23.72818514730424], [-50.61214218699996, -23.72932559930423], [-50.61241922399996, -23.73035772330416], [-50.61244441799994, -23.730451585304177], [-50.61244233899998, -23.73115484830416], [-50.61251737899993, -23.731956757304165], [-50.61259044199995, -23.732737580304157], [-50.612588674999984, -23.733335343304116], [-50.612472319999945, -23.733932829304095], [-50.612055055999974, -23.734386471304116], [-50.611859203999984, -23.734599395304098], [-50.61145140399998, -23.73564510630409], [-50.61105093399993, -23.73667201130401], [-50.60943090299997, -23.737676599303985], [-50.60828508399993, -23.737638537304008], [-50.60759701799998, -23.737812609303994], [-50.607404652999946, -23.73826924430402], [-50.607365094999984, -23.738726276304003], [-50.607859547999965, -23.739430789304002], [-50.607878426999946, -23.739493526304], [-50.60800910599994, -23.73992779930399], [-50.60747557899999, -23.740097926303978], [-50.60686429799995, -23.74013152730396], [-50.606338204999986, -23.740060979303955], [-50.606329743999936, -23.740059845303964], [-50.60579519099997, -23.73998816130398], [-50.60552716099994, -23.740198448303943], [-50.60540381199996, -23.740376649303965], [-50.605330624999965, -23.740482381303988], [-50.605167662999975, -23.740717808303923], [-50.604798218999974, -23.74125149530395], [-50.60387933599997, -23.741952409303924], [-50.60331777799996, -23.742367549303935], [-50.602573131999975, -23.742918031303923], [-50.60203605699996, -23.743315060303903], [-50.60199780499994, -23.743323216303896], [-50.60199472299996, -23.74332084230388], [-50.60198876099997, -23.74331624730387], [-50.601975539999955, -23.743306061303873], [-50.60119292999997, -23.74290043230387], [-50.60046479699997, -23.742852670303918], [-50.60045643199993, -23.74285536630389], [-50.59981568399996, -23.74306204030391], [-50.59916919199998, -23.74349038630389], [-50.59916033099995, -23.743496257303864], [-50.59915187099995, -23.743501863303873], [-50.59914840299996, -23.74350416030391], [-50.59912592799998, -23.74351905230388], [-50.598586842999964, -23.743636941303905], [-50.59855602999994, -23.74363227630389], [-50.59647211799995, -23.74331690330392], [-50.59645128199998, -23.74330434730392], [-50.59598466899996, -23.743023161303874], [-50.59564220699997, -23.742805938303885], [-50.59544448899993, -23.742680503303916], [-50.59486888499998, -23.742370267303897], [-50.59457515399998, -23.742196166303938], [-50.594222799999955, -23.74200574130392], [-50.59388182599997, -23.74191271330394], [-50.59355238699994, -23.741895591303898], [-50.59353970199993, -23.741897474303936], [-50.59315795199995, -23.741954165303945], [-50.592857564999974, -23.742061673303915], [-50.59216813599994, -23.742417361303925], [-50.591838207999956, -23.74255730430389], [-50.59164972599996, -23.742616330303925], [-50.59144371899998, -23.742632045303942], [-50.591427315999965, -23.742629228303876], [-50.59115559199995, -23.742582597303905], [-50.59089707399993, -23.742478945303905], [-50.59065646999995, -23.742294228303937], [-50.59041576499993, -23.742109417303894], [-50.59029700099995, -23.741995656303935], [-50.59024563999998, -23.741946473303944], [-50.59001740499996, -23.741572199303935], [-50.589887715999964, -23.74109268330396], [-50.58983708399995, -23.740905488303934], [-50.58981019999993, -23.740821434303918], [-50.589772951999976, -23.740704980303967], [-50.58964443199994, -23.740417588303963], [-50.58955651499998, -23.740325224303938], [-50.589356459999976, -23.740152077303943], [-50.588834737999946, -23.739700521303988], [-50.588465269999965, -23.739342033303963], [-50.588406857999985, -23.73922689330398], [-50.588392247999934, -23.739198108303988], [-50.58827813499994, -23.73897328230398], [-50.58812591999998, -23.738734510304003], [-50.588067181999975, -23.73869109030401], [-50.58792025999998, -23.738641922303962], [-50.58787454199995, -23.738645874304012], [-50.587823267999966, -23.738650307303974], [-50.58773780699994, -23.738657695303996], [-50.58730817399999, -23.738710655304004], [-50.58728090699998, -23.73870752830399], [-50.58706708399995, -23.73868300230399], [-50.58697311399993, -23.73861229730401], [-50.586732843999975, -23.738324607304016], [-50.58607067199995, -23.737477942303993], [-50.58561357599996, -23.73690803630405], [-50.58541464499996, -23.736549998304056], [-50.585016957999976, -23.735812426304033], [-50.58494371399996, -23.735703841304066], [-50.58487056899998, -23.73559534630407], [-50.58474144599995, -23.735502959304075], [-50.58458273499997, -23.73545917730404], [-50.58430029399994, -23.735447579304076], [-50.58429584599998, -23.73544937130406], [-50.58374718999993, -23.735670817304065], [-50.58345019099994, -23.73573270530407], [-50.58218206699996, -23.735968281304036], [-50.581792366999935, -23.736024132304042], [-50.58069177799997, -23.736089434304034], [-50.58032683799996, -23.73613396730403], [-50.579497634999946, -23.736353733304068], [-50.57894701899993, -23.736500186304024], [-50.57889549999992, -23.736500046304023], [-50.578804753999975, -23.736499799304017], [-50.578631893999955, -23.736431042304062], [-50.57824319799993, -23.736173822304032], [-50.57813215699997, -23.73610523330407], [-50.57808920599996, -23.73611038630404], [-50.578039399999966, -23.73611636130406], [-50.577903171999935, -23.73618996530408], [-50.577835139999934, -23.736201163304052], [-50.57782316399994, -23.736194513304074], [-50.57777333899997, -23.736166848304066], [-50.57765020799996, -23.736012873304077], [-50.57752707999998, -23.73585889130406], [-50.577416108999955, -23.735767543304046], [-50.57726788599996, -23.73572730430406], [-50.57708858799998, -23.73570974230408], [-50.57707974599998, -23.735713781304057], [-50.57698953899995, -23.735754995304063], [-50.576840837999946, -23.735862707304054], [-50.576586444999975, -23.736129460304056], [-50.57635697999995, -23.736362231304067], [-50.57622062599995, -23.73647566730405], [-50.57609044299994, -23.736560664304047], [-50.57585529699998, -23.736639685304006], [-50.57563881999993, -23.736678924304066], [-50.57539761199995, -23.736689643304047], [-50.57537836599994, -23.736688067304055], [-50.57460650799994, -23.736624874304045], [-50.573871218999955, -23.736503353304062], [-50.57368586599995, -23.736445936304015], [-50.57309340299997, -23.73612554630407], [-50.572994575999985, -23.736102511304043], [-50.57296801699994, -23.736108188304026], [-50.57288941799993, -23.73612498230407], [-50.57209047899994, -23.73653826730404], [-50.57176865999998, -23.736656874304018], [-50.57162624699998, -23.736730548304042], [-50.57150825699995, -23.736866788304056], [-50.571334061999956, -23.73720773130402], [-50.57120944999997, -23.73750906730403], [-50.57117129999995, -23.737833404304002], [-50.57112761899998, -23.73795847330404], [-50.57100976199997, -23.738083336304037], [-50.570916644999954, -23.738174126304024], [-50.57081722299995, -23.738333270303976], [-50.57071088899994, -23.738714236304], [-50.57063635699995, -23.738822144304006], [-50.570475227999964, -23.73894697930402], [-50.57042544199993, -23.739049267303997], [-50.570356395999966, -23.73933928630398], [-50.570118625999946, -23.74021513030397], [-50.56992555999995, -23.74065284530392], [-50.56953387699998, -23.741306245303942], [-50.56895484899996, -23.742534032303922], [-50.568625064999935, -23.74315914930389], [-50.56837657999995, -23.743528333303896], [-50.56816559599997, -23.74377252030392], [-50.567992000999936, -23.74389722430388], [-50.56783095999998, -23.74399351230388], [-50.56775031699994, -23.74407873330389], [-50.56766942799993, -23.74423784130387], [-50.567538841999976, -23.744470781303864], [-50.567371141999956, -23.744680946303856], [-50.566980547999954, -23.745026969303865], [-50.566434615999974, -23.74558318930382], [-50.566292128999976, -23.745645474303835], [-50.56605678699999, -23.745775694303838], [-50.565430635999974, -23.746286162303846], [-50.56531301199993, -23.746337046303807], [-50.56520776299993, -23.74635382130382], [-50.565182807999975, -23.74634943930382], [-50.56510891399995, -23.746336472303803], [-50.56475719499996, -23.746141915303816], [-50.564460526999945, -23.74609555930383], [-50.56415147299998, -23.746083304303834], [-50.56413897099998, -23.746084705303858], [-50.56375559099997, -23.74612771130385], [-50.563470863999946, -23.746206664303802], [-50.56243111099997, -23.74653945830383], [-50.56231953199995, -23.746601737303845], [-50.56166889599995, -23.747032454303806], [-50.561439732999986, -23.747162684303827], [-50.56111155899999, -23.7472927203038], [-50.56080223999993, -23.747360130303786], [-50.560641145999966, -23.747439338303824], [-50.56031866099994, -23.747745790303785], [-50.560070905999964, -23.747858895303796], [-50.55974298099994, -23.747943317303786], [-50.55935943399994, -23.74799343930379], [-50.558852369999954, -23.748009064303794], [-50.55883521899995, -23.7480078543038], [-50.55880084699999, -23.74800891630376], [-50.55825736099996, -23.747970691303802], [-50.55787847599999, -23.747543731303782], [-50.557605397999964, -23.74716422230382], [-50.55691088999999, -23.74640477530383], [-50.556840997999984, -23.746354447303855], [-50.556500454999934, -23.746109053303805], [-50.55582718799997, -23.7458020033038], [-50.55498211099996, -23.74561016530384], [-50.55459372499996, -23.745556477303854], [-50.55441082199996, -23.745555950303856], [-50.553884506999964, -23.74572279830384], [-50.55357328599996, -23.745772388303845], [-50.55349572599994, -23.745784720303828], [-50.553164411999944, -23.745741672303833], [-50.55279895999996, -23.74566699930385], [-50.55195435499997, -23.745338486303865], [-50.54970441599994, -23.744900559303854], [-50.54945303099998, -23.744899826303886], [-50.54829795699993, -23.745117390303843], [-50.54804657899996, -23.745085131303817], [-50.54736166599998, -23.744862195303828], [-50.54685940799993, -23.744681882303837], [-50.546095185999945, -23.744269297303866], [-50.54585550799993, -23.744173934303852], [-50.54503317299998, -23.744024197303897], [-50.544599106999954, -23.743959785303876], [-50.544560804999946, -23.743941066303908], [-50.54448494599996, -23.743278141303886], [-50.544147615999975, -23.74322934330387], [-50.54360003499994, -23.743387950303866], [-50.54357588099999, -23.74339494930392], [-50.543553378999945, -23.743404613303863], [-50.54333681199995, -23.743497646303894], [-50.54313387599996, -23.74358482730387], [-50.543009464999955, -23.743608023303896], [-50.542250603999946, -23.7437494993039], [-50.54219663299995, -23.743761759303858], [-50.541211319999945, -23.743985406303885], [-50.54074326299997, -23.744199095303852], [-50.53996391899995, -23.744340167303864], [-50.53991879299998, -23.74434003830386], [-50.53973563899996, -23.744339496303855], [-50.539574493999964, -23.744339017303865], [-50.53911979099997, -23.744250391303876], [-50.538329190999946, -23.7440963143039], [-50.538161370999944, -23.744071662303853], [-50.537498848999974, -23.7439743433039], [-50.537466638999945, -23.74396480130386], [-50.53732102099997, -23.74392167130387], [-50.536928294999946, -23.74380534630391], [-50.53661760099993, -23.74356542730388], [-50.53644738299993, -23.743321539303885], [-50.536049325999954, -23.74275118730389], [-50.53578792899998, -23.742243816303933], [-50.53576570399998, -23.742200678303906], [-50.53555979799996, -23.74169819330395], [-50.535546444999966, -23.741675735303904], [-50.53551349899993, -23.74162034130395], [-50.53527187599997, -23.741214078303955], [-50.535151208999935, -23.741011189303922], [-50.53514687799998, -23.741003906303916], [-50.53478670599998, -23.740670173303947], [-50.534758745999966, -23.740644261303924], [-50.53442151099995, -23.740571555303962], [-50.53439746499998, -23.740575697303925], [-50.53421513699993, -23.740607097303943], [-50.53387599299999, -23.74066550130395], [-50.533538503999985, -23.74066448330398], [-50.53344796199997, -23.74062247030394], [-50.53333116599998, -23.74056826830393], [-50.533332187999974, -23.740281488303992], [-50.53346411599995, -23.73968443030396], [-50.53358518699997, -23.73938103530397], [-50.53362544099997, -23.73928016230396], [-50.53367366399993, -23.739159300304003], [-50.533831816999964, -23.73849063030397], [-50.53382818699998, -23.73797859830402], [-50.533827798999944, -23.737923822304012], [-50.53371395399996, -23.737598335304025], [-50.53352683899994, -23.737091144304042], [-50.53341719899998, -23.73668715730402], [-50.53341716099993, -23.736687018304014], [-50.53337279999993, -23.736523562304026], [-50.53333437799995, -23.736479359304067], [-50.53317113299994, -23.736291553304024], [-50.53313556499996, -23.73625062830408], [-50.53298825299999, -23.736098954304023], [-50.53280019499993, -23.73585641730407], [-50.53266151099996, -23.73559133930404], [-50.53265479899994, -23.735167876304097], [-50.53267247399999, -23.73482009630408], [-50.53273161399995, -23.734359022304098], [-50.53275687999997, -23.734185175304123], [-50.53285668499995, -23.733837648304107], [-50.53293143999997, -23.73360346630411], [-50.53296011799995, -23.73344819230411], [-50.532964073999956, -23.733426773304117], [-50.53296493499994, -23.733422088304085], [-50.53297312099994, -23.73330001330411], [-50.53294964599996, -23.7333042063041], [-50.53284208399998, -23.733323417304103], [-50.532732426999985, -23.733266896304116], [-50.53269450699997, -23.733247352304126], [-50.53265381399996, -23.733141374304108], [-50.532667205999985, -23.732982114304132], [-50.53267096599996, -23.73293726230411], [-50.53267986199995, -23.732748250304137], [-50.53260456299996, -23.732516224304163], [-50.53257424599997, -23.732422782304127], [-50.53237889099995, -23.731628370304144], [-50.53232200999997, -23.73119803030417], [-50.53215838799997, -23.730741120304153], [-50.53210996299998, -23.730605902304184], [-50.53207341899997, -23.730434745304184], [-50.53199506699997, -23.730067838304187], [-50.53188069299995, -23.72938639530419], [-50.53173134599996, -23.7287933273042], [-50.53172710999997, -23.728776527304227], [-50.53147587899996, -23.728255974304243], [-50.53132266799997, -23.728032708304216], [-50.53120472599994, -23.727860834304227], [-50.53081676199998, -23.727465339304267], [-50.53058548699994, -23.72722142330423], [-50.53025430399998, -23.726872145304252], [-50.529925134999985, -23.726369277304244], [-50.52965456899994, -23.725812817304277], [-50.52952165499994, -23.72544162430431], [-50.52946181999994, -23.725274523304268], [-50.529229998999945, -23.724771959304288], [-50.52919510599998, -23.724312032304287], [-50.52917423499997, -23.724036913304317], [-50.52925377499997, -23.72357113830432], [-50.529254901999934, -23.72349502930436], [-50.529256921999945, -23.723358515304344], [-50.52914887299993, -23.723295201304353], [-50.528730010999936, -23.72304975530435], [-50.528400479999966, -23.72265443230435], [-50.528298141999976, -23.722486442304376], [-50.52814976899999, -23.72224287430435], [-50.52814888199999, -23.722241417304364], [-50.52782005499995, -23.72164893530437], [-50.52756833999996, -23.721271759304404], [-50.527277356999946, -23.720984091304416], [-50.527246702999946, -23.720942286304396], [-50.52694801999996, -23.7205349963044], [-50.52665763199997, -23.7200860193044], [-50.526498256999965, -23.719864328304425], [-50.52638644099994, -23.719708791304402], [-50.52630993599996, -23.719332149304435], [-50.52638923399997, -23.718938077304433], [-50.526546190999966, -23.718598004304415], [-50.52660572199994, -23.718292467304458], [-50.526617718999944, -23.718230893304433], [-50.52652588299998, -23.718243676304464], [-50.526483308999964, -23.718249602304457], [-50.52617742199993, -23.71829217630445], [-50.52563233799998, -23.71829049730442], [-50.52518479099996, -23.718235354304422], [-50.52465995999995, -23.71801866330444], [-50.524251995999975, -23.717784395304463], [-50.523941623999974, -23.71747873730447], [-50.52345657699994, -23.717029155304484], [-50.52334120799998, -23.716897034304456], [-50.523127011999975, -23.71665174130449], [-50.52275817599996, -23.716363824304498], [-50.52223381399995, -23.716021648304515], [-50.521853213999975, -23.71572175330452], [-50.52184559499994, -23.7157157503045], [-50.521107618999956, -23.715229529304494], [-50.520746471999985, -23.715105741304495], [-50.52073821299996, -23.715102916304527], [-50.52011612299997, -23.71486798330453], [-50.519688648999924, -23.714651573304543], [-50.51963818399997, -23.714614141304523], [-50.519106231999956, -23.714219595304545], [-50.518737876999985, -23.713806202304525], [-50.51831218099994, -23.713105850304572], [-50.51806142199997, -23.71247773730458], [-50.51788767899996, -23.712082877304564], [-50.51767506799996, -23.71166996630462], [-50.51744285399996, -23.711292848304605], [-50.517346851999946, -23.71093407130459], [-50.51734896199998, -23.710360519304604], [-50.51750738199996, -23.709626136304614], [-50.517646955999965, -23.70909437330465], [-50.517704808999945, -23.70887395430465], [-50.51787205299997, -23.708432240304674], [-50.517901378999966, -23.70835478330465], [-50.518025494999954, -23.70814223530467], [-50.51808426799994, -23.708041587304685], [-50.51821480299998, -23.707818046304656], [-50.51832393599994, -23.707593361304692], [-50.518340920999954, -23.707558392304673], [-50.51841386099994, -23.707408224304675], [-50.51838973699995, -23.707404924304665], [-50.51773001299994, -23.707314677304673], [-50.51687332999995, -23.707365775304694], [-50.51609410699996, -23.707524651304684], [-50.514983451999974, -23.707825882304668], [-50.51459543599998, -23.70791619230468], [-50.514223628999964, -23.708002729304702], [-50.51334741199997, -23.708071675304684], [-50.51272451499994, -23.708069715304678], [-50.51216021199997, -23.708014159304675], [-50.511829992999935, -23.707874700304707], [-50.511732639999934, -23.707833580304666], [-50.51134419199996, -23.707599345304672], [-50.511130874999935, -23.707383587304708], [-50.51074236299997, -23.707167275304695], [-50.51029505599996, -23.707058316304707], [-50.51025018699995, -23.707068936304715], [-50.50984694699997, -23.70716444230469], [-50.509554703999974, -23.707235206304677], [-50.50971671899998, -23.707077174304676], [-50.509847754999946, -23.706949356304666], [-50.510052893999955, -23.706749856304725], [-50.51007710199997, -23.70666632930471], [-50.510132587999976, -23.706474852304734], [-50.51018435699996, -23.70629620430471], [-50.51021147199999, -23.70598561630472], [-50.51011531999995, -23.705754542304728], [-50.51088352299996, -23.705577518304754], [-50.51112212299995, -23.705522535304702], [-50.51117353899997, -23.705510689304763], [-50.51171971499997, -23.70520173930474], [-50.51195693999995, -23.70507054230476], [-50.512707991999946, -23.70465518730474], [-50.513332478999985, -23.704226983304746], [-50.514112488999956, -23.703847064304746], [-50.514144031999926, -23.703841356304753], [-50.514433162999985, -23.703789054304767], [-50.514631915999985, -23.703753100304777], [-50.51509889699998, -23.703802358304767], [-50.51580603499997, -23.703876949304753], [-50.51626634699994, -23.70392550130476], [-50.51683767799995, -23.703831696304757], [-50.517861763999974, -23.703384614304774], [-50.51803345999998, -23.7033096563048], [-50.51809459799995, -23.70327133930479], [-50.518943925999956, -23.702738939304805], [-50.519222989999946, -23.702511055304775], [-50.51967280399998, -23.70214373530483], [-50.52027172399993, -23.70159593330482], [-50.52035085699999, -23.701523556304842], [-50.520766486999946, -23.70114339730482], [-50.52094534399998, -23.700692070304825], [-50.52095347799997, -23.700679330304837], [-50.520991692999985, -23.70057511330483], [-50.52110701299995, -23.70028411230485], [-50.52110166299997, -23.700184115304847], [-50.521082742999965, -23.699830425304857], [-50.52105842299995, -23.69937582430486], [-50.520749611999975, -23.698657919304896], [-50.52041502599997, -23.6978921353049], [-50.52020346399996, -23.697413014304896], [-50.52007293599996, -23.697117413304902], [-50.51994069799997, -23.696817937304964], [-50.51999460999997, -23.696811228304902], [-50.51998390199998, -23.69676937030493], [-50.51991089399996, -23.69648397430496], [-50.51988043699998, -23.695905287304935], [-50.51988555499997, -23.69586178030496], [-50.51987044299994, -23.695768945304923], [-50.519888529999946, -23.695594103304956], [-50.52000931499999, -23.695285952304946], [-50.52040015999995, -23.69485699430496], [-50.52105138999997, -23.69418986030496], [-50.52115664499996, -23.694039761304968], [-50.52125482299994, -23.69389975830501], [-50.521555142999944, -23.693471497304998], [-50.52170357099993, -23.693259838305], [-50.52206958699997, -23.69252011030504], [-50.52251362099997, -23.691732840305054], [-50.52271407299998, -23.69106909530507], [-50.52288136499993, -23.690515155305064], [-50.52319624299997, -23.689560185305066], [-50.52355701799997, -23.688667590305112], [-50.52356283799998, -23.68865317930512], [-50.523563312999954, -23.688649346305127], [-50.52361630699994, -23.688223178305147], [-50.52359207899997, -23.687919948305098], [-50.52359147699997, -23.687912413305153], [-50.52335631599993, -23.68766323230514], [-50.52322956999996, -23.687528928305113], [-50.523125128999936, -23.68741595930514], [-50.52306248999997, -23.687302427305138], [-50.52278886299996, -23.68698502030513], [-50.522586597999975, -23.686750392305147], [-50.52226324799994, -23.686359678305163], [-50.52212482199997, -23.686183151305173], [-50.52201530199995, -23.68604348630516], [-50.52178270599995, -23.68577988730517], [-50.52174260199996, -23.685636320305164], [-50.52162901999998, -23.68522975230517], [-50.52157894499994, -23.684727728305226], [-50.521633022999936, -23.684130435305235], [-50.52184226899993, -23.683677011305235], [-50.522315996999964, -23.683283052305242], [-50.52241489299996, -23.683200808305248], [-50.52259562299997, -23.682753659305227], [-50.52259818899996, -23.68274730330526], [-50.52259697699997, -23.68274361930522], [-50.522495515999935, -23.68243630730527], [-50.52226284799997, -23.68219660930525], [-50.522068085999926, -23.68207616130524], [-50.521952145999926, -23.682004460305265], [-50.52161490499998, -23.681979519305273], [-50.52112726899998, -23.681874294305242], [-50.520940751999944, -23.681834045305255], [-50.52068230699996, -23.68154646630529], [-50.52059865399997, -23.68127335030528], [-50.52057973099994, -23.681211568305294], [-50.52058243499994, -23.680470731305277], [-50.52056718599994, -23.6801370733053], [-50.52055840299994, -23.679944891305325], [-50.52058897699993, -23.67971151030529], [-50.52059476199997, -23.679667354305288], [-50.52061185799994, -23.67965430930528], [-50.52110576699994, -23.67927742930531], [-50.52110738799997, -23.679276317305312], [-50.521834154999965, -23.678777809305306], [-50.52194389599998, -23.678751805305353], [-50.52205363699994, -23.678725801305344], [-50.52243148599996, -23.678636267305308], [-50.52292480899996, -23.67859993330536], [-50.52305441799996, -23.678590386305306], [-50.523726212999975, -23.678552105305304], [-50.523893284999986, -23.67854259030532], [-50.52424830599995, -23.678522362305337], [-50.52474201599994, -23.678332693305336], [-50.525314255999945, -23.677952067305363], [-50.525348648999966, -23.677601344305376], [-50.525368140999944, -23.677402571305354], [-50.52534495699996, -23.677236564305336], [-50.52532821799997, -23.67711670730539], [-50.52529825399995, -23.67710112630537], [-50.52525111899996, -23.67707661430539], [-50.52468721599996, -23.676783375305366], [-50.52459940199998, -23.676737711305396], [-50.52454030699994, -23.67670698230539], [-50.523891867999964, -23.676633290305393], [-50.523802484999976, -23.6766278673054], [-50.52361695399997, -23.676616618305378], [-50.523476780999935, -23.676608114305377], [-50.52301032599996, -23.676439393305365], [-50.52225940399996, -23.676006904305382], [-50.52174114099995, -23.6758141153054], [-50.52122375099998, -23.675382346305433], [-50.520939460999955, -23.67507079630539], [-50.52070749699994, -23.67463989930539], [-50.52091638699994, -23.674282074305435], [-50.521100022999974, -23.673732972305455], [-50.52115452399993, -23.673016189305436], [-50.52105265399996, -23.672490113305486], [-50.52069261599996, -23.671604754305505], [-50.520586643999934, -23.67142436930549], [-50.52040696299997, -23.671118515305523], [-50.52038317199999, -23.671078030305527], [-50.52002105799995, -23.67076623830548], [-50.51979927799994, -23.670597294305498], [-50.51929655799995, -23.670214321305505], [-50.518597487999955, -23.669805875305514], [-50.51828352299998, -23.66945647730555], [-50.51808065699998, -23.669230712305517], [-50.51743541599995, -23.66829666330558], [-50.51712271499998, -23.667683277305596], [-50.51697172099995, -23.667387077305563], [-50.51657748599996, -23.666919031305593], [-50.516325876999986, -23.66662031130561], [-50.515783031999945, -23.666068945305604], [-50.515737042999945, -23.666028427305605], [-50.51526579199998, -23.665613267305627], [-50.51491432299997, -23.665235829305644], [-50.514774762999934, -23.66508596030561], [-50.51449095199995, -23.66465490030564], [-50.51428523799996, -23.664152385305652], [-50.513948564999964, -23.663984048305675], [-50.51371506199996, -23.66398331130567], [-50.51345551299993, -23.664006396305684], [-50.51301408899997, -23.664100605305677], [-50.51296015099996, -23.664112349305682], [-50.51244614399996, -23.664224265305663], [-50.51236492099997, -23.664241954305673], [-50.51176773499998, -23.664359564305624], [-50.51091262899996, -23.664675738305647], [-50.51080641399994, -23.66471500330566], [-50.50976698799996, -23.66514189830561], [-50.50975415099998, -23.665147304305627], [-50.50970288199994, -23.66516890230561], [-50.50909133399995, -23.665426540305596], [-50.50877962399994, -23.66552114330564], [-50.50859809299993, -23.665496676305636], [-50.50846908099994, -23.665305073305632], [-50.50847059999995, -23.664898802305657], [-50.50846725599996, -23.66484668330562], [-50.508446081999985, -23.66451635430563], [-50.50850445399993, -23.664166116305683], [-50.50852570999996, -23.664038636305683], [-50.50843532999994, -23.663764756305675], [-50.50842308299997, -23.663727634305637], [-50.508061012999974, -23.663415805305654], [-50.50764749899998, -23.66298431730566], [-50.50757540899997, -23.662771499305695], [-50.50749352899993, -23.662529762305684], [-50.507520817999925, -23.662171373305714], [-50.507757279999964, -23.66138347330569], [-50.50801985399993, -23.660547865305727], [-50.50802088699999, -23.66054488830572], [-50.508263339999985, -23.65984799430575], [-50.50844103999998, -23.659337211305775], [-50.508455047999966, -23.65929693930574], [-50.50851815799996, -23.659115534305762], [-50.50878322699998, -23.65761077130579], [-50.50897734599994, -23.65666343830581], [-50.509029274999925, -23.65640999930582], [-50.509042708999964, -23.656344438305826], [-50.50904749199998, -23.656321095305813], [-50.50929211599998, -23.65554254430585], [-50.509310046999985, -23.65548547530586], [-50.50946246099994, -23.655276440305844], [-50.50970539999998, -23.654943251305863], [-50.50977944299996, -23.654841708305895], [-50.50981844199998, -23.654779336305893], [-50.51019703299995, -23.65417386630586], [-50.510692181999964, -23.653577968305903], [-50.51118750499995, -23.65324312730587], [-50.51129038099998, -23.653173584305875], [-50.511835375999965, -23.653127501305907], [-50.51217898299996, -23.653128583305886], [-50.512354237999936, -23.65312913430592], [-50.51253191099994, -23.6530217583059], [-50.51263306699997, -23.652960625305923], [-50.51264055499997, -23.652942744305918], [-50.51264979399997, -23.65292068430591], [-50.512902054999984, -23.652318313305916], [-50.512955624999954, -23.65186441030593], [-50.51287947199995, -23.65141009930595], [-50.51288186099998, -23.650764845305954], [-50.513013253999986, -23.650311186305952], [-50.51330083199997, -23.649714627305997], [-50.513639411999975, -23.64935720930598], [-50.51389946099994, -23.64919073430597], [-50.514229972999935, -23.649084373306017], [-50.51501871299996, -23.64891496730598], [-50.515820876999946, -23.648742678305993], [-50.516047249999986, -23.648680404305985], [-50.51693754099995, -23.648435485306035], [-50.51729801999994, -23.648247206305992], [-50.51748337599997, -23.648150394306015], [-50.517822388999946, -23.64767348630603], [-50.517867801999955, -23.647556837306016], [-50.51808058999995, -23.64701026530602], [-50.51811046399996, -23.64693352830606], [-50.51808600799995, -23.64652717130603], [-50.51798320699998, -23.646263970306038], [-50.51769889899998, -23.64597630530607], [-50.517284698999966, -23.645736034306076], [-50.517062927999966, -23.64555775830604], [-50.51689670799993, -23.6454241453061], [-50.51645789599996, -23.644825314306072], [-50.51627476799996, -23.644370769306104], [-50.51614940799994, -23.64405959930608], [-50.515788422999954, -23.64346100930611], [-50.51553173999998, -23.642719354306127], [-50.51553001499997, -23.64269511430616], [-50.51550242999997, -23.642307507306118], [-50.51548240599993, -23.642026146306165], [-50.51557344199994, -23.64153325730619], [-50.515747087999955, -23.64059305630616], [-50.51584854899994, -23.640263542306183], [-50.51611465499997, -23.639399277306175], [-50.51612254299994, -23.6393200153062], [-50.51619546799998, -23.638586985306226], [-50.516275917999955, -23.637870277306277], [-50.51622694199995, -23.637081475306235], [-50.51619717099993, -23.63684862330629], [-50.51612607399994, -23.636292506306273], [-50.51589437699994, -23.635813811306306], [-50.51572202499995, -23.635600603306273], [-50.51566196899995, -23.63552630330628], [-50.515248069999984, -23.635214329306287], [-50.514860211999974, -23.634878544306293], [-50.51460178799994, -23.634614844306284], [-50.51439549799994, -23.634279617306294], [-50.514371504999986, -23.633753779306332], [-50.51433334699993, -23.633538360306353], [-50.51429527399995, -23.633323367306314], [-50.51438261999993, -23.632788755306365], [-50.51442796499998, -23.632511228306345], [-50.51450868499995, -23.63172282730639], [-50.514622491999944, -23.630966323306367], [-50.514641642999955, -23.63083900630641], [-50.514709779999976, -23.630454977306382], [-50.514747600999954, -23.63024186530641], [-50.514781976999984, -23.630153106306413], [-50.514904729999955, -23.62983608330644], [-50.51500919699998, -23.629708663306438], [-50.51521740099997, -23.62945468830642], [-50.51542693499994, -23.628905670306416], [-50.51535060999998, -23.62849915830645], [-50.515196122999946, -23.62818799430647], [-50.515184474999955, -23.62814719430645], [-50.51509368799998, -23.627829201306444], [-50.51488759199999, -23.62744617430645], [-50.51480647899996, -23.627004078306495], [-50.51484329599998, -23.626398762306486], [-50.51521827999994, -23.625934471306543], [-50.51560766199998, -23.62544520430652], [-50.51592403199999, -23.625324912306493], [-50.51602325299995, -23.625287181306533], [-50.51640390699999, -23.62522463930651], [-50.516879262999964, -23.62517747030655], [-50.51702664599998, -23.62516284530654], [-50.517821725999966, -23.625260909306526], [-50.51820942499995, -23.625278357306502], [-50.51858244899995, -23.62529514230653], [-50.51944715299992, -23.62526595130652], [-50.519915528999945, -23.624730228306554], [-50.52000282399997, -23.624630383306528], [-50.520065338999984, -23.624403228306527], [-50.52017805899993, -23.623993627306525], [-50.52056277099996, -23.622815820306585], [-50.52101478199995, -23.622148051306567], [-50.52105464599998, -23.622057912306573], [-50.521472089999975, -23.62111381230662], [-50.52152105599998, -23.621003070306624], [-50.52181678199997, -23.620334239306654], [-50.52230451699995, -23.61934792730667], [-50.522963887999936, -23.61871265630666], [-50.523518120999945, -23.618459443306655], [-50.52353367999996, -23.618452337306664], [-50.524210909999965, -23.6181429243067], [-50.52459223399995, -23.61788917230672], [-50.52455948899996, -23.61737923130671], [-50.524423332999966, -23.617215009306687], [-50.52421516699996, -23.616963935306686], [-50.52383615699995, -23.616580394306734], [-50.52305328099994, -23.615882066306753], [-50.52180208699996, -23.61485344530672], [-50.520904721999955, -23.614372708306757], [-50.51993692099995, -23.614242251306756], [-50.51910721099994, -23.614175954306756], [-50.51906937799998, -23.61417471230677], [-50.518140233999986, -23.614144214306766], [-50.51803531599995, -23.614140767306797], [-50.517632582999966, -23.61413951630677], [-50.51748671299998, -23.61413906330679], [-50.51748202799996, -23.61413904830677], [-50.51717161799996, -23.6139150253068], [-50.51648315699999, -23.613052539306807], [-50.51607040799996, -23.61244581630683], [-50.515570336999986, -23.611547499306848], [-50.51555510599997, -23.61152013730682], [-50.51526160999998, -23.611049679306838], [-50.515029579999975, -23.61087099130684], [-50.51490034999995, -23.61077147330682], [-50.51425312199996, -23.610458767306845], [-50.51303692299996, -23.609714109306882], [-50.51307113999997, -23.609714985306887], [-50.51410015499994, -23.609741331306864], [-50.51476069199998, -23.609392928306885], [-50.51477577999999, -23.60938497130685], [-50.51521859999997, -23.60886058030686], [-50.515765238999954, -23.60831262130691], [-50.51653323599999, -23.607966854306927], [-50.517263767999964, -23.607637951306916], [-50.51813045799997, -23.607035202306932], [-50.519378201999984, -23.606242454306965], [-50.51990302399997, -23.605807828306958], [-50.520106563999946, -23.605639275306984], [-50.520660863999986, -23.60535420430697], [-50.52249583799994, -23.604722559307007], [-50.52381766899998, -23.60445379930696], [-50.524502876999975, -23.604314477306975], [-50.52558232499997, -23.60396709930702], [-50.52567991699993, -23.603935693307015], [-50.52691646699997, -23.603348806307036], [-50.52748105799998, -23.60308083530701], [-50.52907415599998, -23.602384650307048], [-50.530736718999954, -23.60159305830709], [-50.53208897999997, -23.600545596307075], [-50.533006684999975, -23.599768425307108], [-50.53347624899993, -23.599370769307104], [-50.53413527799996, -23.598910398307144], [-50.53479343699996, -23.598450636307092], [-50.535493300999974, -23.598077202307138], [-50.53562484699995, -23.59800701530711], [-50.53584986599998, -23.597800987307135], [-50.53587450299994, -23.59777842530712], [-50.53611048499994, -23.597562357307144], [-50.53616765899994, -23.59727781430712], [-50.53618087499995, -23.59721205030712], [-50.536157774999936, -23.597183474307144], [-50.53587103299998, -23.59682874930714], [-50.53557818999997, -23.596617442307156], [-50.53525023099997, -23.59638078430716], [-50.53462932199994, -23.595964683307194], [-50.53386999099995, -23.595580030307172], [-50.533145805999936, -23.595036146307223], [-50.532594403999944, -23.59452464930724], [-50.53211260399996, -23.593885902307218], [-50.53203421599994, -23.59331087030726], [-50.53218582199997, -23.592738979307267], [-50.532913030999964, -23.592422517307277], [-50.53398542199994, -23.592266412307247], [-50.53448510299995, -23.591965596307272], [-50.53530209499996, -23.591473739307297], [-50.536238081999954, -23.590775505307285], [-50.53714115799995, -23.589599201307298], [-50.53726358599994, -23.58923666830731], [-50.53756041199995, -23.588357712307324], [-50.53759611699996, -23.587947207307348], [-50.53763245799996, -23.58752943230734], [-50.537393227999985, -23.58673210230741], [-50.536876753999934, -23.586125128307426], [-50.53615205799997, -23.585740581307423], [-50.53556564899997, -23.585356454307412], [-50.534668205999935, -23.58493952630743], [-50.53397774399996, -23.584650663307464], [-50.533460840999965, -23.584171144307454], [-50.53322052499993, -23.583692446307467], [-50.53311916699994, -23.583022982307494], [-50.53311670099998, -23.583006707307483], [-50.53305159499996, -23.5825766693075], [-50.532672994999984, -23.582097550307484], [-50.532225679999954, -23.581601621307485], [-50.53222648999997, -23.581267716307497], [-50.53240070199996, -23.580885864307533], [-50.53274822499998, -23.580377066307555], [-50.53340825299995, -23.579486830307527], [-50.53403358099997, -23.578628353307543], [-50.534901685999955, -23.577547541307563], [-50.53507823899997, -23.577335739307596], [-50.53590851299998, -23.576339680307644], [-50.53636269199996, -23.575819853307646], [-50.537341732999955, -23.57469929430766], [-50.53743578099994, -23.574591659307657], [-50.537550401999965, -23.574344146307688], [-50.53778588199999, -23.573835707307648], [-50.537818950999956, -23.573764303307676], [-50.53782002899993, -23.57374744230767], [-50.53785650499998, -23.573175526307665], [-50.53789209999996, -23.572617382307712], [-50.53779411099998, -23.5717478403077], [-50.53779151699996, -23.571724862307697], [-50.53777446099997, -23.57170111030775], [-50.537569786999946, -23.57141613330771], [-50.53739297899995, -23.571169952307756], [-50.53730988399996, -23.571054268307726], [-50.53691057699996, -23.57079483930776], [-50.53662005799999, -23.570606099307753], [-50.53624573899999, -23.570518654307737], [-50.535791065999945, -23.570412436307755], [-50.53569879299994, -23.57036731930774], [-50.535285184999964, -23.57016508530778], [-50.53513536699995, -23.57009182530776], [-50.53503723699998, -23.569994278307767], [-50.53465307999994, -23.569612405307787], [-50.53431328599999, -23.5691248923078], [-50.53427472499993, -23.569069569307786], [-50.53420760499995, -23.56849579930777], [-50.53427690999996, -23.56841873630778], [-50.534391266999926, -23.568291581307818], [-50.53469348899994, -23.567955542307836], [-50.53489365699995, -23.56781415830782], [-50.53585261899997, -23.5671368123078], [-50.53587873499998, -23.567118365307806], [-50.53590641499995, -23.567098814307823], [-50.535963581999965, -23.567038407307844], [-50.53597417599997, -23.567027212307828], [-50.536007481999945, -23.566992019307794], [-50.53635748199998, -23.566622182307817], [-50.536767448999974, -23.566152924307865], [-50.537098335999985, -23.565774180307848], [-50.53719047599998, -23.56566871330787], [-50.53785050599998, -23.564746592307852], [-50.538241737999954, -23.56427812430786], [-50.53840418499993, -23.564083609307882], [-50.538753056999944, -23.563665858307914], [-50.53882363599996, -23.563523021307915], [-50.538898138999976, -23.56337224530792], [-50.53901177399995, -23.56314227430792], [-50.53913669899998, -23.56288945930791], [-50.539230398999955, -23.562608358307937], [-50.53924496499997, -23.562594041307914], [-50.539277458999955, -23.561978560307914], [-50.539180209999984, -23.560719167307948], [-50.53916829499997, -23.560616121307962], [-50.53901318399994, -23.55927449130798], [-50.53887622299993, -23.558089829308045], [-50.53884311799993, -23.557779858308013], [-50.538750317999984, -23.55691087930807], [-50.53867538499997, -23.55620919630804], [-50.53833307499996, -23.555252223308095], [-50.53800626299994, -23.554785450308074], [-50.53788594399998, -23.554613600308123], [-50.53743814899996, -23.554166148308127], [-50.53654080299998, -23.553781099308146], [-50.53574647299995, -23.55358754130813], [-50.53566361199995, -23.553578808308107], [-50.53481355499998, -23.553489157308103], [-50.53451431899998, -23.55346239230813], [-50.53370781299998, -23.553390254308127], [-50.532775010999956, -23.553259991308117], [-50.53249390399998, -23.553040315308156], [-50.53221279799993, -23.55282063930812], [-50.53212008099995, -23.55274818130815], [-50.53182136499998, -23.552091307308146], [-50.53179610399997, -23.55203576330818], [-50.53174279999996, -23.55191855730816], [-50.53174345599996, -23.551733153308188], [-50.53174427599998, -23.551501763308178], [-50.53174595999997, -23.551026344308195], [-50.53161075199995, -23.55016557230821], [-50.53146535999997, -23.54991997230819], [-50.531232802999966, -23.54952713830823], [-50.530681594999976, -23.549015630308247], [-50.530105255999956, -23.548814394308238], [-50.52995300199996, -23.548761232308223], [-50.52985308199993, -23.54872634330821], [-50.52902411799993, -23.548564509308232], [-50.52826416399996, -23.548434747308264], [-50.52800396499998, -23.548418955308275], [-50.52771126499994, -23.548401202308263], [-50.52744912399999, -23.548232715308277], [-50.527443639999944, -23.548229190308266], [-50.52726296499998, -23.54811305530827], [-50.526850372999945, -23.54750636330827], [-50.526367997999955, -23.546543636308282], [-50.52636780799998, -23.546543166308307], [-50.52629097999994, -23.54635236230832], [-50.52626468099999, -23.546287049308273], [-50.526013655999975, -23.545663648308295], [-50.526002580999936, -23.545636137308325], [-50.52602643399996, -23.545538694308302], [-50.52612729599997, -23.545126672308335], [-50.52682446499995, -23.54431094530831], [-50.527237957999944, -23.543827124308347], [-50.52773356399996, -23.54269564230836], [-50.52818406899996, -23.54202724730838], [-50.52821486299996, -23.54198155930839], [-50.52799245799997, -23.541852470308402], [-50.52740514299996, -23.541511576308377], [-50.526510765999944, -23.54099244830838], [-50.52625315399996, -23.540684989308392], [-50.52602506699998, -23.54083656030838], [-50.52598702499994, -23.54036736530841], [-50.525654219999986, -23.539970160308403], [-50.52553479799997, -23.539006762308478], [-50.52540886199994, -23.538634809308466], [-50.52536250299994, -23.538497890308477], [-50.52519026799996, -23.537989162308484], [-50.525170006999986, -23.537929314308446], [-50.52455844299993, -23.537134356308506], [-50.52410306599996, -23.53689259530852], [-50.52369988899994, -23.5366785463085], [-50.52281565999993, -23.536267518308538], [-50.52271847199995, -23.536222336308526], [-50.522394144999964, -23.535977719308512], [-50.52177319899994, -23.535414986308542], [-50.52172323099995, -23.53531505030853], [-50.52165197899995, -23.535242062308527], [-50.52148226199995, -23.534767351308552], [-50.52142289699998, -23.53460130230853], [-50.52137312499997, -23.534462083308593], [-50.52115692199993, -23.53400227230856], [-50.52094632999996, -23.53355438330858], [-50.51996760299994, -23.532361740308577], [-50.51984823199996, -23.53139833230864], [-50.51983960599994, -23.531246011308614], [-50.51980939599997, -23.530712406308645], [-50.519790489999934, -23.53037847130864], [-50.51982818999994, -23.52910339330867], [-50.52016894099996, -23.529028252308706], [-50.52040290999997, -23.5289766573087], [-50.52283414999993, -23.528440501308705], [-50.522992424999984, -23.528405597308684], [-50.523426253999965, -23.528406922308715], [-50.524589780999975, -23.528410484308683], [-50.52618715199998, -23.52841535030872], [-50.52726778799996, -23.528485080308663], [-50.52802986399996, -23.52853424930868], [-50.528628891999965, -23.52868348430866], [-50.52885207299994, -23.5287390853087], [-50.52987137599997, -23.52899301630868], [-50.531698749999975, -23.529248855308698], [-50.53224001599994, -23.529308461308688], [-50.533628819999926, -23.529461389308654], [-50.53402767699998, -23.52950531030869], [-50.53408430699995, -23.529511548308665], [-50.534835372999964, -23.52968108330866], [-50.53558644199995, -23.529850615308682], [-50.53742494499994, -23.530357970308636], [-50.53879614699997, -23.530671398308662], [-50.541375380999966, -23.531018913308635], [-50.542257233999976, -23.530615600308646], [-50.542483035999965, -23.530512330308646], [-50.542991664999924, -23.53000397730867], [-50.54308405199998, -23.52986113230865], [-50.543680766999955, -23.528938512308688], [-50.543905235999944, -23.528527824308696], [-50.54434165599997, -23.52769770730871], [-50.54455042999995, -23.527284070308703], [-50.54490006699996, -23.526106075308753], [-50.545353258999974, -23.524960253308766], [-50.54587413999997, -23.52422887430878], [-50.54639370399997, -23.523879876308794], [-50.546405765999964, -23.523879117308805], [-50.546429966999945, -23.5238775913088], [-50.54687761599996, -23.523849418308775], [-50.547464874999946, -23.523914852308796], [-50.547913251999944, -23.524171074308796], [-50.54806053399995, -23.52421096630876], [-50.548162386999934, -23.524238556308756], [-50.548805166999955, -23.52441265730879], [-50.54968076699999, -23.524372703308796], [-50.55037278599996, -23.52411978330877], [-50.550453758999936, -23.52403210430878], [-50.55062533899996, -23.52384630830881], [-50.550881497999974, -23.523568923308805], [-50.55090090599998, -23.523531203308774], [-50.551252560999956, -23.52284771530881], [-50.55132634399996, -23.52199801830885], [-50.551348462999954, -23.521743324308815], [-50.551400145999935, -23.52008647730886], [-50.55140446599995, -23.520018663308875], [-50.55149748399998, -23.518557221308928], [-50.55151503599996, -23.51830325530893], [-50.55159437699995, -23.51715542330893], [-50.55182848099997, -23.516051439308967], [-50.55204682299996, -23.515228578308964], [-50.55213912699998, -23.514880725308984], [-50.55217070499998, -23.514783887308997], [-50.55289822499998, -23.51308041830903], [-50.553219974999934, -23.512235858309023], [-50.55364197199998, -23.51112814430906], [-50.55402499099995, -23.510349701309064], [-50.554476991999934, -23.509431046309132], [-50.55503298899998, -23.508497916309125], [-50.55535267899995, -23.50797525930916], [-50.55568154799994, -23.50743758830915], [-50.55573890799996, -23.50736977030916], [-50.555808352999975, -23.507287664309196], [-50.55656340899998, -23.506394896309185], [-50.55674403099994, -23.50618132830919], [-50.55711542299997, -23.505742191309203], [-50.55739612799994, -23.50536887430918], [-50.55832453999995, -23.50413414830926], [-50.55854996899995, -23.50383434330927], [-50.558919866999986, -23.503350180309265], [-50.56016945499993, -23.50171456230929], [-50.560777925999965, -23.500711717309294], [-50.560864291999955, -23.50056936630933], [-50.56155854499996, -23.49959411530936], [-50.56252122799997, -23.499153569309367], [-50.562942695999936, -23.49896069430934], [-50.56321561499993, -23.498916538309338], [-50.56423329599994, -23.498751878309335], [-50.565661396999985, -23.498755866309345], [-50.56640366399996, -23.49892103630934], [-50.566628126999944, -23.498970993309328], [-50.56775103699994, -23.49888545230935], [-50.568189690999986, -23.498504508309335], [-50.568380786999974, -23.498338552309345], [-50.56840529799996, -23.49819449830937], [-50.56847472199996, -23.497786480309358], [-50.56810770199996, -23.49731810330937], [-50.56769462399996, -23.49684959230942], [-50.56705245499996, -23.4959980623094], [-50.56690757999996, -23.495818784309446], [-50.566639521999946, -23.495487068309448], [-50.566226590999975, -23.49497607330946], [-50.56614438699995, -23.494870098309455], [-50.566051104999985, -23.494749843309446], [-50.56582257699995, -23.49445523530946], [-50.565541529999955, -23.49409291830948], [-50.56540087499997, -23.493911590309477], [-50.565046620999965, -23.493128997309498], [-50.56503499199994, -23.493103316309494], [-50.56490831199994, -23.491936443309534], [-50.56495178799997, -23.490383897309535], [-50.56500440699995, -23.488387138309584], [-50.56478244899994, -23.48583728130967], [-50.564769070999944, -23.485243388309655], [-50.56475807999993, -23.484755428309686], [-50.564749398999936, -23.484370301309678], [-50.56474223999993, -23.48405270730971], [-50.56479360399994, -23.48243833030974], [-50.56493569599997, -23.481249082309755], [-50.56505755499995, -23.480692744309746], [-50.56564912099998, -23.4779921753098], [-50.56605455699997, -23.47716066830983], [-50.56739391199994, -23.476059715309862], [-50.56796971799997, -23.475723966309882], [-50.56840916899995, -23.47546770530989], [-50.569377664999934, -23.47508800130989], [-50.57085280199993, -23.47470968530992], [-50.571091946999964, -23.474679929309925], [-50.57218908899994, -23.474543407309877], [-50.573696939999934, -23.474593966309918], [-50.573153574999935, -23.474202388309923], [-50.57233027899997, -23.47360906930991], [-50.56947984399994, -23.47198670230998], [-50.56871207999996, -23.471384008309975], [-50.568377245999955, -23.471121159309956], [-50.56732123499995, -23.470098537309994], [-50.56621930899997, -23.469033290310026], [-50.56543967099998, -23.468011424310017], [-50.56512019499996, -23.46711829831005], [-50.565151440999955, -23.466948525310077], [-50.565307762999964, -23.466099125310095], [-50.56535659999998, -23.46524951531013], [-50.56521996899994, -23.46478176731012], [-50.564530100999946, -23.46448242731012], [-50.56439130499996, -23.464456419310157], [-50.56406982199996, -23.46439617031015], [-50.56350711399995, -23.464078844310144], [-50.562782635999945, -23.463670283310126], [-50.561847174999976, -23.462904473310175], [-50.56090067299994, -23.461753065310205], [-50.560659176999934, -23.46147283131021], [-50.560376190999925, -23.461144452310222], [-50.56016661299998, -23.460901247310215], [-50.559708880999956, -23.460050205310214], [-50.55943748699997, -23.458562380310283], [-50.559486643999946, -23.45762780231031], [-50.55951055499997, -23.457231730310315], [-50.55953536899995, -23.456820675310297], [-50.55976859699996, -23.455929097310324], [-50.56004786799997, -23.455037649310338], [-50.56019171499998, -23.45477425331037], [-50.56032587799996, -23.454528579310328], [-50.560928640999975, -23.453298147310356], [-50.562709556999955, -23.450367180310423], [-50.56314887199994, -23.449073916310482], [-50.563724169999944, -23.447380306310507], [-50.56384601199994, -23.445891552310563], [-50.563859096999984, -23.445731641310537], [-50.56388798299997, -23.444823546310555], [-50.56388635999998, -23.444766906310583], [-50.56386474599997, -23.44401091231058], [-50.563660279999965, -23.443173862310623], [-50.563403763999986, -23.442408377310656], [-50.56296633799996, -23.441522873310625], [-50.56273698999996, -23.440375071310648], [-50.56261141899996, -23.440113116310677], [-50.561888059999944, -23.43860414831071], [-50.561786584999936, -23.437958581310735], [-50.56179837999997, -23.437792592310757], [-50.56184091199998, -23.437193956310768], [-50.56212904999995, -23.43621489931079], [-50.56246969699999, -23.435020892310778], [-50.562967388999944, -23.433325435310827], [-50.56367218399999, -23.431654456310895], [-50.56401336199997, -23.43029315031088], [-50.564404749999944, -23.429409969310893], [-50.56484637999995, -23.429004916310905], [-50.56550429399994, -23.428563501310958], [-50.56591059799997, -23.428290901310934], [-50.567548035999955, -23.42743680631094], [-50.56759693499998, -23.42741130631095], [-50.56910249699996, -23.42636389931099], [-50.57032300099996, -23.425363489310993], [-50.57092229499994, -23.42424186931102], [-50.571073367999986, -23.42355546231105], [-50.571132569999975, -23.423286470311076], [-50.571525043999934, -23.42204478731107], [-50.57160512499996, -23.421304122311113], [-50.571822278999946, -23.420639461311097], [-50.57204977699996, -23.419943087311143], [-50.57241626599995, -23.418725224311146], [-50.572566721999976, -23.418084687311175], [-50.573434033999945, -23.41630460731122], [-50.574010661999985, -23.41415524531125], [-50.574168794999935, -23.41329530231125], [-50.574326237999976, -23.412650446311314], [-50.57446273299996, -23.41227224431129], [-50.57513619899998, -23.410406111311357], [-50.575787634999976, -23.40914121531138], [-50.576490700999955, -23.407924257311432], [-50.577037623999956, -23.406945869311425], [-50.57755584399996, -23.40567678731143], [-50.57774845599994, -23.40463087531147], [-50.57799378599998, -23.40318723531151], [-50.57812374199994, -23.402422525311525], [-50.57850270199998, -23.400867427311567], [-50.578575972999936, -23.400673510311595], [-50.57916421599998, -23.39911659031158], [-50.57939964399998, -23.39844050231162], [-50.57965199299998, -23.39771580131161], [-50.579663858999936, -23.397658339311644], [-50.579862369999944, -23.39669666031167], [-50.58021041799998, -23.395805350311694], [-50.580939040999965, -23.394660136311703], [-50.58162943299994, -23.394004775311736], [-50.58419134099995, -23.392406340311762], [-50.58476368999994, -23.39188108431177], [-50.58488380199998, -23.391770859311762], [-50.585507991999975, -23.39088027031179], [-50.58557588499997, -23.390037027311795], [-50.58557981399998, -23.389988215311796], [-50.58537979299996, -23.389455803311822], [-50.585340143999986, -23.389350259311822], [-50.585234207999974, -23.3892191103118], [-50.585030632999974, -23.388967041311805], [-50.584569372999965, -23.388464932311848], [-50.58429935799995, -23.387872699311846], [-50.58420410999998, -23.387280935311875], [-50.58421020599997, -23.387243402311878], [-50.58430310499995, -23.38667176631187], [-50.58444238299995, -23.385596655311915], [-50.584444625999936, -23.3855765533119], [-50.58452228699997, -23.384879885311914], [-50.58446890799996, -23.384568652311945], [-50.58442693699993, -23.384323977311922], [-50.584175786999936, -23.383911036311943], [-50.58349744399994, -23.38349696831196], [-50.58279956799998, -23.383118691311985], [-50.58194714099994, -23.38248905731199], [-50.58134660099996, -23.382039336312], [-50.58103922699996, -23.381614235312007], [-50.580476578999935, -23.380836056312006], [-50.580109498999946, -23.38024355631204], [-50.579684576999966, -23.379525432312057], [-50.579522056999956, -23.379239187312027], [-50.57933407499996, -23.37874874031208], [-50.57924073999993, -23.37813906131205], [-50.579423477999974, -23.37766156231208], [-50.57948314499998, -23.377519590312083], [-50.57955390399996, -23.37735121831207], [-50.57984004699995, -23.3769217983121], [-50.58028196699997, -23.376349398312094], [-50.580697930999975, -23.37580082031209], [-50.58121759499994, -23.375204730312124], [-50.58152960899997, -23.374775375312147], [-50.58178962599993, -23.374417579312144], [-50.58184350099998, -23.373748533312174], [-50.581637066999974, -23.373532891312177], [-50.58137907799994, -23.373245399312193], [-50.581017463999956, -23.372981539312182], [-50.580733592999934, -23.372693985312182], [-50.58057961499998, -23.3722633833122], [-50.58060514999993, -23.372198496312194], [-50.58074527499996, -23.371842418312227], [-50.580814489999966, -23.371666530312208], [-50.58102309699996, -23.37118909231221], [-50.581335181999975, -23.370735837312253], [-50.58102467399994, -23.370687209312262], [-50.58071416599995, -23.370638579312214], [-50.58004250099998, -23.370440350312244], [-50.57970542599997, -23.370349080312266], [-50.57931503299994, -23.370236750312227], [-50.57887798399997, -23.370036161312257], [-50.578312978999975, -23.369369631312285], [-50.57826143199998, -23.368528832312307], [-50.57828921099997, -23.367931419312285], [-50.57823992699997, -23.36714260531232], [-50.57793139399996, -23.36647258731234], [-50.57772610799998, -23.365898443312368], [-50.57766029499994, -23.365748667312378], [-50.57749566799998, -23.365374019312338], [-50.57726348099993, -23.3648456203124], [-50.57664726399997, -23.36324269031244], [-50.576504872999976, -23.362897874312388], [-50.57613347499995, -23.361998522312433], [-50.57569713099997, -23.360826256312443], [-50.57549838799997, -23.360387732312493], [-50.57500306999998, -23.359294811312513], [-50.57451390199998, -23.358456994312544], [-50.57410472799995, -23.357568303312558], [-50.573974044999936, -23.35728445131252], [-50.573640584999964, -23.3563275673126], [-50.57337437799998, -23.355174004312616], [-50.57335376899994, -23.352699177312655], [-50.57335456299995, -23.352692396312634], [-50.573440192999946, -23.35196200531266], [-50.57337957599998, -23.34908200231275], [-50.57338020199995, -23.348861498312726], [-50.57338270499997, -23.347985217312765], [-50.573382712999944, -23.347980872312778], [-50.573483919999944, -23.34707070631276], [-50.57375577999994, -23.346257765312796], [-50.57397404799997, -23.346038589312826], [-50.573993713999975, -23.3459245753128], [-50.57436182099997, -23.345638873312822], [-50.57490171499995, -23.345210898312793], [-50.57566261799997, -23.344557500312813], [-50.57615418699998, -23.34392596931282], [-50.57659679999995, -23.343294314312878], [-50.57673372099998, -23.342722162312874], [-50.57668264899996, -23.341951474312896], [-50.576511771999954, -23.340946474312908], [-50.57656038999994, -23.339339347312944], [-50.57660759099997, -23.33817420531298], [-50.576891648999954, -23.337535742312962], [-50.57708968999999, -23.33709060331302], [-50.577832095999945, -23.336248799313033], [-50.57844268399999, -23.33580844631305], [-50.580252886999965, -23.33530150031303], [-50.58114293199998, -23.335052238313022], [-50.58192730099995, -23.334692702313063], [-50.58305965699997, -23.334374266313038], [-50.584237508999934, -23.333413035313093], [-50.585196664999955, -23.33281285831308], [-50.586154816999965, -23.332534116313106], [-50.58702532199993, -23.332456057313085], [-50.588693636999956, -23.331733175313104], [-50.59068149099995, -23.330246057313147], [-50.59160910399999, -23.32955209331317], [-50.59209000799996, -23.329122110313175], [-50.59304033899997, -23.329098539313186], [-50.59504138799997, -23.329264456313183], [-50.59608591399996, -23.32918678731318], [-50.596981496999945, -23.328920029313167], [-50.59738969899996, -23.32839810931321], [-50.59784053499993, -23.32778499331321], [-50.59795458699995, -23.326744765313215], [-50.59797702899993, -23.325618752313265], [-50.59793171999996, -23.325144615313246], [-50.59788387999998, -23.32464400531329], [-50.59774275899997, -23.323863357313318], [-50.59724681699999, -23.323031492313337], [-50.59777839599997, -23.322510104313302], [-50.59824626499994, -23.322285301313322], [-50.598745946999934, -23.322045212313355], [-50.59925279899994, -23.321791582313317], [-50.60022078499997, -23.321177973313368], [-50.60082114699997, -23.320414712313354], [-50.601374747999955, -23.319906267313392], [-50.601617620999946, -23.31957180831341], [-50.60174431399997, -23.319397342313376], [-50.60188384999998, -23.31888784231342], [-50.60197788099998, -23.318208263313437], [-50.60179538599993, -23.317697935313426], [-50.601245474999985, -23.316974242313446], [-50.60051091599996, -23.316462511313446], [-50.59959247399996, -23.315907813313473], [-50.59761643899998, -23.315180452313523], [-50.596559738999986, -23.314710363313498], [-50.59604667199994, -23.31438035331353], [-50.59596284099996, -23.314326434313504], [-50.59564222499995, -23.3138582353135], [-50.595548214999944, -23.313372996313507], [-50.59546103499997, -23.312923021313534], [-50.595324053999946, -23.31258276331355], [-50.595371978999935, -23.311945564313586], [-50.59564967699999, -23.311393925313553], [-50.59611176099997, -23.310715307313572], [-50.59694135299998, -23.31020757831361], [-50.59786281199996, -23.30974258031363], [-50.599244425999984, -23.309236254313646], [-50.599982240999964, -23.30864330131364], [-50.600305907999946, -23.30809177531366], [-50.60039993899994, -23.30741220031368], [-50.60067874799995, -23.30647816831369], [-50.60077129699993, -23.3063365873137], [-50.60123330399995, -23.305629810313707], [-50.601248048999935, -23.305621430313717], [-50.60220096399996, -23.305079921313716], [-50.60284599299996, -23.30474164631374], [-50.60291797699994, -23.30474182931373], [-50.60344400799994, -23.304743160313745], [-50.604226651999966, -23.304532701313736], [-50.60452971999996, -23.304333903313754], [-50.604727622999974, -23.304204091313757], [-50.604871919999944, -23.304109441313752], [-50.60551780999998, -23.30347373431376], [-50.605933437999965, -23.302922432313746], [-50.606128929999954, -23.302528056313786], [-50.60639618999995, -23.30198885531382], [-50.60650310899996, -23.301776415313782], [-50.60667382099996, -23.301437195313788], [-50.60685956999998, -23.300842823313825], [-50.60676881899997, -23.300417712313806], [-50.606447566999975, -23.300161978313813], [-50.606029271999944, -23.30003201931383], [-50.605344585999944, -23.299819296313828], [-50.60447186099998, -23.29939221531385], [-50.603920872999936, -23.299050914313845], [-50.60291027899996, -23.298580989313866], [-50.602407193999966, -23.297602479313902], [-50.60227084699994, -23.297049782313916], [-50.60229174899995, -23.29670114031392], [-50.602319241999965, -23.296242625313944], [-50.60226998799993, -23.295481247313916], [-50.60223128599994, -23.294882770313958], [-50.602418175999965, -23.29390600831397], [-50.60283442599996, -23.293142274314018], [-50.60323716499994, -23.292485116314005], [-50.60325040999993, -23.29246350631403], [-50.60366589699999, -23.291954700314022], [-50.60367566599996, -23.291888377314024], [-50.60372405999994, -23.29155995431404], [-50.60375977199993, -23.29131760731401], [-50.60367807799998, -23.29107378231402], [-50.60353180999994, -23.29063721031403], [-50.60330472099998, -23.289659405314065], [-50.603306860999965, -23.288937098314086], [-50.60330937899993, -23.288087337314114], [-50.60343509899997, -23.287784969314128], [-50.603679985999975, -23.28719602431413], [-50.60387950599994, -23.286678308314148], [-50.60423618999994, -23.285752813314176], [-50.60433119799995, -23.284733329314165], [-50.60391975899995, -23.28388252331422], [-50.60309526999998, -23.2827332433142], [-50.60295943199998, -23.282010596314244], [-50.60296033099996, -23.281707614314257], [-50.60296039099996, -23.28168729031427], [-50.60296056599998, -23.281628206314277], [-50.60287009599994, -23.28111811131426], [-50.60287222899995, -23.280395812314257], [-50.60314995399994, -23.279801671314306], [-50.60315297499994, -23.278781959314312], [-50.60310987699995, -23.27780460831431], [-50.60334311099995, -23.276700496314383], [-50.60399012999994, -23.27563991031436], [-50.60426858399995, -23.27479084431438], [-50.60427740799997, -23.274752656314426], [-50.604367430999964, -23.274362876314395], [-50.60438917799996, -23.274268731314407], [-50.604454930999964, -23.27398403631441], [-50.60468713499995, -23.27321982531444], [-50.60542548599994, -23.272371914314455], [-50.60566701199998, -23.272171130314447], [-50.606393644999976, -23.271567057314478], [-50.60759186699994, -23.27072028831449], [-50.608376291999946, -23.26982998631454], [-50.60994300799996, -23.268771670314553], [-50.61049672399997, -23.268135713314578], [-50.61075510199999, -23.267478164314557], [-50.610913704999966, -23.267074530314552], [-50.61127190499997, -23.266417064314574], [-50.611422284999946, -23.266141037314597], [-50.61211456399997, -23.265292978314648], [-50.61242341699995, -23.26510004631464], [-50.61326633699996, -23.264573509314616], [-50.61414131199996, -23.264150772314675], [-50.615108016999955, -23.263813242314665], [-50.61602837199996, -23.263603053314636], [-50.616673282999955, -23.263222230314653], [-50.617226088999985, -23.262883666314707], [-50.61755005699996, -23.262162149314673], [-50.61756291599994, -23.262113213314688], [-50.61756716399997, -23.26209705331472], [-50.61757030299998, -23.262085118314683], [-50.61782900099996, -23.261100610314717], [-50.617923158999986, -23.26033604131473], [-50.61810916099995, -23.25961418731473], [-50.61861924799995, -23.258811100314762], [-50.61875585399997, -23.258596031314777], [-50.61883427599997, -23.2583449233148], [-50.619034302999985, -23.25770444431479], [-50.61940435599997, -23.256940543314826], [-50.61957566699993, -23.256612978314823], [-50.61973422299997, -23.256309809314818], [-50.61995918699994, -23.255879667314858], [-50.61986889999997, -23.255284606314852], [-50.61987094699998, -23.254562304314884], [-50.62001287099997, -23.253160515314917], [-50.62014161799994, -23.252902744314923], [-50.620521574999934, -23.252142016314952], [-50.621029905999926, -23.251250980314918], [-50.62116809699995, -23.251166335314974], [-50.62158522899995, -23.250482244314945], [-50.621814849999964, -23.250105669315], [-50.622553083999954, -23.249215180314994], [-50.622854883999935, -23.248779456315], [-50.62287216899995, -23.248754511314996], [-50.62287457999997, -23.248746035314987], [-50.622509968999964, -23.248195356314994], [-50.622467487999984, -23.24816103731503], [-50.622232166999936, -23.247970956315008], [-50.62145478399999, -23.24734303531504], [-50.62012396899996, -23.24640506731503], [-50.619917344999976, -23.246170456315053], [-50.619915368999955, -23.246168215315045], [-50.61986301899998, -23.246108785315077], [-50.619711467999934, -23.24593669531504], [-50.61957485299996, -23.245468987315096], [-50.619376882999966, -23.24505447431508], [-50.61920917499998, -23.24470330631508], [-50.61916488999998, -23.2441083563151], [-50.618707141999955, -23.243384928315105], [-50.618249267999936, -23.242704000315108], [-50.61756090099993, -23.242234947315165], [-50.61719391499998, -23.24193663231516], [-50.616551294999965, -23.24155267031517], [-50.61644757799996, -23.241506520315163], [-50.61644665599994, -23.24150610931514], [-50.615495108999944, -23.241082711315197], [-50.61495336899998, -23.240856705315153], [-50.61416329799993, -23.24052709431517], [-50.61418760399994, -23.240504752315218], [-50.61490090899997, -23.239849083315193], [-50.61527009099996, -23.239382604315203], [-50.61563888699993, -23.239043603315224], [-50.61610001299994, -23.23857734331523], [-50.617113594999985, -23.237857516315234], [-50.61794253299996, -23.237392156315227], [-50.61886365699996, -23.236842031315273], [-50.620014786999945, -23.236249984315297], [-50.62013474999998, -23.23616422431532], [-50.620844064999964, -23.23565713431528], [-50.62167393399994, -23.234851851315316], [-50.621957604999984, -23.234417510315314], [-50.62222805599998, -23.234003401315302], [-50.62287374999994, -23.23328264231533], [-50.62367245599996, -23.232589152315338], [-50.623703354999975, -23.232562321315385], [-50.623818147999934, -23.23250555831536], [-50.624301885999955, -23.232266331315365], [-50.62554430799997, -23.231886891315405], [-50.62660235499993, -23.23167696931539], [-50.62752187299998, -23.231679151315394], [-50.62756099999996, -23.231675504315366], [-50.62885553299998, -23.231554840315365], [-50.62908167099994, -23.231475070315412], [-50.62945380499997, -23.231343804315376], [-50.63025436199996, -23.230956816315384], [-50.63032852199996, -23.230920976315424], [-50.63110570199996, -23.23037462231539], [-50.63111162699994, -23.230370462315385], [-50.63107704599998, -23.230295362315445], [-50.63070029499994, -23.229477225315446], [-50.63070170299994, -23.228965339315444], [-50.630702543999966, -23.228659685315453], [-50.63070282599994, -23.228557161315454], [-50.630702982999935, -23.228499986315455], [-50.630644762999964, -23.22806044531549], [-50.63056786599998, -23.227479935315476], [-50.630617466999986, -23.226162897315476], [-50.63089529499996, -23.225441234315518], [-50.631153241999975, -23.22466503731555], [-50.63121979599998, -23.224464750315573], [-50.631426578999935, -23.224099513315533], [-50.631820361999985, -23.22340393331559], [-50.63191728299995, -23.223049449315585], [-50.63214543299995, -23.222215003315597], [-50.631734827999935, -23.22106684331561], [-50.63114814099998, -23.22049157631565], [-50.630909541999976, -23.220257613315617], [-50.62967052299996, -23.21944741531569], [-50.62919057699997, -23.219023853315658], [-50.62875330999998, -23.2186379583157], [-50.62826594299997, -23.21816136531568], [-50.62788220999994, -23.21778612231568], [-50.62733197499995, -23.217274948315698], [-50.626662289999956, -23.216167946315753], [-50.62650827399995, -23.21591335031577], [-50.626510862999965, -23.214978601315785], [-50.626651143999936, -23.214129153315806], [-50.62709664799996, -23.213385004315818], [-50.627159168999974, -23.21328057631582], [-50.627139323999984, -23.213262140315816], [-50.62713661899995, -23.213259627315793], [-50.62709855099995, -23.21322425631583], [-50.62665479899994, -23.21281200031584], [-50.62628846299998, -23.212301258315822], [-50.62629047199994, -23.211578951315847], [-50.62638394199996, -23.21102681931587], [-50.62666152299993, -23.210390145315856], [-50.62668813099999, -23.21032102931585], [-50.62693934799995, -23.209668488315902], [-50.62730956799993, -23.20877709731587], [-50.62767931299993, -23.208055660315907], [-50.62781898099997, -23.207418653315962], [-50.627728814999955, -23.206781107315965], [-50.62778467399994, -23.20610747531596], [-50.627823931999956, -23.205634126315953], [-50.62782991799998, -23.20561452931595], [-50.62814863099993, -23.204572667316015], [-50.62860982799999, -23.204021401316023], [-50.629475046999964, -23.20346806831601], [-50.62966893299995, -23.203344068316042], [-50.630823059999955, -23.20279434531604], [-50.63091165999998, -23.202752142316022], [-50.63224746599997, -23.20173553431606], [-50.63277899499996, -23.20101882631605], [-50.632939507999936, -23.200802388316067], [-50.63367842499997, -23.19952944231612], [-50.633819708999965, -23.199055298316132], [-50.63395676299996, -23.19859532731613], [-50.634362160999956, -23.197726962316178], [-50.63451157299995, -23.197406923316144], [-50.63497363699997, -23.196515724316214], [-50.635895216999984, -23.195668080316196], [-50.636077444999955, -23.1955004753162], [-50.636378542999985, -23.1952235313162], [-50.63681679399998, -23.194820425316237], [-50.63773926999994, -23.19363285231623], [-50.63823661699996, -23.193003991316253], [-50.63884614299997, -23.192233259316293], [-50.639538089999974, -23.19130008231628], [-50.64017930799998, -23.190675554316297], [-50.64032149299994, -23.190537068316324], [-50.64069436099993, -23.190232196316302], [-50.64095530999998, -23.190018832316337], [-50.64112783599996, -23.18987776731634], [-50.641565191999966, -23.189520167316335], [-50.64191516299997, -23.189260168316356], [-50.64276256499994, -23.188630617316342], [-50.64317541799994, -23.18849624231638], [-50.64418860699993, -23.188166465316343], [-50.64544799699996, -23.187753864316356], [-50.645665228999974, -23.18804812931639], [-50.64735801699993, -23.189753064316314], [-50.649264250999984, -23.19135247231627], [-50.65169238499993, -23.19372209231624], [-50.653044584999975, -23.195120838316218], [-50.65424340799996, -23.196262868316186], [-50.65538148599996, -23.197062943316194], [-50.65647754299993, -23.197477498316154], [-50.65673291999996, -23.197574086316166], [-50.656769349999934, -23.197587864316148], [-50.65681748999998, -23.197570563316148], [-50.65733986399994, -23.197382819316186], [-50.657553721999925, -23.197305956316182], [-50.65766125699997, -23.197267307316146], [-50.65908046899995, -23.196586754316172], [-50.66148600099996, -23.1957943773162], [-50.66348778199995, -23.195290621316218], [-50.664291875999936, -23.195088262316208], [-50.66607923799996, -23.19503510231622], [-50.66718812799997, -23.19520835831619], [-50.66811114399996, -23.1957799993162], [-50.66851067699997, -23.19620811731619], [-50.669001743999964, -23.19700672131618], [-50.66943216499993, -23.197406419316142], [-50.67007871499993, -23.19763565531613], [-50.671599644999965, -23.197323057316144], [-50.67282261699995, -23.197071683316192], [-50.67359676899997, -23.196940829316176], [-50.67448729199998, -23.196790285316162], [-50.677108981999936, -23.1957702383162], [-50.67920687399993, -23.19472058831619], [-50.67976092999998, -23.19418579931623], [-50.68047316799994, -23.19349830931624], [-50.68068075099995, -23.193040597316283], [-50.68170264699995, -23.192953423316244], [-50.68184115799995, -23.19268629631628], [-50.682467464999945, -23.19279068131626], [-50.683514427999974, -23.193409341316237], [-50.68437103399999, -23.194123179316236], [-50.68489451499995, -23.195122552316235], [-50.685322817999975, -23.196026747316182], [-50.685560763999945, -23.19712130031619], [-50.68608424599995, -23.198453798316127], [-50.686893261999955, -23.199786296316102], [-50.68727397599997, -23.200309777316104], [-50.68779745799998, -23.201118794316084], [-50.68813058199999, -23.202451293316056], [-50.688082992999966, -23.20330789831605], [-50.68803540399995, -23.203783790316045], [-50.688320938999944, -23.204545218316003], [-50.68884442099994, -23.20516387831598], [-50.68927272299993, -23.20549700331596], [-50.68946308099998, -23.206163252315953], [-50.68936790199996, -23.206829501315934], [-50.68932031299994, -23.207495749315942], [-50.68951066999995, -23.208780659315888], [-50.68984379399995, -23.209970389315895], [-50.69027209699993, -23.21077940631586], [-50.69108111399998, -23.21154083331583], [-50.69179495199995, -23.21225467231583], [-50.69203289899997, -23.21325404631581], [-50.69222325499993, -23.214253419315803], [-50.69250878999998, -23.21468172231577], [-50.692603968999954, -23.21544315031572], [-50.69255637899994, -23.21601422031575], [-50.69236602299997, -23.216632880315718], [-50.69212807699995, -23.217679843315718], [-50.69246120099996, -23.218631627315688], [-50.69298468299996, -23.219345465315648], [-50.69317503999998, -23.22020207231563], [-50.69355575299994, -23.22139180231562], [-50.69398405599997, -23.222343586315596], [-50.69474548399996, -23.223105014315554], [-50.695887624999955, -23.22391403131559], [-50.69717253399995, -23.224723047315518], [-50.69888574599997, -23.22553206431555], [-50.69964717299996, -23.225817599315537], [-50.70093208199995, -23.225960367315515], [-50.70240734899995, -23.226007956315534], [-50.70354948999994, -23.2261031353155], [-50.70426332799997, -23.22672179531548], [-50.704691630999946, -23.227197687315464], [-50.70583377199995, -23.227721168315465], [-50.706500020999954, -23.228339828315438], [-50.707213859999975, -23.22938679131545], [-50.707594572999945, -23.229910272315447], [-50.70821323299998, -23.230386165315416], [-50.709402962999945, -23.23062411031539], [-50.710735461999946, -23.23067170031539], [-50.71178242499997, -23.230481343315397], [-50.71330527999999, -23.229101255315463], [-50.71558956199994, -23.227959114315496], [-50.71635098999996, -23.228006704315437], [-50.71716000699996, -23.22819706131544], [-50.71777866599995, -23.22872054231545], [-50.71873044999996, -23.229862684315417], [-50.71996776999998, -23.23033857531542], [-50.72082437599994, -23.230386164315426], [-50.72163339399998, -23.23071928931542], [-50.722299641999946, -23.231290360315374], [-50.72339419399998, -23.231671073315383], [-50.72453633599997, -23.231766252315364], [-50.72567847699997, -23.23162348431538], [-50.72705856399994, -23.231337949315385], [-50.72915248999993, -23.231052413315425], [-50.73281685999996, -23.23157589531541], [-50.73395900099996, -23.232146965315376], [-50.734672838999984, -23.232860804315376], [-50.73510114199996, -23.23376499931533], [-50.73510114199996, -23.234764373315308], [-50.73510114199997, -23.23585892531527], [-50.73538667799994, -23.23757213731525], [-50.73543426699997, -23.239237759315237], [-50.73543426699996, -23.23995159831518], [-50.73514873199996, -23.241331685315185], [-50.73519632099993, -23.242378648315118], [-50.736052926999946, -23.243378022315103], [-50.73690953299995, -23.243711146315093], [-50.73771854999996, -23.24452016331508], [-50.73838479799997, -23.24513882231506], [-50.73990765299993, -23.245900251315064], [-50.74138291899993, -23.24666167831503], [-50.74271541799993, -23.247089981315064], [-50.744333450999925, -23.247089981315064], [-50.746379787999956, -23.247042391315055], [-50.74737916199995, -23.246899624315052], [-50.74890201599993, -23.246899624315052], [-50.75004415699993, -23.247232748315053], [-50.75066281799997, -23.247898998315023], [-50.751567011999946, -23.24856524631498], [-50.752471207999974, -23.24880319331498], [-50.754041651999955, -23.248945961314973], [-50.755945220999934, -23.249659799314976], [-50.75656388099998, -23.250088102314955], [-50.75808673599994, -23.251277832314948], [-50.758800573999956, -23.25227720631493], [-50.75965717999998, -23.25337175831488], [-50.76018066099993, -23.254513899314865], [-50.76113244499992, -23.255751219314856], [-50.761655926999936, -23.256179522314827], [-50.76308360399997, -23.256750592314805], [-50.76517752899997, -23.25684577131482], [-50.76665279499996, -23.25651264631483], [-50.767604579999954, -23.256655415314814], [-50.76831841799998, -23.257226485314828], [-50.76855636399994, -23.258035502314804], [-50.769032255999946, -23.259130054314767], [-50.76931779199998, -23.259463178314764], [-50.76979368299994, -23.260081838314733], [-50.77098341399994, -23.260462551314752], [-50.77184001999996, -23.26046255231474], [-50.77222073399998, -23.26074808731473], [-50.77264903699995, -23.26103362231471], [-50.77331528599995, -23.261985407314675], [-50.77407671399994, -23.262889602314683], [-50.77469537299999, -23.26327031531464], [-50.77531403299997, -23.263317905314658], [-50.776170638999986, -23.26327031531465], [-50.77755072599996, -23.262889602314683], [-50.77874143699995, -23.26231345231467], [-50.77878387399994, -23.262377106314702], [-50.77906940899992, -23.262377106314702], [-50.77917674299994, -23.262372813314673], [-50.77919432999994, -23.262364020314678], [-50.780158012999955, -23.262185560314705], [-50.78155498299998, -23.262315510314682], [-50.781692764999946, -23.262328327314698], [-50.78185772299997, -23.2624187893147], [-50.782799213999965, -23.26293509131469], [-50.78341341199996, -23.263373802314693], [-50.78341618599995, -23.263376577314677], [-50.78391557799995, -23.263919394314655], [-50.78412029899994, -23.26408068931466], [-50.78489710599996, -23.264692719314642], [-50.78590837599995, -23.265257841314654], [-50.787068363999936, -23.265406557314602], [-50.78750637399997, -23.265342144314655], [-50.78807963499997, -23.265257841314654], [-50.78866662499997, -23.265229889314607], [-50.78870424299998, -23.265228097314637], [-50.78935859499995, -23.265555273314604], [-50.789745256999936, -23.26638808531459], [-50.789923716999965, -23.26707217931458], [-50.79019140599997, -23.26751832931459], [-50.790665572999956, -23.268132989314562], [-50.79099447399995, -23.26855934331457], [-50.79182728599994, -23.268827032314572], [-50.79226408899995, -23.268787322314555], [-50.79280881399996, -23.268737802314547], [-50.793297664999955, -23.26884848631454], [-50.79369948599997, -23.26893946431455], [-50.79438520599996, -23.269094722314545], [-50.79566416699999, -23.270046506314515], [-50.79637800499995, -23.271176750314456], [-50.79700261399994, -23.27206904731445], [-50.79780568099994, -23.272574684314446], [-50.798178134999944, -23.27284367731445], [-50.79834106099997, -23.272961346314474], [-50.798502989999974, -23.273057304314445], [-50.799144127999966, -23.27343723831446], [-50.799590276999936, -23.274061846314392], [-50.80012565599998, -23.27486491431441], [-50.800631290999945, -23.275311063314373], [-50.80140461599996, -23.27572746931437], [-50.80193999499994, -23.276024902314372], [-50.80232665699998, -23.27623310431438], [-50.80339741499995, -23.276560280314353], [-50.80428971199996, -23.276827969314354], [-50.80497380799994, -23.276976686314345], [-50.80601482199995, -23.27715514531432], [-50.80699634999996, -23.27733360631434], [-50.80812659299994, -23.27748232131436], [-50.80887017599997, -23.27748232231435], [-50.80982195999997, -23.277720268314305], [-50.810684514999934, -23.278106930314348], [-50.811725527999954, -23.278642309314314], [-50.81246910999994, -23.27885051231431], [-50.81362909699994, -23.278880255314338], [-50.81464036799997, -23.278999228314323], [-50.815592151999965, -23.27959409431428], [-50.81591932899994, -23.280040242314314], [-50.81633573399994, -23.280724337314293], [-50.81675213999994, -23.28131920331425], [-50.817287517999944, -23.28167612231425], [-50.817822897999974, -23.282003298314233], [-50.81841912699997, -23.28224620631424], [-50.81894005399994, -23.28253034831424], [-50.82011074899998, -23.28303003531422], [-50.821624085999986, -23.283843811314174], [-50.82222370999995, -23.284257837314208], [-50.822379299999966, -23.284378419314173], [-50.82279478099997, -23.28470041731417], [-50.82339440499993, -23.285528469314187], [-50.823407248999956, -23.285590854314165], [-50.823433314999924, -23.285717460314142], [-50.82245751499994, -23.286057328314165], [-50.82234400799995, -23.28609686131416], [-50.82185416599998, -23.28760649331409], [-50.82075615699995, -23.288820590314074], [-50.817389969999965, -23.291199111314032], [-50.81620074399996, -23.292731440313986], [-50.81595176199994, -23.293924283313977], [-50.81584084999997, -23.29445565931399], [-50.81570408599998, -23.295110911313913], [-50.81575743399997, -23.296174402313916], [-50.81581134999993, -23.29683277731391], [-50.81526256299997, -23.297237247313877], [-50.81411044499998, -23.29784355931386], [-50.81410987199996, -23.298248683313854], [-50.81432734799995, -23.299565565313845], [-50.81543357199997, -23.300946437313844], [-50.81558613599998, -23.30113687131383], [-50.81629663099994, -23.302758156313786], [-50.81629488299996, -23.304024148313715], [-50.81525130399996, -23.305390184313723], [-50.81404032499995, -23.306941374313674], [-50.813054002999934, -23.308425941313608], [-50.81299783999998, -23.309388021313627], [-50.81427989399998, -23.31126840331361], [-50.81359670299997, -23.312427094313573], [-50.813485913999955, -23.313237191313554], [-50.81309977099994, -23.314907828313473], [-50.813427338999986, -23.315921004313466], [-50.81365180299996, -23.316288871313493], [-50.81413851899998, -23.317086553313448], [-50.81451372199996, -23.31764256631343], [-50.814959313999964, -23.318302876313417], [-50.81479292499995, -23.319669939313425], [-50.81544776499994, -23.321949479313325], [-50.81615975099999, -23.322557987313346], [-50.816549831999964, -23.323052253313307], [-50.817199784999964, -23.323875824313298], [-50.81741855599995, -23.324518401313288], [-50.817855178999935, -23.325800878313217], [-50.81924478899998, -23.32698142631324], [-50.81982696699998, -23.327474253313245], [-50.82020987099998, -23.328183642313178], [-50.82223589599994, -23.33036344031317], [-50.82212338099998, -23.332490168313132], [-50.821739036999986, -23.33494023131304], [-50.820200942999975, -23.334817367313054], [-50.81855522899997, -23.33522058331304], [-50.81707306099997, -23.336332929313038], [-50.81723392599998, -23.336607342313023], [-50.81740133399995, -23.33689033431301], [-50.81783833099996, -23.33815682231299], [-50.81728867599997, -23.339067696312963], [-50.81652590099998, -23.33958804631294], [-50.81580659399998, -23.340078742312908], [-50.81498272199997, -23.3409892763129], [-50.81470020699993, -23.34276207031289], [-50.81465023199996, -23.343470200312844], [-50.81530841099993, -23.34451994631286], [-50.815635219999926, -23.345041175312808], [-50.81651110199993, -23.346206903312765], [-50.81827375099994, -23.34785546131272], [-50.81903017899998, -23.3489443463127], [-50.81974124899995, -23.350363060312677], [-50.82138503599998, -23.351529643312695], [-50.823015718999955, -23.35255085331265], [-50.82324823399995, -23.35269645631267], [-50.82560508199998, -23.353863798312613], [-50.82686536499995, -23.354776700312566], [-50.82752129899996, -23.356499153312544], [-50.82748022299995, -23.35731219631253], [-50.82740872199997, -23.358727156312533], [-50.82707845099997, -23.35963828531249], [-50.82592530799997, -23.360649787312443], [-50.82579185999998, -23.360707587312483], [-50.825477362999955, -23.36084380431245], [-50.82514073599998, -23.360989598312436], [-50.824780733999944, -23.361145515312472], [-50.824059369999986, -23.361457934312465], [-50.82274136899997, -23.36267178331239], [-50.82241159299997, -23.36432594831241], [-50.82377903499997, -23.366065768312314], [-50.823961078999965, -23.36640293031237], [-50.82432621399994, -23.367079163312326], [-50.824325079999944, -23.367940024312286], [-50.824010875999925, -23.36806047831229], [-50.82366262399996, -23.368193973312295], [-50.82300795799995, -23.368444929312297], [-50.820867902999964, -23.369050161312266], [-50.81933031699999, -23.370314367312275], [-50.817628130999935, -23.371578366312196], [-50.815858341999956, -23.372705426312212], [-50.81603459299998, -23.373602058312166], [-50.81622439399996, -23.375063186312158], [-50.81625169799997, -23.375273397312125], [-50.815535358999966, -23.37760195331207], [-50.81454625899994, -23.378816107312062], [-50.813720296999975, -23.381043246312032], [-50.813816311999965, -23.38210805931197], [-50.81261981199999, -23.38342195731193], [-50.80948968699994, -23.385646285311893], [-50.807837603999985, -23.387076865311883], [-50.80394181799995, -23.3904501143118], [-50.80398126199998, -23.39150972131178], [-50.80399459299996, -23.39186806631176], [-50.80459614199997, -23.393185427311764], [-50.80532843299994, -23.39440749831171], [-50.80640233199995, -23.396124732311677], [-50.80711093899998, -23.399315840311605], [-50.806851707999954, -23.399733252311595], [-50.806702576999946, -23.39997338131155], [-50.806141370999974, -23.399907357311573], [-50.80522818299994, -23.40031829131157], [-50.804086696999946, -23.40091186331157], [-50.80294521099995, -23.401231479311573], [-50.80175806699998, -23.40132279831155], [-50.80089053899996, -23.40191637131154], [-50.800205647999974, -23.403103515311486], [-50.79979471299998, -23.403697087311492], [-50.799109820999945, -23.404610275311487], [-50.798196633999964, -23.40492989131144], [-50.79723778599998, -23.40520384831148], [-50.79582234499998, -23.40529516631147], [-50.79472651899994, -23.40556912331145], [-50.79331107699994, -23.406527970311426], [-50.792032613999936, -23.408126050311388], [-50.791210744999944, -23.40885660031139], [-50.79011491899996, -23.409815448311356], [-50.78860815799993, -23.410317701311318], [-50.78701007899997, -23.410682976311342], [-50.78486408699997, -23.410409020311352], [-50.783859579999955, -23.41013506331137], [-50.78276375499996, -23.40963281031135], [-50.78148529199996, -23.40935885431135], [-50.77997852999994, -23.40899357931138], [-50.77819781399995, -23.409313195311377], [-50.77728462599998, -23.40976978831134], [-50.776919349999964, -23.41072863631137], [-50.776736712999934, -23.411413527311332], [-50.77605182199994, -23.4129659473113], [-50.77527561199998, -23.413513860311276], [-50.77417978699999, -23.413650837311284], [-50.77312961999997, -23.413513859311287], [-50.77226209099995, -23.413696497311292], [-50.77166851899994, -23.414061772311264], [-50.770618351999985, -23.415066279311244], [-50.76961384599997, -23.41597946831123], [-50.768426700999946, -23.416527380311226], [-50.76637202799998, -23.416938315311207], [-50.765139223999945, -23.416755677311198], [-50.76390641899996, -23.416710018311186], [-50.76212570299999, -23.417166612311185], [-50.76089289899995, -23.417851503311166], [-50.759842731999974, -23.41890166931117], [-50.758838225999966, -23.42004315431114], [-50.75778805999993, -23.42086502331112], [-50.756646574999934, -23.421823871311084], [-50.75564206699995, -23.422326125311088], [-50.75363305399997, -23.422737060311075], [-50.75271986499995, -23.422965357311053], [-50.75185233699994, -23.42346761031107], [-50.75103046799995, -23.424472117311055], [-50.75034557599997, -23.42529398631103], [-50.749706343999954, -23.426115856310986], [-50.74829090299994, -23.42743997931098], [-50.74746903399995, -23.428216188310948], [-50.746966780999976, -23.429083717310927], [-50.746875461999934, -23.429859926310883], [-50.747012439999935, -23.430636137310884], [-50.747651670999964, -23.431731962310856], [-50.748610518999946, -23.432097237310895], [-50.74988898199995, -23.432508172310865], [-50.74993575999997, -23.432538244310823], [-50.750528213999985, -23.43291910731084], [-50.75075651099996, -23.433786636310824], [-50.75121310499997, -23.434791142310768], [-50.75139574299993, -23.435384715310754], [-50.75194365499994, -23.43620658431079], [-50.75194523999994, -23.43620726331077], [-50.751952736999954, -23.43621047631078], [-50.75101288099995, -23.436110112310743], [-50.75097858699996, -23.43672187331074], [-50.74979460399993, -23.438616768310723], [-50.74797150499995, -23.440010969310674], [-50.74540442499995, -23.441848337310628], [-50.74523267999996, -23.44197125631066], [-50.74229834999994, -23.443948316310607], [-50.739363483999966, -23.44521168531054], [-50.738597701999936, -23.44554131431056], [-50.73431857199995, -23.447453076310538], [-50.73050390599997, -23.448192813310513], [-50.72974462399998, -23.448225048310512], [-50.726618920999954, -23.448357716310507], [-50.72380151599999, -23.448394316310498], [-50.72377412999998, -23.44841109131049], [-50.72206603599994, -23.44945733831044], [-50.71998115899999, -23.45179902831043], [-50.718441131999946, -23.453921278310336], [-50.71766329299993, -23.45499315831036], [-50.71702382899997, -23.457309223310308], [-50.716247360999944, -23.460121443310257], [-50.71623967299996, -23.460149287310234], [-50.71622950699998, -23.460180363310208], [-50.71545149099995, -23.462558446310155], [-50.714947945999945, -23.463621116310136], [-50.71445517699993, -23.464661014310092], [-50.71429058199993, -23.46500836031011], [-50.713132403999964, -23.46617894031008], [-50.71325888499996, -23.4666496753101], [-50.71370563199997, -23.46831219331004], [-50.71434014499994, -23.47015392931002], [-50.71462444599996, -23.470979122309974], [-50.71450703599999, -23.471831787309988], [-50.714505429999974, -23.472578049309963], [-50.71276908699997, -23.47385418030994], [-50.71178325599993, -23.474180126309896], [-50.71022601599998, -23.474062694309886], [-50.70849406299994, -23.47331319230994], [-50.70767598999998, -23.47275970930992], [-50.707206532999976, -23.472442085309925], [-50.70572245199997, -23.47234850230997], [-50.70514270299998, -23.47320028630991], [-50.705607013999945, -23.474170295309907], [-50.70583642299994, -23.47486308630989], [-50.705864375999965, -23.47494750330988], [-50.70586607899998, -23.474961909309865], [-50.70586827399996, -23.474980473309888], [-50.70599154499996, -23.476023227309877], [-50.70599082399997, -23.47634775730988], [-50.70598862199994, -23.47733768630982], [-50.70565999199994, -23.479488014309783], [-50.70518964699994, -23.480272998309786], [-50.704229748999985, -23.481815484309752], [-50.703321022999944, -23.482650241309738], [-50.70196502999994, -23.484101512309664], [-50.70180836099996, -23.48426918630967], [-50.70228205599995, -23.48599870030965], [-50.70235092699994, -23.486250155309673], [-50.702419805999966, -23.486501636309622], [-50.70245441399993, -23.48662799230963], [-50.702412795999976, -23.4875750203096], [-50.70233798899994, -23.489277260309535], [-50.70221404799997, -23.48953753930956], [-50.700594235999965, -23.49142185830953], [-50.69875546499998, -23.492382340309486], [-50.69764221099996, -23.492863411309504], [-50.696462578999956, -23.493369339309485], [-50.69607984899995, -23.49377987430948], [-50.69553729499995, -23.494308571309467], [-50.69534150599998, -23.49493554230942], [-50.695388743999956, -23.495518186309432], [-50.695581970999974, -23.49601148330941], [-50.69655340099995, -23.49614781330945], [-50.69752509399995, -23.496107031309396], [-50.697540394999976, -23.49610638830944], [-50.697555694999956, -23.496105746309404], [-50.697573819999945, -23.496104985309437], [-50.698969254999945, -23.49662346930942], [-50.70068866499997, -23.497685451309348], [-50.70161643399996, -23.49834258730937], [-50.702681254999966, -23.49882354130937], [-50.703745567999924, -23.499531345309347], [-50.70459204199994, -23.499885846309343], [-50.705656550999954, -23.500518024309322], [-50.706065230999975, -23.501098538309282], [-50.70614703999997, -23.50171401530927], [-50.70622625499993, -23.502434773309254], [-50.70597887099996, -23.50306447030926], [-50.70565016799998, -23.50339152330924], [-50.704037031999974, -23.503640526309248], [-50.70299825999996, -23.50371418130925], [-50.70220535099997, -23.503838692309266], [-50.70141018199996, -23.503907644309255], [-50.69921926299997, -23.504124317309262], [-50.69958639599998, -23.506350829309206], [-50.70004204099996, -23.50933676930911], [-50.70092650799996, -23.512643752309046], [-50.69879986799998, -23.514244055308993], [-50.696973692999954, -23.51657924930895], [-50.69495097299995, -23.519513712308928], [-50.693788319999946, -23.52113983030887], [-50.69361258499998, -23.52138561230884], [-50.69358085799996, -23.52142998630887], [-50.69078122499997, -23.522803708308825], [-50.68902291499995, -23.523819651308763], [-50.68798040599995, -23.524776762308797], [-50.686852655999985, -23.525667701308773], [-50.68589070199994, -23.52647909030871], [-50.68552509999995, -23.526948877308698], [-50.685414477999984, -23.527486382308705], [-50.68530473299996, -23.527654196308696], [-50.68524644599995, -23.528296433308704], [-50.685338866999984, -23.528628917308712], [-50.685775931999956, -23.5287642253087], [-50.68610396999998, -23.528764887308682], [-50.68701481299996, -23.528934766308673], [-50.68791637799996, -23.529367809308653], [-50.68897943999997, -23.53035225730863], [-50.690348655999976, -23.533196092308586], [-50.691206567999984, -23.534409919308576], [-50.691746645999956, -23.535174030308532], [-50.69233992299997, -23.538033082308477], [-50.69240611499998, -23.538352033308463], [-50.69195460599997, -23.54132287430838], [-50.69117036799997, -23.54398564130832], [-50.68772064099994, -23.545720807308296], [-50.68404705599993, -23.548070280308277], [-50.682260946999975, -23.549333029308226], [-50.68225999499998, -23.55165321730817], [-50.68250801799996, -23.554590739308136]]]}, "properties": {"objectid": 734, "nome": "Rio Congonhas 1", "area_km2": 943.8784275800001, "impeditivo": "Analisar", "portaria": "472/2018", "tipo": "Ativo", "icms": "Sim", "Shape__Area": 0.08346929715651102, "Shape__Length": 1.8373892439467612}}]}