{"type": "FeatureCollection", "features": [{"type": "Feature", "id": 607026, "geometry": {"type": "Polygon", "coordinates": [[[-50.63165905699998, -23.47374236430993], [-50.63364733699996, -23.47108310130999], [-50.63508163499995, -23.469587275310033], [-50.63718491999998, -23.467914298310063], [-50.63853027499994, -23.468395952310058], [-50.63982894199995, -23.468938665309995], [-50.64176489499994, -23.469914049309992], [-50.64092821499997, -23.471100036309952], [-50.639104895999935, -23.47223521330996], [-50.63656121399998, -23.472686924309937], [-50.63643823299998, -23.472708758309928], [-50.63468167999997, -23.473184402309922], [-50.63165905699998, -23.47374236430993]]]}, "properties": {"objectid": 607026, "dra_pk": 4408, "idbacia": 4408, "cotrecho": 56711, "cocursodag": "8642274312", "cobacia": "8642274312", "nuareacont": 0.3215099, "nuordemcda": 7, "nunivotto1": "8", "nunivotto2": "86", "nunivotto3": "864", "nunivotto4": "8642", "nunivotto5": "86422", "nunivotto6": "864227", "nunivotto": 10, "dsversao": "BHO pghydro_8642 de 2020-01-08", "cobacia_2011": null, "Shape__Area": 2.837391256293202e-05, "Shape__Length": 0.02428563028137441}}, {"type": "Feature", "id": 607129, "geometry": {"type": "Polygon", "coordinates": [[[-50.68208032899998, -23.47095928630999], [-50.68330989999998, -23.470486382310018], [-50.68443300699994, -23.46976904130999], [-50.685750894999956, -23.469142043310033], [-50.68828916099994, -23.46841505431006], [-50.69113803599999, -23.468710071310046], [-50.693987232999966, -23.469847797309985], [-50.69444918299997, -23.469990853309994], [-50.69506089499998, -23.470580348309955], [-50.69613032699993, -23.471976688309965], [-50.69709807099997, -23.47521684430991], [-50.69799778799995, -23.47829531030981], [-50.69405741999998, -23.479323122309808], [-50.691911706999974, -23.47945382830979], [-50.688992593999956, -23.47970904430977], [-50.68435573499994, -23.478719097309796], [-50.681821132999964, -23.478354141309804], [-50.680163874999955, -23.478125870309846], [-50.67837377599994, -23.477421215309867], [-50.67838032599997, -23.47598750630987], [-50.67930878799996, -23.474390287309898], [-50.68208032899998, -23.47095928630999]]]}, "properties": {"objectid": 607129, "dra_pk": 4511, "idbacia": 4511, "cotrecho": 57185, "cocursodag": "864227428", "cobacia": "864227428", "nuareacont": 1.81687853, "nuordemcda": 8, "nunivotto1": "8", "nunivotto2": "86", "nunivotto3": "864", "nunivotto4": "8642", "nunivotto5": "86422", "nunivotto6": "864227", "nunivotto": 9, "dsversao": "BHO pghydro_8642 de 2020-01-08", "cobacia_2011": null, "Shape__Area": 0.00016035463721779972, "Shape__Length": 0.05010534936215034}}, {"type": "Feature", "id": 607156, "geometry": {"type": "Polygon", "coordinates": [[[-50.644410026999935, -23.462811296310186], [-50.64484479499999, -23.46109853031019], [-50.64538514599997, -23.45957057831023], [-50.64597425299996, -23.4580427353103], [-50.64622111599994, -23.456873927310273], [-50.646785963999946, -23.454276595310347], [-50.647998654999974, -23.454519211310377], [-50.64960018399995, -23.454624724310367], [-50.650511551999955, -23.454684767310322], [-50.65372430099995, -23.454784652310316], [-50.65255824899998, -23.457068065310327], [-50.65192166099997, -23.458146067310274], [-50.65167436399997, -23.45949479931025], [-50.651670115999934, -23.461113920310183], [-50.652225163999965, -23.46266180931015], [-50.651288058999974, -23.46358174031013], [-50.650114771999945, -23.46479346431012], [-50.64978141399996, -23.465010108310096], [-50.649184874999946, -23.465397783310095], [-50.649367796999975, -23.464995539310117], [-50.64902575899998, -23.46323571431014], [-50.64824740199998, -23.462594303310144], [-50.646687103999966, -23.462670735310162], [-50.64555823799998, -23.463467748310165], [-50.64489481599998, -23.463153280310163], [-50.64463819699994, -23.463045323310155], [-50.644410026999935, -23.462811296310186]]]}, "properties": {"objectid": 607156, "dra_pk": 4538, "idbacia": 4538, "cotrecho": 59279, "cocursodag": "86422742", "cobacia": "864227421", "nuareacont": 0.66855549, "nuordemcda": 7, "nunivotto1": "8", "nunivotto2": "86", "nunivotto3": "864", "nunivotto4": "8642", "nunivotto5": "86422", "nunivotto6": "864227", "nunivotto": 9, "dsversao": "BHO pghydro_8642 de 2020-01-08", "cobacia_2011": null, "Shape__Area": 5.899686997923576e-05, "Shape__Length": 0.035933405260422574}}, {"type": "Feature", "id": 607157, "geometry": {"type": "Polygon", "coordinates": [[[-50.64092438299997, -23.45755977331027], [-50.641686823999976, -23.4570434763103], [-50.642614658999946, -23.45646092031032], [-50.643884219999954, -23.455699233310323], [-50.645055907999954, -23.455072244310326], [-50.646785963999946, -23.454276595310347], [-50.64622111599994, -23.456873927310273], [-50.64597425299996, -23.4580427353103], [-50.64538514599997, -23.45957057831023], [-50.64484479499999, -23.46109853031019], [-50.644410026999935, -23.462811296310186], [-50.64224777099997, -23.46390693431014], [-50.639792925999984, -23.464660003310108], [-50.640558633999945, -23.463543248310135], [-50.641087582999944, -23.460246240310205], [-50.64092438299997, -23.45755977331027]]]}, "properties": {"objectid": 607157, "dra_pk": 4539, "idbacia": 4539, "cotrecho": 59280, "cocursodag": "8642274", "cobacia": "864227415", "nuareacont": 0.40030550000000004, "nuordemcda": 6, "nunivotto1": "8", "nunivotto2": "86", "nunivotto3": "864", "nunivotto4": "8642", "nunivotto5": "86422", "nunivotto6": "864227", "nunivotto": 9, "dsversao": "BHO pghydro_8642 de 2020-01-08", "cobacia_2011": null, "Shape__Area": 3.5324958044908945e-05, "Shape__Length": 0.02798431203227948}}, {"type": "Feature", "id": 607170, "geometry": {"type": "Polygon", "coordinates": [[[-50.69694560399995, -23.455509767310335], [-50.69879028899993, -23.45443683331038], [-50.69974383399995, -23.4536463823104], [-50.70121357099999, -23.45452422431033], [-50.70350362199998, -23.455068305310316], [-50.705236809999974, -23.45529607331031], [-50.702622792999925, -23.45655083231028], [-50.70124723199996, -23.457248855310308], [-50.69985444699995, -23.458126919310242], [-50.69819536299997, -23.45879836331026], [-50.69626314499993, -23.46022358931021], [-50.69634064399998, -23.459739255310247], [-50.69634640399995, -23.457220614310312], [-50.69634691799996, -23.45699573331032], [-50.69678845499993, -23.455782236310302], [-50.69694560399995, -23.455509767310335]]]}, "properties": {"objectid": 607170, "dra_pk": 4552, "idbacia": 4552, "cotrecho": 57719, "cocursodag": "864226", "cobacia": "864226991", "nuareacont": 0.27840198000000005, "nuordemcda": 6, "nunivotto1": "8", "nunivotto2": "86", "nunivotto3": "864", "nunivotto4": "8642", "nunivotto5": "86422", "nunivotto6": "864226", "nunivotto": 9, "dsversao": "BHO pghydro_8642 de 2020-01-08", "cobacia_2011": null, "Shape__Area": 2.4568215760509007e-05, "Shape__Length": 0.02430566816096549}}, {"type": "Feature", "id": 607203, "geometry": {"type": "Polygon", "coordinates": [[[-50.62349984799994, -23.467653360310074], [-50.62401410799998, -23.467696223310053], [-50.62518555999998, -23.467226800310094], [-50.62624748899998, -23.466689640310086], [-50.62701697999995, -23.46611803631008], [-50.628175512999974, -23.465690128310083], [-50.629803796999965, -23.468840914309997], [-50.63165905699998, -23.47374236430993], [-50.63061949899998, -23.472400733309957], [-50.629451890999974, -23.47148720630995], [-50.62839371499995, -23.47067511630996], [-50.62627379199995, -23.470332740309967], [-50.62459200599994, -23.470227497309963], [-50.62323933799996, -23.470123050310022], [-50.62217976099998, -23.469816895309997], [-50.62084046799999, -23.469372294310027], [-50.621707577999985, -23.468702596310028], [-50.62258678699994, -23.468131290310048], [-50.62349984799994, -23.467653360310074]]]}, "properties": {"objectid": 607203, "dra_pk": 4584, "idbacia": 4584, "cotrecho": 56713, "cocursodag": "8642275324", "cobacia": "8642275324", "nuareacont": 0.32779326, "nuordemcda": 7, "nunivotto1": "8", "nunivotto2": "86", "nunivotto3": "864", "nunivotto4": "8642", "nunivotto5": "86422", "nunivotto6": "864227", "nunivotto": 10, "dsversao": "BHO pghydro_8642 de 2020-01-08", "cobacia_2011": null, "Shape__Area": 2.8927808477979455e-05, "Shape__Length": 0.02934077949645702}}, {"type": "Feature", "id": 609322, "geometry": {"type": "Polygon", "coordinates": [[[-50.61539287699997, -23.490486769309552], [-50.61553778699994, -23.489883541309574], [-50.61586966799996, -23.488939877309573], [-50.615945256999964, -23.488096766309585], [-50.61671501399996, -23.487491498309588], [-50.61730015499995, -23.4874929273096], [-50.617720691999985, -23.4875792553096], [-50.61777256899995, -23.4885397713096], [-50.61835557899997, -23.489283294309566], [-50.61912174799994, -23.48992607830953], [-50.61999686499997, -23.490838968309557], [-50.620798664999946, -23.49181914030952], [-50.62136195299996, -23.492264126309486], [-50.62075997299996, -23.492561141309483], [-50.619697609999946, -23.49316572430951], [-50.61810755099998, -23.493315997309477], [-50.61702934199997, -23.49261948330947], [-50.61644526199996, -23.49224699930951], [-50.61612532899994, -23.49209336830953], [-50.61538612199996, -23.49173841130952], [-50.614642886999945, -23.49162161530954], [-50.61527864799996, -23.490962323309528], [-50.61539287699997, -23.490486769309552]]]}, "properties": {"objectid": 609322, "dra_pk": 6694, "idbacia": 6694, "cotrecho": 58636, "cocursodag": "86422756", "cobacia": "864227561", "nuareacont": 0.22311911, "nuordemcda": 6, "nunivotto1": "8", "nunivotto2": "86", "nunivotto3": "864", "nunivotto4": "8642", "nunivotto5": "86422", "nunivotto6": "864227", "nunivotto": 9, "dsversao": "BHO pghydro_8642 de 2020-01-08", "cobacia_2011": null, "Shape__Area": 1.9693304758877103e-05, "Shape__Length": 0.01941587717713069}}, {"type": "Feature", "id": 609349, "geometry": {"type": "Polygon", "coordinates": [[[-50.621624794999946, -23.487706207309625], [-50.62256595699995, -23.487358344309616], [-50.62501709199995, -23.487060687309597], [-50.626859140999954, -23.486644290309624], [-50.62622260799998, -23.48753582430961], [-50.62607385499995, -23.4884124853096], [-50.62609598899997, -23.489446770309577], [-50.624898702999985, -23.490446059309544], [-50.623762185999965, -23.49142153930954], [-50.62136195299996, -23.492264126309486], [-50.62186137599997, -23.49107962830954], [-50.62201238299997, -23.48942713730956], [-50.62197917099996, -23.488246449309596], [-50.621624794999946, -23.487706207309625]]]}, "properties": {"objectid": 609349, "dra_pk": 6721, "idbacia": 6721, "cotrecho": 58645, "cocursodag": "86422754", "cobacia": "864227541", "nuareacont": 0.18831961, "nuordemcda": 6, "nunivotto1": "8", "nunivotto2": "86", "nunivotto3": "864", "nunivotto4": "8642", "nunivotto5": "86422", "nunivotto6": "864227", "nunivotto": 9, "dsversao": "BHO pghydro_8642 de 2020-01-08", "cobacia_2011": null, "Shape__Area": 1.6621658514977945e-05, "Shape__Length": 0.01875341450065091}}, {"type": "Feature", "id": 609365, "geometry": {"type": "Polygon", "coordinates": [[[-50.688550043999946, -23.492421371309504], [-50.688713536999956, -23.49172588330952], [-50.689011499999935, -23.489432709309575], [-50.68940528699994, -23.487859340309576], [-50.69050052699998, -23.486375805309635], [-50.69199052499993, -23.487504667309583], [-50.69330428999996, -23.488721609309597], [-50.694762725999965, -23.49065843030952], [-50.69607984899995, -23.49377987430948], [-50.695325350999944, -23.49387666930947], [-50.694111480999936, -23.49395424930945], [-50.692637332999944, -23.494111265309453], [-50.69047113099998, -23.49362722830949], [-50.688550043999946, -23.492421371309504]]]}, "properties": {"objectid": 609365, "dra_pk": 6737, "idbacia": 6737, "cotrecho": 58649, "cocursodag": "8642274292", "cobacia": "8642274292", "nuareacont": 0.40244179, "nuordemcda": 8, "nunivotto1": "8", "nunivotto2": "86", "nunivotto3": "864", "nunivotto4": "8642", "nunivotto5": "86422", "nunivotto6": "864227", "nunivotto": 10, "dsversao": "BHO pghydro_8642 de 2020-01-08", "cobacia_2011": null, "Shape__Area": 3.55232956818901e-05, "Shape__Length": 0.02391274690816681}}, {"type": "Feature", "id": 609376, "geometry": {"type": "Polygon", "coordinates": [[[-50.657166977999964, -23.486531311309637], [-50.65905335499996, -23.48617564630966], [-50.660484157999974, -23.48599886330964], [-50.66288987699994, -23.485944116309668], [-50.66323385099997, -23.486113619309652], [-50.664967794999946, -23.48696804530963], [-50.666264489999946, -23.488410047309575], [-50.667041819999945, -23.48955110530957], [-50.668200730999956, -23.489966998309537], [-50.66977755799997, -23.49073638130955], [-50.67099451699995, -23.491593492309544], [-50.67201621999993, -23.492540140309494], [-50.672305680999955, -23.493800072309448], [-50.67210795899995, -23.494879073309466], [-50.671938083999976, -23.496561287309405], [-50.67107634499996, -23.49821076030935], [-50.67077927999998, -23.50000917230934], [-50.67067627299996, -23.502212760309273], [-50.670379440999966, -23.504998126309225], [-50.668650439999965, -23.50299554330924], [-50.66639970999994, -23.501631471309263], [-50.663282464999945, -23.500105581309313], [-50.66033602099998, -23.499619455309336], [-50.656959425999965, -23.497852998309398], [-50.65349622699995, -23.49608628630943], [-50.65304903099996, -23.49574089030944], [-50.65193889599993, -23.494883463309424], [-50.650297008999985, -23.492880872309463], [-50.64939507599996, -23.491072627309567], [-50.65051737299996, -23.49019964730952], [-50.65227614199994, -23.4889442593096], [-50.65432663899997, -23.488004335309597], [-50.655644380999945, -23.487557492309588], [-50.657166977999964, -23.486531311309637]]]}, "properties": {"objectid": 609376, "dra_pk": 6747, "idbacia": 6747, "cotrecho": 50905, "cocursodag": "8642274", "cobacia": "864227451", "nuareacont": 2.72421579, "nuordemcda": 6, "nunivotto1": "8", "nunivotto2": "86", "nunivotto3": "864", "nunivotto4": "8642", "nunivotto5": "86422", "nunivotto6": "864227", "nunivotto": 9, "dsversao": "BHO pghydro_8642 de 2020-01-08", "cobacia_2011": null, "Shape__Area": 0.0002404636703658675, "Shape__Length": 0.06511966724696609}}, {"type": "Feature", "id": 609388, "geometry": {"type": "Polygon", "coordinates": [[[-50.668200730999956, -23.489966998309537], [-50.670814908999944, -23.488719577309602], [-50.67237886199997, -23.487283643309606], [-50.67335750599994, -23.48590643530963], [-50.67515264499996, -23.485676337309666], [-50.67938650699995, -23.48864748830959], [-50.68113873699997, -23.489122603309546], [-50.68074799899995, -23.4912989493095], [-50.67981790999994, -23.492781245309473], [-50.67845000399995, -23.49381287230948], [-50.67732209899998, -23.494412024309476], [-50.67659454599993, -23.49479850130947], [-50.67512960899995, -23.495605016309423], [-50.67337229399994, -23.496320948309396], [-50.671938083999976, -23.496561287309405], [-50.67210795899995, -23.494879073309466], [-50.672305680999955, -23.493800072309448], [-50.67201621999993, -23.492540140309494], [-50.67099451699995, -23.491593492309544], [-50.66977755799997, -23.49073638130955], [-50.668200730999956, -23.489966998309537]]]}, "properties": {"objectid": 609388, "dra_pk": 6759, "idbacia": 6759, "cotrecho": 58631, "cocursodag": "864227452", "cobacia": "864227452", "nuareacont": 0.84613643, "nuordemcda": 7, "nunivotto1": "8", "nunivotto2": "86", "nunivotto3": "864", "nunivotto4": "8642", "nunivotto5": "86422", "nunivotto6": "864227", "nunivotto": 9, "dsversao": "BHO pghydro_8642 de 2020-01-08", "cobacia_2011": null, "Shape__Area": 7.46868744343337e-05, "Shape__Length": 0.03702269266527577}}, {"type": "Feature", "id": 609395, "geometry": {"type": "Polygon", "coordinates": [[[-50.617720691999985, -23.4875792553096], [-50.618412766999946, -23.4863247663096], [-50.61818982099993, -23.48538766030965], [-50.619709027999924, -23.486744182309597], [-50.621624794999946, -23.487706207309625], [-50.62197917099996, -23.488246449309596], [-50.62201238299997, -23.48942713730956], [-50.62186137599997, -23.49107962830954], [-50.62136195299996, -23.492264126309486], [-50.620798664999946, -23.49181914030952], [-50.61999686499997, -23.490838968309557], [-50.61912174799994, -23.48992607830953], [-50.61835557899997, -23.489283294309566], [-50.61777256899995, -23.4885397713096], [-50.617720691999985, -23.4875792553096]]]}, "properties": {"objectid": 609395, "dra_pk": 6766, "idbacia": 6766, "cotrecho": 58801, "cocursodag": "86422", "cobacia": "86422755", "nuareacont": 0.17696579, "nuordemcda": 5, "nunivotto1": "8", "nunivotto2": "86", "nunivotto3": "864", "nunivotto4": "8642", "nunivotto5": "86422", "nunivotto6": "864227", "nunivotto": 8, "dsversao": "BHO pghydro_8642 de 2020-01-08", "cobacia_2011": null, "Shape__Area": 1.5619451171495577e-05, "Shape__Length": 0.017504181460108036}}, {"type": "Feature", "id": 618983, "geometry": {"type": "Polygon", "coordinates": [[[-50.69921926299997, -23.504124317309262], [-50.700615010999975, -23.503976592309225], [-50.70220535099997, -23.503838692309266], [-50.70299825999996, -23.50371418130925], [-50.704037031999974, -23.503640526309248], [-50.70565016799998, -23.50339152330924], [-50.70597887099996, -23.50306447030926], [-50.70622625499993, -23.502434773309254], [-50.70614703999997, -23.50171401530927], [-50.71111306399996, -23.503892961309244], [-50.713256927999964, -23.504796443309235], [-50.715400434999935, -23.505879793309198], [-50.71695912899998, -23.50678215430916], [-50.71910230699996, -23.50804535830914], [-50.72137507899998, -23.509548630309126], [-50.723071395999966, -23.511098367309103], [-50.72188774999995, -23.51314761230902], [-50.720323121999975, -23.515003811309015], [-50.71648635499997, -23.514996873309006], [-50.71518575599998, -23.51499450030897], [-50.71239142899998, -23.514089844308998], [-50.708958202999945, -23.513148681309023], [-50.70842699699995, -23.513003055309028], [-50.70563289299997, -23.51203831930904], [-50.70270634999998, -23.512152688309055], [-50.70092650799996, -23.512643752309046], [-50.70004204099996, -23.50933676930911], [-50.69958639599998, -23.506350829309206], [-50.69921926299997, -23.504124317309262]]]}, "properties": {"objectid": 618983, "dra_pk": 16324, "idbacia": 16324, "cotrecho": 50893, "cocursodag": "864234284", "cobacia": "8642342845", "nuareacont": 2.1698750799999997, "nuordemcda": 8, "nunivotto1": "8", "nunivotto2": "86", "nunivotto3": "864", "nunivotto4": "8642", "nunivotto5": "86423", "nunivotto6": "864234", "nunivotto": 10, "dsversao": "BHO pghydro_8642 de 2020-01-08", "cobacia_2011": null, "Shape__Area": 0.000191562292163283, "Shape__Length": 0.06121479194450184}}, {"type": "Feature", "id": 619197, "geometry": {"type": "Polygon", "coordinates": [[[-50.67557589499995, -23.499402422309327], [-50.67692394799997, -23.499701534309313], [-50.67945970399995, -23.499751755309344], [-50.68219117999996, -23.499532461309318], [-50.68361015199997, -23.499030679309374], [-50.68209159099995, -23.500386804309315], [-50.68043027099998, -23.501732676309288], [-50.67946551899996, -23.50273727030925], [-50.67774307199994, -23.504071542309237], [-50.67598235799994, -23.50613677330921], [-50.675685339999966, -23.507935184309147], [-50.67452688599997, -23.510763743309113], [-50.67391857499996, -23.511322158309092], [-50.67287595999994, -23.51219950130903], [-50.67200852599996, -23.512357583309058], [-50.67114167599994, -23.512275806309084], [-50.67018931699994, -23.5117140963091], [-50.66941276999995, -23.510193266309123], [-50.66950267599998, -23.508914156309107], [-50.669720661999975, -23.507338077309193], [-50.670379440999966, -23.504998126309225], [-50.67160051299993, -23.503159204309274], [-50.67360420499995, -23.501454334309294], [-50.67557589499995, -23.499402422309327]]]}, "properties": {"objectid": 619197, "dra_pk": 16538, "idbacia": 16538, "cotrecho": 50903, "cocursodag": "8642274", "cobacia": "864227455", "nuareacont": 0.8794555800000001, "nuordemcda": 6, "nunivotto1": "8", "nunivotto2": "86", "nunivotto3": "864", "nunivotto4": "8642", "nunivotto5": "86422", "nunivotto6": "864227", "nunivotto": 9, "dsversao": "BHO pghydro_8642 de 2020-01-08", "cobacia_2011": null, "Shape__Area": 7.763610641286727e-05, "Shape__Length": 0.04324364233817203}}, {"type": "Feature", "id": 620370, "geometry": {"type": "Polygon", "coordinates": [[[-50.61112851799993, -23.517483059308933], [-50.611130457999934, -23.516822601308924], [-50.611824629999944, -23.514576317309015], [-50.61147018699995, -23.51212018830907], [-50.61350719899997, -23.512507449309027], [-50.61556403299994, -23.512512540309068], [-50.61698827299995, -23.512418776309026], [-50.61872805999997, -23.51227713930907], [-50.61867450199998, -23.513481097309008], [-50.61929392099995, -23.515442423308976], [-50.62035406699994, -23.516309632308946], [-50.62251450499997, -23.51713339330892], [-50.62203881499994, -23.51735127430894], [-50.620597990999954, -23.518442959308917], [-50.619751604999976, -23.520105235308886], [-50.61831203999997, -23.520757063308857], [-50.61762092999993, -23.521965841308813], [-50.61720843099994, -23.523239288308794], [-50.61680165299998, -23.522716071308846], [-50.615180400999975, -23.521328685308845], [-50.61393238699998, -23.52057625130887], [-50.61199779199995, -23.51947626330887], [-50.611126732999935, -23.518090694308928], [-50.61112851799993, -23.517483059308933]]]}, "properties": {"objectid": 620370, "dra_pk": 17703, "idbacia": 17703, "cotrecho": 58139, "cocursodag": "8642276", "cobacia": "864227615", "nuareacont": 0.82233562, "nuordemcda": 6, "nunivotto1": "8", "nunivotto2": "86", "nunivotto3": "864", "nunivotto4": "8642", "nunivotto5": "86422", "nunivotto6": "864227", "nunivotto": 9, "dsversao": "BHO pghydro_8642 de 2020-01-08", "cobacia_2011": null, "Shape__Area": 7.259632256519449e-05, "Shape__Length": 0.03697121036232259}}, {"type": "Feature", "id": 620388, "geometry": {"type": "Polygon", "coordinates": [[[-50.61872805999997, -23.51227713930907], [-50.62068081499996, -23.51135326230905], [-50.62524947999998, -23.511219971309053], [-50.62845637899994, -23.513618834308996], [-50.63025579599998, -23.515153351309], [-50.62960827099994, -23.515236729309002], [-50.62673131799994, -23.515806273308957], [-50.624166878999965, -23.516376519308952], [-50.622614646999985, -23.517087524308952], [-50.62251450499997, -23.51713339330892], [-50.62035406699994, -23.516309632308946], [-50.61929392099995, -23.515442423308976], [-50.61867450199998, -23.513481097309008], [-50.61872805999997, -23.51227713930907]]]}, "properties": {"objectid": 620388, "dra_pk": 17721, "idbacia": 17721, "cotrecho": 50882, "cocursodag": "864227614", "cobacia": "864227614", "nuareacont": 0.50202132, "nuordemcda": 7, "nunivotto1": "8", "nunivotto2": "86", "nunivotto3": "864", "nunivotto4": "8642", "nunivotto5": "86422", "nunivotto6": "864227", "nunivotto": 9, "dsversao": "BHO pghydro_8642 de 2020-01-08", "cobacia_2011": null, "Shape__Area": 4.431815203927023e-05, "Shape__Length": 0.02807458516230422}}, {"type": "Feature", "id": 620401, "geometry": {"type": "Polygon", "coordinates": [[[-50.59955024899995, -23.49396041830948], [-50.60254362399996, -23.494025223309446], [-50.606514090999944, -23.49337763530946], [-50.60794217599994, -23.493793425309473], [-50.60995473799994, -23.49461596530946], [-50.610950781999975, -23.495950612309393], [-50.611947155999985, -23.497182786309367], [-50.61372100699998, -23.49851935930934], [-50.61538439499998, -23.499650678309333], [-50.617379942999946, -23.501192701309318], [-50.61926177999993, -23.503656681309224], [-50.62058811099997, -23.506119285309182], [-50.621923762999984, -23.508267382309167], [-50.62046417899995, -23.50788029330916], [-50.61903997999996, -23.507974081309168], [-50.61769481999994, -23.508092374309125], [-50.61627097899997, -23.50806455730914], [-50.61476866399994, -23.507817670309137], [-50.613899781999976, -23.507377811309173], [-50.61324134599994, -23.50710868230916], [-50.61303585399998, -23.50704495230916], [-50.61279499499994, -23.506451002309166], [-50.61279634599998, -23.505988973309172], [-50.61309724299997, -23.505413017309206], [-50.61437522999995, -23.504960801309227], [-50.61528015099998, -23.50419991830926], [-50.61543320999993, -23.50329842330928], [-50.61525694299996, -23.502005712309288], [-50.61468520399996, -23.50183969530926], [-50.613857748999976, -23.501837646309273], [-50.612427889999935, -23.502042219309292], [-50.60994551399995, -23.50203603230929], [-50.60565943199999, -23.50147023530927], [-50.60310163199995, -23.501533111309286], [-50.600842228999966, -23.502429220309264], [-50.598436393999975, -23.503986149309227], [-50.59861341199996, -23.50306375930929], [-50.598320092999984, -23.500565511309336], [-50.59808119699994, -23.49854598230933], [-50.598784235999965, -23.496334840309434], [-50.59955024899995, -23.49396041830948]]]}, "properties": {"objectid": 620401, "dra_pk": 17734, "idbacia": 17734, "cotrecho": 50895, "cocursodag": "86422", "cobacia": "86422759", "nuareacont": 1.74754596, "nuordemcda": 5, "nunivotto1": "8", "nunivotto2": "86", "nunivotto3": "864", "nunivotto4": "8642", "nunivotto5": "86422", "nunivotto6": "864227", "nunivotto": 8, "dsversao": "BHO pghydro_8642 de 2020-01-08", "cobacia_2011": null, "Shape__Area": 0.00015425408583398368, "Shape__Length": 0.07258556814685074}}, {"type": "Feature", "id": 620444, "geometry": {"type": "Polygon", "coordinates": [[[-50.619697609999946, -23.49316572430951], [-50.62075997299996, -23.492561141309483], [-50.62136195299996, -23.492264126309486], [-50.62182057399996, -23.492563718309526], [-50.623025455999944, -23.493275003309467], [-50.62401159499995, -23.49374963630947], [-50.626016455999945, -23.496115674309408], [-50.62689042799997, -23.497467045309367], [-50.627887542999986, -23.499130822309358], [-50.625359866999986, -23.49845386730937], [-50.62428841699994, -23.49795656330935], [-50.62185385999993, -23.496646382309386], [-50.62014964599996, -23.49574272030941], [-50.61858384299995, -23.494974671309436], [-50.618780759999936, -23.494040509309432], [-50.619697609999946, -23.49316572430951]]]}, "properties": {"objectid": 620444, "dra_pk": 17777, "idbacia": 17777, "cotrecho": 58338, "cocursodag": "864227564", "cobacia": "864227564", "nuareacont": 0.30436702, "nuordemcda": 7, "nunivotto1": "8", "nunivotto2": "86", "nunivotto3": "864", "nunivotto4": "8642", "nunivotto5": "86422", "nunivotto6": "864227", "nunivotto": 9, "dsversao": "BHO pghydro_8642 de 2020-01-08", "cobacia_2011": null, "Shape__Area": 2.6865596246148874e-05, "Shape__Length": 0.02404290086471448}}, {"type": "Feature", "id": 620665, "geometry": {"type": "Polygon", "coordinates": [[[-50.629154583999934, -23.520999790308853], [-50.630109010999945, -23.51990547030889], [-50.63064871499995, -23.523193713308796], [-50.63092761799993, -23.525005009308785], [-50.63013550599993, -23.526830104308708], [-50.63026025399995, -23.528441763308713], [-50.62964504299998, -23.527586114308722], [-50.62698613099997, -23.52617040930875], [-50.62708120199994, -23.524741526308762], [-50.628087053999934, -23.522726485308816], [-50.629154583999934, -23.520999790308853]]]}, "properties": {"objectid": 620665, "dra_pk": 17997, "idbacia": 17997, "cotrecho": 58074, "cocursodag": "86422762", "cobacia": "864227621", "nuareacont": 0.20703713, "nuordemcda": 7, "nunivotto1": "8", "nunivotto2": "86", "nunivotto3": "864", "nunivotto4": "8642", "nunivotto5": "86422", "nunivotto6": "864227", "nunivotto": 9, "dsversao": "BHO pghydro_8642 de 2020-01-08", "cobacia_2011": null, "Shape__Area": 1.8278591775384728e-05, "Shape__Length": 0.020003397182301312}}, {"type": "Feature", "id": 620668, "geometry": {"type": "Polygon", "coordinates": [[[-50.66900207699996, -23.524170808308785], [-50.669403301999985, -23.522938592308794], [-50.670297971999965, -23.521384165308856], [-50.671378635999986, -23.520435356308862], [-50.67333538299993, -23.519662928308865], [-50.67433023899997, -23.521816965308847], [-50.67410369399993, -23.523558547308827], [-50.67476771099996, -23.524687149308793], [-50.674239686999954, -23.526179230308745], [-50.67253647199993, -23.526187544308755], [-50.67066216699993, -23.525751283308768], [-50.66958609499994, -23.52484114930875], [-50.66900207699996, -23.524170808308785]]]}, "properties": {"objectid": 620668, "dra_pk": 18000, "idbacia": 18000, "cotrecho": 58069, "cocursodag": "8642276262", "cobacia": "8642276262", "nuareacont": 0.2901323, "nuordemcda": 9, "nunivotto1": "8", "nunivotto2": "86", "nunivotto3": "864", "nunivotto4": "8642", "nunivotto5": "86422", "nunivotto6": "864227", "nunivotto": 10, "dsversao": "BHO pghydro_8642 de 2020-01-08", "cobacia_2011": null, "Shape__Area": 2.5615533222333046e-05, "Shape__Length": 0.01957837066455632}}, {"type": "Feature", "id": 620673, "geometry": {"type": "Polygon", "coordinates": [[[-50.649654786999974, -23.52007411030885], [-50.651219012999945, -23.520332282308875], [-50.65352277799997, -23.519450140308876], [-50.652807637999956, -23.522513381308812], [-50.65256834599996, -23.524371792308767], [-50.65256335199996, -23.526273947308763], [-50.65185849099998, -23.526877601308723], [-50.65087254499997, -23.52739417030873], [-50.64927639599995, -23.52816874230873], [-50.64812964699997, -23.528610329308673], [-50.647651698999944, -23.52820815030869], [-50.64746795999997, -23.528053536308693], [-50.64681698299995, -23.527395490308702], [-50.64634529299997, -23.526263657308736], [-50.646665318999965, -23.52493300630878], [-50.647401410999976, -23.523329713308787], [-50.64833524199997, -23.52174510830882], [-50.64902971999992, -23.520907724308874], [-50.649654786999974, -23.52007411030885]]]}, "properties": {"objectid": 620673, "dra_pk": 18004, "idbacia": 18004, "cotrecho": 58060, "cocursodag": "8642276238", "cobacia": "8642276238", "nuareacont": 0.45906283000000003, "nuordemcda": 8, "nunivotto1": "8", "nunivotto2": "86", "nunivotto3": "864", "nunivotto4": "8642", "nunivotto5": "86422", "nunivotto6": "864227", "nunivotto": 10, "dsversao": "BHO pghydro_8642 de 2020-01-08", "cobacia_2011": null, "Shape__Area": 4.052974724830853e-05, "Shape__Length": 0.026136402132495944}}, {"type": "Feature", "id": 620680, "geometry": {"type": "Polygon", "coordinates": [[[-50.66359175699994, -23.52214798130886], [-50.66359735999998, -23.519943200308855], [-50.663842091999975, -23.518925684308893], [-50.66622472499995, -23.519033007308906], [-50.66774050699996, -23.51903624930888], [-50.67144772999995, -23.519044115308915], [-50.67333538299993, -23.519662928308865], [-50.671378635999986, -23.520435356308862], [-50.670297971999965, -23.521384165308856], [-50.669403301999985, -23.522938592308794], [-50.66900207699996, -23.524170808308785], [-50.667431604999926, -23.523971929308807], [-50.665744225999966, -23.523795401308803], [-50.66457356199994, -23.523230876308794], [-50.66359175699994, -23.52214798130886]]]}, "properties": {"objectid": 620680, "dra_pk": 18011, "idbacia": 18011, "cotrecho": 58138, "cocursodag": "864227626", "cobacia": "8642276263", "nuareacont": 0.3731667, "nuordemcda": 8, "nunivotto1": "8", "nunivotto2": "86", "nunivotto3": "864", "nunivotto4": "8642", "nunivotto5": "86422", "nunivotto6": "864227", "nunivotto": 10, "dsversao": "BHO pghydro_8642 de 2020-01-08", "cobacia_2011": null, "Shape__Area": 3.2945919740981364e-05, "Shape__Length": 0.025518037838728826}}, {"type": "Feature", "id": 620692, "geometry": {"type": "Polygon", "coordinates": [[[-50.641974979999986, -23.522110258308814], [-50.642159124999985, -23.521203145308853], [-50.64272635699996, -23.519486016308903], [-50.64389161099995, -23.51829613930893], [-50.64744227399995, -23.519708927308876], [-50.649654786999974, -23.52007411030885], [-50.64902971999992, -23.520907724308874], [-50.64833524199997, -23.52174510830882], [-50.647401410999976, -23.523329713308787], [-50.646665318999965, -23.52493300630878], [-50.64634529299997, -23.526263657308736], [-50.64537752599994, -23.527370936308706], [-50.64470840299998, -23.527843104308673], [-50.644003528999974, -23.528340506308673], [-50.64263750199996, -23.528516793308672], [-50.64214299599996, -23.527168996308703], [-50.64186686699997, -23.52525539330875], [-50.64182402899997, -23.52463982330878], [-50.64173148199996, -23.52330967730883], [-50.641974979999986, -23.522110258308814]]]}, "properties": {"objectid": 620692, "dra_pk": 18023, "idbacia": 18023, "cotrecho": 58131, "cocursodag": "8642276232", "cobacia": "8642276232", "nuareacont": 0.53713759, "nuordemcda": 8, "nunivotto1": "8", "nunivotto2": "86", "nunivotto3": "864", "nunivotto4": "8642", "nunivotto5": "86422", "nunivotto6": "864227", "nunivotto": 10, "dsversao": "BHO pghydro_8642 de 2020-01-08", "cobacia_2011": null, "Shape__Area": 4.7422242509709106e-05, "Shape__Length": 0.028638168191285538}}, {"type": "Feature", "id": 620705, "geometry": {"type": "Polygon", "coordinates": [[[-50.65352277799997, -23.519450140308876], [-50.654891592999945, -23.518290983308933], [-50.65555968399996, -23.517780089308953], [-50.65733638699999, -23.518296382308915], [-50.66144676999994, -23.5188177473089], [-50.663842091999975, -23.518925684308893], [-50.66359735999998, -23.519943200308855], [-50.66359175699994, -23.52214798130886], [-50.66340059899994, -23.523574198308776], [-50.66180367399994, -23.524694735308778], [-50.66044249199996, -23.52529701030878], [-50.65889352899995, -23.525985324308753], [-50.65706279699998, -23.526845923308702], [-50.655419589999944, -23.5277069163087], [-50.65447963299994, -23.528569454308702], [-50.65345450499996, -23.52899017830868], [-50.65288745799995, -23.527830982308686], [-50.65256335199996, -23.526273947308763], [-50.65256834599996, -23.524371792308767], [-50.652807637999956, -23.522513381308812], [-50.65352277799997, -23.519450140308876]]]}, "properties": {"objectid": 620705, "dra_pk": 18036, "idbacia": 18036, "cotrecho": 58136, "cocursodag": "864227624", "cobacia": "864227624", "nuareacont": 0.94449214, "nuordemcda": 8, "nunivotto1": "8", "nunivotto2": "86", "nunivotto3": "864", "nunivotto4": "8642", "nunivotto5": "86422", "nunivotto6": "864227", "nunivotto": 9, "dsversao": "BHO pghydro_8642 de 2020-01-08", "cobacia_2011": null, "Shape__Area": 8.338698829856589e-05, "Shape__Length": 0.03691487237755704}}, {"type": "Feature", "id": 620716, "geometry": {"type": "Polygon", "coordinates": [[[-50.62378642799996, -23.52079886830888], [-50.62459363899995, -23.520181877308875], [-50.62584578399997, -23.51949320130891], [-50.62778471099995, -23.519094357308912], [-50.62985024699998, -23.51811937530893], [-50.633087683999975, -23.516785633308974], [-50.630659650999974, -23.5192741263089], [-50.630109010999945, -23.51990547030889], [-50.629154583999934, -23.520999790308853], [-50.62683716399994, -23.522608209308792], [-50.625083437999926, -23.52381447030882], [-50.62383321299995, -23.523811454308774], [-50.62296991399995, -23.523596528308822], [-50.622649603999946, -23.522367556308804], [-50.62346601999997, -23.521043783308873], [-50.62378642799996, -23.52079886830888]]]}, "properties": {"objectid": 620716, "dra_pk": 18048, "idbacia": 18048, "cotrecho": 58134, "cocursodag": "864227618", "cobacia": "864227618", "nuareacont": 0.28056074000000003, "nuordemcda": 7, "nunivotto1": "8", "nunivotto2": "86", "nunivotto3": "864", "nunivotto4": "8642", "nunivotto5": "86422", "nunivotto6": "864227", "nunivotto": 9, "dsversao": "BHO pghydro_8642 de 2020-01-08", "cobacia_2011": null, "Shape__Area": 2.476902711249593e-05, "Shape__Length": 0.026294522345891903}}, {"type": "Feature", "id": 620720, "geometry": {"type": "Polygon", "coordinates": [[[-50.633087683999975, -23.516785633308974], [-50.636116238999925, -23.516403709308975], [-50.638670722999954, -23.516922030308972], [-50.64277988599997, -23.5178537803089], [-50.64389161099995, -23.51829613930893], [-50.64272635699996, -23.519486016308903], [-50.642159124999985, -23.521203145308853], [-50.641974979999986, -23.522110258308814], [-50.64093299699994, -23.522768801308843], [-50.63884836699998, -23.523226011308807], [-50.63702663799995, -23.523975618308775], [-50.63546861399993, -23.524725822308795], [-50.63383159499995, -23.525427182308782], [-50.63251277499995, -23.52549702230877], [-50.631511099999955, -23.525324442308726], [-50.63092761799993, -23.525005009308785], [-50.63064871499995, -23.523193713308796], [-50.630109010999945, -23.51990547030889], [-50.630659650999974, -23.5192741263089], [-50.633087683999975, -23.516785633308974]]]}, "properties": {"objectid": 620720, "dra_pk": 18052, "idbacia": 18052, "cotrecho": 58133, "cocursodag": "864227622", "cobacia": "864227622", "nuareacont": 0.95129448, "nuordemcda": 8, "nunivotto1": "8", "nunivotto2": "86", "nunivotto3": "864", "nunivotto4": "8642", "nunivotto5": "86422", "nunivotto6": "864227", "nunivotto": 9, "dsversao": "BHO pghydro_8642 de 2020-01-08", "cobacia_2011": null, "Shape__Area": 8.398474648816192e-05, "Shape__Length": 0.036797091496820686}}, {"type": "Feature", "id": 620804, "geometry": {"type": "Polygon", "coordinates": [[[-50.68957893899995, -23.453384330310357], [-50.69172621499996, -23.452399112310403], [-50.694899239999984, -23.451265855310425], [-50.69542807899995, -23.45375567131035], [-50.69634691799996, -23.45699573331032], [-50.69634640399995, -23.457220614310312], [-50.69634064399998, -23.459739255310247], [-50.69626314499993, -23.46022358931021], [-50.695944956999945, -23.462212170310195], [-50.69447729899998, -23.464413122310088], [-50.693401295999934, -23.46589523031007], [-50.69113803599999, -23.468710071310046], [-50.68828916099994, -23.46841505431006], [-50.68690603299996, -23.466848676310097], [-50.686295395999934, -23.464430962310097], [-50.68460449599996, -23.462721794310145], [-50.68368203399996, -23.461867048310214], [-50.68532258499993, -23.459762403310226], [-50.686838454999986, -23.457831479310308], [-50.68796396199996, -23.45603469331035], [-50.68957893899995, -23.453384330310357]]]}, "properties": {"objectid": 620804, "dra_pk": 18135, "idbacia": 18135, "cotrecho": 46454, "cocursodag": "86422694", "cobacia": "86422694", "nuareacont": 1.53814789, "nuordemcda": 7, "nunivotto1": "8", "nunivotto2": "86", "nunivotto3": "864", "nunivotto4": "8642", "nunivotto5": "86422", "nunivotto6": "864226", "nunivotto": 8, "dsversao": "BHO pghydro_8642 de 2020-01-08", "cobacia_2011": null, "Shape__Area": 0.00013574027184780167, "Shape__Length": 0.04643813741033328}}, {"type": "Feature", "id": 620817, "geometry": {"type": "Polygon", "coordinates": [[[-50.698306756999955, -23.452433201310395], [-50.70083035199996, -23.451510088310418], [-50.70229391399993, -23.450907199310443], [-50.69974383399995, -23.4536463823104], [-50.69879028899993, -23.45443683331038], [-50.69694560399995, -23.455509767310335], [-50.69766944599996, -23.454254758310384], [-50.698306756999955, -23.452433201310395]]]}, "properties": {"objectid": 620817, "dra_pk": 18148, "idbacia": 18148, "cotrecho": 59145, "cocursodag": "864226", "cobacia": "86422697", "nuareacont": 0.07280126, "nuordemcda": 6, "nunivotto1": "8", "nunivotto2": "86", "nunivotto3": "864", "nunivotto4": "8642", "nunivotto5": "86422", "nunivotto6": "864226", "nunivotto": 8, "dsversao": "BHO pghydro_8642 de 2020-01-08", "cobacia_2011": null, "Shape__Area": 6.4243259805410595e-06, "Shape__Length": 0.01476367996197347}}, {"type": "Feature", "id": 620818, "geometry": {"type": "Polygon", "coordinates": [[[-50.63464857699994, -23.456149626310303], [-50.63486654299993, -23.455273603310335], [-50.63525839299996, -23.45459988731035], [-50.63628607499993, -23.453163062310402], [-50.636775538999984, -23.45244458631039], [-50.637939150999955, -23.450751978310453], [-50.639601556999935, -23.450981926310405], [-50.64107375899994, -23.451385102310418], [-50.642805763999945, -23.451868818310427], [-50.643045424999976, -23.45199014431043], [-50.64470981999995, -23.45283265731041], [-50.646785963999946, -23.454276595310347], [-50.645055907999954, -23.455072244310326], [-50.643884219999954, -23.455699233310323], [-50.642614658999946, -23.45646092031032], [-50.641686823999976, -23.4570434763103], [-50.64092438299997, -23.45755977331027], [-50.63829834899997, -23.45808095131025], [-50.63575599999996, -23.45946170531024], [-50.635956817999954, -23.45861522331027], [-50.63589641899995, -23.456935976310287], [-50.63464857699994, -23.456149626310303]]]}, "properties": {"objectid": 620818, "dra_pk": 18149, "idbacia": 18149, "cotrecho": 57715, "cocursodag": "8642274", "cobacia": "864227413", "nuareacont": 0.6272079899999999, "nuordemcda": 6, "nunivotto1": "8", "nunivotto2": "86", "nunivotto3": "864", "nunivotto4": "8642", "nunivotto5": "86422", "nunivotto6": "864227", "nunivotto": 9, "dsversao": "BHO pghydro_8642 de 2020-01-08", "cobacia_2011": null, "Shape__Area": 5.534583746318591e-05, "Shape__Length": 0.03236356240854711}}, {"type": "Feature", "id": 620819, "geometry": {"type": "Polygon", "coordinates": [[[-50.62913484599995, -23.455788864310296], [-50.63013827499997, -23.455082569310328], [-50.63126152299997, -23.454365612310337], [-50.63282363299993, -23.453604705310383], [-50.63404422599996, -23.452932931310386], [-50.63550867499998, -23.4522167523104], [-50.637939150999955, -23.450751978310453], [-50.636775538999984, -23.45244458631039], [-50.63628607499993, -23.453163062310402], [-50.63525839299996, -23.45459988731035], [-50.63486654299993, -23.455273603310335], [-50.63464857699994, -23.456149626310303], [-50.63257805099994, -23.458127553310252], [-50.63198855099995, -23.459745300310214], [-50.62950273399997, -23.4623731693102], [-50.62958112599995, -23.46057914631023], [-50.62952398599998, -23.45776052731026], [-50.62913484599995, -23.455788864310296]]]}, "properties": {"objectid": 620819, "dra_pk": 18150, "idbacia": 18150, "cotrecho": 57723, "cocursodag": "8642274", "cobacia": "864227411", "nuareacont": 0.36090199, "nuordemcda": 6, "nunivotto1": "8", "nunivotto2": "86", "nunivotto3": "864", "nunivotto4": "8642", "nunivotto5": "86422", "nunivotto6": "864227", "nunivotto": 9, "dsversao": "BHO pghydro_8642 de 2020-01-08", "cobacia_2011": null, "Shape__Area": 3.1846725374999276e-05, "Shape__Length": 0.03135757458194042}}, {"type": "Feature", "id": 621004, "geometry": {"type": "Polygon", "coordinates": [[[-50.62251450499997, -23.51713339330892], [-50.622614646999985, -23.517087524308952], [-50.624166878999965, -23.516376519308952], [-50.62673131799994, -23.515806273308957], [-50.62960827099994, -23.515236729309002], [-50.63025579599998, -23.515153351309], [-50.63122788299995, -23.515982313308946], [-50.633087683999975, -23.516785633308974], [-50.62985024699998, -23.51811937530893], [-50.62778471099995, -23.519094357308912], [-50.62584578399997, -23.51949320130891], [-50.62459363899995, -23.520181877308875], [-50.62378642799996, -23.52079886830888], [-50.62134117299997, -23.520865708308868], [-50.619751604999976, -23.520105235308886], [-50.620597990999954, -23.518442959308917], [-50.62203881499994, -23.51735127430894], [-50.62251450499997, -23.51713339330892]]]}, "properties": {"objectid": 621004, "dra_pk": 18339, "idbacia": 18339, "cotrecho": 50872, "cocursodag": "864227616", "cobacia": "864227616", "nuareacont": 0.42903165000000004, "nuordemcda": 7, "nunivotto1": "8", "nunivotto2": "86", "nunivotto3": "864", "nunivotto4": "8642", "nunivotto5": "86422", "nunivotto6": "864227", "nunivotto": 9, "dsversao": "BHO pghydro_8642 de 2020-01-08", "cobacia_2011": null, "Shape__Area": 3.787580021358729e-05, "Shape__Length": 0.029948225091265362}}, {"type": "Feature", "id": 621044, "geometry": {"type": "Polygon", "coordinates": [[[-50.65733638699999, -23.518296382308915], [-50.65804236699995, -23.515988063308964], [-50.66063261199997, -23.513924852309007], [-50.663171262999974, -23.512940898309033], [-50.66561040599998, -23.512721275309065], [-50.66634186799996, -23.512767818309072], [-50.668137884999965, -23.513029242309038], [-50.668922477999956, -23.51448240430902], [-50.66823616999994, -23.515875184308985], [-50.66789047799995, -23.51758352530892], [-50.66774050699996, -23.51903624930888], [-50.66622472499995, -23.519033007308906], [-50.663842091999975, -23.518925684308893], [-50.66144676999994, -23.5188177473089], [-50.65733638699999, -23.518296382308915]]]}, "properties": {"objectid": 621044, "dra_pk": 18379, "idbacia": 18379, "cotrecho": 50878, "cocursodag": "86422744", "cobacia": "864227447", "nuareacont": 0.6227430700000001, "nuordemcda": 7, "nunivotto1": "8", "nunivotto2": "86", "nunivotto3": "864", "nunivotto4": "8642", "nunivotto5": "86422", "nunivotto6": "864227", "nunivotto": 9, "dsversao": "BHO pghydro_8642 de 2020-01-08", "cobacia_2011": null, "Shape__Area": 5.4978078072748124e-05, "Shape__Length": 0.030294404386517766}}, {"type": "Feature", "id": 621047, "geometry": {"type": "Polygon", "coordinates": [[[-50.69495097299995, -23.519513712308928], [-50.696973692999954, -23.51657924930895], [-50.69879986799998, -23.514244055308993], [-50.70092650799996, -23.512643752309046], [-50.70321972199998, -23.51521202030899], [-50.70451697599998, -23.51671368330897], [-50.70562036199993, -23.51767525230891], [-50.707114083999954, -23.518577588308915], [-50.70877464499995, -23.518718633308932], [-50.70808281999996, -23.521637758308813], [-50.707167983999966, -23.523614965308806], [-50.706532534999944, -23.524310764308773], [-50.70326203799993, -23.525346629308757], [-50.69909679799997, -23.52665792230874], [-50.69571068199997, -23.528510334308706], [-50.69108441299995, -23.53221920030862], [-50.690348655999976, -23.533196092308586], [-50.68897943999997, -23.53035225730863], [-50.68791637799996, -23.529367809308653], [-50.68701481299996, -23.528934766308673], [-50.68610396999998, -23.528764887308682], [-50.685775931999956, -23.5287642253087], [-50.685338866999984, -23.528628917308712], [-50.68524644599995, -23.528296433308704], [-50.68530473299996, -23.527654196308696], [-50.685414477999984, -23.527486382308705], [-50.68552509999995, -23.526948877308698], [-50.68589070199994, -23.52647909030871], [-50.686852655999985, -23.525667701308773], [-50.68798040599995, -23.524776762308797], [-50.68902291499995, -23.523819651308763], [-50.69078122499997, -23.522803708308825], [-50.69358085799996, -23.52142998630887], [-50.69495097299995, -23.519513712308928]]]}, "properties": {"objectid": 621047, "dra_pk": 18382, "idbacia": 18382, "cotrecho": 58068, "cocursodag": "864234286", "cobacia": "8642342863", "nuareacont": 2.26079865, "nuordemcda": 8, "nunivotto1": "8", "nunivotto2": "86", "nunivotto3": "864", "nunivotto4": "8642", "nunivotto5": "86423", "nunivotto6": "864234", "nunivotto": 10, "dsversao": "BHO pghydro_8642 de 2020-01-08", "cobacia_2011": null, "Shape__Area": 0.00019960746782878515, "Shape__Length": 0.06569090660486664}}, {"type": "Feature", "id": 621083, "geometry": {"type": "Polygon", "coordinates": [[[-50.68225414799997, -23.51424531830899], [-50.68298756199994, -23.513482225309016], [-50.68484484299995, -23.511821898309087], [-50.687207297999976, -23.51104175830908], [-50.688501938999934, -23.512144084309035], [-50.69015626999993, -23.51381148130901], [-50.69137105699997, -23.515747854309], [-50.692294597999926, -23.517098951308963], [-50.693559893999975, -23.518315792308904], [-50.69467961199996, -23.51921750230888], [-50.69495097299995, -23.519513712308928], [-50.69358085799996, -23.52142998630887], [-50.69078122499997, -23.522803708308825], [-50.68902291499995, -23.523819651308763], [-50.68798040599995, -23.524776762308797], [-50.686852655999985, -23.525667701308773], [-50.68589070199994, -23.52647909030871], [-50.68552509999995, -23.526948877308698], [-50.685414477999984, -23.527486382308705], [-50.68530473299996, -23.527654196308696], [-50.68524644599995, -23.528296433308704], [-50.680655015999946, -23.525826552308736], [-50.67876699099998, -23.525310294308753], [-50.67748383999999, -23.524933749308758], [-50.678333591999944, -23.52197308230885], [-50.68014499499998, -23.51918832230893], [-50.68156390299998, -23.516535519308942], [-50.68225414799997, -23.51424531830899]]]}, "properties": {"objectid": 621083, "dra_pk": 18416, "idbacia": 18416, "cotrecho": 58148, "cocursodag": "8642274", "cobacia": "86422749", "nuareacont": 1.8109378800000002, "nuordemcda": 6, "nunivotto1": "8", "nunivotto2": "86", "nunivotto3": "864", "nunivotto4": "8642", "nunivotto5": "86422", "nunivotto6": "864227", "nunivotto": 8, "dsversao": "BHO pghydro_8642 de 2020-01-08", "cobacia_2011": null, "Shape__Area": 0.00015988369755085737, "Shape__Length": 0.0515201440693615}}, {"type": "Feature", "id": 621085, "geometry": {"type": "Polygon", "coordinates": [[[-50.633087683999975, -23.516785633308974], [-50.63560164499995, -23.51504874430898], [-50.637234285999966, -23.512533923309054], [-50.63767038599997, -23.510767557309066], [-50.63860461499996, -23.51079805430908], [-50.639902880999955, -23.51164060930909], [-50.64119937599998, -23.513142783309043], [-50.642105079999965, -23.514883921309007], [-50.64320459799996, -23.517105245308958], [-50.64389161099995, -23.51829613930893], [-50.64277988599997, -23.5178537803089], [-50.638670722999954, -23.516922030308972], [-50.636116238999925, -23.516403709308975], [-50.633087683999975, -23.516785633308974]]]}, "properties": {"objectid": 621085, "dra_pk": 18418, "idbacia": 18418, "cotrecho": 58479, "cocursodag": "864227566", "cobacia": "864227566", "nuareacont": 0.38072419, "nuordemcda": 7, "nunivotto1": "8", "nunivotto2": "86", "nunivotto3": "864", "nunivotto4": "8642", "nunivotto5": "86422", "nunivotto6": "864227", "nunivotto": 9, "dsversao": "BHO pghydro_8642 de 2020-01-08", "cobacia_2011": null, "Shape__Area": 3.361070771851276e-05, "Shape__Length": 0.02922512938649398}}, {"type": "Feature", "id": 621089, "geometry": {"type": "Polygon", "coordinates": [[[-50.67114167599994, -23.512275806309084], [-50.67200852599996, -23.512357583309058], [-50.67287595999994, -23.51219950130903], [-50.67391857499996, -23.511322158309092], [-50.67452688599997, -23.510763743309113], [-50.675133211999935, -23.5110048743091], [-50.67599868699995, -23.51164633230905], [-50.67604208199999, -23.511917296309075], [-50.67625489399995, -23.513245997309028], [-50.675203443999976, -23.51772138030892], [-50.67333538299993, -23.519662928308865], [-50.67144772999995, -23.519044115308915], [-50.66774050699996, -23.51903624930888], [-50.66789047799995, -23.51758352530892], [-50.66823616999994, -23.515875184308985], [-50.668922477999956, -23.51448240430902], [-50.668137884999965, -23.513029242309038], [-50.66966710999998, -23.512512550309026], [-50.67114167599994, -23.512275806309084]]]}, "properties": {"objectid": 621089, "dra_pk": 18422, "idbacia": 18422, "cotrecho": 50881, "cocursodag": "864227446", "cobacia": "864227446", "nuareacont": 0.59422642, "nuordemcda": 8, "nunivotto1": "8", "nunivotto2": "86", "nunivotto3": "864", "nunivotto4": "8642", "nunivotto5": "86422", "nunivotto6": "864227", "nunivotto": 9, "dsversao": "BHO pghydro_8642 de 2020-01-08", "cobacia_2011": null, "Shape__Area": 5.246059380763774e-05, "Shape__Length": 0.029791068596741337}}, {"type": "Feature", "id": 621144, "geometry": {"type": "Polygon", "coordinates": [[[-50.67604208199999, -23.511917296309075], [-50.67719150599998, -23.510277048309117], [-50.67963405199999, -23.508617995309123], [-50.681758653999964, -23.507152231309163], [-50.68216901899996, -23.509072938309135], [-50.68231002899995, -23.511277040309082], [-50.68225414799997, -23.51424531830899], [-50.68156390299998, -23.516535519308942], [-50.68014499499998, -23.51918832230893], [-50.678333591999944, -23.52197308230885], [-50.67748383999999, -23.524933749308758], [-50.67665697099994, -23.52469108530879], [-50.67476771099996, -23.524687149308793], [-50.67410369399993, -23.523558547308827], [-50.67433023899997, -23.521816965308847], [-50.67333538299993, -23.519662928308865], [-50.675203443999976, -23.51772138030892], [-50.67625489399995, -23.513245997309028], [-50.67604208199999, -23.511917296309075]]]}, "properties": {"objectid": 621144, "dra_pk": 18478, "idbacia": 18478, "cotrecho": 58147, "cocursodag": "864227472", "cobacia": "864227472", "nuareacont": 0.98197462, "nuordemcda": 7, "nunivotto1": "8", "nunivotto2": "86", "nunivotto3": "864", "nunivotto4": "8642", "nunivotto5": "86422", "nunivotto6": "864227", "nunivotto": 9, "dsversao": "BHO pghydro_8642 de 2020-01-08", "cobacia_2011": null, "Shape__Area": 8.669357685772458e-05, "Shape__Length": 0.043307446929409826}}, {"type": "Feature", "id": 621146, "geometry": {"type": "Polygon", "coordinates": [[[-50.61003772099997, -23.508656644309152], [-50.611333367999976, -23.507444006309154], [-50.61171465499996, -23.506615807309167], [-50.61245099599995, -23.506863548309173], [-50.61303585399998, -23.50704495230916], [-50.61324134599994, -23.50710868230916], [-50.613899781999976, -23.507377811309173], [-50.61476866399994, -23.507817670309137], [-50.61627097899997, -23.50806455730914], [-50.61769481999994, -23.508092374309125], [-50.61903997999996, -23.507974081309168], [-50.62046417899995, -23.50788029330916], [-50.621923762999984, -23.508267382309167], [-50.622247249999994, -23.50878763930915], [-50.62524947999998, -23.511219971309053], [-50.62068081499996, -23.51135326230905], [-50.61872805999997, -23.51227713930907], [-50.61698827299995, -23.512418776309026], [-50.61556403299994, -23.512512540309068], [-50.61350719899997, -23.512507449309027], [-50.61147018699995, -23.51212018830907], [-50.60964793599993, -23.510824188309073], [-50.60940802499994, -23.510672451309066], [-50.60977123399993, -23.509604357309087], [-50.61003772099997, -23.508656644309152]]]}, "properties": {"objectid": 621146, "dra_pk": 18480, "idbacia": 18480, "cotrecho": 58472, "cocursodag": "8642276", "cobacia": "864227613", "nuareacont": 0.6455405700000001, "nuordemcda": 6, "nunivotto1": "8", "nunivotto2": "86", "nunivotto3": "864", "nunivotto4": "8642", "nunivotto5": "86422", "nunivotto6": "864227", "nunivotto": 9, "dsversao": "BHO pghydro_8642 de 2020-01-08", "cobacia_2011": null, "Shape__Area": 5.698576801893505e-05, "Shape__Length": 0.036353401320689024}}, {"type": "Feature", "id": 621173, "geometry": {"type": "Polygon", "coordinates": [[[-50.63767038599997, -23.510767557309066], [-50.63820410499994, -23.509458265309135], [-50.638987859999986, -23.508200775309167], [-50.64021150399998, -23.506584487309162], [-50.64161039499999, -23.50530680630921], [-50.64269833999999, -23.506888888309202], [-50.64602527899996, -23.509355857309096], [-50.64802352199996, -23.51007770330912], [-50.65124356399996, -23.51100720830909], [-50.65179170599999, -23.511367107309063], [-50.653905907999956, -23.512755211309035], [-50.655347836999965, -23.513783147309024], [-50.65645401599994, -23.51573259030897], [-50.65733638699999, -23.518296382308915], [-50.65555968399996, -23.517780089308953], [-50.654891592999945, -23.518290983308933], [-50.65352277799997, -23.519450140308876], [-50.651219012999945, -23.520332282308875], [-50.649654786999974, -23.52007411030885], [-50.64744227399995, -23.519708927308876], [-50.64389161099995, -23.51829613930893], [-50.64320459799996, -23.517105245308958], [-50.642105079999965, -23.514883921309007], [-50.64119937599998, -23.513142783309043], [-50.639902880999955, -23.51164060930909], [-50.63860461499996, -23.51079805430908], [-50.63767038599997, -23.510767557309066]]]}, "properties": {"objectid": 621173, "dra_pk": 18508, "idbacia": 18508, "cotrecho": 58480, "cocursodag": "86422756", "cobacia": "864227567", "nuareacont": 1.62182903, "nuordemcda": 6, "nunivotto1": "8", "nunivotto2": "86", "nunivotto3": "864", "nunivotto4": "8642", "nunivotto5": "86422", "nunivotto6": "864227", "nunivotto": 9, "dsversao": "BHO pghydro_8642 de 2020-01-08", "cobacia_2011": null, "Shape__Area": 0.00014317677797755644, "Shape__Length": 0.053147752898238594}}, {"type": "Feature", "id": 621179, "geometry": {"type": "Polygon", "coordinates": [[[-50.685938918999966, -23.505230367309206], [-50.68734685399994, -23.5052997983092], [-50.688027164999944, -23.5051677393092], [-50.687586668999984, -23.507009352309158], [-50.68777920599996, -23.508089163309144], [-50.687630027999944, -23.5093032033091], [-50.687207297999976, -23.51104175830908], [-50.68484484299995, -23.511821898309087], [-50.68298756199994, -23.513482225309016], [-50.68225414799997, -23.51424531830899], [-50.68231002899995, -23.511277040309082], [-50.68216901899996, -23.509072938309135], [-50.681758653999964, -23.507152231309163], [-50.68349090699997, -23.5066412813092], [-50.685938918999966, -23.505230367309206]]]}, "properties": {"objectid": 621179, "dra_pk": 18514, "idbacia": 18514, "cotrecho": 50889, "cocursodag": "8642274", "cobacia": "864227473", "nuareacont": 0.38625518000000003, "nuordemcda": 6, "nunivotto1": "8", "nunivotto2": "86", "nunivotto3": "864", "nunivotto4": "8642", "nunivotto5": "86422", "nunivotto6": "864227", "nunivotto": 9, "dsversao": "BHO pghydro_8642 de 2020-01-08", "cobacia_2011": null, "Shape__Area": 3.4098866808798856e-05, "Shape__Length": 0.025915995834380742}}, {"type": "Feature", "id": 621194, "geometry": {"type": "Polygon", "coordinates": [[[-50.688027164999944, -23.5051677393092], [-50.689640037999936, -23.50485462430922], [-50.692663693999975, -23.504860619309195], [-50.695346282999935, -23.504730966309207], [-50.69685892899997, -23.50437410530922], [-50.69921926299997, -23.504124317309262], [-50.69958639599998, -23.506350829309206], [-50.70004204099996, -23.50933676930911], [-50.70092650799996, -23.512643752309046], [-50.69879986799998, -23.514244055308993], [-50.696973692999954, -23.51657924930895], [-50.69495097299995, -23.519513712308928], [-50.69467961199996, -23.51921750230888], [-50.693559893999975, -23.518315792308904], [-50.692294597999926, -23.517098951308963], [-50.69137105699997, -23.515747854309], [-50.69015626999993, -23.51381148130901], [-50.688501938999934, -23.512144084309035], [-50.687207297999976, -23.51104175830908], [-50.687630027999944, -23.5093032033091], [-50.68777920599996, -23.508089163309144], [-50.687586668999984, -23.507009352309158], [-50.688027164999944, -23.5051677393092]]]}, "properties": {"objectid": 621194, "dra_pk": 18531, "idbacia": 18531, "cotrecho": 58475, "cocursodag": "86422748", "cobacia": "86422748", "nuareacont": 1.5508943200000003, "nuordemcda": 7, "nunivotto1": "8", "nunivotto2": "86", "nunivotto3": "864", "nunivotto4": "8642", "nunivotto5": "86422", "nunivotto6": "864227", "nunivotto": 8, "dsversao": "BHO pghydro_8642 de 2020-01-08", "cobacia_2011": null, "Shape__Area": 0.0001369166304878948, "Shape__Length": 0.04673964543897712}}, {"type": "Feature", "id": 621220, "geometry": {"type": "Polygon", "coordinates": [[[-50.67452688599997, -23.510763743309113], [-50.675685339999966, -23.507935184309147], [-50.67598235799994, -23.50613677330921], [-50.67774307199994, -23.504071542309237], [-50.67946551899996, -23.50273727030925], [-50.68028016499994, -23.50330651830928], [-50.68169270799995, -23.504029025309233], [-50.683008162999954, -23.504571415309236], [-50.68544508499997, -23.505206021309228], [-50.685938918999966, -23.505230367309206], [-50.68349090699997, -23.5066412813092], [-50.681758653999964, -23.507152231309163], [-50.67963405199999, -23.508617995309123], [-50.67719150599998, -23.510277048309117], [-50.67604208199999, -23.511917296309075], [-50.67599868699995, -23.51164633230905], [-50.675133211999935, -23.5110048743091], [-50.67452688599997, -23.510763743309113]]]}, "properties": {"objectid": 621220, "dra_pk": 18557, "idbacia": 18557, "cotrecho": 50898, "cocursodag": "8642274", "cobacia": "864227471", "nuareacont": 0.45779262, "nuordemcda": 6, "nunivotto1": "8", "nunivotto2": "86", "nunivotto3": "864", "nunivotto4": "8642", "nunivotto5": "86422", "nunivotto6": "864227", "nunivotto": 9, "dsversao": "BHO pghydro_8642 de 2020-01-08", "cobacia_2011": null, "Shape__Area": 4.041336359162497e-05, "Shape__Length": 0.0309605066227372}}, {"type": "Feature", "id": 621260, "geometry": {"type": "Polygon", "coordinates": [[[-50.64990482599996, -23.496739294309386], [-50.65065007599998, -23.496323481309442], [-50.651317011999936, -23.497507047309366], [-50.65209147999997, -23.49971258230934], [-50.65232764399997, -23.502636525309253], [-50.651977047999935, -23.506143847309204], [-50.65192273599997, -23.508257578309156], [-50.65179170599999, -23.511367107309063], [-50.65124356399996, -23.51100720830909], [-50.64802352199996, -23.51007770330912], [-50.64602527899996, -23.509355857309096], [-50.64269833999999, -23.506888888309202], [-50.64161039499999, -23.50530680630921], [-50.642915254999934, -23.502705192309257], [-50.64389532599995, -23.500953384309298], [-50.64570366699996, -23.499473308309334], [-50.64882960199998, -23.497636383309402], [-50.64990482599996, -23.496739294309386]]]}, "properties": {"objectid": 621260, "dra_pk": 18597, "idbacia": 18597, "cotrecho": 58463, "cocursodag": "864227444", "cobacia": "864227444", "nuareacont": 1.1548653, "nuordemcda": 8, "nunivotto1": "8", "nunivotto2": "86", "nunivotto3": "864", "nunivotto4": "8642", "nunivotto5": "86422", "nunivotto6": "864227", "nunivotto": 9, "dsversao": "BHO pghydro_8642 de 2020-01-08", "cobacia_2011": null, "Shape__Area": 0.00010194535814077803, "Shape__Length": 0.0407088872549673}}, {"type": "Feature", "id": 621264, "geometry": {"type": "Polygon", "coordinates": [[[-50.68361015199997, -23.499030679309374], [-50.68497322999996, -23.498548652309346], [-50.68687670099997, -23.49787784830938], [-50.68892498699995, -23.49783697730937], [-50.691121126999974, -23.49712173130942], [-50.692976000999984, -23.496360808309404], [-50.69468289599996, -23.49631918830942], [-50.695581970999974, -23.49601148330941], [-50.69655340099995, -23.49614781330945], [-50.697573819999945, -23.496104985309437], [-50.698969254999945, -23.49662346930942], [-50.70068866499997, -23.497685451309348], [-50.70161643399996, -23.49834258730937], [-50.702681254999966, -23.49882354130937], [-50.703745567999924, -23.499531345309347], [-50.70459204199994, -23.499885846309343], [-50.705656550999954, -23.500518024309322], [-50.706065230999975, -23.501098538309282], [-50.70614703999997, -23.50171401530927], [-50.70622625499993, -23.502434773309254], [-50.70597887099996, -23.50306447030926], [-50.70565016799998, -23.50339152330924], [-50.704037031999974, -23.503640526309248], [-50.70299825999996, -23.50371418130925], [-50.70220535099997, -23.503838692309266], [-50.700615010999975, -23.503976592309225], [-50.69921926299997, -23.504124317309262], [-50.69685892899997, -23.50437410530922], [-50.695346282999935, -23.504730966309207], [-50.692663693999975, -23.504860619309195], [-50.689640037999936, -23.50485462430922], [-50.688027164999944, -23.5051677393092], [-50.68734685399994, -23.5052997983092], [-50.685938918999966, -23.505230367309206], [-50.68544508499997, -23.505206021309228], [-50.683008162999954, -23.504571415309236], [-50.68169270799995, -23.504029025309233], [-50.68028016499994, -23.50330651830928], [-50.67946551899996, -23.50273727030925], [-50.68043027099998, -23.501732676309288], [-50.68209159099995, -23.500386804309315], [-50.68361015199997, -23.499030679309374]]]}, "properties": {"objectid": 621264, "dra_pk": 18601, "idbacia": 18601, "cotrecho": 50900, "cocursodag": "86422746", "cobacia": "86422746", "nuareacont": 1.8807560300000001, "nuordemcda": 7, "nunivotto1": "8", "nunivotto2": "86", "nunivotto3": "864", "nunivotto4": "8642", "nunivotto5": "86422", "nunivotto6": "864227", "nunivotto": 8, "dsversao": "BHO pghydro_8642 de 2020-01-08", "cobacia_2011": null, "Shape__Area": 0.00016602581408180952, "Shape__Length": 0.0593738359449215}}, {"type": "Feature", "id": 621279, "geometry": {"type": "Polygon", "coordinates": [[[-50.65065007599998, -23.496323481309442], [-50.650879688999964, -23.496072551309396], [-50.65137425799997, -23.495760592309406], [-50.65200769199998, -23.49544892330944], [-50.65304903099996, -23.49574089030944], [-50.65349622699995, -23.49608628630943], [-50.656959425999965, -23.497852998309398], [-50.66033602099998, -23.499619455309336], [-50.663282464999945, -23.500105581309313], [-50.66639970999994, -23.501631471309263], [-50.668650439999965, -23.50299554330924], [-50.670379440999966, -23.504998126309225], [-50.669720661999975, -23.507338077309193], [-50.66950267599998, -23.508914156309107], [-50.66941276999995, -23.510193266309123], [-50.67018931699994, -23.5117140963091], [-50.67114167599994, -23.512275806309084], [-50.66966710999998, -23.512512550309026], [-50.668137884999965, -23.513029242309038], [-50.66634186799996, -23.512767818309072], [-50.66561040599998, -23.512721275309065], [-50.663171262999974, -23.512940898309033], [-50.66063261199997, -23.513924852309007], [-50.65804236699995, -23.515988063308964], [-50.65733638699999, -23.518296382308915], [-50.65645401599994, -23.51573259030897], [-50.655347836999965, -23.513783147309024], [-50.653905907999956, -23.512755211309035], [-50.65179170599999, -23.511367107309063], [-50.65192273599997, -23.508257578309156], [-50.651977047999935, -23.506143847309204], [-50.65232764399997, -23.502636525309253], [-50.65209147999997, -23.49971258230934], [-50.651317011999936, -23.497507047309366], [-50.65065007599998, -23.496323481309442]]]}, "properties": {"objectid": 621279, "dra_pk": 18615, "idbacia": 18615, "cotrecho": 58471, "cocursodag": "86422744", "cobacia": "864227445", "nuareacont": 2.8957761, "nuordemcda": 7, "nunivotto1": "8", "nunivotto2": "86", "nunivotto3": "864", "nunivotto4": "8642", "nunivotto5": "86422", "nunivotto6": "864227", "nunivotto": 9, "dsversao": "BHO pghydro_8642 de 2020-01-08", "cobacia_2011": null, "Shape__Area": 0.0002556307095883418, "Shape__Length": 0.07201438202020044}}, {"type": "Feature", "id": 621280, "geometry": {"type": "Polygon", "coordinates": [[[-50.64990482599996, -23.496739294309386], [-50.65024772499998, -23.49615538230944], [-50.65016090399996, -23.495423624309417], [-50.650757934999945, -23.495431900309434], [-50.65134425899999, -23.49543321330942], [-50.65200769199998, -23.49544892330944], [-50.65137425799997, -23.495760592309406], [-50.650879688999964, -23.496072551309396], [-50.65065007599998, -23.496323481309442], [-50.64990482599996, -23.496739294309386]]]}, "properties": {"objectid": 621280, "dra_pk": 18616, "idbacia": 18616, "cotrecho": 50293, "cocursodag": "86422744", "cobacia": "864227443", "nuareacont": 0.01159356, "nuordemcda": 7, "nunivotto1": "8", "nunivotto2": "86", "nunivotto3": "864", "nunivotto4": "8642", "nunivotto5": "86422", "nunivotto6": "864227", "nunivotto": 9, "dsversao": "BHO pghydro_8642 de 2020-01-08", "cobacia_2011": null, "Shape__Area": 1.0233585833462864e-06, "Shape__Length": 0.005745301374334246}}, {"type": "Feature", "id": 621290, "geometry": {"type": "Polygon", "coordinates": [[[-50.61715629199995, -23.49543887730944], [-50.61858384299995, -23.494974671309436], [-50.62014964599996, -23.49574272030941], [-50.62185385999993, -23.496646382309386], [-50.62428841699994, -23.49795656330935], [-50.625359866999986, -23.49845386730937], [-50.627887542999986, -23.499130822309358], [-50.628675949999945, -23.499832524309305], [-50.62995248699997, -23.501117370309313], [-50.63174157199996, -23.502234750309263], [-50.633167280999935, -23.5025079673093], [-50.63481279999997, -23.50264676430927], [-50.636348605999956, -23.502785279309265], [-50.638725660999974, -23.50292574130925], [-50.63993099299994, -23.502988509309276], [-50.64161039499999, -23.50530680630921], [-50.64021150399998, -23.506584487309162], [-50.638987859999986, -23.508200775309167], [-50.63820410499994, -23.509458265309135], [-50.63767038599997, -23.510767557309066], [-50.637234285999966, -23.512533923309054], [-50.63560164499995, -23.51504874430898], [-50.633087683999975, -23.516785633308974], [-50.63122788299995, -23.515982313308946], [-50.63025579599998, -23.515153351309], [-50.62845637899994, -23.513618834308996], [-50.62524947999998, -23.511219971309053], [-50.622247249999994, -23.50878763930915], [-50.621923762999984, -23.508267382309167], [-50.62058811099997, -23.506119285309182], [-50.61926177999993, -23.503656681309224], [-50.617379942999946, -23.501192701309318], [-50.61538439499998, -23.499650678309333], [-50.61372100699998, -23.49851935930934], [-50.61511140299996, -23.498180487309366], [-50.61610115499997, -23.497407098309356], [-50.61668916899998, -23.496430327309422], [-50.61715629199995, -23.49543887730944]]]}, "properties": {"objectid": 621290, "dra_pk": 18626, "idbacia": 18626, "cotrecho": 58467, "cocursodag": "86422756", "cobacia": "864227565", "nuareacont": 3.05185042, "nuordemcda": 6, "nunivotto1": "8", "nunivotto2": "86", "nunivotto3": "864", "nunivotto4": "8642", "nunivotto5": "86422", "nunivotto6": "864227", "nunivotto": 9, "dsversao": "BHO pghydro_8642 de 2020-01-08", "cobacia_2011": null, "Shape__Area": 0.0002693995532257928, "Shape__Length": 0.07453291581487502}}, {"type": "Feature", "id": 621295, "geometry": {"type": "Polygon", "coordinates": [[[-50.63851721999998, -23.495129407309463], [-50.640642206999985, -23.495683766309416], [-50.645228761999924, -23.49470481030946], [-50.64742173699995, -23.49524949530942], [-50.65016090399996, -23.495423624309417], [-50.65024772499998, -23.49615538230944], [-50.64990482599996, -23.496739294309386], [-50.64882960199998, -23.497636383309402], [-50.64570366699996, -23.499473308309334], [-50.64389532599995, -23.500953384309298], [-50.642915254999934, -23.502705192309257], [-50.64161039499999, -23.50530680630921], [-50.63993099299994, -23.502988509309276], [-50.63927183499994, -23.500220190309346], [-50.63927880799997, -23.497658356309408], [-50.63851721999998, -23.495129407309463]]]}, "properties": {"objectid": 621295, "dra_pk": 18631, "idbacia": 18631, "cotrecho": 51427, "cocursodag": "864227442", "cobacia": "864227442", "nuareacont": 0.67845602, "nuordemcda": 8, "nunivotto1": "8", "nunivotto2": "86", "nunivotto3": "864", "nunivotto4": "8642", "nunivotto5": "86422", "nunivotto6": "864227", "nunivotto": 9, "dsversao": "BHO pghydro_8642 de 2020-01-08", "cobacia_2011": null, "Shape__Area": 5.988774671531586e-05, "Shape__Length": 0.03649635698953617}}, {"type": "Feature", "id": 621396, "geometry": {"type": "Polygon", "coordinates": [[[-50.671938083999976, -23.496561287309405], [-50.67337229399994, -23.496320948309396], [-50.67512960899995, -23.495605016309423], [-50.67659454599993, -23.49479850130947], [-50.67732209899998, -23.494412024309476], [-50.676493726999986, -23.496147563309407], [-50.675954117999936, -23.49745073830936], [-50.67557589499995, -23.499402422309327], [-50.67360420499995, -23.501454334309294], [-50.67160051299993, -23.503159204309274], [-50.670379440999966, -23.504998126309225], [-50.67067627299996, -23.502212760309273], [-50.67077927999998, -23.50000917230934], [-50.67107634499996, -23.49821076030935], [-50.671938083999976, -23.496561287309405]]]}, "properties": {"objectid": 621396, "dra_pk": 18732, "idbacia": 18732, "cotrecho": 50904, "cocursodag": "8642274", "cobacia": "864227453", "nuareacont": 0.32512153, "nuordemcda": 6, "nunivotto1": "8", "nunivotto2": "86", "nunivotto3": "864", "nunivotto4": "8642", "nunivotto5": "86422", "nunivotto6": "864227", "nunivotto": 9, "dsversao": "BHO pghydro_8642 de 2020-01-08", "cobacia_2011": null, "Shape__Area": 2.8699520541032127e-05, "Shape__Length": 0.027544297689226588}}, {"type": "Feature", "id": 621401, "geometry": {"type": "Polygon", "coordinates": [[[-50.645228761999924, -23.49470481030946], [-50.64752501399994, -23.493090899309493], [-50.64939507599996, -23.491072627309567], [-50.650297008999985, -23.492880872309463], [-50.65193889599993, -23.494883463309424], [-50.65304903099996, -23.49574089030944], [-50.65200769199998, -23.49544892330944], [-50.65134425899999, -23.49543321330942], [-50.650757934999945, -23.495431900309434], [-50.65016090399996, -23.495423624309417], [-50.64742173699995, -23.49524949530942], [-50.645228761999924, -23.49470481030946]]]}, "properties": {"objectid": 621401, "dra_pk": 18737, "idbacia": 18737, "cotrecho": 58632, "cocursodag": "86422744", "cobacia": "864227441", "nuareacont": 0.16423308, "nuordemcda": 7, "nunivotto1": "8", "nunivotto2": "86", "nunivotto3": "864", "nunivotto4": "8642", "nunivotto5": "86422", "nunivotto6": "864227", "nunivotto": 9, "dsversao": "BHO pghydro_8642 de 2020-01-08", "cobacia_2011": null, "Shape__Area": 1.4496566431450502e-05, "Shape__Length": 0.019504011687051525}}, {"type": "Feature", "id": 621457, "geometry": {"type": "Polygon", "coordinates": [[[-50.62136195299996, -23.492264126309486], [-50.623762185999965, -23.49142153930954], [-50.624898702999985, -23.490446059309544], [-50.62609598899997, -23.489446770309577], [-50.62716540399999, -23.49040527730956], [-50.62858973799996, -23.49111704530952], [-50.631145963999984, -23.492506121309503], [-50.634069085999954, -23.493491223309487], [-50.636407920999936, -23.49417133630947], [-50.63851721999998, -23.495129407309463], [-50.63927880799997, -23.497658356309408], [-50.63927183499994, -23.500220190309346], [-50.63993099299994, -23.502988509309276], [-50.638725660999974, -23.50292574130925], [-50.636348605999956, -23.502785279309265], [-50.63481279999997, -23.50264676430927], [-50.633167280999935, -23.5025079673093], [-50.63174157199996, -23.502234750309263], [-50.62995248699997, -23.501117370309313], [-50.628675949999945, -23.499832524309305], [-50.627887542999986, -23.499130822309358], [-50.62689042799997, -23.497467045309367], [-50.626016455999945, -23.496115674309408], [-50.62401159499995, -23.49374963630947], [-50.623025455999944, -23.493275003309467], [-50.62182057399996, -23.492563718309526], [-50.62136195299996, -23.492264126309486]]]}, "properties": {"objectid": 621457, "dra_pk": 18791, "idbacia": 18791, "cotrecho": 51405, "cocursodag": "86422754", "cobacia": "864227543", "nuareacont": 1.43784083, "nuordemcda": 6, "nunivotto1": "8", "nunivotto2": "86", "nunivotto3": "864", "nunivotto4": "8642", "nunivotto5": "86422", "nunivotto6": "864227", "nunivotto": 9, "dsversao": "BHO pghydro_8642 de 2020-01-08", "cobacia_2011": null, "Shape__Area": 0.00012691624726359887, "Shape__Length": 0.050325326992059334}}, {"type": "Feature", "id": 621467, "geometry": {"type": "Polygon", "coordinates": [[[-50.67732209899998, -23.494412024309476], [-50.67845000399995, -23.49381287230948], [-50.67981790999994, -23.492781245309473], [-50.68074799899995, -23.4912989493095], [-50.68113873699997, -23.489122603309546], [-50.68475589999997, -23.490897236309536], [-50.686575086999945, -23.491460604309488], [-50.687787629999946, -23.4919427783095], [-50.688550043999946, -23.492421371309504], [-50.69047113099998, -23.49362722830949], [-50.692637332999944, -23.494111265309453], [-50.694111480999936, -23.49395424930945], [-50.695325350999944, -23.49387666930947], [-50.69607984899995, -23.49377987430948], [-50.69553729499995, -23.494308571309467], [-50.69534150599998, -23.49493554230942], [-50.695388743999956, -23.495518186309432], [-50.695581970999974, -23.49601148330941], [-50.69468289599996, -23.49631918830942], [-50.692976000999984, -23.496360808309404], [-50.691121126999974, -23.49712173130942], [-50.68892498699995, -23.49783697730937], [-50.68687670099997, -23.49787784830938], [-50.68497322999996, -23.498548652309346], [-50.68361015199997, -23.499030679309374], [-50.68219117999996, -23.499532461309318], [-50.67945970399995, -23.499751755309344], [-50.67692394799997, -23.499701534309313], [-50.67557589499995, -23.499402422309327], [-50.675954117999936, -23.49745073830936], [-50.676493726999986, -23.496147563309407], [-50.67732209899998, -23.494412024309476]]]}, "properties": {"objectid": 621467, "dra_pk": 18801, "idbacia": 18801, "cotrecho": 58633, "cocursodag": "864227454", "cobacia": "864227454", "nuareacont": 1.26594612, "nuordemcda": 7, "nunivotto1": "8", "nunivotto2": "86", "nunivotto3": "864", "nunivotto4": "8642", "nunivotto5": "86422", "nunivotto6": "864227", "nunivotto": 9, "dsversao": "BHO pghydro_8642 de 2020-01-08", "cobacia_2011": null, "Shape__Area": 0.00011174717063674502, "Shape__Length": 0.05153508828523549}}, {"type": "Feature", "id": 621507, "geometry": {"type": "Polygon", "coordinates": [[[-50.61803566799995, -23.484816629309677], [-50.619433984999944, -23.48429804630971], [-50.62090472199998, -23.482867409309737], [-50.62144293099993, -23.48361139930971], [-50.62235430299995, -23.48462556830967], [-50.62381387199997, -23.48577597730963], [-50.625128330999985, -23.486521239309624], [-50.626859140999954, -23.486644290309624], [-50.62501709199995, -23.487060687309597], [-50.62256595699995, -23.487358344309616], [-50.621624794999946, -23.487706207309625], [-50.619709027999924, -23.486744182309597], [-50.61818982099993, -23.48538766030965], [-50.61803566799995, -23.484816629309677]]]}, "properties": {"objectid": 621507, "dra_pk": 18842, "idbacia": 18842, "cotrecho": 58808, "cocursodag": "86422", "cobacia": "864227539", "nuareacont": 0.19285633, "nuordemcda": 5, "nunivotto1": "8", "nunivotto2": "86", "nunivotto3": "864", "nunivotto4": "8642", "nunivotto5": "86422", "nunivotto6": "864227", "nunivotto": 9, "dsversao": "BHO pghydro_8642 de 2020-01-08", "cobacia_2011": null, "Shape__Area": 1.7021603163225463e-05, "Shape__Length": 0.021062539447657135}}, {"type": "Feature", "id": 621554, "geometry": {"type": "Polygon", "coordinates": [[[-50.64440051299993, -23.481671738309764], [-50.64566475299995, -23.48132847230976], [-50.64600606899995, -23.481329247309755], [-50.64707830599997, -23.481511575309742], [-50.64844273699999, -23.481829496309768], [-50.649702967999986, -23.482240795309703], [-50.651084158999936, -23.483247687309692], [-50.65230100399998, -23.484004634309688], [-50.65361099299997, -23.484548306309676], [-50.65456978999998, -23.485206286309694], [-50.65554268299997, -23.48610795930965], [-50.657166977999964, -23.486531311309637], [-50.655644380999945, -23.487557492309588], [-50.65432663899997, -23.488004335309597], [-50.65227614199994, -23.4889442593096], [-50.65051737299996, -23.49019964730952], [-50.64939507599996, -23.491072627309567], [-50.64752501399994, -23.493090899309493], [-50.645228761999924, -23.49470481030946], [-50.640642206999985, -23.495683766309416], [-50.63851721999998, -23.495129407309463], [-50.637513953999985, -23.492940463309495], [-50.637520958999964, -23.490378618309546], [-50.63795585999998, -23.48816457930958], [-50.639083526999976, -23.487603866309612], [-50.640711299999964, -23.48663994630963], [-50.64205109599994, -23.485656371309634], [-50.643597492999966, -23.4843317273097], [-50.64465099399995, -23.482702362309695], [-50.64440051299993, -23.481671738309764]]]}, "properties": {"objectid": 621554, "dra_pk": 18889, "idbacia": 18889, "cotrecho": 58641, "cocursodag": "8642274", "cobacia": "864227439", "nuareacont": 1.71599279, "nuordemcda": 6, "nunivotto1": "8", "nunivotto2": "86", "nunivotto3": "864", "nunivotto4": "8642", "nunivotto5": "86422", "nunivotto6": "864227", "nunivotto": 9, "dsversao": "BHO pghydro_8642 de 2020-01-08", "cobacia_2011": null, "Shape__Area": 0.00015146080403137513, "Shape__Length": 0.05278056796726648}}, {"type": "Feature", "id": 621558, "geometry": {"type": "Polygon", "coordinates": [[[-50.63997877299994, -23.481328750309768], [-50.64080833099996, -23.48119459430977], [-50.64161052899993, -23.481215418309766], [-50.64263833299999, -23.481483413309753], [-50.64350178799998, -23.481675132309743], [-50.64440051299993, -23.481671738309764], [-50.64465099399995, -23.482702362309695], [-50.643597492999966, -23.4843317273097], [-50.64205109599994, -23.485656371309634], [-50.640711299999964, -23.48663994630963], [-50.639083526999976, -23.487603866309612], [-50.63795585999998, -23.48816457930958], [-50.63808430199998, -23.487510652309602], [-50.63786742099995, -23.48556314530965], [-50.63736355499997, -23.48439272730966], [-50.63769537699994, -23.483261549309706], [-50.639308753999956, -23.48169114030973], [-50.63997877299994, -23.481328750309768]]]}, "properties": {"objectid": 621558, "dra_pk": 18893, "idbacia": 18893, "cotrecho": 58806, "cocursodag": "864227438", "cobacia": "864227438", "nuareacont": 0.33962528000000003, "nuordemcda": 7, "nunivotto1": "8", "nunivotto2": "86", "nunivotto3": "864", "nunivotto4": "8642", "nunivotto5": "86422", "nunivotto6": "864227", "nunivotto": 9, "dsversao": "BHO pghydro_8642 de 2020-01-08", "cobacia_2011": null, "Shape__Area": 2.997563814274883e-05, "Shape__Length": 0.022430791684212283}}, {"type": "Feature", "id": 621882, "geometry": {"type": "Polygon", "coordinates": [[[-50.626859140999954, -23.486644290309624], [-50.62783412099998, -23.486696383309646], [-50.62845611999996, -23.48659667230963], [-50.63021238099998, -23.48629725830966], [-50.63281154499998, -23.485358919309654], [-50.63544705399995, -23.48448807830968], [-50.63736355499997, -23.48439272730966], [-50.63786742099995, -23.48556314530965], [-50.63808430199998, -23.487510652309602], [-50.63795585999998, -23.48816457930958], [-50.637520958999964, -23.490378618309546], [-50.637513953999985, -23.492940463309495], [-50.63851721999998, -23.495129407309463], [-50.636407920999936, -23.49417133630947], [-50.634069085999954, -23.493491223309487], [-50.631145963999984, -23.492506121309503], [-50.62858973799996, -23.49111704530952], [-50.62716540399999, -23.49040527730956], [-50.62609598899997, -23.489446770309577], [-50.62607385499995, -23.4884124853096], [-50.62622260799998, -23.48753582430961], [-50.626859140999954, -23.486644290309624]]]}, "properties": {"objectid": 621882, "dra_pk": 19214, "idbacia": 19214, "cotrecho": 51408, "cocursodag": "864227542", "cobacia": "864227542", "nuareacont": 0.9109227000000001, "nuordemcda": 7, "nunivotto1": "8", "nunivotto2": "86", "nunivotto3": "864", "nunivotto4": "8642", "nunivotto5": "86422", "nunivotto6": "864227", "nunivotto": 9, "dsversao": "BHO pghydro_8642 de 2020-01-08", "cobacia_2011": null, "Shape__Area": 8.040143090882566e-05, "Shape__Length": 0.038765997253752064}}, {"type": "Feature", "id": 621894, "geometry": {"type": "Polygon", "coordinates": [[[-50.69607984899995, -23.49377987430948], [-50.696462578999956, -23.493369339309485], [-50.69764221099996, -23.492863411309504], [-50.69875546499998, -23.492382340309486], [-50.700594235999965, -23.49142185830953], [-50.702332611999964, -23.489399610309555], [-50.70245441399993, -23.48662799230963], [-50.70180836099996, -23.48426918630967], [-50.70311764999996, -23.485626461309664], [-50.70486880299996, -23.487548761309615], [-50.705452750999946, -23.48808957630962], [-50.707335454999956, -23.48935244030955], [-50.70863421999997, -23.490074490309574], [-50.711427623999946, -23.491159116309515], [-50.713247872999936, -23.49128240530955], [-50.71509122199995, -23.490707244309533], [-50.71601542599996, -23.491754984309505], [-50.716800552999985, -23.492977593309497], [-50.71288375699999, -23.496726572309388], [-50.710407065999966, -23.49942054530934], [-50.70614703999997, -23.50171401530927], [-50.706065230999975, -23.501098538309282], [-50.705656550999954, -23.500518024309322], [-50.70459204199994, -23.499885846309343], [-50.703745567999924, -23.499531345309347], [-50.702681254999966, -23.49882354130937], [-50.70161643399996, -23.49834258730937], [-50.70068866499997, -23.497685451309348], [-50.698969254999945, -23.49662346930942], [-50.697573819999945, -23.496104985309437], [-50.69655340099995, -23.49614781330945], [-50.695581970999974, -23.49601148330941], [-50.695388743999956, -23.495518186309432], [-50.69534150599998, -23.49493554230942], [-50.69553729499995, -23.494308571309467], [-50.69607984899995, -23.49377987430948]]]}, "properties": {"objectid": 621894, "dra_pk": 19226, "idbacia": 19226, "cotrecho": 58640, "cocursodag": "864234264", "cobacia": "86423426497", "nuareacont": 1.8055969699999999, "nuordemcda": 8, "nunivotto1": "8", "nunivotto2": "86", "nunivotto3": "864", "nunivotto4": "8642", "nunivotto5": "86423", "nunivotto6": "864234", "nunivotto": 11, "dsversao": "BHO pghydro_8642 de 2020-01-08", "cobacia_2011": null, "Shape__Area": 0.00015938447567754414, "Shape__Length": 0.060686109374301876}}, {"type": "Feature", "id": 621895, "geometry": {"type": "Polygon", "coordinates": [[[-50.69050052699998, -23.486375805309635], [-50.69243304099996, -23.485931386309623], [-50.69443299299996, -23.485620482309635], [-50.69613974899994, -23.48557884430966], [-50.69750629499998, -23.485041801309663], [-50.70180836099996, -23.48426918630967], [-50.70245441399993, -23.48662799230963], [-50.702332611999964, -23.489399610309555], [-50.700594235999965, -23.49142185830953], [-50.69875546499998, -23.492382340309486], [-50.69764221099996, -23.492863411309504], [-50.696462578999956, -23.493369339309485], [-50.69607984899995, -23.49377987430948], [-50.694762725999965, -23.49065843030952], [-50.69330428999996, -23.488721609309597], [-50.69199052499993, -23.487504667309583], [-50.69050052699998, -23.486375805309635]]]}, "properties": {"objectid": 621895, "dra_pk": 19227, "idbacia": 19227, "cotrecho": 58805, "cocursodag": "86422742", "cobacia": "8642274293", "nuareacont": 0.71486397, "nuordemcda": 7, "nunivotto1": "8", "nunivotto2": "86", "nunivotto3": "864", "nunivotto4": "8642", "nunivotto5": "86422", "nunivotto6": "864227", "nunivotto": 10, "dsversao": "BHO pghydro_8642 de 2020-01-08", "cobacia_2011": null, "Shape__Area": 6.309969081030595e-05, "Shape__Length": 0.03404475599452326}}, {"type": "Feature", "id": 621916, "geometry": {"type": "Polygon", "coordinates": [[[-50.66614905299997, -23.47247493830993], [-50.668482723999944, -23.472614416309913], [-50.670530164999946, -23.47275368730994], [-50.67189535399996, -23.472756556309957], [-50.673504881999975, -23.472535063309923], [-50.67613729799996, -23.472720450309914], [-50.67711177099994, -23.472992325309917], [-50.67954994099995, -23.472862432309924], [-50.68208032899998, -23.47095928630999], [-50.67930878799996, -23.474390287309898], [-50.67838032599997, -23.47598750630987], [-50.67837377599994, -23.477421215309867], [-50.676651826999944, -23.47870331030981], [-50.67616180999994, -23.479691763309773], [-50.67508448699993, -23.481578505309738], [-50.674836605999985, -23.483242100309727], [-50.67515264499996, -23.485676337309666], [-50.673908719999986, -23.483824845309684], [-50.67215832799997, -23.481797259309737], [-50.67084560799998, -23.480265314309754], [-50.66899644899996, -23.47877720230979], [-50.667438423999954, -23.477874365309845], [-50.665514636999944, -23.47720659230983], [-50.665553194999966, -23.475320871309858], [-50.66614905299997, -23.47247493830993]]]}, "properties": {"objectid": 621916, "dra_pk": 19247, "idbacia": 19247, "cotrecho": 56700, "cocursodag": "86422742", "cobacia": "864227427", "nuareacont": 1.10217034, "nuordemcda": 7, "nunivotto1": "8", "nunivotto2": "86", "nunivotto3": "864", "nunivotto4": "8642", "nunivotto5": "86422", "nunivotto6": "864227", "nunivotto": 9, "dsversao": "BHO pghydro_8642 de 2020-01-08", "cobacia_2011": null, "Shape__Area": 9.727583410476053e-05, "Shape__Length": 0.0518205290448735}}, {"type": "Feature", "id": 621951, "geometry": {"type": "Polygon", "coordinates": [[[-50.69693591799995, -23.463554082310157], [-50.697942086999944, -23.462980643310175], [-50.69960325999995, -23.46140969031021], [-50.70189261999997, -23.46062385331021], [-50.702708609999945, -23.461768227310213], [-50.70411973499995, -23.462985266310167], [-50.70636089399994, -23.46366413631015], [-50.706956246999944, -23.46395285231015], [-50.70440985099998, -23.46406523931014], [-50.70234205799994, -23.46406622131012], [-50.69896335899995, -23.464107014310155], [-50.69693591799995, -23.463554082310157]]]}, "properties": {"objectid": 621951, "dra_pk": 19281, "idbacia": 19281, "cotrecho": 59286, "cocursodag": "864226", "cobacia": "864226995", "nuareacont": 0.19126129, "nuordemcda": 6, "nunivotto1": "8", "nunivotto2": "86", "nunivotto3": "864", "nunivotto4": "8642", "nunivotto5": "86422", "nunivotto6": "864226", "nunivotto": 9, "dsversao": "BHO pghydro_8642 de 2020-01-08", "cobacia_2011": null, "Shape__Area": 1.6879114825050278e-05, "Shape__Length": 0.022234373089322954}}, {"type": "Feature", "id": 621962, "geometry": {"type": "Polygon", "coordinates": [[[-50.65418773099998, -23.46229591731016], [-50.65709896899995, -23.461753113310206], [-50.66026097099996, -23.460249331310198], [-50.66037353099995, -23.460195795310206], [-50.658905404999985, -23.461799546310186], [-50.65812270699996, -23.46283227831014], [-50.65802252899994, -23.46386650531012], [-50.65796237499995, -23.464548801310134], [-50.65801951699995, -23.465035876310097], [-50.65786989899993, -23.46633984831008], [-50.65787281599995, -23.46767717831006], [-50.657850535999955, -23.467655930310062], [-50.65684513499997, -23.46669740031009], [-50.65572645699995, -23.465660490310086], [-50.65489950899996, -23.46493904631013], [-50.653605911999925, -23.463798498310137], [-50.65368583099996, -23.462957423310172], [-50.65418773099998, -23.46229591731016]]]}, "properties": {"objectid": 621962, "dra_pk": 19292, "idbacia": 19292, "cotrecho": 58688, "cocursodag": "864227424", "cobacia": "8642274241", "nuareacont": 0.20490008, "nuordemcda": 8, "nunivotto1": "8", "nunivotto2": "86", "nunivotto3": "864", "nunivotto4": "8642", "nunivotto5": "86422", "nunivotto6": "864227", "nunivotto": 10, "dsversao": "BHO pghydro_8642 de 2020-01-08", "cobacia_2011": null, "Shape__Area": 1.8082225259958355e-05, "Shape__Length": 0.022364250077318727}}, {"type": "Feature", "id": 622060, "geometry": {"type": "Polygon", "coordinates": [[[-50.607706845999985, -23.482187721309714], [-50.61222353899996, -23.480846205309778], [-50.61504683299996, -23.47986460330977], [-50.61613092599998, -23.478759372309796], [-50.61695685999996, -23.47941771530979], [-50.61790629899997, -23.47989228630976], [-50.61911270199993, -23.48003016130975], [-50.62130800999994, -23.479630732309793], [-50.622442329999956, -23.479397358309804], [-50.62361255199994, -23.47940018830977], [-50.62463571899997, -23.479672517309808], [-50.62637758899996, -23.48018651130975], [-50.62496121399994, -23.480955104309764], [-50.622727974999975, -23.48182674230973], [-50.621410013999935, -23.482329517309743], [-50.62090472199998, -23.482867409309737], [-50.619433984999944, -23.48429804630971], [-50.61803566799995, -23.484816629309677], [-50.61717802899994, -23.48413642730968], [-50.615262511999966, -23.48329920830969], [-50.612161341999986, -23.482823238309727], [-50.607706845999985, -23.482187721309714]]]}, "properties": {"objectid": 622060, "dra_pk": 19390, "idbacia": 19390, "cotrecho": 58812, "cocursodag": "86422", "cobacia": "864227537", "nuareacont": 0.53780552, "nuordemcda": 5, "nunivotto1": "8", "nunivotto2": "86", "nunivotto3": "864", "nunivotto4": "8642", "nunivotto5": "86422", "nunivotto6": "864227", "nunivotto": 9, "dsversao": "BHO pghydro_8642 de 2020-01-08", "cobacia_2011": null, "Shape__Area": 4.7465406855617265e-05, "Shape__Length": 0.04053816351197266}}, {"type": "Feature", "id": 622073, "geometry": {"type": "Polygon", "coordinates": [[[-50.64715411099997, -23.478670080309815], [-50.647517336999954, -23.47851543030981], [-50.64871660299997, -23.478679344309786], [-50.64966731099997, -23.478715221309802], [-50.65255546499998, -23.479025267309773], [-50.65346925899996, -23.47919596130979], [-50.65453310799995, -23.47940055730978], [-50.65501061999999, -23.48032937130979], [-50.65581347699998, -23.48197078630975], [-50.65470481799997, -23.48328762530969], [-50.654376461999966, -23.484546212309645], [-50.65456978999998, -23.485206286309694], [-50.65361099299997, -23.484548306309676], [-50.65230100399998, -23.484004634309688], [-50.651084158999936, -23.483247687309692], [-50.649702967999986, -23.482240795309703], [-50.64949811399998, -23.482091447309728], [-50.64871331799998, -23.481321235309725], [-50.64789885499993, -23.48010979130977], [-50.64759184899998, -23.479525643309817], [-50.64715411099997, -23.478670080309815]]]}, "properties": {"objectid": 622073, "dra_pk": 19402, "idbacia": 19402, "cotrecho": 58813, "cocursodag": "864227436", "cobacia": "864227436", "nuareacont": 0.35179501, "nuordemcda": 7, "nunivotto1": "8", "nunivotto2": "86", "nunivotto3": "864", "nunivotto4": "8642", "nunivotto5": "86422", "nunivotto6": "864227", "nunivotto": 9, "dsversao": "BHO pghydro_8642 de 2020-01-08", "cobacia_2011": null, "Shape__Area": 3.1049409072692604e-05, "Shape__Length": 0.024213139486142548}}, {"type": "Feature", "id": 622076, "geometry": {"type": "Polygon", "coordinates": [[[-50.64715411099997, -23.478670080309815], [-50.646432421999975, -23.478451080309796], [-50.64712841899996, -23.478462268309826], [-50.647517336999954, -23.47851543030981], [-50.64715411099997, -23.478670080309815]]]}, "properties": {"objectid": 622076, "dra_pk": 19405, "idbacia": 19405, "cotrecho": 54115, "cocursodag": "8642274", "cobacia": "8642274353", "nuareacont": 0.0012679100000000001, "nuordemcda": 6, "nunivotto1": "8", "nunivotto2": "86", "nunivotto3": "864", "nunivotto4": "8642", "nunivotto5": "86422", "nunivotto6": "864227", "nunivotto": 10, "dsversao": "BHO pghydro_8642 de 2020-01-08", "cobacia_2011": null, "Shape__Area": 1.119025378793864e-07, "Shape__Length": 0.0022375852760359144}}, {"type": "Feature", "id": 622078, "geometry": {"type": "Polygon", "coordinates": [[[-50.643266524999945, -23.478641894309806], [-50.644486092999955, -23.47841980030983], [-50.646432421999975, -23.478451080309796], [-50.64715411099997, -23.478670080309815], [-50.64759184899998, -23.479525643309817], [-50.64789885499993, -23.48010979130977], [-50.64871331799998, -23.481321235309725], [-50.64949811399998, -23.482091447309728], [-50.649702967999986, -23.482240795309703], [-50.64844273699999, -23.481829496309768], [-50.64707830599997, -23.481511575309742], [-50.64600606899995, -23.481329247309755], [-50.64566475299995, -23.48132847230976], [-50.64440051299993, -23.481671738309764], [-50.64350178799998, -23.481675132309743], [-50.64263833299999, -23.481483413309753], [-50.64161052899993, -23.481215418309766], [-50.64080833099996, -23.48119459430977], [-50.63997877299994, -23.481328750309768], [-50.64121317799993, -23.480661093309777], [-50.642873915999985, -23.479585489309805], [-50.643266524999945, -23.478641894309806]]]}, "properties": {"objectid": 622078, "dra_pk": 19407, "idbacia": 19407, "cotrecho": 58810, "cocursodag": "8642274", "cobacia": "864227437", "nuareacont": 0.20237035, "nuordemcda": 6, "nunivotto1": "8", "nunivotto2": "86", "nunivotto3": "864", "nunivotto4": "8642", "nunivotto5": "86422", "nunivotto6": "864227", "nunivotto": 9, "dsversao": "BHO pghydro_8642 de 2020-01-08", "cobacia_2011": null, "Shape__Area": 1.7860973522308495e-05, "Shape__Length": 0.022732057864195444}}, {"type": "Feature", "id": 622079, "geometry": {"type": "Polygon", "coordinates": [[[-50.62637758899996, -23.48018651130975], [-50.626828641999964, -23.480116287309794], [-50.62759707299995, -23.479949464309755], [-50.62847605899997, -23.479479319309775], [-50.63001355599994, -23.4789095403098], [-50.63089272399998, -23.478371907309786], [-50.63188826399994, -23.478273473309798], [-50.63354814199994, -23.48063429430977], [-50.63432383999998, -23.481353435309742], [-50.63533006899996, -23.482286294309702], [-50.635764421999966, -23.48268896930973], [-50.637205033999976, -23.484024490309686], [-50.63736355499997, -23.48439272730966], [-50.63544705399995, -23.48448807830968], [-50.63281154499998, -23.485358919309654], [-50.63021238099998, -23.48629725830966], [-50.62845611999996, -23.48659667230963], [-50.62783412099998, -23.486696383309646], [-50.626859140999954, -23.486644290309624], [-50.625128330999985, -23.486521239309624], [-50.62381387199997, -23.48577597730963], [-50.62235430299995, -23.48462556830967], [-50.62144293099993, -23.48361139930971], [-50.62090472199998, -23.482867409309737], [-50.621410013999935, -23.482329517309743], [-50.622727974999975, -23.48182674230973], [-50.62496121399994, -23.480955104309764], [-50.62637758899996, -23.48018651130975]]]}, "properties": {"objectid": 622079, "dra_pk": 19408, "idbacia": 19408, "cotrecho": 58809, "cocursodag": "864227538", "cobacia": "864227538", "nuareacont": 0.89704871, "nuordemcda": 6, "nunivotto1": "8", "nunivotto2": "86", "nunivotto3": "864", "nunivotto4": "8642", "nunivotto5": "86422", "nunivotto6": "864227", "nunivotto": 9, "dsversao": "BHO pghydro_8642 de 2020-01-08", "cobacia_2011": null, "Shape__Area": 7.917293139307884e-05, "Shape__Length": 0.03857329444762645}}, {"type": "Feature", "id": 622100, "geometry": {"type": "Polygon", "coordinates": [[[-50.67515264499996, -23.485676337309666], [-50.674836605999985, -23.483242100309727], [-50.67508448699993, -23.481578505309738], [-50.67616180999994, -23.479691763309773], [-50.676651826999944, -23.47870331030981], [-50.67837377599994, -23.477421215309867], [-50.680163874999955, -23.478125870309846], [-50.681821132999964, -23.478354141309804], [-50.68435573499994, -23.478719097309796], [-50.688992593999956, -23.47970904430977], [-50.691911706999974, -23.47945382830979], [-50.69405741999998, -23.479323122309808], [-50.69799778799995, -23.47829531030981], [-50.69845275899996, -23.47985199330977], [-50.69883792899998, -23.482011579309745], [-50.69932267899998, -23.48327184130971], [-50.70054047399998, -23.483813896309684], [-50.70180836099996, -23.48426918630967], [-50.69750629499998, -23.485041801309663], [-50.69613974899994, -23.48557884430966], [-50.69443299299996, -23.485620482309635], [-50.69243304099996, -23.485931386309623], [-50.69050052699998, -23.486375805309635], [-50.68940528699994, -23.487859340309576], [-50.689011499999935, -23.489432709309575], [-50.688713536999956, -23.49172588330952], [-50.688550043999946, -23.492421371309504], [-50.687787629999946, -23.4919427783095], [-50.686575086999945, -23.491460604309488], [-50.68475589999997, -23.490897236309536], [-50.68113873699997, -23.489122603309546], [-50.67938650699995, -23.48864748830959], [-50.67515264499996, -23.485676337309666]]]}, "properties": {"objectid": 622100, "dra_pk": 19429, "idbacia": 19429, "cotrecho": 51428, "cocursodag": "86422742", "cobacia": "8642274291", "nuareacont": 2.46086854, "nuordemcda": 7, "nunivotto1": "8", "nunivotto2": "86", "nunivotto3": "864", "nunivotto4": "8642", "nunivotto5": "86422", "nunivotto6": "864227", "nunivotto": 10, "dsversao": "BHO pghydro_8642 de 2020-01-08", "cobacia_2011": null, "Shape__Area": 0.00021720653888255008, "Shape__Length": 0.07062879514795467}}, {"type": "Feature", "id": 622103, "geometry": {"type": "Polygon", "coordinates": [[[-50.66310994499998, -23.48084126830973], [-50.664560533999975, -23.478317961309813], [-50.665514636999944, -23.47720659230983], [-50.667438423999954, -23.477874365309845], [-50.66899644899996, -23.47877720230979], [-50.67084560799998, -23.480265314309754], [-50.67215832799997, -23.481797259309737], [-50.673908719999986, -23.483824845309684], [-50.67515264499996, -23.485676337309666], [-50.67335750599994, -23.48590643530963], [-50.67237886199997, -23.487283643309606], [-50.670814908999944, -23.488719577309602], [-50.668200730999956, -23.489966998309537], [-50.667041819999945, -23.48955110530957], [-50.666264489999946, -23.488410047309575], [-50.664967794999946, -23.48696804530963], [-50.66323385099997, -23.486113619309652], [-50.66322965799998, -23.483982045309673], [-50.66310994499998, -23.48084126830973]]]}, "properties": {"objectid": 622103, "dra_pk": 19432, "idbacia": 19432, "cotrecho": 58652, "cocursodag": "864227426", "cobacia": "864227426", "nuareacont": 1.0478775200000001, "nuordemcda": 8, "nunivotto1": "8", "nunivotto2": "86", "nunivotto3": "864", "nunivotto4": "8642", "nunivotto5": "86422", "nunivotto6": "864227", "nunivotto": 9, "dsversao": "BHO pghydro_8642 de 2020-01-08", "cobacia_2011": null, "Shape__Area": 9.248864594636537e-05, "Shape__Length": 0.037790518406465655}}, {"type": "Feature", "id": 622140, "geometry": {"type": "Polygon", "coordinates": [[[-50.65501061999999, -23.48032937130979], [-50.655246330999944, -23.47879237730982], [-50.657347148999975, -23.477177882309856], [-50.65920308599993, -23.475967599309854], [-50.660033227999975, -23.475474676309894], [-50.66181396999997, -23.47543269830987], [-50.66246790999997, -23.47673929130983], [-50.66300024099996, -23.478314596309815], [-50.66309251099995, -23.480383674309746], [-50.66310994499998, -23.48084126830973], [-50.66322965799998, -23.483982045309673], [-50.66323385099997, -23.486113619309652], [-50.66288987699994, -23.485944116309668], [-50.660484157999974, -23.48599886330964], [-50.65905335499996, -23.48617564630966], [-50.657166977999964, -23.486531311309637], [-50.65554268299997, -23.48610795930965], [-50.65456978999998, -23.485206286309694], [-50.654376461999966, -23.484546212309645], [-50.65470481799997, -23.48328762530969], [-50.65581347699998, -23.48197078630975], [-50.65501061999999, -23.48032937130979]]]}, "properties": {"objectid": 622140, "dra_pk": 19469, "idbacia": 19469, "cotrecho": 58807, "cocursodag": "8642274252", "cobacia": "8642274252", "nuareacont": 0.86707399, "nuordemcda": 8, "nunivotto1": "8", "nunivotto2": "86", "nunivotto3": "864", "nunivotto4": "8642", "nunivotto5": "86422", "nunivotto6": "864227", "nunivotto": 10, "dsversao": "BHO pghydro_8642 de 2020-01-08", "cobacia_2011": null, "Shape__Area": 7.652852098440762e-05, "Shape__Length": 0.03478779631281314}}, {"type": "Feature", "id": 622148, "geometry": {"type": "Polygon", "coordinates": [[[-50.64712841899996, -23.478462268309826], [-50.64791566799993, -23.47732826630985], [-50.64868593399995, -23.476452984309883], [-50.64978503199995, -23.475679621309887], [-50.650793630999935, -23.474993793309885], [-50.65150608899995, -23.475874494309885], [-50.65366829399995, -23.47771832330984], [-50.65453310799995, -23.47940055730978], [-50.65346925899996, -23.47919596130979], [-50.65255546499998, -23.479025267309773], [-50.64966731099997, -23.478715221309802], [-50.64871660299997, -23.478679344309786], [-50.647517336999954, -23.47851543030981], [-50.64712841899996, -23.478462268309826]]]}, "properties": {"objectid": 622148, "dra_pk": 19477, "idbacia": 19477, "cotrecho": 54165, "cocursodag": "8642274352", "cobacia": "8642274352", "nuareacont": 0.18325957, "nuordemcda": 7, "nunivotto1": "8", "nunivotto2": "86", "nunivotto3": "864", "nunivotto4": "8642", "nunivotto5": "86422", "nunivotto6": "864227", "nunivotto": 10, "dsversao": "BHO pghydro_8642 de 2020-01-08", "cobacia_2011": null, "Shape__Area": 1.6174030292117354e-05, "Shape__Length": 0.018447985608187265}}, {"type": "Feature", "id": 622154, "geometry": {"type": "Polygon", "coordinates": [[[-50.63533006899996, -23.482286294309702], [-50.63604961599998, -23.48120956230972], [-50.63714307699996, -23.4800357103098], [-50.639204587999984, -23.478389746309798], [-50.64025850599996, -23.47660861530987], [-50.64114633899993, -23.47537733430989], [-50.64183883499994, -23.47470247030989], [-50.64186473399997, -23.47473554530992], [-50.64189662999996, -23.474763800309873], [-50.641933475999956, -23.474786367309907], [-50.64197409999998, -23.47480248530986], [-50.64201719099997, -23.47481166230991], [-50.64206136799998, -23.47481359730991], [-50.64208207599995, -23.474811061309897], [-50.64268758999998, -23.47634680330985], [-50.643266524999945, -23.478641894309806], [-50.642873915999985, -23.479585489309805], [-50.64121317799993, -23.480661093309777], [-50.63997877299994, -23.481328750309768], [-50.639308753999956, -23.48169114030973], [-50.63769537699994, -23.483261549309706], [-50.63736355499997, -23.48439272730966], [-50.637205033999976, -23.484024490309686], [-50.635764421999966, -23.48268896930973], [-50.63533006899996, -23.482286294309702]]]}, "properties": {"objectid": 622154, "dra_pk": 19483, "idbacia": 19483, "cotrecho": 56702, "cocursodag": "864227434", "cobacia": "864227434", "nuareacont": 0.32466119, "nuordemcda": 7, "nunivotto1": "8", "nunivotto2": "86", "nunivotto3": "864", "nunivotto4": "8642", "nunivotto5": "86422", "nunivotto6": "864227", "nunivotto": 9, "dsversao": "BHO pghydro_8642 de 2020-01-08", "cobacia_2011": null, "Shape__Area": 2.865393493839482e-05, "Shape__Length": 0.025943982492084995}}, {"type": "Feature", "id": 622167, "geometry": {"type": "Polygon", "coordinates": [[[-50.641839464999975, -23.474469056309918], [-50.64186554199994, -23.474436110309874], [-50.64189757999998, -23.474407992309896], [-50.64193454799993, -23.474385603309912], [-50.64197526799995, -23.474369664309933], [-50.64201839799995, -23.474360685309907], [-50.64205152099999, -23.47435870130991], [-50.64206258499996, -23.474358953309913], [-50.64210639999993, -23.474364536309878], [-50.64214842399997, -23.474377233309923], [-50.642187314999944, -23.474396653309924], [-50.64222182299994, -23.474422168309925], [-50.642250832999935, -23.474452964309904], [-50.64227342699997, -23.47448803630991], [-50.642288863999966, -23.47452626230992], [-50.64229665899995, -23.47456642230988], [-50.64229654899998, -23.474607214309877], [-50.642288537999946, -23.474647337309907], [-50.64227289499996, -23.474685492309924], [-50.64225012199995, -23.474720459309907], [-50.642220935999944, -23.4747511133099], [-50.64218629099997, -23.47477647030986], [-50.642147294999965, -23.47479571030989], [-50.64210520299998, -23.474808224309886], [-50.64208207599995, -23.474811061309897], [-50.64206136799998, -23.47481359730991], [-50.64201719099997, -23.47481166230991], [-50.64197409999998, -23.47480248530986], [-50.641933475999956, -23.474786367309907], [-50.64189662999996, -23.474763800309873], [-50.64186473399997, -23.47473554530992], [-50.64183883499994, -23.47470247030989], [-50.641819740999956, -23.474665672309882], [-50.64180807699995, -23.4746263263099], [-50.64180422099997, -23.474585687309876], [-50.64180829599996, -23.474545067309887], [-50.641820172999985, -23.474505766309928], [-50.641839464999975, -23.474469056309918]]]}, "properties": {"objectid": 622167, "dra_pk": 19495, "idbacia": 19495, "cotrecho": 58817, "cocursodag": "8642274", "cobacia": "864227433", "nuareacont": 0.00198761, "nuordemcda": 6, "nunivotto1": "8", "nunivotto2": "86", "nunivotto3": "864", "nunivotto4": "8642", "nunivotto5": "86422", "nunivotto6": "864227", "nunivotto": 9, "dsversao": "BHO pghydro_8642 de 2020-01-08", "cobacia_2011": null, "Shape__Area": 1.7541604264484092e-07, "Shape__Length": 0.001488482902928692}}, {"type": "Feature", "id": 622171, "geometry": {"type": "Polygon", "coordinates": [[[-50.61613092599998, -23.478759372309796], [-50.61644889399997, -23.478033460309803], [-50.61656162099997, -23.476988051309863], [-50.61656493599997, -23.475841179309892], [-50.61615075299994, -23.474204652309904], [-50.61693226599993, -23.475268646309875], [-50.61766178299996, -23.475911338309853], [-50.61842835599998, -23.476385458309874], [-50.62015120299998, -23.476488447309837], [-50.62082560399995, -23.477133411309822], [-50.62224556099994, -23.477845152309847], [-50.623409427999945, -23.478608734309823], [-50.62463571899997, -23.479672517309808], [-50.62361255199994, -23.47940018830977], [-50.622442329999956, -23.479397358309804], [-50.62130800999994, -23.479630732309793], [-50.61911270199993, -23.48003016130975], [-50.61790629899997, -23.47989228630976], [-50.61695685999996, -23.47941771530979], [-50.61613092599998, -23.478759372309796]]]}, "properties": {"objectid": 622171, "dra_pk": 19499, "idbacia": 19499, "cotrecho": 58814, "cocursodag": "864227536", "cobacia": "8642275361", "nuareacont": 0.23530966, "nuordemcda": 6, "nunivotto1": "8", "nunivotto2": "86", "nunivotto3": "864", "nunivotto4": "8642", "nunivotto5": "86422", "nunivotto6": "864227", "nunivotto": 10, "dsversao": "BHO pghydro_8642 de 2020-01-08", "cobacia_2011": null, "Shape__Area": 2.0767351289365116e-05, "Shape__Length": 0.02408589757575315}}, {"type": "Feature", "id": 622185, "geometry": {"type": "Polygon", "coordinates": [[[-50.62569710199994, -23.476366367309854], [-50.62672966099995, -23.47630435830989], [-50.62757205099996, -23.47583413030986], [-50.62812227899997, -23.475228270309863], [-50.62856308299995, -23.474520952309902], [-50.629185862999975, -23.474117658309904], [-50.62955200399995, -23.473949859309915], [-50.63013717999997, -23.473917520309936], [-50.63165905699998, -23.47374236430993], [-50.63211499299996, -23.476634424309832], [-50.63188826399994, -23.478273473309798], [-50.63089272399998, -23.478371907309786], [-50.63001355599994, -23.4789095403098], [-50.62847605899997, -23.479479319309775], [-50.62759707299995, -23.479949464309755], [-50.626828641999964, -23.480116287309794], [-50.62637758899996, -23.48018651130975], [-50.62628016499997, -23.479219013309805], [-50.62585615199998, -23.47829982430982], [-50.62568839499994, -23.477276325309866], [-50.62569710199994, -23.476366367309854]]]}, "properties": {"objectid": 622185, "dra_pk": 19514, "idbacia": 19514, "cotrecho": 57184, "cocursodag": "864227536", "cobacia": "8642275365", "nuareacont": 0.30516889, "nuordemcda": 6, "nunivotto1": "8", "nunivotto2": "86", "nunivotto3": "864", "nunivotto4": "8642", "nunivotto5": "86422", "nunivotto6": "864227", "nunivotto": 10, "dsversao": "BHO pghydro_8642 de 2020-01-08", "cobacia_2011": null, "Shape__Area": 2.6932804637022463e-05, "Shape__Length": 0.02133822251881466}}, {"type": "Feature", "id": 622199, "geometry": {"type": "Polygon", "coordinates": [[[-50.62628145999998, -23.47353119030992], [-50.62871303099996, -23.47320576730993], [-50.63097928099996, -23.47354846730989], [-50.63165905699998, -23.47374236430993], [-50.63013717999997, -23.473917520309936], [-50.62955200399995, -23.473949859309915], [-50.629185862999975, -23.474117658309904], [-50.62856308299995, -23.474520952309902], [-50.62812227899997, -23.475228270309863], [-50.62757205099996, -23.47583413030986], [-50.62672966099995, -23.47630435830989], [-50.62569710199994, -23.476366367309854], [-50.62567222499996, -23.47522240730991], [-50.62582048999996, -23.474514395309907], [-50.62607817999998, -23.47390783930995], [-50.62628145999998, -23.47353119030992]]]}, "properties": {"objectid": 622199, "dra_pk": 19528, "idbacia": 19528, "cotrecho": 58816, "cocursodag": "8642275364", "cobacia": "8642275364", "nuareacont": 0.09521279, "nuordemcda": 7, "nunivotto1": "8", "nunivotto2": "86", "nunivotto3": "864", "nunivotto4": "8642", "nunivotto5": "86422", "nunivotto6": "864227", "nunivotto": 10, "dsversao": "BHO pghydro_8642 de 2020-01-08", "cobacia_2011": null, "Shape__Area": 8.402893469473332e-06, "Shape__Length": 0.01532051283054573}}, {"type": "Feature", "id": 622206, "geometry": {"type": "Polygon", "coordinates": [[[-50.62015120299998, -23.476488447309837], [-50.620113691999954, -23.475276420309864], [-50.62008020899997, -23.474196932309926], [-50.62022986299996, -23.473016678309936], [-50.621691787999964, -23.47329009530994], [-50.62278795499998, -23.473596332309896], [-50.62392068199995, -23.473902651309896], [-50.62505485299994, -23.473702994309903], [-50.62549385899997, -23.473636583309922], [-50.62628145999998, -23.47353119030992], [-50.62607817999998, -23.47390783930995], [-50.62582048999996, -23.474514395309907], [-50.62567222499996, -23.47522240730991], [-50.62569710199994, -23.476366367309854], [-50.62568839499994, -23.477276325309866], [-50.62585615199998, -23.47829982430982], [-50.62628016499997, -23.479219013309805], [-50.62637758899996, -23.48018651130975], [-50.62463571899997, -23.479672517309808], [-50.623409427999945, -23.478608734309823], [-50.62224556099994, -23.477845152309847], [-50.62082560399995, -23.477133411309822], [-50.62015120299998, -23.476488447309837]]]}, "properties": {"objectid": 622206, "dra_pk": 19535, "idbacia": 19535, "cotrecho": 58815, "cocursodag": "864227536", "cobacia": "8642275363", "nuareacont": 0.32045358, "nuordemcda": 6, "nunivotto1": "8", "nunivotto2": "86", "nunivotto3": "864", "nunivotto4": "8642", "nunivotto5": "86422", "nunivotto6": "864227", "nunivotto": 10, "dsversao": "BHO pghydro_8642 de 2020-01-08", "cobacia_2011": null, "Shape__Area": 2.828144092553808e-05, "Shape__Length": 0.02391085453956972}}, {"type": "Feature", "id": 622208, "geometry": {"type": "Polygon", "coordinates": [[[-50.61615075299994, -23.474204652309904], [-50.61697244299995, -23.474020669309915], [-50.617741723999984, -23.473550315309918], [-50.618254830999945, -23.47314678730993], [-50.61909646599997, -23.47294645730995], [-50.62022986299996, -23.473016678309936], [-50.62008020899997, -23.474196932309926], [-50.620113691999954, -23.475276420309864], [-50.62015120299998, -23.476488447309837], [-50.61842835599998, -23.476385458309874], [-50.61766178299996, -23.475911338309853], [-50.61693226599993, -23.475268646309875], [-50.61615075299994, -23.474204652309904]]]}, "properties": {"objectid": 622208, "dra_pk": 19537, "idbacia": 19537, "cotrecho": 57186, "cocursodag": "8642275362", "cobacia": "8642275362", "nuareacont": 0.11093429, "nuordemcda": 7, "nunivotto1": "8", "nunivotto2": "86", "nunivotto3": "864", "nunivotto4": "8642", "nunivotto5": "86422", "nunivotto6": "864227", "nunivotto": 10, "dsversao": "BHO pghydro_8642 de 2020-01-08", "cobacia_2011": null, "Shape__Area": 9.790298475388281e-06, "Shape__Length": 0.012799201953958303}}, {"type": "Feature", "id": 622215, "geometry": {"type": "Polygon", "coordinates": [[[-50.63165905699998, -23.47374236430993], [-50.63468167999997, -23.473184402309922], [-50.63643823299998, -23.472708758309928], [-50.63656121399998, -23.472686924309937], [-50.638642998999956, -23.473113638309933], [-50.63987575799996, -23.473628784309923], [-50.64086211599994, -23.47399157530991], [-50.641839464999975, -23.474469056309918], [-50.641820172999985, -23.474505766309928], [-50.64180829599996, -23.474545067309887], [-50.64180422099997, -23.474585687309876], [-50.64180807699995, -23.4746263263099], [-50.641819740999956, -23.474665672309882], [-50.64183883499994, -23.47470247030989], [-50.64114633899993, -23.47537733430989], [-50.64025850599996, -23.47660861530987], [-50.639204587999984, -23.478389746309798], [-50.63714307699996, -23.4800357103098], [-50.63604961599998, -23.48120956230972], [-50.63533006899996, -23.482286294309702], [-50.63432383999998, -23.481353435309742], [-50.63354814199994, -23.48063429430977], [-50.63188826399994, -23.478273473309798], [-50.63211499299996, -23.476634424309832], [-50.63165905699998, -23.47374236430993]]]}, "properties": {"objectid": 622215, "dra_pk": 19544, "idbacia": 19544, "cotrecho": 56703, "cocursodag": "864227432", "cobacia": "864227432", "nuareacont": 0.6628408200000001, "nuordemcda": 7, "nunivotto1": "8", "nunivotto2": "86", "nunivotto3": "864", "nunivotto4": "8642", "nunivotto5": "86422", "nunivotto6": "864227", "nunivotto": 9, "dsversao": "BHO pghydro_8642 de 2020-01-08", "cobacia_2011": null, "Shape__Area": 5.8499488154111375e-05, "Shape__Length": 0.03085497675790593}}, {"type": "Feature", "id": 622219, "geometry": {"type": "Polygon", "coordinates": [[[-50.64751074899994, -23.472975320309956], [-50.64886804599996, -23.47255225130995], [-50.650469287999954, -23.474592860309908], [-50.650793630999935, -23.474993793309885], [-50.64978503199995, -23.475679621309887], [-50.64868593399995, -23.476452984309883], [-50.64791566799993, -23.47732826630985], [-50.64712841899996, -23.478462268309826], [-50.646432421999975, -23.478451080309796], [-50.644486092999955, -23.47841980030983], [-50.643266524999945, -23.478641894309806], [-50.64268758999998, -23.47634680330985], [-50.64208207599995, -23.474811061309897], [-50.64210520299998, -23.474808224309886], [-50.642147294999965, -23.47479571030989], [-50.64218629099997, -23.47477647030986], [-50.642220935999944, -23.4747511133099], [-50.64225012199995, -23.474720459309907], [-50.64227289499996, -23.474685492309924], [-50.642288537999946, -23.474647337309907], [-50.64229654899998, -23.474607214309877], [-50.64229665899995, -23.47456642230988], [-50.642288863999966, -23.47452626230992], [-50.64227342699997, -23.47448803630991], [-50.64434079099994, -23.474014434309915], [-50.64598750999994, -23.473579667309927], [-50.64719532399994, -23.473177627309944], [-50.64751074899994, -23.472975320309956]]]}, "properties": {"objectid": 622219, "dra_pk": 19550, "idbacia": 19550, "cotrecho": 57182, "cocursodag": "8642274", "cobacia": "8642274351", "nuareacont": 0.36216151, "nuordemcda": 6, "nunivotto1": "8", "nunivotto2": "86", "nunivotto3": "864", "nunivotto4": "8642", "nunivotto5": "86422", "nunivotto6": "864227", "nunivotto": 10, "dsversao": "BHO pghydro_8642 de 2020-01-08", "cobacia_2011": null, "Shape__Area": 3.196288883461891e-05, "Shape__Length": 0.02345588218956966}}, {"type": "Feature", "id": 622224, "geometry": {"type": "Polygon", "coordinates": [[[-50.66181396999997, -23.47543269830987], [-50.66350647499996, -23.47488003030987], [-50.66422311299994, -23.47428189730991], [-50.66513537099996, -23.473444315309894], [-50.66614905299997, -23.47247493830993], [-50.665553194999966, -23.475320871309858], [-50.665514636999944, -23.47720659230983], [-50.664560533999975, -23.478317961309813], [-50.66310994499998, -23.48084126830973], [-50.66309251099995, -23.480383674309746], [-50.66300024099996, -23.478314596309815], [-50.66246790999997, -23.47673929130983], [-50.66181396999997, -23.47543269830987]]]}, "properties": {"objectid": 622224, "dra_pk": 19555, "idbacia": 19555, "cotrecho": 56701, "cocursodag": "86422742", "cobacia": "8642274253", "nuareacont": 0.16277623000000002, "nuordemcda": 7, "nunivotto1": "8", "nunivotto2": "86", "nunivotto3": "864", "nunivotto4": "8642", "nunivotto5": "86422", "nunivotto6": "864227", "nunivotto": 10, "dsversao": "BHO pghydro_8642 de 2020-01-08", "cobacia_2011": null, "Shape__Area": 1.436623852605255e-05, "Shape__Length": 0.020176962602187182}}, {"type": "Feature", "id": 622238, "geometry": {"type": "Polygon", "coordinates": [[[-50.66196978199997, -23.471052528309986], [-50.66151752299998, -23.469855930309983], [-50.66156868599996, -23.468911544310036], [-50.66210705599997, -23.468103138310028], [-50.663555764999955, -23.46723468531009], [-50.66454513799994, -23.46797347831006], [-50.665322723999964, -23.468964620310008], [-50.66619557599995, -23.47085547530997], [-50.666192860999956, -23.47193489830996], [-50.66614905299997, -23.47247493830993], [-50.664583556999965, -23.472066368309946], [-50.66292709399994, -23.471568061309974], [-50.66196978199997, -23.471052528309986]]]}, "properties": {"objectid": 622238, "dra_pk": 19570, "idbacia": 19570, "cotrecho": 57138, "cocursodag": "8642274244", "cobacia": "8642274244", "nuareacont": 0.18103121000000003, "nuordemcda": 9, "nunivotto1": "8", "nunivotto2": "86", "nunivotto3": "864", "nunivotto4": "8642", "nunivotto5": "86422", "nunivotto6": "864227", "nunivotto": 10, "dsversao": "BHO pghydro_8642 de 2020-01-08", "cobacia_2011": null, "Shape__Area": 1.5976637489259542e-05, "Shape__Length": 0.01551872511222269}}, {"type": "Feature", "id": 622281, "geometry": {"type": "Polygon", "coordinates": [[[-50.61866676499994, -23.469774616309984], [-50.61907365199994, -23.468156486310026], [-50.61910291099998, -23.467286006310033], [-50.62024878299996, -23.467349790310053], [-50.62193033599993, -23.467522526310074], [-50.62349984799994, -23.467653360310074], [-50.62258678699994, -23.468131290310048], [-50.621707577999985, -23.468702596310028], [-50.62084046799999, -23.469372294310027], [-50.62053069799998, -23.470116482310015], [-50.62030762399996, -23.471397744309964], [-50.62037738199995, -23.47257852330997], [-50.62022986299996, -23.473016678309936], [-50.619174733999955, -23.471158856309998], [-50.61866676499994, -23.469774616309984]]]}, "properties": {"objectid": 622281, "dra_pk": 19630, "idbacia": 19630, "cotrecho": 56714, "cocursodag": "864227532", "cobacia": "8642275323", "nuareacont": 0.11683527, "nuordemcda": 6, "nunivotto1": "8", "nunivotto2": "86", "nunivotto3": "864", "nunivotto4": "8642", "nunivotto5": "86422", "nunivotto6": "864227", "nunivotto": 10, "dsversao": "BHO pghydro_8642 de 2020-01-08", "cobacia_2011": null, "Shape__Area": 1.0310670471990525e-05, "Shape__Length": 0.01749001877764614}}, {"type": "Feature", "id": 622303, "geometry": {"type": "Polygon", "coordinates": [[[-50.612759625999956, -23.469679804309994], [-50.61278241699995, -23.468781895310013], [-50.61300467399997, -23.467804225310033], [-50.613810788999956, -23.467232778310084], [-50.61509156699998, -23.466898633310084], [-50.61571691499995, -23.46681702931008], [-50.61629619099994, -23.467609970310047], [-50.61698918899998, -23.46821883831007], [-50.61833671599993, -23.46924441631004], [-50.61866676499994, -23.469774616309984], [-50.619174733999955, -23.471158856309998], [-50.62022986299996, -23.473016678309936], [-50.61909646599997, -23.47294645730995], [-50.618254830999945, -23.47314678730993], [-50.617741723999984, -23.473550315309918], [-50.61697244299995, -23.474020669309915], [-50.61615075299994, -23.474204652309904], [-50.61485357499998, -23.47330708330992], [-50.614308305999934, -23.472192583309972], [-50.61376342899995, -23.470943159309964], [-50.61314454099994, -23.469997132309977], [-50.612759625999956, -23.469679804309994]]]}, "properties": {"objectid": 622303, "dra_pk": 19637, "idbacia": 19637, "cotrecho": 46452, "cocursodag": "8642275332", "cobacia": "8642275332", "nuareacont": 0.36281538, "nuordemcda": 6, "nunivotto1": "8", "nunivotto2": "86", "nunivotto3": "864", "nunivotto4": "8642", "nunivotto5": "86422", "nunivotto6": "864227", "nunivotto": 10, "dsversao": "BHO pghydro_8642 de 2020-01-08", "cobacia_2011": null, "Shape__Area": 3.201854053791643e-05, "Shape__Length": 0.02288447167671551}}, {"type": "Feature", "id": 622332, "geometry": {"type": "Polygon", "coordinates": [[[-50.61003875199998, -23.45749918031028], [-50.610114897999956, -23.45663179931031], [-50.61066528699996, -23.45574322731033], [-50.61114121999998, -23.45575733131033], [-50.612530406999944, -23.45582825331035], [-50.613773341999945, -23.455898801310347], [-50.615040233999935, -23.455875393310336], [-50.61528848999996, -23.456098971310308], [-50.61683731099998, -23.45825475331025], [-50.61772356199999, -23.459076715310268], [-50.61872030699993, -23.460103896310226], [-50.62005118999996, -23.460824473310197], [-50.62238005499996, -23.462162291310182], [-50.62604104399997, -23.463810696310123], [-50.62490275699997, -23.46378547231016], [-50.62322028899996, -23.463950077310166], [-50.62212209799998, -23.464385934310123], [-50.61981589199996, -23.465291087310113], [-50.617986851999945, -23.46555648131009], [-50.61694186199998, -23.46562771631011], [-50.614687175999954, -23.4653144433101], [-50.61337855499994, -23.464374642310105], [-50.61167567499996, -23.46380515931012], [-50.611984898999935, -23.463590705310132], [-50.612115453999934, -23.462342284310196], [-50.61195012899997, -23.461015067310186], [-50.611360554999976, -23.46011605831024], [-50.61081271499995, -23.459412267310217], [-50.61030706299994, -23.45874760231025], [-50.61022497899996, -23.457888876310285], [-50.61003875199998, -23.45749918031028]]]}, "properties": {"objectid": 622332, "dra_pk": 19664, "idbacia": 19664, "cotrecho": 58685, "cocursodag": "86422", "cobacia": "864227531", "nuareacont": 0.88799227, "nuordemcda": 5, "nunivotto1": "8", "nunivotto2": "86", "nunivotto3": "864", "nunivotto4": "8642", "nunivotto5": "86422", "nunivotto6": "864227", "nunivotto": 9, "dsversao": "BHO pghydro_8642 de 2020-01-08", "cobacia_2011": null, "Shape__Area": 7.836008062275808e-05, "Shape__Length": 0.04227031035889086}}, {"type": "Feature", "id": 622370, "geometry": {"type": "Polygon", "coordinates": [[[-50.63656121399998, -23.472686924309937], [-50.639104895999935, -23.47223521330996], [-50.64092821499997, -23.471100036309952], [-50.64176489499994, -23.469914049309992], [-50.64370312099993, -23.470647914310007], [-50.64577952899998, -23.472091874309932], [-50.64751074899994, -23.472975320309956], [-50.64719532399994, -23.473177627309944], [-50.64598750999994, -23.473579667309927], [-50.64434079099994, -23.474014434309915], [-50.64227342699997, -23.47448803630991], [-50.642250832999935, -23.474452964309904], [-50.64222182299994, -23.474422168309925], [-50.642187314999944, -23.474396653309924], [-50.64214842399997, -23.474377233309923], [-50.64210639999993, -23.474364536309878], [-50.64206258499996, -23.474358953309913], [-50.64205152099999, -23.47435870130991], [-50.64201839799995, -23.474360685309907], [-50.64197526799995, -23.474369664309933], [-50.64193454799993, -23.474385603309912], [-50.64189757999998, -23.474407992309896], [-50.64186554199994, -23.474436110309874], [-50.641839464999975, -23.474469056309918], [-50.64086211599994, -23.47399157530991], [-50.63987575799996, -23.473628784309923], [-50.638642998999956, -23.473113638309933], [-50.63656121399998, -23.472686924309937]]]}, "properties": {"objectid": 622370, "dra_pk": 19704, "idbacia": 19704, "cotrecho": 58821, "cocursodag": "8642274", "cobacia": "8642274313", "nuareacont": 0.25591637, "nuordemcda": 6, "nunivotto1": "8", "nunivotto2": "86", "nunivotto3": "864", "nunivotto4": "8642", "nunivotto5": "86422", "nunivotto6": "864227", "nunivotto": 10, "dsversao": "BHO pghydro_8642 de 2020-01-08", "cobacia_2011": null, "Shape__Area": 2.2585537891312042e-05, "Shape__Length": 0.024317931130871856}}, {"type": "Feature", "id": 622382, "geometry": {"type": "Polygon", "coordinates": [[[-50.62022986299996, -23.473016678309936], [-50.62037738199995, -23.47257852330997], [-50.62030762399996, -23.471397744309964], [-50.62053069799998, -23.470116482310015], [-50.62084046799999, -23.469372294310027], [-50.62217976099998, -23.469816895309997], [-50.62323933799996, -23.470123050310022], [-50.62459200599994, -23.470227497309963], [-50.62627379199995, -23.470332740309967], [-50.62839371499995, -23.47067511630996], [-50.629451890999974, -23.47148720630995], [-50.63061949899998, -23.472400733309957], [-50.63165905699998, -23.47374236430993], [-50.63097928099996, -23.47354846730989], [-50.62871303099996, -23.47320576730993], [-50.62628145999998, -23.47353119030992], [-50.62549385899997, -23.473636583309922], [-50.62505485299994, -23.473702994309903], [-50.62392068199995, -23.473902651309896], [-50.62278795499998, -23.473596332309896], [-50.621691787999964, -23.47329009530994], [-50.62022986299996, -23.473016678309936]]]}, "properties": {"objectid": 622382, "dra_pk": 19716, "idbacia": 19716, "cotrecho": 56708, "cocursodag": "864227532", "cobacia": "8642275325", "nuareacont": 0.3572518, "nuordemcda": 6, "nunivotto1": "8", "nunivotto2": "86", "nunivotto3": "864", "nunivotto4": "8642", "nunivotto5": "86422", "nunivotto6": "864227", "nunivotto": 10, "dsversao": "BHO pghydro_8642 de 2020-01-08", "cobacia_2011": null, "Shape__Area": 3.152810691945508e-05, "Shape__Length": 0.027609877413445765}}, {"type": "Feature", "id": 622449, "geometry": {"type": "Polygon", "coordinates": [[[-50.63192455899996, -23.449729088310466], [-50.63122712599994, -23.447489844310503], [-50.63082823399998, -23.44630828631055], [-50.630502761999935, -23.445025698310538], [-50.63046836399997, -23.444249779310574], [-50.630630533999984, -23.442961308310593], [-50.63149493399993, -23.443206523310604], [-50.63169154599995, -23.443252368310592], [-50.63237179399994, -23.443410980310592], [-50.63375974199993, -23.443886496310576], [-50.63474545299993, -23.44439477931061], [-50.63532884099993, -23.444969582310538], [-50.63620304099993, -23.446152247310565], [-50.636321100999965, -23.44641345331056], [-50.63696619399997, -23.44784062131049], [-50.637939150999955, -23.450751978310453], [-50.635701891999986, -23.450892913310433], [-50.63405593199997, -23.450649186310436], [-50.632411314999956, -23.449925705310424], [-50.63192455899996, -23.449729088310466]]]}, "properties": {"objectid": 622449, "dra_pk": 19784, "idbacia": 19784, "cotrecho": 59155, "cocursodag": "8642273992", "cobacia": "8642273992", "nuareacont": 0.42079776, "nuordemcda": 6, "nunivotto1": "8", "nunivotto2": "86", "nunivotto3": "864", "nunivotto4": "8642", "nunivotto5": "86422", "nunivotto6": "864227", "nunivotto": 10, "dsversao": "BHO pghydro_8642 de 2020-01-08", "cobacia_2011": null, "Shape__Area": 3.712964148610163e-05, "Shape__Length": 0.024805481084121086}}, {"type": "Feature", "id": 622459, "geometry": {"type": "Polygon", "coordinates": [[[-50.69151026599997, -23.445807872310567], [-50.69260800599994, -23.444477838310565], [-50.69348761899994, -23.443535075310578], [-50.69417172599997, -23.44281679731063], [-50.69592636799996, -23.442910174310605], [-50.697485615999945, -23.443183069310624], [-50.69933643999997, -23.44386128231057], [-50.70016400999998, -23.444357612310586], [-50.701115038999944, -23.444506320310573], [-50.69942782399995, -23.446560022310543], [-50.698517305999985, -23.447497971310508], [-50.69781537799998, -23.448221021310466], [-50.69634925499998, -23.449837321310454], [-50.694899239999984, -23.451265855310425], [-50.69172621499996, -23.452399112310403], [-50.68957893899995, -23.453384330310357], [-50.690314267999945, -23.451631722310392], [-50.69144051099994, -23.449475105310476], [-50.691882378999935, -23.448126697310485], [-50.69198196699995, -23.447227376310483], [-50.69151026599997, -23.445807872310567]]]}, "properties": {"objectid": 622459, "dra_pk": 19794, "idbacia": 19794, "cotrecho": 59288, "cocursodag": "864226", "cobacia": "864226937", "nuareacont": 0.64712702, "nuordemcda": 6, "nunivotto1": "8", "nunivotto2": "86", "nunivotto3": "864", "nunivotto4": "8642", "nunivotto5": "86422", "nunivotto6": "864226", "nunivotto": 9, "dsversao": "BHO pghydro_8642 de 2020-01-08", "cobacia_2011": null, "Shape__Area": 5.7103063135255235e-05, "Shape__Length": 0.03432022986837496}}, {"type": "Feature", "id": 622461, "geometry": {"type": "Polygon", "coordinates": [[[-50.68575845899994, -23.443760657310616], [-50.68702007899998, -23.442772930310653], [-50.687651159999966, -23.443935511310578], [-50.687355613999955, -23.44523922631055], [-50.686375588999965, -23.447396109310507], [-50.68495711299994, -23.449417176310448], [-50.68380231899994, -23.451119509310423], [-50.683881653999954, -23.450674332310424], [-50.683836536999934, -23.449145054310495], [-50.68398759999997, -23.447121435310535], [-50.68434219199997, -23.446216313310554], [-50.684674221999956, -23.44536875531054], [-50.68575845899994, -23.443760657310616]]]}, "properties": {"objectid": 622461, "dra_pk": 19796, "idbacia": 19796, "cotrecho": 59083, "cocursodag": "864226932", "cobacia": "864226932", "nuareacont": 0.16101794, "nuordemcda": 7, "nunivotto1": "8", "nunivotto2": "86", "nunivotto3": "864", "nunivotto4": "8642", "nunivotto5": "86422", "nunivotto6": "864226", "nunivotto": 9, "dsversao": "BHO pghydro_8642 de 2020-01-08", "cobacia_2011": null, "Shape__Area": 1.4208163139833823e-05, "Shape__Length": 0.018990439716991683}}, {"type": "Feature", "id": 622506, "geometry": {"type": "Polygon", "coordinates": [[[-50.70873217999997, -23.43801696131072], [-50.70958935999994, -23.438093549310725], [-50.71095483999994, -23.437796246310715], [-50.713229179999985, -23.437980339310727], [-50.714918587999925, -23.438163341310702], [-50.71569682999996, -23.438944342310695], [-50.716084731999956, -23.43990454631069], [-50.716210365999984, -23.44194370031063], [-50.71699279699993, -23.44476642631055], [-50.71371319499996, -23.44546247931055], [-50.71190771099998, -23.44631370131052], [-50.71092734399998, -23.446750425310515], [-50.70858964599995, -23.44779174731048], [-50.705563696999945, -23.44940521531046], [-50.70322126099995, -23.450525178310446], [-50.70229391399993, -23.450907199310443], [-50.70083035199996, -23.451510088310418], [-50.698306756999955, -23.452433201310395], [-50.69819933799994, -23.45087536131046], [-50.69820158599998, -23.449885889310465], [-50.698517305999985, -23.447497971310508], [-50.69942782399995, -23.446560022310543], [-50.701115038999944, -23.444506320310573], [-50.70211416999996, -23.444226414310577], [-50.70509258499993, -23.442028233310637], [-50.70704617599995, -23.44032282331069], [-50.70873217999997, -23.43801696131072]]]}, "properties": {"objectid": 622506, "dra_pk": 19839, "idbacia": 19839, "cotrecho": 59091, "cocursodag": "86422696", "cobacia": "86422696", "nuareacont": 1.5416617000000001, "nuordemcda": 7, "nunivotto1": "8", "nunivotto2": "86", "nunivotto3": "864", "nunivotto4": "8642", "nunivotto5": "86422", "nunivotto6": "864226", "nunivotto": 8, "dsversao": "BHO pghydro_8642 de 2020-01-08", "cobacia_2011": null, "Shape__Area": 0.0001360363841152603, "Shape__Length": 0.0527430882344424}}, {"type": "Feature", "id": 622531, "geometry": {"type": "Polygon", "coordinates": [[[-50.65796237499995, -23.464548801310134], [-50.65987354799996, -23.46450022031016], [-50.662019054999966, -23.464369951310147], [-50.664505478999956, -23.464375319310104], [-50.66645540799993, -23.46446945031012], [-50.66700116299995, -23.46454616631016], [-50.66707742299996, -23.464556879310148], [-50.66601435699994, -23.465368029310124], [-50.664597992999965, -23.466354461310097], [-50.663555764999955, -23.46723468531009], [-50.66210705599997, -23.468103138310028], [-50.66156868599996, -23.468911544310036], [-50.66151752299998, -23.469855930309983], [-50.66196978199997, -23.471052528309986], [-50.661417720999964, -23.470755226309954], [-50.66015224999995, -23.469897926310026], [-50.658547372999976, -23.46832027531001], [-50.65787281599995, -23.46767717831006], [-50.65786989899993, -23.46633984831008], [-50.65801951699995, -23.465035876310097], [-50.65796237499995, -23.464548801310134]]]}, "properties": {"objectid": 622531, "dra_pk": 19863, "idbacia": 19863, "cotrecho": 53565, "cocursodag": "864227424", "cobacia": "8642274243", "nuareacont": 0.34198760000000006, "nuordemcda": 8, "nunivotto1": "8", "nunivotto2": "86", "nunivotto3": "864", "nunivotto4": "8642", "nunivotto5": "86422", "nunivotto6": "864227", "nunivotto": 10, "dsversao": "BHO pghydro_8642 de 2020-01-08", "cobacia_2011": null, "Shape__Area": 3.0180770122467397e-05, "Shape__Length": 0.026919015453667792}}, {"type": "Feature", "id": 622546, "geometry": {"type": "Polygon", "coordinates": [[[-50.61981589199996, -23.465291087310113], [-50.62212209799998, -23.464385934310123], [-50.62322028899996, -23.463950077310166], [-50.62490275699997, -23.46378547231016], [-50.62604104399997, -23.463810696310123], [-50.628175512999974, -23.465690128310083], [-50.62701697999995, -23.46611803631008], [-50.62624748899998, -23.466689640310086], [-50.62518555999998, -23.467226800310094], [-50.62401410799998, -23.467696223310053], [-50.62349984799994, -23.467653360310074], [-50.62193033599993, -23.467522526310074], [-50.62024878299996, -23.467349790310053], [-50.61910291099998, -23.467286006310033], [-50.619228128999964, -23.46623414731009], [-50.61981589199996, -23.465291087310113]]]}, "properties": {"objectid": 622546, "dra_pk": 19878, "idbacia": 19878, "cotrecho": 46455, "cocursodag": "8642275322", "cobacia": "8642275322", "nuareacont": 0.2686058, "nuordemcda": 7, "nunivotto1": "8", "nunivotto2": "86", "nunivotto3": "864", "nunivotto4": "8642", "nunivotto5": "86422", "nunivotto6": "864227", "nunivotto": 10, "dsversao": "BHO pghydro_8642 de 2020-01-08", "cobacia_2011": null, "Shape__Area": 2.3703853785398625e-05, "Shape__Length": 0.0210772654255343}}, {"type": "Feature", "id": 622550, "geometry": {"type": "Polygon", "coordinates": [[[-50.64978141399996, -23.465010108310096], [-50.65182174999995, -23.46457240331014], [-50.653605911999925, -23.463798498310137], [-50.65489950899996, -23.46493904631013], [-50.65572645699995, -23.465660490310086], [-50.65684513499997, -23.46669740031009], [-50.657850535999955, -23.467655930310062], [-50.65787281599995, -23.46767717831006], [-50.658547372999976, -23.46832027531001], [-50.66015224999995, -23.469897926310026], [-50.661417720999964, -23.470755226309954], [-50.66196978199997, -23.471052528309986], [-50.66292709399994, -23.471568061309974], [-50.664583556999965, -23.472066368309946], [-50.66614905299997, -23.47247493830993], [-50.66513537099996, -23.473444315309894], [-50.66422311299994, -23.47428189730991], [-50.66350647499996, -23.47488003030987], [-50.66181396999997, -23.47543269830987], [-50.660033227999975, -23.475474676309894], [-50.65920308599993, -23.475967599309854], [-50.657347148999975, -23.477177882309856], [-50.655246330999944, -23.47879237730982], [-50.65501061999999, -23.48032937130979], [-50.65453310799995, -23.47940055730978], [-50.65366829399995, -23.47771832330984], [-50.65150608899995, -23.475874494309885], [-50.650793630999935, -23.474993793309885], [-50.650469287999954, -23.474592860309908], [-50.64886804599996, -23.47255225130995], [-50.64814059399998, -23.47018998330999], [-50.64806007399994, -23.467871056310063], [-50.649184874999946, -23.465397783310095], [-50.64978141399996, -23.465010108310096]]]}, "properties": {"objectid": 622550, "dra_pk": 19882, "idbacia": 19882, "cotrecho": 58822, "cocursodag": "86422742", "cobacia": "8642274251", "nuareacont": 1.62180317, "nuordemcda": 7, "nunivotto1": "8", "nunivotto2": "86", "nunivotto3": "864", "nunivotto4": "8642", "nunivotto5": "86422", "nunivotto6": "864227", "nunivotto": 10, "dsversao": "BHO pghydro_8642 de 2020-01-08", "cobacia_2011": null, "Shape__Area": 0.0001431302572017766, "Shape__Length": 0.05233401667115724}}, {"type": "Feature", "id": 622557, "geometry": {"type": "Polygon", "coordinates": [[[-50.69447729899998, -23.464413122310088], [-50.69652640299995, -23.463787462310147], [-50.69693591799995, -23.463554082310157], [-50.69896335899995, -23.464107014310155], [-50.70234205799994, -23.46406622131012], [-50.703331648999956, -23.466581852310114], [-50.70459125499997, -23.470182316310012], [-50.707206532999976, -23.472442085309925], [-50.70572245199997, -23.47234850230997], [-50.70514270299998, -23.47320028630991], [-50.705607013999945, -23.474170295309907], [-50.705864375999965, -23.47494750330988], [-50.70599154499996, -23.476023227309877], [-50.70598862199994, -23.47733768630982], [-50.70565999199994, -23.479488014309783], [-50.70518964699994, -23.480272998309786], [-50.704229748999985, -23.481815484309752], [-50.703321022999944, -23.482650241309738], [-50.70180836099996, -23.48426918630967], [-50.70054047399998, -23.483813896309684], [-50.69932267899998, -23.48327184130971], [-50.69883792899998, -23.482011579309745], [-50.69845275899996, -23.47985199330977], [-50.69799778799995, -23.47829531030981], [-50.69709807099997, -23.47521684430991], [-50.69613032699993, -23.471976688309965], [-50.69506089499998, -23.470580348309955], [-50.69444918299997, -23.469990853309994], [-50.693987232999966, -23.469847797309985], [-50.69113803599999, -23.468710071310046], [-50.693401295999934, -23.46589523031007], [-50.69447729899998, -23.464413122310088]]]}, "properties": {"objectid": 622557, "dra_pk": 19889, "idbacia": 19889, "cotrecho": 58687, "cocursodag": "864226", "cobacia": "864226997", "nuareacont": 1.93278236, "nuordemcda": 6, "nunivotto1": "8", "nunivotto2": "86", "nunivotto3": "864", "nunivotto4": "8642", "nunivotto5": "86422", "nunivotto6": "864226", "nunivotto": 9, "dsversao": "BHO pghydro_8642 de 2020-01-08", "cobacia_2011": null, "Shape__Area": 0.0001705835981773254, "Shape__Length": 0.05927228640658077}}, {"type": "Feature", "id": 622581, "geometry": {"type": "Polygon", "coordinates": [[[-50.644410026999935, -23.462811296310186], [-50.64463819699994, -23.463045323310155], [-50.64489481599998, -23.463153280310163], [-50.64555823799998, -23.463467748310165], [-50.646687103999966, -23.462670735310162], [-50.64824740199998, -23.462594303310144], [-50.64902575899998, -23.46323571431014], [-50.649367796999975, -23.464995539310117], [-50.649184874999946, -23.465397783310095], [-50.64806007399994, -23.467871056310063], [-50.64814059399998, -23.47018998330999], [-50.64886804599996, -23.47255225130995], [-50.64751074899994, -23.472975320309956], [-50.64577952899998, -23.472091874309932], [-50.64370312099993, -23.470647914310007], [-50.64176489499994, -23.469914049309992], [-50.63982894199995, -23.468938665309995], [-50.63853027499994, -23.468395952310058], [-50.63718491999998, -23.467914298310063], [-50.63801333099996, -23.46725536631006], [-50.639792925999984, -23.464660003310108], [-50.64224777099997, -23.46390693431014], [-50.644410026999935, -23.462811296310186]]]}, "properties": {"objectid": 622581, "dra_pk": 19914, "idbacia": 19914, "cotrecho": 56712, "cocursodag": "8642274", "cobacia": "8642274311", "nuareacont": 0.82578433, "nuordemcda": 6, "nunivotto1": "8", "nunivotto2": "86", "nunivotto3": "864", "nunivotto4": "8642", "nunivotto5": "86422", "nunivotto6": "864227", "nunivotto": 10, "dsversao": "BHO pghydro_8642 de 2020-01-08", "cobacia_2011": null, "Shape__Area": 7.287564610272416e-05, "Shape__Length": 0.03720415473713548}}, {"type": "Feature", "id": 622594, "geometry": {"type": "Polygon", "coordinates": [[[-50.652225163999965, -23.46266180931015], [-50.65418773099998, -23.46229591731016], [-50.65368583099996, -23.462957423310172], [-50.653605911999925, -23.463798498310137], [-50.65182174999995, -23.46457240331014], [-50.64978141399996, -23.465010108310096], [-50.650114771999945, -23.46479346431012], [-50.651288058999974, -23.46358174031013], [-50.652225163999965, -23.46266180931015]]]}, "properties": {"objectid": 622594, "dra_pk": 19927, "idbacia": 19927, "cotrecho": 253, "cocursodag": "86422742", "cobacia": "864227423", "nuareacont": 0.050923380000000004, "nuordemcda": 7, "nunivotto1": "8", "nunivotto2": "86", "nunivotto3": "864", "nunivotto4": "8642", "nunivotto5": "86422", "nunivotto6": "864227", "nunivotto": 9, "dsversao": "BHO pghydro_8642 de 2020-01-08", "cobacia_2011": null, "Shape__Area": 4.493907935789522e-06, "Shape__Length": 0.011100565865802227}}, {"type": "Feature", "id": 622616, "geometry": {"type": "Polygon", "coordinates": [[[-50.66707742299996, -23.464556879310148], [-50.66840487999997, -23.46474346131011], [-50.671232809999935, -23.464659499310144], [-50.67284190799995, -23.46457293431015], [-50.674597819999974, -23.464261777310156], [-50.67591591799992, -23.46354490431013], [-50.677527184999974, -23.462558770310185], [-50.67875241399997, -23.46143054331018], [-50.682141540999964, -23.461721776310206], [-50.68368203399996, -23.461867048310214], [-50.68460449599996, -23.462721794310145], [-50.686295395999934, -23.464430962310097], [-50.68690603299996, -23.466848676310097], [-50.68828916099994, -23.46841505431006], [-50.685750894999956, -23.469142043310033], [-50.68443300699994, -23.46976904130999], [-50.68330989999998, -23.470486382310018], [-50.68208032899998, -23.47095928630999], [-50.67954994099995, -23.472862432309924], [-50.67711177099994, -23.472992325309917], [-50.67613729799996, -23.472720450309914], [-50.673504881999975, -23.472535063309923], [-50.67189535399996, -23.472756556309957], [-50.670530164999946, -23.47275368730994], [-50.668482723999944, -23.472614416309913], [-50.66614905299997, -23.47247493830993], [-50.666192860999956, -23.47193489830996], [-50.66619557599995, -23.47085547530997], [-50.665322723999964, -23.468964620310008], [-50.66454513799994, -23.46797347831006], [-50.663555764999955, -23.46723468531009], [-50.664597992999965, -23.466354461310097], [-50.66601435699994, -23.465368029310124], [-50.66707742299996, -23.464556879310148]]]}, "properties": {"objectid": 622616, "dra_pk": 19949, "idbacia": 19949, "cotrecho": 59278, "cocursodag": "864227424", "cobacia": "8642274245", "nuareacont": 2.0831993, "nuordemcda": 8, "nunivotto1": "8", "nunivotto2": "86", "nunivotto3": "864", "nunivotto4": "8642", "nunivotto5": "86422", "nunivotto6": "864227", "nunivotto": 10, "dsversao": "BHO pghydro_8642 de 2020-01-08", "cobacia_2011": null, "Shape__Area": 0.00018384838795815333, "Shape__Length": 0.059827409324424}}, {"type": "Feature", "id": 622621, "geometry": {"type": "Polygon", "coordinates": [[[-50.66037353099995, -23.460195795310206], [-50.66178491599994, -23.459524534310244], [-50.664300373999936, -23.45873040131025], [-50.66672750599997, -23.458575688310237], [-50.66932858099995, -23.45818143931029], [-50.67166845499998, -23.458266331310252], [-50.67444088099995, -23.458671933310235], [-50.675522598999976, -23.459007363310246], [-50.676444954999965, -23.459610701310243], [-50.67875241399997, -23.46143054331018], [-50.677527184999974, -23.462558770310185], [-50.67591591799992, -23.46354490431013], [-50.674597819999974, -23.464261777310156], [-50.67284190799995, -23.46457293431015], [-50.671232809999935, -23.464659499310144], [-50.66840487999997, -23.46474346131011], [-50.66707742299996, -23.464556879310148], [-50.66700116299995, -23.46454616631016], [-50.66645540799993, -23.46446945031012], [-50.664505478999956, -23.464375319310104], [-50.662019054999966, -23.464369951310147], [-50.65987354799996, -23.46450022031016], [-50.65796237499995, -23.464548801310134], [-50.65802252899994, -23.46386650531012], [-50.65812270699996, -23.46283227831014], [-50.658905404999985, -23.461799546310186], [-50.66037353099995, -23.460195795310206]]]}, "properties": {"objectid": 622621, "dra_pk": 19954, "idbacia": 19954, "cotrecho": 59276, "cocursodag": "8642274242", "cobacia": "8642274242", "nuareacont": 1.16408504, "nuordemcda": 9, "nunivotto1": "8", "nunivotto2": "86", "nunivotto3": "864", "nunivotto4": "8642", "nunivotto5": "86422", "nunivotto6": "864227", "nunivotto": 10, "dsversao": "BHO pghydro_8642 de 2020-01-08", "cobacia_2011": null, "Shape__Area": 0.00010272862830632263, "Shape__Length": 0.04652188830560978}}, {"type": "Feature", "id": 622642, "geometry": {"type": "Polygon", "coordinates": [[[-50.63575599999996, -23.45946170531024], [-50.63829834899997, -23.45808095131025], [-50.64092438299997, -23.45755977331027], [-50.641087582999944, -23.460246240310205], [-50.640558633999945, -23.463543248310135], [-50.639792925999984, -23.464660003310108], [-50.63801333099996, -23.46725536631006], [-50.63718491999998, -23.467914298310063], [-50.63508163499995, -23.469587275310033], [-50.63364733699996, -23.47108310130999], [-50.63165905699998, -23.47374236430993], [-50.629803796999965, -23.468840914309997], [-50.628175512999974, -23.465690128310083], [-50.62899241699995, -23.464443562310148], [-50.62989627099995, -23.46411799131013], [-50.633476487999985, -23.46232741231019], [-50.63543071299995, -23.46083279231021], [-50.635725896999986, -23.459588600310227], [-50.63575599999996, -23.45946170531024]]]}, "properties": {"objectid": 622642, "dra_pk": 19975, "idbacia": 19975, "cotrecho": 58586, "cocursodag": "864227414", "cobacia": "864227414", "nuareacont": 1.11120247, "nuordemcda": 7, "nunivotto1": "8", "nunivotto2": "86", "nunivotto3": "864", "nunivotto4": "8642", "nunivotto5": "86422", "nunivotto6": "864227", "nunivotto": 9, "dsversao": "BHO pghydro_8642 de 2020-01-08", "cobacia_2011": null, "Shape__Area": 9.80613548898797e-05, "Shape__Length": 0.044351625430023474}}, {"type": "Feature", "id": 622647, "geometry": {"type": "Polygon", "coordinates": [[[-50.69626314499993, -23.46022358931021], [-50.69819536299997, -23.45879836331026], [-50.69985444699995, -23.458126919310242], [-50.70124723199996, -23.457248855310308], [-50.70193643899995, -23.458258617310264], [-50.70300696199996, -23.45916017531024], [-50.704359789999955, -23.459561319310264], [-50.703054203999955, -23.459834910310246], [-50.70189261999997, -23.46062385331021], [-50.69960325999995, -23.46140969031021], [-50.697942086999944, -23.462980643310175], [-50.69693591799995, -23.463554082310157], [-50.69652640299995, -23.463787462310147], [-50.69447729899998, -23.464413122310088], [-50.695944956999945, -23.462212170310195], [-50.69626314499993, -23.46022358931021]]]}, "properties": {"objectid": 622647, "dra_pk": 19979, "idbacia": 19979, "cotrecho": 57712, "cocursodag": "864226", "cobacia": "864226993", "nuareacont": 0.27535755, "nuordemcda": 6, "nunivotto1": "8", "nunivotto2": "86", "nunivotto3": "864", "nunivotto4": "8642", "nunivotto5": "86422", "nunivotto6": "864226", "nunivotto": 9, "dsversao": "BHO pghydro_8642 de 2020-01-08", "cobacia_2011": null, "Shape__Area": 2.430029596246872e-05, "Shape__Length": 0.02574661445742777}}, {"type": "Feature", "id": 622666, "geometry": {"type": "Polygon", "coordinates": [[[-50.62950273399997, -23.4623731693102], [-50.63198855099995, -23.459745300310214], [-50.63257805099994, -23.458127553310252], [-50.63464857699994, -23.456149626310303], [-50.63589641899995, -23.456935976310287], [-50.635956817999954, -23.45861522331027], [-50.63575599999996, -23.45946170531024], [-50.635725896999986, -23.459588600310227], [-50.63543071299995, -23.46083279231021], [-50.633476487999985, -23.46232741231019], [-50.62989627099995, -23.46411799131013], [-50.62899241699995, -23.464443562310148], [-50.629442246999986, -23.463757110310148], [-50.62950273399997, -23.4623731693102]]]}, "properties": {"objectid": 622666, "dra_pk": 19998, "idbacia": 19998, "cotrecho": 57713, "cocursodag": "864227412", "cobacia": "864227412", "nuareacont": 0.27975501, "nuordemcda": 7, "nunivotto1": "8", "nunivotto2": "86", "nunivotto3": "864", "nunivotto4": "8642", "nunivotto5": "86422", "nunivotto6": "864227", "nunivotto": 9, "dsversao": "BHO pghydro_8642 de 2020-01-08", "cobacia_2011": null, "Shape__Area": 2.4686921239878894e-05, "Shape__Length": 0.02326690717196254}}, {"type": "Feature", "id": 622696, "geometry": {"type": "Polygon", "coordinates": [[[-50.67220657699994, -23.446062362310535], [-50.67482673099993, -23.445618414310545], [-50.67628978999994, -23.445351590310562], [-50.67853344299993, -23.44481652531056], [-50.68048362699994, -23.444685597310606], [-50.68257427899994, -23.443992419310607], [-50.683592756999985, -23.444983827310594], [-50.68434219199997, -23.446216313310554], [-50.68398759999997, -23.447121435310535], [-50.683836536999934, -23.449145054310495], [-50.683881653999954, -23.450674332310424], [-50.68380231899994, -23.451119509310423], [-50.68358518799993, -23.452337842310403], [-50.68265498899996, -23.454000071310336], [-50.68227431199994, -23.454307316310366], [-50.68065309899998, -23.455300291310323], [-50.67899374899997, -23.456061478310332], [-50.67767561299996, -23.45682335331028], [-50.67684412099994, -23.457946030310264], [-50.676444954999965, -23.459610701310243], [-50.675522598999976, -23.459007363310246], [-50.67722748199998, -23.45488865331033], [-50.67754392099993, -23.45147779731039], [-50.67585504199997, -23.449057808310474], [-50.673856341999965, -23.44734789331051], [-50.67220657699994, -23.446062362310535]]]}, "properties": {"objectid": 622696, "dra_pk": 20026, "idbacia": 20026, "cotrecho": 59118, "cocursodag": "86422692", "cobacia": "864226923", "nuareacont": 0.96940989, "nuordemcda": 7, "nunivotto1": "8", "nunivotto2": "86", "nunivotto3": "864", "nunivotto4": "8642", "nunivotto5": "86422", "nunivotto6": "864226", "nunivotto": 9, "dsversao": "BHO pghydro_8642 de 2020-01-08", "cobacia_2011": null, "Shape__Area": 8.554216112858797e-05, "Shape__Length": 0.047103498535788234}}, {"type": "Feature", "id": 622703, "geometry": {"type": "Polygon", "coordinates": [[[-50.639678737999986, -23.44392780531061], [-50.64196027999997, -23.443755497310608], [-50.64198334099996, -23.444748870310562], [-50.64201608999996, -23.44616568831052], [-50.642012726999944, -23.447413762310493], [-50.64193705799994, -23.44835807831048], [-50.642007544999956, -23.449336475310435], [-50.64226084099994, -23.45031527331043], [-50.643045424999976, -23.45199014431043], [-50.642805763999945, -23.451868818310427], [-50.64107375899994, -23.451385102310418], [-50.639601556999935, -23.450981926310405], [-50.637939150999955, -23.450751978310453], [-50.63696619399997, -23.44784062131049], [-50.636321100999965, -23.44641345331056], [-50.63690007699995, -23.445276838310576], [-50.639678737999986, -23.44392780531061]]]}, "properties": {"objectid": 622703, "dra_pk": 20033, "idbacia": 20033, "cotrecho": 59122, "cocursodag": "8642273962", "cobacia": "8642273962", "nuareacont": 0.39339320000000005, "nuordemcda": 7, "nunivotto1": "8", "nunivotto2": "86", "nunivotto3": "864", "nunivotto4": "8642", "nunivotto5": "86422", "nunivotto6": "864227", "nunivotto": 10, "dsversao": "BHO pghydro_8642 de 2020-01-08", "cobacia_2011": null, "Shape__Area": 3.471184939548266e-05, "Shape__Length": 0.0250075827228625}}, {"type": "Feature", "id": 622706, "geometry": {"type": "Polygon", "coordinates": [[[-50.658428768999954, -23.443846638310596], [-50.65967170699997, -23.4438830913106], [-50.66043988799999, -23.443716103310614], [-50.66296484199995, -23.443666954310615], [-50.66441610599997, -23.448159487310473], [-50.66274191799993, -23.450633861310447], [-50.66074454999995, -23.45222868431041], [-50.657707770999934, -23.453581319310366], [-50.65372430099995, -23.454784652310316], [-50.65351414199995, -23.45324161631037], [-50.653116100999966, -23.45165532831041], [-50.652789861999956, -23.450575182310455], [-50.65158670499995, -23.449290689310455], [-50.65040857699995, -23.448593657310465], [-50.65008201699993, -23.4473044213105], [-50.650792625999934, -23.445516313310577], [-50.65184068799993, -23.44586912831056], [-50.653596046999944, -23.445693127310555], [-50.65561292199993, -23.444918003310544], [-50.65749917399996, -23.444382443310545], [-50.658428768999954, -23.443846638310596]]]}, "properties": {"objectid": 622706, "dra_pk": 20036, "idbacia": 20036, "cotrecho": 59489, "cocursodag": "864227396", "cobacia": "8642273965", "nuareacont": 1.1476524, "nuordemcda": 6, "nunivotto1": "8", "nunivotto2": "86", "nunivotto3": "864", "nunivotto4": "8642", "nunivotto5": "86422", "nunivotto6": "864227", "nunivotto": 10, "dsversao": "BHO pghydro_8642 de 2020-01-08", "cobacia_2011": null, "Shape__Area": 0.00010126765144832316, "Shape__Length": 0.04107381739948491}}, {"type": "Feature", "id": 622710, "geometry": {"type": "Polygon", "coordinates": [[[-50.64196027999997, -23.443755497310608], [-50.644327104999945, -23.443459456310602], [-50.64508691399993, -23.44369506331058], [-50.64638552799994, -23.44417775331058], [-50.64846345999997, -23.444902064310572], [-50.64969693499996, -23.445444549310533], [-50.650792625999934, -23.445516313310577], [-50.65008201699993, -23.4473044213105], [-50.65040857699995, -23.448593657310465], [-50.64953795799994, -23.449792075310437], [-50.64916957299994, -23.450836940310456], [-50.64905597899997, -23.45232089331041], [-50.64923485899993, -23.453805503310356], [-50.64960018399995, -23.454624724310367], [-50.647998654999974, -23.454519211310377], [-50.646785963999946, -23.454276595310347], [-50.64470981999995, -23.45283265731041], [-50.643045424999976, -23.45199014431043], [-50.64226084099994, -23.45031527331043], [-50.642007544999956, -23.449336475310435], [-50.64193705799994, -23.44835807831048], [-50.642012726999944, -23.447413762310493], [-50.64201608999996, -23.44616568831052], [-50.64198334099996, -23.444748870310562], [-50.64196027999997, -23.443755497310608]]]}, "properties": {"objectid": 622710, "dra_pk": 20040, "idbacia": 20040, "cotrecho": 59121, "cocursodag": "864227396", "cobacia": "8642273963", "nuareacont": 0.7987094600000001, "nuordemcda": 6, "nunivotto1": "8", "nunivotto2": "86", "nunivotto3": "864", "nunivotto4": "8642", "nunivotto5": "86422", "nunivotto6": "864227", "nunivotto": 10, "dsversao": "BHO pghydro_8642 de 2020-01-08", "cobacia_2011": null, "Shape__Area": 7.04766358399015e-05, "Shape__Length": 0.03462004417589931}}, {"type": "Feature", "id": 622825, "geometry": {"type": "Polygon", "coordinates": [[[-50.62527238199994, -23.449908319310467], [-50.62737416099997, -23.449858794310458], [-50.62946970599995, -23.450088664310453], [-50.63192455899996, -23.449729088310466], [-50.632411314999956, -23.449925705310424], [-50.63405593199997, -23.450649186310436], [-50.635701891999986, -23.450892913310433], [-50.637939150999955, -23.450751978310453], [-50.63550867499998, -23.4522167523104], [-50.63404422599996, -23.452932931310386], [-50.63282363299993, -23.453604705310383], [-50.63126152299997, -23.454365612310337], [-50.63013827499997, -23.455082569310328], [-50.62913484599995, -23.455788864310296], [-50.62752011099996, -23.454608948310362], [-50.62636348999997, -23.454039429310374], [-50.62470790999999, -23.45336081431036], [-50.62334483999996, -23.452682898310407], [-50.624320717999986, -23.452370421310388], [-50.62485758299993, -23.452146832310422], [-50.62544308599996, -23.45196833331041], [-50.625590974999966, -23.451384004310423], [-50.62554387599994, -23.450799207310453], [-50.62527238199994, -23.449908319310467]]]}, "properties": {"objectid": 622825, "dra_pk": 20157, "idbacia": 20157, "cotrecho": 57724, "cocursodag": "86422", "cobacia": "8642273997", "nuareacont": 0.49907057, "nuordemcda": 5, "nunivotto1": "8", "nunivotto2": "86", "nunivotto3": "864", "nunivotto4": "8642", "nunivotto5": "86422", "nunivotto6": "864227", "nunivotto": 10, "dsversao": "BHO pghydro_8642 de 2020-01-08", "cobacia_2011": null, "Shape__Area": 4.40376076828349e-05, "Shape__Length": 0.034017069473529796}}, {"type": "Feature", "id": 622837, "geometry": {"type": "Polygon", "coordinates": [[[-50.61323645999994, -23.454250822310335], [-50.613595288999925, -23.452569111310375], [-50.61359751299994, -23.451804527310426], [-50.61350302899996, -23.450769849310458], [-50.61331052099996, -23.44991482531044], [-50.61302053199995, -23.449059568310446], [-50.61433606099996, -23.449287705310468], [-50.61643273999994, -23.449112967310473], [-50.61719623899996, -23.449141940310454], [-50.61770004699997, -23.44916106031044], [-50.619405702999984, -23.449345126310472], [-50.62023171599997, -23.450291634310414], [-50.62086223099993, -23.451417560310432], [-50.621981400999964, -23.452139891310377], [-50.62334483999996, -23.452682898310407], [-50.62470790999999, -23.45336081431036], [-50.62636348999997, -23.454039429310374], [-50.62752011099996, -23.454608948310362], [-50.62913484599995, -23.455788864310296], [-50.62952398599998, -23.45776052731026], [-50.62958112599995, -23.46057914631023], [-50.62950273399997, -23.4623731693102], [-50.629442246999986, -23.463757110310148], [-50.62899241699995, -23.464443562310148], [-50.628175512999974, -23.465690128310083], [-50.62604104399997, -23.463810696310123], [-50.62238005499996, -23.462162291310182], [-50.62005118999996, -23.460824473310197], [-50.61872030699993, -23.460103896310226], [-50.61772356199999, -23.459076715310268], [-50.61683731099998, -23.45825475331025], [-50.61528848999996, -23.456098971310308], [-50.615040233999935, -23.455875393310336], [-50.61323645999994, -23.454250822310335]]]}, "properties": {"objectid": 622837, "dra_pk": 20169, "idbacia": 20169, "cotrecho": 57730, "cocursodag": "86422", "cobacia": "864227511", "nuareacont": 1.70564386, "nuordemcda": 5, "nunivotto1": "8", "nunivotto2": "86", "nunivotto3": "864", "nunivotto4": "8642", "nunivotto5": "86422", "nunivotto6": "864227", "nunivotto": 9, "dsversao": "BHO pghydro_8642 de 2020-01-08", "cobacia_2011": null, "Shape__Area": 0.00015050852547794028, "Shape__Length": 0.05310787487215847}}, {"type": "Feature", "id": 622838, "geometry": {"type": "Polygon", "coordinates": [[[-50.619405702999984, -23.449345126310472], [-50.62101528199997, -23.449034214310515], [-50.622087861999944, -23.44899184131046], [-50.62291516899995, -23.449488568310485], [-50.62408397199994, -23.44989617531048], [-50.62527238199994, -23.449908319310467], [-50.62554387599994, -23.450799207310453], [-50.625590974999966, -23.451384004310423], [-50.62544308599996, -23.45196833331041], [-50.62485758299993, -23.452146832310422], [-50.624320717999986, -23.452370421310388], [-50.62334483999996, -23.452682898310407], [-50.621981400999964, -23.452139891310377], [-50.62086223099993, -23.451417560310432], [-50.62023171599997, -23.450291634310414], [-50.619405702999984, -23.449345126310472]]]}, "properties": {"objectid": 622838, "dra_pk": 20170, "idbacia": 20170, "cotrecho": 59289, "cocursodag": "8642273996", "cobacia": "8642273996", "nuareacont": 0.15999898, "nuordemcda": 6, "nunivotto1": "8", "nunivotto2": "86", "nunivotto3": "864", "nunivotto4": "8642", "nunivotto5": "86422", "nunivotto6": "864227", "nunivotto": 10, "dsversao": "BHO pghydro_8642 de 2020-01-08", "cobacia_2011": null, "Shape__Area": 1.4117948762899738e-05, "Shape__Length": 0.01578949534386205}}, {"type": "Feature", "id": 622848, "geometry": {"type": "Polygon", "coordinates": [[[-50.64960018399995, -23.454624724310367], [-50.64923485899993, -23.453805503310356], [-50.64905597899997, -23.45232089331041], [-50.64916957299994, -23.450836940310456], [-50.64953795799994, -23.449792075310437], [-50.65040857699995, -23.448593657310465], [-50.65158670499995, -23.449290689310455], [-50.652789861999956, -23.450575182310455], [-50.653116100999966, -23.45165532831041], [-50.65351414199995, -23.45324161631037], [-50.65372430099995, -23.454784652310316], [-50.650511551999955, -23.454684767310322], [-50.64960018399995, -23.454624724310367]]]}, "properties": {"objectid": 622848, "dra_pk": 20179, "idbacia": 20179, "cotrecho": 59149, "cocursodag": "8642273964", "cobacia": "8642273964", "nuareacont": 0.23905106, "nuordemcda": 7, "nunivotto1": "8", "nunivotto2": "86", "nunivotto3": "864", "nunivotto4": "8642", "nunivotto5": "86422", "nunivotto6": "864227", "nunivotto": 10, "dsversao": "BHO pghydro_8642 de 2020-01-08", "cobacia_2011": null, "Shape__Area": 2.1094057998460247e-05, "Shape__Length": 0.01804739712596331}}, {"type": "Feature", "id": 622857, "geometry": {"type": "Polygon", "coordinates": [[[-50.65372430099995, -23.454784652310316], [-50.657707770999934, -23.453581319310366], [-50.66074454999995, -23.45222868431041], [-50.66274191799993, -23.450633861310447], [-50.66441610599997, -23.448159487310473], [-50.66473660899994, -23.450073464310442], [-50.66493035699995, -23.450568617310463], [-50.66561114399997, -23.451244720310434], [-50.666389196999944, -23.4520109693104], [-50.66697283099995, -23.452551936310396], [-50.66765420099995, -23.453003151310384], [-50.668392307999966, -23.453515148310363], [-50.668869008999934, -23.454579884310316], [-50.66964811699995, -23.454941348310353], [-50.67081666899997, -23.455528504310337], [-50.672033203999945, -23.456430581310283], [-50.67344510399993, -23.457198144310283], [-50.675522598999976, -23.459007363310246], [-50.67444088099995, -23.458671933310235], [-50.67166845499998, -23.458266331310252], [-50.66932858099995, -23.45818143931029], [-50.66672750599997, -23.458575688310237], [-50.664300373999936, -23.45873040131025], [-50.66178491599994, -23.459524534310244], [-50.66037353099995, -23.460195795310206], [-50.66026097099996, -23.460249331310198], [-50.65709896899995, -23.461753113310206], [-50.65418773099998, -23.46229591731016], [-50.652225163999965, -23.46266180931015], [-50.651670115999934, -23.461113920310183], [-50.65167436399997, -23.45949479931025], [-50.65192166099997, -23.458146067310274], [-50.65255824899998, -23.457068065310327], [-50.65372430099995, -23.454784652310316]]]}, "properties": {"objectid": 622857, "dra_pk": 20187, "idbacia": 20187, "cotrecho": 59146, "cocursodag": "864227422", "cobacia": "8642274221", "nuareacont": 1.5853634300000001, "nuordemcda": 8, "nunivotto1": "8", "nunivotto2": "86", "nunivotto3": "864", "nunivotto4": "8642", "nunivotto5": "86422", "nunivotto6": "864227", "nunivotto": 10, "dsversao": "BHO pghydro_8642 de 2020-01-08", "cobacia_2011": null, "Shape__Area": 0.00013989959961180384, "Shape__Length": 0.06184777125092003}}, {"type": "Feature", "id": 622875, "geometry": {"type": "Polygon", "coordinates": [[[-50.694899239999984, -23.451265855310425], [-50.69634925499998, -23.449837321310454], [-50.69781537799998, -23.448221021310466], [-50.698517305999985, -23.447497971310508], [-50.69820158599998, -23.449885889310465], [-50.69819933799994, -23.45087536131046], [-50.698306756999955, -23.452433201310395], [-50.69766944599996, -23.454254758310384], [-50.69694560399995, -23.455509767310335], [-50.69678845499993, -23.455782236310302], [-50.69634691799996, -23.45699573331032], [-50.69542807899995, -23.45375567131035], [-50.694899239999984, -23.451265855310425]]]}, "properties": {"objectid": 622875, "dra_pk": 20205, "idbacia": 20205, "cotrecho": 59148, "cocursodag": "864226", "cobacia": "86422695", "nuareacont": 0.19465028000000004, "nuordemcda": 6, "nunivotto1": "8", "nunivotto2": "86", "nunivotto3": "864", "nunivotto4": "8642", "nunivotto5": "86422", "nunivotto6": "864226", "nunivotto": 8, "dsversao": "BHO pghydro_8642 de 2020-01-08", "cobacia_2011": null, "Shape__Area": 1.7176766272390226e-05, "Shape__Length": 0.021082795284211926}}, {"type": "Feature", "id": 622876, "geometry": {"type": "Polygon", "coordinates": [[[-50.622087861999944, -23.44899184131046], [-50.62320982499994, -23.44872469931048], [-50.62404082699993, -23.447917139310515], [-50.62459250799998, -23.447318779310496], [-50.628429273999984, -23.448317134310503], [-50.63192455899996, -23.449729088310466], [-50.62946970599995, -23.450088664310453], [-50.62737416099997, -23.449858794310458], [-50.62527238199994, -23.449908319310467], [-50.62408397199994, -23.44989617531048], [-50.62291516899995, -23.449488568310485], [-50.622087861999944, -23.44899184131046]]]}, "properties": {"objectid": 622876, "dra_pk": 20206, "idbacia": 20206, "cotrecho": 59153, "cocursodag": "86422", "cobacia": "8642273995", "nuareacont": 0.16035333, "nuordemcda": 5, "nunivotto1": "8", "nunivotto2": "86", "nunivotto3": "864", "nunivotto4": "8642", "nunivotto5": "86422", "nunivotto6": "864227", "nunivotto": 10, "dsversao": "BHO pghydro_8642 de 2020-01-08", "cobacia_2011": null, "Shape__Area": 1.4149122543316041e-05, "Shape__Length": 0.020942993552930663}}, {"type": "Feature", "id": 622900, "geometry": {"type": "Polygon", "coordinates": [[[-50.70229391399993, -23.450907199310443], [-50.70322126099995, -23.450525178310446], [-50.705563696999945, -23.44940521531046], [-50.70858964599995, -23.44779174731048], [-50.71092734399998, -23.446750425310515], [-50.71092982699997, -23.4476611853105], [-50.710927477999974, -23.448740597310493], [-50.711362989999934, -23.450225619310466], [-50.711816245999955, -23.45154190131044], [-50.71247768499995, -23.453241080310356], [-50.713839286999985, -23.454817747310372], [-50.71247476399997, -23.45459035631036], [-50.709890807999955, -23.454675523310375], [-50.70628159799998, -23.45543336431035], [-50.705236809999974, -23.45529607331031], [-50.70350362199998, -23.455068305310316], [-50.70121357099999, -23.45452422431033], [-50.69974383399995, -23.4536463823104], [-50.70229391399993, -23.450907199310443]]]}, "properties": {"objectid": 622900, "dra_pk": 20231, "idbacia": 20231, "cotrecho": 59287, "cocursodag": "86422698", "cobacia": "864226981", "nuareacont": 0.7388291, "nuordemcda": 7, "nunivotto1": "8", "nunivotto2": "86", "nunivotto3": "864", "nunivotto4": "8642", "nunivotto5": "86422", "nunivotto6": "864226", "nunivotto": 9, "dsversao": "BHO pghydro_8642 de 2020-01-08", "cobacia_2011": null, "Shape__Area": 6.519800497169101e-05, "Shape__Length": 0.03669088765629529}}, {"type": "Feature", "id": 622912, "geometry": {"type": "Polygon", "coordinates": [[[-50.668392307999966, -23.453515148310363], [-50.668728484999974, -23.45228580831038], [-50.66887719499994, -23.451296659310437], [-50.66927076499997, -23.44985825831043], [-50.669662098999936, -23.449319375310463], [-50.670541570999944, -23.44851166731051], [-50.67127422899994, -23.447928526310484], [-50.67186065399994, -23.447345074310487], [-50.67220657699994, -23.446062362310535], [-50.673856341999965, -23.44734789331051], [-50.67585504199997, -23.449057808310474], [-50.67754392099993, -23.45147779731039], [-50.67722748199998, -23.45488865331033], [-50.675522598999976, -23.459007363310246], [-50.67344510399993, -23.457198144310283], [-50.672033203999945, -23.456430581310283], [-50.67081666899997, -23.455528504310337], [-50.66964811699995, -23.454941348310353], [-50.668869008999934, -23.454579884310316], [-50.668392307999966, -23.453515148310363]]]}, "properties": {"objectid": 622912, "dra_pk": 20243, "idbacia": 20243, "cotrecho": 59152, "cocursodag": "864227422", "cobacia": "8642274223", "nuareacont": 0.79767644, "nuordemcda": 8, "nunivotto1": "8", "nunivotto2": "86", "nunivotto3": "864", "nunivotto4": "8642", "nunivotto5": "86422", "nunivotto6": "864227", "nunivotto": 10, "dsversao": "BHO pghydro_8642 de 2020-01-08", "cobacia_2011": null, "Shape__Area": 7.038912267746821e-05, "Shape__Length": 0.033483877575170025}}, {"type": "Feature", "id": 622913, "geometry": {"type": "Polygon", "coordinates": [[[-50.66441610599997, -23.448159487310473], [-50.66800396999997, -23.446482665310526], [-50.67220657699994, -23.446062362310535], [-50.67186065399994, -23.447345074310487], [-50.67127422899994, -23.447928526310484], [-50.670541570999944, -23.44851166731051], [-50.669662098999936, -23.449319375310463], [-50.66927076499997, -23.44985825831043], [-50.66887719499994, -23.451296659310437], [-50.668728484999974, -23.45228580831038], [-50.668392307999966, -23.453515148310363], [-50.66765420099995, -23.453003151310384], [-50.66697283099995, -23.452551936310396], [-50.666389196999944, -23.4520109693104], [-50.66561114399997, -23.451244720310434], [-50.66493035699995, -23.450568617310463], [-50.66473660899994, -23.450073464310442], [-50.66441610599997, -23.448159487310473]]]}, "properties": {"objectid": 622913, "dra_pk": 20244, "idbacia": 20244, "cotrecho": 59147, "cocursodag": "8642274222", "cobacia": "8642274222", "nuareacont": 0.32970354, "nuordemcda": 9, "nunivotto1": "8", "nunivotto2": "86", "nunivotto3": "864", "nunivotto4": "8642", "nunivotto5": "86422", "nunivotto6": "864227", "nunivotto": 10, "dsversao": "BHO pghydro_8642 de 2020-01-08", "cobacia_2011": null, "Shape__Area": 2.9093150898012446e-05, "Shape__Length": 0.023937338540005303}}, {"type": "Feature", "id": 622918, "geometry": {"type": "Polygon", "coordinates": [[[-50.68495711299994, -23.449417176310448], [-50.68725134799996, -23.448117485310483], [-50.68871641299995, -23.446996015310532], [-50.69151026599997, -23.445807872310567], [-50.69198196699995, -23.447227376310483], [-50.691882378999935, -23.448126697310485], [-50.69144051099994, -23.449475105310476], [-50.690314267999945, -23.451631722310392], [-50.68957893899995, -23.453384330310357], [-50.68796396199996, -23.45603469331035], [-50.686838454999986, -23.457831479310308], [-50.68532258499993, -23.459762403310226], [-50.68368203399996, -23.461867048310214], [-50.682141540999964, -23.461721776310206], [-50.67875241399997, -23.46143054331018], [-50.676444954999965, -23.459610701310243], [-50.67684412099994, -23.457946030310264], [-50.67767561299996, -23.45682335331028], [-50.67899374899997, -23.456061478310332], [-50.68065309899998, -23.455300291310323], [-50.68227431199994, -23.454307316310366], [-50.68265498899996, -23.454000071310336], [-50.68358518799993, -23.452337842310403], [-50.68380231899994, -23.451119509310423], [-50.68495711299994, -23.449417176310448]]]}, "properties": {"objectid": 622918, "dra_pk": 20249, "idbacia": 20249, "cotrecho": 59093, "cocursodag": "864226936", "cobacia": "864226936", "nuareacont": 1.21715729, "nuordemcda": 7, "nunivotto1": "8", "nunivotto2": "86", "nunivotto3": "864", "nunivotto4": "8642", "nunivotto5": "86422", "nunivotto6": "864226", "nunivotto": 9, "dsversao": "BHO pghydro_8642 de 2020-01-08", "cobacia_2011": null, "Shape__Area": 0.00010740817313226154, "Shape__Length": 0.047952646817999545}}]}