{"type": "FeatureCollection", "features": [{"type": "Feature", "id": 19094, "geometry": {"type": "Polygon", "coordinates": [[[-50.648130478999974, -23.499990820309364], [-50.64816295099996, -23.499961019309332], [-50.64819542199996, -23.499931219309325], [-50.64822797299996, -23.49987154430934], [-50.64826036499994, -23.499871617309303], [-50.64829275699998, -23.49987169030933], [-50.64832506999994, -23.49990163730936], [-50.64838985399996, -23.499901784309333], [-50.648422166999985, -23.499931730309328], [-50.64845455899996, -23.499931804309337], [-50.64851934299997, -23.499931950309325], [-50.648584126999936, -23.499932096309312], [-50.64825830299998, -23.500648336309325], [-50.64825822399996, -23.50067821030935], [-50.64825814399995, -23.500708084309284], [-50.648258064999936, -23.500737958309287], [-50.648225513999925, -23.500797633309336], [-50.648225434999965, -23.500827506309303], [-50.648225355999955, -23.500857380309302], [-50.64822527599995, -23.50088725430931], [-50.648225196999924, -23.50091712830932], [-50.64819256699997, -23.501006676309306], [-50.64819248799995, -23.50103655030933], [-50.64819240799994, -23.50106642430932], [-50.64819216999995, -23.50115604630928], [-50.64815946099998, -23.501275468309295], [-50.64812706799995, -23.50127539530933], [-50.64809475499993, -23.50124544830931], [-50.64809483499994, -23.501215574309295], [-50.648094913999955, -23.501185700309286], [-50.64809499299998, -23.501155826309283], [-50.64809507299998, -23.501125952309273], [-50.64806283899997, -23.50106613130929], [-50.64806291799994, -23.501036258309288], [-50.648063076999954, -23.500976510309325], [-50.64806323599999, -23.50091676230932], [-50.64803092299996, -23.500886815309297], [-50.64803100199999, -23.500856941309276], [-50.648031080999935, -23.50082706730933], [-50.648031239999966, -23.500767320309308], [-50.64803139899993, -23.500707572309302], [-50.648031556999975, -23.500647824309286], [-50.648031636999974, -23.500617951309334], [-50.64799940299997, -23.500558131309344], [-50.64799956199994, -23.500498383309324], [-50.64799972099996, -23.50043863530932], [-50.64796740799994, -23.500408688309353], [-50.64796748699996, -23.50037881430934], [-50.64796756699997, -23.500348940309333], [-50.647967645999984, -23.500319067309317], [-50.647967724999944, -23.500289193309303], [-50.64800019699993, -23.500259392309324], [-50.64800027599995, -23.500229518309318], [-50.64800035499996, -23.50019964430932], [-50.64800051399993, -23.500139897309296], [-50.648000593999946, -23.50011002330934], [-50.648000672999956, -23.500080149309344], [-50.648065535999926, -23.500050421309332], [-50.64809792899996, -23.500050495309342], [-50.64809800799997, -23.500020621309343], [-50.64813039999996, -23.500020694309306], [-50.648130478999974, -23.499990820309364]]]}, "properties": {"objectid": 19094, "cod_ibge": 4124301, "municipio": "SANTO ANTÔNIO DO PARAÍSO", "hidrografia": "massa d'água", "natureza": "artificial", "rio": "presente", "setor": "rural", "arquivo": "PR_4124301_MASSAS_DAGUA", "Shape__Area": 3.914278735795606e-07, "Shape__Length": 0.003464614159097256}}, {"type": "Feature", "id": 19080, "geometry": {"type": "Polygon", "coordinates": [[[-50.67120025299994, -23.510437383309082], [-50.67126511599997, -23.51040764530912], [-50.671297584999934, -23.510377840309122], [-50.671427311999935, -23.51031836630911], [-50.67145970699993, -23.510318434309074], [-50.67152442199995, -23.51034844430912], [-50.671524347999934, -23.51037831830912], [-50.67155666799993, -23.510408261309088], [-50.67158898799993, -23.510438203309114], [-50.67158883999997, -23.510497951309116], [-50.67158876599996, -23.510527824309076], [-50.67158869199994, -23.510557698309086], [-50.67158861799992, -23.510587572309085], [-50.67155600199993, -23.51067712630908], [-50.671555927999975, -23.51070699930911], [-50.67155585399996, -23.510736873309114], [-50.67155577899995, -23.510766747309116], [-50.671523236999974, -23.5108264273091], [-50.671523013999945, -23.51091604830908], [-50.671457705999956, -23.511125028309095], [-50.67145763199994, -23.5111549023091], [-50.671457557999986, -23.511184776309108], [-50.670712474999966, -23.511183202309095], [-50.67068007999995, -23.511183134309075], [-50.67064790799997, -23.511093443309104], [-50.67061566199993, -23.511033628309068], [-50.67055109499995, -23.510943869309074], [-50.67055124399997, -23.510884122309115], [-50.67055131799998, -23.5108542483091], [-50.67058378699994, -23.51082444230907], [-50.67061633099996, -23.51076476330906], [-50.67064894799995, -23.51067521030912], [-50.67071388599993, -23.51061559930908], [-50.67071396099993, -23.510585725309063], [-50.67077874999996, -23.510585862309103], [-50.67081121899997, -23.51055605730909], [-50.670843687999934, -23.510526252309095], [-50.670908476999955, -23.510526388309085], [-50.67094087199996, -23.510526457309094], [-50.670973266999965, -23.51052652530911], [-50.67100566199996, -23.510526594309066], [-50.67103805599999, -23.510526662309093], [-50.67107052499995, -23.51049685730909], [-50.67110291999996, -23.510496925309113], [-50.671135388999964, -23.51046712030912], [-50.671167783999984, -23.51046718830908], [-50.67120025299994, -23.510437383309082]]]}, "properties": {"objectid": 19080, "cod_ibge": 4124301, "municipio": "SANTO ANTÔNIO DO PARAÍSO", "hidrografia": "massa d'água", "natureza": "artificial", "rio": "presente", "setor": "rural", "arquivo": "PR_4124301_MASSAS_DAGUA", "Shape__Area": 6.522716022189186e-07, "Shape__Length": 0.003261065940625597}}, {"type": "Feature", "id": 19081, "geometry": {"type": "Polygon", "coordinates": [[[-50.668179911999964, -23.513478126309003], [-50.66811512099997, -23.513477988309038], [-50.66808272499998, -23.513477919309025], [-50.668050329999964, -23.51347785030901], [-50.66801793399998, -23.51347778130901], [-50.66798553899997, -23.51347771230899], [-50.66795321799999, -23.51344776930905], [-50.66792089799998, -23.513417826309027], [-50.66788857699998, -23.513387883308997], [-50.667856331999985, -23.51332806630905], [-50.667824235999944, -23.51320850230901], [-50.667791991999934, -23.513148685309034], [-50.66779206699994, -23.513118811309038], [-50.667759745999945, -23.513088868309026], [-50.66775982099995, -23.513058994309027], [-50.66775989599996, -23.51302912030901], [-50.66775997099995, -23.512999246309068], [-50.66772765099995, -23.512969303309042], [-50.66772772599996, -23.512939430309025], [-50.667727799999966, -23.512909556309026], [-50.66772787499997, -23.512879682309027], [-50.66769555499997, -23.512849739309058], [-50.66769562999997, -23.512819865309066], [-50.667663309999966, -23.512789922309047], [-50.66766338499997, -23.512760049309026], [-50.667631063999984, -23.51273010630906], [-50.66763121399998, -23.512670358309055], [-50.66759896899998, -23.512610541309037], [-50.667599043999985, -23.512580668309024], [-50.66756672399998, -23.51255072530906], [-50.667566798999985, -23.51252085130906], [-50.66753462899993, -23.512431160309042], [-50.667534703999934, -23.51240128630902], [-50.667534778999936, -23.51237141230908], [-50.66753485399994, -23.512341538309077], [-50.66756724899994, -23.512341608309075], [-50.66798815999994, -23.512432127309033], [-50.668020480999985, -23.51246207030906], [-50.668246797999984, -23.512641797309037], [-50.66837622899993, -23.51270182130903], [-50.66844101999993, -23.51270195930904], [-50.66847341499994, -23.512702027309064], [-50.668505809999935, -23.51270209630902], [-50.66853820599993, -23.512702165309033], [-50.66857060099994, -23.51270223430904], [-50.66863539099995, -23.512702372309054], [-50.66866771199994, -23.512732315309062], [-50.66870010699995, -23.512732384309018], [-50.66870003199995, -23.51276225830902], [-50.66873242799995, -23.512762327309034], [-50.66873235299994, -23.512792200309054], [-50.66876467299994, -23.512822142309027], [-50.66876452399999, -23.51288189030903], [-50.66876444899998, -23.512911764309045], [-50.668764299999964, -23.512971512309054], [-50.66876422499996, -23.513001386309053], [-50.66876414999996, -23.513031260309056], [-50.66876407599995, -23.51306113330902], [-50.66876392599994, -23.513120881309028], [-50.66873138099999, -23.513180560309035], [-50.66869891099998, -23.513210365309035], [-50.66863397099996, -23.513269975309015], [-50.66853656099994, -23.51335939030902], [-50.668439224999986, -23.513418930309005], [-50.66834196399998, -23.513448597309043], [-50.668277097999976, -23.513478333309028], [-50.668179911999964, -23.513478126309003]]]}, "properties": {"objectid": 19081, "cod_ibge": 4124301, "municipio": "SANTO ANTÔNIO DO PARAÍSO", "hidrografia": "massa d'água", "natureza": "artificial", "rio": "presente", "setor": "rural", "arquivo": "PR_4124301_MASSAS_DAGUA", "Shape__Area": 8.66643869454238e-07, "Shape__Length": 0.003917810691389553}}, {"type": "Feature", "id": 19082, "geometry": {"type": "Polygon", "coordinates": [[[-50.67378981199994, -23.498104843309385], [-50.67382220399998, -23.498104911309383], [-50.67385459599995, -23.49810497930935], [-50.67386690699993, -23.498105005309363], [-50.67438850499997, -23.498501018309355], [-50.67468810799994, -23.498932192309372], [-50.67574671499995, -23.49936150430936], [-50.67611475299998, -23.499763715309342], [-50.676053141999944, -23.499782514309317], [-50.67595596499996, -23.499782312309346], [-50.67585878899996, -23.499782110309322], [-50.67582639699998, -23.499782042309356], [-50.67576161299997, -23.499781907309313], [-50.67569697499994, -23.499722025309353], [-50.67559987099998, -23.499691948309334], [-50.67550269499998, -23.499691746309306], [-50.675437983999984, -23.49966173730931], [-50.675405591999954, -23.49966167030934], [-50.67530856299993, -23.499601719309315], [-50.67524385199994, -23.49957171030932], [-50.67517906799998, -23.49957157530932], [-50.675146748999964, -23.499541634309345], [-50.675114356999984, -23.49954156630933], [-50.67504964599993, -23.499511557309333], [-50.675017253999954, -23.499511490309352], [-50.674984861999974, -23.499511422309336], [-50.67495246999994, -23.49951135530935], [-50.67492007799996, -23.499511287309332], [-50.67488768599998, -23.499511219309312], [-50.67485529399994, -23.499511152309353], [-50.674822828999936, -23.499540958309325], [-50.67479036299995, -23.49957076430931], [-50.674757970999956, -23.49957069730933], [-50.67469311399998, -23.49960043630936], [-50.67466072199994, -23.499600368309327], [-50.674595936999935, -23.499600233309344], [-50.67449876099994, -23.49960003030933], [-50.67440158499994, -23.499599827309314], [-50.67433680099998, -23.49959969130933], [-50.67430440899994, -23.499599623309315], [-50.674272016999964, -23.499599556309335], [-50.674239624999984, -23.499599488309308], [-50.674174840999974, -23.49959935330932], [-50.674110129999974, -23.499569343309336], [-50.67407781099996, -23.499539401309363], [-50.67404549299994, -23.499509460309334], [-50.674013100999964, -23.49950939230937], [-50.673980781999944, -23.49947945030934], [-50.673948389999964, -23.499479382309314], [-50.673915997999984, -23.49947931530935], [-50.673883752999984, -23.499419499309322], [-50.67381918999996, -23.49932974230936], [-50.67375462599995, -23.499239984309355], [-50.67372238099995, -23.499180168309337], [-50.67372245499996, -23.499150295309384], [-50.673690135999955, -23.49912035330936], [-50.67369020999996, -23.49909047930934], [-50.673657817999974, -23.499090411309318], [-50.67365789199993, -23.499060537309372], [-50.67346538099997, -23.49831328230937], [-50.67349791899994, -23.49825360230938], [-50.673595241999976, -23.49819405830937], [-50.673692563999964, -23.49813451430936], [-50.673757346999935, -23.49813464930936], [-50.67378981199994, -23.498104843309385]]]}, "properties": {"objectid": 19082, "cod_ibge": 4124301, "municipio": "SANTO ANTÔNIO DO PARAÍSO", "hidrografia": "massa d'água", "natureza": "artificial", "rio": "presente", "setor": "rural", "arquivo": "PR_4124301_MASSAS_DAGUA", "Shape__Area": 1.8000024311220091e-06, "Shape__Length": 0.006994102767026584}}, {"type": "Feature", "id": 19083, "geometry": {"type": "Polygon", "coordinates": [[[-50.656648176999965, -23.494820738309464], [-50.65715609399996, -23.495003227309468], [-50.658856832999966, -23.495377408309434], [-50.658864177999924, -23.495384214309425], [-50.65888800699997, -23.495384266309436], [-50.65889920799997, -23.495386730309423], [-50.65892888299993, -23.4954142303094], [-50.65896119699994, -23.49544417530946], [-50.65896111999996, -23.495474048309415], [-50.65896104299998, -23.49550392230942], [-50.65896096599994, -23.49553379630943], [-50.65892842199997, -23.495593473309448], [-50.658895953999945, -23.495623276309413], [-50.65883094099996, -23.49571275630945], [-50.65876592799997, -23.49580223630944], [-50.65873338299997, -23.495861913309398], [-50.65870099199997, -23.49586184230941], [-50.65866860099993, -23.49586177130943], [-50.65863620999994, -23.495861700309437], [-50.658603895999924, -23.49583175530944], [-50.658571504999934, -23.495831684309398], [-50.65853918999994, -23.4958017393094], [-50.65847448499994, -23.49577172330942], [-50.65844209399995, -23.495771652309436], [-50.65840978099993, -23.49574170730943], [-50.65837738999994, -23.495741636309457], [-50.65834507599993, -23.495711691309403], [-50.658312684999935, -23.495711620309404], [-50.65824797999994, -23.495681604309436], [-50.658215588999944, -23.495681533309444], [-50.65818319799996, -23.495681462309445], [-50.65815080699996, -23.49568139130941], [-50.658086023999935, -23.495681249309435], [-50.65802124199996, -23.495681107309398], [-50.657988773999925, -23.495710910309416], [-50.65795638299994, -23.49571083930942], [-50.65792399199995, -23.495710768309443], [-50.65789160099996, -23.49571069730946], [-50.65785920999996, -23.495710625309417], [-50.65782674199993, -23.49574042830944], [-50.65776195999996, -23.4957402863094], [-50.657697176999925, -23.49574014430942], [-50.65766478599995, -23.49574007230945], [-50.65760000399997, -23.495739930309412], [-50.65753529899996, -23.495709914309433], [-50.65747051699997, -23.49570977130942], [-50.65743812599993, -23.49570970030942], [-50.65734102999994, -23.495679613309445], [-50.65727632499994, -23.49564959630942], [-50.65724393399994, -23.49564952530944], [-50.65721154299996, -23.495649454309447], [-50.657179228999944, -23.49561950930945], [-50.65711460199997, -23.495559618309425], [-50.65704989699998, -23.495529602309436], [-50.65698519199997, -23.495499585309407], [-50.656952800999925, -23.495499514309426], [-50.65685578299997, -23.495439552309456], [-50.65675884199993, -23.495349718309416], [-50.65669413699993, -23.495319701309437], [-50.65662935599993, -23.49531955830941], [-50.65659696499995, -23.49531948730942], [-50.656499792999966, -23.49531927330942], [-50.65646740199998, -23.495319201309442], [-50.65646747899996, -23.495289327309436], [-50.656467633999966, -23.495229580309413], [-50.65646771099995, -23.49519970630946], [-50.65646778899998, -23.49516983230946], [-50.65653303499994, -23.49499073130945], [-50.65656550199997, -23.494960929309432], [-50.656565579999956, -23.49493105530941], [-50.65659797099994, -23.49493112630946], [-50.656648176999965, -23.494820738309464]]]}, "properties": {"objectid": 19083, "cod_ibge": 4124301, "municipio": "SANTO ANTÔNIO DO PARAÍSO", "hidrografia": "massa d'água", "natureza": "artificial", "rio": "presente", "setor": "rural", "arquivo": "PR_4124301_MASSAS_DAGUA", "Shape__Area": 1.271491225890218e-06, "Shape__Length": 0.005943948101921795}}, {"type": "Feature", "id": 19085, "geometry": {"type": "Polygon", "coordinates": [[[-50.64166406399993, -23.471565853309954], [-50.64169669099994, -23.471476306309953], [-50.64172923799998, -23.47141663331], [-50.64172931799993, -23.47138675930999], [-50.641761783999975, -23.471356959310008], [-50.641794249999975, -23.47132716031], [-50.64182671499998, -23.471297360309936], [-50.64189156599997, -23.471267635309953], [-50.64192395099997, -23.471267709309963], [-50.641956335999964, -23.471267784309976], [-50.64196751099996, -23.471267809309992], [-50.64203479599996, -23.47304010830993], [-50.64234948199998, -23.474184127309893], [-50.644730205999956, -23.47547340330988], [-50.644730170999935, -23.475486377309892], [-50.644730010999986, -23.475546125309908], [-50.644729850999965, -23.475605873309853], [-50.644697384999965, -23.475635673309853], [-50.644664998999986, -23.475635600309882], [-50.644567920999975, -23.475605504309893], [-50.64447076199996, -23.475605283309907], [-50.64443837599998, -23.475605209309894], [-50.64440598999994, -23.475605135309884], [-50.644406069999945, -23.475575261309874], [-50.64437368399996, -23.475575187309868], [-50.64434129799997, -23.475575113309905], [-50.644308911999985, -23.475575039309888], [-50.644308991999935, -23.475545165309885], [-50.644244379999975, -23.475485270309893], [-50.64414738199997, -23.475425300309894], [-50.644050463999974, -23.475335457309896], [-50.64401807799993, -23.47533538330988], [-50.64398577199995, -23.47530543530986], [-50.64395346599997, -23.4752754873099], [-50.643921079999984, -23.475275413309877], [-50.64385638899995, -23.475245391309905], [-50.64382408299998, -23.475215443309892], [-50.64375947099995, -23.4751555473099], [-50.643694778999986, -23.475125526309867], [-50.64366239299994, -23.4751254523099], [-50.64363008799995, -23.47509550430989], [-50.643597701999965, -23.475095430309874], [-50.64356531599998, -23.475095356309865], [-50.64350054399995, -23.47509520730991], [-50.64346815799996, -23.4750951333099], [-50.64340330499994, -23.47512485930987], [-50.64333853399995, -23.4751247113099], [-50.643306147999965, -23.47512463730989], [-50.64327376199997, -23.475124563309876], [-50.64324137599993, -23.475124489309867], [-50.643241295999985, -23.47515436330987], [-50.64320890999994, -23.47515428930991], [-50.64317644399995, -23.475184088309913], [-50.64314405799996, -23.4751840143099], [-50.64311151099997, -23.4752436883099], [-50.643046658999936, -23.475273414309875], [-50.64304657799994, -23.475303288309885], [-50.64298172599995, -23.47533301330987], [-50.64294925899997, -23.475362813309868], [-50.64291679299998, -23.475392613309854], [-50.64285193999996, -23.475422338309897], [-50.642787087999984, -23.475452064309877], [-50.642754701999934, -23.47545199030987], [-50.642689848999964, -23.475481715309865], [-50.64265738299997, -23.4755115153099], [-50.64259261099994, -23.47551136730988], [-50.64252783799998, -23.475511218309865], [-50.64246306599994, -23.4755110703099], [-50.642430679999954, -23.475510995309897], [-50.642398293999975, -23.47551092130988], [-50.64236590799993, -23.475510847309856], [-50.642333521999944, -23.47551077230986], [-50.642301215999964, -23.4754808243099], [-50.64220405799995, -23.475480601309872], [-50.64217167199996, -23.475480527309852], [-50.64213928599998, -23.475480453309896], [-50.642074513999944, -23.475480304309883], [-50.64200974199997, -23.47548015530987], [-50.641977355999984, -23.47548008130986], [-50.641912582999964, -23.475479932309895], [-50.64184781099993, -23.475479783309883], [-50.64181550599994, -23.47544983530987], [-50.64178311999996, -23.475449761309903], [-50.64175073399997, -23.47544968630991], [-50.64168596199994, -23.475449537309885], [-50.64162118999996, -23.47544938930986], [-50.64155641699995, -23.475449240309903], [-50.64152411199995, -23.4754192913099], [-50.64145934099997, -23.47541914230988], [-50.64136226399995, -23.4753890453099], [-50.64132995799997, -23.47535909730988], [-50.641297571999985, -23.475359022309885], [-50.64126526699994, -23.475329074309855], [-50.64123296199995, -23.47529912530991], [-50.641200655999974, -23.47526917730989], [-50.64116843199997, -23.475209354309875], [-50.64116851299997, -23.475179480309887], [-50.64113636899998, -23.4750897843099], [-50.64110414499999, -23.475029962309875], [-50.64107175899994, -23.475029887309862], [-50.641071920999934, -23.474970139309917], [-50.64107208199994, -23.47491039230989], [-50.64103977699995, -23.47488044330989], [-50.64103985799994, -23.474850569309876], [-50.641039938999945, -23.474820695309873], [-50.64100771499995, -23.474760873309915], [-50.64100779499995, -23.474730999309905], [-50.64100787599995, -23.474701125309902], [-50.64100795699994, -23.47467125130989], [-50.64104050499998, -23.474611578309883], [-50.641040584999985, -23.474581704309866], [-50.64104074699998, -23.474521956309935], [-50.64107337499996, -23.4744324103099], [-50.64110600399994, -23.47434286230989], [-50.641138712999975, -23.474223441309935], [-50.64113879299998, -23.474193567309925], [-50.64113903599997, -23.47410394530992], [-50.641171663999955, -23.4740143983099], [-50.64120429199994, -23.47392485130993], [-50.64123683899993, -23.473865178309936], [-50.64123691999998, -23.47383530430992], [-50.64126946699997, -23.473775630309927], [-50.64133439999994, -23.473716031309934], [-50.64139925199998, -23.473686306309954], [-50.64143171799998, -23.473656507309943], [-50.64146418499996, -23.473626708309936], [-50.641496650999954, -23.473596908309958], [-50.64156150199994, -23.473567183309893], [-50.64162635399998, -23.473537458309902], [-50.64169120599996, -23.473507733309923], [-50.641723752999944, -23.47344805930993], [-50.64172383299995, -23.473418186309914], [-50.64178868499994, -23.473388460309934], [-50.641821231999984, -23.47332878730992], [-50.64188616399997, -23.47326918830993], [-50.64191862999997, -23.473239388309924], [-50.64191871099995, -23.473209514309932], [-50.641918791999956, -23.473179640309922], [-50.64191895299996, -23.473119893309963], [-50.64191911399996, -23.473060145309944], [-50.64191927499996, -23.47300039730994], [-50.64191951699996, -23.472910775309916], [-50.641919677999965, -23.472851027309957], [-50.64191983999996, -23.472791279309952], [-50.641919919999964, -23.47276140530995], [-50.64188769599996, -23.47270158430997], [-50.64188785699998, -23.472641836309954], [-50.64185571399997, -23.47255214030992], [-50.64182340899998, -23.472522192309967], [-50.64179110499998, -23.472492243309958], [-50.64179118499993, -23.47246236930996], [-50.641758960999944, -23.47240254730992], [-50.64172665699994, -23.47237259930996], [-50.64169435199994, -23.472342650309965], [-50.64166212799994, -23.47228282830993], [-50.64162982299996, -23.472252880309977], [-50.64159751899996, -23.47222293130996], [-50.64150052499997, -23.472162960309976], [-50.641468300999975, -23.472103138309947], [-50.64143599699998, -23.47207318930996], [-50.64143607799996, -23.472043315309943], [-50.641468543999956, -23.47201351630994], [-50.64146862399997, -23.471983642309926], [-50.64146870499996, -23.47195376830998], [-50.64146878599996, -23.471923894309977], [-50.64150133199996, -23.471864221309968], [-50.641501493999954, -23.471804473309955], [-50.641534038999964, -23.471744799309953], [-50.64156658599996, -23.47168512630995], [-50.64159913199995, -23.47162545330994], [-50.64163151799993, -23.47162552730996], [-50.64166406399993, -23.471565853309954]]]}, "properties": {"objectid": 19085, "cod_ibge": 4124301, "municipio": "SANTO ANTÔNIO DO PARAÍSO", "hidrografia": "massa d'água", "natureza": "artificial", "rio": "presente", "setor": "rural", "arquivo": "PR_4124301_MASSAS_DAGUA", "Shape__Area": 4.143726852988656e-06, "Shape__Length": 0.014754473349411027}}, {"type": "Feature", "id": 19086, "geometry": {"type": "Polygon", "coordinates": [[[-50.66922743299994, -23.496153410309432], [-50.66919518999998, -23.496093593309407], [-50.669195264999985, -23.496063719309404], [-50.66916294799995, -23.496033776309442], [-50.66916302299995, -23.496003902309432], [-50.66916317199996, -23.495944155309417], [-50.66913100499994, -23.49585446430944], [-50.669131227999976, -23.495764842309423], [-50.669131302999965, -23.495734968309424], [-50.66913145199994, -23.49567522030941], [-50.66913160099995, -23.495615472309407], [-50.66913174999996, -23.49555572530944], [-50.669164290999966, -23.49549604530944], [-50.66916430199995, -23.495491393309422], [-50.66920351099998, -23.495489958309413], [-50.67120104899993, -23.496080933309425], [-50.672958469999976, -23.49741527930937], [-50.67298134799995, -23.497565415309353], [-50.67298119999998, -23.497625163309376], [-50.67259286999995, -23.497474977309388], [-50.672560478999976, -23.497474909309368], [-50.672528086999925, -23.497474841309398], [-50.672463377999975, -23.497444830309366], [-50.67243113399996, -23.497385014309398], [-50.67236642499995, -23.49735500430941], [-50.67230171599994, -23.497324994309363], [-50.67220468899996, -23.4972650423094], [-50.67210766199998, -23.49720509030939], [-50.67204302699997, -23.497145205309412], [-50.67191368299996, -23.497055312309413], [-50.67178433899995, -23.496965417309386], [-50.67175202199996, -23.49693547530942], [-50.67165499599997, -23.49687552230941], [-50.67152565299995, -23.496785627309382], [-50.671428626999955, -23.496725675309424], [-50.67139623599997, -23.496725606309433], [-50.67133152699995, -23.49669559630938], [-50.67129920999997, -23.496665653309424], [-50.67123450099996, -23.496635643309435], [-50.671137475999956, -23.496575690309424], [-50.671008058999966, -23.496515668309417], [-50.67094334999996, -23.49648565830942], [-50.67084624999995, -23.49645557930943], [-50.67081393299998, -23.496425636309418], [-50.67071683399996, -23.496395557309413], [-50.67061980799997, -23.496335604309415], [-50.670522708999954, -23.496305524309424], [-50.67049039199998, -23.49627558230941], [-50.67045800099999, -23.496275513309396], [-50.67042560899995, -23.49627544530942], [-50.67036090099998, -23.496245434309387], [-50.670296192999956, -23.49621542330942], [-50.67016670199996, -23.496185275309415], [-50.67013431099997, -23.496185206309402], [-50.670069602999945, -23.496155195309427], [-50.670037211999954, -23.49615512630942], [-50.670004820999964, -23.496155058309395], [-50.669972428999976, -23.496154989309446], [-50.66990764699994, -23.49615485230941], [-50.669842864999964, -23.496154715309444], [-50.669810472999984, -23.496154646309428], [-50.66977808199993, -23.496154578309408], [-50.66971330099994, -23.496154440309382], [-50.669648517999974, -23.496154303309417], [-50.66955126999994, -23.49618397130945], [-50.66945394799995, -23.496243513309413], [-50.66942155599997, -23.4962434443094], [-50.66932438299994, -23.496243238309425], [-50.669291990999966, -23.496243169309423], [-50.66925967499998, -23.4962132263094], [-50.66925974899994, -23.4961833523094], [-50.66922743299994, -23.496153410309432]]]}, "properties": {"objectid": 19086, "cod_ibge": 4124301, "municipio": "SANTO ANTÔNIO DO PARAÍSO", "hidrografia": "massa d'água", "natureza": "artificial", "rio": "presente", "setor": "rural", "arquivo": "PR_4124301_MASSAS_DAGUA", "Shape__Area": 1.7429689090929465e-06, "Shape__Length": 0.009477907204697628}}, {"type": "Feature", "id": 19087, "geometry": {"type": "Polygon", "coordinates": [[[-50.66275124799995, -23.49533292830945], [-50.66278363899994, -23.495332998309454], [-50.662848420999985, -23.495333138309448], [-50.66288081199997, -23.495333208309443], [-50.66290563399997, -23.49533326230944], [-50.66295188999993, -23.495339183309405], [-50.662977908999956, -23.49536329330943], [-50.66304261499994, -23.49539330630945], [-50.663139711999975, -23.495423390309455], [-50.66323680899996, -23.495453474309453], [-50.663301514999944, -23.49548348830945], [-50.663333905999934, -23.495483558309456], [-50.66343107899996, -23.4954837673094], [-50.66349578499995, -23.495513781309405], [-50.663528175999936, -23.49551385130941], [-50.66356056799998, -23.495513921309406], [-50.66362534999996, -23.4955140613094], [-50.66365774099995, -23.495514131309452], [-50.66372252299994, -23.49551427130945], [-50.663787228999986, -23.49554428430941], [-50.66388440199995, -23.495544494309407], [-50.66394918399993, -23.4955446343094], [-50.66404635699996, -23.495544843309403], [-50.664111137999946, -23.49554498330941], [-50.66417592099998, -23.49554512330941], [-50.664240702999955, -23.495545262309406], [-50.664305484999936, -23.495545402309418], [-50.66437026699999, -23.49554554130943], [-50.66440265799997, -23.49554561130942], [-50.66443504899996, -23.49554568130942], [-50.66446743999995, -23.495545751309418], [-50.664499830999944, -23.495545820309417], [-50.66453222199994, -23.495545890309423], [-50.66456461299999, -23.495545960309425], [-50.66456749099996, -23.49554596630942], [-50.665365020999964, -23.495648037309422], [-50.665406478999955, -23.495667266309397], [-50.66540640299996, -23.495697140309407], [-50.665471109999935, -23.495727153309428], [-50.66550350099993, -23.495727223309423], [-50.66556820799997, -23.495757236309426], [-50.66563291499995, -23.495787249309444], [-50.66569762199998, -23.495817262309405], [-50.665794719999944, -23.49584734430942], [-50.66592420899997, -23.49587749630945], [-50.66598891499996, -23.49590750930941], [-50.66602130599995, -23.495907578309417], [-50.666118403999974, -23.495937660309437], [-50.66621557799994, -23.495937868309397], [-50.666345141999955, -23.49593814630941], [-50.66640992499998, -23.49593828430943], [-50.66644231599997, -23.495938354309434], [-50.666507097999954, -23.495938492309445], [-50.666571880999975, -23.495938631309407], [-50.66663666299996, -23.4959387703094], [-50.66666905399995, -23.495938839309414], [-50.66670151999995, -23.495909034309427], [-50.666798693999965, -23.49590924230944], [-50.66689594199995, -23.49587957630945], [-50.66699319099996, -23.4958499103094], [-50.667025656999954, -23.495820105309406], [-50.66705804799995, -23.49582017430941], [-50.667155295999976, -23.495790508309426], [-50.667220078999954, -23.495790646309448], [-50.667220153999956, -23.495760772309445], [-50.66728493599992, -23.495760911309443], [-50.66730906699996, -23.495738758309418], [-50.667806231999975, -23.49575684030942], [-50.66796243199997, -23.49569803030943], [-50.66874238599996, -23.495823764309428], [-50.66874231099996, -23.495853638309427], [-50.66867730499997, -23.495943122309424], [-50.66867722999995, -23.495972996309437], [-50.66857960799996, -23.49615203330943], [-50.66854699299995, -23.496241586309385], [-50.66851452699995, -23.496271391309442], [-50.668482135999966, -23.49627132230942], [-50.668417278999975, -23.496301058309417], [-50.668352495999954, -23.49630092030939], [-50.66822285599995, -23.49633051830943], [-50.668093290999934, -23.496330242309387], [-50.66796372599998, -23.49632996630941], [-50.667866552999946, -23.49632975930944], [-50.667769454999984, -23.4962996783094], [-50.66767235599996, -23.496269597309425], [-50.66760757299995, -23.496269459309403], [-50.66757518199995, -23.496269390309394], [-50.66751047499997, -23.496239378309433], [-50.66744569199995, -23.49623923930943], [-50.66734851799999, -23.49623903230939], [-50.667251419999964, -23.49620895130942], [-50.66718663699998, -23.496208812309405], [-50.66705707199998, -23.496208535309453], [-50.66695997399995, -23.496178454309412], [-50.66686279999994, -23.496178246309395], [-50.666830408999935, -23.496178177309446], [-50.66673323499998, -23.496177969309425], [-50.66666845299994, -23.496177830309406], [-50.66657127899998, -23.496177623309386], [-50.66650649699995, -23.49617748430944], [-50.66640932299998, -23.49617727630942], [-50.666344540999944, -23.496177137309413], [-50.666312149999946, -23.496177068309404], [-50.66624736699998, -23.496176929309396], [-50.66621497599993, -23.496176860309447], [-50.666117801999974, -23.49617665230942], [-50.666053019999936, -23.49617651330941], [-50.66598823799996, -23.496176374309407], [-50.665955846999964, -23.49617630430941], [-50.66592345599997, -23.4961762353094], [-50.665891064999975, -23.496176165309407], [-50.665858673999935, -23.496176096309387], [-50.66582620699995, -23.4962059003094], [-50.66576142499997, -23.496205762309433], [-50.66572903399999, -23.49620569230944], [-50.66566417599994, -23.496235427309436], [-50.66556700199993, -23.49623521830943], [-50.66550221999995, -23.49623507930942], [-50.66543743699998, -23.496234940309414], [-50.66540504599993, -23.49623487130941], [-50.66530787199998, -23.496234662309394], [-50.66517823199995, -23.496264258309388], [-50.665048666999944, -23.49626397930944], [-50.66495149299993, -23.496263770309437], [-50.66491910199994, -23.49626370130942], [-50.66488671099996, -23.496263631309432], [-50.66482192799998, -23.49626349230941], [-50.66478953699993, -23.496263422309415], [-50.664724829999955, -23.496233409309404], [-50.66462765699999, -23.496233200309394], [-50.66456294999995, -23.496203186309398], [-50.66453055899996, -23.496203116309395], [-50.66446592799997, -23.496143229309432], [-50.66436875399995, -23.49614302030942], [-50.66430404699997, -23.49611300630943], [-50.664239264999935, -23.496112867309417], [-50.66420694899995, -23.496082923309416], [-50.66414216699997, -23.496082783309415], [-50.66410985099998, -23.496052840309403], [-50.66404514599998, -23.496022826309396], [-50.66401275499992, -23.4960227563094], [-50.66398043899994, -23.495992812309396], [-50.66391565699997, -23.49599267330945], [-50.66388326599997, -23.49599260330945], [-50.66385087499998, -23.495992533309447], [-50.66378609199995, -23.4959923933094], [-50.663721309999964, -23.495992253309396], [-50.66365660399999, -23.49596224030944], [-50.663591820999955, -23.495962100309434], [-50.66352703899997, -23.49596196030944], [-50.66346225699994, -23.49596182030945], [-50.66339747399996, -23.495961680309453], [-50.66333269199998, -23.495961540309388], [-50.66330030099993, -23.4959614703094], [-50.663267909999945, -23.495961400309398], [-50.663008780999974, -23.495960840309404], [-50.662943997999946, -23.49596070030941], [-50.66284682499998, -23.49596049030941], [-50.66281443399998, -23.49596042030941], [-50.66274965099995, -23.495960279309433], [-50.662684868999975, -23.49596013930943], [-50.66262008699994, -23.495959999309434], [-50.66255530499996, -23.49595985930944], [-50.662490521999985, -23.495959718309386], [-50.662425663999954, -23.4959894523094], [-50.66239319699997, -23.496019256309406], [-50.66236080499993, -23.49601918530941], [-50.66232841399994, -23.49601911530942], [-50.66229602299996, -23.496019045309428], [-50.66226363199997, -23.496018975309422], [-50.66223124099997, -23.49601890530942], [-50.66219884999998, -23.49601883430944], [-50.66216645999998, -23.496018764309436], [-50.66213414499998, -23.49598882030943], [-50.66210182999998, -23.495958876309427], [-50.66206959099998, -23.49589905830942], [-50.66203742799996, -23.495809366309405], [-50.662005112999964, -23.4957794223094], [-50.66200526599994, -23.495719674309445], [-50.662005341999986, -23.495689800309435], [-50.66200549399997, -23.495630052309426], [-50.66200556999996, -23.495600178309427], [-50.662070351999944, -23.495600319309414], [-50.66210281999997, -23.495570515309403], [-50.662167677999946, -23.495540782309444], [-50.662264849999985, -23.49554099230944], [-50.66226492599997, -23.495511118309434], [-50.66229731699997, -23.495511189309422], [-50.66232970799996, -23.495511259309424], [-50.66236209899995, -23.49551132930942], [-50.66242695699999, -23.495481595309407], [-50.662491814999946, -23.49545186230945], [-50.662524205999944, -23.495451932309443], [-50.662589064999956, -23.495422198309438], [-50.66265392299994, -23.495392465309425], [-50.662686313999984, -23.495392535309417], [-50.66268638999998, -23.49536266230946], [-50.66271878099997, -23.495362732309463], [-50.66275124799995, -23.49533292830945]]]}, "properties": {"objectid": 19087, "cod_ibge": 4124301, "municipio": "SANTO ANTÔNIO DO PARAÍSO", "hidrografia": "massa d'água", "natureza": "artificial", "rio": "presente", "setor": "rural", "arquivo": "PR_4124301_MASSAS_DAGUA", "Shape__Area": 3.209767825937766e-06, "Shape__Length": 0.014582277466649578}}, {"type": "Feature", "id": 19089, "geometry": {"type": "Polygon", "coordinates": [[[-50.64710284299997, -23.496642606309408], [-50.647135233999954, -23.496642679309435], [-50.64716762499995, -23.496642752309402], [-50.64720001599994, -23.496642826309404], [-50.647232406999926, -23.496642899309435], [-50.64726479899997, -23.4966429723094], [-50.647297109999954, -23.49667291930943], [-50.64736181299997, -23.496702940309408], [-50.64739404599993, -23.496762761309398], [-50.64742627799995, -23.496822582309427], [-50.64745843099997, -23.49691227730941], [-50.647490662999985, -23.496972098309392], [-50.64749050499995, -23.497031846309408], [-50.647490424999944, -23.497061719309418], [-50.64749034599999, -23.497091592309374], [-50.64749026599998, -23.497121466309384], [-50.64749010699995, -23.497181214309386], [-50.64745755699994, -23.49724088830938], [-50.647425085999934, -23.497270689309367], [-50.647360223999954, -23.497300416309397], [-50.647295360999976, -23.49733014330937], [-50.64726289099996, -23.49735994430941], [-50.64723049899994, -23.497359871309385], [-50.64723041999997, -23.497389745309384], [-50.647198027999934, -23.49738967130938], [-50.647197948999974, -23.497419545309373], [-50.64719786899996, -23.49744941930939], [-50.647165477999984, -23.497449346309356], [-50.64713308599994, -23.497449272309407], [-50.64710069599994, -23.49744919930938], [-50.647100615999925, -23.497479073309382], [-50.64667841199997, -23.49789635230935], [-50.64667825299995, -23.49795610030936], [-50.64667809399998, -23.49801584830938], [-50.646678013999974, -23.498045722309392], [-50.64667785499995, -23.498105469309348], [-50.646677774999944, -23.498135343309347], [-50.64667769499994, -23.49816521730935], [-50.64674207999997, -23.498314733309375], [-50.64677431299998, -23.49837455430935], [-50.64680670499996, -23.498374628309364], [-50.646806624999954, -23.498404502309373], [-50.64667705799996, -23.49840420830935], [-50.64664474599994, -23.498374261309383], [-50.646579962999965, -23.498374114309346], [-50.64654765099993, -23.49834416630938], [-50.64651533899996, -23.498314219309357], [-50.646483026999924, -23.498284272309377], [-50.646483106999945, -23.49825439830937], [-50.646418402999984, -23.498224377309395], [-50.64635385899993, -23.498134608309396], [-50.64628931499994, -23.498044840309383], [-50.64622469099998, -23.497984945309387], [-50.646192378999956, -23.497954998309364], [-50.64619245899996, -23.497925124309372], [-50.646160146999925, -23.497895176309395], [-50.64612783499995, -23.497865229309365], [-50.646030819999964, -23.49780526030936], [-50.64599858799994, -23.497745439309384], [-50.64596627699996, -23.49771549230936], [-50.645933964999976, -23.497685544309395], [-50.64590165299995, -23.497655597309357], [-50.64586934199997, -23.4976256493094], [-50.645869500999936, -23.49756590230938], [-50.645837109999945, -23.497565828309376], [-50.645837189999945, -23.497535954309356], [-50.64583734899997, -23.497476206309408], [-50.64583742899998, -23.497446333309387], [-50.645837588999946, -23.497386585309386], [-50.645837747999956, -23.497326837309373], [-50.64590277099996, -23.497237363309377], [-50.645967712999955, -23.497177762309406], [-50.646065126999986, -23.497088361309377], [-50.64609759799998, -23.497058562309377], [-50.64612998899998, -23.49705863630939], [-50.64622732299995, -23.49699910930938], [-50.64632457599998, -23.496969455309372], [-50.64642182999996, -23.49693980230942], [-50.646486612999986, -23.496939949309397], [-50.64651900399997, -23.496940023309413], [-50.64658386599996, -23.496910296309395], [-50.646648728999935, -23.49688056930942], [-50.64671359099997, -23.496850842309392], [-50.64677845299997, -23.496821115309427], [-50.64684339499996, -23.49676151430939], [-50.64687586599996, -23.496731713309416], [-50.64694072799995, -23.49670198630938], [-50.646973198999945, -23.496672186309404], [-50.647005589999935, -23.49667225930941], [-50.64707037299996, -23.496672406309397], [-50.64710284299997, -23.496642606309408]]]}, "properties": {"objectid": 19089, "cod_ibge": 4124301, "municipio": "SANTO ANTÔNIO DO PARAÍSO", "hidrografia": "massa d'água", "natureza": "artificial", "rio": "presente", "setor": "rural", "arquivo": "PR_4124301_MASSAS_DAGUA", "Shape__Area": 1.4901986075254178e-06, "Shape__Length": 0.005650111034298253}}, {"type": "Feature", "id": 19090, "geometry": {"type": "Polygon", "coordinates": [[[-50.64418851399995, -23.496307363309423], [-50.64422090499994, -23.496307437309433], [-50.64425329599994, -23.496307511309393], [-50.64428568699998, -23.4963075853094], [-50.64431807899996, -23.496307659309423], [-50.64435046999996, -23.496307733309422], [-50.64435038999995, -23.496337607309442], [-50.64438278099993, -23.49633768130939], [-50.64441517199999, -23.4963377553094], [-50.644415091999974, -23.496367629309407], [-50.64444748299996, -23.496367703309417], [-50.644479873999956, -23.496367777309427], [-50.64451226499995, -23.4963678503094], [-50.64457688699997, -23.496427746309372], [-50.644609278999944, -23.496427820309393], [-50.644673980999976, -23.49645784130939], [-50.64473860299995, -23.49651773730941], [-50.644444276999934, -23.49756265630938], [-50.64444419699998, -23.49759253030938], [-50.644444116999985, -23.497622404309375], [-50.644411564999984, -23.4976820773094], [-50.64441148499998, -23.497711951309398], [-50.644379012999934, -23.49774175130939], [-50.64437885299998, -23.497801499309393], [-50.64437869299997, -23.49786124630937], [-50.64437861299995, -23.49789112030938], [-50.644378451999955, -23.49795086830939], [-50.64437829199994, -23.498010616309397], [-50.644378211999936, -23.4980404903094], [-50.64437813199998, -23.498070363309356], [-50.64437805099993, -23.498100237309355], [-50.64434549899994, -23.498159911309365], [-50.64434541899993, -23.498189785309368], [-50.64434533899998, -23.498219659309374], [-50.64431286699995, -23.498249459309363], [-50.64424800399996, -23.49827918530935], [-50.64421545199997, -23.498338858309353], [-50.64418305999993, -23.49833878430934], [-50.64415050799994, -23.49839845830933], [-50.64408564399997, -23.49842818430937], [-50.64402086099995, -23.49842803630935], [-50.643956077999974, -23.498427888309376], [-50.64392368599994, -23.498427814309373], [-50.643891293999964, -23.498427740309356], [-50.643858902999966, -23.49842766630934], [-50.643826510999986, -23.498427592309387], [-50.64372933599997, -23.498427370309344], [-50.64369694399994, -23.49842729530934], [-50.64366455299995, -23.498427221309385], [-50.643632160999964, -23.49842714730937], [-50.64363224099998, -23.498397273309365], [-50.64359984999993, -23.498397199309352], [-50.64353506599997, -23.49839705130939], [-50.64350267499998, -23.498396977309373], [-50.64343789099996, -23.498396829309343], [-50.64340557999998, -23.49836688130938], [-50.64337318799994, -23.498366807309367], [-50.64330848599997, -23.498336785309384], [-50.64330856699996, -23.498306911309395], [-50.64330864699997, -23.49827703730938], [-50.643308726999976, -23.49824716330937], [-50.64330880799997, -23.49821728930937], [-50.643308968999975, -23.498157542309354], [-50.64330904899999, -23.498127668309348], [-50.64330912899993, -23.49809779430939], [-50.643341600999975, -23.49806799430935], [-50.64334168099998, -23.498038120309396], [-50.64337415299997, -23.4980083213094], [-50.643374232999975, -23.497978447309386], [-50.64340670499996, -23.4979486473094], [-50.64340678599996, -23.497918773309394], [-50.643439257999944, -23.49788897330941], [-50.64347172899994, -23.497859174309394], [-50.64350436199993, -23.4977696263094], [-50.64353699499998, -23.497680079309376], [-50.64360201899996, -23.497590606309377], [-50.64360209899996, -23.497560732309378], [-50.643569787999986, -23.49753078430942], [-50.64353739599995, -23.497530710309398], [-50.64347277399997, -23.497470814309352], [-50.64340807199994, -23.49744079230938], [-50.64334328899997, -23.49744064330937], [-50.64321380399997, -23.497410473309365], [-50.64318141299998, -23.49741039930941], [-50.643181492999986, -23.49738052530941], [-50.643181573999975, -23.497350651309393], [-50.64321460899998, -23.497111734309414], [-50.64321476899993, -23.497051988309387], [-50.64363601699995, -23.496993204309412], [-50.643668487999946, -23.496963404309415], [-50.64370095999993, -23.496933604309422], [-50.64370103999994, -23.496903730309427], [-50.643701120999935, -23.496873856309417], [-50.64373359199993, -23.496844057309406], [-50.64373367199995, -23.496814183309397], [-50.64373375299993, -23.4967843093094], [-50.64373383299994, -23.49675443530939], [-50.643766304999986, -23.496724635309395], [-50.64376638499994, -23.496694761309392], [-50.64376646499995, -23.49666488730938], [-50.643799016999935, -23.496605214309394], [-50.64383148899998, -23.496575414309397], [-50.643831568999985, -23.496545540309388], [-50.64386403999998, -23.496515740309388], [-50.64389651199997, -23.49648594130938], [-50.64392906399996, -23.496426267309385], [-50.64392914399997, -23.4963963933094], [-50.64396153499996, -23.496396467309406], [-50.64396161499997, -23.496366593309386], [-50.64399400599996, -23.49636666730941], [-50.64402647799994, -23.496336867309417], [-50.64405886899993, -23.496336941309426], [-50.64409125999999, -23.496337015309386], [-50.64412365099997, -23.4963370893094], [-50.64415604299995, -23.496337163309413], [-50.64418851399995, -23.496307363309423]]]}, "properties": {"objectid": 19090, "cod_ibge": 4124301, "municipio": "SANTO ANTÔNIO DO PARAÍSO", "hidrografia": "massa d'água", "natureza": "artificial", "rio": "presente", "setor": "rural", "arquivo": "PR_4124301_MASSAS_DAGUA", "Shape__Area": 2.0625703215845207e-06, "Shape__Length": 0.006775460947082705}}, {"type": "Feature", "id": 19091, "geometry": {"type": "Polygon", "coordinates": [[[-50.64295587999993, -23.496961773309383], [-50.64295571899998, -23.49702152030941], [-50.64292284499992, -23.49720068830939], [-50.64292276399994, -23.49723056230939], [-50.642890131999934, -23.497320109309403], [-50.64289005099994, -23.497349983309412], [-50.64288997099993, -23.497379857309358], [-50.642889889999935, -23.497409731309368], [-50.642889809999986, -23.49743960530938], [-50.64288972899993, -23.49746947930938], [-50.64288964899998, -23.49749935230939], [-50.64288956799993, -23.497529226309407], [-50.64288948799998, -23.497559100309406], [-50.64279207199996, -23.497648499309392], [-50.64272720799994, -23.497678224309386], [-50.64269481699994, -23.497678150309376], [-50.642662424999976, -23.49767807630936], [-50.64256525099995, -23.497677853309384], [-50.64250046799999, -23.49767770430937], [-50.64246807599994, -23.497677630309358], [-50.64240337399997, -23.49764760730939], [-50.64237106299998, -23.49761765930937], [-50.64237122399993, -23.49755791130936], [-50.642371465999986, -23.497468290309392], [-50.64237154699999, -23.497438416309393], [-50.64237170799999, -23.49737866830938], [-50.642371787999934, -23.497348794309367], [-50.64237186899993, -23.497318921309407], [-50.64237211099998, -23.497229299309396], [-50.64240466399997, -23.497169626309393], [-50.642437215999955, -23.497109952309398], [-50.64246968799995, -23.497080153309387], [-50.642502159999935, -23.497050354309387], [-50.642534711999986, -23.49699068130937], [-50.642567103999966, -23.49699075530938], [-50.64295587999993, -23.496961773309383]]]}, "properties": {"objectid": 19091, "cod_ibge": 4124301, "municipio": "SANTO ANTÔNIO DO PARAÍSO", "hidrografia": "massa d'água", "natureza": "artificial", "rio": "presente", "setor": "rural", "arquivo": "PR_4124301_MASSAS_DAGUA", "Shape__Area": 3.4593875173657075e-07, "Shape__Length": 0.002286844390656411}}, {"type": "Feature", "id": 19092, "geometry": {"type": "Polygon", "coordinates": [[[-50.64279166899997, -23.49779786830937], [-50.64282406099994, -23.497797942309383], [-50.64285645199993, -23.497798017309396], [-50.64288884399997, -23.497798091309406], [-50.64292123499996, -23.49779816530936], [-50.642953545999944, -23.497828113309378], [-50.64295346599994, -23.49785798730938], [-50.642953384999934, -23.497887861309398], [-50.64295330499994, -23.497917735309397], [-50.64295314399993, -23.497977482309356], [-50.64295306299994, -23.498007356309365], [-50.64298529399997, -23.498067178309398], [-50.64298513299997, -23.498126926309347], [-50.64301728299994, -23.498216622309382], [-50.643017121999954, -23.49827636930934], [-50.64304943299992, -23.49830631730936], [-50.64308174499996, -23.49833626530938], [-50.643114055999945, -23.49836621330934], [-50.64314644799998, -23.49836628830934], [-50.64317875899996, -23.498396236309365], [-50.64317867799996, -23.498426109309385], [-50.64321098999994, -23.498456057309347], [-50.643275692999964, -23.49848608030936], [-50.643308083999955, -23.498486154309372], [-50.64334039499994, -23.498516102309345], [-50.64340517799997, -23.49851625030936], [-50.64343748899995, -23.498546198309384], [-50.64346980099998, -23.498576146309343], [-50.643502191999964, -23.498576220309356], [-50.643534583999944, -23.49857629430937], [-50.643534503999945, -23.49860616830937], [-50.64356689499993, -23.498606242309382], [-50.643599286999965, -23.498606316309342], [-50.643599206999966, -23.49863619030935], [-50.64363159899995, -23.498636264309358], [-50.643663909999994, -23.498666212309388], [-50.64369622099997, -23.498696160309354], [-50.643696140999964, -23.49872603430935], [-50.64369606099996, -23.49875590830936], [-50.643695979999954, -23.498785782309362], [-50.643695899999955, -23.498815655309382], [-50.643695819999955, -23.498845528309342], [-50.64366342799997, -23.498845454309382], [-50.643598563999944, -23.498875180309366], [-50.64350138899994, -23.49887495830938], [-50.64343660499998, -23.498874809309353], [-50.64340421299994, -23.498874735309354], [-50.643339509999976, -23.498844713309374], [-50.643307118999985, -23.49884463930936], [-50.64327488799996, -23.498784818309385], [-50.64321018499999, -23.498754796309356], [-50.64314556299996, -23.498694900309363], [-50.64311325099993, -23.498664952309355], [-50.64308085999994, -23.49866487830933], [-50.64304854799997, -23.49863493030938], [-50.64301623699998, -23.498604982309356], [-50.64298384499995, -23.498604907309353], [-50.64288683099994, -23.498544937309358], [-50.64285451999996, -23.498514989309342], [-50.642822208999974, -23.498485041309376], [-50.64278989799993, -23.49845509330936], [-50.642725274999975, -23.498395196309392], [-50.64269296399993, -23.498365248309373], [-50.64269304499994, -23.49833537430936], [-50.642660733999946, -23.49830542630935], [-50.64259611199998, -23.498245530309365], [-50.642596191999985, -23.49821565630936], [-50.64259627299998, -23.498185782309346], [-50.64256396199994, -23.498155834309387], [-50.64253237599996, -23.497857021309372], [-50.64256476699995, -23.497857096309374], [-50.642629549999974, -23.49785724430941], [-50.64269441399995, -23.49782751930936], [-50.64272680599998, -23.497827593309374], [-50.64279166899997, -23.49779786830937]]]}, "properties": {"objectid": 19092, "cod_ibge": 4124301, "municipio": "SANTO ANTÔNIO DO PARAÍSO", "hidrografia": "massa d'água", "natureza": "artificial", "rio": "presente", "setor": "rural", "arquivo": "PR_4124301_MASSAS_DAGUA", "Shape__Area": 4.678674387706696e-07, "Shape__Length": 0.0037211301282186328}}, {"type": "Feature", "id": 19093, "geometry": {"type": "Polygon", "coordinates": [[[-50.642269211999974, -23.49935011830932], [-50.64223689999994, -23.49932017030935], [-50.64220450799996, -23.499320095309358], [-50.64217219699998, -23.499290147309324], [-50.64213980499994, -23.49929007330932], [-50.64210749399996, -23.499260124309377], [-50.642075182999974, -23.49923017630935], [-50.64207526399997, -23.499200302309347], [-50.642043032999936, -23.499140480309382], [-50.64201080299995, -23.49908065830935], [-50.64197865299997, -23.498990962309385], [-50.64188204299995, -23.498781623309345], [-50.64181741999994, -23.498721726309373], [-50.641656188999946, -23.498452489309383], [-50.64165626999994, -23.49842261530938], [-50.641656349999955, -23.498392742309367], [-50.641688741999985, -23.498392816309362], [-50.641721133999965, -23.498392891309386], [-50.641753524999956, -23.498392965309385], [-50.64178591699993, -23.49839304030934], [-50.64181830899997, -23.498393114309344], [-50.641850699999964, -23.498393189309358], [-50.64188301099995, -23.498423137309377], [-50.64194779499996, -23.49842328630939], [-50.64198018599996, -23.498423360309346], [-50.64201249699994, -23.49845330830936], [-50.642044888999976, -23.498453383309375], [-50.64207728099996, -23.498453457309378], [-50.64207719999997, -23.498483331309387], [-50.64210959199994, -23.498483405309337], [-50.64217421399997, -23.49854330230937], [-50.64220652499995, -23.498573250309388], [-50.64227130799998, -23.498573399309343], [-50.64230361899996, -23.498603347309363], [-50.64233601099995, -23.498603421309387], [-50.642368240999986, -23.498663244309327], [-50.64243286399994, -23.498723140309377], [-50.642497566999964, -23.49875316230935], [-50.642529877999955, -23.498783111309358], [-50.64259449999997, -23.49884300630935], [-50.642594419999966, -23.49887288030935], [-50.64262673099996, -23.498902828309372], [-50.642658961999985, -23.498962650309338], [-50.64269127299996, -23.498992598309353], [-50.642723583999945, -23.49902254630938], [-50.64272342299995, -23.499082294309332], [-50.64275565399999, -23.499142116309358], [-50.64278780399997, -23.499231812309326], [-50.64278764299996, -23.499291559309352], [-50.64278756199997, -23.49932143330935], [-50.64278748199996, -23.499351307309368], [-50.64275508999997, -23.499351233309355], [-50.64269030599996, -23.499351084309335], [-50.642657833999976, -23.49938088430933], [-50.64262544199993, -23.499380809309322], [-50.64256057699998, -23.49941053530936], [-50.642495793999956, -23.49941038630934], [-50.642463401999976, -23.499410312309333], [-50.64243108999995, -23.49938036330933], [-50.642398697999965, -23.499380289309364], [-50.642366306999975, -23.49938021530936], [-50.64233391499993, -23.499380140309356], [-50.64230152299996, -23.499380066309335], [-50.642269211999974, -23.49935011830932]]]}, "properties": {"objectid": 19093, "cod_ibge": 4124301, "municipio": "SANTO ANTÔNIO DO PARAÍSO", "hidrografia": "massa d'água", "natureza": "artificial", "rio": "presente", "setor": "rural", "arquivo": "PR_4124301_MASSAS_DAGUA", "Shape__Area": 5.994729017519477e-07, "Shape__Length": 0.0034662724231651378}}, {"type": "Feature", "id": 19095, "geometry": {"type": "Polygon", "coordinates": [[[-50.63431927099998, -23.50438036430925], [-50.634351663999944, -23.504380440309237], [-50.63438405699998, -23.504380516309226], [-50.63441644999994, -23.504380592309225], [-50.63444884299997, -23.50438066830922], [-50.63448123599994, -23.50438074430921], [-50.63451362899997, -23.5043808203092], [-50.63454602199993, -23.504380896309247], [-50.634578332999986, -23.504410846309252], [-50.63461064399996, -23.50444079530926], [-50.63464287199998, -23.504500619309198], [-50.63467509999998, -23.504560443309206], [-50.63473963999996, -23.504650216309216], [-50.63477186799997, -23.504710039309234], [-50.63480409699997, -23.50476986330924], [-50.63480401399994, -23.504799737309238], [-50.63483624299994, -23.504859560309193], [-50.63483599599993, -23.50494918230921], [-50.63483574899994, -23.505038803309244], [-50.63483550199994, -23.50512842430921], [-50.634835418999955, -23.50515829830921], [-50.63483533699997, -23.505188172309232], [-50.63483508999997, -23.505277793309197], [-50.634834842999965, -23.505367415309212], [-50.63483459599997, -23.50545703630919], [-50.63483434899995, -23.505546657309214], [-50.63483418399994, -23.50560640530922], [-50.63483393699994, -23.50569602630919], [-50.63480146099994, -23.505725824309202], [-50.63476890299995, -23.50578549530918], [-50.63473642699995, -23.505815293309187], [-50.63473626299998, -23.50587504030921], [-50.634703704999936, -23.50593471230917], [-50.634638752999926, -23.505994308309194], [-50.63457388299997, -23.506024029309167], [-50.63454140699997, -23.506053827309188], [-50.634509013999946, -23.506053751309192], [-50.63447661999999, -23.50605367530921], [-50.634411915999976, -23.506023649309203], [-50.63434721099998, -23.505993623309173], [-50.63431481799995, -23.505993547309178], [-50.63431489999994, -23.505963674309218], [-50.634282506999966, -23.50596359830923], [-50.63428258899995, -23.505933724309227], [-50.634250277999975, -23.505903774309214], [-50.63418557399995, -23.50587374830918], [-50.63415334499995, -23.50581392430917], [-50.63408855799997, -23.50581377230919], [-50.63405616499995, -23.505813696309193], [-50.63402377099994, -23.505813620309205], [-50.63399137799996, -23.50581354430922], [-50.63392659099998, -23.505813392309214], [-50.63386180499999, -23.505813239309198], [-50.633829411999955, -23.50581316330921], [-50.633764706999955, -23.505783137309212], [-50.63373231399999, -23.505783061309227], [-50.63369992099996, -23.505782985309168], [-50.633667609999975, -23.50575303530917], [-50.633635298999934, -23.505723086309217], [-50.63360298799995, -23.505693136309233], [-50.63357067699997, -23.505663186309228], [-50.633538365999975, -23.505633236309176], [-50.63353844899996, -23.505603362309223], [-50.63350613799997, -23.50557341230923], [-50.63347374499994, -23.50557333630918], [-50.63347382799998, -23.505543462309237], [-50.63344151699994, -23.505513512309232], [-50.63344159999997, -23.50548363830923], [-50.63340920599995, -23.50548356230918], [-50.63337689499997, -23.505453612309182], [-50.633376977999944, -23.505423738309233], [-50.63334466699995, -23.50539378830924], [-50.63331235699996, -23.50536383830924], [-50.63328004599999, -23.50533388830918], [-50.63324773599993, -23.50530393830918], [-50.63308601699998, -23.505213935309214], [-50.633053623999956, -23.50521385930922], [-50.63305370699994, -23.505183985309216], [-50.63308609999996, -23.505184062309205], [-50.63311849299999, -23.505184138309204], [-50.63311857599996, -23.50515426430919], [-50.633150968999985, -23.505154340309243], [-50.63315105199997, -23.505124467309223], [-50.633183610999936, -23.505064795309206], [-50.633183858999985, -23.504975174309227], [-50.63321641699997, -23.50491550330921], [-50.633248975999955, -23.504855831309243], [-50.63331384499997, -23.504826110309207], [-50.63331401099998, -23.504766362309198], [-50.63331417599994, -23.504706615309228], [-50.63324996799997, -23.504497346309257], [-50.63321782299994, -23.504407648309243], [-50.63422192599996, -23.50443988330923], [-50.63425431899998, -23.504439959309234], [-50.63428679499997, -23.50441016230921], [-50.63431918799995, -23.504410238309255], [-50.63431927099998, -23.50438036430925]]]}, "properties": {"objectid": 19095, "cod_ibge": 4124301, "municipio": "SANTO ANTÔNIO DO PARAÍSO", "hidrografia": "massa d'água", "natureza": "artificial", "rio": "presente", "setor": "rural", "arquivo": "PR_4124301_MASSAS_DAGUA", "Shape__Area": 2.1531672969004553e-06, "Shape__Length": 0.006153511482059564}}, {"type": "Feature", "id": 19096, "geometry": {"type": "Polygon", "coordinates": [[[-50.64776042799997, -23.505158187309195], [-50.64776058599995, -23.505098439309243], [-50.647760665999954, -23.505068565309237], [-50.64779353599994, -23.504889396309213], [-50.647793614999955, -23.504859522309204], [-50.64779385299994, -23.504769900309245], [-50.647793932999946, -23.504740026309236], [-50.64779401199996, -23.50471015330921], [-50.64782640499993, -23.50471022630924], [-50.64785879899995, -23.504710299309213], [-50.64789111199996, -23.50474024630924], [-50.647923505999984, -23.504740319309203], [-50.647955819999936, -23.50477026630923], [-50.648117785999936, -23.50477063230923], [-50.64821385499994, -23.505189086309215], [-50.64818146199996, -23.50518901230921], [-50.64818138199996, -23.505218886309216], [-50.648181302999944, -23.50524876030921], [-50.648181223999984, -23.505278634309228], [-50.64818114399998, -23.505308508309223], [-50.64814867199994, -23.505338308309224], [-50.648116198999965, -23.50536810930921], [-50.64811611999995, -23.50539798330921], [-50.648083725999975, -23.50539791030918], [-50.648083646999964, -23.505427784309187], [-50.64805125299995, -23.505427710309235], [-50.64801878099996, -23.505457511309213], [-50.647986386999946, -23.5054574383092], [-50.647986307999986, -23.505487312309207], [-50.64798622799997, -23.50551718530921], [-50.64795383499996, -23.505517112309185], [-50.64795375599994, -23.505546986309195], [-50.647953596999976, -23.505606734309207], [-50.64795351699997, -23.505636608309214], [-50.64795327899998, -23.505726229309175], [-50.64798559299992, -23.505756176309216], [-50.64805014199993, -23.50584594330917], [-50.648050062999964, -23.505875817309175], [-50.648049983999954, -23.50590569130918], [-50.64804990399995, -23.505935565309187], [-50.64801743099997, -23.50596536530918], [-50.647985037999945, -23.505965292309213], [-50.64795264399998, -23.50596521930919], [-50.64792025099996, -23.50596514630922], [-50.647887856999944, -23.50596507230921], [-50.647855463999974, -23.50596499930918], [-50.647823069999966, -23.50596492630921], [-50.64779067699993, -23.505964853309198], [-50.64775828299997, -23.505964779309178], [-50.647725968999964, -23.505934832309208], [-50.64769357499994, -23.50593475930918], [-50.647693654999955, -23.50590488530918], [-50.64766126099993, -23.505904812309215], [-50.647661340999946, -23.505874938309205], [-50.64766141999996, -23.5058450643092], [-50.64766157899994, -23.505785317309183], [-50.64766173799996, -23.505725570309213], [-50.64766189699998, -23.50566582230921], [-50.647662055999945, -23.50560607530918], [-50.647662214999976, -23.505546327309233], [-50.647662373999935, -23.50548657930922], [-50.64769484599998, -23.505456779309224], [-50.647695084999945, -23.505367157309212], [-50.647727636999946, -23.505307483309206], [-50.64772779599997, -23.505247735309197], [-50.64776042799997, -23.505158187309195]]]}, "properties": {"objectid": 19096, "cod_ibge": 4124301, "municipio": "SANTO ANTÔNIO DO PARAÍSO", "hidrografia": "massa d'água", "natureza": "artificial", "rio": "presente", "setor": "rural", "arquivo": "PR_4124301_MASSAS_DAGUA", "Shape__Area": 4.4708649280420595e-07, "Shape__Length": 0.003431075452929258}}, {"type": "Feature", "id": 19097, "geometry": {"type": "Polygon", "coordinates": [[[-50.66634383399998, -23.509321715309106], [-50.666408772999944, -23.509262107309134], [-50.66644124199996, -23.509232303309133], [-50.666473636999974, -23.509232372309143], [-50.66650603099998, -23.50923244130909], [-50.66653842599993, -23.509232511309147], [-50.66660313899997, -23.50926252330911], [-50.66663530799997, -23.509352213309096], [-50.66666755199998, -23.509412030309115], [-50.66669979599993, -23.509471847309136], [-50.66673203999994, -23.50953166530909], [-50.666764359999945, -23.5095616083091], [-50.66679675399996, -23.50956167730911], [-50.666796603999956, -23.509621425309117], [-50.66682892299997, -23.50965136830914], [-50.66686124299997, -23.509681311309098], [-50.666893561999984, -23.509711254309114], [-50.66689341199998, -23.509771002309133], [-50.66692565599993, -23.509830819309084], [-50.666957975999935, -23.509860762309096], [-50.66695789999994, -23.5098906363091], [-50.66699021999994, -23.50992057930912], [-50.66702253899996, -23.509950522309072], [-50.66702246399996, -23.50998039630908], [-50.66705478399996, -23.5100103393091], [-50.667086952999966, -23.510100030309125], [-50.66711919799997, -23.510159847309087], [-50.66715151699998, -23.510189790309102], [-50.66718383699998, -23.51021973330912], [-50.66718376199998, -23.510249607309127], [-50.667183686999984, -23.510279481309073], [-50.667216080999935, -23.51027955030908], [-50.66721600599994, -23.51030942430909], [-50.66721593099993, -23.510339298309095], [-50.667215855999984, -23.510369172309094], [-50.66721570599998, -23.510428920309106], [-50.66721555599998, -23.510488667309076], [-50.66721540599997, -23.51054841530909], [-50.66721525599996, -23.5106081633091], [-50.66721510499997, -23.510667911309113], [-50.66721495499996, -23.510727658309072], [-50.66721480499996, -23.510787406309085], [-50.667214729999955, -23.510817280309094], [-50.66721465499995, -23.5108471543091], [-50.66718233499995, -23.510817211309085], [-50.66708552599994, -23.51066763430908], [-50.667021036999984, -23.510548000309093], [-50.66702111199999, -23.510518126309094], [-50.66698879299997, -23.510488183309075], [-50.666988867999976, -23.51045830930908], [-50.66695654799997, -23.510428366309117], [-50.66692422899995, -23.510398423309102], [-50.66689190899996, -23.51036847930909], [-50.66689198399996, -23.510338606309073], [-50.666859589999945, -23.510338536309078], [-50.66685966499995, -23.510308662309075], [-50.66685973999995, -23.510278789309112], [-50.666827344999945, -23.510278719309124], [-50.66682741999995, -23.51024884530911], [-50.66679502599993, -23.5102487763091], [-50.66679510099994, -23.510218902309113], [-50.666762780999925, -23.510188959309083], [-50.666730461999975, -23.510159016309128], [-50.666730536999985, -23.510129142309115], [-50.666698217999965, -23.510099199309103], [-50.66669829299997, -23.510069325309097], [-50.66666597299996, -23.51003938230908], [-50.66666612399996, -23.50997963430914], [-50.66663380399996, -23.509949691309107], [-50.66660155999995, -23.50988987430909], [-50.666569240999934, -23.509859930309087], [-50.666569315999936, -23.50983005730913], [-50.666181635999976, -23.50941099030915], [-50.666214029999935, -23.50941105930909], [-50.66634383399998, -23.509321715309106]]]}, "properties": {"objectid": 19097, "cod_ibge": 4124301, "municipio": "SANTO ANTÔNIO DO PARAÍSO", "hidrografia": "massa d'água", "natureza": "artificial", "rio": "presente", "setor": "rural", "arquivo": "PR_4124301_MASSAS_DAGUA", "Shape__Area": 5.075882357641618e-07, "Shape__Length": 0.004226261045415149}}, {"type": "Feature", "id": 19098, "geometry": {"type": "Polygon", "coordinates": [[[-50.66344661199997, -23.514872046309016], [-50.66347915999996, -23.514812369309006], [-50.66351170799993, -23.514752691308985], [-50.66354433099997, -23.514663140309025], [-50.663576878999955, -23.514603462309008], [-50.66357695499994, -23.514573588308988], [-50.66360957799998, -23.514484037309025], [-50.66360988099996, -23.514364542308996], [-50.663642428999935, -23.514304864308972], [-50.66367497599998, -23.51424518730901], [-50.66370759899996, -23.514155635308995], [-50.66377269399994, -23.514036279309032], [-50.663837712999964, -23.513946798308996], [-50.66383786399996, -23.513887050309034], [-50.66390280699994, -23.513827442309026], [-50.66390288299993, -23.51379756830902], [-50.66393535399994, -23.51376776430902], [-50.663967824999986, -23.513737961308994], [-50.66396790099998, -23.513708087308995], [-50.66403284299997, -23.51364847930904], [-50.664065389999955, -23.513588801309023], [-50.66409786099996, -23.513558997309016], [-50.66413033199996, -23.51352919330902], [-50.66416272799996, -23.51352926330901], [-50.664195122999956, -23.513529333309016], [-50.66422751899995, -23.513529403309004], [-50.664259913999956, -23.51352947230902], [-50.664259837999964, -23.51355934630902], [-50.66429223399996, -23.513559416309022], [-50.66429215799997, -23.513589290309028], [-50.66432455399996, -23.513589360309023], [-50.66432447799997, -23.513619234309036], [-50.664356872999974, -23.513619303309046], [-50.66435679799997, -23.513649177309045], [-50.66438919299998, -23.513649247309047], [-50.66442143699994, -23.513709065309], [-50.664486076999935, -23.51376895230902], [-50.66451847199995, -23.51376902230902], [-50.664583111999946, -23.513828909309034], [-50.664583035999954, -23.51385878330904], [-50.66464775199995, -23.513888796308997], [-50.66468007199995, -23.513918740309002], [-50.664744710999976, -23.513978627309022], [-50.66484174699997, -23.514038584309038], [-50.66487406699997, -23.514068528308982], [-50.66493878199998, -23.51409854130899], [-50.665003497999976, -23.514128554309014], [-50.66506821399998, -23.51415856730902], [-50.66519771999998, -23.514188720309036], [-50.66523004099998, -23.514218663309], [-50.66529475599998, -23.514248676309], [-50.665391867999965, -23.514278759309015], [-50.66548890399997, -23.514338716308984], [-50.66561833499998, -23.514398742309012], [-50.665683126999966, -23.51439888130902], [-50.66571544699997, -23.514428824309036], [-50.66574784299996, -23.514428894309034], [-50.665780162999965, -23.514458837308993], [-50.66581255899996, -23.514458907308985], [-50.666395303999934, -23.51460952530901], [-50.66642769899994, -23.514609595308997], [-50.66590740899994, -23.515385204309], [-50.66590733399995, -23.51541507730896], [-50.665907257999955, -23.51544495130896], [-50.66587478699995, -23.51547475630896], [-50.66580969399996, -23.51559411230899], [-50.66574475099998, -23.51565372130899], [-50.66571227999997, -23.515683525308994], [-50.66571220399993, -23.515713399309], [-50.665679807999936, -23.515713329309005], [-50.66564741199995, -23.515713260308992], [-50.665647487999934, -23.515683386308996], [-50.66561509199994, -23.51568331630899], [-50.665582695999944, -23.515683247308974], [-50.665517903999955, -23.51568310830897], [-50.66548550799996, -23.515683038308975], [-50.665453111999966, -23.515682968308976], [-50.665420715999964, -23.51568289930896], [-50.66538839499998, -23.51565295530895], [-50.66532360299993, -23.515652816308958], [-50.66529128299994, -23.51562287330899], [-50.66525888699994, -23.515622803308997], [-50.66516169899995, -23.515622594308986], [-50.66506451099997, -23.51562238530898], [-50.66499964399998, -23.515652119308996], [-50.66493485199993, -23.515651980308977], [-50.66487005999994, -23.515651841308973], [-50.664837587999955, -23.515681645308987], [-50.66480519199996, -23.51568157530898], [-50.66477272099996, -23.515711379308993], [-50.664740248999976, -23.515741183309004], [-50.66470785299998, -23.515741113309], [-50.66467538099993, -23.51577091830899], [-50.66464290999994, -23.515800722308946], [-50.66457811799995, -23.515800582308948], [-50.664545645999965, -23.515830386308966], [-50.66451317399998, -23.51586019030896], [-50.66448070299999, -23.515889994308967], [-50.66441583499994, -23.515919728308976], [-50.66431857099997, -23.51594939330898], [-50.66425362799998, -23.516009001308987], [-50.66422123099994, -23.51600893130899], [-50.664188759999945, -23.516038735308943], [-50.66405902399998, -23.516098203308953], [-50.66396183699994, -23.51609799330896], [-50.66389696899995, -23.516127727308966], [-50.66383210099997, -23.516157461308982], [-50.66376730799993, -23.51615732230898], [-50.663702515999944, -23.516157182308966], [-50.66363779999995, -23.516127168308973], [-50.66354061199996, -23.516126958308973], [-50.66344349899998, -23.516096874308968], [-50.66341110299993, -23.516096804308965], [-50.663378782999985, -23.516066860308975], [-50.66334646299998, -23.516036916308963], [-50.66331421899997, -23.51597709930896], [-50.66328182299997, -23.515977028308956], [-50.66328189899997, -23.515947155309], [-50.66328197499996, -23.51591728130898], [-50.663282126999945, -23.515857533308985], [-50.663282278999986, -23.51579778530897], [-50.66328243099997, -23.515738038308957], [-50.66331497899995, -23.515678360308993], [-50.66331513099993, -23.515618612308984], [-50.66331520599994, -23.515588739308964], [-50.66334775399997, -23.51552906130895], [-50.663347829999964, -23.515499187309004], [-50.663347905999956, -23.51546931330899], [-50.663347981999955, -23.515439439308995], [-50.66334805799994, -23.51540956630897], [-50.663380605999976, -23.51534988830896], [-50.66338068199997, -23.51532001430896], [-50.66338075799997, -23.515290140309013], [-50.66338083399995, -23.51526026630901], [-50.66341330599994, -23.515230463308992], [-50.66341345699993, -23.515170715308976], [-50.663413608999974, -23.515110967308964], [-50.663413684999966, -23.51508109330901], [-50.66341376099995, -23.515051220309], [-50.66341383699995, -23.515021346309], [-50.66341391299995, -23.514991472308985], [-50.663413988999935, -23.51496159830899], [-50.663414140999976, -23.514901850308977], [-50.66344653699998, -23.514901920308972], [-50.66344661199997, -23.514872046309016]]]}, "properties": {"objectid": 19098, "cod_ibge": 4124301, "municipio": "SANTO ANTÔNIO DO PARAÍSO", "hidrografia": "massa d'água", "natureza": "artificial", "rio": "presente", "setor": "rural", "arquivo": "PR_4124301_MASSAS_DAGUA", "Shape__Area": 4.693303384902508e-06, "Shape__Length": 0.009518979556684938}}, {"type": "Feature", "id": 19099, "geometry": {"type": "Polygon", "coordinates": [[[-50.63711889399997, -23.511168300309066], [-50.63702170899995, -23.511168074309076], [-50.636957001999974, -23.511138049309068], [-50.636859980999986, -23.511078075309054], [-50.636762878999946, -23.51104797430907], [-50.63666585899995, -23.51098800030905], [-50.636568919999945, -23.510898153309093], [-50.63653660799998, -23.510868203309094], [-50.63650437699994, -23.510808380309076], [-50.63647206399997, -23.51077843130907], [-50.63647230999993, -23.510688810309098], [-50.63640801299994, -23.51050941630912], [-50.63640809499997, -23.510479542309124], [-50.63618239899994, -23.510090653309103], [-50.636150086999976, -23.510060704309087], [-50.63641063699998, -23.509553455309096], [-50.63644303099994, -23.5095535303091], [-50.63644294899996, -23.509583404309097], [-50.63650740999998, -23.509703051309117], [-50.63653972299994, -23.509733000309126], [-50.63660426599995, -23.509822772309086], [-50.63663657799997, -23.50985272230909], [-50.63670120299997, -23.509912621309088], [-50.636765909999944, -23.509942645309106], [-50.63679822299997, -23.509972595309097], [-50.636863011999935, -23.509972746309096], [-50.63696011299999, -23.510002846309103], [-50.63708960899998, -23.51003302230909], [-50.637219105999975, -23.51006319830909], [-50.637316288999955, -23.51006342430909], [-50.637381077999976, -23.510063575309086], [-50.63747817999996, -23.51009367530908], [-50.637510573999975, -23.510093750309085], [-50.637575199999965, -23.510153649309085], [-50.63767221899997, -23.510213622309113], [-50.63773684499996, -23.510273520309077], [-50.637736680999986, -23.510333268309097], [-50.63773659999998, -23.5103631423091], [-50.63773635399997, -23.51045276330911], [-50.63773619099993, -23.510512511309084], [-50.63773602799995, -23.51057225830909], [-50.637735945999964, -23.510602132309096], [-50.63773570099994, -23.51069175330907], [-50.637735618999955, -23.510721627309078], [-50.63770297899998, -23.510811173309094], [-50.63763786399994, -23.510930517309074], [-50.637637781999956, -23.51096039130909], [-50.637572828999964, -23.511019987309044], [-50.63750787599997, -23.511079584309083], [-50.63741060999996, -23.51110923130909], [-50.637313343999956, -23.511138879309097], [-50.637183682999925, -23.511168451309057], [-50.63711889399997, -23.511168300309066]]]}, "properties": {"objectid": 19099, "cod_ibge": 4124301, "municipio": "SANTO ANTÔNIO DO PARAÍSO", "hidrografia": "massa d'água", "natureza": "artificial", "rio": "presente", "setor": "rural", "arquivo": "PR_4124301_MASSAS_DAGUA", "Shape__Area": 1.4932446888930487e-06, "Shape__Length": 0.005066306300843552}}, {"type": "Feature", "id": 20425, "geometry": {"type": "Polygon", "coordinates": [[[-50.68331394499995, -23.457017627310297], [-50.68334639799996, -23.456987818310296], [-50.68341123199997, -23.456958076310304], [-50.68347606699996, -23.456928333310277], [-50.683508519999975, -23.456898525310308], [-50.68357335399998, -23.45686878231029], [-50.683638188999964, -23.45683903931032], [-50.68370295199998, -23.456839170310303], [-50.68376771499993, -23.456839302310325], [-50.68380009699996, -23.45683936731032], [-50.68383247899993, -23.456839433310314], [-50.683832407999944, -23.456869307310303], [-50.68386471799994, -23.456899247310304], [-50.683897028999986, -23.456929186310298], [-50.683929267999986, -23.456989000310287], [-50.68396157899996, -23.45701894031028], [-50.68402605799998, -23.45713856831027], [-50.68415522899994, -23.457288200310312], [-50.684219850999966, -23.457348079310307], [-50.68366850599994, -23.457705453310265], [-50.68366843499995, -23.457735328310267], [-50.68366836399997, -23.457765202310274], [-50.683668292999975, -23.457795076310276], [-50.683668221999945, -23.457824950310286], [-50.68366807899997, -23.457884698310295], [-50.683668007999984, -23.457914572310305], [-50.68366793699993, -23.457944446310258], [-50.68366786599995, -23.45797432131024], [-50.683667794999955, -23.458004195310256], [-50.68366772399997, -23.458034069310266], [-50.683635341999945, -23.458034003310274], [-50.68360288899999, -23.45806381231028], [-50.683505599999926, -23.45812336331027], [-50.68347321799997, -23.458123297310294], [-50.683473146999965, -23.458153171310293], [-50.68344069399996, -23.458182980310248], [-50.68340831199998, -23.458182914310267], [-50.68256559599997, -23.45850981831028], [-50.682533141999954, -23.458539627310298], [-50.68250075999998, -23.458539561310246], [-50.68243592399995, -23.458569303310284], [-50.682371159999946, -23.458569171310263], [-50.682338706999985, -23.458598979310292], [-50.682306324999956, -23.458598913310244], [-50.68227387099994, -23.458628722310245], [-50.682209106999956, -23.458628590310287], [-50.68217672499998, -23.45862852431024], [-50.68214427099997, -23.458658332310254], [-50.68211188899994, -23.458658266310284], [-50.68207950699996, -23.458658200310232], [-50.68201474299996, -23.458658068310278], [-50.68198228899996, -23.458687876310226], [-50.68191752499997, -23.45868774431026], [-50.681885070999954, -23.45871755231023], [-50.68185268899998, -23.458717486310242], [-50.68178785299995, -23.458747228310287], [-50.681723016999975, -23.45877697031027], [-50.68162587099993, -23.45877677231025], [-50.68156103499995, -23.458806514310233], [-50.681528652999994, -23.458806448310245], [-50.68146381699995, -23.45883619031022], [-50.68139905299996, -23.45883605731028], [-50.68139898099997, -23.45886593131027], [-50.68133421699997, -23.458865799310253], [-50.681269380999936, -23.458895541310245], [-50.68120454499996, -23.458925282310226], [-50.681107398999984, -23.45892508331022], [-50.68107494499998, -23.45895489131025], [-50.68104256299995, -23.45895482531026], [-50.68101018099998, -23.458954759310284], [-50.68094534499994, -23.458984500310272], [-50.680912890999934, -23.45901430831024], [-50.68088050899996, -23.459014242310246], [-50.680848054999956, -23.459044050310272], [-50.68078321799993, -23.45907379231025], [-50.68075083599996, -23.459073725310223], [-50.680686071999965, -23.459073593310254], [-50.68058892499994, -23.45907339431026], [-50.680556542999966, -23.459073328310275], [-50.68049177899997, -23.45907319531026], [-50.680427013999974, -23.45907306231025], [-50.68039463199994, -23.45907299631026], [-50.68036224999997, -23.459072930310274], [-50.68029748599997, -23.459072797310252], [-50.68029755699996, -23.459042923310253], [-50.680265174999924, -23.459042856310216], [-50.68020048299996, -23.45901285031026], [-50.680135789999945, -23.458982843310235], [-50.68010347999995, -23.458952902310248], [-50.68003885999997, -23.458893022310278], [-50.679974167999944, -23.458863015310254], [-50.679909546999966, -23.458803134310287], [-50.67984485499994, -23.45877312731026], [-50.67981261699998, -23.45871331231027], [-50.67974792499996, -23.45868330531026], [-50.679715542999986, -23.458683239310268], [-50.679683232999935, -23.45865329831024], [-50.67965092299994, -23.458623358310245], [-50.679618612999946, -23.458593417310265], [-50.67955392099998, -23.458563410310248], [-50.67948922899996, -23.458533403310284], [-50.679489300999926, -23.458503529310278], [-50.679424608999966, -23.458473522310253], [-50.67932760699994, -23.458413574310256], [-50.67923053399994, -23.45838350031027], [-50.679133459999946, -23.45835342631027], [-50.67910114999995, -23.45832348531029], [-50.679068840999946, -23.458293545310244], [-50.679036602999986, -23.458233730310262], [-50.67897198299994, -23.45817384831025], [-50.67893974599997, -23.458114033310256], [-50.678939817999954, -23.45808415931026], [-50.67893988999998, -23.458054285310254], [-50.67893996299995, -23.458024411310245], [-50.67894003499999, -23.45799453731029], [-50.67894010699996, -23.4579646633103], [-50.678972560999966, -23.457934855310267], [-50.678972632999944, -23.457904981310257], [-50.67900501499997, -23.457905048310295], [-50.67903746899998, -23.457875240310273], [-50.67906992399998, -23.457845433310293], [-50.67910230499996, -23.457845500310277], [-50.67910237799998, -23.45781562531028], [-50.679134759999954, -23.457815692310245], [-50.67913483199994, -23.457785818310303], [-50.67916728599994, -23.45775601031028], [-50.67923212199997, -23.45772626931029], [-50.679264574999934, -23.457696462310267], [-50.67932941099996, -23.457666721310268], [-50.679361864999976, -23.45763691331031], [-50.679426699999965, -23.45760717231025], [-50.679459153999964, -23.45757736531028], [-50.67949160799998, -23.457547557310267], [-50.67955637199998, -23.45754769031028], [-50.67962120799996, -23.457517949310276], [-50.67968597099996, -23.457518082310308], [-50.679718424999976, -23.457488274310276], [-50.67975080699995, -23.457488341310313], [-50.67981557099995, -23.457488474310264], [-50.67984795199993, -23.457488540310315], [-50.67988033399996, -23.457488607310278], [-50.67994509799996, -23.457488740310286], [-50.679977479999934, -23.457488806310277], [-50.680042242999946, -23.457488939310295], [-50.68007462499998, -23.45748900531028], [-50.68013938899997, -23.457489138310287], [-50.68020415199994, -23.457489271310315], [-50.68023653399996, -23.457489337310292], [-50.68026891599993, -23.45748940431026], [-50.68030129799996, -23.457489470310307], [-50.68033367999993, -23.457489536310295], [-50.680398442999945, -23.4574896693103], [-50.680463134999975, -23.45751967631027], [-50.68062504399995, -23.45752000731029], [-50.680657425999975, -23.457520074310267], [-50.68088409899997, -23.4575205373103], [-50.68094886199998, -23.45752067031027], [-50.68240597199997, -23.457553517310263], [-50.68247073499999, -23.457553649310306], [-50.68253549899998, -23.45755378131026], [-50.68260026299998, -23.457553912310303], [-50.68263271599994, -23.45752410431028], [-50.68269762199998, -23.45746448831029], [-50.68273000399995, -23.457464554310267], [-50.68279491099997, -23.457404937310297], [-50.68289219899998, -23.457345386310312], [-50.68295703399997, -23.45731564431027], [-50.683054320999986, -23.457256093310278], [-50.683086773999946, -23.45722628531032], [-50.68311922699996, -23.45719647631031], [-50.68315175099997, -23.45713679531027], [-50.68321672799993, -23.45704730431028], [-50.68324910999996, -23.457047370310267], [-50.68331394499995, -23.457017627310297]]]}, "properties": {"objectid": 20425, "cod_ibge": 4126009, "municipio": "SÃO SEBASTIÃO DA AMOREIRA", "hidrografia": "massa d'água", "natureza": "artificial", "rio": "presente", "setor": "rural", "arquivo": "PR_4126009_MASSAS_DAGUA", "Shape__Area": 5.850267401243837e-06, "Shape__Length": 0.012602778109649231}}, {"type": "Feature", "id": 20434, "geometry": {"type": "Polygon", "coordinates": [[[-50.68861691099994, -23.47408648730992], [-50.68868175199998, -23.4740567423099], [-50.688714137999966, -23.4740568073099], [-50.68874652399995, -23.4740568723099], [-50.68877890999995, -23.474056936309893], [-50.68881129599998, -23.474057001309895], [-50.68887606799995, -23.474057130309898], [-50.68894083899994, -23.474057259309888], [-50.68900554099997, -23.47408726330989], [-50.68913501499998, -23.4741173953099], [-50.68923217199995, -23.47411758930989], [-50.68929694399998, -23.474117718309895], [-50.68939403199994, -23.474147785309896], [-50.68942641799998, -23.474147850309897], [-50.689491189999956, -23.474147979309897], [-50.689588276999984, -23.47417804630991], [-50.68971782099993, -23.474178304309902], [-50.689847364999935, -23.474178562309906], [-50.68987975099998, -23.47417862630991], [-50.68994452199997, -23.474178755309914], [-50.69000929399993, -23.474178884309914], [-50.690106521999944, -23.4741492033099], [-50.69020374899998, -23.474119522309913], [-50.69023620499996, -23.47408971230992], [-50.69030097699993, -23.474089841309915], [-50.69039813399996, -23.474090034309917], [-50.690527676999984, -23.47409029130993], [-50.69062483499994, -23.474090484309922], [-50.69065722099998, -23.474090548309952], [-50.69068960599998, -23.47409061230989], [-50.69075437799995, -23.47409074130989], [-50.69081907999998, -23.474120743309896], [-50.69088378299995, -23.474150746309917], [-50.69094848499998, -23.47418074830992], [-50.69101318699995, -23.47421075130993], [-50.69104550299995, -23.474240689309884], [-50.69104543399993, -23.47427056330989], [-50.69107774999998, -23.4743005013099], [-50.691110066999954, -23.474330440309906], [-50.69110999699996, -23.47436031430991], [-50.69114231399993, -23.474390252309917], [-50.69117462999998, -23.47442019030993], [-50.69117455999998, -23.47445006430988], [-50.69117442099997, -23.474509812309886], [-50.691174351999955, -23.47453968630989], [-50.69117428199996, -23.474569561309885], [-50.69114175699997, -23.4746292443099], [-50.691109301999965, -23.474659054309903], [-50.69107684599993, -23.474688863309915], [-50.69107677599993, -23.47471873830992], [-50.691044181999985, -23.474808296309924], [-50.69101172599995, -23.474838106309928], [-50.690979269999964, -23.47486791530988], [-50.69094688399997, -23.47486785130987], [-50.69091449799999, -23.474867787309925], [-50.69088211199994, -23.474867723309924], [-50.69084972599995, -23.474867659309904], [-50.69078495399998, -23.474867530309908], [-50.69075256799993, -23.47486746630991], [-50.69072018199995, -23.4748674023099], [-50.69065540999998, -23.4748672733099], [-50.690623023999926, -23.4748672093099], [-50.69059063699996, -23.474867145309894], [-50.690525864999984, -23.47486701630989], [-50.690493479999994, -23.474866952309878], [-50.69046109399994, -23.474866888309876], [-50.69042863799996, -23.47489669730989], [-50.690363865999984, -23.474896569309884], [-50.690299023999955, -23.474926314309883], [-50.69023411299998, -23.474985934309892], [-50.690201725999934, -23.474985869309894], [-50.690169270999945, -23.475015679309895], [-50.69013681499997, -23.475045489309885], [-50.69007197299994, -23.475075234309895], [-50.69003944699995, -23.4751349183099], [-50.689974604999975, -23.47516466330991], [-50.68997453499998, -23.475194537309914], [-50.68994214899993, -23.475194473309912], [-50.68990969299995, -23.475224283309913], [-50.689844850999975, -23.47525402830985], [-50.68978000799996, -23.475283773309858], [-50.68968284999994, -23.475283580309863], [-50.689585620999935, -23.475313260309864], [-50.689553234999956, -23.47531319630986], [-50.68952077899996, -23.475343006309863], [-50.689488392999976, -23.475342941309872], [-50.68945600699993, -23.475342877309867], [-50.68942362099995, -23.47534281230986], [-50.68939116399997, -23.475372622309866], [-50.689358707999986, -23.475402431309888], [-50.68932618199994, -23.475462115309888], [-50.68926140999997, -23.475461986309885], [-50.68922895399999, -23.47549179530989], [-50.68916411099997, -23.475521540309895], [-50.68909926899994, -23.47555128530985], [-50.68903442599998, -23.47558103030985], [-50.68900196999994, -23.47561084030985], [-50.68890474099993, -23.475640520309863], [-50.68880751199998, -23.47567020030988], [-50.68877505599993, -23.475700009309893], [-50.68871028299998, -23.47569988030989], [-50.68861305499996, -23.475729560309897], [-50.68854821299993, -23.475759305309857], [-50.688483369999965, -23.475789050309857], [-50.68845091299994, -23.47581885930985], [-50.68838607099997, -23.475848604309874], [-50.68832122799995, -23.475878348309887], [-50.68828884099998, -23.475878283309893], [-50.68825638499993, -23.475908093309883], [-50.688191611999976, -23.475907963309844], [-50.688159155999976, -23.475937772309855], [-50.68812676899994, -23.47593770830985], [-50.688094382999964, -23.475937643309855], [-50.68806199699997, -23.475937578309853], [-50.68799722399996, -23.47593744930987], [-50.68796476699999, -23.475967258309872], [-50.687899994999945, -23.475967128309872], [-50.687867607999976, -23.47596706330989], [-50.68783522199993, -23.47596699830989], [-50.687835151999934, -23.47599687330988], [-50.68780276499996, -23.475996808309898], [-50.68780269499996, -23.476026682309847], [-50.687770308999966, -23.47602661730985], [-50.68773785199995, -23.47605642630985], [-50.68770539499997, -23.47608623530987], [-50.68767300899998, -23.476086170309873], [-50.68764055199994, -23.47611598030989], [-50.68760809599996, -23.476145789309893], [-50.68757570899998, -23.476145724309895], [-50.68754332299994, -23.476145659309843], [-50.687478479999974, -23.476175403309853], [-50.68741370699996, -23.47617527330986], [-50.687381320999975, -23.476175209309854], [-50.687316547999956, -23.476175079309876], [-50.687251774999936, -23.476174949309883], [-50.687186931999975, -23.47620469330984], [-50.68712215899996, -23.47620456330984], [-50.687057315999944, -23.476234307309863], [-50.68702492899996, -23.47623424230987], [-50.68696015699992, -23.476234112309886], [-50.68689538399997, -23.47623398230983], [-50.68679822399997, -23.47623378730986], [-50.68670106599995, -23.476233592309868], [-50.68666867999997, -23.476233526309876], [-50.686636292999935, -23.47623346130989], [-50.68657152099996, -23.476233331309846], [-50.686539133999986, -23.476233266309855], [-50.68650681799994, -23.476203327309847], [-50.686474431999955, -23.476203262309856], [-50.68640965899993, -23.476203132309866], [-50.68637727299995, -23.476203066309886], [-50.686312570999974, -23.476173062309883], [-50.68621548199996, -23.476142992309843], [-50.68611839399995, -23.476112923309856], [-50.68602137599999, -23.476052979309873], [-50.68592421699998, -23.476052783309846], [-50.685859443999966, -23.476052653309853], [-50.68576235599994, -23.476022583309877], [-50.685665196999935, -23.47602238730984], [-50.68563288099995, -23.47599244830985], [-50.68560049499996, -23.475992383309848], [-50.68553572199994, -23.47599225230987], [-50.68547094999997, -23.475992121309893], [-50.68543856299993, -23.475992056309842], [-50.685406176999955, -23.475991991309847], [-50.68537379099996, -23.47599192530986], [-50.685341403999985, -23.47599186030986], [-50.685276631999955, -23.475991729309893], [-50.68524424499998, -23.475991664309888], [-50.68521185899994, -23.475991598309847], [-50.68517947299995, -23.475991533309866], [-50.68514708599997, -23.47599146830986], [-50.68508231399994, -23.475991337309885], [-50.684985154999936, -23.475991141309855], [-50.68495276799995, -23.475991075309874], [-50.68485560899995, -23.475990879309894], [-50.68482322399996, -23.475990813309853], [-50.68475852199998, -23.47596080830987], [-50.68472613599993, -23.475960743309876], [-50.684629047999984, -23.475930672309858], [-50.68459666099995, -23.475930607309852], [-50.68456427499996, -23.475930541309864], [-50.68453188899997, -23.475930476309866], [-50.68449950299999, -23.475930410309893], [-50.68446711599995, -23.475930345309827], [-50.68446718699994, -23.475900471309888], [-50.68443480099995, -23.475900405309847], [-50.68443487199994, -23.475870531309845], [-50.68440262799999, -23.475810717309855], [-50.684402698999975, -23.475780843309852], [-50.68437059699994, -23.47566128230989], [-50.68437116499996, -23.475422289309908], [-50.68437130799998, -23.475362541309902], [-50.68514892999997, -23.475214742309912], [-50.68518138699994, -23.47518493330989], [-50.685213843999975, -23.475155125309875], [-50.68531107299998, -23.475125447309907], [-50.685343529999955, -23.475095638309902], [-50.685408372999966, -23.475065895309864], [-50.68544075899995, -23.47506596030986], [-50.68550560199998, -23.475036217309896], [-50.68553812999994, -23.474976534309874], [-50.685570515999984, -23.474976599309876], [-50.685700130999976, -23.474946986309888], [-50.68573251699996, -23.47494705230987], [-50.68576490299994, -23.474947117309863], [-50.68576483199996, -23.474976991309873], [-50.68579721899994, -23.474977056309868], [-50.68579714799995, -23.475006930309878], [-50.685829533999936, -23.475006996309904], [-50.685861848999934, -23.475036935309916], [-50.685894164999986, -23.47506687430991], [-50.685958865999964, -23.475096879309895], [-50.68599125199995, -23.475096944309897], [-50.68602356799994, -23.475126883309894], [-50.68608826899998, -23.47515688830988], [-50.686153041999944, -23.47515701830987], [-50.68618542799993, -23.475157083309867], [-50.68625019999996, -23.475157214309892], [-50.68631504299997, -23.475127470309886], [-50.686347428999966, -23.475127535309888], [-50.68637981499996, -23.47512760030988], [-50.68644472899996, -23.475067982309916], [-50.686477184999944, -23.47503817330989], [-50.686509641999976, -23.47500836430988], [-50.68657448499994, -23.474978621309916], [-50.68660694099998, -23.47494881230991], [-50.68660701199997, -23.474918937309905], [-50.68667178399994, -23.474919068309887], [-50.68670424099997, -23.474889259309876], [-50.686736696999965, -23.47485945030987], [-50.686769082999945, -23.474859515309923], [-50.68680153899994, -23.474829706309905], [-50.68683392499997, -23.474829771309903], [-50.68686631099996, -23.474829836309894], [-50.68693108299994, -23.47482996630989], [-50.68699585499996, -23.47483009630988], [-50.68712539999996, -23.474830356309912], [-50.68715778599994, -23.47483042130991], [-50.687222557999974, -23.474830551309903], [-50.68731978699997, -23.47480087230988], [-50.68738455899995, -23.47480100130988], [-50.68744940099999, -23.474771257309914], [-50.68751424399994, -23.474741513309908], [-50.687546699999984, -23.474711704309886], [-50.68757908599997, -23.474711769309888], [-50.687611541999956, -23.474681960309876], [-50.687643998999924, -23.47465215030988], [-50.68770884099996, -23.474622406309905], [-50.68777375399998, -23.474562788309886], [-50.68780620999996, -23.47453297930989], [-50.68787112299998, -23.47447336130992], [-50.687903578999965, -23.474443552309904], [-50.68796835099994, -23.4744436813099], [-50.68800080699998, -23.474413872309903], [-50.68806564899995, -23.47438412730989], [-50.68813049099998, -23.474354383309933], [-50.68819533299995, -23.474324638309923], [-50.68819540399994, -23.47429476430992], [-50.68826024599997, -23.474265020309907], [-50.68832508799995, -23.4742352753099], [-50.68838992999997, -23.474205531309874], [-50.68845484199994, -23.47414591230992], [-50.688519683999964, -23.47411616730992], [-50.68855206999996, -23.474116232309918], [-50.68861691099994, -23.47408648730992]]]}, "properties": {"objectid": 20434, "cod_ibge": 4126009, "municipio": "SÃO SEBASTIÃO DA AMOREIRA", "hidrografia": "massa d'água", "natureza": "artificial", "rio": "presente", "setor": "rural", "arquivo": "PR_4126009_MASSAS_DAGUA", "Shape__Area": 7.654452428144162e-06, "Shape__Length": 0.01581164003840784}}, {"type": "Feature", "id": 20439, "geometry": {"type": "Polygon", "coordinates": [[[-50.69371341999994, -23.51099114330907], [-50.69381060499995, -23.510991334309097], [-50.69390771999997, -23.511021399309076], [-50.693940114999975, -23.51102146330909], [-50.69397250999999, -23.511021526309097], [-50.69397244099997, -23.511051400309096], [-50.69397237199996, -23.511081274309117], [-50.693907443999926, -23.511140894309104], [-50.693874910999966, -23.511200578309055], [-50.69381005199995, -23.511230325309096], [-50.693809982999944, -23.511260199309106], [-50.69377751899997, -23.511290009309104], [-50.69374505499996, -23.51131981930912], [-50.69371265999996, -23.511319755309103], [-50.69371259099995, -23.51134962930905], [-50.693680195999946, -23.511349566309093], [-50.69364773199993, -23.511379376309083], [-50.69361533699998, -23.511379312309078], [-50.69358287299997, -23.51140912230909], [-50.69358280299996, -23.51143899630908], [-50.69283757899996, -23.51149727630905], [-50.692837717999964, -23.51143752930908], [-50.69283792599998, -23.511347907309066], [-50.692837994999934, -23.511318033309063], [-50.69283806399994, -23.511288159309053], [-50.69283813399995, -23.511258285309054], [-50.69287052899995, -23.511258349309063], [-50.69293538799997, -23.511228603309057], [-50.69296778299997, -23.511228666309076], [-50.693000177999984, -23.51122873030908], [-50.693032641999935, -23.51119892030907], [-50.69306510599994, -23.511169110309087], [-50.693097500999954, -23.51116917430908], [-50.69312996499997, -23.511139364309088], [-50.693162359999974, -23.511139428309093], [-50.69319475499998, -23.511139491309045], [-50.69322721899994, -23.5111096813091], [-50.693259613999935, -23.51110974530906], [-50.693292077999956, -23.511079936309102], [-50.69335686799997, -23.511080063309063], [-50.69338933199998, -23.511050253309065], [-50.693421726999986, -23.511050317309063], [-50.693454121999935, -23.511050381309065], [-50.69348651699994, -23.511050445309085], [-50.69355137599995, -23.5110206983091], [-50.693583770999965, -23.5110207623091], [-50.693648560999975, -23.511020889309066], [-50.69371341999994, -23.51099114330907]]]}, "properties": {"objectid": 20439, "cod_ibge": 4126009, "municipio": "SÃO SEBASTIÃO DA AMOREIRA", "hidrografia": "massa d'água", "natureza": "artificial", "rio": "presente", "setor": "rural", "arquivo": "PR_4126009_MASSAS_DAGUA", "Shape__Area": 3.5275122062028753e-07, "Shape__Length": 0.002864896659315475}}, {"type": "Feature", "id": 20440, "geometry": {"type": "Polygon", "coordinates": [[[-50.68784084999999, -23.501091163309294], [-50.687905634999936, -23.50109129330928], [-50.68800281299997, -23.501091488309328], [-50.68803520499994, -23.501091553309315], [-50.688099989999955, -23.501091682309323], [-50.688164774999954, -23.50109181230931], [-50.68822955999997, -23.501091942309298], [-50.688326666999956, -23.50112201030929], [-50.68842377399994, -23.501152078309307], [-50.68842370399994, -23.50118195230931], [-50.68848841899995, -23.501211956309298], [-50.68855313399996, -23.501241959309297], [-50.68861777699993, -23.5013018373093], [-50.68865009999996, -23.50133177630931], [-50.68864995899998, -23.501391524309323], [-50.688487013999975, -23.501809435309315], [-50.688486943999976, -23.501839309309315], [-50.68845455099995, -23.5018392453093], [-50.68842208799998, -23.501869054309275], [-50.68835723299998, -23.501898798309274], [-50.68832469999995, -23.50195848130929], [-50.68822738099993, -23.50201803530931], [-50.68809780999993, -23.502017775309263], [-50.68793584699994, -23.502017451309296], [-50.687773952999976, -23.5019872533093], [-50.68761198999994, -23.50198692830927], [-50.68751481199996, -23.501986733309284], [-50.687450025999965, -23.50198660330929], [-50.687417703999984, -23.501956664309304], [-50.687385381999945, -23.501926725309303], [-50.68732066699993, -23.5018967213093], [-50.68725602299997, -23.5018368433093], [-50.68722370099993, -23.50180690430931], [-50.687159055999985, -23.501747026309296], [-50.687126733999946, -23.501717087309306], [-50.68709441199997, -23.5016871483093], [-50.68709448299995, -23.5016572743093], [-50.68709455299995, -23.501627400309278], [-50.68706223099997, -23.501597461309288], [-50.68706230199995, -23.50156758730928], [-50.687062442999945, -23.501507839309266], [-50.687062513999926, -23.501477965309327], [-50.687062583999925, -23.501448091309317], [-50.68709504699996, -23.501418282309306], [-50.68709511799995, -23.5013884083093], [-50.68712765099997, -23.501328726309275], [-50.68716011399994, -23.501298917309317], [-50.687160184999975, -23.501269043309314], [-50.68719257699996, -23.501269108309312], [-50.68722496999993, -23.501269173309296], [-50.68725736299996, -23.501269238309295], [-50.68728975499994, -23.501269303309297], [-50.687322147999964, -23.501269368309288], [-50.687354539999944, -23.50126943330928], [-50.68738693299997, -23.50126949830928], [-50.68741932499995, -23.501269563309332], [-50.68748410999996, -23.501269693309315], [-50.68754896599995, -23.5012399493093], [-50.68754903599995, -23.501210075309295], [-50.687581428999984, -23.50121014030929], [-50.68764635399998, -23.501150522309334], [-50.687711209999975, -23.501120778309314], [-50.68777599499998, -23.501120908309296], [-50.68784084999999, -23.501091163309294]]]}, "properties": {"objectid": 20440, "cod_ibge": 4126009, "municipio": "SÃO SEBASTIÃO DA AMOREIRA", "hidrografia": "massa d'água", "natureza": "artificial", "rio": "presente", "setor": "rural", "arquivo": "PR_4126009_MASSAS_DAGUA", "Shape__Area": 1.13849837758779e-06, "Shape__Length": 0.004235011180766311}}, {"type": "Feature", "id": 20443, "geometry": {"type": "Polygon", "coordinates": [[[-50.67472939199996, -23.498017185309394], [-50.67476178399995, -23.49801725330935], [-50.67479417499994, -23.498017321309376], [-50.67485895899995, -23.498017456309363], [-50.67489127699997, -23.498047397309396], [-50.67492359499994, -23.49807733930936], [-50.67495591399995, -23.49810728030936], [-50.67495569399995, -23.498196902309374], [-50.67498779299996, -23.498316465309358], [-50.67498757299996, -23.498406087309384], [-50.67498727999999, -23.498525583309338], [-50.67495474199995, -23.498585263309337], [-50.67495466799994, -23.498615137309347], [-50.67495452199995, -23.49867488530935], [-50.67495437499997, -23.49873463330937], [-50.67498662099996, -23.498794449309333], [-50.675018938999976, -23.49882439030936], [-50.67505111099996, -23.498914079309362], [-50.67508335699995, -23.49897389430935], [-50.675115748999985, -23.49897396130938], [-50.675115674999965, -23.49900383530933], [-50.67514806699995, -23.499003903309344], [-50.67518045899993, -23.499003971309364], [-50.67521285099997, -23.499004038309334], [-50.67524524299996, -23.49900410630936], [-50.67531009999994, -23.49897436730935], [-50.675374955999985, -23.49894462830934], [-50.67540742099993, -23.498914821309363], [-50.67543981299996, -23.498914889309376], [-50.675439885999936, -23.49888501530937], [-50.675504742999976, -23.49885527730936], [-50.67553713499995, -23.498855344309383], [-50.67553720799998, -23.49882547030938], [-50.67556967299999, -23.49879566430933], [-50.67560206499996, -23.49879573130936], [-50.67566699499997, -23.498736118309345], [-50.675699459999976, -23.498706312309356], [-50.67569953299994, -23.498676438309353], [-50.67573207099996, -23.498616757309378], [-50.675764535999974, -23.49858695130939], [-50.67579700099998, -23.498557144309355], [-50.67582939299996, -23.498557212309382], [-50.67586193099998, -23.49849753130933], [-50.67589439599993, -23.498467724309364], [-50.67592686099994, -23.49843791830938], [-50.675959252999974, -23.49843798530935], [-50.67599171699993, -23.498408179309365], [-50.67605650099995, -23.49840831330937], [-50.67608896599995, -23.498378507309386], [-50.67612135699994, -23.498378574309353], [-50.67618621399998, -23.498348835309343], [-50.67621860599996, -23.49834890230937], [-50.67625107099997, -23.49831909630939], [-50.67631585399994, -23.49831923030939], [-50.676380637999955, -23.49831936530939], [-50.67644542099998, -23.49831949930939], [-50.67651020499994, -23.498319634309382], [-50.67654259599993, -23.498319701309363], [-50.67657498799996, -23.498319768309383], [-50.67660737999995, -23.498319835309367], [-50.67663969899996, -23.498349777309382], [-50.67667201799998, -23.498379718309366], [-50.67670433699994, -23.498409659309345], [-50.67673672799998, -23.49840972630938], [-50.67676904699994, -23.498439667309366], [-50.67676897499996, -23.498469541309365], [-50.67680129299998, -23.498499482309345], [-50.67680122099995, -23.498529356309348], [-50.676833466999945, -23.498589171309384], [-50.67683339399997, -23.498619045309336], [-50.67683324799998, -23.49867879330934], [-50.676833174999956, -23.49870866730936], [-50.676865421999935, -23.498768482309345], [-50.676865275999944, -23.498828230309353], [-50.67686505699999, -23.49891785130938], [-50.67686483899996, -23.499007473309344], [-50.67683237399996, -23.49903728030937], [-50.67683230099993, -23.499067154309365], [-50.67676729899995, -23.499156641309334], [-50.676734687999954, -23.49924619630933], [-50.676669612999945, -23.499365557309357], [-50.676637074999974, -23.499425238309332], [-50.67660460999997, -23.49945504430932], [-50.67653953399997, -23.499574406309335], [-50.676442211999984, -23.499633952309317], [-50.67628010599998, -23.499693363309316], [-50.676215247999956, -23.499723103309325], [-50.67615039099996, -23.49975284230933], [-50.67611475299998, -23.499763715309342], [-50.67574671499995, -23.49936150430936], [-50.67468810799994, -23.498932192309372], [-50.67438850499997, -23.498501018309355], [-50.67386690699993, -23.498105005309363], [-50.673886987999936, -23.498105047309377], [-50.67391937899999, -23.498105114309336], [-50.67395177099996, -23.498105182309367], [-50.67398416299994, -23.498105250309383], [-50.674016553999934, -23.49810531830935], [-50.67404894599998, -23.498105386309376], [-50.67408133799995, -23.4981054533094], [-50.674146120999985, -23.49810558930939], [-50.674210904999946, -23.498105724309372], [-50.674275687999966, -23.49810586030936], [-50.674308079999946, -23.498105927309386], [-50.67434054499994, -23.498076121309342], [-50.67437293699993, -23.498076189309373], [-50.674405327999985, -23.498076257309386], [-50.67443779299998, -23.498046450309353], [-50.67447018499996, -23.498046518309373], [-50.67453496799993, -23.498046653309373], [-50.674632143999986, -23.49804685630938], [-50.67472939199996, -23.498017185309394]]]}, "properties": {"objectid": 20443, "cod_ibge": 4126009, "municipio": "SÃO SEBASTIÃO DA AMOREIRA", "hidrografia": "massa d'água", "natureza": "artificial", "rio": "presente", "setor": "rural", "arquivo": "PR_4126009_MASSAS_DAGUA", "Shape__Area": 2.078451372952827e-06, "Shape__Length": 0.008751305167056182}}, {"type": "Feature", "id": 20444, "geometry": {"type": "Polygon", "coordinates": [[[-50.67588248599998, -23.47683883530985], [-50.67581778599998, -23.476808826309853], [-50.675753085999986, -23.476778817309864], [-50.675720772999966, -23.476748876309873], [-50.67565614599994, -23.47668899330986], [-50.67559151899997, -23.47662911030986], [-50.67555920599995, -23.476599169309825], [-50.67555927899997, -23.47656929530988], [-50.67552696499996, -23.476539353309857], [-50.67549457899998, -23.47653928630988], [-50.67549465199994, -23.47650941230988], [-50.675462338999985, -23.47647947130984], [-50.675462411999945, -23.476449597309834], [-50.67543017099996, -23.47638978130987], [-50.67543031799994, -23.476330033309846], [-50.67543039099996, -23.47630015930985], [-50.67543053699995, -23.476240412309874], [-50.67543068299995, -23.476180664309865], [-50.67543075599997, -23.476150790309863], [-50.67543090199995, -23.476091042309843], [-50.67543104799995, -23.476031294309845], [-50.675431267999954, -23.47594167230988], [-50.67546387299996, -23.47585211730989], [-50.675464018999946, -23.475792369309886], [-50.67552901099998, -23.47570288230986], [-50.67559400299996, -23.475613394309903], [-50.675626534999935, -23.47555371430985], [-50.67565899399995, -23.47552390730987], [-50.675691452999956, -23.475494100309906], [-50.675723839999925, -23.47549416830987], [-50.675756225999976, -23.475494235309892], [-50.67582099799994, -23.475494370309892], [-50.675853310999976, -23.475524311309865], [-50.67591793799994, -23.47558419430988], [-50.67598263699995, -23.475614202309885], [-50.67601487799993, -23.475674018309856], [-50.676111817999974, -23.475763842309902], [-50.676176443999964, -23.475823724309855], [-50.67627345699998, -23.47588367430989], [-50.67633808399995, -23.475943557309897], [-50.67643509699997, -23.476003506309887], [-50.67653218299995, -23.476033582309864], [-50.67666150999998, -23.476123473309872], [-50.676726136999946, -23.476183355309885], [-50.67675845099996, -23.47621329630986], [-50.67682315099995, -23.47624330530986], [-50.67685546399997, -23.476273246309844], [-50.67695247799998, -23.47633319430984], [-50.67704949199998, -23.47639314430989], [-50.67714657799996, -23.47642321930986], [-50.67727597899995, -23.47648323530988], [-50.67737306399994, -23.476513310309876], [-50.67740545099997, -23.476513377309836], [-50.67747015099996, -23.476543385309842], [-50.677534778999984, -23.47660326730987], [-50.67766425199994, -23.476633409309873], [-50.67779365299999, -23.47669342530983], [-50.67789073999995, -23.476723500309873], [-50.67795543999994, -23.476753508309834], [-50.67805252699998, -23.47678358230982], [-50.67808491399996, -23.476783649309848], [-50.67814961399995, -23.476813657309865], [-50.67824670099998, -23.47684373130986], [-50.67831147399994, -23.476843865309856], [-50.67834386099997, -23.47684393230983], [-50.67840863399993, -23.476844066309837], [-50.678473406999956, -23.476844199309852], [-50.67857056699996, -23.476844399309844], [-50.678732498999985, -23.476844733309825], [-50.67879727199994, -23.476844867309847], [-50.67886204499996, -23.47684500030986], [-50.67892681799997, -23.476845133309865], [-50.67899159099994, -23.476845267309876], [-50.67902397799998, -23.476845334309836], [-50.679088750999945, -23.47684546730986], [-50.679185982999975, -23.476815793309843], [-50.67931559999994, -23.476786185309866], [-50.67941283199997, -23.47675651130984], [-50.67954237799995, -23.47675677730987], [-50.679574764999984, -23.476756844309854], [-50.67963960999998, -23.47672710330986], [-50.67967199599997, -23.47672716930985], [-50.679704382999944, -23.47672723630987], [-50.67970445499998, -23.476697362309867], [-50.67976922799995, -23.47669749530982], [-50.67980168599996, -23.476667687309856], [-50.67983414499997, -23.47663788030982], [-50.67989891799994, -23.47663801330984], [-50.67989898999998, -23.476608139309846], [-50.67993144899998, -23.476578331309877], [-50.67999629399998, -23.476548590309886], [-50.68006106599995, -23.47654872330984], [-50.68015829799999, -23.476519048309832], [-50.680223142999985, -23.476489307309844], [-50.680255528999965, -23.476489374309878], [-50.680287987999975, -23.47645956630985], [-50.68035283299997, -23.476429825309864], [-50.68041767699998, -23.476400084309873], [-50.68051490899995, -23.476370409309858], [-50.680547366999974, -23.476340601309843], [-50.68064459799996, -23.476310926309832], [-50.68074182899994, -23.476281252309875], [-50.68080660199996, -23.47628138430985], [-50.68087144699995, -23.476251643309855], [-50.680936290999966, -23.476221901309874], [-50.68100113599996, -23.47619216030988], [-50.68106590899998, -23.476192292309857], [-50.68109829399998, -23.476192359309877], [-50.68116313899997, -23.476162617309846], [-50.68103301899998, -23.476401344309853], [-50.68096824699995, -23.476401211309827], [-50.68080624299994, -23.476430754309877], [-50.68070901099998, -23.476460429309878], [-50.68064416699997, -23.47649017030987], [-50.68057932199998, -23.476519912309843], [-50.68051447699997, -23.47654965330984], [-50.68048208999995, -23.47654958730985], [-50.68044963199998, -23.476579394309834], [-50.680417245999934, -23.476579328309853], [-50.68038478699998, -23.476609135309875], [-50.680352328999966, -23.476638943309844], [-50.68031994199999, -23.47663887730986], [-50.68028748399996, -23.476668684309836], [-50.680222638999965, -23.47669842630987], [-50.680190179999954, -23.476728233309853], [-50.68012533499996, -23.476757974309827], [-50.68012526299998, -23.47678784830984], [-50.68009280499996, -23.47681765630986], [-50.68006041799998, -23.47681759030982], [-50.679963113999975, -23.476877138309845], [-50.67993065599996, -23.476906946309864], [-50.67989819699995, -23.47693675330985], [-50.67983342399999, -23.47693662030982], [-50.67980096499996, -23.476966428309847], [-50.67976850699995, -23.476996235309823], [-50.67973604799994, -23.477026043309845], [-50.679671130999964, -23.477085658309843], [-50.679638599999976, -23.47714533930982], [-50.67957375399993, -23.477175080309806], [-50.679541222999944, -23.47723476230984], [-50.67950876499998, -23.47726456930981], [-50.679508691999956, -23.477294443309816], [-50.67947608899994, -23.47738399930985], [-50.679443557999946, -23.47744368030983], [-50.679443413999934, -23.477503429309838], [-50.67944319699995, -23.47759305130985], [-50.679442980999966, -23.477682673309808], [-50.679442691999945, -23.47780216930984], [-50.67944240299994, -23.477921665309797], [-50.67944211399998, -23.47804116030982], [-50.67947428499996, -23.478130849309817], [-50.67947421299994, -23.478160723309824], [-50.679474139999975, -23.478190597309826], [-50.679473995999956, -23.47825034530985], [-50.679473851999944, -23.478310093309798], [-50.67947377899998, -23.4783399673098], [-50.67950602199994, -23.478399782309776], [-50.67953826499996, -23.478459596309836], [-50.67957036299998, -23.47857915930984], [-50.67960253299998, -23.478668848309823], [-50.679634703999966, -23.478758536309833], [-50.67966687399996, -23.478848225309807], [-50.67969904499995, -23.47893791430981], [-50.67973128799997, -23.478997728309807], [-50.679763530999935, -23.479057543309786], [-50.679795845999934, -23.479087483309776], [-50.679828015999924, -23.47917717230982], [-50.67986025899995, -23.479236987309815], [-50.67989257399995, -23.479266927309798], [-50.67995713199997, -23.479356682309767], [-50.67998937499993, -23.479416497309813], [-50.68002168999993, -23.479446437309807], [-50.68008624899995, -23.479536192309777], [-50.68015087899993, -23.479596073309807], [-50.680215508999936, -23.479655954309774], [-50.68021543699996, -23.479685828309783], [-50.680280067999945, -23.47974570930981], [-50.68034469799994, -23.47980558930978], [-50.68034462599997, -23.479835463309787], [-50.680409256999944, -23.479895344309757], [-50.68044157199994, -23.479925284309797], [-50.68047388699995, -23.479955225309787], [-50.680506202999936, -23.479985165309778], [-50.680538517999935, -23.480015106309747], [-50.68057083299993, -23.480045046309797], [-50.68060314899997, -23.480074986309788], [-50.680667851999935, -23.480104993309745], [-50.68066777999997, -23.48013486730976], [-50.68073248199994, -23.480164874309782], [-50.680764797999984, -23.480194814309776], [-50.68086181599995, -23.480254761309773], [-50.68092651899996, -23.48028476830979], [-50.680958834999956, -23.48031470830979], [-50.68099122199993, -23.480314774309768], [-50.68099114999996, -23.480344648309778], [-50.68102353699993, -23.480344715309744], [-50.681055852999975, -23.480374655309795], [-50.681088238999955, -23.480374721309783], [-50.68115287099994, -23.48043460230975], [-50.68121757399996, -23.480464608309784], [-50.68128234799997, -23.480464741309795], [-50.681314663999956, -23.48049468130979], [-50.68134705199997, -23.480494747309773], [-50.68137943899996, -23.48049481330975], [-50.68141182599993, -23.480494880309788], [-50.68144421399995, -23.480494946309758], [-50.68147660099998, -23.480495012309756], [-50.68150898899995, -23.48049507830979], [-50.68160607899995, -23.480525151309735], [-50.681735628999945, -23.48052541530979], [-50.681865106999965, -23.480555554309777], [-50.68189749499993, -23.480555620309758], [-50.68199465699997, -23.480555818309778], [-50.68205943199996, -23.480555950309746], [-50.682091818999936, -23.480556016309787], [-50.68212420699996, -23.480556082309775], [-50.682221296999955, -23.48058615430978], [-50.682286000999966, -23.480616160309754], [-50.68231838799994, -23.48061622630974], [-50.68235070399999, -23.480646166309782], [-50.68241547899999, -23.480646298309754], [-50.68241540799994, -23.48067617230976], [-50.68248011099996, -23.48070617830978], [-50.68257705899998, -23.480795998309755], [-50.68264169099996, -23.480855878309736], [-50.68270639499997, -23.48088588430977], [-50.682706322999934, -23.480915758309777], [-50.682706251999946, -23.480945632309783], [-50.68270617999997, -23.480975506309786], [-50.68270610899997, -23.481005380309732], [-50.682673577999935, -23.481065062309757], [-50.682641190999966, -23.481064996309772], [-50.68260873199995, -23.481094804309738], [-50.68257627199995, -23.48112461330975], [-50.68247903799995, -23.481154289309742], [-50.68238187499998, -23.481154091309737], [-50.68231709999998, -23.48115395930977], [-50.68218754999997, -23.48115369530978], [-50.682057999999984, -23.48115343130973], [-50.68192844899993, -23.481153166309745], [-50.68176658299995, -23.481122962309765], [-50.681637103999954, -23.481092823309766], [-50.68150762599999, -23.481062685309773], [-50.68144292199998, -23.481032678309745], [-50.68131344399995, -23.481002539309763], [-50.681281127999966, -23.48097259930978], [-50.68121635299996, -23.480972467309748], [-50.68118396499995, -23.48097240130976], [-50.68111918999995, -23.48097226830975], [-50.68108680299997, -23.48097220230977], [-50.68105441599994, -23.48097213630978], [-50.68095732599995, -23.48094206330977], [-50.68086023499996, -23.480911990309767], [-50.680763215999946, -23.480852043309767], [-50.68073089999996, -23.48082210230978], [-50.68063388199994, -23.48076215530978], [-50.680536934999964, -23.480672334309766], [-50.68043998899998, -23.480582513309738], [-50.68037542999997, -23.48049275830977], [-50.680310798999976, -23.48043287730974], [-50.68031087099996, -23.480403003309807], [-50.680213924999975, -23.480313182309782], [-50.68014936599997, -23.48022342730975], [-50.68011705099996, -23.480193486309776], [-50.680052419999974, -23.48013360530981], [-50.68002010499998, -23.480103665309752], [-50.679890771999965, -23.480013777309754], [-50.67979382599998, -23.479923955309758], [-50.67969680899994, -23.479864008309807], [-50.67963217899995, -23.47980412730979], [-50.67953516099994, -23.479744180309766], [-50.67943814399996, -23.47968423230977], [-50.67937351399996, -23.479624351309813], [-50.679276496999925, -23.479564403309816], [-50.67917955299998, -23.479474581309795], [-50.67908253599995, -23.479414633309805], [-50.67895320399998, -23.479324744309764], [-50.67885618699996, -23.479264796309767], [-50.67875917099997, -23.479204848309763], [-50.67866215399994, -23.47914489930978], [-50.678597596999964, -23.479055144309807], [-50.67850058099998, -23.47899519530982], [-50.67843602399996, -23.478905440309777], [-50.67840370899995, -23.47887549930981], [-50.678339079999944, -23.47881561730979], [-50.678274450999936, -23.478755735309832], [-50.67820989399996, -23.478665980309813], [-50.67817765199993, -23.478606165309817], [-50.67811302399998, -23.478546283309797], [-50.67804846699993, -23.47845652730983], [-50.677983910999956, -23.47836677130982], [-50.67795166899998, -23.478306956309837], [-50.67788703999997, -23.478247074309824], [-50.677822483999925, -23.478157319309844], [-50.67775792799995, -23.478067563309825], [-50.67772554099997, -23.478067496309805], [-50.67766098599998, -23.477977741309818], [-50.677628598999945, -23.47797767430984], [-50.67756396999993, -23.477917792309828], [-50.67753172899995, -23.477857977309853], [-50.677467027999974, -23.47782796930983], [-50.67733769899996, -23.47773807830983], [-50.677305385999944, -23.477708137309847], [-50.677273071999934, -23.477678196309814], [-50.67720837099995, -23.477648188309857], [-50.67711135599995, -23.477588239309807], [-50.67711142899997, -23.47755836530986], [-50.67701434199995, -23.477528290309817], [-50.67694971399993, -23.47746840730982], [-50.67691739999997, -23.477438466309835], [-50.67685277199996, -23.47737858430982], [-50.676755757999956, -23.47731863430985], [-50.676658670999984, -23.47728855930987], [-50.67659404299997, -23.477228677309842], [-50.67656165599994, -23.47722860930982], [-50.67652934299996, -23.47719866830985], [-50.676432327999976, -23.47713871930986], [-50.67636762799998, -23.477108710309864], [-50.67633531399997, -23.477078769309824], [-50.67623822799993, -23.47704869330985], [-50.67614121399998, -23.476988743309867], [-50.67604419999998, -23.476928793309835], [-50.67597949999998, -23.476898785309825], [-50.67591479999993, -23.47686877630983], [-50.67588248599998, -23.47683883530985]]]}, "properties": {"objectid": 20444, "cod_ibge": 4126009, "municipio": "SÃO SEBASTIÃO DA AMOREIRA", "hidrografia": "massa d'água", "natureza": "artificial", "rio": "presente", "setor": "rural", "arquivo": "PR_4126009_MASSAS_DAGUA", "Shape__Area": 8.937547110083448e-06, "Shape__Length": 0.024159087186325843}}, {"type": "Feature", "id": 20446, "geometry": {"type": "Polygon", "coordinates": [[[-50.68328729999996, -23.481753415309733], [-50.68335221799998, -23.48169379930974], [-50.68335228999996, -23.48166392530974], [-50.68341713699993, -23.48163418230976], [-50.683449595999946, -23.481604374309747], [-50.68348205499995, -23.48157456630973], [-50.683547043999965, -23.481485076309735], [-50.68354711499996, -23.48145520230973], [-50.683579716999986, -23.481365646309758], [-50.68361217499996, -23.481335838309732], [-50.68361231799997, -23.48127608930973], [-50.683709765999936, -23.481156791309783], [-50.68377482599994, -23.48103742630972], [-50.68380728499994, -23.48100761730977], [-50.68380735599993, -23.48097774330977], [-50.68387234499993, -23.48088825330979], [-50.683872486999974, -23.480828505309773], [-50.685069830999964, -23.48124916730978], [-50.68510221899999, -23.48124923230977], [-50.685102147999935, -23.48127910630977], [-50.685134534999975, -23.481279171309772], [-50.68516685199995, -23.48130911130976], [-50.68526380199995, -23.481398929309755], [-50.68532843599996, -23.48145880830973], [-50.68539314099997, -23.481488813309724], [-50.68545784499998, -23.481518818309766], [-50.68555486599996, -23.481578761309763], [-50.68565188799994, -23.481638705309738], [-50.68568427599997, -23.48163877030973], [-50.68574897999997, -23.481668775309725], [-50.68581368499997, -23.481698779309717], [-50.68587838999998, -23.481728784309766], [-50.68597548199995, -23.481758854309735], [-50.68607257499997, -23.481788923309725], [-50.686169666999945, -23.481818993309766], [-50.68623437199994, -23.481848997309765], [-50.68629914799993, -23.481849128309737], [-50.68633146499997, -23.481879067309738], [-50.686396239999965, -23.481879197309727], [-50.68642862799992, -23.481879262309718], [-50.68649333299993, -23.481909267309764], [-50.68659049699994, -23.481909462309748], [-50.68665527199994, -23.481909592309737], [-50.686720047999984, -23.481909723309712], [-50.686784821999936, -23.481909853309766], [-50.68684959799998, -23.48190998330976], [-50.686881985999946, -23.481910048309743], [-50.68691437299998, -23.48191011330975], [-50.68691430299998, -23.48193998730975], [-50.686946690999946, -23.481940052309746], [-50.68697893799998, -23.48199986530975], [-50.68701118399998, -23.48205967830975], [-50.68704350199994, -23.482089617309747], [-50.68704336099996, -23.482149365309706], [-50.68704328999996, -23.482179239309712], [-50.68707553699994, -23.48223905330971], [-50.68707546699995, -23.482268927309708], [-50.68710778399998, -23.48229886630971], [-50.687140030999956, -23.482358679309716], [-50.687172206999946, -23.48244836630973], [-50.68720438399998, -23.482538053309746], [-50.68723663099996, -23.48259786630974], [-50.687236489999975, -23.482657614309705], [-50.68723641999998, -23.482687488309722], [-50.68723627899993, -23.482747236309724], [-50.68723606699996, -23.482836858309728], [-50.68726831499998, -23.482896671309742], [-50.68726817399994, -23.48295641930969], [-50.68726803299995, -23.48301616830969], [-50.687267961999964, -23.483046042309695], [-50.68726789199997, -23.48307591630971], [-50.68726782099998, -23.483105790309708], [-50.68726768099998, -23.483165538309713], [-50.68729985699997, -23.483255225309733], [-50.687299786999965, -23.483285098309686], [-50.68733210499994, -23.483315037309694], [-50.68733203399995, -23.48334491130969], [-50.68739666999994, -23.48340478930969], [-50.68742891699998, -23.483464602309695], [-50.68742884699998, -23.483494476309716], [-50.687461163999956, -23.483524415309706], [-50.68749348199998, -23.483554354309703], [-50.68752572999995, -23.483614167309725], [-50.68755797699998, -23.48367398030972], [-50.68755783599994, -23.48373372830967], [-50.68755776599994, -23.483763602309683], [-50.68752530699993, -23.483793411309684], [-50.68752523699994, -23.483823285309697], [-50.687492848999966, -23.483823220309706], [-50.68749277799998, -23.48385309430971], [-50.687492636999934, -23.48391284230966], [-50.68752488499996, -23.48397265530967], [-50.68755699199994, -23.484092216309683], [-50.68762155699994, -23.48418196830969], [-50.68765387499997, -23.484211907309685], [-50.68771844099996, -23.484301659309693], [-50.68781539499998, -23.484391476309703], [-50.68788003099996, -23.484451354309698], [-50.68800937399993, -23.484541235309653], [-50.68813878699996, -23.484601242309658], [-50.688171104999974, -23.48463118130965], [-50.68830051899994, -23.484691188309654], [-50.68842993199996, -23.484751196309706], [-50.68855934599998, -23.4848112033097], [-50.68872114699996, -23.484871274309643], [-50.68881824299995, -23.48490134230964], [-50.68898004499994, -23.484961413309648], [-50.689077140999984, -23.48499148130965], [-50.68920662499994, -23.48502161330965], [-50.689336038999954, -23.48508161930967], [-50.68946552399996, -23.485111751309667], [-50.68959493799997, -23.485171757309686], [-50.68962732699999, -23.48517182230968], [-50.68975681099994, -23.485201954309687], [-50.68988629599994, -23.485232086309633], [-50.68998339199994, -23.485262153309645], [-50.69008041799998, -23.485322094309662], [-50.690112806999934, -23.485322159309657], [-50.69020990299998, -23.48535222630967], [-50.69030699899997, -23.485382293309687], [-50.690436413999976, -23.485442298309636], [-50.69046880299994, -23.485442363309645], [-50.69056582799993, -23.485502304309655], [-50.69069524399998, -23.485562309309667], [-50.690792200999965, -23.485652124309645], [-50.690889227999946, -23.485712065309652], [-50.69095393499999, -23.485742067309676], [-50.69105096199996, -23.485802008309633], [-50.691147919999935, -23.485891822309668], [-50.691180308999954, -23.485891887309663], [-50.69127740599998, -23.485921953309624], [-50.69137443299997, -23.485981894309646], [-50.69150384899996, -23.48604189830962], [-50.69163333499995, -23.486072029309632], [-50.69176282099994, -23.486102159309652], [-50.69185998699998, -23.486102351309615], [-50.69195715399997, -23.486102543309627], [-50.692054319999954, -23.486102735309654], [-50.69215155599994, -23.486073053309667], [-50.69224886099993, -23.486013497309663], [-50.69228131899996, -23.485983687309666], [-50.69231377699998, -23.485953877309665], [-50.69237869299997, -23.48589425630962], [-50.69241115099993, -23.485864446309677], [-50.69244374699996, -23.48577488830967], [-50.692476135999975, -23.48577495230967], [-50.69247606699997, -23.485804826309675], [-50.692475996999974, -23.485834700309624], [-50.692475927999965, -23.485864574309623], [-50.69250824799996, -23.485894512309642], [-50.69254056699998, -23.485924450309657], [-50.692572886999976, -23.485954388309665], [-50.69260520599994, -23.485984326309666], [-50.69263752599994, -23.486014264309624], [-50.692669844999955, -23.48604420230965], [-50.69270223399997, -23.48604426530965], [-50.69273455399997, -23.48607420330966], [-50.692799192999985, -23.486134079309636], [-50.69286390199995, -23.486164081309642], [-50.69292860999997, -23.48619408230962], [-50.692960998999986, -23.48619414630962], [-50.69302570699995, -23.486224148309645], [-50.69305802699995, -23.486254086309646], [-50.69312266699995, -23.486313961309623], [-50.69315498599997, -23.48634389930963], [-50.69321962599997, -23.486403775309665], [-50.69328433499993, -23.48643377630961], [-50.693349042999955, -23.486463778309634], [-50.69338136299996, -23.486493715309607], [-50.693413613999944, -23.486553527309624], [-50.69351064299997, -23.486613466309606], [-50.69354296299997, -23.48664340430961], [-50.69363992199994, -23.486733217309656], [-50.693704492999984, -23.486822966309646], [-50.69376913299993, -23.48688284130961], [-50.69386609399998, -23.486972654309593], [-50.693930733999935, -23.48703253030962], [-50.69402783199996, -23.487062594309602], [-50.694060220999965, -23.487062658309615], [-50.694222028999945, -23.487122724309607], [-50.69425441699997, -23.487122787309623], [-50.694221959999936, -23.48715259830962], [-50.69418943299996, -23.487212282309624], [-50.694156974999935, -23.487242093309614], [-50.69412451699998, -23.48727190330962], [-50.69405953199998, -23.487361398309606], [-50.69396201999996, -23.487510578309614], [-50.69392963099995, -23.487510514309584], [-50.693897240999945, -23.487510451309628], [-50.69380014299997, -23.487480386309603], [-50.69376775399996, -23.487480322309594], [-50.69373543299997, -23.487450384309586], [-50.69370304399996, -23.487450321309634], [-50.693638334999946, -23.487420319309614], [-50.69357355699998, -23.487420192309596], [-50.693508777999966, -23.48742006530963], [-50.693476388999954, -23.487420001309626], [-50.69341167999995, -23.48738999930961], [-50.693379290999985, -23.487389936309583], [-50.69334690199997, -23.487389872309585], [-50.69328212299995, -23.487389745309628], [-50.693249733999956, -23.48738968130961], [-50.69318495599998, -23.487389553309598], [-50.69315256699997, -23.48738949030958], [-50.69308778799996, -23.487389362309635], [-50.69302300999993, -23.487389234309628], [-50.69299062099997, -23.487389171309605], [-50.692925842999955, -23.48738904330959], [-50.69286106399994, -23.487388915309584], [-50.69282867499993, -23.48738885230964], [-50.69279628599997, -23.48738878830962], [-50.69269911899994, -23.48738859630961], [-50.69256956199995, -23.487388341309643], [-50.69247239499999, -23.48738814930961], [-50.69244000599998, -23.487388085309604], [-50.69237522699996, -23.487387957309597], [-50.69227806099997, -23.48738776530965], [-50.692213282999944, -23.48738763830962], [-50.69218096299994, -23.487357700309616], [-50.692083794999974, -23.487357508309586], [-50.69195423899998, -23.487357252309625], [-50.69192184999997, -23.48735718830962], [-50.691857070999966, -23.487357060309616], [-50.69175990399998, -23.487356867309607], [-50.691695125999956, -23.48735673930959], [-50.69163034699995, -23.487356611309583], [-50.691533179999965, -23.48735641930962], [-50.69146833199995, -23.48738616530962], [-50.691371094999965, -23.48741584630962], [-50.691338705999954, -23.487415782309615], [-50.691241468999976, -23.487445464309605], [-50.69117662099995, -23.487475210309597], [-50.69111177299993, -23.48750495530961], [-50.69104692499997, -23.48753470130961], [-50.69104685599996, -23.487564575309612], [-50.690982007999935, -23.487594320309608], [-50.69094954899998, -23.48762413030961], [-50.69091702099997, -23.487683814309616], [-50.69088463099996, -23.487683750309625], [-50.69085224199995, -23.487683686309612], [-50.69078746399999, -23.487683557309616], [-50.69075507399999, -23.487683493309607], [-50.690690295999964, -23.4876833643096], [-50.690657906999945, -23.487683300309605], [-50.69062551799993, -23.487683236309607], [-50.69056080899998, -23.487653233309594], [-50.69052848899997, -23.487623295309636], [-50.69049609999996, -23.487623231309627], [-50.690463781999945, -23.487593292309626], [-50.69039907299998, -23.487563289309623], [-50.69036675399996, -23.487533351309605], [-50.690366822999984, -23.487503477309605], [-50.69033450399997, -23.487473539309594], [-50.69030211499996, -23.487473474309606], [-50.69030218499995, -23.487443600309597], [-50.69030225399996, -23.487413726309587], [-50.69030232399996, -23.48738385230963], [-50.69030239399996, -23.48735397830964], [-50.690302463999956, -23.48732410430963], [-50.690302533999954, -23.487294230309622], [-50.69030260299996, -23.487264356309616], [-50.69027028399995, -23.48723441830961], [-50.69027042399995, -23.487174670309596], [-50.690238103999945, -23.487144731309595], [-50.69023817399995, -23.487114857309585], [-50.69020585499993, -23.48708491930964], [-50.690141145999974, -23.487054916309635], [-50.690076437999956, -23.487024913309632], [-50.69004404899993, -23.48702484930963], [-50.69001172999998, -23.486994910309612], [-50.68997941099996, -23.486964972309604], [-50.689947021999956, -23.486964908309606], [-50.68988238299993, -23.48690503130965], [-50.68984999399998, -23.48690496630959], [-50.68975296699995, -23.48684502530964], [-50.689688258999986, -23.48681502230962], [-50.689623480999956, -23.486814893309635], [-50.68959116199995, -23.48678495430964], [-50.68955877299993, -23.48678489030962], [-50.68949413499996, -23.486725014309606], [-50.68942949699993, -23.486665136309608], [-50.68933246999996, -23.486605195309636], [-50.689235372999974, -23.48657512730965], [-50.68920312399996, -23.48651531430964], [-50.689170874999945, -23.486455502309617], [-50.689138626999984, -23.486395689309617], [-50.689138696999976, -23.486365815309615], [-50.68910637799996, -23.48633587630961], [-50.68910644799996, -23.486306002309664], [-50.68907419899995, -23.486246190309636], [-50.68904194999993, -23.48618637730964], [-50.68904201999993, -23.48615650330963], [-50.689009701999964, -23.486126564309636], [-50.68897752299995, -23.48603687830967], [-50.68894520399993, -23.486006939309664], [-50.68891288499997, -23.485977000309674], [-50.688880566999956, -23.485947062309666], [-50.68884824799994, -23.48591712330965], [-50.688815928999986, -23.485887184309657], [-50.68875129199996, -23.485827307309656], [-50.688686584999964, -23.48579730330966], [-50.688621876999946, -23.485767300309654], [-50.68855717099996, -23.485737297309637], [-50.68849246399998, -23.485707293309655], [-50.68842768599995, -23.48570716430966], [-50.688395297999925, -23.48570709930965], [-50.688330519999965, -23.485706969309668], [-50.688233353999976, -23.485706775309662], [-50.68816857699994, -23.48570664630966], [-50.688103798999975, -23.48570651630967], [-50.688039021999934, -23.485706386309626], [-50.68800663299998, -23.485706321309635], [-50.68794185599995, -23.48570619230964], [-50.68790946699994, -23.48570612730964], [-50.68787707799998, -23.485706062309646], [-50.68784475999996, -23.48567612330965], [-50.68778005299998, -23.485646119309646], [-50.68771534599995, -23.48561611630965], [-50.687683026999935, -23.485586177309642], [-50.687650638999976, -23.485586112309644], [-50.687618319999956, -23.48555617330966], [-50.68758607199993, -23.48549636030965], [-50.687553823999956, -23.485436547309646], [-50.68752150599994, -23.485406608309635], [-50.68748925799997, -23.485346795309635], [-50.68742462199998, -23.485286917309637], [-50.687392373999955, -23.485227104309683], [-50.68736012599994, -23.485167291309676], [-50.68729541999994, -23.485137287309684], [-50.68723078299996, -23.4850774093097], [-50.68719846499993, -23.485047470309677], [-50.68713375899995, -23.485017466309696], [-50.68710144099998, -23.48498752830968], [-50.68706912299996, -23.484957589309673], [-50.687036803999945, -23.484927650309675], [-50.686972097999956, -23.48489764630968], [-50.68690739099998, -23.484867642309684], [-50.68684268499993, -23.484837637309642], [-50.68677797899994, -23.484807633309654], [-50.68668081399994, -23.484807438309673], [-50.686616107999946, -23.484777434309677], [-50.686551330999976, -23.48477730330971], [-50.686486553999934, -23.48477717330965], [-50.686421776999964, -23.484777043309656], [-50.68638938799996, -23.484776978309668], [-50.686357069999985, -23.48474703830968], [-50.686324681999956, -23.484746973309683], [-50.68629236399994, -23.484717034309675], [-50.68625997599997, -23.484716969309687], [-50.68622765799995, -23.484687030309686], [-50.68619533999998, -23.484657090309696], [-50.68613063399994, -23.484627086309693], [-50.68606599799995, -23.484567208309688], [-50.686001291999965, -23.48453720330966], [-50.68593665699996, -23.484477324309662], [-50.68590433899993, -23.484447385309675], [-50.685872021999955, -23.484417446309664], [-50.68583977499998, -23.484357633309656], [-50.685775138999986, -23.484297754309672], [-50.685775209999974, -23.484267880309655], [-50.68574289299993, -23.484237941309665], [-50.68571057499998, -23.48420800130968], [-50.68571071699996, -23.48414825330967], [-50.68567832799994, -23.484148188309664], [-50.68567846999997, -23.484088440309716], [-50.68564622299993, -23.48402862630966], [-50.685613905999965, -23.48399868730966], [-50.68558172999997, -23.483909000309712], [-50.68554948299993, -23.483849186309712], [-50.685517165999954, -23.483819247309707], [-50.685517236999935, -23.48378937330971], [-50.68548491899997, -23.483759434309707], [-50.685452672999986, -23.48369962030971], [-50.68542049699994, -23.4836099333097], [-50.685355862999984, -23.483550054309713], [-50.68532354499995, -23.483520114309727], [-50.68532361599995, -23.483490240309713], [-50.68525898199993, -23.483430362309715], [-50.68522666399997, -23.483400422309728], [-50.685194346999936, -23.483370483309727], [-50.68512971299998, -23.48331060430968], [-50.68509739599994, -23.483280664309692], [-50.685032760999945, -23.483220786309687], [-50.684968126999934, -23.483160907309696], [-50.68490349299998, -23.48310102830971], [-50.68487110499996, -23.483100963309717], [-50.68483878799998, -23.483071023309726], [-50.684806470999945, -23.48304108430973], [-50.68477408299998, -23.48304101830969], [-50.68470944899997, -23.482981139309697], [-50.68464474399997, -23.482951134309708], [-50.684612355999946, -23.482951069309717], [-50.684547650999946, -23.482921064309735], [-50.68451526299998, -23.482920998309694], [-50.68445055799998, -23.482890993309706], [-50.68441816999996, -23.482890928309708], [-50.684353464999965, -23.482860922309733], [-50.684256371999936, -23.4828308523097], [-50.68422398399997, -23.48283078630972], [-50.68419159599995, -23.482830720309735], [-50.68415920799999, -23.482830655309737], [-50.68406211499996, -23.482800584309704], [-50.68402979899997, -23.482770644309728], [-50.68399741099995, -23.482770578309736], [-50.68396502299999, -23.48277051330974], [-50.68396509399997, -23.48274063930973], [-50.68390038899997, -23.482710633309708], [-50.68386800099996, -23.482710568309713], [-50.68383568399997, -23.48268062830972], [-50.683803367999985, -23.482650688309725], [-50.68373859199993, -23.48265055730969], [-50.68373866299999, -23.482620683309747], [-50.68370627499996, -23.482620617309703], [-50.68370634599995, -23.48259074330971], [-50.683673957999986, -23.48259067730972], [-50.683674028999974, -23.482560803309713], [-50.683609324999956, -23.48253079830973], [-50.68354461999997, -23.482500792309697], [-50.68347998699995, -23.482440913309716], [-50.683447669999964, -23.482410973309722], [-50.68338303699995, -23.48235109330974], [-50.68331840399998, -23.482291214309747], [-50.68328608799993, -23.482261274309707], [-50.68325384199994, -23.48220146030971], [-50.68318920899997, -23.482141580309726], [-50.68315689299993, -23.48211164130973], [-50.68312457699994, -23.482081701309735], [-50.683092330999955, -23.482021887309738], [-50.68309254599996, -23.481932265309727], [-50.68309261699995, -23.48190239130972], [-50.683125004999965, -23.481902457309758], [-50.68312507599995, -23.481872582309755], [-50.683157534999964, -23.481842774309747], [-50.683189922999986, -23.481842840309728], [-50.68318999399997, -23.48181296630973], [-50.683222453999974, -23.481783158309767], [-50.68325484099995, -23.481783224309737], [-50.68328729999996, -23.481753415309733]]]}, "properties": {"objectid": 20446, "cod_ibge": 4126009, "municipio": "SÃO SEBASTIÃO DA AMOREIRA", "hidrografia": "massa d'água", "natureza": "artificial", "rio": "presente", "setor": "rural", "arquivo": "PR_4126009_MASSAS_DAGUA", "Shape__Area": 1.7951446613914418e-05, "Shape__Length": 0.029586837800601614}}, {"type": "Feature", "id": 20448, "geometry": {"type": "Polygon", "coordinates": [[[-50.67433183899993, -23.448843465310496], [-50.67436429199996, -23.448813658310456], [-50.674461503999964, -23.448783987310478], [-50.67449388399996, -23.448784054310508], [-50.67452626299996, -23.448784122310457], [-50.67459102299995, -23.448784257310454], [-50.67468816199994, -23.44878446031047], [-50.67478522699997, -23.4488145363105], [-50.67481753399994, -23.448844478310477], [-50.67488214699995, -23.448904361310483], [-50.674946759999955, -23.448964244310478], [-50.67501137399995, -23.449024127310484], [-50.675043606999964, -23.449083943310455], [-50.67507584099997, -23.44914375931048], [-50.675108146999946, -23.449173700310464], [-50.675140307999975, -23.44926339031045], [-50.67520492199998, -23.44932327331046], [-50.67520484799997, -23.44935314731046], [-50.675237154999934, -23.449383089310473], [-50.67526938899993, -23.449442904310462], [-50.67536630899997, -23.449532729310437], [-50.675398542999964, -23.449592544310477], [-50.67539846999995, -23.449622419310476], [-50.675430776999974, -23.449652360310456], [-50.675463083999944, -23.44968230131044], [-50.67549538999997, -23.449712243310465], [-50.675495316999964, -23.449742117310464], [-50.67552769699994, -23.44974218431044], [-50.67559238399997, -23.44977219331043], [-50.67562476399996, -23.449772260310468], [-50.67562469099993, -23.449802135310467], [-50.675657070999925, -23.44980220231044], [-50.67568937799996, -23.449832143310473], [-50.675721684999985, -23.44986208531044], [-50.67572161199996, -23.449891959310452], [-50.67572146599997, -23.449951707310454], [-50.67572131999997, -23.45001145531046], [-50.67572124699996, -23.450041330310466], [-50.67572110099996, -23.45010107831047], [-50.675688574999974, -23.45016075931046], [-50.67565604899995, -23.45022043931045], [-50.67562359699997, -23.45025024631043], [-50.67559099799996, -23.450339801310466], [-50.675558398999954, -23.450429356310455], [-50.67555825299996, -23.45048910431046], [-50.67552572699997, -23.45054878531044], [-50.67552550799996, -23.450638407310464], [-50.67552536199997, -23.450698156310466], [-50.67552521599999, -23.45075790431041], [-50.67552514299996, -23.450787778310417], [-50.67552499699997, -23.450847526310426], [-50.67555723099998, -23.45090734231046], [-50.67555715799995, -23.450937216310415], [-50.67558931899998, -23.451026906310446], [-50.67562155399998, -23.451086721310425], [-50.67565371499995, -23.45117641131041], [-50.67568602299997, -23.45120635231045], [-50.675685949999945, -23.45123622631046], [-50.675685803999954, -23.45129597531045], [-50.67571803799996, -23.451355790310433], [-50.67571789199997, -23.451415538310442], [-50.67571781899994, -23.45144541331044], [-50.67571767299995, -23.451505161310394], [-50.67571752799995, -23.451564909310406], [-50.67571738199996, -23.451624657310415], [-50.675717308999936, -23.451654531310428], [-50.675717235999976, -23.451684406310413], [-50.67568463699996, -23.45177396131041], [-50.67561972999993, -23.451833574310424], [-50.67555489599993, -23.45186331431043], [-50.67552251599994, -23.451863246310406], [-50.67549006199994, -23.45189305331044], [-50.67526339999995, -23.451892582310414], [-50.675231019999956, -23.451892514310387], [-50.675198784999964, -23.4518326993104], [-50.67516647799994, -23.451802757310386], [-50.67506970199997, -23.451653184310405], [-50.67503754099994, -23.45156349531041], [-50.67500523399997, -23.45153355331045], [-50.675005306999935, -23.451503679310438], [-50.67497292699994, -23.451503611310425], [-50.674972999999966, -23.45147373731041], [-50.67494083899992, -23.451384047310434], [-50.67490853199996, -23.451354106310397], [-50.674876223999945, -23.451324164310428], [-50.674876297999965, -23.451294290310425], [-50.67487637099998, -23.45126441631041], [-50.67484413699998, -23.451204600310444], [-50.67481175599995, -23.451204533310417], [-50.67481182999995, -23.451174659310414], [-50.674779521999945, -23.451144717310434], [-50.67477959599995, -23.451114843310442], [-50.674779668999975, -23.45108496931043], [-50.674779814999965, -23.451025221310413], [-50.67474750799993, -23.45099527931045], [-50.67474758099996, -23.45096540531045], [-50.67474765399999, -23.45093553131044], [-50.67474780099997, -23.450875783310426], [-50.674747873999934, -23.450845908310427], [-50.674747946999965, -23.450816034310417], [-50.67474801999999, -23.450786160310418], [-50.67478047299994, -23.450756354310432], [-50.674812926999955, -23.45072654731046], [-50.67484537999997, -23.45069674031043], [-50.67484545299994, -23.45066686631042], [-50.67484559899998, -23.45060711831047], [-50.67484574599996, -23.450547370310463], [-50.674845818999984, -23.450517495310457], [-50.67481358499998, -23.450457680310414], [-50.67478127799995, -23.45042773831045], [-50.67471666399996, -23.450367855310446], [-50.67468435699993, -23.450337913310424], [-50.67461966999996, -23.45030790431043], [-50.67455490999998, -23.450307769310427], [-50.67449014999994, -23.450307634310434], [-50.67445776999995, -23.45030756731046], [-50.67442538999995, -23.450307499310433], [-50.67436055699994, -23.450337238310453], [-50.67432810299994, -23.450367045310433], [-50.674295649999976, -23.450396851310472], [-50.674263269999976, -23.450396783310453], [-50.67423088999993, -23.450396716310415], [-50.674230816999966, -23.450426590310425], [-50.67419843699997, -23.45042652231046], [-50.67416605699998, -23.450426455310435], [-50.674133676999986, -23.450426387310472], [-50.67410129599995, -23.45042632031044], [-50.674068915999946, -23.45042625231042], [-50.67400422999998, -23.45039624331042], [-50.67393954299996, -23.450366233310422], [-50.673874928999965, -23.45030635031043], [-50.67381024299994, -23.450276340310438], [-50.673810315999965, -23.450246466310436], [-50.673777935999965, -23.450246398310476], [-50.67374562899994, -23.45021645631046], [-50.67371324899994, -23.450216389310473], [-50.67368086899995, -23.450216321310453], [-50.67361610899997, -23.45021618631046], [-50.67355134999997, -23.45021605031041], [-50.67348658999999, -23.45021591531043], [-50.67345420999993, -23.450215847310456], [-50.67342182999994, -23.450215779310444], [-50.673389449999945, -23.450215711310417], [-50.67335706999995, -23.45021564431045], [-50.67332476399997, -23.450185703310478], [-50.67326007699995, -23.45015569331042], [-50.673195390999986, -23.450125683310443], [-50.67316301099998, -23.45012561531048], [-50.673130630999935, -23.45012554831045], [-50.673098323999966, -23.45009560631048], [-50.67303356399999, -23.450095470310437], [-50.67296887799995, -23.450065460310455], [-50.672936497999956, -23.45006539231043], [-50.67290411799997, -23.450065324310465], [-50.67287173799998, -23.450065257310442], [-50.67280697799998, -23.450065121310452], [-50.67277459799993, -23.45006505331043], [-50.67274221799994, -23.450064985310476], [-50.672709837999946, -23.45006491731045], [-50.67267745799996, -23.450064849310426], [-50.67261269799997, -23.450064713310447], [-50.672580317999966, -23.45006464531043], [-50.67258039199999, -23.450034771310484], [-50.67258053899996, -23.449975023310458], [-50.67258068599995, -23.44991527531045], [-50.67261328699994, -23.44982572031047], [-50.67267826799997, -23.449736234310432], [-50.67277555499993, -23.449676689310436], [-50.67290514799998, -23.44964708731045], [-50.67303474099998, -23.44961748431048], [-50.673164333999985, -23.449587881310453], [-50.673261472999975, -23.449588085310456], [-50.67329385299996, -23.44958815231048], [-50.67335868599997, -23.449558414310456], [-50.67342351899998, -23.449528675310454], [-50.67348835299998, -23.449498937310487], [-50.67352073199998, -23.449499004310464], [-50.67358556499995, -23.449469266310437], [-50.67361794399994, -23.449469333310475], [-50.67371515699995, -23.44943966231047], [-50.67377998999996, -23.44940992431045], [-50.673812442999974, -23.449380117310486], [-50.67384482299997, -23.44938018531044], [-50.67390965599998, -23.449350446310486], [-50.67397448899993, -23.449320707310466], [-50.67403932199994, -23.449290968310468], [-50.67407177499996, -23.44926116231047], [-50.674104227999976, -23.44923135531045], [-50.67413660799997, -23.44923142331047], [-50.67413668099994, -23.44920154931046], [-50.674169207999974, -23.449141868310477], [-50.67416935399995, -23.449082120310468], [-50.674201953999955, -23.44899256531048], [-50.67423447999994, -23.448932885310498], [-50.674234552999955, -23.44890301031049], [-50.67426700599999, -23.44887320431045], [-50.67429938599997, -23.448873271310486], [-50.67433183899993, -23.448843465310496]]]}, "properties": {"objectid": 20448, "cod_ibge": 4126009, "municipio": "SÃO SEBASTIÃO DA AMOREIRA", "hidrografia": "massa d'água", "natureza": "artificial", "rio": "presente", "setor": "rural", "arquivo": "PR_4126009_MASSAS_DAGUA", "Shape__Area": 4.016345139466284e-06, "Shape__Length": 0.01104744972274848}}, {"type": "Feature", "id": 20449, "geometry": {"type": "Polygon", "coordinates": [[[-50.66644737899998, -23.455279648310352], [-50.66654452199998, -23.455279856310316], [-50.66657690399995, -23.455279925310325], [-50.666641665999975, -23.455280064310333], [-50.66667404699996, -23.455280133310332], [-50.666706353999984, -23.455310076310354], [-50.666738659999965, -23.455340019310313], [-50.66677089099994, -23.455399837310328], [-50.66680304799996, -23.4554895273103], [-50.666835353999936, -23.455519470310314], [-50.66683527899994, -23.45554934531031], [-50.66683520399994, -23.45557921931033], [-50.666867509999975, -23.455609162310342], [-50.666867434999965, -23.45563903631034], [-50.66686736099996, -23.455668910310344], [-50.666867285999956, -23.455698784310346], [-50.66686721099996, -23.455728658310303], [-50.66686713599996, -23.45575853231031], [-50.666218682999954, -23.45608576331032], [-50.66615391999994, -23.45608562431032], [-50.66612153899996, -23.456085555310317], [-50.66605685199995, -23.456055542310292], [-50.666057001999945, -23.45599579431034], [-50.66605715199995, -23.45593604631033], [-50.666057302999945, -23.455876298310315], [-50.66605752799995, -23.455786676310304], [-50.66605767799996, -23.455726928310348], [-50.666057827999964, -23.455667179310357], [-50.66605797899996, -23.455607431310337], [-50.666090433999955, -23.455577626310344], [-50.666122890999986, -23.45554782231034], [-50.66615527199997, -23.455547891310346], [-50.66615534699997, -23.455518017310332], [-50.666155421999974, -23.455488143310333], [-50.66615549699998, -23.45545826931033], [-50.66618795399995, -23.455428464310334], [-50.66618802899996, -23.45539859131031], [-50.66618810399996, -23.455368717310304], [-50.66622055999995, -23.455338912310314], [-50.66625301599999, -23.45530910731032], [-50.66628539799995, -23.45530917631033], [-50.66631777899995, -23.45530924631033], [-50.66635015999998, -23.455309315310334], [-50.66644737899998, -23.455279648310352]]]}, "properties": {"objectid": 20449, "cod_ibge": 4126009, "municipio": "SÃO SEBASTIÃO DA AMOREIRA", "hidrografia": "massa d'água", "natureza": "artificial", "rio": "presente", "setor": "rural", "arquivo": "PR_4126009_MASSAS_DAGUA", "Shape__Area": 4.764271919020135e-07, "Shape__Length": 0.0027189849009373154}}, {"type": "Feature", "id": 20452, "geometry": {"type": "MultiPolygon", "coordinates": [[[[-50.65715609399996, -23.495003227309468], [-50.656648176999965, -23.494820738309464], [-50.65676085299997, -23.494572996309476], [-50.65679339899998, -23.49451332030944], [-50.657116919999964, -23.494663402309445], [-50.657149310999955, -23.494663474309483], [-50.657181701999946, -23.49466354530947], [-50.65721409299993, -23.494663616309452], [-50.657246482999945, -23.494663687309433], [-50.65731126499998, -23.494663830309463], [-50.657343655999966, -23.49466390130944], [-50.65737604699996, -23.494663972309425], [-50.657408437999955, -23.49466404330942], [-50.657440827999956, -23.49466411530946], [-50.65747321899993, -23.494664186309446], [-50.65750553299995, -23.49469413130944], [-50.65757015999998, -23.49475402130943], [-50.65760239699995, -23.49481384030943], [-50.65766702399998, -23.494873730309408], [-50.65769941499996, -23.49487380130946], [-50.65773172799993, -23.494903746309454], [-50.65773165099995, -23.49493362030946], [-50.65776404199994, -23.494933691309445], [-50.65779643299993, -23.494933763309433], [-50.65782882399998, -23.494933834309474], [-50.657861214999976, -23.49493390530946], [-50.65789352899997, -23.494963850309457], [-50.65792591999997, -23.49496392130944], [-50.65795823299994, -23.494993866309436], [-50.65799054699994, -23.495023811309434], [-50.65802286099995, -23.49505375630942], [-50.65802278399997, -23.495083630309427], [-50.65805509799998, -23.495113575309425], [-50.658087411999986, -23.495143520309412], [-50.65811972499995, -23.495173465309467], [-50.65818442999995, -23.49520348130945], [-50.65828160299998, -23.495203694309406], [-50.65834638499995, -23.495203836309447], [-50.65841116699994, -23.49520397830943], [-50.65847594799993, -23.495204120309452], [-50.65854065299993, -23.49523413630944], [-50.65857304399998, -23.495234207309423], [-50.65867013999997, -23.49526429430945], [-50.65867006299994, -23.495294168309464], [-50.65876715899998, -23.495324254309445], [-50.65879954999997, -23.49532432530942], [-50.658856832999966, -23.495377408309434], [-50.65715609399996, -23.495003227309468]]], [[[-50.65888800699997, -23.495384266309436], [-50.65889656899998, -23.49538428530942], [-50.65889920799997, -23.495386730309423], [-50.65888800699997, -23.495384266309436]]]]}, "properties": {"objectid": 20452, "cod_ibge": 4126009, "municipio": "SÃO SEBASTIÃO DA AMOREIRA", "hidrografia": "massa d'água", "natureza": "artificial", "rio": "presente", "setor": "rural", "arquivo": "PR_4126009_MASSAS_DAGUA", "Shape__Area": 4.5382541384461654e-07, "Shape__Length": 0.005062817324482673}}, {"type": "Feature", "id": 20454, "geometry": {"type": "Polygon", "coordinates": [[[-50.66968324599997, -23.46920791331005], [-50.669586091999975, -23.469207707310016], [-50.66952132299996, -23.469207570310033], [-50.669456552999975, -23.469207433310004], [-50.66942416899997, -23.46920736431], [-50.66935939999996, -23.469207227310026], [-50.66926224599996, -23.469207021310044], [-50.66922993499997, -23.469177078310032], [-50.66916516599997, -23.46917694130999], [-50.66906801199996, -23.46917673431003], [-50.66900331799996, -23.46914672331], [-50.668938622999974, -23.469116711310033], [-50.66887385399997, -23.469116574309997], [-50.66884154399998, -23.469086631310038], [-50.66877684899999, -23.46905662031001], [-50.668776923999985, -23.469026745310007], [-50.66871222899994, -23.468996734310036], [-50.66867991899995, -23.468966791310006], [-50.668647608999954, -23.46893684831], [-50.66858298899996, -23.468876963310027], [-50.668550678999964, -23.468847020309997], [-50.668518368999976, -23.468817077310042], [-50.66842128999997, -23.468786996310012], [-50.66838897999998, -23.468757053310053], [-50.668356595999974, -23.468756984310044], [-50.66832421099997, -23.468756916310024], [-50.66829182699996, -23.468756847310022], [-50.668259441999965, -23.468756778310002], [-50.66822705799996, -23.468756709310057], [-50.66819467299996, -23.468756640310055], [-50.66812990399996, -23.468756502310026], [-50.66809751999995, -23.468756433310016], [-50.66806513499995, -23.468756364310007], [-50.66796798199994, -23.468756158310033], [-50.66793559699994, -23.468756089310016], [-50.667935671999935, -23.468726215310014], [-50.667935746999945, -23.468696341310004], [-50.667968205999955, -23.468666535310028], [-50.667968354999964, -23.468606787310016], [-50.66800081399998, -23.468576982310022], [-50.66803342299994, -23.46848742931006], [-50.66806595699995, -23.468427750310067], [-50.668098415999964, -23.468397945310063], [-50.668163333999985, -23.46833833531002], [-50.66826071199995, -23.468248919310042], [-50.66826078599996, -23.46821904531004], [-50.66832562999997, -23.46818930931004], [-50.668422931999935, -23.468129767310078], [-50.66919911499997, -23.468549654310035], [-50.66923149899998, -23.468549723310034], [-50.669231424999964, -23.468579597310043], [-50.66926380899997, -23.46857966631006], [-50.669296118999966, -23.468609609310004], [-50.669328503999964, -23.468609677310027], [-50.669393197999966, -23.468639689310052], [-50.669490202999945, -23.468699643310046], [-50.669587355999965, -23.46869984831004], [-50.66965205099996, -23.468729860310003], [-50.669684435999955, -23.468729928310033], [-50.66971681999996, -23.46872999731003], [-50.669781514999954, -23.46876000831001], [-50.66984620899996, -23.468790019310045], [-50.669943287999956, -23.468820099310037], [-50.669975671999964, -23.46882016731005], [-50.67000805699997, -23.468820236310002], [-50.67004044099997, -23.468820304310032], [-50.67007275199995, -23.46885024731004], [-50.67010513599996, -23.46885031631005], [-50.670137520999965, -23.468850384310013], [-50.67016983099995, -23.468880327310025], [-50.67023459999996, -23.468880464309994], [-50.670331604999944, -23.46894041731], [-50.670396299999936, -23.468970428310033], [-50.67062254799998, -23.469150151310007], [-50.67062247299998, -23.469180025310017], [-50.67062239899997, -23.469209899310023], [-50.67059001499995, -23.46920983131], [-50.670525244999965, -23.469209694310027], [-50.67046047599997, -23.469209557310002], [-50.670363247999944, -23.469239226310012], [-50.67029840499998, -23.469268963310046], [-50.67023363499993, -23.46926882631001], [-50.67016886599999, -23.46926868931004], [-50.670136480999986, -23.46926862131002], [-50.67010409699997, -23.46926855231001], [-50.67007171199998, -23.469268484309996], [-50.67000694299998, -23.469268347310027], [-50.66997455799998, -23.46926827831001], [-50.66994217299998, -23.46926820931002], [-50.66990978899997, -23.46926814131004], [-50.66987740399997, -23.469268072310026], [-50.66984509399998, -23.469238130310003], [-50.66978032499997, -23.46923799331003], [-50.66968324599997, -23.46920791331005]]]}, "properties": {"objectid": 20454, "cod_ibge": 4126009, "municipio": "SÃO SEBASTIÃO DA AMOREIRA", "hidrografia": "massa d'água", "natureza": "artificial", "rio": "presente", "setor": "rural", "arquivo": "PR_4126009_MASSAS_DAGUA", "Shape__Area": 1.3321954486930772e-06, "Shape__Length": 0.006296534773744271}}, {"type": "Feature", "id": 20455, "geometry": {"type": "Polygon", "coordinates": [[[-50.66359917999994, -23.467521955310033], [-50.66363171599994, -23.467462276310084], [-50.66372917099994, -23.467342990310065], [-50.66376163099994, -23.467313185310076], [-50.66382647499995, -23.467283451310056], [-50.66385893499996, -23.46725364731005], [-50.66473270199998, -23.46749452131009], [-50.66473262599993, -23.467524395310036], [-50.664765010999986, -23.467524465310042], [-50.66479739499993, -23.46752453431004], [-50.66482977899995, -23.46752460431004], [-50.664862162999945, -23.46752467431005], [-50.66486208799995, -23.46755454831004], [-50.66489447199996, -23.467554617310043], [-50.664926855999965, -23.467554687310052], [-50.66499154899998, -23.46758469931008], [-50.66502393299999, -23.467584769310076], [-50.66505631799998, -23.46758483831008], [-50.66512108599995, -23.46758497731004], [-50.66518577899995, -23.467614990310043], [-50.66521808799996, -23.467644934310048], [-50.665282856999966, -23.467645073310063], [-50.66531516499998, -23.467675016310075], [-50.66537985899999, -23.467705029310025], [-50.66544455199994, -23.467735042310043], [-50.66554147899996, -23.467824873310065], [-50.66554140399995, -23.467854747310078], [-50.66550901899995, -23.467854677310076], [-50.66550894399995, -23.467884551310025], [-50.66547655999995, -23.46788448231007], [-50.66541171599993, -23.467914217310074], [-50.665346946999925, -23.467914078310066], [-50.66528217899998, -23.46791393931005], [-50.66521740999997, -23.467913800310047], [-50.66518502599996, -23.46791373131003], [-50.665120256999955, -23.46791359231003], [-50.66505548799995, -23.46791345231004], [-50.664990794999945, -23.467883439310075], [-50.664958410999986, -23.46788337031007], [-50.66489364199998, -23.46788323131006], [-50.66482894899997, -23.46785321731006], [-50.664764180999946, -23.467853078310053], [-50.66469948699995, -23.467823065310036], [-50.66466710299994, -23.467822995310033], [-50.66463479399994, -23.467793052310068], [-50.66457010099998, -23.467763038310075], [-50.664537716999966, -23.467762969310076], [-50.66450533299997, -23.46776289931007], [-50.66444063999995, -23.46773288631005], [-50.664408255999945, -23.467732816310054], [-50.664375870999955, -23.46773274631005], [-50.66434348699994, -23.467732677310043], [-50.664311102999925, -23.46773260731005], [-50.66427871899999, -23.46773253731005], [-50.664246333999984, -23.467732467310043], [-50.664213949999976, -23.467732398310044], [-50.66418156599997, -23.46773232831004], [-50.66414910599997, -23.467762132310046], [-50.66411672299995, -23.467762063310033], [-50.664051953999945, -23.467761923310047], [-50.66395480099993, -23.467761714310036], [-50.663857648999965, -23.467761504310033], [-50.66379295599995, -23.467731491310023], [-50.66372818699995, -23.467731351310032], [-50.66372826299994, -23.467701477310086], [-50.66369587899993, -23.467701407310084], [-50.663663493999934, -23.467701337310086], [-50.663631185999975, -23.467671394310067], [-50.66359880199997, -23.467671324310075], [-50.66356649299996, -23.46764138031007], [-50.663566568999954, -23.467611506310057], [-50.66356664499995, -23.46758163231007], [-50.66356671999995, -23.46755175931004], [-50.66359910399996, -23.467551829310036], [-50.66359917999994, -23.467521955310033]]]}, "properties": {"objectid": 20455, "cod_ibge": 4126009, "municipio": "SÃO SEBASTIÃO DA AMOREIRA", "hidrografia": "massa d'água", "natureza": "artificial", "rio": "presente", "setor": "rural", "arquivo": "PR_4126009_MASSAS_DAGUA", "Shape__Area": 6.486759101153684e-07, "Shape__Length": 0.004551197982317661}}, {"type": "Feature", "id": 20456, "geometry": {"type": "Polygon", "coordinates": [[[-50.64234948199998, -23.474184127309893], [-50.64203479599996, -23.47304010830993], [-50.64196751099996, -23.471267809309992], [-50.64198872099996, -23.47126785830998], [-50.64205349099996, -23.471268007309998], [-50.64208587599995, -23.471268081309958], [-50.64211826099994, -23.471268155309968], [-50.64218303099995, -23.47126830430999], [-50.642344795999975, -23.47132842331], [-50.64247433599997, -23.471328720309984], [-50.64253910599996, -23.471328869310007], [-50.642278655999974, -23.47183613230996], [-50.64227857599997, -23.471866006309973], [-50.64227849499997, -23.47189588030997], [-50.642278414999964, -23.471925753309986], [-50.64227833399997, -23.47195562730993], [-50.64227817299996, -23.472015375309944], [-50.64227801199997, -23.472075123309953], [-50.642310316999954, -23.47210507130998], [-50.64231023599996, -23.472134945309985], [-50.64234254099995, -23.472164894309937], [-50.64237484599994, -23.47219484230996], [-50.64240706999994, -23.47225466430998], [-50.642406989999984, -23.472284538309935], [-50.64243921399998, -23.472344360309943], [-50.64247143799997, -23.472404182309972], [-50.64250366299996, -23.472464004309938], [-50.64250358199997, -23.47249387830995], [-50.64253588699996, -23.472523826309963], [-50.64256811099995, -23.472583649309918], [-50.64256803099994, -23.472613522309935], [-50.64256794999994, -23.472643396309945], [-50.64256786999994, -23.47267327030994], [-50.64256778899994, -23.47270314430996], [-50.642567708999934, -23.472733018309967], [-50.642567628999984, -23.47276289130992], [-50.642567467999974, -23.47282263930992], [-50.642567386999986, -23.472852513309945], [-50.64256730699998, -23.472882387309934], [-50.64256722599998, -23.472912261309947], [-50.64256714599998, -23.472942135309946], [-50.64256706499998, -23.472972009309956], [-50.64256690399998, -23.473031757309915], [-50.64256682399998, -23.473061631309925], [-50.642566742999975, -23.473091505309924], [-50.64256666299997, -23.473121379309934], [-50.64256658199997, -23.47315125230995], [-50.64256642099997, -23.473211000309952], [-50.64256625999997, -23.47327074830992], [-50.64256617999996, -23.473300622309917], [-50.642566018999965, -23.473360370309933], [-50.642565857999955, -23.473420118309946], [-50.64256577799995, -23.47344999230994], [-50.642565616999946, -23.4735097403099], [-50.64256553599995, -23.473539614309896], [-50.64256545599994, -23.47356948830991], [-50.64256521399995, -23.47365910930993], [-50.642597518999935, -23.473689058309944], [-50.642597438999985, -23.4737189313099], [-50.642629743999976, -23.47374888030992], [-50.64262966399997, -23.47377875430992], [-50.64269427399995, -23.4738386503099], [-50.642694193999944, -23.473868524309907], [-50.64272657899995, -23.473868598309917], [-50.64275888499998, -23.473898546309947], [-50.64279118999997, -23.4739284943099], [-50.64285579999995, -23.473988391309934], [-50.64288810599999, -23.474018339309882], [-50.64295271599996, -23.47407823530993], [-50.64298510199995, -23.47407830930994], [-50.643049873999985, -23.47407845730991], [-50.64311456499996, -23.47410847930988], [-50.64314694999995, -23.474108554309883], [-50.64321164199998, -23.474138576309915], [-50.64324402699998, -23.474138650309932], [-50.64330871799996, -23.474168672309915], [-50.64337348999993, -23.474168820309927], [-50.643438179999976, -23.47419884230991], [-50.64347048599996, -23.474228790309922], [-50.643502790999946, -23.474258738309885], [-50.64356748299997, -23.474288760309918], [-50.643632253999954, -23.474288908309887], [-50.64369694499993, -23.47431893030992], [-50.643761636999955, -23.47434895230989], [-50.643826247999975, -23.47440884830988], [-50.64389085899995, -23.47446874430992], [-50.643955550999976, -23.474498765309896], [-50.64402016199995, -23.474558660309885], [-50.64402008199994, -23.47458853430989], [-50.644084773999964, -23.474618556309874], [-50.64411699899995, -23.4746783783099], [-50.64418169099997, -23.474708400309876], [-50.644213916999945, -23.474768222309894], [-50.644246221999936, -23.474798169309864], [-50.644278447999966, -23.474857991309896], [-50.64431067399994, -23.47491781330992], [-50.644375285999956, -23.47497770830991], [-50.644439896999984, -23.4750376043099], [-50.644504428999944, -23.475127374309874], [-50.64456912099996, -23.475157395309864], [-50.64463365299997, -23.475247165309913], [-50.644633572999965, -23.47527703930991], [-50.64469818499998, -23.4753369343099], [-50.644730410999955, -23.475396756309866], [-50.644730205999956, -23.47547340330988], [-50.64234948199998, -23.474184127309893]]]}, "properties": {"objectid": 20456, "cod_ibge": 4126009, "municipio": "SÃO SEBASTIÃO DA AMOREIRA", "hidrografia": "massa d'água", "natureza": "artificial", "rio": "presente", "setor": "rural", "arquivo": "PR_4126009_MASSAS_DAGUA", "Shape__Area": 2.2107734814928964e-06, "Shape__Length": 0.011780727481808468}}, {"type": "Feature", "id": 20457, "geometry": {"type": "Polygon", "coordinates": [[[-50.66922937099997, -23.49537668830943], [-50.669261835999976, -23.495346883309438], [-50.669294226999966, -23.49534695230945], [-50.66932661799995, -23.49534702030941], [-50.66935900999994, -23.495347089309423], [-50.669391400999984, -23.49534715830942], [-50.66942379199998, -23.495347227309434], [-50.669488573999956, -23.4953473643094], [-50.66952096499995, -23.495347433309416], [-50.669553355999945, -23.49534750130944], [-50.669618137999976, -23.495347639309454], [-50.669650528999966, -23.495347708309417], [-50.66968291999996, -23.495347776309437], [-50.66974770099994, -23.495347913309455], [-50.669747625999946, -23.495377787309398], [-50.66981240799999, -23.495377925309427], [-50.669844798999975, -23.495377993309447], [-50.66990958099995, -23.495378131309412], [-50.66994197199994, -23.495378199309428], [-50.67000675499998, -23.495378336309454], [-50.67003907099996, -23.495408278309426], [-50.670103852999944, -23.49540841530945], [-50.67020102599997, -23.495408621309434], [-50.67026573399994, -23.49543863230941], [-50.670330515999986, -23.495438769309434], [-50.67036283299995, -23.495468711309407], [-50.67042761499993, -23.495468849309425], [-50.67045993199997, -23.49549879130946], [-50.67049232299996, -23.495498859309407], [-50.67055703099993, -23.49552887030945], [-50.67062173899996, -23.495558881309428], [-50.67075115399996, -23.495618903309445], [-50.670848327999984, -23.49561910830943], [-50.67088064499996, -23.495649051309446], [-50.670945426999936, -23.49564918730943], [-50.67104252599995, -23.495679267309416], [-50.67107491699994, -23.495679335309436], [-50.67113962499997, -23.495709346309418], [-50.67123679799993, -23.495709551309403], [-50.67126911599996, -23.495739493309433], [-50.67133389799994, -23.4957396303094], [-50.67136621499998, -23.49576957230943], [-50.67143099699996, -23.49576970830941], [-50.67152809599998, -23.495799787309416], [-50.671560413999934, -23.49582972930943], [-50.671625194999926, -23.495829866309403], [-50.67165758599999, -23.49582993430943], [-50.67172229399994, -23.495859945309416], [-50.67175468499994, -23.495860013309425], [-50.671819393999954, -23.49589002330941], [-50.67188410199998, -23.495920034309453], [-50.67198120199999, -23.4959501123094], [-50.67204598399997, -23.495950249309427], [-50.67214308399996, -23.495980327309436], [-50.67217540099995, -23.496010269309412], [-50.672207791999945, -23.496010337309432], [-50.672240108999965, -23.4960402793094], [-50.67230481799998, -23.496070290309426], [-50.67236937899997, -23.49616004830943], [-50.672401769999965, -23.496160116309387], [-50.67246640499997, -23.496220000309442], [-50.67253103999997, -23.49627988430943], [-50.672530965999954, -23.49630975830939], [-50.672563209999964, -23.496369574309412], [-50.672627770999945, -23.496459332309424], [-50.672627696999946, -23.49648920630942], [-50.67265994099995, -23.4965490223094], [-50.67265979299997, -23.49660876930942], [-50.672691888999964, -23.496728333309402], [-50.67272420699993, -23.49675827530944], [-50.672756376999985, -23.49684796530941], [-50.672820864999956, -23.49696759730942], [-50.672820790999936, -23.49699747130942], [-50.672853034999946, -23.497057287309396], [-50.67285296099993, -23.4970871613094], [-50.67291730199997, -23.49726653930938], [-50.67291722799995, -23.49729641330939], [-50.67294947199997, -23.497356229309414], [-50.672958469999976, -23.49741527930937], [-50.67120104899993, -23.496080933309425], [-50.66920351099998, -23.495489958309413], [-50.66916430199995, -23.495491393309422], [-50.66916436499997, -23.49546617230943], [-50.669164439999975, -23.49543629830943], [-50.669196830999965, -23.495436366309438], [-50.669196904999986, -23.49540649230944], [-50.66922929599997, -23.495406561309448], [-50.66922937099997, -23.49537668830943]]]}, "properties": {"objectid": 20457, "cod_ibge": 4126009, "municipio": "SÃO SEBASTIÃO DA AMOREIRA", "hidrografia": "massa d'água", "natureza": "artificial", "rio": "presente", "setor": "rural", "arquivo": "PR_4126009_MASSAS_DAGUA", "Shape__Area": 1.693669622529412e-06, "Shape__Length": 0.00937565892348695}}, {"type": "Feature", "id": 20458, "geometry": {"type": "MultiPolygon", "coordinates": [[[[-50.664986073999955, -23.495397496309423], [-50.66501846499994, -23.49539756630942], [-50.66505085599994, -23.495397635309427], [-50.665083246999984, -23.49539770530943], [-50.66514787799997, -23.495457592309442], [-50.665244824999945, -23.495547423309404], [-50.66530945599994, -23.495607310309424], [-50.66534177199997, -23.495637253309447], [-50.665365020999964, -23.495648037309422], [-50.66456749099996, -23.49554596630942], [-50.66459700399997, -23.495546030309413], [-50.66469417699994, -23.49554623930943], [-50.664759034999975, -23.49551650430943], [-50.66479142599997, -23.495516574309423], [-50.66482389299994, -23.495486770309427], [-50.66485635899995, -23.495456965309426], [-50.66492114099998, -23.49545710530942], [-50.66495360799997, -23.49542730030943], [-50.66498599899995, -23.495427370309436], [-50.664986073999955, -23.495397496309423]]], [[[-50.66290563399997, -23.49533326230944], [-50.66291320299996, -23.495333279309428], [-50.66294559399994, -23.495333349309426], [-50.66295188999993, -23.495339183309405], [-50.66290563399997, -23.49533326230944]]], [[[-50.66747950699994, -23.495671704309427], [-50.66751189799998, -23.49567177330943], [-50.667544289999974, -23.495671842309438], [-50.66757668099996, -23.495671911309454], [-50.66760907199995, -23.495671980309403], [-50.66764146299994, -23.495672049309412], [-50.667673853999986, -23.49567211830942], [-50.66770624499998, -23.495672188309424], [-50.66773863599997, -23.49567225730943], [-50.66777102699996, -23.495672326309435], [-50.66780341799995, -23.49567239530944], [-50.66796243199997, -23.49569803030943], [-50.667806231999975, -23.49575684030942], [-50.66730906699996, -23.495738758309418], [-50.66731740199998, -23.49573110630945], [-50.667382258999965, -23.4957013703094], [-50.66744704099994, -23.495701509309413], [-50.66747950699994, -23.495671704309427]]]]}, "properties": {"objectid": 20458, "cod_ibge": 4126009, "municipio": "SÃO SEBASTIÃO DA AMOREIRA", "hidrografia": "massa d'água", "natureza": "artificial", "rio": "presente", "setor": "rural", "arquivo": "PR_4126009_MASSAS_DAGUA", "Shape__Area": 1.1751290368486495e-07, "Shape__Length": 0.003205047281767832}}]}