{"type": "FeatureCollection", "name": "Focos anomalias Hacienda Sao Francisco 2026-07-15", "crs": {"type": "name", "properties": {"name": "urn:ogc:def:crs:OGC:1.3:CRS84"}}, "features": [{"type": "Feature", "geometry": {"type": "MultiPolygon", "coordinates": [[[[-50.630673464666486, -23.514867582368655, 0.0], [-50.6305456591784, -23.515047693365045, 0.0], [-50.630511951694174, -23.515121756194976, 0.0], [-50.63052790442657, -23.515167515441853, 0.0], [-50.63059754438897, -23.515182509217404, 0.0], [-50.6310734738603, -23.515104551823235, 0.0], [-50.63138177936726, -23.515069446241338, 0.0], [-50.63171955838239, -23.515036881181054, 0.0], [-50.632309824352376, -23.514999322727952, 0.0], [-50.63274434258851, -23.51499440365888, 0.0], [-50.63316544977108, -23.51502637667401, 0.0], [-50.63355705244288, -23.515087863117067, 0.0], [-50.63388696367807, -23.515186241349376, 0.0], [-50.63430538843224, -23.515314133462777, 0.0], [-50.63490784516985, -23.515481154050956, 0.0], [-50.63522166365154, -23.51554755923694, 0.0], [-50.63561863109918, -23.51564347862011, 0.0], [-50.635953906689586, -23.515727100149142, 0.0], [-50.63619798812005, -23.515786126789546, 0.0], [-50.636896172440274, -23.515979973758558, 0.0], [-50.63747284795157, -23.51615213533436, 0.0], [-50.63786176802769, -23.516265269255417, 0.0], [-50.638084391182765, -23.516334133887018, 0.0], [-50.63823191258119, -23.516371025820803, 0.0], [-50.63866470924673, -23.516450498944742, 0.0], [-50.639018761354194, -23.516511985735523, 0.0], [-50.63937281250632, -23.516568552496857, 0.0], [-50.63963566929965, -23.516617740866987, 0.0], [-50.63985561017437, -23.516659551871932, 0.0], [-50.64027215703397, -23.51673333479326, 0.0], [-50.640561835654566, -23.51676038833974, 0.0], [-50.64077909446834, -23.516767766308753, 0.0], [-50.64097489646077, -23.516775145087365, 0.0], [-50.641181426453926, -23.51675792872855, 0.0], [-50.641379909468164, -23.516740712531448, 0.0], [-50.64151938488821, -23.516711199480028, 0.0], [-50.64159690290594, -23.516662185672974, 0.0], [-50.64161445824656, -23.51659397589176, 0.0], [-50.64162896125598, -23.51649885927466, 0.0], [-50.64164149363706, -23.51640761123866, 0.0], [-50.64164741751847, -23.516317537659074, 0.0], [-50.64165027001873, -23.516272283783387, 0.0], [-50.641673980014026, -23.516180000270655, 0.0], [-50.641697569470715, -23.516011239545314, 0.0], [-50.641718897582024, -23.515880521899746, 0.0], [-50.64175830286963, -23.51563596894822, 0.0], [-50.641771639091964, -23.515507206384502, 0.0], [-50.64179161697913, -23.51540285749685, 0.0], [-50.641794466337124, -23.515321818744034, 0.0], [-50.64180754385899, -23.515278474337965, 0.0], [-50.64181080956682, -23.515230146033687, 0.0], [-50.64182082292689, -23.515169844997835, 0.0], [-50.641826287510625, -23.515097960186996, 0.0], [-50.64183310338886, -23.515045951373494, 0.0], [-50.641846993023776, -23.514986223860937, 0.0], [-50.64187187007094, -23.514791051055067, 0.0], [-50.64193271511243, -23.51440441179094, 0.0], [-50.641954730228555, -23.514238865062556, 0.0], [-50.64187294253014, -23.514188766024787, 0.0], [-50.64184507955494, -23.514086137631253, 0.0], [-50.641979393413784, -23.514083809073156, 0.0], [-50.641980494137044, -23.513989242491697, 0.0], [-50.64200793874046, -23.51384403829206, 0.0], [-50.642023762389506, -23.51374236499748, 0.0], [-50.64208255301824, -23.513292916536454, 0.0], [-50.64211217636103, -23.51313076491822, 0.0], [-50.64212917450934, -23.512990877746628, 0.0], [-50.64214247078609, -23.51287944499978, 0.0], [-50.642136759356525, -23.512763357666202, 0.0], [-50.6420835065551, -23.51263472093965, 0.0], [-50.64195806087411, -23.512444132491414, 0.0], [-50.6418914618482, -23.51229569357431, 0.0], [-50.641851662902894, -23.512147316261558, 0.0], [-50.641809224158486, -23.51198410428572, 0.0], [-50.64176435955223, -23.51172697237613, 0.0], [-50.64171101391604, -23.511632935319803, 0.0], [-50.641557917655476, -23.5115096293947, 0.0], [-50.641458930661706, -23.511445762218536, 0.0], [-50.6413859915725, -23.511412229978582, 0.0], [-50.6413324422019, -23.51139357093999, 0.0], [-50.64127425476309, -23.511355747617372, 0.0], [-50.64119063771146, -23.511306744253506, 0.0], [-50.64116199703948, -23.511244274657923, 0.0], [-50.6410977630309, -23.511212615913188, 0.0], [-50.64105295048912, -23.511184091192465, 0.0], [-50.641001456456024, -23.51114875462509, 0.0], [-50.640935897621816, -23.511111532042605, 0.0], [-50.6408549658481, -23.511060681118074, 0.0], [-50.64077476110514, -23.510988824673195, 0.0], [-50.640691154528724, -23.510936113922035, 0.0], [-50.64056937525102, -23.510877136459765, 0.0], [-50.64046834737057, -23.510825003241, 0.0], [-50.6403478596243, -23.51078394645598, 0.0], [-50.64020524546337, -23.51074901703944, 0.0], [-50.64014164163011, -23.51073218793897, 0.0], [-50.64004790333237, -23.510709728452305, 0.0], [-50.63994553076873, -23.51065944536128, 0.0], [-50.639880581991996, -23.510644466617986, 0.0], [-50.639783485448575, -23.51062508849538, 0.0], [-50.63967235443479, -23.51059270283604, 0.0], [-50.63959264912582, -23.510583868407167, 0.0], [-50.63951164588806, -23.51055958449619, 0.0], [-50.6394132061198, -23.510541438749634, 0.0], [-50.63933619259777, -23.510528285419632, 0.0], [-50.639276566857184, -23.51052691161669, 0.0], [-50.63919957285682, -23.510519585136176, 0.0], [-50.63913724598343, -23.510512996008345, 0.0], [-50.63909307715929, -23.51049435793877, 0.0], [-50.63905219599727, -23.510498588202665, 0.0], [-50.639009135560634, -23.51048761056769, 0.0], [-50.63894832737016, -23.510505761737736, 0.0], [-50.63886286744947, -23.510518847535742, 0.0], [-50.638840342763345, -23.510548143534184, 0.0], [-50.63879972327786, -23.510579251137663, 0.0], [-50.638781237044675, -23.510601760060908, 0.0], [-50.63876505410653, -23.510613047707693, 0.0], [-50.63871953895238, -23.51062324196366, 0.0], [-50.63871402397773, -23.510680072055518, 0.0], [-50.638712924612, -23.510714669522017, 0.0], [-50.63870509078474, -23.51076191744344, 0.0], [-50.63864741845257, -23.51078124615417, 0.0], [-50.63862232412717, -23.51077006649546, 0.0], [-50.63860319734852, -23.51078176140517, 0.0], [-50.63856085554747, -23.5108301649555, 0.0], [-50.638535621266556, -23.51087026712409, 0.0], [-50.63850937523725, -23.510912838369592, 0.0], [-50.63850121729008, -23.51095606945321, 0.0], [-50.63850342819733, -23.511005194249055, 0.0], [-50.63851366721251, -23.511058662680163, 0.0], [-50.63853065000625, -23.51109608246992, 0.0], [-50.638560685026484, -23.511138166479682, 0.0], [-50.63860375542987, -23.511191093236896, 0.0], [-50.63864347927136, -23.51124277650265, 0.0], [-50.63869598021901, -23.51127718939319, 0.0], [-50.63873909369606, -23.51131436084938, 0.0], [-50.63877481030057, -23.511361400855986, 0.0], [-50.63882661184991, -23.511406624584954, 0.0], [-50.638867364420236, -23.511449660175924, 0.0], [-50.63890747060529, -23.511484044254146, 0.0], [-50.63895654595018, -23.511546252697393, 0.0], [-50.63904273367846, -23.51163511501193, 0.0], [-50.639125251695866, -23.511718408059224, 0.0], [-50.63919875516281, -23.511790558746398, 0.0], [-50.639249214507146, -23.511836706011994, 0.0], [-50.639299657059524, -23.511889031796198, 0.0], [-50.63937487860936, -23.511945431016716, 0.0], [-50.6394022492397, -23.511981947978246, 0.0], [-50.63942724713873, -23.512028654088084, 0.0], [-50.63948768345969, -23.51210170117111, 0.0], [-50.63955281151677, -23.51217414123222, 0.0], [-50.63962431556023, -23.512242579947397, 0.0], [-50.63970792756355, -23.512293437706955, 0.0], [-50.63975472160858, -23.512332470970236, 0.0], [-50.63982355172525, -23.512398740908417, 0.0], [-50.63986189271975, -23.51246648495687, 0.0], [-50.63989295615112, -23.512500230013554, 0.0], [-50.63990557947483, -23.512539493143827, 0.0], [-50.63992722261335, -23.512588044987975, 0.0], [-50.63993714327554, -23.5126356429408, 0.0], [-50.640032274942115, -23.512762214685164, 0.0], [-50.64012611715374, -23.512870247671422, 0.0], [-50.64018650136373, -23.512962756868625, 0.0], [-50.6402332571813, -23.51301600061879, 0.0], [-50.640264948880535, -23.513065193485705, 0.0], [-50.640306410186845, -23.513094328548064, 0.0], [-50.640412512557006, -23.51312886465662, 0.0], [-50.640500601205325, -23.513135246602126, 0.0], [-50.64056556133481, -23.513146517977134, 0.0], [-50.64065526938731, -23.513124670546112, 0.0], [-50.64075690928992, -23.51312409877336, 0.0], [-50.6408288634174, -23.513150523677268, 0.0], [-50.640889042251274, -23.513195457115742, 0.0], [-50.64092748704571, -23.513225202915393, 0.0], [-50.64093809654367, -23.513266005962105, 0.0], [-50.64095299446039, -23.513314051991063, 0.0], [-50.64094489203869, -23.51335437522943, 0.0], [-50.64095607942563, -23.51342916176004, 0.0], [-50.64097564356379, -23.51350334974405, 0.0], [-50.64098620201093, -23.513562997317035, 0.0], [-50.641013195705966, -23.513615268488277, 0.0], [-50.64103924302891, -23.51364591246723, 0.0], [-50.64105418502462, -23.5136950665647, 0.0], [-50.641055681688066, -23.513760871818054, 0.0], [-50.64105378059025, -23.513844278172407, 0.0], [-50.64099789784213, -23.513944551166517, 0.0], [-50.64095982549656, -23.514024475912063, 0.0], [-50.64088792020538, -23.514103395845172, 0.0], [-50.640850338668066, -23.5141381263906, 0.0], [-50.640794012552504, -23.5142069921139, 0.0], [-50.64074305048543, -23.514266019993954, 0.0], [-50.640677686457856, -23.5143391228532, 0.0], [-50.64057398668926, -23.51448574308176, 0.0], [-50.640443223493165, -23.514649791235954, 0.0], [-50.64021411429576, -23.514759858510256, 0.0], [-50.6399894589029, -23.51483348216549, 0.0], [-50.63978893126446, -23.51490438094901, 0.0], [-50.63962966550924, -23.51495467674954, 0.0], [-50.639468010131594, -23.515003181093235, 0.0], [-50.63925879822883, -23.515042531835093, 0.0], [-50.639084107902434, -23.51501489006506, 0.0], [-50.63885860178465, -23.514908713685408, 0.0], [-50.638839706282845, -23.51477719147956, 0.0], [-50.63886719561511, -23.514639178924604, 0.0], [-50.63889478037319, -23.51449644352237, 0.0], [-50.638983293170206, -23.514275090265077, 0.0], [-50.63908789990433, -23.51408079115282, 0.0], [-50.639219328172125, -23.513834842607046, 0.0], [-50.63930515880929, -23.513640543188316, 0.0], [-50.63936684951724, -23.513438864074136, 0.0], [-50.6394004343204, -23.51326368879, 0.0], [-50.63943271032906, -23.51309817777133, 0.0], [-50.63943186556707, -23.512993593328495, 0.0], [-50.63938111633588, -23.512853386819494, 0.0], [-50.63933921582571, -23.51273960404459, 0.0], [-50.639314558717295, -23.512690736212498, 0.0], [-50.639255031299726, -23.512652909038323, 0.0], [-50.639174374003886, -23.512619748093375, 0.0], [-50.63904831024507, -23.512575476480652, 0.0], [-50.63894651302595, -23.512523061904094, 0.0], [-50.638818144308836, -23.51242328921829, 0.0], [-50.63869912206055, -23.512335895257166, 0.0], [-50.638545354472896, -23.512213820558575, 0.0], [-50.63835145647467, -23.512066320375038, 0.0], [-50.63825782218521, -23.51200555289628, 0.0], [-50.63811397365768, -23.511931693684488, 0.0], [-50.63797741756597, -23.51188627272896, 0.0], [-50.63773433550879, -23.511839368185598, 0.0], [-50.63746509333397, -23.511803523801486, 0.0], [-50.63725147113895, -23.51176410136943, 0.0], [-50.63705930925987, -23.511717314371275, 0.0], [-50.63689122501153, -23.511686029708088, 0.0], [-50.63678410873796, -23.511655504922434, 0.0], [-50.636600714766715, -23.51158773066193, 0.0], [-50.63649966420742, -23.51154424483241, 0.0], [-50.636403532663024, -23.511417359689954, 0.0], [-50.63628419677816, -23.511278497289542, 0.0], [-50.63614472105093, -23.51111370798707, 0.0], [-50.63602670400032, -23.51101040756428, 0.0], [-50.63587918243419, -23.51089972788328, 0.0], [-50.635683381987576, -23.510769372040652, 0.0], [-50.63557877507912, -23.510698045108327, 0.0], [-50.63548885444301, -23.510680944196952, 0.0], [-50.635376201375514, -23.510644050953946, 0.0], [-50.63526682079402, -23.510587390887135, 0.0], [-50.63517057539663, -23.510502519016285, 0.0], [-50.63510402393704, -23.51041765674027, 0.0], [-50.6350248241397, -23.510390963218793, 0.0], [-50.634910977112156, -23.510372160670162, 0.0], [-50.63485206919461, -23.510353486853035, 0.0], [-50.634810696838265, -23.510292839835824, 0.0], [-50.63486177266105, -23.51023611671685, 0.0], [-50.63470625021222, -23.510266644892422, 0.0], [-50.634492931368186, -23.510361294442262, 0.0], [-50.63438115921062, -23.51039332905397, 0.0], [-50.634212180829785, -23.510464655802007, 0.0], [-50.634053929871754, -23.51054336202193, 0.0], [-50.63389031501496, -23.51062206721211, 0.0], [-50.633724018597995, -23.510722908763707, 0.0], [-50.63358990766089, -23.51079915475407, 0.0], [-50.63346920819284, -23.510892616964444, 0.0], [-50.63331855589383, -23.511043119747253, 0.0], [-50.633071074476945, -23.511376179734118, 0.0], [-50.632830298614756, -23.511706783681568, 0.0], [-50.63206612164261, -23.512807237092865, 0.0], [-50.6312856212205, -23.51399044063811, 0.0], [-50.63081042184628, -23.514697181214782, 0.0], [-50.630673464666486, -23.514867582368655, 0.0]]], [[[-50.63666116460012, -23.504693817184485, 0.0], [-50.636564608969884, -23.504723249117966, 0.0], [-50.63647674783933, -23.50500231583103, 0.0], [-50.63634686356868, -23.5054579916998, 0.0], [-50.63615428260191, -23.506299064185463, 0.0], [-50.63603103108909, -23.50677823377426, 0.0], [-50.63595787623775, -23.50706845589624, 0.0], [-50.635890203120276, -23.50731420503872, 0.0], [-50.635800845945006, -23.507648874928613, 0.0], [-50.63571348277801, -23.50792192963641, 0.0], [-50.63565219717894, -23.508182738735925, 0.0], [-50.63566582252064, -23.508378783747812, 0.0], [-50.635697848452814, -23.50855812031349, 0.0], [-50.63572454822678, -23.508692502241068, 0.0], [-50.635766308006346, -23.508874042523487, 0.0], [-50.635762620844055, -23.50909306410667, 0.0], [-50.635714912066476, -23.50932203948947, 0.0], [-50.63578679116076, -23.509349185845398, 0.0], [-50.63585029263029, -23.509348712561156, 0.0], [-50.635943472258035, -23.50938415216843, 0.0], [-50.636030515839664, -23.50940412703878, 0.0], [-50.63609880668224, -23.50942158661781, 0.0], [-50.636157839960305, -23.509394538806696, 0.0], [-50.63621420006668, -23.50936501329955, 0.0], [-50.636237064356955, -23.509334173829878, 0.0], [-50.63631163264341, -23.50928476292245, 0.0], [-50.6363384551121, -23.50922081415925, 0.0], [-50.636384052585534, -23.509186380334146, 0.0], [-50.63644254741626, -23.509164124949894, 0.0], [-50.63644984039359, -23.50908782830816, 0.0], [-50.636448249828135, -23.50903933105308, 0.0], [-50.63649670515753, -23.508962559146877, 0.0], [-50.63649938691521, -23.50891582640987, 0.0], [-50.636555713599336, -23.50888385189401, 0.0], [-50.636649739386485, -23.50885938684472, 0.0], [-50.636766343245064, -23.50884977309973, 0.0], [-50.63685746069925, -23.508849985567597, 0.0], [-50.636933774213, -23.508873642059733, 0.0], [-50.63698729144975, -23.50890342396055, 0.0], [-50.637035829347006, -23.508965018697722, 0.0], [-50.63702853571304, -23.509011027287347, 0.0], [-50.63703635540329, -23.509091366984475, 0.0], [-50.63709367258543, -23.509201479177687, 0.0], [-50.637226044951774, -23.5093055876093, 0.0], [-50.63735452618205, -23.509362729700612, 0.0], [-50.63751862685071, -23.50937822738105, 0.0], [-50.63769565282632, -23.50938806583871, 0.0], [-50.637837810027825, -23.50937822739936, 0.0], [-50.63794417284772, -23.509341858621863, 0.0], [-50.63803946250994, -23.50928647292339, 0.0], [-50.638112033429834, -23.509208791509362, 0.0], [-50.63819319173267, -23.50914706463214, 0.0], [-50.63828438621387, -23.509070817929558, 0.0], [-50.63837826357199, -23.509048681697664, 0.0], [-50.63853919655399, -23.509063438995156, 0.0], [-50.638659895504205, -23.50909787364897, 0.0], [-50.638762011514196, -23.50917570034169, 0.0], [-50.638858286930926, -23.509250066511967, 0.0], [-50.63892372635684, -23.509330539715325, 0.0], [-50.63901325161916, -23.50942342586818, 0.0], [-50.639078802338474, -23.509463120665725, 0.0], [-50.639134865580196, -23.509542336337784, 0.0], [-50.63921762059666, -23.5096611567041, 0.0], [-50.6393137418346, -23.509792365131172, 0.0], [-50.6393764648484, -23.50988642471928, 0.0], [-50.639474057556214, -23.509969443566337, 0.0], [-50.63956630393655, -23.51004750711987, 0.0], [-50.63968532977434, -23.51013304686469, 0.0], [-50.63983921868544, -23.51021001713732, 0.0], [-50.63999310777693, -23.510286987259335, 0.0], [-50.6402346095575, -23.51042162038591, 0.0], [-50.64040996899841, -23.510487518256937, 0.0], [-50.640587336910116, -23.510554038424196, 0.0], [-50.64067235693927, -23.510579566760082, 0.0], [-50.640765346504836, -23.510631063448965, 0.0], [-50.64085566288125, -23.510680082488253, 0.0], [-50.64093320929429, -23.51074390061613, 0.0], [-50.64100672243594, -23.51081265226923, 0.0], [-50.641092933688455, -23.510893172443893, 0.0], [-50.6411597621386, -23.510956347902468, 0.0], [-50.64122727570791, -23.511013964192898, 0.0], [-50.64132095252151, -23.51105928356015, 0.0], [-50.64145361778552, -23.51105711760377, 0.0], [-50.641455761570604, -23.51100769393568, 0.0], [-50.64144125757792, -23.510920542630462, 0.0], [-50.641508367161585, -23.510879918519272, 0.0], [-50.64156601488989, -23.510869547623603, 0.0], [-50.64166149258527, -23.51088313161194, 0.0], [-50.641680267801505, -23.51081426404636, 0.0], [-50.64170560886335, -23.51078275090916, 0.0], [-50.64173851364895, -23.51075502301306, 0.0], [-50.64180284785077, -23.510749610270313, 0.0], [-50.64187185360954, -23.510751004676482, 0.0], [-50.641927442840924, -23.510758546782593, 0.0], [-50.64198225854089, -23.510804394261168, 0.0], [-50.64205041901131, -23.510870661691914, 0.0], [-50.64211522791921, -23.51093753924897, 0.0], [-50.64218876682592, -23.51099702254507, 0.0], [-50.64226894398193, -23.511079381784764, 0.0], [-50.64233177649233, -23.51113389756086, 0.0], [-50.64238669573518, -23.511245292963835, 0.0], [-50.642399654674556, -23.51114817359564, 0.0], [-50.642408977436496, -23.51108449112538, 0.0], [-50.64242351900672, -23.510972338223354, 0.0], [-50.64244936041052, -23.510780889456797, 0.0], [-50.6424924222321, -23.51046703473123, 0.0], [-50.64254238072083, -23.510100676903956, 0.0], [-50.642583915460676, -23.509785850164835, 0.0], [-50.64260037319894, -23.509671764255238, 0.0], [-50.642609879832, -23.509592417039006, 0.0], [-50.642621597519984, -23.50951171658974, 0.0], [-50.64262726201551, -23.50946045017159, 0.0], [-50.64266008438398, -23.509236493254146, 0.0], [-50.64269510937584, -23.508992340685165, 0.0], [-50.64272885379701, -23.50874668703414, 0.0], [-50.64275892884667, -23.508515522098648, 0.0], [-50.64283822537434, -23.50795176138392, 0.0], [-50.64286413990564, -23.507728005448275, 0.0], [-50.64289094593058, -23.507582231911467, 0.0], [-50.642914016152105, -23.50742257393744, 0.0], [-50.6429693676656, -23.507043442781868, 0.0], [-50.64302390619389, -23.50668457147906, 0.0], [-50.643071222293415, -23.506391559791496, 0.0], [-50.64317895290966, -23.50569451135525, 0.0], [-50.64323219905857, -23.505338702589924, 0.0], [-50.643278976535186, -23.50503863327444, 0.0], [-50.64329645209918, -23.50492834171659, 0.0], [-50.643319450893046, -23.50480268323799, 0.0], [-50.64332843673418, -23.504748330262746, 0.0], [-50.64310635614296, -23.50473559746142, 0.0], [-50.64296688124244, -23.504725759142186, 0.0], [-50.64281131254068, -23.50471100069369, 0.0], [-50.64266673059571, -23.50469288053865, 0.0], [-50.642460452736294, -23.50466645718118, 0.0], [-50.64228897620336, -23.504653706348087, 0.0], [-50.642080005292804, -23.504632219168496, 0.0], [-50.64184693258873, -23.504604497716514, 0.0], [-50.64164853804617, -23.504563489525104, 0.0], [-50.641417868540344, -23.504538892771325, 0.0], [-50.64122076240917, -23.504506849243747, 0.0], [-50.6409102489481, -23.50447153835395, 0.0], [-50.64066688847389, -23.504444844202265, 0.0], [-50.64047397708703, -23.504430806213627, 0.0], [-50.64027040343645, -23.504395736192468, 0.0], [-50.640069449306, -23.504382914846897, 0.0], [-50.63986185609108, -23.504347835005948, 0.0], [-50.63967699789165, -23.50432887178625, 0.0], [-50.63941174808946, -23.504308486564504, 0.0], [-50.639143838735784, -23.50428068043543, 0.0], [-50.638983139647344, -23.504246943765338, 0.0], [-50.638771660831395, -23.50421081366854, 0.0], [-50.63856781288707, -23.504188676704633, 0.0], [-50.6383344599923, -23.50416408000917, 0.0], [-50.638098426028584, -23.50413210421074, 0.0], [-50.63786775590085, -23.504105048014576, 0.0], [-50.637733645885625, -23.504082911280623, 0.0], [-50.637634317182034, -23.50407081179489, 0.0], [-50.637521818469686, -23.504050778611038, 0.0], [-50.63746288253609, -23.504043227168054, 0.0], [-50.63737445497404, -23.504040549917445, 0.0], [-50.63731394613298, -23.504046015988962, 0.0], [-50.637233479182825, -23.50409520972865, 0.0], [-50.637136920093816, -23.50414932220854, 0.0], [-50.6370429173494, -23.504251085197826, 0.0], [-50.63693807543147, -23.504370705309366, 0.0], [-50.636827900748116, -23.504480427188554, 0.0], [-50.636779507850875, -23.504537157280634, 0.0], [-50.63672709854181, -23.50459264227488, 0.0], [-50.63668814938427, -23.504625915762333, 0.0], [-50.63666116460012, -23.504693817184485, 0.0]]]]}, "properties": {"tipo": "perimetro", "id": "SF-PERIMETRO", "name": "Perimetro Hacienda Sao Francisco", "hacienda": "Hacienda Sao Francisco", "fecha_img": "2026-07-15"}}, {"type": "Feature", "properties": {"id": "SF-f9f65f", "name": "SF-f9f65f", "etiqueta": "P1", "hacienda": "Hacienda Sao Francisco", "orden": 1, "estrato": "Prioritario", "nivel": "Prioritario", "SI": 0.43, "clorofila_pct_vs_mejor5": 43.0, "area_ha": 0.07, "fecha_img": "2026-07-15", "zona": 1, "clase": "baja"}, "geometry": {"type": "Polygon", "coordinates": [[[-50.637685090777055, -23.509231281317785], [-50.637684649049966, -23.509230350913317], [-50.6375882717661, -23.5090514671569], [-50.637587685966615, -23.50905050464823], [-50.63758649076467, -23.509050446344354], [-50.63729508234433, -23.50904976800984], [-50.637293936257706, -23.509049817257683], [-50.63729387706733, -23.509050873909413], [-50.6372933884617, -23.509229310110697], [-50.63729344186464, -23.509230367024603], [-50.63729458766851, -23.50923042160963], [-50.637683990569826, -23.509231327937723], [-50.637685090777055, -23.509231281317785]]]}}, {"type": "Feature", "properties": {"id": "SF-f9f65f", "name": "SF-f9f65f", "etiqueta": "P1", "hacienda": "Hacienda Sao Francisco", "orden": 1, "estrato": "Prioritario", "nivel": "Prioritario", "SI": 0.43, "clorofila_pct_vs_mejor5": 43.0, "area_ha": 0.07, "fecha_img": "2026-07-15", "zona": 1, "tipo": "principal", "status": "pending"}, "geometry": {"type": "Point", "coordinates": [-50.637464905991735, -23.5091403886338]}}, {"type": "Feature", "properties": {"id": "SF-f9f65f.08", "name": "SF-f9f65f.08", "etiqueta": "V1", "hacienda": "Hacienda Sao Francisco", "orden": 2, "estrato": "Vigilancia", "nivel": "Vigilancia", "SI": 0.557, "clorofila_pct_vs_mejor5": 55.7, "area_ha": 0.077, "fecha_img": "2026-07-15", "zona": 2, "clase": "media-baja"}, "geometry": {"type": "Polygon", "coordinates": [[[-50.6378814875212, -23.5090511849201], [-50.637880346768576, -23.5090511298242], [-50.63758890968653, -23.509050451972787], [-50.637587809480785, -23.509050498592064], [-50.6375882512066, -23.509051428996813], [-50.637649917855015, -23.509165887168493], [-50.63765182000212, -23.509169893642632], [-50.63765329299975, -23.5091740510033], [-50.637654323034, -23.5091783202625], [-50.637654900445106, -23.509182661382876], [-50.637655019818034, -23.50918703365311], [-50.63765468003323, -23.509191396069795], [-50.637653884277185, -23.509195707721886], [-50.63765264001252, -23.509199928174443], [-50.63765095890796, -23.509204017847775], [-50.637648856729, -23.509207938388666], [-50.63764635318998, -23.509211653030004], [-50.63764347176921, -23.509215126935633], [-50.637640239488846, -23.509218327527023], [-50.63763668666141, -23.509221224788806], [-50.63763284660554, -23.509223791550262], [-50.637628755333544, -23.509226003740114], [-50.63762445121366, -23.509227840612287], [-50.63761997461022, -23.50922928494046], [-50.637615367505134, -23.50923032317963], [-50.63761067310416, -23.5092309455931], [-50.637605935431736, -23.509231146343843], [-50.63749048341795, -23.509230877675076], [-50.63748933732981, -23.50923092692434], [-50.63748927814089, -23.50923198357614], [-50.63748903700248, -23.509320092977912], [-50.637489090407016, -23.50932114989176], [-50.63749023621177, -23.50932120447536], [-50.63778170121536, -23.509321882582295], [-50.637782838534086, -23.509321834808404], [-50.63778325268615, -23.50932085682583], [-50.63788117791392, -23.509052198926348], [-50.6378814875212, -23.5090511849201]]]}}, {"type": "Feature", "properties": {"id": "SF-f9f65f.08", "name": "SF-f9f65f.08", "etiqueta": "V1", "hacienda": "Hacienda Sao Francisco", "orden": 2, "estrato": "Vigilancia", "nivel": "Vigilancia", "SI": 0.557, "clorofila_pct_vs_mejor5": 55.7, "area_ha": 0.077, "fecha_img": "2026-07-15", "zona": 2, "tipo": "submuestra", "status": "pending"}, "geometry": {"type": "Point", "coordinates": [-50.63774389395926, -23.509184847517993]}}, {"type": "Feature", "properties": {"id": "SF-c6fe16", "name": "SF-c6fe16", "etiqueta": "V2", "hacienda": "Hacienda Sao Francisco", "orden": 3, "estrato": "Vigilancia", "nivel": "Vigilancia", "SI": 0.753, "clorofila_pct_vs_mejor5": 75.3, "area_ha": 5.398, "fecha_img": "2026-07-15", "zona": 3, "clase": "media-baja"}, "geometry": {"type": "Polygon", "coordinates": [[[-50.64178574051866, -23.51411844199602], [-50.64178579967607, -23.51411738534285], [-50.64178652667286, -23.513848622375544], [-50.6417864732327, -23.513847565463337], [-50.64178532738659, -23.513847510910878], [-50.64173755400369, -23.513847401013162], [-50.64173275413712, -23.513847172495314], [-50.64172800167261, -23.513846511229893], [-50.64172334237904, -23.513845423585256], [-50.641718821127995, -23.513843920036013], [-50.64171448146163, -23.51384201506219], [-50.64171036517333, -23.513839727009746], [-50.641706511905234, -23.513837077913887], [-50.64170295876642, -23.513834093286885], [-50.64169973997557, -23.513830801872338], [-50.64169688653139, -23.51382723536841], [-50.6416944259141, -23.51382342812248], [-50.64169238182076, -23.513819416800434], [-50.64169077393707, -23.513815240033516], [-50.64168961774781, -23.513810938046287], [-50.641688924387644, -23.513806552269244], [-50.64168870053399, -23.513802124939826], [-50.64168881973204, -23.513758070244002], [-50.64168876629268, -23.513757013331755], [-50.64168762044741, -23.51375695877859], [-50.6413962015397, -23.513756287990788], [-50.641395005992514, -23.513756340760573], [-50.6413944149395, -23.513757300544846], [-50.641310132511016, -23.51391177860566], [-50.64130769932582, -23.513915729734705], [-50.641304847933, -23.513919435411772], [-50.64130160719389, -23.513922858128574], [-50.64129800991077, -23.5139259632408], [-50.6412940924948, -23.513928719319008], [-50.641289894597506, -23.51393109846653], [-50.64128545870937, -23.513933076601987], [-50.64128082972984, -23.513934633702963], [-50.64127605451277, -23.513935754008706], [-50.64127118139226, -23.51393642617963], [-50.641266259693346, -23.51393664341213], [-50.64119977922895, -23.513936490254693], [-50.641198633101055, -23.51393653953073], [-50.641198573939064, -23.513937596183652], [-50.64119772037409, -23.51425263121945], [-50.64119747254797, -23.51425705746239], [-50.641196755444646, -23.514261439991458], [-50.641195575970144, -23.51426573660048], [-50.64119394548342, -23.51426990591076], [-50.641191879686914, -23.514273907769553], [-50.641189398475355, -23.51427770363675], [-50.641186525744125, -23.51428125695604], [-50.6411832891592, -23.514284533507023], [-50.64117971989065, -23.514287501734678], [-50.64117585231249, -23.514290133053347], [-50.64117172367164, -23.514292402121946], [-50.64116737372917, -23.51429428708812], [-50.64116284437743, -23.51429576979857], [-50.64115817923662, -23.514296835973983], [-50.64115342323462, -23.514297475346492], [-50.64114862217437, -23.514297681758595], [-50.64100289697091, -23.51429734588633], [-50.641001750839834, -23.514297395160884], [-50.641001691676074, -23.514298451813655], [-50.64100108250204, -23.514523160054107], [-50.641000834668716, -23.514527586296502], [-50.6410001175573, -23.514531968824407], [-50.640998938073906, -23.514536265431694], [-50.64099730757757, -23.514540434739647], [-50.64099524177082, -23.51454443659557], [-50.64099276054848, -23.51454823245937], [-50.640989887806064, -23.514551785774778], [-50.640986651209616, -23.51455506232142], [-50.64098308192935, -23.514558030544325], [-50.640979214339374, -23.514560661857864], [-50.64097508568672, -23.514562930921034], [-50.64097073573259, -23.514564815881496], [-50.64096620636945, -23.514566298586043], [-50.64096154121757, -23.514567364755393], [-50.64095678520497, -23.514568004121738], [-50.64095198413469, -23.514568210527646], [-50.64090421049617, -23.514568100371118], [-50.640903064362725, -23.51456814964491], [-50.64090300519802, -23.5145692062976], [-50.640902885733944, -23.514613260985037], [-50.640902637897135, -23.514617687227176], [-50.64090192078194, -23.514622069754534], [-50.64090074129453, -23.51462636636097], [-50.64089911079396, -23.514630535667813], [-50.640897044982815, -23.514634537522326], [-50.640894563755964, -23.51463833338446], [-50.640891691008946, -23.514641886697962], [-50.640888454407865, -23.514645163242463], [-50.64088488512297, -23.514648131463026], [-50.64088101752842, -23.514650762774046], [-50.64087688887129, -23.51465303183453], [-50.640872538912824, -23.514654916792175], [-50.64086800954552, -23.514656399493795], [-50.64086334438972, -23.514657465660136], [-50.64085858837345, -23.514658105023443], [-50.64085378729979, -23.514658311426277], [-50.640708061704196, -23.51465797527327], [-50.64070691556992, -23.51465802454561], [-50.6407068564036, -23.514659081198186], [-50.64070623608418, -23.514887708941565], [-50.64070598576793, -23.514892157694586], [-50.640705261398615, -23.51489656206626], [-50.64070407002355, -23.51490087920643], [-50.64070242323363, -23.51490506711358], [-50.64070033705041, -23.514909085043524], [-50.64069783177039, -23.514912893905763], [-50.64069493176742, -23.514916456643824], [-50.64069166525564, -23.514919738595793], [-50.64068806401497, -23.514922707831495], [-50.64068416308191, -23.514925335463197], [-50.640680000408686, -23.514927595926633], [-50.64067561649401, -23.514929467229713], [-50.64067105398905, -23.514930931166493], [-50.64066635728249, -23.514931973494313], [-50.64066157206867, -23.514932584072355], [-50.63962963320202, -23.515016689735795], [-50.63962843622105, -23.515016843582877], [-50.639627632449425, -23.515017675846202], [-50.639252896902285, -23.51544741241282], [-50.63924983540023, -23.51545060263522], [-50.63924646156031, -23.515453512669474], [-50.63924280539986, -23.51545611662475], [-50.63923889944801, -23.515458391333443], [-50.63923477845633, -23.515460316557288], [-50.63923047908961, -23.51546187516741], [-50.63922603959969, -23.515463053296724], [-50.639221499485075, -23.515463840463305], [-50.63921689913954, -23.51546422966368], [-50.63921227949276, -23.515464217435092], [-50.63920768164611, -23.515463803886345], [-50.63855116593611, -23.515375763337307], [-50.63855000358295, -23.515375662240263], [-50.638549941861534, -23.515376737354728], [-50.63854951783089, -23.515532082375948], [-50.63854926939807, -23.515536513313066], [-50.63854855068973, -23.515540900389784], [-50.638547368642115, -23.51554520126614], [-50.638545734663225, -23.515549374434087], [-50.638543664522636, -23.515553379618105], [-50.63854117819938, -23.5155571781639], [-50.63853829968911, -23.51556073341144], [-50.63853505677248, -23.51556401104879], [-50.6385314807471, -23.51556697944325], [-50.6385276061254, -23.515569609946624], [-50.638256103767766, -23.515735610856062], [-50.63825515823961, -23.515736252777245], [-50.63825509761192, -23.5157373340606], [-50.63825461022542, -23.515915740982624], [-50.63825466742399, -23.51591684346952], [-50.638255708227256, -23.515917388536163], [-50.638449206319976, -23.516007167617946], [-50.63845021303708, -23.516007579659416], [-50.638450269138076, -23.516006565305137], [-50.63845038946605, -23.51596249599034], [-50.63845063738795, -23.515958069753903], [-50.63845135459198, -23.515953687239673], [-50.638452534171044, -23.51594939065364], [-50.638454164765115, -23.515945221374274], [-50.63845623067064, -23.515941219553994], [-50.63845871199179, -23.515937423732506], [-50.63846158483205, -23.51593387046563], [-50.638464821524416, -23.515930593973238], [-50.638468390897735, -23.515927625809727], [-50.63847225857702, -23.515924994560105], [-50.63847638731441, -23.515922725564742], [-50.638480737347926, -23.51592084067527], [-50.63848526678441, -23.515919358044197], [-50.63848993200293, -23.51591829195004], [-50.63849468807495, -23.515917652659887], [-50.638499489196924, -23.51591744633043], [-50.638714102190654, -23.51591794440638], [-50.63871902271904, -23.515918184392387], [-50.638723892195365, -23.515918879085955], [-50.63872866133156, -23.515920021455525], [-50.63873328185522, -23.51592159993821], [-50.6387377069981, -23.51592359855686], [-50.63874189196962, -23.515925997081776], [-50.63874579441014, -23.515928771235476], [-50.63874937481977, -23.515931892938383], [-50.63875259695813, -23.515935330593162], [-50.6387554282112, -23.515939049404373], [-50.63875783992147, -23.515943011730805], [-50.63881670412147, -23.51605226051796], [-50.63881867355316, -23.51605643034312], [-50.63882017820459, -23.516060761681192], [-50.6388212028166, -23.51606521060675], [-50.63882173699822, -23.516069732001885], [-50.63882177533211, -23.516074280013715], [-50.63882131742946, -23.516078808519456], [-50.63882036793395, -23.516083271594123], [-50.638818936474664, -23.51608762397628], [-50.63881703756843, -23.516091821527077], [-50.63881469047261, -23.516095821677816], [-50.638811918989795, -23.516099583861735], [-50.638808751226435, -23.516103069925315], [-50.6388052193078, -23.51610624451531], [-50.638801359052145, -23.51610907543717], [-50.63879720960755, -23.51611153398164], [-50.63879281305484, -23.51611359521584], [-50.638788213980845, -23.51611523823612], [-50.63854884312224, -23.516188199690312], [-50.63854778049574, -23.51618857668479], [-50.63854772295777, -23.516189625256036], [-50.63854723575705, -23.51636810469736], [-50.638547287559916, -23.516369149313324], [-50.63854840422115, -23.516369331469015], [-50.639329400758406, -23.516461194931804], [-50.63933055461323, -23.516461277033454], [-50.639330615191554, -23.516460211316485], [-50.639330769493334, -23.51640356259171], [-50.639331007183415, -23.51639923047174], [-50.639331694458335, -23.516394939359177], [-50.63933282497837, -23.516390728836736], [-50.63933438831518, -23.51638663774376], [-50.63933637004796, -23.516382703817907], [-50.63933875189647, -23.516378963347098], [-50.63934151188969, -23.51637545083472], [-50.63934462456845, -23.51637219868141], [-50.639348061220296, -23.516369236886153], [-50.63935179014436, -23.51636659276957], [-50.63935577694373, -23.516364290721924], [-50.6393599848428, -23.51636235197807], [-50.63936437502643, -23.516360794421658], [-50.639560445286186, -23.51630103018708], [-50.63956514579233, -23.51629983319776], [-50.63956995208153, -23.516299073181198], [-50.63957481650671, -23.516298757671827], [-50.63957969084443, -23.516298889797426], [-50.63958452677299, -23.51629946824817], [-50.63958927635147, -23.51630048728962], [-50.63959389249498, -23.516301936819495], [-50.639598329441405, -23.5163038024679], [-50.639602543205115, -23.51630606573974], [-50.63960649201301, -23.516308704198106], [-50.63961013671857, -23.516311691686667], [-50.639613441190036, -23.516314998588967], [-50.63961637266851, -23.516318592122065], [-50.639618902092785, -23.51632243666148], [-50.63962100438738, -23.516326494094393], [-50.63962265871118, -23.51633072419748], [-50.639623848663994, -23.516335085035625], [-50.639624562449185, -23.516339533377657], [-50.63962479299061, -23.51634402512496], [-50.639624229123065, -23.516551206124337], [-50.63962428561149, -23.516552292962498], [-50.63962545821865, -23.516552414213283], [-50.641288030438396, -23.516646450731372], [-50.64128916049265, -23.516646465228316], [-50.64128983346516, -23.5166456279689], [-50.641471234375516, -23.516396064863162], [-50.64147410636963, -23.51639250512364], [-50.64147734328161, -23.51638922242458], [-50.641480913871824, -23.516386248447503], [-50.64148478368028, -23.51638361189443], [-50.64148891535923, -23.516381338210877], [-50.64149326903361, -23.51637944934029], [-50.64149780268585, -23.516377963512262], [-50.64150247256142, -23.516376895066603], [-50.64150723359112, -23.51637625431493], [-50.64151203982598, -23.516376047441188], [-50.64158257924019, -23.516376209820105], [-50.64158372538912, -23.51637616054151], [-50.641583784549404, -23.516375103888755], [-50.641585489924545, -23.515745061912746], [-50.64158543269827, -23.5157439594267], [-50.64158439188247, -23.51574341438223], [-50.64141687179956, -23.515665692650877], [-50.64141258709275, -23.515663448869013], [-50.6414085685602, -23.515660819433048], [-50.64140485687691, -23.515657830957746], [-50.64140148961199, -23.515654513692034], [-50.64139850084836, -23.515650901212805], [-50.64139592083786, -23.51564703008505], [-50.64139377569492, -23.51564293949175], [-50.641392087132324, -23.515638670837316], [-50.64139087224142, -23.515634267328434], [-50.6413901433191, -23.515629773536762], [-50.64138990774336, -23.515625234947784], [-50.641390233235846, -23.515505045845913], [-50.64139047085656, -23.515500713721462], [-50.64139115805978, -23.51549642259843], [-50.64139228850646, -23.515492212059655], [-50.64139385176893, -23.515488120944624], [-50.64139583342706, -23.515484186991202], [-50.64139821520133, -23.515480446487548], [-50.64140097512137, -23.515476933937354], [-50.6414040877287, -23.515473681741625], [-50.64140752431153, -23.51547071989973], [-50.64141125316962, -23.515468075732713], [-50.641415239906664, -23.515465773631295], [-50.64141944774764, -23.515463834830843], [-50.641423837877944, -23.515462277215526], [-50.64168330622985, -23.515383184148405], [-50.641684368841226, -23.5153828071323], [-50.64168442635394, -23.515381758559478], [-50.64168466475889, -23.515293653488214], [-50.641684607531936, -23.515292551002133], [-50.641683566719244, -23.515292005958333], [-50.641320387120174, -23.515123506454973], [-50.64131610243246, -23.51512126267054], [-50.64131208391816, -23.51511863323212], [-50.641308372252105, -23.51511564475453], [-50.64130500500322, -23.515112327486705], [-50.64130201625428, -23.51510871500555], [-50.64129943625695, -23.51510484387608], [-50.641297291125554, -23.51510075328132], [-50.64129560257275, -23.51509648462567], [-50.641294387689776, -23.515092081115814], [-50.64129365877346, -23.51508758732346], [-50.64129342320173, -23.51508304873408], [-50.641294006018924, -23.514867893432978], [-50.641294266175606, -23.514863355985373], [-50.641295019427105, -23.51485886560702], [-50.6412962581491, -23.514854467748854], [-50.64129796980338, -23.514850206925317], [-50.641300137064796, -23.514846126263816], [-50.641302737996625, -23.51484226706816], [-50.6413057462726, -23.514838668400547], [-50.6413091314434, -23.514835366686107], [-50.64131285924483, -23.5148323953443], [-50.64131689194464, -23.51482978445055], [-50.641321188724476, -23.514827560431932], [-50.64148912644211, -23.514750611077766], [-50.64149017018798, -23.514750070831763], [-50.64149023338194, -23.51474896862279], [-50.6414912054629, -23.514389906869038], [-50.641491152024955, -23.51438884995683], [-50.641490006174315, -23.514388795402144], [-50.64134428086512, -23.514388459848114], [-50.6413394809798, -23.514388231317927], [-50.641334728498045, -23.51438757004034], [-50.6413300691889, -23.514386482383816], [-50.641325547924104, -23.514384978823088], [-50.641321208245934, -23.514383073838285], [-50.6413170919479, -23.514380785775487], [-50.64131323867222, -23.514378136669983], [-50.641309685528064, -23.514375152034145], [-50.64130646673414, -23.514371860611657], [-50.64130361328922, -23.51436829410075], [-50.641301152673485, -23.51436448684889], [-50.641299108584015, -23.514360475522004], [-50.641297500706465, -23.514356298751387], [-50.64129634452554, -23.514351996761633], [-50.64129565117586, -23.51434761098327], [-50.641295427334704, -23.51434318365374], [-50.6412959166733, -23.514162530092708], [-50.6412961644959, -23.51415810384952], [-50.64129688159534, -23.51415372131989], [-50.641298061065505, -23.514149424709988], [-50.64129969154743, -23.514145255398493], [-50.64130175733864, -23.514141253538135], [-50.64130423854439, -23.514137457669012], [-50.64130711126932, -23.514133904347407], [-50.64131034784748, -23.51413062779371], [-50.641313917108874, -23.51412765956291], [-50.64131778467954, -23.514125028240663], [-50.641321913312694, -23.514122759168046], [-50.64132626324736, -23.514120874197427], [-50.64133079259131, -23.514119391482097], [-50.64133545772454, -23.51411832530139], [-50.641340213719296, -23.514117685923214], [-50.641345014772796, -23.514117479505124], [-50.64178459438934, -23.514118491276353], [-50.64178574051866, -23.51411844199602]]]}}, {"type": "Feature", "properties": {"id": "SF-c6fe16", "name": "SF-c6fe16", "etiqueta": "V2", "hacienda": "Hacienda Sao Francisco", "orden": 3, "estrato": "Vigilancia", "nivel": "Vigilancia", "SI": 0.753, "clorofila_pct_vs_mejor5": 75.3, "area_ha": 5.398, "fecha_img": "2026-07-15", "zona": 3, "tipo": "submuestra", "status": "pending"}, "geometry": {"type": "Point", "coordinates": [-50.64048192848388, -23.515207756206653]}}, {"type": "Feature", "properties": {"id": "SF-2722a7", "name": "SF-2722a7", "etiqueta": "V3", "hacienda": "Hacienda Sao Francisco", "orden": 4, "estrato": "Vigilancia", "nivel": "Vigilancia", "SI": 0.778, "clorofila_pct_vs_mejor5": 77.8, "area_ha": 0.055, "fecha_img": "2026-07-15", "zona": 4, "clase": "media-baja"}, "geometry": {"type": "Polygon", "coordinates": [[[-50.63815731196938, -23.515645638012636], [-50.63815684577966, -23.515644650946182], [-50.63806047090684, -23.515465781660044], [-50.63805991056447, -23.5154648583549], [-50.63805885920816, -23.51546528208586], [-50.63786488780796, -23.51555415426258], [-50.63786384404113, -23.515554694484038], [-50.637863780816524, -23.51555579669105], [-50.637863292948055, -23.515734188602035], [-50.63786334694161, -23.515735240860646], [-50.637864448103244, -23.51573496046021], [-50.63815622329684, -23.51564602693752], [-50.63815731196938, -23.515645638012636]]]}}, {"type": "Feature", "properties": {"id": "SF-2722a7", "name": "SF-2722a7", "etiqueta": "V3", "hacienda": "Hacienda Sao Francisco", "orden": 4, "estrato": "Vigilancia", "nivel": "Vigilancia", "SI": 0.778, "clorofila_pct_vs_mejor5": 77.8, "area_ha": 0.055, "fecha_img": "2026-07-15", "zona": 4, "tipo": "submuestra", "status": "pending"}, "geometry": {"type": "Point", "coordinates": [-50.63799828386739, -23.515600223818616]}}, {"type": "Feature", "properties": {"id": "SF-c2a369", "name": "SF-c2a369", "etiqueta": "V4", "hacienda": "Hacienda Sao Francisco", "orden": 5, "estrato": "Vigilancia", "nivel": "Vigilancia", "SI": 0.8, "clorofila_pct_vs_mejor5": 80.0, "area_ha": 0.05, "fecha_img": "2026-07-15", "zona": 5, "clase": "media-baja"}, "geometry": {"type": "Polygon", "coordinates": [[[-50.64102706844139, -23.50490330324365], [-50.641026626704694, -23.504902372848036], [-50.640930247942215, -23.504723491043535], [-50.640929662136955, -23.50472252854684], [-50.64092846697218, -23.50472247026903], [-50.64073501254127, -23.50472202422431], [-50.64073386649302, -23.50472207349797], [-50.64073380733251, -23.504723130151962], [-50.64073332346062, -23.504901566520164], [-50.64073337688979, -23.5049026234338], [-50.64073452265803, -23.504902677993105], [-50.64102596827097, -23.50490334988768], [-50.64102706844139, -23.50490330324365]]]}}, {"type": "Feature", "properties": {"id": "SF-c2a369", "name": "SF-c2a369", "etiqueta": "V4", "hacienda": "Hacienda Sao Francisco", "orden": 5, "estrato": "Vigilancia", "nivel": "Vigilancia", "SI": 0.8, "clorofila_pct_vs_mejor5": 80.0, "area_ha": 0.05, "fecha_img": "2026-07-15", "zona": 5, "tipo": "submuestra", "status": "pending"}, "geometry": {"type": "Point", "coordinates": [-50.64085589250609, -23.504812528781848]}}, {"type": "Feature", "properties": {"id": "SF-7ba8c1", "name": "SF-7ba8c1", "etiqueta": "V5", "hacienda": "Hacienda Sao Francisco", "orden": 6, "estrato": "Vigilancia", "nivel": "Vigilancia", "SI": 0.801, "clorofila_pct_vs_mejor5": 80.1, "area_ha": 0.06, "fecha_img": "2026-07-15", "zona": 6, "clase": "media-baja"}, "geometry": {"type": "Polygon", "coordinates": [[[-50.636014516141124, -23.51121458802841], [-50.63601407441943, -23.5112136576195], [-50.63591769800275, -23.511034772884834], [-50.63591711220693, -23.511033810370165], [-50.63591591698802, -23.511033752053265], [-50.63572248377046, -23.511033299740372], [-50.63572128824624, -23.511033352466892], [-50.635720697164864, -23.511034312229604], [-50.63562333825285, -23.511212743938394], [-50.63562289142025, -23.51121367226951], [-50.63562399137387, -23.511213724022223], [-50.63601341591699, -23.51121463463632], [-50.636014516141124, -23.51121458802841]]]}}, {"type": "Feature", "properties": {"id": "SF-7ba8c1", "name": "SF-7ba8c1", "etiqueta": "V5", "hacienda": "Hacienda Sao Francisco", "orden": 6, "estrato": "Vigilancia", "nivel": "Vigilancia", "SI": 0.801, "clorofila_pct_vs_mejor5": 80.1, "area_ha": 0.06, "fecha_img": "2026-07-15", "zona": 6, "tipo": "submuestra", "status": "pending"}, "geometry": {"type": "Point", "coordinates": [-50.63581876605804, -23.511123758411614]}}, {"type": "Feature", "properties": {"id": "SF-353742", "name": "SF-353742", "etiqueta": "V6", "hacienda": "Hacienda Sao Francisco", "orden": 7, "estrato": "Vigilancia", "nivel": "Vigilancia", "SI": 0.864, "clorofila_pct_vs_mejor5": 86.4, "area_ha": 1.12, "fecha_img": "2026-07-15", "zona": 7, "clase": "media-baja"}, "geometry": {"type": "Polygon", "coordinates": [[[-50.63503629743495, -23.510760659327765], [-50.63503635664429, -23.510759602677354], [-50.63503684832623, -23.510581166555966], [-50.63503679494091, -23.510580109641683], [-50.63503564912655, -23.510580055039924], [-50.63498787695795, -23.510579943086256], [-50.634983077224376, -23.510579714361885], [-50.634978324913575, -23.510579052892073], [-50.634973665792934, -23.51057796504714], [-50.63496914473237, -23.510576461303643], [-50.63496480527221, -23.510574556143457], [-50.63496068920386, -23.510572267914355], [-50.63495683616731, -23.51056961865323], [-50.634953283269446, -23.510566633873943], [-50.63495006472661, -23.510563342321568], [-50.63494721153511, -23.510559775695583], [-50.63494475117275, -23.510555968344566], [-50.634942707334126, -23.5105519569354], [-50.634941099702495, -23.51054778010017], [-50.63493994376019, -23.510543478064097], [-50.63493925063952, -23.510539092258142], [-50.634939027015584, -23.510534664920016], [-50.634939148440075, -23.510490610238634], [-50.634939095055564, -23.510489553324312], [-50.63493794924204, -23.510489498721846], [-50.6345485329869, -23.510488585459463], [-50.634547395657314, -23.51048863320959], [-50.63454698147772, -23.510489611183075], [-50.63445990742225, -23.510728477832938], [-50.63445819625451, -23.51073251827922], [-50.63445607265957, -23.51073638870767], [-50.63445355622617, -23.510740053416097], [-50.63445067016677, -23.5107434785999], [-50.63444744110339, -23.51074663266399], [-50.634443898822035, -23.51074948651412], [-50.63444007599798, -23.510752013825357], [-50.634436007894294, -23.510754191284878], [-50.63443173203664, -23.510755998807003], [-50.63442728786706, -23.51075741971851], [-50.634422716380165, -23.510758440912404], [-50.63441805974501, -23.510759052968798], [-50.634413360916085, -23.510759250241872], [-50.63425396404133, -23.510758876000473], [-50.634252817939114, -23.510758925225726], [-50.63425275872353, -23.51075998187576], [-50.634252265981075, -23.510938417977403], [-50.634252319360236, -23.510939474891835], [-50.63425346517729, -23.51093952949939], [-50.63439918657704, -23.510939871641572], [-50.63440398632238, -23.51094010038408], [-50.63440873864299, -23.510940761871506], [-50.63441339777146, -23.51094184973339], [-50.63441791883789, -23.51094335349303], [-50.63442225830196, -23.510945258668407], [-50.6344263743723, -23.510947546911662], [-50.63443022740893, -23.510950196185792], [-50.634433780304995, -23.51095318097685], [-50.63443699884418, -23.510956472539682], [-50.634439852030184, -23.510960039174766], [-50.634442312385254, -23.51096384653348], [-50.6344443562148, -23.510967857948895], [-50.634445963835596, -23.510972034788892], [-50.63444711976534, -23.510976336828243], [-50.634447812871755, -23.510980722635974], [-50.634448036479796, -23.510985149974346], [-50.63444782217716, -23.511062795913695], [-50.634447560651466, -23.511067343524473], [-50.63444680383949, -23.511071843729038], [-50.63444555943599, -23.511076250771893], [-50.6344438400933, -23.51108051984479], [-50.63444166329266, -23.511084607542262], [-50.63443905116648, -23.511088472302937], [-50.634436030273335, -23.511092074832174], [-50.63443263132788, -23.511095378501494], [-50.634428888888635, -23.511098349721124], [-50.63442484100654, -23.511100958281375], [-50.63442052883814, -23.51110317765991], [-50.634415996227084, -23.51110498529135], [-50.63441128925837, -23.511106362796745], [-50.63440645578975, -23.51110729617039], [-50.634401544965186, -23.5111077759223], [-50.634396606715136, -23.511107797174603], [-50.63439169124891, -23.511107359711247], [-50.63438684854417, -23.51110646798008], [-50.63405731285404, -23.511029672369926], [-50.63405617352911, -23.511029462573042], [-50.634056111997744, -23.511030532473246], [-50.63405599036074, -23.511074556624788], [-50.634055742303595, -23.511078982855288], [-50.634055024983155, -23.511083365350537], [-50.63405384530754, -23.511087661904707], [-50.634052214637656, -23.511091831139613], [-50.63405014867769, -23.511095832903237], [-50.63404766732395, -23.5110996286564], [-50.634044794473205, -23.511103181843875], [-50.634041557792564, -23.511106458246534], [-50.63403798845302, -23.511109426310792], [-50.63403412082928, -23.51111205745256], [-50.63402999216868, -23.511114326332468], [-50.63402564223251, -23.511116211099946], [-50.63402111291306, -23.511117693603644], [-50.634016447830184, -23.511118759566227], [-50.63401169191124, -23.511119398721874], [-50.634006890958354, -23.51111960491518], [-50.63366527090422, -23.511118801738586], [-50.63366412479872, -23.511118850959456], [-50.633664065578245, -23.51111990760916], [-50.63366394372599, -23.5111639622807], [-50.63366369565554, -23.51116838851035], [-50.63366297832162, -23.511172771003583], [-50.6336617986325, -23.51117706755456], [-50.63366016794919, -23.51118123678515], [-50.633658101976025, -23.511185238543362], [-50.633655620609424, -23.511189034290062], [-50.6336527477463, -23.511192587470116], [-50.63364951105385, -23.51119586386444], [-50.633645941703215, -23.511198831919547], [-50.633642074069186, -23.51120146305141], [-50.63363794539922, -23.51120373192078], [-50.633633595454675, -23.511205616677177], [-50.63362906612794, -23.511207099169376], [-50.63362440103892, -23.511208165120117], [-50.63361964511504, -23.511208804263728], [-50.63361484415847, -23.51120901044489], [-50.63346912247541, -23.511208667565157], [-50.63346797636909, -23.51120871678458], [-50.633467917147, -23.511209773434167], [-50.63346742333989, -23.51138820832807], [-50.633467478018595, -23.51138928988116], [-50.63346841997309, -23.511389936215842], [-50.6337389976236, -23.51155720418942], [-50.63374285762172, -23.51155985276493], [-50.63374641718012, -23.511562837831715], [-50.63374964194529, -23.51156613058073], [-50.63375250079482, -23.511569699233473], [-50.63375496613774, -23.51157350934868], [-50.63375701418085, -23.51157752415469], [-50.633758625158336, -23.51158170490438], [-50.63375978352251, -23.511586011249086], [-50.633760478093876, -23.51159040162801], [-50.633760702169056, -23.51159483366934], [-50.63376052225528, -23.511659895652596], [-50.63376057277922, -23.511660910256136], [-50.633761581714325, -23.51166050292463], [-50.63395556427682, -23.511571629260885], [-50.63395660802758, -23.511571089065157], [-50.63395667128229, -23.511569986859552], [-50.633956792962245, -23.511525960152238], [-50.633957041023756, -23.511521533922203], [-50.63395775835002, -23.51151715142772], [-50.63395893803277, -23.511512854874606], [-50.63396056871096, -23.511508685641004], [-50.63396263468023, -23.51150468387889], [-50.63396511604415, -23.51150088812741], [-50.633967988905795, -23.51149733494172], [-50.63397122559793, -23.51149405854089], [-50.63397479494944, -23.511491090478458], [-50.63397866258552, -23.51148845933844], [-50.63398279125873, -23.511486190460168], [-50.633987141207726, -23.51148430569413], [-50.63399167054014, -23.51148282319165], [-50.63399633563606, -23.511481757230023], [-50.634001091568116, -23.511481118075032], [-50.63400589253412, -23.511480911882085], [-50.63442045481214, -23.511481885559448], [-50.63442525967403, -23.511482114776786], [-50.63443001696081, -23.51148277765634], [-50.63443468075967, -23.51148386780063], [-50.63443920606001, -23.5114853746886], [-50.63444354918792, -23.51148728377721], [-50.634447668227615, -23.51148957664174], [-50.63445152342602, -23.511492231153607], [-50.63445507757638, -23.511495221694002], [-50.63445829637737, -23.51149851940104], [-50.634461148764125, -23.511502092448353], [-50.63464115173338, -23.51175246196232], [-50.63464184780512, -23.511753333893846], [-50.63464302034018, -23.51175338982823], [-50.634738533915815, -23.511753613868862], [-50.63473972944682, -23.51175356114997], [-50.63474032053854, -23.5117526013912], [-50.634824609168, -23.511598126921044], [-50.634827042501556, -23.511594175893986], [-50.63482989402291, -23.511590470336035], [-50.63483313486937, -23.511587047754258], [-50.63483673223756, -23.511583942791518], [-50.63484064971548, -23.51158118687572], [-50.63484484765102, -23.511578807901838], [-50.634849283553315, -23.511576829949455], [-50.63485391252287, -23.511575273039096], [-50.63485868770599, -23.511574152929562], [-50.63486356076904, -23.51157348095842], [-50.63486848238764, -23.511573263927243], [-50.63493496161913, -23.51157341977275], [-50.63493610772822, -23.51157337054256], [-50.634936166938814, -23.511572313892312], [-50.634938280127216, -23.510805645195376], [-50.634938528154244, -23.510801218962946], [-50.63493924544385, -23.510796836463086], [-50.63494042508811, -23.51079253990166], [-50.63494205572634, -23.5107883706569], [-50.6349441216546, -23.51078436888089], [-50.634946602976825, -23.510780573112903], [-50.634949475796496, -23.510777019908254], [-50.63495271244679, -23.5107737434862], [-50.63495628175698, -23.510770775400488], [-50.63496014935267, -23.510768144235353], [-50.63496427798682, -23.510765875330357], [-50.63496862789844, -23.510763990536258], [-50.63497315719553, -23.510762508004657], [-50.634977822258534, -23.510761442013116], [-50.63498257816037, -23.51076080282771], [-50.634987379099165, -23.510760596604147], [-50.63503515133293, -23.510760708558774], [-50.63503629743495, -23.510760659327765]]]}}, {"type": "Feature", "properties": {"id": "SF-353742", "name": "SF-353742", "etiqueta": "V6", "hacienda": "Hacienda Sao Francisco", "orden": 7, "estrato": "Vigilancia", "nivel": "Vigilancia", "SI": 0.864, "clorofila_pct_vs_mejor5": 86.4, "area_ha": 1.12, "fecha_img": "2026-07-15", "zona": 7, "tipo": "submuestra", "status": "pending"}, "geometry": {"type": "Point", "coordinates": [-50.63430067892767, -23.51114193494493]}}, {"type": "Feature", "properties": {"id": "SF-4e706a", "name": "SF-4e706a", "etiqueta": "V7", "hacienda": "Hacienda Sao Francisco", "orden": 8, "estrato": "Vigilancia", "nivel": "Vigilancia", "SI": 0.902, "clorofila_pct_vs_mejor5": 90.2, "area_ha": 0.065, "fecha_img": "2026-07-15", "zona": 8, "clase": "media-baja"}, "geometry": {"type": "Polygon", "coordinates": [[[-50.63238388048959, -23.51355456720281], [-50.6323835764629, -23.513553551760065], [-50.63228714780415, -23.513284488770328], [-50.63228672609601, -23.51328348483852], [-50.632285655696506, -23.513283914693822], [-50.63209171196283, -23.513372766767688], [-50.632090668190344, -23.51337330695052], [-50.63209060491903, -23.513374409154906], [-50.63209010927963, -23.513552817189986], [-50.632090162642264, -23.513553874104602], [-50.6320913084808, -23.51355392872832], [-50.63238273940993, -23.513554616952835], [-50.63238388048959, -23.51355456720281]]]}}, {"type": "Feature", "properties": {"id": "SF-4e706a", "name": "SF-4e706a", "etiqueta": "V7", "hacienda": "Hacienda Sao Francisco", "orden": 8, "estrato": "Vigilancia", "nivel": "Vigilancia", "SI": 0.902, "clorofila_pct_vs_mejor5": 90.2, "area_ha": 0.065, "fecha_img": "2026-07-15", "zona": 8, "tipo": "submuestra", "status": "pending"}, "geometry": {"type": "Point", "coordinates": [-50.63222085037398, -23.513463613172448]}}, {"type": "Feature", "properties": {"id": "SF-e755d5", "name": "SF-e755d5", "etiqueta": "V8", "hacienda": "Hacienda Sao Francisco", "orden": 9, "estrato": "Vigilancia", "nivel": "Vigilancia", "SI": 0.904, "clorofila_pct_vs_mejor5": 90.4, "area_ha": 0.331, "fecha_img": "2026-07-15", "zona": 9, "clase": "media-baja"}, "geometry": {"type": "Polygon", "coordinates": [[[-50.63757554279529, -23.513476426033552], [-50.63757531927974, -23.51347536941867], [-50.6374789285949, -23.513115964520967], [-50.637478608650305, -23.51311497511347], [-50.63747749043643, -23.51311492364084], [-50.63733172403967, -23.513114584250214], [-50.637326924209205, -23.51311435559697], [-50.637322171794885, -23.513113694197624], [-50.637317512565104, -23.513112606421824], [-50.63731299139083, -23.51311110274545], [-50.637308651813484, -23.513109197649744], [-50.63730453562559, -23.51310690948185], [-50.637300682468315, -23.513104260278077], [-50.63729712944968, -23.51310127555173], [-50.6372939107872, -23.51309798404738], [-50.63729105747836, -23.51309441746404], [-50.63728859700204, -23.51309061014986], [-50.63728655305398, -23.513086598771384], [-50.63728494531848, -23.513082421960412], [-50.637283789278854, -23.51307811994191], [-50.63728309606838, -23.513073734146683], [-50.637282872362995, -23.51306930681234], [-50.63728299293888, -23.513025282656226], [-50.637282937293755, -23.513024212481852], [-50.63728179681173, -23.51302441694542], [-50.63689208452945, -23.513113297418535], [-50.63689098346954, -23.513113600800146], [-50.63689041839469, -23.51311452354444], [-50.6368061044427, -23.51326904809997], [-50.636803671136235, -23.51327299915745], [-50.63680081963267, -23.51327670475098], [-50.63679757879448, -23.513280127373083], [-50.63679398142493, -23.513283232380445], [-50.63679006393608, -23.513285988344656], [-50.63678586598016, -23.51328836737022], [-50.63678143004827, -23.51329034537697], [-50.636776801040305, -23.513291902343823], [-50.636772025810394, -23.513293022511352], [-50.63676715269276, -23.513293694541403], [-50.63676223101242, -23.513293911631777], [-50.636695768459354, -23.513293756596532], [-50.63669462738309, -23.513293806378208], [-50.6366949314424, -23.513294821812973], [-50.636791369103896, -23.51356388218461], [-50.63679179084723, -23.513564886104625], [-50.636792861234845, -23.513564456218198], [-50.63698680218265, -23.513475598255926], [-50.63698784593646, -23.513475058040036], [-50.636987909167104, -23.513473955833174], [-50.63698802985038, -23.513429929121727], [-50.63698827781514, -23.513425502886736], [-50.63698899505255, -23.51342112037824], [-50.636990174655146, -23.513416823802203], [-50.63699180526269, -23.51341265453698], [-50.6369938711715, -23.513408652734856], [-50.63699635248572, -23.513404856935374], [-50.6369992253089, -23.51340130369413], [-50.63700246197419, -23.513398027230746], [-50.63700603131071, -23.513395059099352], [-50.63700989894382, -23.51339242788465], [-50.637014027626115, -23.513390158926654], [-50.63701837759614, -23.51338827407665], [-50.637022906961334, -23.513386791486756], [-50.63702757210148, -23.51338572543511], [-50.63703232808877, -23.51338508618838], [-50.637037129120486, -23.513384879902834], [-50.63715378702995, -23.51338515175359], [-50.63715870746074, -23.513385391787782], [-50.63716357683523, -23.513386086529113], [-50.63716834586638, -23.51338722894555], [-50.637172966282826, -23.51338880747372], [-50.63717739131743, -23.513390806136023], [-50.6371815761807, -23.51339320470231], [-50.6371854785141, -23.513395978894685], [-50.637189058818805, -23.513399100633187], [-50.63719228085551, -23.513402538320104], [-50.63719511201123, -23.51340625715968], [-50.63719752362943, -23.513410219510416], [-50.63728099261446, -23.51356514053284], [-50.63728153890058, -23.51356604378745], [-50.63728261932568, -23.513565766334448], [-50.63757445398762, -23.513476814347786], [-50.63757554279529, -23.513476426033552]]]}}, {"type": "Feature", "properties": {"id": "SF-e755d5", "name": "SF-e755d5", "etiqueta": "V8", "hacienda": "Hacienda Sao Francisco", "orden": 9, "estrato": "Vigilancia", "nivel": "Vigilancia", "SI": 0.904, "clorofila_pct_vs_mejor5": 90.4, "area_ha": 0.331, "fecha_img": "2026-07-15", "zona": 9, "tipo": "submuestra", "status": "pending"}, "geometry": {"type": "Point", "coordinates": [-50.63712502238665, -23.513339850857903]}}, {"type": "Feature", "properties": {"id": "SF-baaab7", "name": "SF-baaab7", "etiqueta": "V9", "hacienda": "Hacienda Sao Francisco", "orden": 10, "estrato": "Vigilancia", "nivel": "Vigilancia", "SI": 0.915, "clorofila_pct_vs_mejor5": 91.5, "area_ha": 0.63, "fecha_img": "2026-07-15", "zona": 10, "clase": "media-baja"}, "geometry": {"type": "Polygon", "coordinates": [[[-50.63855676927428, -23.5128463978368], [-50.638556465201624, -23.512845382405445], [-50.638460006498875, -23.51257627301007], [-50.6384595976861, -23.51257529311564], [-50.63845846061486, -23.512575240057085], [-50.638429636303094, -23.51257517313847], [-50.638424766670624, -23.512574937967567], [-50.63841994653567, -23.512574257400694], [-50.638415223682664, -23.512573138184642], [-50.63841064493167, -23.512571591414787], [-50.638406255674155, -23.512569632425034], [-50.638402099423054, -23.512567280635835], [-50.638398217381386, -23.512564559361692], [-50.638394648033774, -23.512561495579966], [-50.63839142676495, -23.512558119663478], [-50.638388585508956, -23.512554465079393], [-50.63838615243256, -23.51255056805746], [-50.63838415165604, -23.512546467230806], [-50.638382603014065, -23.512542203253002], [-50.638381521859046, -23.512537818394993], [-50.63838091890897, -23.512533356126088], [-50.63838080014115, -23.512528860682973], [-50.63838116673293, -23.512524376631248], [-50.638382015050034, -23.512519948423527], [-50.63838333668266, -23.51251561995885], [-50.638459988320676, -23.512305328735817], [-50.63846029793151, -23.51230431472888], [-50.63845915715059, -23.51230425963689], [-50.638411401897336, -23.51230414876642], [-50.63840660209388, -23.51230392014676], [-50.63840184970272, -23.512303258780594], [-50.638397190492014, -23.512302171037224], [-50.63839266933256, -23.512300667392232], [-50.63838832976563, -23.51229876232655], [-50.638384213583656, -23.512296474187035], [-50.63838036042774, -23.512293825009724], [-50.63837680740589, -23.512290840307664], [-50.638373588735654, -23.5122875488252], [-50.63837073541459, -23.512283982261124], [-50.63836827492171, -23.51228017496341], [-50.63836623095289, -23.512276163598447], [-50.638364623192636, -23.512271986797884], [-50.63836346712453, -23.51226768478661], [-50.63836277388207, -23.51226329899534], [-50.638362550141544, -23.512258871661658], [-50.63836267043723, -23.512214816973255], [-50.63836261702488, -23.512213760059993], [-50.63836147119468, -23.512213705482523], [-50.63777617520903, -23.512212345263162], [-50.637775029095145, -23.512212394514183], [-50.63777496990682, -23.512213451165703], [-50.637774849415656, -23.512257505851252], [-50.637774601479926, -23.512261932088517], [-50.637773884275305, -23.51226631460168], [-50.63777270470884, -23.51227061118473], [-50.63777107414034, -23.51227478045921], [-50.63776900827305, -23.51227878227273], [-50.63776652700237, -23.51228257808561], [-50.63776365422427, -23.512286131342076], [-50.637760417605165, -23.512289407822312], [-50.637756848315455, -23.512292375972], [-50.63775298072936, -23.512295007206202], [-50.63774885209386, -23.512297276184686], [-50.637744502169994, -23.51229916105593], [-50.63773997284994, -23.51230064366758], [-50.63773530775357, -23.51230170974125], [-50.637730551808346, -23.512302349010064], [-50.63772575081667, -23.512302555317522], [-50.63758004541907, -23.51230221631017], [-50.63757890435159, -23.512302266098438], [-50.63757920841554, -23.512303281531658], [-50.637675665129784, -23.51257239145744], [-50.637676073936724, -23.512573371353863], [-50.63767721100754, -23.512573424418125], [-50.637920910270616, -23.51257399120044], [-50.637925710082804, -23.512574219835162], [-50.63793046248109, -23.512574881215933], [-50.63793512169731, -23.5125759689733], [-50.63793964286073, -23.51257747263158], [-50.6379439824301, -23.512579377709727], [-50.63794809861302, -23.51258166586081], [-50.63795195176843, -23.512584315048716], [-50.63795550478834, -23.51258729976033], [-50.63795872345523, -23.51259059125127], [-50.63796157677158, -23.512594157822697], [-50.63796403725837, -23.512597965126613], [-50.63796608121976, -23.5126019764966], [-50.63796768897124, -23.512606153301], [-50.63796884502925, -23.512610455314903], [-50.63796953826028, -23.512614841107588], [-50.63796976198809, -23.512619268441476], [-50.63796964155939, -23.512663323125683], [-50.637969694968724, -23.512664380038977], [-50.63797084080262, -23.512664434619374], [-50.63801861373896, -23.512664545667334], [-50.638023413554635, -23.512664774299093], [-50.63802816595669, -23.51266543567692], [-50.638032825176936, -23.512666523431406], [-50.63803734634458, -23.512668027086875], [-50.638041685918346, -23.51266993216233], [-50.638045802105786, -23.51267222031086], [-50.63804965526579, -23.512674869496372], [-50.63805320829033, -23.512677854205783], [-50.63805642696185, -23.512681145694724], [-50.638059280282775, -23.512684712264377], [-50.63806174077404, -23.51268851956676], [-50.63806378473977, -23.512692530935478], [-50.638065392495406, -23.51269670773886], [-50.63806654855734, -23.512701009752043], [-50.638067241792044, -23.51270539554429], [-50.63806746552323, -23.51270982287803], [-50.638067218669576, -23.512800149643752], [-50.63806697074232, -23.512804575881283], [-50.63806625354415, -23.512808958395567], [-50.63806507398205, -23.512813254980596], [-50.63806344341579, -23.512817424257875], [-50.638061377548574, -23.512821426075007], [-50.638058896275815, -23.51282522189226], [-50.6380560234935, -23.51282877515382], [-50.63805278686808, -23.512832051639826], [-50.638049217570014, -23.512835019795904], [-50.63804534997362, -23.512837651037067], [-50.63804122132596, -23.512839920022994], [-50.638036871388216, -23.51284180490211], [-50.63803234205266, -23.512843287521967], [-50.63802767693934, -23.512844353604116], [-50.63802292097587, -23.512844992881593], [-50.63801811996483, -23.512845199197805], [-50.637970346963336, -23.51284508814889], [-50.63796920084403, -23.51284513740127], [-50.63796914165691, -23.512846194052795], [-50.6379690212267, -23.512890248735708], [-50.63796877329595, -23.51289467497299], [-50.63796805609402, -23.51289905748673], [-50.63796687652789, -23.512903354070907], [-50.6379652459574, -23.512907523347074], [-50.6379631800858, -23.512911525162792], [-50.63796069880851, -23.512915320978383], [-50.6379578260216, -23.512918874238036], [-50.63795458939155, -23.512922150721906], [-50.63795102008886, -23.512925118875643], [-50.6379471524879, -23.512927750114276], [-50.63794302383577, -23.512930019097524], [-50.63793867389367, -23.512931903973815], [-50.63793414455397, -23.512933386590756], [-50.637929479436714, -23.5129344526699], [-50.637924723469574, -23.51293509194432], [-50.637919922455154, -23.512935298257457], [-50.63748034695333, -23.512934275625774], [-50.63747920083313, -23.51293432487454], [-50.637479141642046, -23.512935381525818], [-50.637478653195544, -23.513113817641802], [-50.63747870660108, -23.513114874555157], [-50.63747985243862, -23.513114929139206], [-50.638065122070365, -23.51311629045086], [-50.638066317612726, -23.51311623770658], [-50.638066908686746, -23.513115277935125], [-50.6381511943527, -23.51296080165412], [-50.638153627613406, -23.51295685057486], [-50.63815647907246, -23.512953144955848], [-50.63815971986782, -23.512949722304796], [-50.63816331719662, -23.512946617265243], [-50.63816723464726, -23.512943861265892], [-50.638171432567894, -23.51294148220255], [-50.63817586846783, -23.51293950415571], [-50.638180497447586, -23.512937947146845], [-50.63818527265336, -23.512936826935768], [-50.638190145751274, -23.512936154861062], [-50.63819506741663, -23.512935937725352], [-50.63845744860808, -23.512936547075995], [-50.63845859472805, -23.512936497820032], [-50.63845865391132, -23.512935441168285], [-50.638458774178915, -23.512891386483236], [-50.638459022093286, -23.512886960244966], [-50.638459739278936, -23.51288257772876], [-50.63846091882893, -23.512878281140637], [-50.63846254938352, -23.512874111859073], [-50.638464615239535, -23.512870110036516], [-50.638467096501614, -23.51286631421269], [-50.63846996927384, -23.51286276094343], [-50.63847320588983, -23.512859484448644], [-50.63847677517919, -23.512856516282753], [-50.63848064276773, -23.51285388503078], [-50.638484771408464, -23.512851616033124], [-50.638489121340356, -23.512849731141426], [-50.6384936506712, -23.512848248508224], [-50.63849831578111, -23.512847182412067], [-50.63850307174257, -23.51284654312005], [-50.638507872753124, -23.512846336788876], [-50.63855562820238, -23.512846447632167], [-50.63855676927428, -23.5128463978368]]]}}, {"type": "Feature", "properties": {"id": "SF-baaab7", "name": "SF-baaab7", "etiqueta": "V9", "hacienda": "Hacienda Sao Francisco", "orden": 10, "estrato": "Vigilancia", "nivel": "Vigilancia", "SI": 0.915, "clorofila_pct_vs_mejor5": 91.5, "area_ha": 0.63, "fecha_img": "2026-07-15", "zona": 10, "tipo": "submuestra", "status": "pending"}, "geometry": {"type": "Point", "coordinates": [-50.63823053307179, -23.51266385158233]}}, {"type": "Feature", "properties": {"id": "SF-c20ccd", "name": "SF-c20ccd", "etiqueta": "V10", "hacienda": "Hacienda Sao Francisco", "orden": 11, "estrato": "Vigilancia", "nivel": "Vigilancia", "SI": 0.916, "clorofila_pct_vs_mejor5": 91.6, "area_ha": 1.388, "fecha_img": "2026-07-15", "zona": 11, "clase": "media-baja"}, "geometry": {"type": "Polygon", "coordinates": [[[-50.63629772747157, -23.515099321800705], [-50.6362977866733, -23.5150982651503], [-50.63629827675719, -23.514919829103192], [-50.636298223360555, -23.51491877218978], [-50.63629707750803, -23.514918717596863], [-50.636235627661605, -23.514918574064488], [-50.63623092983133, -23.51491835478776], [-50.63622627647996, -23.51491772093081], [-50.63622171053167, -23.514916678340587], [-50.636217274104446, -23.514915236634312], [-50.636213008121466, -23.514913409110815], [-50.63620895193369, -23.514911212627815], [-50.636205142956854, -23.514908667446473], [-50.63620161632631, -23.514905797044456], [-50.636198404572944, -23.514902627899374], [-50.636195537323104, -23.514899189244574], [-50.636193041025294, -23.51489551279943], [-50.63619093870622, -23.514891632476786], [-50.636189249758395, -23.514887584070113], [-50.636103489573976, -23.51464831279502], [-50.63610308077255, -23.514647332894803], [-50.63610194368473, -23.514647279818853], [-50.635908449203235, -23.514646827540776], [-50.63590725364643, -23.514646880268298], [-50.63590666254988, -23.514647840031092], [-50.63582237318091, -23.51480231501812], [-50.635819939816464, -23.514806266058738], [-50.635817088252, -23.514809971632772], [-50.635813847350576, -23.514813394232956], [-50.63581024991612, -23.514816499216177], [-50.63580633236133, -23.51481925515428], [-50.63580213433912, -23.514821634152028], [-50.63579769834126, -23.51482361212955], [-50.63579306926828, -23.51482516906605], [-50.63578829397502, -23.514826289202404], [-50.6357834207963, -23.51482696120077], [-50.63577849905778, -23.51482717825929], [-50.63554518073572, -23.514826632378494], [-50.63554026025507, -23.514826392292743], [-50.63553539083699, -23.51482569750022], [-50.63553062176904, -23.514824555033524], [-50.635526001323036, -23.514822976456532], [-50.6355215762665, -23.514820977747384], [-50.6355173913892, -23.514818579136744], [-50.63551348904987, -23.51481580490299], [-50.635509908747416, -23.514812683126543], [-50.635506686721115, -23.51480924540555], [-50.63550385558383, -23.514805526536165], [-50.63550144399189, -23.514801564160216], [-50.63541800572567, -23.514646696758422], [-50.63541741991792, -23.514645734242162], [-50.635416224666706, -23.514645675921056], [-50.63536848135346, -23.514645564136945], [-50.635363681471816, -23.514645335422586], [-50.63535892901334, -23.514644673962895], [-50.63535426974686, -23.514643586128102], [-50.635349748543696, -23.514642082394644], [-50.63534540894555, -23.514640177244345], [-50.63534129274513, -23.514637889024826], [-50.635337439583736, -23.514635239772932], [-50.635333886569434, -23.514632255002414], [-50.63533066791969, -23.51462896345827], [-50.63532781463185, -23.514625396839904], [-50.635325354184644, -23.514621589495807], [-50.63532331027347, -23.5146175780928], [-50.635321702582296, -23.51461340126291], [-50.63532054659403, -23.514609099231308], [-50.63531985344143, -23.514604713428902], [-50.63531962979988, -23.514600286093394], [-50.63532024861674, -23.51437557799655], [-50.635320195228076, -23.514374521082825], [-50.63531904938076, -23.51437446648277], [-50.63522350230341, -23.51437424270068], [-50.63522235617014, -23.514374291932658], [-50.63522229696025, -23.514375348582654], [-50.63522217560747, -23.51441940324347], [-50.63522192758137, -23.514423829474328], [-50.635221210279695, -23.51442821197333], [-50.635220030610405, -23.514432508534586], [-50.635218399934324, -23.514436677779855], [-50.63521633395571, -23.514440679557037], [-50.63521385257105, -23.514444475326783], [-50.6352109796774, -23.51444802853374], [-50.635207742942285, -23.514451304958573], [-50.63520417353724, -23.514454273047495], [-50.635200305837586, -23.51445690421616], [-50.635196177091395, -23.51445917312496], [-50.63519182706077, -23.51446105792305], [-50.63518729763894, -23.51446254045877], [-50.63518263244672, -23.51446360645448], [-50.63517787641252, -23.51446424564404], [-50.63517307533959, -23.514464451871714], [-50.63512530176908, -23.514464339942815], [-50.635124155635005, -23.51446438917406], [-50.63512409642428, -23.51446544582399], [-50.63512293196738, -23.514888058205504], [-50.63512267159933, -23.51489259564017], [-50.63512191813875, -23.514897085986046], [-50.635120679211994, -23.514901483792542], [-50.63511896735925, -23.51490574454568], [-50.6351167999076, -23.514909825118767], [-50.63511419879564, -23.514913684208818], [-50.6351111903514, -23.514917282754684], [-50.635107805025896, -23.514920584332415], [-50.63510407708489, -23.514923555523897], [-50.63510004426203, -23.514926166255172], [-50.63509574737698, -23.51492839010077], [-50.6349278058174, -23.515005332509507], [-50.634926762043364, -23.51500587271115], [-50.634926698794665, -23.515006974916748], [-50.63492657741698, -23.515051001609166], [-50.63492632937952, -23.515055427839062], [-50.63492561206435, -23.51505981033618], [-50.63492443237958, -23.51506410689466], [-50.634922801686166, -23.51506827613629], [-50.63492073568854, -23.51507227790898], [-50.63491825428337, -23.515076073673463], [-50.63491538136792, -23.515079626874407], [-50.63491214460992, -23.515082903292548], [-50.634908575181115, -23.51508587137416], [-50.63490470745706, -23.51508850253497], [-50.634900578686064, -23.51509077143544], [-50.63489622863049, -23.515092656224812], [-50.634891699183754, -23.515094138751497], [-50.63488703396696, -23.515095204737957], [-50.63488227790874, -23.515095843918143], [-50.63487747681256, -23.515096050136396], [-50.63476081742552, -23.515095776561772], [-50.634755896936674, -23.51509553645114], [-50.63475102751319, -23.515094841634042], [-50.634746258442696, -23.515093699143318], [-50.634741637997045, -23.515092120543116], [-50.63473721294373, -23.515090121811784], [-50.63473302807252, -23.515087723180216], [-50.63472912574206, -23.515084948927004], [-50.634725545451175, -23.515081827132768], [-50.63472232343903, -23.51507838939584], [-50.63471949231834, -23.515074670512522], [-50.63471708074526, -23.515070708124796], [-50.63466835386201, -23.514980266527438], [-50.634666451724804, -23.514976260019925], [-50.634664978759474, -23.514972102634463], [-50.63466394877954, -23.51496783335929], [-50.634663371444184, -23.514963492231953], [-50.63466325216764, -23.51495911996382], [-50.634663592068456, -23.514954757558293], [-50.63466438795896, -23.5149504459263], [-50.634665632375224, -23.51494622550258], [-50.63466731364698, -23.51494213586653], [-50.634669416007114, -23.514938215371], [-50.63467191973954, -23.514934500782626], [-50.63467480136407, -23.514931026937035], [-50.634678033856645, -23.51492782641216], [-50.634681586902744, -23.514924929222694], [-50.63468542718167, -23.514922362538645], [-50.63468951867907, -23.51492015043053], [-50.63469382302463, -23.51491831364362], [-50.63469829985196, -23.514916869403386], [-50.63470290717713, -23.51491583125402], [-50.63470760179239, -23.514915208931317], [-50.63471233967139, -23.514915008271473], [-50.63472984455422, -23.514915049332462], [-50.63473099069231, -23.514915000104175], [-50.63473104990643, -23.514913943454495], [-50.63473241718071, -23.51441825524746], [-50.63473266522314, -23.51441382901757], [-50.63473338254087, -23.514409446521007], [-50.634734562225674, -23.514405149963622], [-50.63473619291651, -23.51440098072358], [-50.634738258908904, -23.51439697895293], [-50.634740740306185, -23.514393183190897], [-50.63474361321111, -23.51438962999274], [-50.63474684995603, -23.514386353577645], [-50.634750419369325, -23.514383385499283], [-50.63475428707559, -23.514380754341847], [-50.63475841582672, -23.514378485444805], [-50.634762765860586, -23.51437660065885], [-50.63476729528404, -23.514375118135487], [-50.6347719604763, -23.51437405215221], [-50.63477671650903, -23.514373412975022], [-50.6347815175791, -23.514373206759526], [-50.6348292911149, -23.51437331879348], [-50.63483043724826, -23.514373269564402], [-50.63483049646128, -23.514372212914598], [-50.63483098850527, -23.514193776880063], [-50.634830935120554, -23.514192719966196], [-50.634829789275074, -23.51419266536256], [-50.63453836962995, -23.514191981729862], [-50.634537174076854, -23.514192034446907], [-50.63453658297253, -23.514192994204457], [-50.634447805378294, -23.51435569135741], [-50.63444543694721, -23.514359548000506], [-50.63444266999319, -23.514363171997108], [-50.634439531163515, -23.514366528446114], [-50.63443605068682, -23.514369585023076], [-50.634432262082, -23.514372312291467], [-50.6344282018354, -23.514374683986173], [-50.63442390904943, -23.514376677266455], [-50.634419425066014, -23.514378272935936], [-50.634145699533896, -23.51446169847601], [-50.634144636909234, -23.51446207544054], [-50.63414457933737, -23.514463124009964], [-50.63414408637406, -23.514641555721912], [-50.63414414353799, -23.514642658210068], [-50.63414518431385, -23.51464320330387], [-50.63431269873006, -23.51472093279934], [-50.63431698328345, -23.514723176774964], [-50.634321001644324, -23.514725806392157], [-50.63432471313946, -23.514728795034365], [-50.63432808020168, -23.51473211245101], [-50.634331068750065, -23.514735725063726], [-50.63433364853496, -23.514739596306217], [-50.634335793444166, -23.514743686994365], [-50.634337481767176, -23.514747955722846], [-50.63433869641502, -23.51475235928426], [-50.63433942509316, -23.51475685310643], [-50.63433966042598, -23.51476139170356], [-50.63433961279099, -23.514778642569148], [-50.63433936473456, -23.514783068798028], [-50.63433864740162, -23.514787451292367], [-50.634337467700426, -23.514791747846353], [-50.6343358369921, -23.51479591708179], [-50.63433377098123, -23.514799918846666], [-50.634331289564585, -23.514803714601783], [-50.63432841663956, -23.5148072677919], [-50.63432517987397, -23.514810544197854], [-50.634321610439635, -23.514813512266045], [-50.63431774271216, -23.51481614341232], [-50.6343136139399, -23.51481841229729], [-50.634309263885214, -23.514820297070333], [-50.63430473444153, -23.514821779580043], [-50.634300069229894, -23.51482284554901], [-50.634295313178896, -23.51482348471137], [-50.63429051209195, -23.514823690911644], [-50.63424273839656, -23.514823578710388], [-50.634241592259144, -23.51482362793509], [-50.63424153304118, -23.514824684584546], [-50.63424141135951, -23.514868739237993], [-50.63424116329959, -23.514873165466618], [-50.634240445962874, -23.51487754796041], [-50.63423926625765, -23.51488184451355], [-50.6342376355451, -23.51488601374786], [-50.634235569529835, -23.51489001551134], [-50.63423308810868, -23.514893811264777], [-50.63423021517905, -23.514897364452985], [-50.634226978408826, -23.51490064085681], [-50.634223408969866, -23.514903608922655], [-50.634219541237826, -23.514906240066406], [-50.634215412461096, -23.514908508948686], [-50.63421106240206, -23.514910393718907], [-50.63420653295422, -23.51491187622569], [-50.634201867738646, -23.514912942191657], [-50.63419711168399, -23.51491358135097], [-50.63419231059367, -23.514913787548174], [-50.63394863278428, -23.514913214938055], [-50.633947486646, -23.514913264160583], [-50.63394742742564, -23.514914320809883], [-50.633946934174176, -23.515092756810272], [-50.63394698755208, -23.51509381372423], [-50.6339481334049, -23.515093868334453], [-50.63430847092514, -23.515094714950365], [-50.63431339141294, -23.51509495507513], [-50.63431826083393, -23.515095649905888], [-50.634323029900614, -23.515096792409665], [-50.63432765034125, -23.515098371022233], [-50.634332075388485, -23.515100369765126], [-50.634336260252674, -23.515102768407377], [-50.63434016257528, -23.515105542670334], [-50.63434374285758, -23.515108664473313], [-50.634346964860505, -23.515112102217948], [-50.634349795971424, -23.5151158211079], [-50.63435220753423, -23.515119783501166], [-50.63443564247082, -23.515274647063585], [-50.63443623470306, -23.515275619652364], [-50.634437406552195, -23.515275896136227], [-50.63541406845984, -23.515458404207106], [-50.63541514840521, -23.51545855675788], [-50.63541493723541, -23.51545756826983], [-50.635333320756175, -23.515153235725098], [-50.63533237838287, -23.515148765408362], [-50.635331928990645, -23.515144230303417], [-50.63533197714861, -23.51513967652058], [-50.63533252236708, -23.515135150360056], [-50.63533355910252, -23.51513069784122], [-50.63533507681398, -23.515126364234693], [-50.635337060070206, -23.515122193602043], [-50.635339488706556, -23.515118228347834], [-50.63534233803006, -23.515114508788443], [-50.6353455790704, -23.51511107274217], [-50.63534917887459, -23.515107955144718], [-50.635353100841904, -23.51510518769398], [-50.635357305096065, -23.515102798527764], [-50.63536174889068, -23.515100811937714], [-50.63536638704386, -23.515099248122297], [-50.6353711723976, -23.515098122981463], [-50.63537605629724, -23.515097447954993], [-50.63538098908618, -23.515097229906154], [-50.636052903124146, -23.515098801718914], [-50.63605770302372, -23.515099030412237], [-50.63606245550226, -23.5150996918508], [-50.63606711479086, -23.51510077966462], [-50.63607163601806, -23.515102283377445], [-50.636075975642015, -23.515104188507724], [-50.63608009186978, -23.515106476708016], [-50.63608394505987, -23.515109125941738], [-50.636087498103976, -23.51511211069532], [-50.63609071678433, -23.515115402223994], [-50.63609357010328, -23.515118968828546], [-50.63609603058179, -23.515122776160656], [-50.63609807452409, -23.51512678755365], [-50.63609968224587, -23.51513096437563], [-50.636100838263836, -23.51513526640153], [-50.63610153144487, -23.515139652200514], [-50.63610175511323, -23.51514407953493], [-50.636101634048586, -23.515188134195714], [-50.63610168744372, -23.51518919110914], [-50.63610283329849, -23.515189245703525], [-50.63619838097325, -23.515189468953373], [-50.63619952711332, -23.5151894197143], [-50.63619958631588, -23.515188363063956], [-50.63619970734795, -23.515144308402697], [-50.63619995534308, -23.515139882170285], [-50.63620067261663, -23.515135499666822], [-50.636201852260804, -23.51513120309821], [-50.636203482914944, -23.515127033842724], [-50.636205548874926, -23.515123032052568], [-50.6362080302444, -23.51511923626716], [-50.63621090312638, -23.515115683041962], [-50.63621413985346, -23.515112406596447], [-50.63621770925416, -23.51510943848456], [-50.636221576953226, -23.515106807290827], [-50.63622570570259, -23.515104538355065], [-50.63623005574019, -23.515102653528334], [-50.636234585172794, -23.51510117096253], [-50.636239250379546, -23.515100104935566], [-50.63624400643197, -23.515099465713863], [-50.63624880752676, -23.515099259453446], [-50.6362965813323, -23.515099371040517], [-50.63629772747157, -23.515099321800705]]]}}, {"type": "Feature", "properties": {"id": "SF-c20ccd", "name": "SF-c20ccd", "etiqueta": "V10", "hacienda": "Hacienda Sao Francisco", "orden": 11, "estrato": "Vigilancia", "nivel": "Vigilancia", "SI": 0.916, "clorofila_pct_vs_mejor5": 91.6, "area_ha": 1.388, "fecha_img": "2026-07-15", "zona": 11, "tipo": "submuestra", "status": "pending"}, "geometry": {"type": "Point", "coordinates": [-50.63448641251019, -23.514825433283136]}}, {"type": "Feature", "properties": {"id": "SF-94c01a", "name": "SF-94c01a", "etiqueta": "V11", "hacienda": "Hacienda Sao Francisco", "orden": 12, "estrato": "Vigilancia", "nivel": "Vigilancia", "SI": 0.933, "clorofila_pct_vs_mejor5": 93.3, "area_ha": 0.245, "fecha_img": "2026-07-15", "zona": 12, "clase": "media-baja"}, "geometry": {"type": "Polygon", "coordinates": [[[-50.63562051082909, -23.51202663343771], [-50.63562057147614, -23.512025552155112], [-50.63562131083119, -23.51175681844401], [-50.63562125365584, -23.511755715955847], [-50.63562021289628, -23.511755170871915], [-50.63545270141799, -23.51167744279053], [-50.63544841694268, -23.51167519884627], [-50.63544439865066, -23.511672569258007], [-50.635440687214505, -23.511669580642067], [-50.635437320200815, -23.511666263248802], [-50.63543433168998, -23.51166265065638], [-50.63543175193126, -23.511658779430945], [-50.635429607036556, -23.51165468875648], [-50.63542791871614, -23.511650420038205], [-50.635426704058894, -23.51164601648343], [-50.635425975359354, -23.511641522664316], [-50.63542573999326, -23.51163698406662], [-50.63542590874851, -23.51157567851433], [-50.6354258553598, -23.51157462160027], [-50.63542470953664, -23.511574567001276], [-50.635133265309854, -23.511573884482274], [-50.635132119200804, -23.51157393371391], [-50.635132059991776, -23.51157499036425], [-50.635131070724185, -23.51193407995835], [-50.63513112411064, -23.511935136872438], [-50.63513226993676, -23.51193519147363], [-50.635193718391335, -23.511935335424216], [-50.63519841611369, -23.51193555473099], [-50.635203069355114, -23.511936188617522], [-50.635207635192515, -23.511937231236633], [-50.635212071509045, -23.51193867297085], [-50.63521633738259, -23.511940500521096], [-50.63522039346325, -23.511942697029454], [-50.63522420233633, -23.51194524223455], [-50.63522772886746, -23.51194811265855], [-50.63523094052668, -23.511951281823674], [-50.63523380768852, -23.511954720496423], [-50.63523630390524, -23.511958396957308], [-50.63523840615084, -23.51196227729337], [-50.63524009503344, -23.511966325711047], [-50.635325849653924, -23.51220559099909], [-50.63532625024476, -23.51220655038325], [-50.63532720807614, -23.512206024368144], [-50.63561956531526, -23.512027275343286], [-50.63562051082909, -23.51202663343771]]]}}, {"type": "Feature", "properties": {"id": "SF-94c01a", "name": "SF-94c01a", "etiqueta": "V11", "hacienda": "Hacienda Sao Francisco", "orden": 12, "estrato": "Vigilancia", "nivel": "Vigilancia", "SI": 0.933, "clorofila_pct_vs_mejor5": 93.3, "area_ha": 0.245, "fecha_img": "2026-07-15", "zona": 12, "tipo": "submuestra", "status": "pending"}, "geometry": {"type": "Point", "coordinates": [-50.63537619094065, -23.511845449201182]}}, {"type": "Feature", "properties": {"id": "SF-b28ccf", "name": "SF-b28ccf", "etiqueta": "V12", "hacienda": "Hacienda Sao Francisco", "orden": 13, "estrato": "Vigilancia", "nivel": "Vigilancia", "SI": 0.935, "clorofila_pct_vs_mejor5": 93.5, "area_ha": 0.065, "fecha_img": "2026-07-15", "zona": 13, "clase": "media-baja"}, "geometry": {"type": "Polygon", "coordinates": [[[-50.633366913921876, -23.51229240673031], [-50.63336576809358, -23.512292352116106], [-50.633074339909896, -23.512291665765826], [-50.63307319884131, -23.51229171552106], [-50.63307350287055, -23.51229273096265], [-50.63316993244166, -23.51256179351063], [-50.633170354154316, -23.512562797440193], [-50.633171424545175, -23.512562367578653], [-50.63336536637943, -23.51247351412698], [-50.63336641013969, -23.512472973935385], [-50.63336647339986, -23.512471871730213], [-50.63336696729435, -23.51229346364478], [-50.633366913921876, -23.51229240673031]]]}}, {"type": "Feature", "properties": {"id": "SF-b28ccf", "name": "SF-b28ccf", "etiqueta": "V12", "hacienda": "Hacienda Sao Francisco", "orden": 13, "estrato": "Vigilancia", "nivel": "Vigilancia", "SI": 0.935, "clorofila_pct_vs_mejor5": 93.5, "area_ha": 0.065, "fecha_img": "2026-07-15", "zona": 13, "tipo": "submuestra", "status": "pending"}, "geometry": {"type": "Point", "coordinates": [-50.633236227861104, -23.512382667687497]}}, {"type": "Feature", "properties": {"id": "SF-7d46fe", "name": "SF-7d46fe", "etiqueta": "V13", "hacienda": "Hacienda Sao Francisco", "orden": 14, "estrato": "Vigilancia", "nivel": "Vigilancia", "SI": 0.937, "clorofila_pct_vs_mejor5": 93.7, "area_ha": 0.271, "fecha_img": "2026-07-15", "zona": 14, "clase": "media-baja"}, "geometry": {"type": "Polygon", "coordinates": [[[-50.63747908115916, -23.512934222952982], [-50.637478953455826, -23.512933198077906], [-50.63738287706182, -23.512393203145244], [-50.63738262763581, -23.512392138752446], [-50.63738144840818, -23.512392081361767], [-50.63733370287712, -23.512391970183135], [-50.63732890307282, -23.51239174153026], [-50.63732415068437, -23.512391080131238], [-50.63731949147991, -23.512389992355708], [-50.637314970330166, -23.51238848867956], [-50.63731063077632, -23.51238658358402], [-50.637306514610664, -23.512384295416243], [-50.637302661474166, -23.512381646212532], [-50.637299108474636, -23.512378661486196], [-50.63729588982941, -23.512375369981793], [-50.63729303653579, -23.512371803398356], [-50.637290576072544, -23.51236799608402], [-50.63728853213526, -23.512363984705342], [-50.63728692440813, -23.512359807894107], [-50.63728576837441, -23.512355505875302], [-50.637285075167306, -23.512351120079725], [-50.637284851462724, -23.51234669274499], [-50.63728521949871, -23.512212311298686], [-50.63728516609497, -23.51221125438516], [-50.63728402026534, -23.51221119979977], [-50.63699260490065, -23.512210520813525], [-50.63699140936616, -23.512210573549666], [-50.63699081828853, -23.5122115333171], [-50.6368934601876, -23.512389965803493], [-50.63689301335977, -23.512390894138175], [-50.636894113323784, -23.512390945882032], [-50.63695263853743, -23.51239108232503], [-50.63695726905737, -23.51239129548948], [-50.63696185697087, -23.512391911480915], [-50.636966361162784, -23.512392924779064], [-50.636970741268264, -23.51239432630312], [-50.63697495803446, -23.512396103493153], [-50.6369789736723, -23.512398240422684], [-50.636982752195166, -23.51240071794136], [-50.636986259741334, -23.51240351384658], [-50.63698946487751, -23.512406603082507], [-50.63699233888043, -23.512409957964575], [-50.63699485599435, -23.512413548427602], [-50.6369969936618, -23.5124173422952], [-50.63699873272579, -23.512421305568168], [-50.63700005760144, -23.512425402729125], [-50.637087555621896, -23.51275165658194], [-50.63708788461097, -23.512752671940603], [-50.63708888523711, -23.512753193031557], [-50.637256452166206, -23.51283094401563], [-50.637260736709976, -23.512833187910662], [-50.637264755073616, -23.51283581745255], [-50.63726846658387, -23.512838806025485], [-50.637271833673395, -23.512842123379606], [-50.63727482226101, -23.51284573593717], [-50.637277402096665, -23.512849607132434], [-50.637279547067635, -23.512853697781782], [-50.637281235462794, -23.51285796648026], [-50.63728245019245, -23.51286237002078], [-50.63728317896122, -23.512866863831373], [-50.63728341439258, -23.512871402426367], [-50.63728324648676, -23.51293270798113], [-50.63728329989069, -23.512933764894562], [-50.637284445726564, -23.51293381948003], [-50.63747796363651, -23.51293427007783], [-50.63747908115916, -23.512934222952982]]]}}, {"type": "Feature", "properties": {"id": "SF-7d46fe", "name": "SF-7d46fe", "etiqueta": "V13", "hacienda": "Hacienda Sao Francisco", "orden": 14, "estrato": "Vigilancia", "nivel": "Vigilancia", "SI": 0.937, "clorofila_pct_vs_mejor5": 93.7, "area_ha": 0.271, "fecha_img": "2026-07-15", "zona": 14, "tipo": "submuestra", "status": "pending"}, "geometry": {"type": "Point", "coordinates": [-50.63723071817273, -23.51258852965553]}}, {"type": "Feature", "properties": {"id": "SF-86e6fe", "name": "SF-86e6fe", "etiqueta": "V14", "hacienda": "Hacienda Sao Francisco", "orden": 15, "estrato": "Vigilancia", "nivel": "Vigilancia", "SI": 0.943, "clorofila_pct_vs_mejor5": 94.3, "area_ha": 0.08, "fecha_img": "2026-07-15", "zona": 15, "clase": "media-baja"}, "geometry": {"type": "Polygon", "coordinates": [[[-50.63414924795329, -23.51274585440045], [-50.63414824957241, -23.512745333009025], [-50.63398071064986, -23.512667590780087], [-50.6339764261683, -23.51266534679552], [-50.63397240787631, -23.512662717169608], [-50.63396869644646, -23.512659728519036], [-50.633965329445296, -23.51265641109451], [-50.63396234095309, -23.512652798474523], [-50.63395976121889, -23.512648927225484], [-50.63395761635436, -23.512644836531635], [-50.63395592806947, -23.51264056779836], [-50.63395471345273, -23.51263616423318], [-50.63395398479829, -23.5126316704083], [-50.63395374948141, -23.51262713180956], [-50.63395391896649, -23.512565811627994], [-50.63395386844083, -23.51256479702461], [-50.63395285949936, -23.512565204357237], [-50.633758875469994, -23.512654077988106], [-50.63375783170985, -23.512654618182317], [-50.63375776845283, -23.512655720387663], [-50.633757524873126, -23.512743800568927], [-50.6337575795546, -23.512744882121755], [-50.633758521519965, -23.512745528454623], [-50.63404985959715, -23.51292562763974], [-50.634050851770475, -23.512926176949932], [-50.63405142281838, -23.512925248745056], [-50.634148783136624, -23.512746821746987], [-50.63414924795329, -23.51274585440045]]]}}, {"type": "Feature", "properties": {"id": "SF-86e6fe", "name": "SF-86e6fe", "etiqueta": "V14", "hacienda": "Hacienda Sao Francisco", "orden": 15, "estrato": "Vigilancia", "nivel": "Vigilancia", "SI": 0.943, "clorofila_pct_vs_mejor5": 94.3, "area_ha": 0.08, "fecha_img": "2026-07-15", "zona": 15, "tipo": "submuestra", "status": "pending"}, "geometry": {"type": "Point", "coordinates": [-50.63395340789734, -23.512745430731826]}}, {"type": "Feature", "properties": {"id": "SF-6a8fff", "name": "SF-6a8fff", "etiqueta": "V15", "hacienda": "Hacienda Sao Francisco", "orden": 16, "estrato": "Vigilancia", "nivel": "Vigilancia", "SI": 0.947, "clorofila_pct_vs_mejor5": 94.7, "area_ha": 0.08, "fecha_img": "2026-07-15", "zona": 16, "clase": "media-baja"}, "geometry": {"type": "Polygon", "coordinates": [[[-50.63336339836421, -23.51355689597362], [-50.633363092203105, -23.513555876277554], [-50.633266656034614, -23.513286798497987], [-50.633266234319, -23.513285794568734], [-50.63326516392255, -23.513286224430814], [-50.633071220824704, -23.51337507773271], [-50.633070177056084, -23.51337561792217], [-50.63307011379292, -23.513376720127052], [-50.63306936924543, -23.513645438698088], [-50.633069423200254, -23.513646490958166], [-50.63307052435411, -23.51364621059146], [-50.63336232793096, -23.51355727689192], [-50.63336339836421, -23.51355689597362]]]}}, {"type": "Feature", "properties": {"id": "SF-6a8fff", "name": "SF-6a8fff", "etiqueta": "V15", "hacienda": "Hacienda Sao Francisco", "orden": 16, "estrato": "Vigilancia", "nivel": "Vigilancia", "SI": 0.947, "clorofila_pct_vs_mejor5": 94.7, "area_ha": 0.08, "fecha_img": "2026-07-15", "zona": 16, "tipo": "submuestra", "status": "pending"}, "geometry": {"type": "Point", "coordinates": [-50.63320042672612, -23.513466298202303]}}, {"type": "Feature", "properties": {"id": "SF-b0f09c", "name": "SF-b0f09c", "etiqueta": "V16", "hacienda": "Hacienda Sao Francisco", "orden": 17, "estrato": "Vigilancia", "nivel": "Vigilancia", "SI": 0.951, "clorofila_pct_vs_mejor5": 95.1, "area_ha": 0.06, "fecha_img": "2026-07-15", "zona": 17, "clase": "media-baja"}, "geometry": {"type": "Polygon", "coordinates": [[[-50.63208854596416, -23.514095849577256], [-50.63208860355209, -23.514094801008746], [-50.63208909930478, -23.513916357551313], [-50.632089045357674, -23.513915305291025], [-50.63208794419959, -23.51391558565072], [-50.631796114646995, -23.514004524362182], [-50.63179505201956, -23.514004901310663], [-50.63179499442935, -23.514005949879053], [-50.63179449827826, -23.514184393328524], [-50.6317945522231, -23.51418544558884], [-50.63179565338402, -23.514185165231265], [-50.63208748333679, -23.514096226527734], [-50.63208854596416, -23.514095849577256]]]}}, {"type": "Feature", "properties": {"id": "SF-b0f09c", "name": "SF-b0f09c", "etiqueta": "V16", "hacienda": "Hacienda Sao Francisco", "orden": 17, "estrato": "Vigilancia", "nivel": "Vigilancia", "SI": 0.951, "clorofila_pct_vs_mejor5": 95.1, "area_ha": 0.06, "fecha_img": "2026-07-15", "zona": 17, "tipo": "submuestra", "status": "pending"}, "geometry": {"type": "Point", "coordinates": [-50.63194179894113, -23.5140503754439]}}, {"type": "Feature", "properties": {"id": "SF-8293d0", "name": "SF-8293d0", "etiqueta": "V17", "hacienda": "Hacienda Sao Francisco", "orden": 18, "estrato": "Vigilancia", "nivel": "Vigilancia", "SI": 0.963, "clorofila_pct_vs_mejor5": 96.3, "area_ha": 1.171, "fecha_img": "2026-07-15", "zona": 18, "clase": "media-baja"}, "geometry": {"type": "Polygon", "coordinates": [[[-50.63375347018163, -23.5141901740849], [-50.633752409657, -23.514189792129695], [-50.63349338021219, -23.51410949242678], [-50.63348899871468, -23.514107914391033], [-50.63348480158962, -23.514105956023755], [-50.63348082755275, -23.51410363538965], [-50.63347711326204, -23.514100973895072], [-50.63347369297941, -23.514097996090605], [-50.633470598254746, -23.514094729444597], [-50.63346785763489, -23.514091204089734], [-50.633465496400255, -23.514087452545187], [-50.63346353633169, -23.51408350941652], [-50.63346199550952, -23.514079411076555], [-50.6334608881468, -23.514075195329838], [-50.6334602244582, -23.514070901063914], [-50.63346001056576, -23.51406656789061], [-50.63346016746355, -23.51400988220383], [-50.633460116392214, -23.514008851661224], [-50.6334590050024, -23.514008969396063], [-50.63287335027601, -23.51409756317597], [-50.63287224717448, -23.514097779664397], [-50.63287169335608, -23.514098685649632], [-50.63277429279921, -23.514277180522765], [-50.63277384593611, -23.51427810884496], [-50.63277494591375, -23.514278160618076], [-50.632822735288215, -23.514278273304626], [-50.63282753515102, -23.514278502097095], [-50.6328322875826, -23.514279163633745], [-50.63283694681447, -23.51428025154363], [-50.63284146797574, -23.514281755349597], [-50.63284580752518, -23.514283660569177], [-50.632849923670584, -23.514285948854084], [-50.63285377677124, -23.5142885981669], [-50.632857329719705, -23.514291582993316], [-50.63286054829915, -23.514294874587854], [-50.63286340151287, -23.514298441250656], [-50.63286586188286, -23.514302248632863], [-50.632867905714384, -23.514306260067293], [-50.63286951332421, -23.51431043692166], [-50.63287066923011, -23.5143147389706], [-50.63287136230006, -23.514319124783036], [-50.63287158585936, -23.51432355212119], [-50.63287133544267, -23.51441387881584], [-50.63287108733807, -23.51441830504198], [-50.63287036995878, -23.51442268752918], [-50.63286919021353, -23.514426984071687], [-50.63286755946387, -23.51443115329142], [-50.63286549341476, -23.51443515503653], [-50.632863011963366, -23.514438950767975], [-50.6328601390074, -23.514442503930777], [-50.632856902214975, -23.514445780306023], [-50.63285333275818, -23.514448748340406], [-50.63284946501284, -23.514451379450108], [-50.632845336227454, -23.514453648296076], [-50.63284098616453, -23.51445553302808], [-50.63283645671756, -23.514457015495097], [-50.63283179150765, -23.514458081420145], [-50.63282703546336, -23.51445872053777], [-50.63282223438802, -23.51445892669293], [-50.632774460832096, -23.514458814042875], [-50.632773314697445, -23.5144588632568], [-50.632773255467974, -23.514459919905608], [-50.63277321070416, -23.514476062070912], [-50.632772968940515, -23.514480430035928], [-50.63277227014546, -23.51448475595478], [-50.632771120872285, -23.51448899925872], [-50.63276953189891, -23.514493120153773], [-50.632767518126784, -23.51449707999391], [-50.632765098441176, -23.514500841643468], [-50.63276229553402, -23.514504369825467], [-50.63275913569115, -23.51450763145234], [-50.63275564854577, -23.51451059593635], [-50.63275186680055, -23.514513235476336], [-50.63274782592095, -23.514515525318533], [-50.63274356380262, -23.51451744398861], [-50.632739120416, -23.51451897349314], [-50.63273453743149, -23.514520099488347], [-50.63272985782864, -23.51452081141455], [-50.632725125493124, -23.514521102595236], [-50.63272038480511, -23.514520970299728], [-50.632715680223136, -23.51452041576868], [-50.63271105586709, -23.51451944420253], [-50.632706555104534, -23.514518064712696], [-50.63270222014395, -23.514516290236134], [-50.6326043937123, -23.514470895828975], [-50.632600109196716, -23.514468651806638], [-50.632596090878394, -23.51446602214547], [-50.63259237943015, -23.514463033462548], [-50.63258901241871, -23.514459716008886], [-50.63258602392447, -23.51445610336328], [-50.632583444196484, -23.514452232092413], [-50.632581299346356, -23.51444814138071], [-50.63257961108392, -23.514443872633773], [-50.63257839649745, -23.51443946905923], [-50.63257766788078, -23.514434975229406], [-50.63257743260881, -23.51443043663019], [-50.632577602705126, -23.514369131119448], [-50.632577549338365, -23.51436807420506], [-50.632576403492536, -23.514368019584836], [-50.632284953211325, -23.514367331658896], [-50.632283807077336, -23.51436738086924], [-50.63228374784401, -23.514368437517824], [-50.632282873053576, -23.51468347222394], [-50.63228262492868, -23.51468789844874], [-50.63228190752836, -23.51469228093282], [-50.632280727761554, -23.514696577470446], [-50.632279096990004, -23.514700746683594], [-50.63227703091891, -23.514704748420478], [-50.63227454944561, -23.51470854414214], [-50.632271676468065, -23.514712097293696], [-50.632268439654574, -23.514715373656337], [-50.63226487017743, -23.514718341676872], [-50.632261002412655, -23.514720972771624], [-50.632256873608945, -23.514723241601676], [-50.632252523528976, -23.514725126316957], [-50.63224799406641, -23.51472660876661], [-50.63224332884249, -23.514727674673814], [-50.632238572785916, -23.514728313773286], [-50.63223377170016, -23.514728519910157], [-50.63184196417303, -23.514727594106404], [-50.63183716429611, -23.514727365283385], [-50.63183241185389, -23.51472670371626], [-50.63182775261506, -23.514725615776282], [-50.63182323145066, -23.514724111940925], [-50.631818891902014, -23.514722206692966], [-50.63181477576138, -23.514719918380997], [-50.631810922669466, -23.514717269042716], [-50.63180736973366, -23.51471428419274], [-50.63180415117068, -23.514710992576813], [-50.63180129797704, -23.514707425895033], [-50.631798837630555, -23.5147036184965], [-50.631796793825664, -23.514699607048563], [-50.631795186245306, -23.514695430183696], [-50.63179403037132, -23.51469112812738], [-50.63179333733535, -23.51468674231078], [-50.63179311381169, -23.51468231497173], [-50.631793236306756, -23.514638260329352], [-50.63179318294618, -23.514637203414807], [-50.631792037098435, -23.514637148788793], [-50.63169652019327, -23.514636922912054], [-50.63169532463536, -23.514636975607214], [-50.63169473350855, -23.514637935353637], [-50.63161043926616, -23.51479240799965], [-50.6316080057772, -23.514796358972887], [-50.63160515409622, -23.51480006446832], [-50.631601913087465, -23.514803486979485], [-50.63159831555596, -23.514806591864183], [-50.631594397915364, -23.51480934769523], [-50.63159019981947, -23.51481172657849], [-50.63158576376079, -23.514813704435262], [-50.63158113464048, -23.51481526124593], [-50.63157635931384, -23.514816381252682], [-50.631571486116066, -23.514817053118986], [-50.63156656437296, -23.514817270044293], [-50.631206227718735, -23.51481641709324], [-50.631205081580575, -23.51481646629558], [-50.6312050223384, -23.514817522943584], [-50.63120452539392, -23.514995958891156], [-50.631204578749895, -23.514997015805804], [-50.63120572460045, -23.514997070436177], [-50.63159512830814, -23.514997992162012], [-50.631596274447766, -23.51499794295683], [-50.63159633368693, -23.51499688630866], [-50.6315964562493, -23.514952831669035], [-50.631596704397744, -23.514948405445775], [-50.6315974218222, -23.5149440229653], [-50.631598601613426, -23.514939726433298], [-50.63160023240935, -23.514935557227695], [-50.63160229850447, -23.51493155550022], [-50.63160478000115, -23.514927759789664], [-50.631607653001176, -23.514924206650804], [-50.631610889836, -23.514920930302253], [-50.6316144593331, -23.514917962297048], [-50.6316183271163, -23.51491533121865], [-50.63162245593673, -23.514913062405792], [-50.631626806031626, -23.514911177708345], [-50.63163133550723, -23.514909695276963], [-50.63163600074223, -23.514908629388263], [-50.63164075680793, -23.51490799030732], [-50.63164555790085, -23.514907784188832], [-50.63331074225835, -23.51491171417542], [-50.63331554214517, -23.514911942953127], [-50.633320294602086, -23.514912604475146], [-50.633324953860395, -23.514913692370673], [-50.63332947504893, -23.51491519616269], [-50.63333381462622, -23.514917101368855], [-50.633337930799776, -23.514919389641026], [-50.63334178392862, -23.51492203894191], [-50.63334533690503, -23.5149250237573], [-50.633348555511915, -23.514928315341827], [-50.63335140875232, -23.514931881995736], [-50.63335386914795, -23.51493568937024], [-50.633355913003854, -23.514939700798248], [-50.63335752063653, -23.514943877647536], [-50.63335867656357, -23.514948179692766], [-50.63335936965272, -23.51495256550292], [-50.63335959322911, -23.51495699284023], [-50.63335947125328, -23.51500104748857], [-50.633359524626464, -23.515002104402686], [-50.63336067047818, -23.515002159017214], [-50.6335541525338, -23.515002614437098], [-50.63355529362563, -23.51500256467865], [-50.63355498958676, -23.51500154923822], [-50.63345856631571, -23.514732511505283], [-50.63345812008044, -23.51473145281487], [-50.63345697431048, -23.51473103591825], [-50.63321098795205, -23.514654779397226], [-50.63320651284285, -23.51465316266091], [-50.63320223112796, -23.514651149218206], [-50.633198184042676, -23.514648758459682], [-50.63319441056265, -23.514646013409664], [-50.633190947028574, -23.514642940504512], [-50.633187826796174, -23.514639569337998], [-50.63318507991498, -23.514635932376322], [-50.633182732838954, -23.514632064645433], [-50.63318080817169, -23.51462800339371], [-50.633179324448754, -23.514623787733253], [-50.633178295959155, -23.514619458263173], [-50.6331777326078, -23.514615056678647], [-50.63317763982, -23.514610625369347], [-50.6331780184893, -23.514606207011212], [-50.63317886496888, -23.51460184415543], [-50.63318017110663, -23.514597578818684], [-50.63324949030945, -23.514407429905788], [-50.63325120854098, -23.51440337508808], [-50.633253342143604, -23.514399491661425], [-50.633255871293066, -23.51439581570841], [-50.63325877248993, -23.514392381383857], [-50.633262018777934, -23.514389220597533], [-50.6332655799944, -23.51438636271765], [-50.63326942305055, -23.51438383429798], [-50.63327351223891, -23.51438165883113], [-50.63327780956508, -23.514379856530308], [-50.633282275100804, -23.514378444141414], [-50.63328686735489, -23.514377434787587], [-50.63329154365877, -23.51437683784713], [-50.63329626056295, -23.51437665886648], [-50.633300974240676, -23.514376899508623], [-50.63330564089518, -23.514377557537646], [-50.633751596473765, -23.514460897649464], [-50.633752719896265, -23.51446105510016], [-50.633752778580394, -23.514460008631577], [-50.63375352195576, -23.51419122291135], [-50.63375347018163, -23.5141901740849]]]}}, {"type": "Feature", "properties": {"id": "SF-8293d0", "name": "SF-8293d0", "etiqueta": "V17", "hacienda": "Hacienda Sao Francisco", "orden": 18, "estrato": "Vigilancia", "nivel": "Vigilancia", "SI": 0.963, "clorofila_pct_vs_mejor5": 96.3, "area_ha": 1.171, "fecha_img": "2026-07-15", "zona": 18, "tipo": "submuestra", "status": "pending"}, "geometry": {"type": "Point", "coordinates": [-50.63298713587265, -23.514506000638903]}}]}