{"type": "FeatureCollection", "name": "Focos anomalias Hacienda Santo Antonio 2026-07-15", "crs": {"type": "name", "properties": {"name": "urn:ogc:def:crs:OGC:1.3:CRS84"}}, "features": [{"type": "Feature", "geometry": {"type": "MultiPolygon", "coordinates": [[[[-50.65680415059069, -23.49616627350364, 0.0], [-50.6567744023073, -23.496201537869222, 0.0], [-50.65670811651992, -23.496201026446446, 0.0], [-50.656678103312274, -23.496168275176938, 0.0], [-50.65662752524555, -23.49613511318582, 0.0], [-50.656554660322804, -23.496118997164803, 0.0], [-50.65649283696102, -23.49613367664584, 0.0], [-50.65641575552479, -23.4961641290526, 0.0], [-50.65637015775618, -23.496127231725524, 0.0], [-50.65628432705025, -23.496117392714837, 0.0], [-50.65619849641618, -23.496097714265932, 0.0], [-50.65611803036292, -23.496085415635896, 0.0], [-50.65602683562762, -23.496070656241006, 0.0], [-50.655977777648644, -23.49608144222847, 0.0], [-50.655947719107154, -23.49610268346629, 0.0], [-50.655920538050424, -23.496136084160774, 0.0], [-50.65591741186618, -23.496271318787997, 0.0], [-50.65590744075277, -23.49649408158203, 0.0], [-50.65611245709392, -23.496526025082495, 0.0], [-50.65615927780492, -23.496578553402063, 0.0], [-50.65624962508716, -23.49661427691013, 0.0], [-50.65640490213034, -23.496687364236983, 0.0], [-50.65645867052855, -23.496668522045788, 0.0], [-50.656547184081035, -23.496702959482327, 0.0], [-50.65657937022773, -23.496754615640818, 0.0], [-50.65660083219876, -23.496814789795383, 0.0], [-50.656584734567765, -23.49685054729548, 0.0], [-50.65653377326639, -23.49683824886613, 0.0], [-50.65650426803925, -23.49683332871347, 0.0], [-50.65648817526758, -23.496921882074375, 0.0], [-50.65645598879774, -23.496948940117026, 0.0], [-50.65644753781723, -23.49696169222971, 0.0], [-50.65637113591683, -23.49693802389993, 0.0], [-50.656285387416, -23.496910717173414, 0.0], [-50.65622183863972, -23.496884784451897, 0.0], [-50.656174728320316, -23.496875691571418, 0.0], [-50.65603257605695, -23.496829148596383, 0.0], [-50.65589479169222, -23.496778492853252, 0.0], [-50.65588707533663, -23.49696636713567, 0.0], [-50.655877953628405, -23.49713016026619, 0.0], [-50.65586626538429, -23.49736306824368, 0.0], [-50.65586224927065, -23.497518002882103, 0.0], [-50.655856415567364, -23.497628990010494, 0.0], [-50.655852667863016, -23.497730567518015, 0.0], [-50.65584651990095, -23.49787624443904, 0.0], [-50.65584067846459, -23.497982255775035, 0.0], [-50.65583663094045, -23.49811501917952, 0.0], [-50.65675829635871, -23.498466030158163, 0.0], [-50.657602333727326, -23.498772010472035, 0.0], [-50.65875421472379, -23.499190921796995, 0.0], [-50.65991265572576, -23.499624623187962, 0.0], [-50.660501414605264, -23.499837124214274, 0.0], [-50.660855527638724, -23.499976563383076, 0.0], [-50.6608903956098, -23.49994950576059, 0.0], [-50.660903807048314, -23.499440337260694, 0.0], [-50.66090648894989, -23.498652114224566, 0.0], [-50.660970861933734, -23.497196338597234, 0.0], [-50.660973544349815, -23.49701185377717, 0.0], [-50.66100900967266, -23.49670766036039, 0.0], [-50.660968776497185, -23.496653544227925, 0.0], [-50.66096609525151, -23.496599428502115, 0.0], [-50.66098755266065, -23.496530553363858, 0.0], [-50.660974141424646, -23.496451839743198, 0.0], [-50.660976823897414, -23.496319009693234, 0.0], [-50.66099023463399, -23.49620339866334, 0.0], [-50.66100632789498, -23.496087787143463, 0.0], [-50.660995599318525, -23.495931309026457, 0.0], [-50.660979505651596, -23.495887032414775, 0.0], [-50.66092854415132, -23.49586981346494, 0.0], [-50.660815891186154, -23.49589195239008, 0.0], [-50.660676416641216, -23.4959485280663, 0.0], [-50.66049134332503, -23.496069059241293, 0.0], [-50.66027411016296, -23.49612943027938, 0.0], [-50.660057675616, -23.496201897390154, 0.0], [-50.659958781565294, -23.496216497369634, 0.0], [-50.65986907128718, -23.496209269106327, 0.0], [-50.65978324089374, -23.49620680908205, 0.0], [-50.65969204564217, -23.49619205002026, 0.0], [-50.65965717649728, -23.496147773821278, 0.0], [-50.65958743963586, -23.496128094448252, 0.0], [-50.65950697278803, -23.496118255379532, 0.0], [-50.6594238242019, -23.496098577337328, 0.0], [-50.65934872310351, -23.49609611704007, 0.0], [-50.6592816679267, -23.496135474333958, 0.0], [-50.65915292134764, -23.49614039382674, 0.0], [-50.65909659511082, -23.496105956929554, 0.0], [-50.65902149303709, -23.496103496472443, 0.0], [-50.65892761623389, -23.496078898026266, 0.0], [-50.65885251428426, -23.496049380737805, 0.0], [-50.65875059004206, -23.495997724074986, 0.0], [-50.65865393414714, -23.495976056834273, 0.0], [-50.65853323401715, -23.49595145810179, 0.0], [-50.65843667456904, -23.495944078968847, 0.0], [-50.658310611331125, -23.49591456080602, 0.0], [-50.65816040777374, -23.49589242264798, 0.0], [-50.65801556849101, -23.49588504301374, 0.0], [-50.65782244866546, -23.49585060526053, 0.0], [-50.65769848347712, -23.49581616835369, 0.0], [-50.657532186332865, -23.49578664969467, 0.0], [-50.65737125391961, -23.495779270223025, 0.0], [-50.65723714295704, -23.495742373600695, 0.0], [-50.657129854517265, -23.49569563687774, 0.0], [-50.65701720205421, -23.49563906062479, 0.0], [-50.65694651588751, -23.495588772320296, 0.0], [-50.65677499046273, -23.495497220681877, 0.0], [-50.65664973932284, -23.495469332307923, 0.0], [-50.656568821588934, -23.49542268761534, 0.0], [-50.65650588986069, -23.49538835868275, 0.0], [-50.656412086541735, -23.4953459839386, 0.0], [-50.65630909909093, -23.49536601880032, 0.0], [-50.65626081959363, -23.495326662226113, 0.0], [-50.65621704229066, -23.495270335264635, 0.0], [-50.656177565206185, -23.495245175336727, 0.0], [-50.65613787884788, -23.495219045403243, 0.0], [-50.65609904324967, -23.49518121765493, 0.0], [-50.65604780423382, -23.495158796276232, 0.0], [-50.65601644425775, -23.495132557133637, 0.0], [-50.65594941746928, -23.495150246778632, 0.0], [-50.655975160992284, -23.495232449081218, 0.0], [-50.65596988549244, -23.495753011517113, 0.0], [-50.65613680612386, -23.495795155734008, 0.0], [-50.65624945852577, -23.495817294297773, 0.0], [-50.65640234409249, -23.495864031009724, 0.0], [-50.65653645486901, -23.495920607131897, 0.0], [-50.65664374379797, -23.49595504434588, 0.0], [-50.656734072848785, -23.496028218599644, 0.0], [-50.65678700425402, -23.49610697269555, 0.0], [-50.65680415059069, -23.49616627350364, 0.0]]], [[[-50.656106700162496, -23.481118747547367, 0.0], [-50.65646232875569, -23.481201588308537, 0.0], [-50.65656225863661, -23.48125993196528, 0.0], [-50.65650884572282, -23.482800656118926, 0.0], [-50.656304547904575, -23.487732721053572, 0.0], [-50.65625122268195, -23.48924889860649, 0.0], [-50.65619782199457, -23.48981695107096, 0.0], [-50.656191445781225, -23.489893295213076, 0.0], [-50.656129666707756, -23.49227393907504, 0.0], [-50.656074196751376, -23.492893271801105, 0.0], [-50.65604201035128, -23.493400005922215, 0.0], [-50.65603031201604, -23.49437186006192, 0.0], [-50.65602821571603, -23.494703500583263, 0.0], [-50.6561183616619, -23.49472649302684, 0.0], [-50.65619884089258, -23.494665128211988, 0.0], [-50.65626925428904, -23.49467326126832, 0.0], [-50.65632002378422, -23.4946323449844, 0.0], [-50.65641254547576, -23.494589646219946, 0.0], [-50.65653056256516, -23.494569967464813, 0.0], [-50.65663569720366, -23.494555048067355, 0.0], [-50.656810040186066, -23.494550128996824, 0.0], [-50.6569293818897, -23.494569866000937, 0.0], [-50.65705295037963, -23.494570138002352, 0.0], [-50.6572740621257, -23.49456734781808, 0.0], [-50.657440359144616, -23.494594406215892, 0.0], [-50.65759592733002, -23.494660821923514, 0.0], [-50.657700533754166, -23.494741997087377, 0.0], [-50.65783464425728, -23.494842850721938, 0.0], [-50.657941932916394, -23.494911726274818, 0.0], [-50.65810018251178, -23.49494616414402, 0.0], [-50.658224534131335, -23.49495846316513, 0.0], [-50.65831358590616, -23.49496039656856, 0.0], [-50.658393864552316, -23.49497652801831, 0.0], [-50.65851475066059, -23.495058849524845, 0.0], [-50.658618255065996, -23.495173043735758, 0.0], [-50.658699608168945, -23.495251859462353, 0.0], [-50.658782220531876, -23.49532156051083, 0.0], [-50.658893268580876, -23.495385625395233, 0.0], [-50.65904707161062, -23.495452011665346, 0.0], [-50.659151273396525, -23.495485341625702, 0.0], [-50.65926732899524, -23.495524344366988, 0.0], [-50.65939705344679, -23.49553374537234, 0.0], [-50.65952924345181, -23.495545431005485, 0.0], [-50.6596761886593, -23.49558564060852, 0.0], [-50.659834234739485, -23.495633852027215, 0.0], [-50.66005781372803, -23.495666250828936, 0.0], [-50.660307535216745, -23.495623487804497, 0.0], [-50.660591975656104, -23.495534073360925, 0.0], [-50.66078118645486, -23.49545536106781, 0.0], [-50.66091797927519, -23.49537910608215, 0.0], [-50.660970170992435, -23.495243814822388, 0.0], [-50.66099699341155, -23.49505194760286, 0.0], [-50.661018451455554, -23.494884678485036, 0.0], [-50.66103722658672, -23.4947543069058, 0.0], [-50.661069413595285, -23.494633774985495, 0.0], [-50.66110964585501, -23.493811179420085, 0.0], [-50.66114005978437, -23.49315509058719, 0.0], [-50.66115615249175, -23.492653274695193, 0.0], [-50.66119638588233, -23.491850035221, 0.0], [-50.66123930141158, -23.490829002318133, 0.0], [-50.661309038986886, -23.489452749505197, 0.0], [-50.66132781381623, -23.488667591801466, 0.0], [-50.66137341168078, -23.487572401531764, 0.0], [-50.66141632752179, -23.486501668739663, 0.0], [-50.6614699713882, -23.485539692086128, 0.0], [-50.66149679309194, -23.48446572461526, 0.0], [-50.661558484588426, -23.483267202868888, 0.0], [-50.66159013220417, -23.482522748872636, 0.0], [-50.66160622620039, -23.481942658628064, 0.0], [-50.66163841239458, -23.481298520166852, 0.0], [-50.66165718813816, -23.480698105550694, 0.0], [-50.661686692535305, -23.48014915408363, 0.0], [-50.661710831610556, -23.47956358284549, 0.0], [-50.66175105968469, -23.478908307916814, 0.0], [-50.66179132455245, -23.47805035039413, 0.0], [-50.66183544523066, -23.477574634054054, 0.0], [-50.66183976992533, -23.477454350301972, 0.0], [-50.661853276437604, -23.477269779755733, 0.0], [-50.66187653301157, -23.47703737979518, 0.0], [-50.661885329168, -23.47691211622152, 0.0], [-50.66189082016759, -23.476841763218186, 0.0], [-50.661893638499556, -23.47680148001406, 0.0], [-50.66189603893997, -23.47677330416047, 0.0], [-50.66178354597699, -23.476743981114236, 0.0], [-50.661727985380935, -23.47672904477948, 0.0], [-50.66165101013743, -23.476728993490635, 0.0], [-50.66161882359662, -23.476630586352986, 0.0], [-50.66158931912832, -23.476569082175136, 0.0], [-50.661538357155415, -23.47653955988519, 0.0], [-50.66146861945741, -23.476532179542573, 0.0], [-50.661404246358615, -23.47654694025398, 0.0], [-50.66133182739716, -23.47659368393154, 0.0], [-50.66124017936422, -23.476640230555763, 0.0], [-50.66117580142656, -23.476691376137754, 0.0], [-50.661087904900114, -23.476759565728287, 0.0], [-50.661015326658735, -23.476815099819824, 0.0], [-50.66095363610359, -23.47687906507536, 0.0], [-50.66086512271177, -23.476920887695783, 0.0], [-50.660776610037274, -23.477004533892348, 0.0], [-50.66069614359693, -23.477083259320825, 0.0], [-50.660612994781076, -23.47720872807163, 0.0], [-50.660535211264424, -23.47730467484698, 0.0], [-50.660452062724346, -23.477415383024823, 0.0], [-50.66039305363844, -23.477491647514594, 0.0], [-50.660358679027226, -23.477587093894858, 0.0], [-50.66031694160116, -23.477722624514445, 0.0], [-50.66028308301361, -23.477828393303103, 0.0], [-50.66025894380351, -23.47803012688436, 0.0], [-50.66025626109649, -23.47814083321954, 0.0], [-50.66021178229169, -23.478259183143724, 0.0], [-50.66016083053985, -23.478374179443104, 0.0], [-50.660065618540244, -23.478644645097145, 0.0], [-50.660032770217164, -23.478927213286987, 0.0], [-50.66004168481018, -23.479064563761128, 0.0], [-50.660068506485324, -23.479259624322363, 0.0], [-50.66007118933718, -23.47942445324499, 0.0], [-50.66007118871581, -23.47947857589669, 0.0], [-50.660034282326876, -23.47964140172207, 0.0], [-50.659988684390505, -23.479833291452447, 0.0], [-50.65996333846752, -23.479985251562745, 0.0], [-50.65996745107739, -23.48006788707796, 0.0], [-50.659995753338514, -23.4801129660261, 0.0], [-50.66008699862639, -23.480185534453735, 0.0], [-50.660181901034385, -23.480277485299766, 0.0], [-50.6603472797067, -23.480350215149123, 0.0], [-50.66047745549717, -23.480418879293964, 0.0], [-50.66053547838488, -23.480437810309837, 0.0], [-50.66057675715198, -23.480481777731963, 0.0], [-50.66057847924624, -23.480533066922238, 0.0], [-50.66055399073329, -23.480687439762498, 0.0], [-50.660552238932375, -23.480889158674852, 0.0], [-50.66053580624596, -23.481033861795687, 0.0], [-50.66049477203365, -23.48119958024188, 0.0], [-50.66044679417422, -23.48129522366952, 0.0], [-50.660408110969954, -23.48144386716918, 0.0], [-50.6603720476388, -23.481534392872273, 0.0], [-50.66032236385868, -23.48163628565098, 0.0], [-50.66027523286909, -23.481706273039578, 0.0], [-50.66021267769115, -23.48176824906067, 0.0], [-50.660098063639204, -23.481894503263174, 0.0], [-50.66005745843128, -23.48199618560982, 0.0], [-50.66007216191457, -23.4820954699135, 0.0], [-50.66013653517326, -23.482208633882117, 0.0], [-50.660118760253646, -23.482255825743536, 0.0], [-50.66006611998049, -23.48230585671559, 0.0], [-50.660006738073136, -23.482334788957026, 0.0], [-50.65992273237752, -23.48232947717531, 0.0], [-50.65981588323895, -23.482318417119835, 0.0], [-50.65969302725698, -23.482285668202504, 0.0], [-50.65959850491226, -23.482290694566316, 0.0], [-50.65950149916044, -23.482290948357857, 0.0], [-50.659275288698176, -23.482329772921563, 0.0], [-50.659170849258246, -23.48234265088909, 0.0], [-50.65906386980953, -23.482382305619012, 0.0], [-50.658979134988286, -23.4824202994245, 0.0], [-50.65891687449919, -23.48244572088078, 0.0], [-50.65885478998552, -23.482486128568418, 0.0], [-50.658814951100254, -23.482509682083048, 0.0], [-50.65877739964243, -23.482534282872976, 0.0], [-50.65875594192939, -23.482600705439594, 0.0], [-50.65869961587414, -23.482617925974875, 0.0], [-50.65863524265623, -23.482647446873315, 0.0], [-50.658564031426245, -23.48264048793732, 0.0], [-50.65847124892549, -23.48268473205356, 0.0], [-50.658398740332885, -23.482772898066667, 0.0], [-50.6584214697484, -23.482915797810197, 0.0], [-50.65843141110002, -23.483040793502354, 0.0], [-50.658416349343284, -23.48313193457205, 0.0], [-50.658341356095434, -23.48322522364771, 0.0], [-50.65823103338562, -23.483306947875818, 0.0], [-50.65807905040498, -23.483365398487514, 0.0], [-50.65791588909224, -23.483390113385898, 0.0], [-50.65777990903344, -23.48341545762582, 0.0], [-50.657605721530686, -23.483403678365818, 0.0], [-50.65738668156017, -23.483275047738932, 0.0], [-50.65729280484233, -23.483112683092596, 0.0], [-50.65725257119519, -23.482999520475953, 0.0], [-50.65727671132655, -23.482876517263815, 0.0], [-50.65733572016948, -23.48278795501017, 0.0], [-50.657451055119566, -23.48266741129926, 0.0], [-50.65754761455389, -23.482569008959892, 0.0], [-50.657633444730415, -23.48246568542014, 0.0], [-50.65774976453462, -23.482408487800676, 0.0], [-50.657837009056394, -23.482355684387638, 0.0], [-50.65788602725114, -23.48227316546221, 0.0], [-50.65787143706621, -23.482181389524374, 0.0], [-50.657847531624284, -23.482108397793283, 0.0], [-50.65781442854461, -23.482008603482722, 0.0], [-50.65778116083962, -23.481972630660543, 0.0], [-50.657745544066024, -23.481889356118707, 0.0], [-50.65772868140518, -23.48172064704173, 0.0], [-50.65769905375465, -23.4814504444753, 0.0], [-50.65773731822333, -23.48124656075008, 0.0], [-50.657878330902506, -23.481185327765257, 0.0], [-50.657975051387496, -23.481051058207903, 0.0], [-50.658014818478065, -23.480962250707186, 0.0], [-50.65812016035034, -23.480855100942055, 0.0], [-50.658300230170816, -23.480743188413754, 0.0], [-50.658608683451725, -23.48055868035885, 0.0], [-50.65878570933212, -23.480391393232868, 0.0], [-50.65896005376018, -23.480238865926466, 0.0], [-50.659158536655546, -23.480049437164116, 0.0], [-50.65939130323945, -23.479835208558605, 0.0], [-50.65962197305413, -23.479603956341712, 0.0], [-50.65972389686992, -23.47950063148636, 0.0], [-50.65976413035255, -23.479404686319317, 0.0], [-50.659772176274544, -23.47924231785417, 0.0], [-50.659801681415175, -23.47904304669278, 0.0], [-50.65981240933858, -23.478853615515415, 0.0], [-50.659835860219616, -23.47873427942659, 0.0], [-50.659870728917525, -23.47857190984526, 0.0], [-50.659916326754164, -23.478429220809215, 0.0], [-50.65997265264785, -23.478261930869703, 0.0], [-50.66002361458042, -23.478097100579348, 0.0], [-50.66002629657105, -23.47796917233298, 0.0], [-50.66002361449197, -23.47787322562239, 0.0], [-50.660045072560315, -23.47777973968991, 0.0], [-50.660087987755325, -23.477676413243437, 0.0], [-50.66016503042073, -23.477559863100453, 0.0], [-50.660224039071075, -23.477441775076862, 0.0], [-50.660285729523025, -23.47731384622751, 0.0], [-50.660368878023874, -23.477180996963234, 0.0], [-50.66045202675507, -23.477080130050776, 0.0], [-50.660570043592855, -23.47696696227443, 0.0], [-50.6607122012012, -23.476856254178152, 0.0], [-50.66084899339093, -23.47673324516604, 0.0], [-50.66098578595326, -23.47662991757836, 0.0], [-50.661117169353915, -23.476529883208965, 0.0], [-50.66135320388912, -23.476409334058747, 0.0], [-50.66158923871511, -23.476308466095546, 0.0], [-50.66172350802497, -23.476304505331345, 0.0], [-50.661820232644594, -23.47616567453452, 0.0], [-50.661835389979274, -23.476035784207273, 0.0], [-50.66177142224019, -23.47592623644612, 0.0], [-50.661595032067, -23.47571259080527, 0.0], [-50.66150651903767, -23.475614182416145, 0.0], [-50.661404596000054, -23.475446888783484, 0.0], [-50.66131071848864, -23.475304196207524, 0.0], [-50.66120074786671, -23.475188566985448, 0.0], [-50.66108004788014, -23.475085237803963, 0.0], [-50.660932527079844, -23.47500405100663, 0.0], [-50.660846695628685, -23.47492040404446, 0.0], [-50.660744772233045, -23.474890880842747, 0.0], [-50.66063211960303, -23.474900721715546, 0.0], [-50.660511419478645, -23.47492286390812, 0.0], [-50.660434892781566, -23.474842917496176, 0.0], [-50.660257126478356, -23.4747855464057, 0.0], [-50.660079418728465, -23.47470538169584, 0.0], [-50.659865339364444, -23.474664917374028, 0.0], [-50.65967758450363, -23.474532065285164, 0.0], [-50.6595220165656, -23.474458258358233, 0.0], [-50.65946321833268, -23.474392073001443, 0.0], [-50.65916260079465, -23.47433524772003, 0.0], [-50.65898020979628, -23.47428604295171, 0.0], [-50.6588815222634, -23.47423558934805, 0.0], [-50.65867691207236, -23.47422255682789, 0.0], [-50.65850848847455, -23.474285111924782, 0.0], [-50.658394592912764, -23.47436456600127, 0.0], [-50.658271558758365, -23.47446077965997, 0.0], [-50.65819849424824, -23.47457807738088, 0.0], [-50.65813442758393, -23.474733149104644, 0.0], [-50.65813426544997, -23.47479607260266, 0.0], [-50.658056761109684, -23.47487141128019, 0.0], [-50.6579021523706, -23.474866877226688, 0.0], [-50.657656580149265, -23.474866338255662, 0.0], [-50.657523013523324, -23.474848374483486, 0.0], [-50.65726706052412, -23.474811862225685, 0.0], [-50.657189937458625, -23.474680786576272, 0.0], [-50.65704314359634, -23.47461267853385, 0.0], [-50.65689602627125, -23.47466971163, 0.0], [-50.656511807641564, -23.47460629472746, 0.0], [-50.65621241968106, -23.47452742118951, 0.0], [-50.65542762221696, -23.474171119968865, 0.0], [-50.65505464675906, -23.480869113559972, 0.0], [-50.656106700162496, -23.481118747547367, 0.0]]]]}, "properties": {"tipo": "perimetro", "id": "SA-PERIMETRO", "name": "Perimetro Hacienda Santo Antonio", "hacienda": "Hacienda Santo Antonio", "fecha_img": "2026-07-15"}}, {"type": "Feature", "properties": {"id": "SA-c2aac5", "name": "SA-c2aac5", "etiqueta": "P1", "hacienda": "Hacienda Santo Antonio", "orden": 1, "estrato": "Prioritario", "nivel": "Prioritario", "SI": 0.549, "clorofila_pct_vs_mejor5": 54.9, "area_ha": 0.061, "fecha_img": "2026-07-15", "zona": 1, "clase": "baja"}, "geometry": {"type": "Polygon", "coordinates": [[[-50.65662415300206, -23.495725023287626], [-50.656623714109564, -23.49572409628521], [-50.65652733279996, -23.495545246278624], [-50.65652674692022, -23.49554428383857], [-50.65652555182963, -23.495544225681254], [-50.65637987733079, -23.495543904506118], [-50.65637507809528, -23.495543676446516], [-50.65637032620667, -23.49554301563323], [-50.65636566742831, -23.495541928430253], [-50.656361146626814, -23.49554042530794], [-50.65635680734, -23.49553852074222], [-50.65635269135762, -23.495536233075104], [-50.65634883831884, -23.495533584338098], [-50.656345285330545, -23.495530600040006], [-50.656342066609966, -23.495527308921268], [-50.656339213155135, -23.495523742677193], [-50.65633675244636, -23.49551993565267], [-50.65633470818159, -23.495515924511444], [-50.656333100048194, -23.49551174788301], [-50.65633194353332, -23.49550744599062], [-50.65633124977481, -23.495503060263825], [-50.65633102545389, -23.495498632939594], [-50.65633113968126, -23.495454578070994], [-50.656331086130365, -23.49545352115999], [-50.65632994043574, -23.495453466716217], [-50.65623440678525, -23.495453255984934], [-50.656233260821374, -23.49545330537368], [-50.65623320178954, -23.495454362036337], [-50.656232738895326, -23.495632838156137], [-50.65623278920772, -23.49563386957849], [-50.65623386040035, -23.495634169482113], [-50.65662307763377, -23.495724824494708], [-50.65662415300206, -23.495725023287626]]]}}, {"type": "Feature", "properties": {"id": "SA-c2aac5", "name": "SA-c2aac5", "etiqueta": "P1", "hacienda": "Hacienda Santo Antonio", "orden": 1, "estrato": "Prioritario", "nivel": "Prioritario", "SI": 0.549, "clorofila_pct_vs_mejor5": 54.9, "area_ha": 0.061, "fecha_img": "2026-07-15", "zona": 1, "tipo": "principal", "status": "pending"}, "geometry": {"type": "Point", "coordinates": [-50.65639189334033, -23.495589042217382]}}, {"type": "Feature", "properties": {"id": "SA-0421dc", "name": "SA-0421dc", "etiqueta": "P2", "hacienda": "Hacienda Santo Antonio", "orden": 2, "estrato": "Prioritario", "nivel": "Prioritario", "SI": 0.631, "clorofila_pct_vs_mejor5": 63.1, "area_ha": 0.115, "fecha_img": "2026-07-15", "zona": 2, "clase": "baja"}, "geometry": {"type": "Polygon", "coordinates": [[[-50.65671979723363, -23.496628522849512], [-50.656719855726564, -23.496627476367614], [-50.65672031788345, -23.49644904015981], [-50.65672026432915, -23.496447983249034], [-50.65671911862574, -23.49644792880803], [-50.65645676956948, -23.496447350605948], [-50.656451849723744, -23.496447111187944], [-50.6564469808609, -23.496446417054305], [-50.65644221226291, -23.496445275230936], [-50.65643759219685, -23.496443697275232], [-50.65643316742637, -23.496441699159025], [-50.65642898273837, -23.496439301106978], [-50.65642508048964, -23.496436527391825], [-50.65642150017818, -23.49643340608872], [-50.65641827804337, -23.496429968791045], [-50.65641544669915, -23.496426250290646], [-50.656413034803954, -23.49642228822563], [-50.6563295697106, -23.49626740646491], [-50.65632900931929, -23.496266483222666], [-50.65632795817289, -23.496266907080496], [-50.6561339998465, -23.496355815155376], [-50.6561329988063, -23.496356331994267], [-50.65613345837907, -23.496357301450562], [-50.65622984243752, -23.496536156708554], [-50.65623043474912, -23.496537129217717], [-50.656231606480866, -23.496537405536834], [-50.656718673932396, -23.496628365565595], [-50.65671979723363, -23.496628522849512]]]}}, {"type": "Feature", "properties": {"id": "SA-0421dc", "name": "SA-0421dc", "etiqueta": "P2", "hacienda": "Hacienda Santo Antonio", "orden": 2, "estrato": "Prioritario", "nivel": "Prioritario", "SI": 0.631, "clorofila_pct_vs_mejor5": 63.1, "area_ha": 0.115, "fecha_img": "2026-07-15", "zona": 2, "tipo": "principal", "status": "pending"}, "geometry": {"type": "Point", "coordinates": [-50.656385042618865, -23.49644763970699]}}, {"type": "Feature", "properties": {"id": "SA-ef1634", "name": "SA-ef1634", "etiqueta": "P3", "hacienda": "Hacienda Santo Antonio", "orden": 3, "estrato": "Prioritario", "nivel": "Prioritario", "SI": 0.707, "clorofila_pct_vs_mejor5": 70.7, "area_ha": 0.186, "fecha_img": "2026-07-15", "zona": 3, "clase": "baja"}, "geometry": {"type": "Polygon", "coordinates": [[[-50.65779665673004, -23.496811557717034], [-50.65779671575018, -23.49681050105383], [-50.65779717646303, -23.496632064173514], [-50.657797122900085, -23.496631007263034], [-50.65779597719454, -23.49663095282992], [-50.6575523323877, -23.496630417546235], [-50.65754753311035, -23.496630189522303], [-50.65754278117653, -23.496629528744336], [-50.65753812235, -23.496628441576004], [-50.657533601497846, -23.496626938487335], [-50.657529262158384, -23.496625033953915], [-50.65752514612185, -23.49662274631746], [-50.65752129302795, -23.496620097609163], [-50.6575177399841, -23.496617113337575], [-50.657514521208064, -23.49661382224287], [-50.657511667698394, -23.49661025602012], [-50.65750920693595, -23.496606449014003], [-50.657507162619176, -23.496602437888104], [-50.65750555443595, -23.496598261271778], [-50.657504397873915, -23.496593959388118], [-50.657503704071345, -23.496589573666636], [-50.657503479709895, -23.49658514634423], [-50.65750359355178, -23.49654109213289], [-50.657503540474195, -23.49654004540539], [-50.657502416372616, -23.49654019774369], [-50.65701484760112, -23.496629018083308], [-50.65701372572472, -23.49662927574391], [-50.65701366628296, -23.496630340618875], [-50.65701320451313, -23.49680877832869], [-50.65701325806986, -23.496809835239347], [-50.65701440377656, -23.49680988967822], [-50.657795510754845, -23.496811607117138], [-50.65779665673004, -23.496811557717034]]]}}, {"type": "Feature", "properties": {"id": "SA-ef1634", "name": "SA-ef1634", "etiqueta": "P3", "hacienda": "Hacienda Santo Antonio", "orden": 3, "estrato": "Prioritario", "nivel": "Prioritario", "SI": 0.707, "clorofila_pct_vs_mejor5": 70.7, "area_ha": 0.186, "fecha_img": "2026-07-15", "zona": 3, "tipo": "principal", "status": "pending"}, "geometry": {"type": "Point", "coordinates": [-50.65740519074924, -23.4967204212511]}}, {"type": "Feature", "properties": {"id": "SA-de350a", "name": "SA-de350a", "etiqueta": "P4", "hacienda": "Hacienda Santo Antonio", "orden": 4, "estrato": "Prioritario", "nivel": "Prioritario", "SI": 0.745, "clorofila_pct_vs_mejor5": 74.5, "area_ha": 0.176, "fecha_img": "2026-07-15", "zona": 4, "clase": "baja"}, "geometry": {"type": "Polygon", "coordinates": [[[-50.65906986405626, -23.496814437003295], [-50.659068803594586, -23.496814055220394], [-50.65880979203438, -23.496733797661275], [-50.658805410797, -23.496732220337396], [-50.6588012138349, -23.49673026265002], [-50.65879723986236, -23.496727942657564], [-50.65879352553673, -23.496725281760476], [-50.65879010512027, -23.496722304503827], [-50.6587870101641, -23.496719038350896], [-50.65878426921718, -23.49671551342985], [-50.658781907562954, -23.49671176225583], [-50.658779946986144, -23.49670781943099], [-50.65877840557176, -23.496703721325357], [-50.65877729753831, -23.496699505741315], [-50.65877663310667, -23.4966952115649], [-50.65877641840572, -23.49669087840712], [-50.65877656429555, -23.49663421202153], [-50.65877651072479, -23.496633155111287], [-50.65877536501873, -23.496633100685376], [-50.65828807535441, -23.496632032799784], [-50.6582869293809, -23.49663208220353], [-50.65828687036476, -23.49663313886699], [-50.65828641031116, -23.496811575756418], [-50.65828646387807, -23.49681263266676], [-50.65828760958544, -23.49681268709628], [-50.65862919366549, -23.496813435836106], [-50.65863399295179, -23.496813663826817], [-50.6586387448981, -23.49681432457162], [-50.658643403740626, -23.496815411707203], [-50.65864792461221, -23.496816914763865], [-50.658652263974425, -23.496818819266338], [-50.65865638003686, -23.49682110687326], [-50.65866023315961, -23.49682375555375], [-50.65866378623502, -23.496826739799577], [-50.65866700504502, -23.496830030870846], [-50.65866985859072, -23.496833597072754], [-50.65867231939088, -23.496837404060862], [-50.65867436374665, -23.496841415171815], [-50.65867597196972, -23.496845591776417], [-50.65867712857199, -23.496849893651703], [-50.65867782241471, -23.496854279368282], [-50.658678046815744, -23.49685870668931], [-50.65867793336082, -23.49690276156081], [-50.65867798693087, -23.496903818471036], [-50.65867913263923, -23.496903872897697], [-50.65882483898784, -23.49690419200709], [-50.65882963827784, -23.496904419991814], [-50.658834390228456, -23.49690508073069], [-50.658839049075844, -23.496906167860473], [-50.65884356995281, -23.49690767091149], [-50.658847909320855, -23.496909575408566], [-50.65885202538954, -23.496911863010368], [-50.658855878518885, -23.49691451168606], [-50.658859431601165, -23.49691749592748], [-50.65886265041826, -23.496920786994746], [-50.65886550397118, -23.496924353193112], [-50.65886796477866, -23.496928160178182], [-50.65887000914175, -23.496932171286595], [-50.65887161737207, -23.49693634788921], [-50.658872773981464, -23.496940649763086], [-50.6588734678311, -23.49694503547882], [-50.658873692238785, -23.496949462799595], [-50.6588735788484, -23.49699351767148], [-50.65887363242004, -23.49699457458165], [-50.65887477812929, -23.49699462900687], [-50.659068251975306, -23.496995052459834], [-50.659069397951754, -23.496995003050383], [-50.659069456961845, -23.496993946386606], [-50.659069916026084, -23.49681548582599], [-50.65906986405626, -23.496814437003295]]]}}, {"type": "Feature", "properties": {"id": "SA-de350a", "name": "SA-de350a", "etiqueta": "P4", "hacienda": "Hacienda Santo Antonio", "orden": 4, "estrato": "Prioritario", "nivel": "Prioritario", "SI": 0.745, "clorofila_pct_vs_mejor5": 74.5, "area_ha": 0.176, "fecha_img": "2026-07-15", "zona": 4, "tipo": "principal", "status": "pending"}, "geometry": {"type": "Point", "coordinates": [-50.658849382942286, -23.49681354983146]}}, {"type": "Feature", "properties": {"id": "SA-3b82be", "name": "SA-3b82be", "etiqueta": "P5", "hacienda": "Hacienda Santo Antonio", "orden": 5, "estrato": "Prioritario", "nivel": "Prioritario", "SI": 1.228, "clorofila_pct_vs_mejor5": 122.8, "area_ha": 0.096, "fecha_img": "2026-07-15", "zona": 5, "clase": "baja"}, "geometry": {"type": "Polygon", "coordinates": [[[-50.65549046108239, -23.479734532672833], [-50.655490156951906, -23.479733517269572], [-50.655393704808624, -23.47946446714524], [-50.65539328302853, -23.479463463270807], [-50.655392212976366, -23.479463893290923], [-50.65519833413029, -23.479552775296323], [-50.65519729071805, -23.47955331564065], [-50.6551972276589, -23.479554417861706], [-50.65519652909516, -23.479823154435753], [-50.65519658263242, -23.479824211349076], [-50.65519772819151, -23.4798242657997], [-50.65524548938151, -23.47982437142434], [-50.65525028804605, -23.47982459951246], [-50.65525503936639, -23.47982526035453], [-50.655259697584775, -23.479826347586297], [-50.65526421784006, -23.479827850737124], [-50.65526855659975, -23.479829755330872], [-50.65527267207924, -23.479832043025258], [-50.65527652464424, -23.479834691788575], [-50.65528007719246, -23.4798376761118], [-50.65528329551091, -23.479840967254283], [-50.65528614860543, -23.479844533520545], [-50.655288608999136, -23.47984834056553], [-50.655290652997074, -23.479852351725306], [-50.6552922609144, -23.479856528370245], [-50.655293417265945, -23.479860830276976], [-50.65529411091538, -23.479865216015806], [-50.655294335182425, -23.479869643349666], [-50.6552942206956, -23.479913698301516], [-50.65529427423367, -23.479914755214807], [-50.655295419793596, -23.479914809664717], [-50.655390942240054, -23.479915020840284], [-50.65539208806979, -23.479914971456047], [-50.6553921470997, -23.4799139147916], [-50.65539249622254, -23.479779532522752], [-50.65539274349424, -23.47977510623125], [-50.65539345992645, -23.47977072360965], [-50.6553946386195, -23.479766426864995], [-50.655396268221885, -23.479762257377264], [-50.65539833303961, -23.47975825530089], [-50.65540081318732, -23.47975445917805], [-50.65540368477982, -23.479750905567464], [-50.65540692016209, -23.4797476286923], [-50.655410488175626, -23.47974466011066], [-50.655414354458514, -23.479742028411586], [-50.655418481776344, -23.47973975893975], [-50.65542283038082, -23.47973787355139], [-50.65542735839253, -23.4797363904038], [-50.65543202220428, -23.479735323780513], [-50.65543677690106, -23.47973468395367], [-50.655441576692596, -23.47973447708514], [-50.65548932030031, -23.47973458259592], [-50.65549046108239, -23.479734532672833]]]}}, {"type": "Feature", "properties": {"id": "SA-3b82be", "name": "SA-3b82be", "etiqueta": "P5", "hacienda": "Hacienda Santo Antonio", "orden": 5, "estrato": "Prioritario", "nivel": "Prioritario", "SI": 1.228, "clorofila_pct_vs_mejor5": 122.8, "area_ha": 0.096, "fecha_img": "2026-07-15", "zona": 5, "tipo": "principal", "status": "pending"}, "geometry": {"type": "Point", "coordinates": [-50.65532752451871, -23.47964396756564]}}, {"type": "Feature", "properties": {"id": "SA-feb81d", "name": "SA-feb81d", "etiqueta": "V1", "hacienda": "Hacienda Santo Antonio", "orden": 6, "estrato": "Vigilancia", "nivel": "Vigilancia", "SI": 0.644, "clorofila_pct_vs_mejor5": 64.4, "area_ha": 0.08, "fecha_img": "2026-07-15", "zona": 6, "clase": "media-baja"}, "geometry": {"type": "Polygon", "coordinates": [[[-50.657215097034715, -23.494461760125194], [-50.65721515605818, -23.494460703461936], [-50.65721561750227, -23.494282266538715], [-50.657215563944646, -23.49428120962778], [-50.6572144182597, -23.494281155190617], [-50.65682507435075, -23.494280298238532], [-50.65682392839719, -23.494280347631765], [-50.656823869370704, -23.494281404294863], [-50.65682340739929, -23.494459841210766], [-50.656823460953824, -23.494460898121776], [-50.65682460664013, -23.49446095256183], [-50.65721395107968, -23.494461809521272], [-50.657215097034715, -23.494461760125194]]]}}, {"type": "Feature", "properties": {"id": "SA-feb81d", "name": "SA-feb81d", "etiqueta": "V1", "hacienda": "Hacienda Santo Antonio", "orden": 6, "estrato": "Vigilancia", "nivel": "Vigilancia", "SI": 0.644, "clorofila_pct_vs_mejor5": 64.4, "area_ha": 0.08, "fecha_img": "2026-07-15", "zona": 6, "tipo": "submuestra", "status": "pending"}, "geometry": {"type": "Point", "coordinates": [-50.657019512581975, -23.49437105387474]}}, {"type": "Feature", "properties": {"id": "SA-f09a9f", "name": "SA-f09a9f", "etiqueta": "V2", "hacienda": "Hacienda Santo Antonio", "orden": 7, "estrato": "Vigilancia", "nivel": "Vigilancia", "SI": 0.674, "clorofila_pct_vs_mejor5": 67.4, "area_ha": 0.137, "fecha_img": "2026-07-15", "zona": 7, "clase": "media-baja"}, "geometry": {"type": "Polygon", "coordinates": [[[-50.65858505474073, -23.49491639528517], [-50.65858511321801, -23.49491534880217], [-50.658585572826205, -23.494736912520295], [-50.65858551925753, -23.49473585560976], [-50.65858437356795, -23.494735801182628], [-50.658322027849195, -23.49473522616043], [-50.65831710806278, -23.494734986801973], [-50.65831223925215, -23.494734292727085], [-50.658307470698695, -23.494733150961085], [-50.658302850669074, -23.49473157306078], [-50.658298425926546, -23.494729574997443], [-50.658294241257735, -23.494727176995198], [-50.658290339019246, -23.494724403326277], [-50.65828675870897, -23.494721282065385], [-50.658283536566266, -23.494717844805447], [-50.658280705205165, -23.494714126337936], [-50.65827829328427, -23.494710164300642], [-50.658194840542926, -23.49455530853324], [-50.65819425465528, -23.494554346099243], [-50.658193059572696, -23.49455428795481], [-50.65790168238314, -23.494553648544912], [-50.6579005364275, -23.49455369794603], [-50.65790047740944, -23.494554754609595], [-50.65790001684349, -23.494733206186623], [-50.65790006754778, -23.494734220786672], [-50.65790107628125, -23.49473381329551], [-50.65802516934811, -23.49467692814004], [-50.658029513115764, -23.494675173412897], [-50.6580340205443, -23.49467381442421], [-50.6580386493628, -23.494672863918627], [-50.65804335616194, -23.494672330810058], [-50.658048096801124, -23.494672220098018], [-50.65805282682236, -23.49467253282077], [-50.658057501867276, -23.494673266045584], [-50.658062078093025, -23.49467441289625], [-50.65806651258352, -23.494675962617517], [-50.65807076375186, -23.494677900676034], [-50.65807479173035, -23.494680208896586], [-50.65807855874436, -23.494682865632537], [-50.65808202946661, -23.494685845968878], [-50.65808517134846, -23.49468912195583], [-50.65808795492513, -23.49469266287102], [-50.658090354092046, -23.494696435507528], [-50.65809234634963, -23.49470040448536], [-50.65809391301437, -23.494704532583192], [-50.65809503939391, -23.494708781087475], [-50.658095714924976, -23.494713110155484], [-50.65809593327234, -23.49471747918894], [-50.65809565863849, -23.494823949452577], [-50.658095712576326, -23.494825014577064], [-50.65809683309344, -23.49482527716582], [-50.65858393145159, -23.494916238014813], [-50.65858505474073, -23.49491639528517]]]}}, {"type": "Feature", "properties": {"id": "SA-f09a9f", "name": "SA-f09a9f", "etiqueta": "V2", "hacienda": "Hacienda Santo Antonio", "orden": 7, "estrato": "Vigilancia", "nivel": "Vigilancia", "SI": 0.674, "clorofila_pct_vs_mejor5": 67.4, "area_ha": 0.137, "fecha_img": "2026-07-15", "zona": 7, "tipo": "submuestra", "status": "pending"}, "geometry": {"type": "Point", "coordinates": [-50.658207727879876, -23.4947351064812]}}, {"type": "Feature", "properties": {"id": "SA-5f3a02", "name": "SA-5f3a02", "etiqueta": "V3", "hacienda": "Hacienda Santo Antonio", "orden": 8, "estrato": "Vigilancia", "nivel": "Vigilancia", "SI": 0.737, "clorofila_pct_vs_mejor5": 73.7, "area_ha": 0.26, "fecha_img": "2026-07-15", "zona": 8, "clase": "media-baja"}, "geometry": {"type": "Polygon", "coordinates": [[[-50.657739733675506, -23.480913873184335], [-50.65773862931387, -23.480914071987414], [-50.65738599964539, -23.48099456523841], [-50.657381361493194, -23.480995407138575], [-50.65737665694054, -23.480995832566723], [-50.657371929836486, -23.480995837557646], [-50.657367224240296, -23.480995422064815], [-50.65736258401075, -23.480994589960865], [-50.65735805239738, -23.48099334900146], [-50.65735367163735, -23.480991710753045], [-50.6573494825618, -23.480989690485004], [-50.657345524215216, -23.480987307027366], [-50.65734183349161, -23.480984582595287], [-50.65733844479054, -23.48098154258199], [-50.65733538969658, -23.48097821532209], [-50.65733269668487, -23.480974631827504], [-50.65733039085574, -23.48097082549838], [-50.65725094703172, -23.48082339123965], [-50.65725038669774, -23.480822467999577], [-50.657249335677314, -23.48082289186594], [-50.65705542783515, -23.480911789089458], [-50.657054384419524, -23.480912329446078], [-50.657054321375, -23.480913431667872], [-50.65705409370341, -23.48100148564874], [-50.65705415104749, -23.481002588135357], [-50.65705519165756, -23.481003133076428], [-50.65722959322577, -23.48108404640301], [-50.65723367630132, -23.48108617253037], [-50.657237520180885, -23.48108864914674], [-50.65724108961615, -23.48109145354159], [-50.65724435187546, -23.4810945599987], [-50.65724727704392, -23.481097940031884], [-50.65724983829779, -23.48110156264632], [-50.657252012150366, -23.481105394622713], [-50.65725377866743, -23.48110940082189], [-50.65725512165002, -23.481113544507075], [-50.65734642393124, -23.481453854746647], [-50.65734675300181, -23.481454870067534], [-50.657347753475044, -23.48145539102866], [-50.65754126045768, -23.481545167507004], [-50.6575422930478, -23.481545589703995], [-50.657542658477865, -23.48154460390749], [-50.65773947625671, -23.480914883532222], [-50.657739733675506, -23.480913873184335]]]}}, {"type": "Feature", "properties": {"id": "SA-5f3a02", "name": "SA-5f3a02", "etiqueta": "V3", "hacienda": "Hacienda Santo Antonio", "orden": 8, "estrato": "Vigilancia", "nivel": "Vigilancia", "SI": 0.737, "clorofila_pct_vs_mejor5": 73.7, "area_ha": 0.26, "fecha_img": "2026-07-15", "zona": 8, "tipo": "submuestra", "status": "pending"}, "geometry": {"type": "Point", "coordinates": [-50.657462488176336, -23.48128369962686]}}, {"type": "Feature", "properties": {"id": "SA-8f8ef4", "name": "SA-8f8ef4", "etiqueta": "V4", "hacienda": "Hacienda Santo Antonio", "orden": 9, "estrato": "Vigilancia", "nivel": "Vigilancia", "SI": 0.757, "clorofila_pct_vs_mejor5": 75.7, "area_ha": 0.05, "fecha_img": "2026-07-15", "zona": 9, "clase": "media-baja"}, "geometry": {"type": "Polygon", "coordinates": [[[-50.66086647997352, -23.48363044656692], [-50.66086602040878, -23.483629477123102], [-50.66076962334158, -23.483450595043546], [-50.66076906297208, -23.483449671816025], [-50.66076801194164, -23.483450095705855], [-50.660574075384616, -23.48353900970568], [-50.660573074458775, -23.483539526575267], [-50.66057353402105, -23.48354049601993], [-50.6606699308858, -23.483719378216374], [-50.66067049125572, -23.48372030144423], [-50.66067154228862, -23.483719877555107], [-50.6608654790481, -23.48363096343838], [-50.66086647997352, -23.48363044656692]]]}}, {"type": "Feature", "properties": {"id": "SA-8f8ef4", "name": "SA-8f8ef4", "etiqueta": "V4", "hacienda": "Hacienda Santo Antonio", "orden": 9, "estrato": "Vigilancia", "nivel": "Vigilancia", "SI": 0.757, "clorofila_pct_vs_mejor5": 75.7, "area_ha": 0.05, "fecha_img": "2026-07-15", "zona": 9, "tipo": "submuestra", "status": "pending"}, "geometry": {"type": "Point", "coordinates": [-50.66071977718191, -23.483584986571515]}}, {"type": "Feature", "properties": {"id": "SA-8d4ea3", "name": "SA-8d4ea3", "etiqueta": "V5", "hacienda": "Hacienda Santo Antonio", "orden": 10, "estrato": "Vigilancia", "nivel": "Vigilancia", "SI": 0.765, "clorofila_pct_vs_mejor5": 76.5, "area_ha": 0.373, "fecha_img": "2026-07-15", "zona": 10, "clase": "media-baja"}, "geometry": {"type": "Polygon", "coordinates": [[[-50.65691263448577, -23.497803217787013], [-50.6569126935135, -23.497802161124365], [-50.65691292160636, -23.49771405140756], [-50.65691286805015, -23.497712994496997], [-50.65691172233571, -23.497712940057287], [-50.656556461638864, -23.497712157384413], [-50.65655176437605, -23.497711938726994], [-50.65654711152208, -23.49771130548181], [-50.656542545996565, -23.49771026349016], [-50.65653810991357, -23.49770882236374], [-50.6565338441931, -23.49770699539604], [-50.65652978818371, -23.497704799439642], [-50.656525979299474, -23.497702254750862], [-50.656522452674906, -23.497699384802814], [-50.656519240840815, -23.497696216068924], [-50.65651637342431, -23.49769277777874], [-50.65651387687542, -23.497689101648294], [-50.65651177422318, -23.497685221587492], [-50.65651008486317, -23.49768117338742], [-50.65642432525635, -23.49744198704185], [-50.6564238788929, -23.49744092841339], [-50.65642273319703, -23.4974405116857], [-50.6561638028121, -23.497360274755785], [-50.65615942158662, -23.497358697357758], [-50.65615522464487, -23.49735673959949], [-50.656151250700944, -23.497354419540056], [-50.65614753641192, -23.497351758580525], [-50.65614411603973, -23.497348781266535], [-50.65614102113506, -23.497345515061898], [-50.65613828024644, -23.49734199009526], [-50.65613591865674, -23.497338238882175], [-50.65613395815009, -23.49733429602518], [-50.65613241681086, -23.497330197894566], [-50.656131308856885, -23.497325982292974], [-50.65613064450826, -23.497321688106585], [-50.65613042989314, -23.497317354946503], [-50.656130811278764, -23.497170361459094], [-50.65613075772896, -23.497169304548265], [-50.65612961201962, -23.497169250102864], [-50.65593613797891, -23.49716882299807], [-50.655934992000105, -23.497168872384446], [-50.655934932964946, -23.497169929046716], [-50.65593423523715, -23.497438692997974], [-50.65593428878546, -23.497439749908818], [-50.65593543449705, -23.497439804355686], [-50.655983202036595, -23.49743990982868], [-50.65598800133989, -23.4974401379011], [-50.65599275329431, -23.497440798726657], [-50.655997412135996, -23.497441885941267], [-50.65600193299779, -23.497443389074476], [-50.65600627234135, -23.49744529365029], [-50.65601038837646, -23.49744758132662], [-50.656014241463474, -23.497450230071927], [-50.65601779449507, -23.49745321437735], [-50.65602101325362, -23.497456505502427], [-50.65602386674071, -23.497460071751835], [-50.65602632747568, -23.497463878780675], [-50.656028371760286, -23.497467889925193], [-50.65602997990692, -23.49747206655588], [-50.656031136428226, -23.497476368449522], [-50.65603183018621, -23.497480754176554], [-50.656032054499576, -23.497485181500007], [-50.6560317057302, -23.497619563472735], [-50.65603175927935, -23.49762062038353], [-50.656034105543036, -23.497620731881803], [-50.65603888693797, -23.497621176865383], [-50.65604359801746, -23.497622051938123], [-50.65604819341127, -23.49762334867263], [-50.65605262886329, -23.497625054580638], [-50.656056861657724, -23.497627153233346], [-50.65606085103047, -23.497629624419588], [-50.656064558561695, -23.497632444340514], [-50.656067948545875, -23.497635585838776], [-50.6560709883356, -23.497639018660042], [-50.65607364865601, -23.497642709744376], [-50.65607590388677, -23.49764662354466], [-50.65607773230874, -23.497650722368853], [-50.65607911631316, -23.497654966743067], [-50.656080042571304, -23.49765931579167], [-50.65608050216274, -23.497663727630933], [-50.65608049066131, -23.49766815977247], [-50.656080008177724, -23.497672569532305], [-50.65607905935853, -23.497676914442057], [-50.65607765334132, -23.497681152657837], [-50.65607580366677, -23.497685243363318], [-50.656073528148234, -23.49768914716275], [-50.65607084870016, -23.497692826460383], [-50.6560677911271, -23.497696245822567], [-50.65606438487513, -23.497699372318944], [-50.656060662748324, -23.497702175839613], [-50.6560566605928, -23.497704629385126], [-50.65605241695154, -23.497706709326486], [-50.65604797269314, -23.497708395632696], [-50.656043370618285, -23.497709672063685], [-50.656038655047496, -23.49771052632673], [-50.65603387139434, -23.497710950194794], [-50.656031524577195, -23.49771105133266], [-50.6560314655425, -23.497712107994904], [-50.65603076799242, -23.497980871930203], [-50.65603082154167, -23.497981928840943], [-50.65603196725798, -23.497981983287158], [-50.65622541216752, -23.49798241021995], [-50.656226607567966, -23.49798235733446], [-50.65622719844234, -23.497981397489852], [-50.65630824574452, -23.49783279179747], [-50.65631067029012, -23.497828851861673], [-50.65631351061068, -23.497825155761422], [-50.65631673812806, -23.497821740685314], [-50.6563203203683, -23.49781864099441], [-50.656324221288386, -23.497815887876506], [-50.656328401638895, -23.497813509032316], [-50.65633281935888, -23.497811528396756], [-50.656337429999105, -23.497809965898146], [-50.65634218716925, -23.49780883725769], [-50.656347043004686, -23.497808153831283], [-50.65635194864805, -23.497807922495294], [-50.656356854740835, -23.497808145577302], [-50.65636171192003, -23.49780882083277], [-50.656813338176796, -23.49789316109811], [-50.65681446148884, -23.497893318381447], [-50.65681451998172, -23.497892271899676], [-50.656814634059714, -23.497848217698913], [-50.656814881326, -23.497843791415228], [-50.65681559781718, -23.497839408797823], [-50.65681677663301, -23.497835112053696], [-50.656818406420825, -23.49783094256283], [-50.65682047148482, -23.497826940479676], [-50.656822951937286, -23.49782314434647], [-50.65682582389009, -23.49781959072205], [-50.656829059684725, -23.497816313829716], [-50.65683262815874, -23.497813345227726], [-50.65683649494577, -23.49781071350531], [-50.656840622806556, -23.497808444007386], [-50.65684497198757, -23.497806558590423], [-50.65684950060385, -23.497805075412014], [-50.65685416504238, -23.497804008755963], [-50.65685892038212, -23.497803368894743], [-50.65686372082658, -23.497803161990557], [-50.65691148850175, -23.4978032671805], [-50.65691263448577, -23.497803217787013]]]}}, {"type": "Feature", "properties": {"id": "SA-8d4ea3", "name": "SA-8d4ea3", "etiqueta": "V5", "hacienda": "Hacienda Santo Antonio", "orden": 10, "estrato": "Vigilancia", "nivel": "Vigilancia", "SI": 0.765, "clorofila_pct_vs_mejor5": 76.5, "area_ha": 0.373, "fecha_img": "2026-07-15", "zona": 10, "tipo": "submuestra", "status": "pending"}, "geometry": {"type": "Point", "coordinates": [-50.65624789188449, -23.49755237248637]}}, {"type": "Feature", "properties": {"id": "SA-d8807e", "name": "SA-d8807e", "etiqueta": "V6", "hacienda": "Hacienda Santo Antonio", "orden": 11, "estrato": "Vigilancia", "nivel": "Vigilancia", "SI": 0.776, "clorofila_pct_vs_mejor5": 77.6, "area_ha": 0.236, "fecha_img": "2026-07-15", "zona": 11, "clase": "media-baja"}, "geometry": {"type": "Polygon", "coordinates": [[[-50.66145246041944, -23.484263986399473], [-50.6614525194035, -23.48426292973278], [-50.66145435843123, -23.48354252853184], [-50.66145430484298, -23.48354147162056], [-50.661453159248595, -23.48354141721554], [-50.6612597049865, -23.483540996950282], [-50.661258559127006, -23.48354104637728], [-50.6612585001418, -23.483542103043984], [-50.66125695923891, -23.48414537293746], [-50.661256699840244, -23.484149910445055], [-50.66125594745283, -23.48415440094765], [-50.66125470969216, -23.484158798993047], [-50.66125299908662, -23.48416306006487], [-50.661250832950664, -23.484167141033186], [-50.66124823320957, -23.484171000591022], [-50.661245226177506, -23.484174599672496], [-50.66124184229117, -23.484177901848216], [-50.66123811580177, -23.484180873694044], [-50.661234084428266, -23.48418348512937], [-50.661229788975646, -23.48418570972162], [-50.66106184228343, -23.48426270835438], [-50.66106086309316, -23.484263212273575], [-50.66106116408149, -23.484264208559505], [-50.6611576478483, -23.484533301822207], [-50.661158069687836, -23.484534305681095], [-50.66115913976298, -23.48453387562193], [-50.66135302204335, -23.48444498629802], [-50.66135406546983, -23.48444444591299], [-50.66135412848073, -23.484443343689556], [-50.6613544715663, -23.484308989378547], [-50.66135471864966, -23.48430456307793], [-50.66135543491176, -23.484300180429457], [-50.66135661345454, -23.484295883640428], [-50.66135824292795, -23.484291714091256], [-50.66136030763926, -23.484287711936965], [-50.66136278770409, -23.48428391572046], [-50.66136565923809, -23.48428036200139], [-50.661368894586786, -23.484277085003967], [-50.661372462591984, -23.484274116287455], [-50.66137632889187, -23.48427148444219], [-50.66138045625186, -23.48426921481428], [-50.66138480492326, -23.48426732926144], [-50.66138933302601, -23.484265845942563], [-50.66139399695203, -23.484264779142816], [-50.66139875178523, -23.484264139136062], [-50.66140355173399, -23.484263932085888], [-50.66145131455375, -23.48426403582781], [-50.66145246041944, -23.484263986399473]]]}}, {"type": "Feature", "properties": {"id": "SA-d8807e", "name": "SA-d8807e", "etiqueta": "V6", "hacienda": "Hacienda Santo Antonio", "orden": 11, "estrato": "Vigilancia", "nivel": "Vigilancia", "SI": 0.776, "clorofila_pct_vs_mejor5": 77.6, "area_ha": 0.236, "fecha_img": "2026-07-15", "zona": 11, "tipo": "submuestra", "status": "pending"}, "geometry": {"type": "Point", "coordinates": [-50.6613556590564, -23.48384395073465]}}, {"type": "Feature", "properties": {"id": "SA-a26b02", "name": "SA-a26b02", "etiqueta": "V7", "hacienda": "Hacienda Santo Antonio", "orden": 12, "estrato": "Vigilancia", "nivel": "Vigilancia", "SI": 0.781, "clorofila_pct_vs_mejor5": 78.1, "area_ha": 0.452, "fecha_img": "2026-07-15", "zona": 12, "clase": "media-baja"}, "geometry": {"type": "Polygon", "coordinates": [[[-50.65803843166201, -23.479017535562402], [-50.65803848902561, -23.479016486976935], [-50.65803871628836, -23.478928329715806], [-50.65803866433177, -23.478927280890545], [-50.658037604015504, -23.478926899101452], [-50.6577786278939, -23.478846640060034], [-50.657774247257265, -23.478845062710597], [-50.657770050873296, -23.478843104997768], [-50.65776607745094, -23.47884078498018], [-50.65776236364245, -23.47883812405852], [-50.65775894370533, -23.478835146778074], [-50.65775584918629, -23.478831880602364], [-50.657753108630246, -23.478828355659743], [-50.65775074731704, -23.478824604465576], [-50.65774878702824, -23.478820661622176], [-50.6577472458462, -23.478816563499763], [-50.6577461379873, -23.478812347900867], [-50.65774547367079, -23.47880805371166], [-50.6577452590245, -23.478803720543265], [-50.65774540526818, -23.47874703938652], [-50.657745354569506, -23.47874602478442], [-50.657744345957866, -23.47874643227684], [-50.657550400126276, -23.478835349144468], [-50.65754939922468, -23.478835865995222], [-50.657549858748894, -23.478836835448934], [-50.65762499055308, -23.478976268669832], [-50.65762691547145, -23.478980329640937], [-50.65762839959237, -23.478984545092384], [-50.65762942862292, -23.478988874427102], [-50.657629992652915, -23.478993275951247], [-50.65763008625041, -23.478997707275727], [-50.65762970851394, -23.479002125724467], [-50.65762886308129, -23.479006488745394], [-50.65762755809439, -23.4790107543202], [-50.657625806120926, -23.479014881369096], [-50.657623624033334, -23.4790188301463], [-50.65762103284628, -23.479022562622912], [-50.65761805751429, -23.479026042853132], [-50.65761472669144, -23.47902923732043], [-50.65761107245537, -23.479032115260296], [-50.65760712999837, -23.479034648956567], [-50.65760293728847, -23.47903681400838], [-50.65745175724102, -23.479106124073912], [-50.657450762372456, -23.479106636847053], [-50.657450982422624, -23.47910766828309], [-50.657539402399436, -23.479437238232485], [-50.657540299798775, -23.479441420978016], [-50.657540765567795, -23.479445663144272], [-50.65754079555503, -23.479449926920605], [-50.65754038949315, -23.479454174303797], [-50.65753955100138, -23.479458367436706], [-50.65753828755318, -23.47946246894573], [-50.65753661040969, -23.47946644227393], [-50.65753453451936, -23.47947025200684], [-50.65753207838465, -23.47947386418809], [-50.65752926389718, -23.47947724662215], [-50.65752611614261, -23.47948036916119], [-50.65752266317703, -23.479483203973867], [-50.65751893577688, -23.479485725793342], [-50.65725444803237, -23.47964753031769], [-50.65725352435287, -23.479648157689113], [-50.65725411069104, -23.479649067083226], [-50.657447933928474, -23.479918630632], [-50.65744862998748, -23.47991950246499], [-50.65744980225319, -23.47991955822471], [-50.65764321955928, -23.47991998308709], [-50.65764441479637, -23.47991993018869], [-50.65764500557826, -23.47991897033542], [-50.65772924692164, -23.479764482281862], [-50.6577316789797, -23.479760530865796], [-50.65773452916925, -23.47975682485767], [-50.65773776864107, -23.479753401769106], [-50.65774136460571, -23.479750296248092], [-50.65774528066538, -23.479747539728198], [-50.65774947718231, -23.479745160110497], [-50.657753911680004, -23.479743181481098], [-50.65775853927318, -23.479741623867376], [-50.65776331312208, -23.47974050303525], [-50.65776818490655, -23.4797398303296], [-50.657773105315194, -23.479739612559435], [-50.65783956874697, -23.479739758442047], [-50.65784071457453, -23.47973970903979], [-50.657840773584844, -23.47973865237417], [-50.6578419328522, -23.47928923306904], [-50.657841879294004, -23.479288176156302], [-50.65784073373819, -23.47928812172515], [-50.657792972728245, -23.479288016897815], [-50.65778817407765, -23.47928778888812], [-50.65778342276284, -23.47928712812329], [-50.657778764541604, -23.479286040966834], [-50.657774244275195, -23.479284537888685], [-50.65776990549629, -23.47928263336434], [-50.65776578998974, -23.4792803457354], [-50.65776193739013, -23.47927769703302], [-50.65775838480011, -23.479274712765655], [-50.65775516643309, -23.47927142167346], [-50.65775231328369, -23.479267855451493], [-50.65774985282927, -23.47926404844441], [-50.657747808765336, -23.479260037315807], [-50.65774620077731, -23.47925586069505], [-50.65774504435097, -23.47925155880531], [-50.65774435062328, -23.47924717307613], [-50.657744126275176, -23.47924274574449], [-50.65774439187505, -23.479139806858978], [-50.65774462887969, -23.479135474682266], [-50.65774531534938, -23.47913118345857], [-50.657746444951826, -23.47912697277165], [-50.657748007267145, -23.47912288146236], [-50.65774998788396, -23.479118947270354], [-50.65775236853232, -23.479115206486004], [-50.65775512725228, -23.479111693615582], [-50.65775823859642, -23.47910844106304], [-50.6577616738646, -23.47910547883105], [-50.657765401368685, -23.479102834244262], [-50.6577693867249, -23.479100531697252], [-50.65777359317092, -23.479098592429512], [-50.65777798190504, -23.479097034329502], [-50.658037369388566, -23.479017912695824], [-50.65803843166201, -23.479017535562402]]]}}, {"type": "Feature", "properties": {"id": "SA-a26b02", "name": "SA-a26b02", "etiqueta": "V7", "hacienda": "Hacienda Santo Antonio", "orden": 12, "estrato": "Vigilancia", "nivel": "Vigilancia", "SI": 0.781, "clorofila_pct_vs_mejor5": 78.1, "area_ha": 0.452, "fecha_img": "2026-07-15", "zona": 12, "tipo": "submuestra", "status": "pending"}, "geometry": {"type": "Point", "coordinates": [-50.65768064514419, -23.479363235650762]}}, {"type": "Feature", "properties": {"id": "SA-6b865d", "name": "SA-6b865d", "etiqueta": "V8", "hacienda": "Hacienda Santo Antonio", "orden": 13, "estrato": "Vigilancia", "nivel": "Vigilancia", "SI": 0.827, "clorofila_pct_vs_mejor5": 82.7, "area_ha": 0.08, "fecha_img": "2026-07-15", "zona": 13, "clase": "media-baja"}, "geometry": {"type": "Polygon", "coordinates": [[[-50.6571078145245, -23.498074775401157], [-50.65710686745733, -23.49807529489037], [-50.656814565513656, -23.498254087837772], [-50.65681365190004, -23.498254707144255], [-50.656814107025276, -23.498255664914726], [-50.65691050523443, -23.498434541781602], [-50.656911091129466, -23.49843550422004], [-50.656912286246325, -23.49843556237468], [-50.65710573183582, -23.49843598822226], [-50.657106877825264, -23.4984359388274], [-50.6571069368518, -23.498434882164755], [-50.657107865940254, -23.498075790556666], [-50.6571078145245, -23.498074775401157]]]}}, {"type": "Feature", "properties": {"id": "SA-6b865d", "name": "SA-6b865d", "etiqueta": "V8", "hacienda": "Hacienda Santo Antonio", "orden": 13, "estrato": "Vigilancia", "nivel": "Vigilancia", "SI": 0.827, "clorofila_pct_vs_mejor5": 82.7, "area_ha": 0.08, "fecha_img": "2026-07-15", "zona": 13, "tipo": "submuestra", "status": "pending"}, "geometry": {"type": "Point", "coordinates": [-50.65696064062382, -23.49825518602949]}}, {"type": "Feature", "properties": {"id": "SA-197ff5", "name": "SA-197ff5", "etiqueta": "V9", "hacienda": "Hacienda Santo Antonio", "orden": 14, "estrato": "Vigilancia", "nivel": "Vigilancia", "SI": 0.832, "clorofila_pct_vs_mejor5": 83.2, "area_ha": 0.051, "fecha_img": "2026-07-15", "zona": 14, "clase": "media-baja"}, "geometry": {"type": "Polygon", "coordinates": [[[-50.66045651014772, -23.490765420258118], [-50.660456569143314, -23.49076436359281], [-50.66045679480438, -23.490676253763834], [-50.66045674122198, -23.490675196853246], [-50.66045559556651, -23.49067514244024], [-50.660407830442296, -23.490675038366508], [-50.66040303137431, -23.490674810432793], [-50.660398279638144, -23.490674149743732], [-50.66039362099566, -23.490673062662097], [-50.66038910031218, -23.490671559657113], [-50.660384761124384, -23.49066965520355], [-50.660380645221046, -23.490667367642352], [-50.660376792240605, -23.490664719004], [-50.66037323928937, -23.49066173479634], [-50.66037002058422, -23.490658443758964], [-50.66036716712301, -23.490654877586383], [-50.66036470638615, -23.49065107062279], [-50.66036266207184, -23.490647059531362], [-50.66036105386792, -23.490642882941106], [-50.66035989726224, -23.490638581074894], [-50.66035920339349, -23.490634195362045], [-50.66035897894397, -23.49062976803938], [-50.660359323210926, -23.49049538588532], [-50.66035926962936, -23.490494328974677], [-50.660358123975506, -23.490494274560962], [-50.66016465959142, -23.49049385281936], [-50.66016351367151, -23.49049390223757], [-50.660163454673736, -23.490494958902776], [-50.66016322881966, -23.49058306873111], [-50.6601632823997, -23.49058412564179], [-50.66016442805423, -23.490584180056942], [-50.6602121931445, -23.490584284204886], [-50.66021699220881, -23.490584512144434], [-50.66022174394079, -23.490585172838987], [-50.66022640257871, -23.490586259925717], [-50.66023092325739, -23.490587762935384], [-50.66023526244025, -23.490589667393195], [-50.66023937833864, -23.490591954958195], [-50.66024323131419, -23.490594603599913], [-50.66024678426067, -23.490597587810505], [-50.660250002961284, -23.4906008788504], [-50.66025285641816, -23.4906044450251], [-50.66025531715094, -23.490608251990434], [-50.6602573614614, -23.490612263083253], [-50.660258969661676, -23.490616439674547], [-50.66026012626389, -23.490620741541484], [-50.660260820129295, -23.49062512725475], [-50.66026104457553, -23.490629554577513], [-50.660260700206756, -23.49076393672789], [-50.66026075378762, -23.49076499363852], [-50.66026189944376, -23.49076504805297], [-50.66045536422554, -23.49076546967844], [-50.66045651014772, -23.490765420258118]]]}}, {"type": "Feature", "properties": {"id": "SA-197ff5", "name": "SA-197ff5", "etiqueta": "V9", "hacienda": "Hacienda Santo Antonio", "orden": 14, "estrato": "Vigilancia", "nivel": "Vigilancia", "SI": 0.832, "clorofila_pct_vs_mejor5": 83.2, "area_ha": 0.051, "fecha_img": "2026-07-15", "zona": 14, "tipo": "submuestra", "status": "pending"}, "geometry": {"type": "Point", "coordinates": [-50.660310011759705, -23.490629661308446]}}, {"type": "Feature", "properties": {"id": "SA-2ec06b", "name": "SA-2ec06b", "etiqueta": "V10", "hacienda": "Hacienda Santo Antonio", "orden": 15, "estrato": "Vigilancia", "nivel": "Vigilancia", "SI": 0.849, "clorofila_pct_vs_mejor5": 84.9, "area_ha": 0.11, "fecha_img": "2026-07-15", "zona": 15, "clase": "media-baja"}, "geometry": {"type": "Polygon", "coordinates": [[[-50.65732165926696, -23.491119899206232], [-50.657321344159165, -23.49111884577046], [-50.657224867561354, -23.49084976143923], [-50.657224466873544, -23.49084880210762], [-50.65722350928276, -23.490849328261703], [-50.65693124887529, -23.491028106297694], [-50.65693029556053, -23.49102875521231], [-50.656930610665, -23.491029808648843], [-50.657027086789036, -23.49129889315059], [-50.65702748747672, -23.491299852482637], [-50.657028445071546, -23.491299326329838], [-50.65732070595342, -23.49112054812324], [-50.65732165926696, -23.491119899206232]]]}}, {"type": "Feature", "properties": {"id": "SA-2ec06b", "name": "SA-2ec06b", "etiqueta": "V10", "hacienda": "Hacienda Santo Antonio", "orden": 15, "estrato": "Vigilancia", "nivel": "Vigilancia", "SI": 0.849, "clorofila_pct_vs_mejor5": 84.9, "area_ha": 0.11, "fecha_img": "2026-07-15", "zona": 15, "tipo": "submuestra", "status": "pending"}, "geometry": {"type": "Point", "coordinates": [-50.65712597736783, -23.491074327209652]}}, {"type": "Feature", "properties": {"id": "SA-949a29", "name": "SA-949a29", "etiqueta": "V11", "hacienda": "Hacienda Santo Antonio", "orden": 16, "estrato": "Vigilancia", "nivel": "Vigilancia", "SI": 0.862, "clorofila_pct_vs_mejor5": 86.2, "area_ha": 7.955, "fecha_img": "2026-07-15", "zona": 16, "clase": "media-baja"}, "geometry": {"type": "Polygon", "coordinates": [[[-50.66093047136127, -23.49690873639363], [-50.66093053035649, -23.49690767972897], [-50.66093098685241, -23.496729242792583], [-50.660930933264424, -23.496728185882898], [-50.660929787556434, -23.496728131472803], [-50.66088202024872, -23.49672802751923], [-50.66087722096071, -23.496727799597746], [-50.660872469005405, -23.496727138921116], [-50.660867810146776, -23.496726051851994], [-50.66086328925223, -23.49672454885947], [-50.66085894986047, -23.496722644418217], [-50.66085483376225, -23.496720356869037], [-50.66085098059788, -23.49671770824231], [-50.66084742747543, -23.496714724045784], [-50.660844208613426, -23.49671143301891], [-50.66084135501127, -23.49670786685612], [-50.660838894150686, -23.496704059901507], [-50.66083684973108, -23.496700048818152], [-50.66083524144132, -23.49669587223501], [-50.66083408477005, -23.496691570374853], [-50.66083339085663, -23.496687184666968], [-50.66083316638377, -23.496682757348115], [-50.660833510269356, -23.496548375291784], [-50.660833456682205, -23.496547318382053], [-50.660832310975835, -23.496547263971266], [-50.66056590448651, -23.496546683854138], [-50.66056110010932, -23.496546455448595], [-50.66055634321582, -23.496545793370643], [-50.66055167971514, -23.49654470401005], [-50.66054715461505, -23.496543197880314], [-50.66054281158761, -23.496541289517193], [-50.66053869254769, -23.49653899733845], [-50.66053483724842, -23.49653634346607], [-50.66053128289755, -23.496533353512735], [-50.66052806379835, -23.496530056334723], [-50.66052521101855, -23.496526483753314], [-50.660345178995826, -23.496276143323634], [-50.6603444828332, -23.49627527150418], [-50.66034331042145, -23.496275215764655], [-50.66014981322717, -23.496274793853896], [-50.660148676026274, -23.496274841792594], [-50.6601482620806, -23.496275819838715], [-50.660050391612316, -23.49654449282526], [-50.660050082204634, -23.49654550687957], [-50.660051222861156, -23.49654556181205], [-50.66011264679026, -23.496545695809864], [-50.66011734401912, -23.496545914359555], [-50.66012199685077, -23.496546547497932], [-50.6601265623659, -23.496547589384722], [-50.660130998450626, -23.496549030409188], [-50.66013526418498, -23.496550857278827], [-50.66013932022034, -23.496553053141966], [-50.66014312914244, -23.49655559774322], [-50.66014665581644, -23.496558467610296], [-50.66014986771108, -23.496561636270563], [-50.6601527351987, -23.496565074495187], [-50.660155231828575, -23.496568750568798], [-50.66015733457089, -23.49657263058202], [-50.66015902402918, -23.49657667874425], [-50.660223853407935, -23.496757475469884], [-50.66022515195634, -23.496761809850693], [-50.66022597672221, -23.496766241842735], [-50.660226319529194, -23.496770727509446], [-50.66022617697882, -23.496775222382183], [-50.66022555048421, -23.496779681901025], [-50.66022444625607, -23.49678406185654], [-50.660222875241146, -23.496788318828013], [-50.66022085301363, -23.49679241061396], [-50.66021839962083, -23.49679629665043], [-50.66021553938446, -23.496799938413208], [-50.66021230065944, -23.496803299799648], [-50.66020871555287, -23.49680634748661], [-50.6602048196057, -23.496809051260847], [-50.66020065144041, -23.496811384318473], [-50.66019625237815, -23.496813323530702], [-50.66019166602902, -23.49681484967313], [-50.660186937859855, -23.496815947616337], [-50.660182114743385, -23.49681660647585], [-50.660177244493624, -23.49681681972007], [-50.6601484491976, -23.49681675691682], [-50.66014730322299, -23.496816806334238], [-50.660147244221584, -23.496817862998547], [-50.66014720282935, -23.49683400524821], [-50.66014696200806, -23.49683837327678], [-50.660146264206304, -23.496842699340032], [-50.66014511596808, -23.496846942867865], [-50.660143528061596, -23.496851064064202], [-50.66014151537831, -23.49685502428019], [-50.66013909679325, -23.496858786376652], [-50.66013629498804, -23.496862315072395], [-50.6601331362382, -23.496865577275056], [-50.66012965016666, -23.496868542391482], [-50.66012586946602, -23.496871182614594], [-50.660121829591965, -23.496873473184213], [-50.660117568430685, -23.496875392619177], [-50.660113125943674, -23.496876922918915], [-50.66010854379287, -23.49687804973216], [-50.66010386495003, -23.49687876249158], [-50.66009913329368, -23.496879054512846], [-50.660094393197625, -23.49687892305738], [-50.66008968911484, -23.496878369357987], [-50.66008506516056, -23.49687739860728], [-50.66008056469857, -23.496876019909053], [-50.660076229934496, -23.496874246192814], [-50.65997840682228, -23.496828868918524], [-50.65997412239873, -23.496826625645344], [-50.65997010405724, -23.496823996684302], [-50.65996639247086, -23.496821008645387], [-50.65996302520772, -23.496817691773096], [-50.65996003635077, -23.496814079640345], [-50.659957456152725, -23.4968102088086], [-50.659955310729956, -23.496806118457886], [-50.65995362179808, -23.49680184999012], [-50.65995240645216, -23.49679744661011], [-50.659951676993714, -23.496792952888207], [-50.65995144080616, -23.49678841430922], [-50.65995159802306, -23.496727137534986], [-50.659951542003554, -23.49672606215075], [-50.65995037929033, -23.49672615801273], [-50.65934426114526, -23.496804666219195], [-50.65933953856905, -23.496805064054833], [-50.659334796413, -23.49680503872736], [-50.65933007914938, -23.496804590474305], [-50.65932543101704, -23.496803723499415], [-50.659320895606506, -23.49680244593324], [-50.65931651545118, -23.4968007697569], [-50.659312331628456, -23.49679871068969], [-50.65930838337454, -23.49679628804168], [-50.659304707716394, -23.496793524532652], [-50.6593013391246, -23.496790446078993], [-50.65929830919003, -23.496787081550632], [-50.65929564632758, -23.49678346250037], [-50.659293375509726, -23.496779622867916], [-50.65929151803233, -23.49677559866158], [-50.659290091314894, -23.49677142762065], [-50.65928910873723, -23.496767148861437], [-50.65928857951396, -23.496762802510407], [-50.65928850860814, -23.496758429327922], [-50.65928889668469, -23.49675407032597], [-50.65928974010414, -23.49674976638354], [-50.65929103095684, -23.496745557863278], [-50.65935319138133, -23.496574919113602], [-50.65935490160479, -23.496570878375255], [-50.65935702424429, -23.49656700758893], [-50.65935953971982, -23.496563342460092], [-50.65936242482773, -23.496559916797167], [-50.65936565295476, -23.496556762199656], [-50.65936919432353, -23.496553907766668], [-50.65937301626721, -23.496551379828464], [-50.659377083530856, -23.49654920170363], [-50.65938135859663, -23.496547393483933], [-50.65938580202984, -23.49654597184902], [-50.65939037284273, -23.496544949912522], [-50.659395028872545, -23.49654433710116], [-50.65939972717048, -23.496544139067694], [-50.65965704610967, -23.496544701329455], [-50.659658192082055, -23.496544651915624], [-50.65965825108721, -23.496543595251502], [-50.659658364214344, -23.49649954037346], [-50.659658611382575, -23.496495114083363], [-50.659659327772, -23.496490731450944], [-50.659660506483334, -23.49648643468334], [-50.659662136164926, -23.496482265160772], [-50.659664201122, -23.49647826303799], [-50.65966668146786, -23.496474466857617], [-50.6596695533154, -23.496470913178932], [-50.65967278900716, -23.496467636225777], [-50.659676357381635, -23.496464667556975], [-50.65968022407345, -23.496462035762416], [-50.65968435184425, -23.496459766187705], [-50.65968870094137, -23.49645788069006], [-50.65969322948067, -23.496456397427828], [-50.659697893849874, -23.496455330685638], [-50.65970264912858, -23.496454690736797], [-50.65970744952093, -23.496454483744337], [-50.65975521672423, -23.496454588056842], [-50.65975636269581, -23.496454538642276], [-50.65975642170013, -23.496453481978097], [-50.659756879867565, -23.49627500581126], [-50.65975682952756, -23.4962739743898], [-50.65975575832148, -23.496273674510274], [-50.65936655826654, -23.496183032184383], [-50.659365419026265, -23.496182822573264], [-50.65936535770772, -23.496183892488027], [-50.65936524456335, -23.496227916843928], [-50.65936499738594, -23.496232343133602], [-50.65936428098833, -23.496236725764717], [-50.659363102269744, -23.49624102253013], [-50.659361472581864, -23.496245192049628], [-50.65935940761943, -23.49624919416845], [-50.65935692726914, -23.496252990343987], [-50.659354055418085, -23.496256544016966], [-50.65935081972376, -23.496259820963566], [-50.659347251347675, -23.49626278962497], [-50.65934338465524, -23.496265421411316], [-50.65933925688482, -23.496267690977064], [-50.65933490778913, -23.496269576465014], [-50.659330379252374, -23.496271059716893], [-50.659325714886876, -23.496272126448144], [-50.65932095961306, -23.49627276638555], [-50.65931615922686, -23.49627297336618], [-50.659120282173895, -23.49627254497355], [-50.65911548290613, -23.49627231699802], [-50.65911073097664, -23.496271656267904], [-50.65910607214915, -23.4962705691464], [-50.65910155129074, -23.49626906610309], [-50.659097211939795, -23.496267161613115], [-50.659093095886654, -23.49626487401779], [-50.6590892427712, -23.49626222534791], [-50.659085689701044, -23.49625924111163], [-50.65908247089419, -23.496255950048806], [-50.65907961734951, -23.496252383854213], [-50.65907715654819, -23.49624857687224], [-50.659075112189065, -23.49624456576624], [-50.65907350396039, -23.496240389165372], [-50.65907234735027, -23.496236087292598], [-50.65907165349742, -23.496231701577315], [-50.65907142908401, -23.496227274256363], [-50.65907154240448, -23.496183219379226], [-50.65907148883151, -23.496182162469005], [-50.65907034312919, -23.496182108045303], [-50.65897481020736, -23.496181898990827], [-50.658973637523474, -23.496181949608157], [-50.65897293689189, -23.496182818376607], [-50.658791621377645, -23.496432369510146], [-50.65878875028462, -23.496435929588742], [-50.658785514291004, -23.49643921266684], [-50.65878194462759, -23.49644218705919], [-50.65877807574541, -23.496444824059743], [-50.65877394498333, -23.49644709821862], [-50.65876959220759, -23.49644898758775], [-50.658765059427154, -23.49645047393269], [-50.65876039038821, -23.496451542908623], [-50.65875563015197, -23.496452184198784], [-50.65875082465984, -23.496452391614035], [-50.65863012426765, -23.49645212722606], [-50.65862532499444, -23.49645189923537], [-50.65862057306118, -23.496451238490273], [-50.6586159142316, -23.49645015135411], [-50.65861139337286, -23.49644864829661], [-50.65860705402329, -23.49644674379305], [-50.658602937973264, -23.496444456184854], [-50.658599084862594, -23.49644180750296], [-50.658595531798866, -23.49643882325565], [-50.65859231300002, -23.496435532182872], [-50.658589459464864, -23.496431965979482], [-50.65858699867446, -23.496428158989982], [-50.65858495432755, -23.49642414787779], [-50.658583346112295, -23.49641997127211], [-50.65858218951664, -23.496415669395972], [-50.65858149567919, -23.496411283678775], [-50.65858127128194, -23.496406856357417], [-50.65858208280241, -23.496091820013277], [-50.658582029233365, -23.496090763102913], [-50.65858088353208, -23.496090708675627], [-50.65853311646577, -23.496090604004646], [-50.65852831720586, -23.496090376011104], [-50.658523565286046, -23.49608971526318], [-50.65851890646998, -23.496088628124223], [-50.65851438562465, -23.496087125063994], [-50.658510046288285, -23.4960852205578], [-50.658505930251096, -23.49608293294709], [-50.65850207715282, -23.496080284262824], [-50.658498524100885, -23.496077300013297], [-50.65849530531314, -23.496074008938493], [-50.658492451788256, -23.496070442733288], [-50.65848999100723, -23.496066635742185], [-50.65848794666871, -23.496062624628625], [-50.65848633846075, -23.49605844802185], [-50.65848518187125, -23.496054146144857], [-50.65848448803874, -23.49604976042709], [-50.65848426364517, -23.49604533310542], [-50.658484377197574, -23.496001263582734], [-50.65848432648846, -23.496000248982973], [-50.65848331774719, -23.4960006564777], [-50.65813601223553, -23.496159863056505], [-50.65813160908605, -23.49616163861779], [-50.658127038438565, -23.496163007585533], [-50.65812234431096, -23.496163956775835], [-50.65811757191028, -23.496164477047447], [-50.65811276719741, -23.49616456338988], [-50.6581079764444, -23.49616421497159], [-50.65810324578886, -23.496163435148063], [-50.658098620789644, -23.49616223142941], [-50.658094145988066, -23.496160615408133], [-50.65808986447894, -23.496158602647405], [-50.65808581749557, -23.496156212531215], [-50.65808204401262, -23.496153468077733], [-50.658078580370834, -23.496150395717553], [-50.65807545992695, -23.496147025039207], [-50.65807271273255, -23.496143388504198], [-50.658070365244605, -23.496139521134356], [-50.65799523698613, -23.496000113356438], [-50.6579946510937, -23.49599915092181], [-50.6579934559982, -23.495999092775705], [-50.65784778097701, -23.495998772967035], [-50.65784298172188, -23.495998544952442], [-50.657838229809066, -23.495997884183684], [-50.65783357100212, -23.495996797024333], [-50.65782905016795, -23.495995293944322], [-50.65782471084468, -23.49599338941917], [-50.657820594822404, -23.4959911017905], [-50.657816741740696, -23.495988453089446], [-50.65781318870684, -23.495985468824472], [-50.6578099699385, -23.49598217773569], [-50.65780711643418, -23.495978611518126], [-50.65780465567465, -23.49597480451641], [-50.65780261135837, -23.495970793394083], [-50.657801003173184, -23.495966616780443], [-50.65779984660675, -23.495962314898577], [-50.65779915279741, -23.49595792917798], [-50.657798928426864, -23.495953501855546], [-50.65779904216882, -23.495909446982726], [-50.65779898860607, -23.49590839007215], [-50.65779784290676, -23.49590833563912], [-50.657604400992476, -23.495907910693823], [-50.657603205611146, -23.49590796359012], [-50.65760261475613, -23.49590892344043], [-50.657518362749485, -23.496063410984487], [-50.657515930379375, -23.496067362385403], [-50.65751307982687, -23.49607106837762], [-50.657509839944815, -23.496074491449633], [-50.657506243526804, -23.49607759695357], [-50.65750232697525, -23.496080353456], [-50.657498129932904, -23.496082733055967], [-50.65749369488163, -23.496084711667507], [-50.65748906671237, -23.496086269263397], [-50.657484292270816, -23.49608739007786], [-50.65747941988319, -23.49608806276619], [-50.657474498867096, -23.49608828051952], [-50.65711421213331, -23.49608748811117], [-50.657113066164186, -23.49608753750633], [-50.657113007139, -23.496088594169315], [-50.65711219212683, -23.496403630465107], [-50.657111944873826, -23.496408056750226], [-50.65711122840082, -23.49641243937001], [-50.65711004960779, -23.496416736117403], [-50.65710841984711, -23.49642090561239], [-50.657106354814246, -23.49642490770044], [-50.65710387439656, -23.49642870383923], [-50.657101002481795, -23.496432257469856], [-50.657097766728064, -23.496435534368892], [-50.657094198297436, -23.49643850297798], [-50.65709033155585, -23.496441134707784], [-50.657086203742146, -23.496443404213274], [-50.65708185460948, -23.496445289637858], [-50.657077326042376, -23.49644677282385], [-50.657072661653466, -23.49644783948735], [-50.657067906363395, -23.496448479355788], [-50.65706310596826, -23.496448686266877], [-50.65694646271994, -23.496448429503975], [-50.65694154287306, -23.496448190101425], [-50.6569366740074, -23.49644749598305], [-50.656931905404946, -23.496446354174623], [-50.65692728533282, -23.49644477623337], [-50.65692286055473, -23.496442778130987], [-50.656918675857646, -23.49644038009198], [-50.65691477359847, -23.496437606388973], [-50.65691119327529, -23.496434485096987], [-50.656907971127616, -23.496431047809292], [-50.65690513976952, -23.496427329317637], [-50.65690272785957, -23.496423367260025], [-50.65681927568433, -23.49626851079606], [-50.65681868979934, -23.49626754835713], [-50.65681749470207, -23.496267490201987], [-50.65633023680173, -23.49626641627614], [-50.656329090830845, -23.496266465665517], [-50.656329031799324, -23.496267522328104], [-50.65632880333404, -23.49635563205585], [-50.65632885688519, -23.496356688966742], [-50.656330002587616, -23.4963567434106], [-50.6563777697388, -23.496356848758076], [-50.65638256900375, -23.496357076817908], [-50.65638732092155, -23.49635773763109], [-50.65639197972869, -23.496358824833653], [-50.65639650055834, -23.496360327955237], [-50.65640083987247, -23.496362232519974], [-50.656404955881165, -23.496364520185892], [-50.656408808945, -23.496367168921523], [-50.65641236195692, -23.49637015321813], [-50.65641558069944, -23.496373444335315], [-50.65641843417433, -23.49637701057784], [-50.65642089490104, -23.49638081760088], [-50.65642293918141, -23.496384828740712], [-50.656424547327866, -23.496389005367902], [-50.656425703853046, -23.49639330725926], [-50.656426397618944, -23.496397692985223], [-50.65642662194416, -23.496402120308858], [-50.65642650774336, -23.49644617517254], [-50.65642656129531, -23.496447232083398], [-50.65642770699858, -23.49644728652655], [-50.65667135144001, -23.496447823564818], [-50.65667615070888, -23.496448051615655], [-50.65668090263153, -23.496448712419934], [-50.65668556144438, -23.496449799613774], [-50.656690082280555, -23.496451302726893], [-50.65669442160198, -23.49645320728352], [-50.65669853761865, -23.496455494941742], [-50.65670239069109, -23.49645814367019], [-50.65670594371211, -23.496461127960167], [-50.65670916246418, -23.496464419071366], [-50.656712015948976, -23.496467985308588], [-50.65671447668583, -23.49647179232706], [-50.65671652097651, -23.49647580346312], [-50.656718129133324, -23.496479980087358], [-50.656719285668814, -23.496484281976603], [-50.65671997944487, -23.496488667701325], [-50.65672020378002, -23.4964930950246], [-50.65671938781846, -23.496808131291058], [-50.65671944137286, -23.496809188201794], [-50.6567205870794, -23.49680924264283], [-50.65676835439562, -23.49680934787247], [-50.65677315367778, -23.49680957592046], [-50.65677790561389, -23.496810236721906], [-50.65678256444024, -23.496811323912947], [-50.65678708528984, -23.496812827023348], [-50.656791424624465, -23.496814731577338], [-50.65679554065398, -23.496817019233045], [-50.6567993937388, -23.496819667959112], [-50.65680294677161, -23.496822652246884], [-50.65680616553479, -23.496825943356058], [-50.65680901902986, -23.496829509591457], [-50.65681147977609, -23.496833316608335], [-50.65681352407515, -23.496837327743037], [-50.65681513223927, -23.49684150436616], [-50.65681628878091, -23.49684580625456], [-50.65681698256191, -23.49685019197871], [-50.65681720690075, -23.496854619301686], [-50.65681685901034, -23.496988973332886], [-50.65681691635754, -23.496990075817394], [-50.6568179570912, -23.49699062076039], [-50.6569854629816, -23.497068325940337], [-50.656989747361195, -23.497070569295143], [-50.65699376564992, -23.49707319833236], [-50.656997477175295, -23.497076186441287], [-50.657000844369804, -23.497079503376767], [-50.65700383315123, -23.497083115565292], [-50.65700641326753, -23.49708698644486], [-50.65700855860316, -23.497091076835034], [-50.6570102474433, -23.497095345333495], [-50.65701146269375, -23.497099748735177], [-50.65701219205386, -23.497104242469515], [-50.65701242814112, -23.497108781051615], [-50.65701226948726, -23.49717008686102], [-50.6570123230441, -23.49717114377163], [-50.65701346875392, -23.49717119821054], [-50.65707491050696, -23.497171333447863], [-50.657079607751704, -23.49717155208932], [-50.65708426058953, -23.497172185318444], [-50.65708882610104, -23.497173227294134], [-50.657093262172395, -23.497174668404828], [-50.65709752788375, -23.497176495357234], [-50.6571015838867, -23.497178691298917], [-50.65710539276727, -23.49718123597375], [-50.65710891939102, -23.49718410590878], [-50.65711213122713, -23.497187274630747], [-50.657114998648495, -23.497190712910232], [-50.657117495204986, -23.497194389031378], [-50.65711959786748, -23.49719826908436], [-50.657121287240244, -23.497202317278223], [-50.657207074700345, -23.49744157783588], [-50.65720748360736, -23.49744255768411], [-50.65720862055824, -23.497442610604434], [-50.657402130907705, -23.49744303621276], [-50.6574032963676, -23.497442986425707], [-50.6574040880428, -23.49744219602877], [-50.65787969337435, -23.496918370282103], [-50.65788292654451, -23.49691514229749], [-50.65788648456149, -23.49691221939148], [-50.657890333739566, -23.496909629236804], [-50.65789443763646, -23.496907396355876], [-50.65789875739832, -23.49690554188861], [-50.65790325212761, -23.496904083392245], [-50.657907879270255, -23.49690303467519], [-50.65791259501858, -23.49690240566618], [-50.65791735472603, -23.496902202320424], [-50.65805500139112, -23.49690250445493], [-50.65805969862838, -23.496902723066746], [-50.65806435146186, -23.496903356266575], [-50.65806891697224, -23.49690439821356], [-50.65807335304568, -23.49690583929642], [-50.65807761876231, -23.496907666222107], [-50.65808167477369, -23.496909862138452], [-50.65808548366575, -23.496912406789544], [-50.658089010303954, -23.496915276702655], [-50.65809222215734, -23.496918445404724], [-50.65809508959867, -23.496921883666527], [-50.6580975861776, -23.496925559772354], [-50.65809968886481, -23.496929439812526], [-50.65810137826434, -23.49693348799621], [-50.65817216167734, -23.497130898321767], [-50.65817344481546, -23.497135169567617], [-50.65817426783894, -23.497139536240734], [-50.658174622821555, -23.497143956287672], [-50.65817450634461, -23.497148387140978], [-50.65817391952977, -23.497152786129107], [-50.65817286802836, -23.497157110887375], [-50.65817136196685, -23.497161319766008], [-50.658169415849414, -23.497165372231187], [-50.65816704841819, -23.497169229255427], [-50.658164282472804, -23.49717285369348], [-50.65816114465082, -23.497176210639985], [-50.65815766517115, -23.4971792677657], [-50.65815387754312, -23.497181995628814], [-50.65814981824364, -23.497184367958486], [-50.65814552636603, -23.49718636190787], [-50.658141043243425, -23.497187958274132], [-50.657894603011044, -23.497263119855205], [-50.65789354059031, -23.49726349698505], [-50.65789348321569, -23.49726454556791], [-50.6578927893343, -23.497533356892696], [-50.65789284129501, -23.497534405715573], [-50.65789390175893, -23.49753478750647], [-50.65818521572571, -23.49762505565567], [-50.65818631523571, -23.497625341030083], [-50.65818637481255, -23.497624289023722], [-50.65818648839302, -23.49758025034785], [-50.65818673561289, -23.497575824061293], [-50.65818745205721, -23.497571441436882], [-50.65818863082621, -23.497567144681675], [-50.65819026056765, -23.49756297517577], [-50.658192325586185, -23.49755897307377], [-50.65819480599454, -23.497555176918084], [-50.658197677904994, -23.49755162326775], [-50.65820091365948, -23.497548346346342], [-50.65820448209588, -23.497545377712385], [-50.65820834884825, -23.49754274595542], [-50.65821247667763, -23.497540476420703], [-50.65821682583081, -23.497538590965057], [-50.65822135442309, -23.497537107746435], [-50.65822601884169, -23.497536041049038], [-50.65823077416574, -23.497535401145733], [-50.658235574598926, -23.49753519419914], [-50.65844512784432, -23.497535653701746], [-50.658449825104796, -23.497535872302052], [-50.65845447796249, -23.497536505490462], [-50.65845904349784, -23.49753754742622], [-50.658463479596776, -23.49753898849815], [-50.65846774533919, -23.497540815413313], [-50.6584718013764, -23.49754301131962], [-50.65847561029412, -23.497545555961274], [-50.658479136957546, -23.497548425865613], [-50.65848234883551, -23.497551594559667], [-50.65848521630053, -23.497555032814294], [-50.65848771290205, -23.497558708913836], [-50.65848981561055, -23.497562588948675], [-50.658491505029865, -23.49756663712804], [-50.65857727657138, -23.497805844996297], [-50.65857771689903, -23.497806892528875], [-50.6585786514821, -23.497807613154293], [-50.65894917280499, -23.49806517456056], [-50.6589530385908, -23.498068161707966], [-50.65895655075277, -23.498071499707596], [-50.65895967203959, -23.49807515315542], [-50.65896236934574, -23.498079083301633], [-50.65896461406256, -23.49808324846168], [-50.65896638238172, -23.498087604458338], [-50.65896765554774, -23.49809210509031], [-50.65896842005689, -23.498096702622263], [-50.658968667800444, -23.498101348291048], [-50.65896849632628, -23.498167984941382], [-50.65896854989903, -23.498169041851366], [-50.65896969561847, -23.49816909627601], [-50.65950716307973, -23.498170271746147], [-50.65951196241701, -23.49817049971037], [-50.659516714416625, -23.4981711604289], [-50.659521373314256, -23.498172247538676], [-50.65952589424222, -23.498173750570256], [-50.65953023366154, -23.498175655048616], [-50.65953434978127, -23.498177942632612], [-50.659538202960945, -23.49818059129159], [-50.65954175609235, -23.49818357551753], [-50.6595449749569, -23.49818686657073], [-50.659547828555155, -23.498190432756555], [-50.659550289405395, -23.49819423973072], [-50.65955233380826, -23.498198250830008], [-50.659553942075, -23.498202427425326], [-50.65955509871709, -23.498206729293827], [-50.65955579259541, -23.498211115006153], [-50.65955601702747, -23.498215542325518], [-50.65955590385706, -23.498259597193385], [-50.65955595743451, -23.498260654103216], [-50.659557103155045, -23.498260708523542], [-50.6597028110087, -23.498261026829216], [-50.659707610349685, -23.498261254787444], [-50.6597123623536, -23.498261915500056], [-50.6597170212561, -23.498263002604027], [-50.65972154218944, -23.498264505629965], [-50.6597258816146, -23.49826641010293], [-50.65972999774058, -23.4982686976818], [-50.65973385092684, -23.498271346335986], [-50.659737404065126, -23.498274330557507], [-50.65974062293675, -23.49827762160671], [-50.659743476542246, -23.498281187788994], [-50.6597459373998, -23.49828499476011], [-50.65974798180998, -23.49828900585686], [-50.65974959008398, -23.498293182450208], [-50.6597507467332, -23.49829748431728], [-50.659751440618436, -23.49830187002877], [-50.659751665057144, -23.49830629734787], [-50.659751320048784, -23.498440678177033], [-50.659751374938345, -23.498441759725186], [-50.65975231693214, -23.49844240590243], [-50.660022902198264, -23.49860962857818], [-50.66002676235744, -23.498612276508524], [-50.66003032217276, -23.498615260982568], [-50.66003354728824, -23.498618553196955], [-50.66003640657809, -23.49862212137836], [-50.66003887244708, -23.49862593109005], [-50.66004092109696, -23.49862994556428], [-50.66004253275603, -23.49863412605711], [-50.66004369187004, -23.498638432222375], [-50.660044387252256, -23.498642822500994], [-50.66004461219147, -23.49864725452211], [-50.66004444533005, -23.498712302151073], [-50.66004449891154, -23.49871335906072], [-50.66004564463623, -23.498713413477503], [-50.66039796909473, -23.498714181819814], [-50.660402599184444, -23.49871439428243], [-50.660407186743896, -23.498715009580053], [-50.66041169066112, -23.498716022198618], [-50.66041607057372, -23.498717423063425], [-50.66042028723058, -23.498719199620457], [-50.660424302843616, -23.498721335948886], [-50.66042808142642, -23.498723812903755], [-50.66043158911673, -23.49872660828751], [-50.660434794479976, -23.498729697049004], [-50.66043766879084, -23.4987330515079], [-50.660440186290835, -23.49873664160283], [-50.66044232441902, -23.49874043516069], [-50.66044406401428, -23.498744398185067], [-50.660445389486966, -23.4987484951608], [-50.6605076394114, -23.498980467190645], [-50.66050857020115, -23.498984858197744], [-50.660509025344126, -23.498989312594816], [-50.660509000373565, -23.49899378666717], [-50.66050849553448, -23.498998236507017], [-50.660507515781234, -23.49900261844438], [-50.660506070728914, -23.49900688947566], [-50.66050417455898, -23.49901100768567], [-50.660501845880084, -23.499014932658998], [-50.660499107545455, -23.499018625876566], [-50.660495986428636, -23.49902205109377], [-50.66049251315973, -23.499025174696094], [-50.660488721824805, -23.499027966029], [-50.66048464963138, -23.499030397698803], [-50.66048033654331, -23.499032445841486], [-50.66047582488852, -23.49903409035692], [-50.660471158943665, -23.499035315106074], [-50.66046638449958, -23.49903610806947], [-50.66046154841189, -23.499036461465103], [-50.66045669814118, -23.499036371824786], [-50.66045188128724, -23.499035840028245], [-50.6604471451219, -23.499034871294448], [-50.66044253612512, -23.49903347513039], [-50.660438099528854, -23.499031665237805], [-50.660142979314855, -23.498894770395967], [-50.66014197265776, -23.498894358494617], [-50.66014191673185, -23.498895372860993], [-50.66014180371497, -23.498939442374933], [-50.6601415565572, -23.49894386866454], [-50.66014084016933, -23.498948251297836], [-50.66013966145052, -23.498952548067646], [-50.66013803175245, -23.49895671759371], [-50.660135966769964, -23.498960719721218], [-50.66013348638994, -23.498964515907467], [-50.66013061449977, -23.498968069593083], [-50.66012737875731, -23.49897134655412], [-50.660123810324535, -23.498974315231635], [-50.66011994356741, -23.498976947035608], [-50.660115815724915, -23.498979216620302], [-50.66011146655047, -23.498981102128376], [-50.66010693792904, -23.498982585401325], [-50.66010227347373, -23.498983652154426], [-50.66009751810587, -23.49898429211423], [-50.660092717622284, -23.498984499117576], [-50.660044949505476, -23.498984394897988], [-50.66004380351208, -23.4989844443144], [-50.66004374450865, -23.49898550097836], [-50.66004305512503, -23.499254237019112], [-50.66004311249981, -23.499255339502433], [-50.66004415326469, -23.49925588442408], [-50.66021166393926, -23.499333586168415], [-50.66021594844738, -23.499335829435342], [-50.66021996686932, -23.499338458390135], [-50.66022367853123, -23.49934144642293], [-50.660227045864225, -23.499344763289336], [-50.66023003478467, -23.499348375416545], [-50.660232615039135, -23.499352246243177], [-50.66023476051067, -23.499356336589322], [-50.66023644948307, -23.499360605053123], [-50.6602376648608, -23.499365008429855], [-50.66023839434193, -23.499369502149204], [-50.660238630542715, -23.499374040726437], [-50.66023847336418, -23.499435346538682], [-50.66023852694744, -23.499436403448183], [-50.66023967267847, -23.49943645786361], [-50.66040814409028, -23.499436825161], [-50.66041294857186, -23.499437053572382], [-50.660417705568165, -23.499437715655667], [-50.66042236916917, -23.49943880502103], [-50.66042689436622, -23.49944031115496], [-50.66043123748638, -23.499442219521683], [-50.66043535661396, -23.49944451170344], [-50.66043921199501, -23.499447165578257], [-50.66044276642103, -23.499450155533452], [-50.66044598558801, -23.4994534527128], [-50.6604488384276, -23.49945702529502], [-50.66062887488702, -23.4997073655553], [-50.66062957106925, -23.499708237373326], [-50.660630743511504, -23.499708293111023], [-50.6608242200732, -23.499708714426596], [-50.66082536607265, -23.499708665004512], [-50.66082542507025, -23.49970760834029], [-50.66083004292473, -23.49790328278711], [-50.660829989337216, -23.497902225877553], [-50.660828843619136, -23.49790217146661], [-50.66078107588877, -23.497902067477202], [-50.660776276558494, -23.497901839552156], [-50.66077152456172, -23.49790117887206], [-50.66076686566282, -23.497900091799618], [-50.660762344729584, -23.497898588803945], [-50.660758005301105, -23.497896684359723], [-50.66075388916848, -23.497894396807833], [-50.66075003597235, -23.497891748178635], [-50.66074648282108, -23.49788876397991], [-50.660743263933504, -23.497885472951154], [-50.66074041030924, -23.497881906786784], [-50.660737949430235, -23.49787809983093], [-50.66073590499607, -23.497874088746684], [-50.66073429669576, -23.497869912162994], [-50.66073314001806, -23.497865610302657], [-50.660732446102365, -23.497861224594942], [-50.66073222163142, -23.497856797276633], [-50.66073245286196, -23.497766470118002], [-50.660732699997276, -23.497762043826523], [-50.66073341635867, -23.49775766118955], [-50.660734595047124, -23.49775336441424], [-50.660736224711194, -23.497749194880907], [-50.660738289656294, -23.49774519274439], [-50.66074076999583, -23.497741396547458], [-50.660743641842764, -23.497737842849542], [-50.660746877539616, -23.49773456587465], [-50.66075044592487, -23.49773159718185], [-50.660754312633024, -23.497728965361247], [-50.660758440425575, -23.49772669575869], [-50.66076278954965, -23.49772481023167], [-50.66076731812084, -23.49772332693883], [-50.660771982526555, -23.497722260165077], [-50.66077673784607, -23.497721620184027], [-50.6607815382831, -23.49772141315902], [-50.66082930594835, -23.497721517147536], [-50.6608304519306, -23.4977214677252], [-50.66083051092707, -23.49772041106069], [-50.66083247293045, -23.496953738861382], [-50.660832720060554, -23.49694931256923], [-50.66083343641388, -23.49694492993125], [-50.660834615091524, -23.496940633154626], [-50.66083624474212, -23.496936463619647], [-50.66083830967121, -23.49693246148121], [-50.66084078999238, -23.49692866528208], [-50.660843661818745, -23.49692511158171], [-50.660846897493045, -23.49692183460415], [-50.660850465853954, -23.496918865908473], [-50.660854332536225, -23.496916234084814], [-50.6608584603016, -23.49691396447906], [-50.66086280939746, -23.496912078948725], [-50.66086733793967, -23.496910595652487], [-50.660872002315934, -23.496909528875292], [-50.66087675760579, -23.496908888890776], [-50.66088155801326, -23.496908681862323], [-50.66092932538608, -23.49690878581679], [-50.66093047136127, -23.49690873639363]]]}}, {"type": "Feature", "properties": {"id": "SA-949a29", "name": "SA-949a29", "etiqueta": "V11", "hacienda": "Hacienda Santo Antonio", "orden": 16, "estrato": "Vigilancia", "nivel": "Vigilancia", "SI": 0.862, "clorofila_pct_vs_mejor5": 86.2, "area_ha": 7.955, "fecha_img": "2026-07-15", "zona": 16, "tipo": "submuestra", "status": "pending"}, "geometry": {"type": "Point", "coordinates": [-50.65967315679217, -23.497832205215463]}}, {"type": "Feature", "properties": {"id": "SA-68ff27", "name": "SA-68ff27", "etiqueta": "V12", "hacienda": "Hacienda Santo Antonio", "orden": 17, "estrato": "Vigilancia", "nivel": "Vigilancia", "SI": 0.876, "clorofila_pct_vs_mejor5": 87.6, "area_ha": 0.141, "fecha_img": "2026-07-15", "zona": 17, "clase": "media-baja"}, "geometry": {"type": "Polygon", "coordinates": [[[-50.65996081388641, -23.493112860340332], [-50.65996087288725, -23.493111803675593], [-50.65996133060574, -23.492933366670293], [-50.659961277026625, -23.492932309759865], [-50.65996013135192, -23.492932255343003], [-50.659864599482184, -23.492932046858375], [-50.65986345354111, -23.492932096274117], [-50.65986339453959, -23.49293315293884], [-50.659863281499845, -23.49297720783797], [-50.6598630343466, -23.49298163413055], [-50.659862317984455, -23.49298601676617], [-50.65986113931232, -23.49299031353766], [-50.6598595096814, -23.492994483064756], [-50.65985744478589, -23.492998485192608], [-50.65985496451186, -23.493002281378523], [-50.65985209274566, -23.493005835063133], [-50.65984885714396, -23.493009112022506], [-50.65984528886738, -23.493012080697692], [-50.659841422280365, -23.493014712498717], [-50.65983729462028, -23.493016982079872], [-50.65983294563878, -23.493018867583835], [-50.65982841721897, -23.493020350852163], [-50.65982375297202, -23.493021417600144], [-50.65981899781723, -23.4930220575544], [-50.659814197549395, -23.493022264551826], [-50.659520389161884, -23.49302162289314], [-50.6595155900109, -23.4930213949312], [-50.65951083819557, -23.49302073421435], [-50.65950617947853, -23.493019647105648], [-50.659501658725794, -23.493018144074554], [-50.65949731947473, -23.49301623959611], [-50.659493203514735, -23.49301395201149], [-50.65948935048476, -23.493011303351405], [-50.65948579749161, -23.49300831912392], [-50.65948257875255, -23.493005028068794], [-50.659479725265804, -23.493001461880723], [-50.65947726451198, -23.49299765490405], [-50.65947522018946, -23.492993643802073], [-50.659473611986165, -23.492989467203913], [-50.65947245538994, -23.492985165332495], [-50.65947176153938, -23.492980779617213], [-50.659471537116616, -23.492976352294903], [-50.659471650286555, -23.492932297397562], [-50.659471596711334, -23.49293124048701], [-50.65947045103689, -23.49293118606655], [-50.659374919172805, -23.49293097728174], [-50.6593737732316, -23.492931026693885], [-50.659373714226184, -23.492932083358372], [-50.6593732557886, -23.493110492389256], [-50.65937331315584, -23.493111594873596], [-50.65937435387001, -23.493112139799557], [-50.65954185642656, -23.493189842230322], [-50.65954614072591, -23.493192085514984], [-50.65955015894973, -23.49319471448681], [-50.65955387042616, -23.493197702535735], [-50.6595572375882, -23.49320101941722], [-50.65956022635396, -23.493204631558292], [-50.65956280647156, -23.493208502397447], [-50.65956495182542, -23.49321259275464], [-50.659566640700575, -23.4932168612279], [-50.65956785600243, -23.49322126461241], [-50.65956858542984, -23.493225758337775], [-50.65956882159959, -23.49323029691919], [-50.65956866415734, -23.49329160277549], [-50.659568717733436, -23.493292659685967], [-50.65956986341106, -23.49329271410574], [-50.65976330154858, -23.493293136566827], [-50.65976449690567, -23.493293083653658], [-50.65976508773323, -23.493292123794514], [-50.659849335332176, -23.493137634929827], [-50.65985176757826, -23.493133683489564], [-50.659854618001674, -23.493129977451673], [-50.65985785775083, -23.493126554328075], [-50.65986145403346, -23.49312344876711], [-50.65986537044856, -23.49312069220276], [-50.65986956735476, -23.49311831253654], [-50.659874002271636, -23.493116333855056], [-50.659878630309656, -23.493114776186204], [-50.65988340462456, -23.49311365529646], [-50.65988827689147, -23.493112982531294], [-50.65989319779411, -23.49311276470032], [-50.659959667943795, -23.49311290975676], [-50.65996081388641, -23.493112860340332]]]}}, {"type": "Feature", "properties": {"id": "SA-68ff27", "name": "SA-68ff27", "etiqueta": "V12", "hacienda": "Hacienda Santo Antonio", "orden": 17, "estrato": "Vigilancia", "nivel": "Vigilancia", "SI": 0.876, "clorofila_pct_vs_mejor5": 87.6, "area_ha": 0.141, "fecha_img": "2026-07-15", "zona": 17, "tipo": "submuestra", "status": "pending"}, "geometry": {"type": "Point", "coordinates": [-50.65966744820197, -23.493111971737576]}}, {"type": "Feature", "properties": {"id": "SA-bb62fd", "name": "SA-bb62fd", "etiqueta": "V13", "hacienda": "Hacienda Santo Antonio", "orden": 18, "estrato": "Vigilancia", "nivel": "Vigilancia", "SI": 0.886, "clorofila_pct_vs_mejor5": 88.6, "area_ha": 0.2, "fecha_img": "2026-07-15", "zona": 18, "clase": "media-baja"}, "geometry": {"type": "Polygon", "coordinates": [[[-50.65743757789324, -23.484164887126315], [-50.65743763690922, -23.484163830461505], [-50.65743833107634, -23.483895093973693], [-50.65743827372813, -23.483893991487573], [-50.657437233093944, -23.483893446548976], [-50.65726974347117, -23.483815741915368], [-50.657265459511976, -23.48381349856942], [-50.657261441616015, -23.48381086953938], [-50.657257730451846, -23.483807881435943], [-50.65725436358332, -23.48380456450425], [-50.657251375089366, -23.483800952317818], [-50.65724879521906, -23.483797081438667], [-50.65724665008545, -23.483792991047267], [-50.657244961401204, -23.483788722545988], [-50.6572437462589, -23.483784319139964], [-50.657243016957985, -23.483779825399807], [-50.65724278088028, -23.4837752868105], [-50.65724293932625, -23.483713980894287], [-50.65724288577153, -23.483712923981976], [-50.657241740177824, -23.483712869546007], [-50.65675449807685, -23.48371179741904], [-50.65675335221466, -23.483711846812888], [-50.65675329319349, -23.48371290347744], [-50.65675306521923, -23.48380098538746], [-50.65675312256171, -23.48380208787378], [-50.65675416319231, -23.4838026328169], [-50.65692165248891, -23.483880338000894], [-50.6569259364443, -23.48388258135624], [-50.656929954335645, -23.483885210394842], [-50.65693366549446, -23.48388819850599], [-50.656937032356964, -23.483891515444505], [-50.656940020844274, -23.483895127636853], [-50.65694260070737, -23.483898998520985], [-50.656944745833215, -23.483903088916406], [-50.65694643450916, -23.483907357420783], [-50.65694764964263, -23.483911760828956], [-50.65694837893418, -23.48391625457031], [-50.65694861500199, -23.483920793159868], [-50.656948456418405, -23.483982099072563], [-50.65694850997085, -23.483983155984912], [-50.65694965556674, -23.48398321042306], [-50.65711405054594, -23.48398357212519], [-50.657118969930984, -23.48398381151727], [-50.657123838340866, -23.4839845056257], [-50.65712860649831, -23.48398564742484], [-50.6571332261408, -23.483987225357588], [-50.657137650509036, -23.483989223452358], [-50.657141834820266, -23.483991621484737], [-50.65714573672154, -23.483994395182254], [-50.657149316718396, -23.483997516469948], [-50.65715253857467, -23.48400095375466], [-50.6571553696792, -23.484004672244716], [-50.65715778137596, -23.48400863430215], [-50.657241226429456, -23.484163490742166], [-50.65724181226526, -23.48416445318041], [-50.65724300725374, -23.484164511331112], [-50.65743643202732, -23.484164936525136], [-50.65743757789324, -23.484164887126315]]]}}, {"type": "Feature", "properties": {"id": "SA-bb62fd", "name": "SA-bb62fd", "etiqueta": "V13", "hacienda": "Hacienda Santo Antonio", "orden": 18, "estrato": "Vigilancia", "nivel": "Vigilancia", "SI": 0.886, "clorofila_pct_vs_mejor5": 88.6, "area_ha": 0.2, "fecha_img": "2026-07-15", "zona": 18, "tipo": "submuestra", "status": "pending"}, "geometry": {"type": "Point", "coordinates": [-50.6571933606123, -23.483951446116215]}}, {"type": "Feature", "properties": {"id": "SA-41c08e", "name": "SA-41c08e", "etiqueta": "V14", "hacienda": "Hacienda Santo Antonio", "orden": 19, "estrato": "Vigilancia", "nivel": "Vigilancia", "SI": 0.912, "clorofila_pct_vs_mejor5": 91.2, "area_ha": 1.465, "fecha_img": "2026-07-15", "zona": 19, "clase": "media-baja"}, "geometry": {"type": "Polygon", "coordinates": [[[-50.66116236362853, -23.48281821463892], [-50.66116121804054, -23.482818160231826], [-50.660819669925736, -23.48281741745902], [-50.66081487114107, -23.482817189541045], [-50.66081011968372, -23.482816528867108], [-50.660805461312876, -23.48281544179986], [-50.66080094089123, -23.482813938808363], [-50.660796601952946, -23.482812034367253], [-50.660792486284414, -23.482809746817377], [-50.66078863352178, -23.482807098189088], [-50.66078508076928, -23.482804113990163], [-50.660781862241855, -23.482800822960076], [-50.660779008935684, -23.482797256793276], [-50.66077654832965, -23.48279344983391], [-50.66077450412071, -23.482789438745105], [-50.66077289599568, -23.48278526215585], [-50.66077173944166, -23.482780960289002], [-50.66077104559683, -23.482776574573894], [-50.660770821143274, -23.482772147247363], [-50.660770933826555, -23.482728092286408], [-50.660770880243994, -23.482727035374854], [-50.660769734656995, -23.482726980964888], [-50.660721972394164, -23.48272687702053], [-50.66071717361297, -23.482726649099586], [-50.660712422159385, -23.482725988422708], [-50.66070776379256, -23.482724901352576], [-50.660703243375124, -23.482723398358264], [-50.660698904441226, -23.482721493914475], [-50.66069478877721, -23.482719206362045], [-50.66069093601916, -23.482716557731365], [-50.66068738327128, -23.482713573530223], [-50.66068416474848, -23.482710282498136], [-50.66068131144687, -23.482706716329567], [-50.66067885084531, -23.482702909368662], [-50.6606768066407, -23.48269889827858], [-50.660675198519826, -23.482694721688322], [-50.66067404196973, -23.48269041982074], [-50.660673348128576, -23.482686034105186], [-50.66067312367839, -23.48268160677851], [-50.66067392969889, -23.482366569811106], [-50.66067387611721, -23.48236551289948], [-50.66067273053338, -23.482365458488836], [-50.66062496840122, -23.48236535451626], [-50.660620169633304, -23.48236512659247], [-50.660615418193174, -23.48236446591276], [-50.66061075983983, -23.48236337883983], [-50.66060623943581, -23.482361875842802], [-50.6606019005151, -23.48235997139637], [-50.66059778486391, -23.48235768384142], [-50.660593932118246, -23.48235503520837], [-50.66059037938216, -23.482352051005023], [-50.660587160870435, -23.482348759970904], [-50.660584307579114, -23.48234519380051], [-50.660581846986915, -23.482341386838012], [-50.66057980279068, -23.48233737574657], [-50.6605781946771, -23.4823331991552], [-50.660577038133155, -23.482328897286784], [-50.66057634429694, -23.48232451157065], [-50.66057611985045, -23.482320084243675], [-50.660576232595965, -23.482276029281053], [-50.660576179015095, -23.48227497236939], [-50.660575033432096, -23.48227491795804], [-50.66028365283689, -23.482274283248113], [-50.66028250698808, -23.48227433266807], [-50.660282447995804, -23.482275389334486], [-50.66028222230933, -23.482363499256795], [-50.66028227588789, -23.482364556168516], [-50.66028342147151, -23.482364610582028], [-50.660331183601706, -23.482364714659248], [-50.66033598236898, -23.482364942591925], [-50.66034073380762, -23.482365603280133], [-50.660345392158725, -23.482366690361108], [-50.66034991255985, -23.48236819336567], [-50.66035425147711, -23.48237009781907], [-50.660358367124395, -23.4823723853804], [-50.66036221986577, -23.482375034019224], [-50.66036577259727, -23.482378018227713], [-50.66036899110413, -23.482381309266334], [-50.66037184439038, -23.48238487544059], [-50.66037430497729, -23.482388682406324], [-50.66037634916805, -23.48239269350037], [-50.660377957275934, -23.48239687009372], [-50.66037911381397, -23.482401171963517], [-50.660379807644006, -23.48240555768041], [-50.66038003208405, -23.482409985007553], [-50.66037952530547, -23.482607890658276], [-50.66037926588053, -23.482612428164998], [-50.66037851347289, -23.482616918663993], [-50.66037727569826, -23.48262131670312], [-50.66037556508517, -23.482625577766058], [-50.66037339894813, -23.48262965872296], [-50.66037079921245, -23.482633518266976], [-50.660367792192226, -23.482637117332363], [-50.660364408324064, -23.48264041948989], [-50.660360681858954, -23.482643391315598], [-50.66035665051563, -23.482646002729087], [-50.660352355098766, -23.482648227298004], [-50.66018446898735, -23.482725197913425], [-50.66018342556996, -23.482725738290785], [-50.660183362550356, -23.482726840513884], [-50.66018324974356, -23.4827708675086], [-50.66018300262467, -23.482775293807805], [-50.660182286332834, -23.482779676451393], [-50.66018110776626, -23.482783973232095], [-50.660179478275175, -23.48278814276955], [-50.660177413552425, -23.48279214490883], [-50.66017493348239, -23.482795941107117], [-50.66017206194947, -23.482799494804937], [-50.660168826608086, -23.482802771778214], [-50.660165258616345, -23.482805740467885], [-50.66016139233597, -23.482808372283824], [-50.66015726500135, -23.482810641880164], [-50.66015291636102, -23.482812527399464], [-50.66014838829478, -23.482814010683114], [-50.66014372441042, -23.482815077446258], [-50.66013896962374, -23.48281571741539], [-50.66013416972598, -23.482815924427246], [-50.6596947233788, -23.48281496571957], [-50.659693528116215, -23.482815018633374], [-50.659692937335855, -23.482815978494074], [-50.65951030377416, -23.483150908320898], [-50.65950787170516, -23.483154859762884], [-50.659505021490396, -23.48315856580155], [-50.6595017819793, -23.48316198892491], [-50.659498185961716, -23.48316509448458], [-50.659494269836, -23.48316785104655], [-50.659490073240605, -23.483170230709277], [-50.65948563865284, -23.48317220938616], [-50.659481010959, -23.48317376704931], [-50.659476236999915, -23.483174887932275], [-50.659471365096955, -23.483175560689634], [-50.659466444562824, -23.483175778511846], [-50.658812423282576, -23.483174348413506], [-50.65881123265173, -23.48317440051644], [-50.65881044052509, -23.483175222068045], [-50.65843307064739, -23.48360820648591], [-50.65842983227486, -23.483611565124267], [-50.65842624800392, -23.483614610231204], [-50.658422353334416, -23.483617311646896], [-50.65841818684055, -23.483619642615558], [-50.658413789788746, -23.483621580050457], [-50.65840920572896, -23.483623104762533], [-50.658404480063375, -23.483624201650507], [-50.658399659596654, -23.483624859850387], [-50.658394792072436, -23.483625072843143], [-50.65832159850791, -23.48362491242719], [-50.6583204526469, -23.483624961832568], [-50.65832039363825, -23.483626018497876], [-50.65831946847445, -23.48398511027998], [-50.658319522037836, -23.483986167191986], [-50.658320667634456, -23.48398622162006], [-50.658612050650085, -23.483986860040023], [-50.65861322322614, -23.483986809424085], [-50.65861392379451, -23.483985940655163], [-50.65879522229817, -23.48373638913616], [-50.658798093111336, -23.483732829048435], [-50.658801328790204, -23.48372954596113], [-50.658804898107014, -23.483726571559494], [-50.658808766614065, -23.48372393454965], [-50.65881289697618, -23.483721660381516], [-50.65881724933098, -23.48371977100322], [-50.65882178167366, -23.48371828464926], [-50.658826450262325, -23.48371721566451], [-50.65883121004017, -23.48371657436581], [-50.65883601507032, -23.483716366942357], [-50.65900443616472, -23.483716735459225], [-50.65900563143564, -23.483716682550806], [-50.65900622222504, -23.483715722692924], [-50.65909046446521, -23.483561233988492], [-50.659092896554185, -23.48355728255346], [-50.65909574678908, -23.483553576522755], [-50.65909898632024, -23.48355015340823], [-50.65910258235761, -23.483547047858156], [-50.65910649850264, -23.483544291306384], [-50.659110695116716, -23.483541911654317], [-50.65911512972236, -23.483539932988403], [-50.65911975743319, -23.483538375336384], [-50.65912453140825, -23.483537254464583], [-50.65912940332614, -23.483536581718262], [-50.65913432387408, -23.483536363906865], [-50.6592007892179, -23.48353650923127], [-50.65920193507791, -23.4835364598194], [-50.65920199407949, -23.48353540315367], [-50.65920210728801, -23.483491348204215], [-50.65920235444127, -23.483486921907367], [-50.65920307076958, -23.4834825392691], [-50.65920424937425, -23.483478242496613], [-50.65920587890463, -23.48347407297018], [-50.659207943667425, -23.48347007084458], [-50.6592104237778, -23.48346627466247], [-50.65921329535093, -23.48346272098314], [-50.659216530731975, -23.483459444030434], [-50.65922009876244, -23.483456475363177], [-50.659223965080244, -23.483453843571247], [-50.659228092450654, -23.483451574000217], [-50.65923244112487, -23.483449688507267], [-50.65923696922279, -23.483448205250724], [-50.65924163313641, -23.483447138515128], [-50.65924638794973, -23.483446498573734], [-50.659251187871334, -23.483446291589516], [-50.65969063629009, -23.483447251571775], [-50.659691831558376, -23.483447198658066], [-50.65969242234161, -23.483446238797484], [-50.65977666361202, -23.48329174970559], [-50.659779095675646, -23.483287798259404], [-50.65978194588564, -23.483284092215733], [-50.659785185392614, -23.48328066908656], [-50.65978878140673, -23.483277563520275], [-50.6597926975297, -23.48327480695091], [-50.659796894123126, -23.483272427280042], [-50.659801328709726, -23.483270448594315], [-50.65980595640334, -23.483268890921675], [-50.659810730363155, -23.483267770028625], [-50.65981560226793, -23.483267097260686], [-50.659820522805035, -23.48326687942749], [-50.66018077480323, -23.483267665175017], [-50.66018192066065, -23.483267615755913], [-50.660181979654276, -23.48326655908968], [-50.66018209253581, -23.48322250413421], [-50.66018233965577, -23.483218077835268], [-50.66018305595018, -23.483213695191953], [-50.660184234520685, -23.483209398411525], [-50.66018586401698, -23.483205228874304], [-50.66018792874608, -23.48320122673519], [-50.66019040882349, -23.48319743053697], [-50.66019328036469, -23.48319387683909], [-50.660196515715135, -23.483190599865573], [-50.66020008371666, -23.483187631175447], [-50.66020395000744, -23.483184999358798], [-50.66020807735301, -23.483182729761452], [-50.6602124260048, -23.483180844240838], [-50.66021695408293, -23.483179360955543], [-50.66022161797958, -23.483178294190385], [-50.660226372778915, -23.483177654218917], [-50.66023117268968, -23.48317744720438], [-50.660572721710786, -23.4831781912773], [-50.660573867567315, -23.483178141855305], [-50.660573926557774, -23.483177085188878], [-50.660574056978945, -23.483126125930347], [-50.66057431515893, -23.483121599496638], [-50.66057506392646, -23.48311711972875], [-50.66057629573961, -23.48311273174859], [-50.660577998191044, -23.483108479753533], [-50.66058015413301, -23.483104406571275], [-50.660582741849986, -23.48310055322841], [-50.660585735277515, -23.48309695853727], [-50.66058910426464, -23.4830936587049], [-50.66059281487764, -23.483090686968428], [-50.66059682974184, -23.483088073260294], [-50.66060110841803, -23.48308584390675], [-50.660605607809785, -23.483084021362625], [-50.66061028259757, -23.4830826239853], [-50.6606150856952, -23.483081665849642], [-50.6611607454441, -23.482999001288977], [-50.66116189937461, -23.48299877109521], [-50.66116196139682, -23.48299768363059], [-50.66116241721424, -23.482819271550365], [-50.66116236362853, -23.48281821463892]]]}}, {"type": "Feature", "properties": {"id": "SA-41c08e", "name": "SA-41c08e", "etiqueta": "V14", "hacienda": "Hacienda Santo Antonio", "orden": 19, "estrato": "Vigilancia", "nivel": "Vigilancia", "SI": 0.912, "clorofila_pct_vs_mejor5": 91.2, "area_ha": 1.465, "fecha_img": "2026-07-15", "zona": 19, "tipo": "submuestra", "status": "pending"}, "geometry": {"type": "Point", "coordinates": [-50.660045542911476, -23.483138517125624]}}, {"type": "Feature", "properties": {"id": "SA-5b8474", "name": "SA-5b8474", "etiqueta": "V15", "hacienda": "Hacienda Santo Antonio", "orden": 20, "estrato": "Vigilancia", "nivel": "Vigilancia", "SI": 0.916, "clorofila_pct_vs_mejor5": 91.6, "area_ha": 0.056, "fecha_img": "2026-07-15", "zona": 20, "clase": "media-baja"}, "geometry": {"type": "Polygon", "coordinates": [[[-50.65666255926853, -23.4809114846038], [-50.656661413699304, -23.48091143016383], [-50.65661365211076, -23.480911324968382], [-50.65660885340401, -23.480911096921766], [-50.65660410203753, -23.480910436120514], [-50.656599443769615, -23.480909348928495], [-50.656594923461974, -23.480907845815974], [-50.65659058464768, -23.480905941258772], [-50.65658646911191, -23.48090365359883], [-50.656582616489544, -23.480901004867576], [-50.65657906388346, -23.480898020573754], [-50.65657584550721, -23.480894729457788], [-50.656572992355485, -23.480891163214935], [-50.65657053190571, -23.48088735619007], [-50.65656848785331, -23.480883345046962], [-50.65656687988361, -23.480879168415118], [-50.65656572348222, -23.480874866517805], [-50.65656502978584, -23.480870480784642], [-50.65656480547512, -23.480866053452658], [-50.65656491958306, -23.480821983853037], [-50.65656486889286, -23.48082096925093], [-50.65656386026183, -23.480821376735367], [-50.65636993775403, -23.480910279620076], [-50.65636889433569, -23.480910819972078], [-50.65636883128548, -23.48091192219353], [-50.65636860302508, -23.48100002779243], [-50.65636865496904, -23.48100107661782], [-50.656369715296854, -23.481001458418298], [-50.656660992016235, -23.48109172916996], [-50.656662091386195, -23.481092014554086], [-50.656662150965886, -23.481090962546137], [-50.6566626128178, -23.48091254151661], [-50.65666255926853, -23.4809114846038]]]}}, {"type": "Feature", "properties": {"id": "SA-5b8474", "name": "SA-5b8474", "etiqueta": "V15", "hacienda": "Hacienda Santo Antonio", "orden": 20, "estrato": "Vigilancia", "nivel": "Vigilancia", "SI": 0.916, "clorofila_pct_vs_mejor5": 91.6, "area_ha": 0.056, "fecha_img": "2026-07-15", "zona": 20, "tipo": "submuestra", "status": "pending"}, "geometry": {"type": "Point", "coordinates": [-50.65651560796974, -23.480956284654518]}}, {"type": "Feature", "properties": {"id": "SA-152feb", "name": "SA-152feb", "etiqueta": "V16", "hacienda": "Hacienda Santo Antonio", "orden": 21, "estrato": "Vigilancia", "nivel": "Vigilancia", "SI": 0.927, "clorofila_pct_vs_mejor5": 92.7, "area_ha": 0.212, "fecha_img": "2026-07-15", "zona": 21, "clase": "media-baja"}, "geometry": {"type": "Polygon", "coordinates": [[[-50.65969433174163, -23.48245370272137], [-50.65969323201473, -23.482453651141135], [-50.659645453975756, -23.48245354683341], [-50.65964065520674, -23.482453318879458], [-50.659635903768745, -23.48245265816992], [-50.65963124542074, -23.482451571067788], [-50.65962672502521, -23.482450068042464], [-50.65962238611608, -23.482448163568925], [-50.65961827047943, -23.482445875988304], [-50.65961441775111, -23.482443227331267], [-50.659610865035035, -23.482440243105856], [-50.65960764654579, -23.48243695205181], [-50.65960479327917, -23.48243338586382], [-50.6596023327137, -23.48242957888621], [-50.659600288545946, -23.4824255677823], [-50.65959868046232, -23.482421391181216], [-50.659597523949515, -23.482417089305933], [-50.65959683014533, -23.482412703585865], [-50.659596605731444, -23.482408276257903], [-50.65959671880112, -23.482364221956818], [-50.65959666571114, -23.482363175228], [-50.65959554173218, -23.48236332758311], [-50.659108027434165, -23.482452155093295], [-50.65910688294736, -23.482452418035127], [-50.6591061790925, -23.482453290991717], [-50.6589109536521, -23.482722016411525], [-50.65891037867211, -23.48272289710749], [-50.658911416816586, -23.482723271230554], [-50.659202692057015, -23.482813535096096], [-50.6592037914469, -23.482813820462457], [-50.65920385100741, -23.48281276845354], [-50.65920396416981, -23.482768729689315], [-50.65920421132133, -23.482764303392038], [-50.65920492764535, -23.482759920753317], [-50.65920610624321, -23.48275562398035], [-50.65920773576435, -23.482751454453407], [-50.65920980051554, -23.482747452327274], [-50.65921228061207, -23.482743656144624], [-50.65921515216923, -23.482740102464746], [-50.659218387532356, -23.48273682551149], [-50.65922195554312, -23.482733856843694], [-50.65922582183963, -23.482731225051232], [-50.659229949187356, -23.48272895547968], [-50.659234297837706, -23.48272706998623], [-50.659238825910826, -23.4827255867292], [-50.65924348979893, -23.48272451999316], [-50.65924824458629, -23.48272388005135], [-50.65925304448172, -23.482723673066747], [-50.65939873525607, -23.482723991458688], [-50.659399881108996, -23.48272394204528], [-50.65939994010855, -23.482722885379342], [-50.65940005324693, -23.482678830424387], [-50.6594003003917, -23.482674404126666], [-50.65940101670872, -23.482670021486907], [-50.65940219529942, -23.482665724712326], [-50.659403824813275, -23.4826615551832], [-50.65940588955714, -23.48265755305435], [-50.65940836964639, -23.48265375686844], [-50.659411241196366, -23.482650203184836], [-50.659414476552485, -23.482646926227385], [-50.65941804455647, -23.482643957554984], [-50.65942191084651, -23.48264132575755], [-50.65942603818813, -23.482639056180705], [-50.6594303868328, -23.482637170681702], [-50.65943491490073, -23.4826356874189], [-50.659439578784166, -23.482634620676922], [-50.65944433356743, -23.482633980729076], [-50.65944913345938, -23.482633773738396], [-50.65959479382126, -23.48263409187973], [-50.659595989082256, -23.482634038966662], [-50.659596579862466, -23.482633079106304], [-50.659693885176445, -23.48245463112811], [-50.65969433174163, -23.48245370272137]]]}}, {"type": "Feature", "properties": {"id": "SA-152feb", "name": "SA-152feb", "etiqueta": "V16", "hacienda": "Hacienda Santo Antonio", "orden": 21, "estrato": "Vigilancia", "nivel": "Vigilancia", "SI": 0.927, "clorofila_pct_vs_mejor5": 92.7, "area_ha": 0.212, "fecha_img": "2026-07-15", "zona": 21, "tipo": "submuestra", "status": "pending"}, "geometry": {"type": "Point", "coordinates": [-50.659342808990154, -23.482543855117207]}}, {"type": "Feature", "properties": {"id": "SA-d04700", "name": "SA-d04700", "etiqueta": "V17", "hacienda": "Hacienda Santo Antonio", "orden": 22, "estrato": "Vigilancia", "nivel": "Vigilancia", "SI": 0.928, "clorofila_pct_vs_mejor5": 92.8, "area_ha": 0.136, "fecha_img": "2026-07-15", "zona": 22, "clase": "media-baja"}, "geometry": {"type": "Polygon", "coordinates": [[[-50.6581230622747, -23.4841663915208], [-50.6581227581143, -23.484165376122903], [-50.65802627956405, -23.483896277627494], [-50.65802587069136, -23.483895297780137], [-50.65802473385617, -23.483895244867036], [-50.657831283811795, -23.483894820351278], [-50.657830088538915, -23.48389487325067], [-50.657829497740266, -23.483895833103958], [-50.657745253822604, -23.48405032110066], [-50.65774282168453, -23.484054272513852], [-50.657739971401206, -23.484057978519015], [-50.657736731822766, -23.48406140160451], [-50.65773313573973, -23.484064507122334], [-50.65772921955112, -23.484067263638906], [-50.65772502289602, -23.48406964325314], [-50.65772058825235, -23.484071621878925], [-50.65771596050696, -23.484073179488888], [-50.65771118650123, -23.48407430031711], [-50.65770631455696, -23.48407497301874], [-50.65770139398731, -23.484075190784786], [-50.65763491250381, -23.48407504478305], [-50.657633812510554, -23.48407509154659], [-50.657634254297136, -23.48407602189817], [-50.65773064112593, -23.484254893933727], [-50.657731226965716, -23.48425585637016], [-50.657732421955274, -23.484255914517135], [-50.65802377650964, -23.48425655397988], [-50.6580249223762, -23.48425650457675], [-50.65802498138755, -23.48425544791167], [-50.65802509499095, -23.484211392971698], [-50.65802534218515, -23.4842069666776], [-50.65802605855649, -23.484202584045644], [-50.65802723720589, -23.48419828728298], [-50.65802886678227, -23.484194117769768], [-50.658030931591874, -23.484190115660674], [-50.658033411749436, -23.484186319498185], [-50.65803628336967, -23.48418276584142], [-50.65803951879727, -23.484179488913988], [-50.658043086873306, -23.48417652027448], [-50.65804695323526, -23.4841738885125], [-50.658051080647965, -23.48417161897335], [-50.658055429362214, -23.48416973351388], [-50.65805995749753, -23.484168250292097], [-50.65806462144553, -23.48416718359223], [-50.6580693762899, -23.484166543687174], [-50.65807417623892, -23.48416633673953], [-50.658121921455205, -23.48416644146269], [-50.6581230622747, -23.4841663915208]]]}}, {"type": "Feature", "properties": {"id": "SA-d04700", "name": "SA-d04700", "etiqueta": "V17", "hacienda": "Hacienda Santo Antonio", "orden": 22, "estrato": "Vigilancia", "nivel": "Vigilancia", "SI": 0.928, "clorofila_pct_vs_mejor5": 92.8, "area_ha": 0.136, "fecha_img": "2026-07-15", "zona": 22, "tipo": "submuestra", "status": "pending"}, "geometry": {"type": "Point", "coordinates": [-50.657862315182655, -23.484075606341477]}}, {"type": "Feature", "properties": {"id": "SA-be2413", "name": "SA-be2413", "etiqueta": "V18", "hacienda": "Hacienda Santo Antonio", "orden": 23, "estrato": "Vigilancia", "nivel": "Vigilancia", "SI": 1.145, "clorofila_pct_vs_mejor5": 114.5, "area_ha": 0.268, "fecha_img": "2026-07-15", "zona": 23, "clase": "media-baja"}, "geometry": {"type": "Polygon", "coordinates": [[[-50.65568398229427, -23.480638315911143], [-50.65568300573826, -23.480637807705957], [-50.655515462277684, -23.480560073852534], [-50.65551117845323, -23.48055783045902], [-50.65550716069041, -23.48055520138425], [-50.65550344965643, -23.48055221323933], [-50.65550008291382, -23.480548896269852], [-50.65549709454025, -23.480545284049704], [-50.65549451478356, -23.480541413141253], [-50.655492369755656, -23.480537322725272], [-50.65549068116814, -23.48053305420436], [-50.655489466112606, -23.480528650783853], [-50.65548873688762, -23.480524157034537], [-50.65548850087424, -23.48051961844145], [-50.6554888947159, -23.480367985200303], [-50.65548884117615, -23.480366928287122], [-50.65548769561222, -23.480366873838584], [-50.65543993422567, -23.48036676828585], [-50.655435135541126, -23.48036654020335], [-50.65543038420045, -23.480365879366573], [-50.655425725961706, -23.480364792139746], [-50.65542120568632, -23.48036328899347], [-50.65541686690703, -23.480361384403867], [-50.655412751408704, -23.480359096713222], [-50.65540889882584, -23.48035644795323], [-50.65540534626096, -23.48035346363295], [-50.65540212792719, -23.48035017249301], [-50.655399274818826, -23.480346606228938], [-50.65539681441288, -23.480342799185802], [-50.65539477040435, -23.480338788027534], [-50.655393162478155, -23.480334611383817], [-50.65539200611945, -23.480330309477996], [-50.655391312464545, -23.480325923739795], [-50.6553910881937, -23.480321496406287], [-50.65539214133888, -23.479916132202746], [-50.65539208780003, -23.479915075289476], [-50.655390942240054, -23.479915020840284], [-50.65534318101668, -23.47991491525982], [-50.65533838234869, -23.479914687174517], [-50.655333631024696, -23.47991402633495], [-50.6553289728026, -23.47991293910537], [-50.65532445254367, -23.479911435956385], [-50.6553201137805, -23.47990953136418], [-50.65531599829779, -23.479907243671022], [-50.655312145729894, -23.47990459490867], [-50.65530859317918, -23.47990161058618], [-50.655305374858635, -23.47989831944422], [-50.655302521762465, -23.47989475317831], [-50.65530006136751, -23.47989094613356], [-50.65529801736871, -23.479886934973912], [-50.65529640945085, -23.479882758329044], [-50.65529525309902, -23.47987845642234], [-50.65529455944949, -23.479874070683525], [-50.655294335182425, -23.479869643349666], [-50.65529444966897, -23.479825588397567], [-50.655294396130934, -23.479824531484258], [-50.65529325057179, -23.479824477034356], [-50.65519772819151, -23.4798242657997], [-50.65519658236251, -23.479824315182515], [-50.65519652333109, -23.47982537184688], [-50.65519441579256, -23.480636114872784], [-50.655194466472224, -23.48063712947525], [-50.65519547510593, -23.480636721999694], [-50.65531955602761, -23.48057983875447], [-50.65532389936566, -23.48057808409456], [-50.655328406339656, -23.480576725176366], [-50.65533303468293, -23.480575774743862], [-50.65533774099065, -23.480575241710298], [-50.65534248112681, -23.48057513107446], [-50.655347210638126, -23.480575443873906], [-50.655351885171015, -23.480576177175195], [-50.65535646088743, -23.480577324101386], [-50.65536089487607, -23.480578873896523], [-50.65536514555473, -23.480580812026574], [-50.65536917306031, -23.480583120315632], [-50.65537293962262, -23.48058577711643], [-50.655376409918624, -23.48058875751335], [-50.65537955140365, -23.480592033556054], [-50.65538233461666, -23.48059557452164], [-50.655384733456486, -23.480599347202713], [-50.65538672542663, -23.48060331621885], [-50.65538829184624, -23.480607444348387], [-50.65538941802531, -23.480611692877467], [-50.65539009340241, -23.480616021963133], [-50.65539031164377, -23.48062039100695], [-50.655389800416756, -23.4808171599307], [-50.655389857746954, -23.4808182624178], [-50.65539089834872, -23.480818807369946], [-50.65558431511616, -23.480908545460046], [-50.65558538293393, -23.480908980204415], [-50.655585809928496, -23.48090797820579], [-50.65568367618528, -23.480639310866625], [-50.65568398229427, -23.480638315911143]]]}}, {"type": "Feature", "properties": {"id": "SA-be2413", "name": "SA-be2413", "etiqueta": "V18", "hacienda": "Hacienda Santo Antonio", "orden": 23, "estrato": "Vigilancia", "nivel": "Vigilancia", "SI": 1.145, "clorofila_pct_vs_mejor5": 114.5, "area_ha": 0.268, "fecha_img": "2026-07-15", "zona": 23, "tipo": "submuestra", "status": "pending"}, "geometry": {"type": "Point", "coordinates": [-50.65531632557141, -23.480366654244598]}}, {"type": "Feature", "properties": {"id": "SA-3b82be.05", "name": "SA-3b82be.05", "etiqueta": "V19", "hacienda": "Hacienda Santo Antonio", "orden": 24, "estrato": "Vigilancia", "nivel": "Vigilancia", "SI": 1.284, "clorofila_pct_vs_mejor5": 128.4, "area_ha": 0.05, "fecha_img": "2026-07-15", "zona": 24, "clase": "media-baja"}, "geometry": {"type": "Polygon", "coordinates": [[[-50.65539373045963, -23.479282784055346], [-50.65539258490511, -23.479282729606215], [-50.65519913697696, -23.47928230189267], [-50.65519799115264, -23.479282351275558], [-50.65519793212154, -23.47928340793999], [-50.6551972334575, -23.479552187134207], [-50.65519728413688, -23.4795532017368], [-50.65519829276229, -23.479552794261068], [-50.655392214037995, -23.47946389280423], [-50.65539325744875, -23.479463352458573], [-50.655393320506214, -23.479462250237404], [-50.6553937839983, -23.47928384096869], [-50.65539373045963, -23.479282784055346]]]}}, {"type": "Feature", "properties": {"id": "SA-3b82be.05", "name": "SA-3b82be.05", "etiqueta": "V19", "hacienda": "Hacienda Santo Antonio", "orden": 24, "estrato": "Vigilancia", "nivel": "Vigilancia", "SI": 1.284, "clorofila_pct_vs_mejor5": 128.4, "area_ha": 0.05, "fecha_img": "2026-07-15", "zona": 24, "tipo": "submuestra", "status": "pending"}, "geometry": {"type": "Point", "coordinates": [-50.65529562568493, -23.479373045603047]}}]}